time_s,E_uM,S_uM,ES_uM,P_uM,P_reduced_uM
0.0,20.0,100.0,0.0,0.0,0.0
0.1,18.141738332116454,98.12269660028498,1.8582616678835506,0.019041731835258244,0.30758292111555363
0.2,16.53708160391136,96.46443992229655,3.462918396088645,0.07264168147045001,0.6149464807162133
0.30000000000000004,15.147398714473432,94.99127190194231,4.852601285526572,0.1561268122450424,0.9220897929521925
0.4,13.940873173252983,93.6753472950985,6.059126826747018,0.26552587775978853,1.229011967400325
0.5,12.891095917882785,92.49364806276162,7.108904082117216,0.397447854697244,1.5357121089972026
0.6000000000000001,11.975994192474918,91.42700921192979,8.02400580752508,0.5489849801208374,1.8421893180390754
0.7000000000000001,11.177005837413715,90.45937120512367,8.822994162586284,0.7176346318658609,2.1484426901819944
0.8,10.478435357130301,89.57719953934401,9.521564642869697,0.9012358173622322,2.454471316441655
0.9,9.866946328140735,88.76902921833543,10.133053671859264,1.0979171093812472,2.760274283170233
1.0,9.331157478301966,88.02510381901176,10.668842521698032,1.306053658866163,3.065850670738726
1.1,8.861318216241173,87.33708676534826,11.138681783758825,1.5242314504688814,3.371199556043905
1.2000000000000002,8.449045899425474,86.6978284919156,11.550954100574524,1.7512174070858135,3.676320012071031
1.3,8.087111438976656,86.10117719242486,11.912888561023344,1.9859342461277556,3.981211106772676
1.4000000000000001,7.769263115611675,85.54182388829484,12.230736884388325,2.227439226892782,4.285871903068866
1.5,7.490080855755639,85.01517474959758,12.509919144244364,2.4749061057340107,4.590301458847009
1.6,7.24485498104584,84.51724522841913,12.755145018954162,2.727609752202676,4.894498826961865
1.7000000000000002,7.029484767034895,84.04457178134106,12.970515232965102,2.984912985269793,5.198463055235621
1.8,6.840393156470432,83.5941378833537,13.159606843529565,3.2462552726926823,5.502193186457845
1.9000000000000001,6.674454671468968,83.16331167677826,13.325545328531028,3.5111429942666543,5.805688258385501
2.0,6.528934328664049,82.74979328597264,13.471065671335946,3.779141042267358,6.108947303742923
2.1,6.401435570304445,82.35157002559015,13.59856442969555,4.049865544290246,6.411969350221852
2.2,6.289855779000164,81.96687822727687,13.710144220999833,4.3229775512992505,6.714753420481415
2.3000000000000003,6.192348132861978,81.59417058275972,13.80765186713802,4.598177549678223,7.017298532148118
2.4000000000000004,6.107288806274864,81.23208812426064,13.892711193725132,4.875200681590195,7.319603697815893
2.5,6.033248687847377,80.8794361125874,13.966751312152619,5.1538125748359445,7.621667925046026
2.6,5.968968933688577,80.53516323433851,14.031031066311417,5.433805698926018,7.923490216367213
2.7,5.913339788423082,80.19834361147483,14.086660211576913,5.714996176524217,8.225069569275504
2.8000000000000003,5.865382199689136,79.86816120945399,14.13461780031086,5.9972209898111,8.526404976234403
2.9000000000000004,5.8242318280672185,79.54389629760487,14.175768171932777,6.280335530038311,8.827495424674751
3.0,5.78912511638538,79.22491367017456,14.210874883614613,6.564211445786764,9.128339896994788
3.1,5.759387133819788,78.91065238179661,14.240612866180205,6.848734751599128,9.428937370464084
3.2,5.734420954075489,78.60061678959697,14.265579045924506,7.13380416405449,9.729286814393134
3.3000000000000003,5.713698361453388,78.29436872438609,14.286301638546606,7.419329636643269,10.029387194287125
3.4000000000000004,5.696751711005773,77.99152064158953,14.30324828899422,7.705231068992241,10.329237471457915
3.5,5.683166791374133,77.69172962211745,14.316833208625859,7.991437168832674,10.628836601596333
3.6,5.672576538572607,77.39469209351569,14.327423461427385,8.277884444632928,10.928183534772302
3.7,5.664655551914918,77.10013922935615,14.335344448085074,8.564516322134768,11.227277215434754
3.8000000000000003,5.659115245211987,76.80783288479954,14.340884754788005,8.851282359988437,11.526116582411646
3.9000000000000004,5.655699575856779,76.51756201962738,14.344300424143212,9.138137555805375,11.824700568910004
4.0,5.6541812965010285,76.22913956157278,14.345818703498963,9.42504173450423,12.12302810251586
4.1000000000000005,5.654358642843541,75.94239963657992,14.345641357156449,9.711959005839622,12.421098105194275
4.2,5.656052415557773,75.65719513050227,14.343947584442217,9.998857284631493,12.718909493289374
4.3,5.65910340474824,75.37339553850495,14.340896595251749,10.285707865819269,13.016461177524306
4.4,5.663370114817561,75.09088506658361,14.336629885182429,10.572485047809932,13.313752063001232
4.5,5.668726755178288,74.80956095603054,14.331273244821702,10.859165798723726,13.610781049201393
4.6000000000000005,5.675061464141306,74.52933200327206,14.324938535858685,11.145729460445223,13.907547029985011
4.7,5.682274737527522,74.25011725110213,14.317725262472468,11.432157486001362,14.204048893591391
4.800000000000001,5.690278039644308,73.97184483254117,14.309721960355683,11.718433206679114,14.500285522638848
4.9,5.6989925728342685,73.6944509472407,14.30100742716572,12.004541625169555,14.796255794124733
5.0,5.7083481881983005,73.41787895585477,14.291651811801687,12.290469231919499,15.091958579425437
5.1000000000000005,5.718282420709952,73.14207857828438,14.281717579290033,12.576203842001531,15.387392744296406
5.2,5.728739634164093,72.8670051835722,14.271260365835893,12.861734450167857,15.682557148743712
5.300000000000001,5.739670262941992,72.59261916054308,14.260329737057996,13.147051101974894,15.977450644494596
5.4,5.751030141221671,72.3188853613291,14.248969858778315,13.432144779468562,16.272072078882175
5.5,5.762779906440099,72.04577260675075,14.237220093559888,13.717007299265351,16.566420294141807
5.6000000000000005,5.77488446307874,71.77325324190187,14.225115536921246,14.001631220752854,16.86049412631222
5.7,5.787312519378276,71.50130275245358,14.212687480621709,14.286009766500685,17.15429240523561
5.800000000000001,5.800036173615648,71.22989942216022,14.199963826384337,14.570136751031402,17.44781395455753
5.9,5.8130305395721384,70.95902402291726,14.186969460427845,14.854006516230838,17.741057591726985
6.0,5.826273415712375,70.68865954115259,14.173726584287607,15.13761387413575,18.034022127996366
6.1000000000000005,5.8397449929067395,70.41879093623211,14.160255007093243,15.420954056250608,18.326706368421455
6.2,5.853427596293948,70.14940492719107,14.146572403706037,15.70402266867884,18.619109111861476
6.300000000000001,5.867305452888643,69.8804898008102,14.132694547111342,15.986815651654409,18.911229150979068
6.4,5.881364485595198,69.61203524159262,14.118635514404783,16.26932924357854,19.203065272240224
6.5,5.89559212992991,69.34403218056222,14.104407870070071,16.55155994894365,19.494616255914423
6.6000000000000005,5.909977171207361,69.0764726610087,14.09002282879262,16.83350450977462,19.785880876074472
6.7,5.924509599510141,68.8093497189523,14.075490400489839,17.115159880133785,20.07685790059665
6.800000000000001,5.939180480238502,68.54265727650203,14.060819519761477,17.396523203312427,20.36754609116062
6.9,5.953981839283639,68.2763900473096,14.04601816071634,17.677591791549975,20.657944203249457
7.0,5.9689065598761095,68.01054345167353,14.031093440123872,17.958363107778528,20.94805098614964
7.1000000000000005,5.9839482915873,67.74511354168465,14.016051708412682,18.23883474947861,21.237865182951055
7.2,5.999101368667059,67.48009693408196,14.000898631332921,18.51900443416105,21.527385529989928
7.300000000000001,6.01436073740203,67.21549075055525,13.98563926259795,18.79886998642274,21.81661075541645
7.4,6.0297218912971955,66.95129256450171,13.970278108702786,19.07842932637143,22.10553958282371
7.5,6.045180813364448,66.68750035364314,13.954819186635534,19.357680459297253,22.394170729350222
7.6000000000000005,6.060733924663693,66.4241124577958,13.93926607533629,19.636621466443838,22.68250290540601
7.7,6.076378037877165,66.16112754079951,13.923621962122818,19.915250496653606,22.97053481467259
7.800000000000001,6.0921103144181235,65.89854455531918,13.907889685581859,20.193565758674886,23.25826515410303
7.9,6.10792822822665,65.6363627131901,13.892071771773331,20.471565514612497,23.545692613921887
8.0,6.123829536588184,65.37458146156624,13.876170463411798,20.749248074597894,23.832815877625222
8.1,6.139812248649501,65.11320045710066,13.86018775135048,21.0266117911248,24.119633621980626
8.200000000000001,6.155874598910262,64.85221954424411,13.844125401089721,21.303655054242107,24.406144517027215
8.3,6.172015023387756,64.59163873574703,13.827984976612226,21.5803762872167,24.692347226075597
8.4,6.1882321381193,64.33145819507804,13.81176786188068,21.856773942617217,24.97824040570788
8.5,6.204524721606159,64.07167822209779,13.795475278393821,22.132846499084327,25.26382270577774
8.6,6.220891697854048,63.81229923920133,13.779108302145932,22.408592458228668,25.549092769410308
8.700000000000001,6.237332121307348,63.553321779008876,13.762667878692634,22.684010341874426,25.83404923300226
8.8,6.253845163290002,63.29474647329493,13.746154836709978,22.959098689571025,26.118690726221786
8.9,6.270430099738478,63.036574042972795,13.729569900261504,23.23385605634163,26.403015872008567
9.0,6.287086300727786,62.77880528955433,13.712913699272196,23.508281010749407,26.68702328655928
9.1,6.303813220705428,62.52144108718977,13.696186779294555,23.78237213309161,26.970711577848235
9.200000000000001,6.320610389879312,62.26448237564596,13.679389610120671,24.056128013809307,27.254079347293327
9.3,6.337477406427445,62.00793015395622,13.662522593572538,24.329547252047174,27.537125190098237
9.4,6.354413929453922,61.75178547467909,13.645586070546061,24.60262845435078,27.819847694279062
9.5,6.371419672933189,61.49604943896282,13.628580327066794,24.875370233546317,28.10224544066419
9.600000000000001,6.388494399967454,61.240723191868796,13.61150560003253,25.147771207674605,28.384317002894406
9.700000000000001,6.40563791779368,60.98580791830484,13.594362082206304,25.419829999064785,28.66606094742285
9.8,6.422850073268639,60.73130483934741,13.577149926731344,25.691545233497173,28.947475833515
9.9,6.4401307491210895,60.47721520918876,13.559869250878894,25.962915539508273,29.2285602132487
10.0,6.457479859732276,60.223540311699715,13.542520140267708,26.233939547608507,29.509312631514163
10.100000000000001,6.474897348631065,59.97028145838417,13.525102651368918,26.504615889822844,29.789731626013932
10.200000000000001,6.4923831835911585,59.71743998438665,13.507616816408825,26.774943198780456,30.06981572726292
10.3,6.509937357068305,59.465017248840596,13.490062642931678,27.044920107803662,30.349563458588392
10.4,6.527559879928768,59.21301462976205,13.472440120071214,27.314545249742668,30.628973336129974
10.5,6.545250784326481,58.96143352638087,13.454749215673502,27.583817257521563,30.90804386883967
10.600000000000001,6.563010116632002,58.71027535338497,13.436989883367982,27.85273476282299,31.18677355848179
10.700000000000001,6.580837940437893,58.459541543347825,13.41916205956209,28.12129639666603,31.465160899633034
10.8,6.59873433114048,58.20923354232234,13.401265668859505,28.389500788394102,31.743204379229383
10.9,6.616699377209967,57.95935281084807,13.383300622790017,28.657346565937857,32.02090247611085
11.0,6.634733176697192,57.70990082111331,13.365266823302791,28.924832355159843,32.29825366268277
11.100000000000001,6.652835838004946,57.460879057552724,13.347164161995037,29.19195678002818,32.57525640387003
11.200000000000001,6.671007476862561,57.212289014387906,13.328992523137421,29.45871846205062,32.85190915705505
11.3,6.689248217573166,56.9641321966119,13.310751782426816,29.72511602053723,33.12821037207769
11.4,6.707558190064373,56.7164101175873,13.29244180993561,29.991148072053033,33.40415849123535
11.5,6.725937531119527,56.46912430001758,13.274062468880455,30.256813230677903,33.679751949282874
11.600000000000001,6.744386382033608,56.22227627403357,13.255613617966375,30.522110107576008,33.95498917343265
11.700000000000001,6.762904889231752,55.975867577665205,13.237095110768232,30.787037311142516,34.229868583354474
11.8,6.7814932027795365,55.72989975561965,13.218506797220448,31.051593446735858,34.50438859117571
11.9,6.8001514764545306,55.48437435930783,13.199848523545453,31.31577711672267,34.77854760148115
12.0,6.818879866863889,55.239292946111924,13.181120133136096,31.57958692032793,35.052344011313124
12.100000000000001,6.837678533292058,54.994657079231374,13.162321466707926,31.843021453636652,35.32577621017144
12.200000000000001,6.8565476371404115,54.75046832720614,13.143452362859573,32.106079309510235,35.598842580013354
12.3,6.875487341681728,54.50672826368932,13.124512658318256,32.36875907756838,35.87154149525365
12.4,6.894497811719278,54.263438467141874,13.105502188280706,32.63105934415337,36.14387132270637
12.5,6.91357921323684,54.02060052052327,13.086420786763144,32.892978692289546,36.41583042095657
12.600000000000001,6.932731713467558,53.77821601130224,13.067268286532427,33.154515701741296,36.68741714128441
12.700000000000001,6.95195548000528,53.53628653073155,13.048044519994704,33.4156689488497,36.95862982739422
12.8,6.971250680595335,53.294813673645464,13.028749319404648,33.676437006525845,37.229466815230346
12.9,6.990617484521902,53.05379903948691,13.009382515478084,33.936818444610964,37.49992643297723
13.0,7.01005605963557,52.81324422997708,12.989943940364416,34.196811829234456,37.770007001059334
13.100000000000001,7.029566573464489,52.57315084992979,12.970433426535497,34.456415723110666,38.039706832141185
13.200000000000001,7.049149195525527,52.333520508992756,12.95085080447446,34.715628686108744,38.30902423112735
13.3,7.068804092450013,52.09435481784826,12.931195907549974,34.97444927417772,38.57795749516247
13.4,7.088531430627964,51.85565539021037,12.911468569372023,35.23287603999357,38.846504913631215
13.5,7.108331377502674,51.617423843732794,12.891668622497312,35.49090753334586,39.11466476815832
13.600000000000001,7.128204097837757,51.37966179716964,12.87179590216223,35.7485423002441,39.38243533260858
13.700000000000001,7.148149755869103,51.14237087193869,12.851850244130883,36.0057788835064,39.64981487308681
13.8,7.168168515649372,50.905552692332904,12.831831484350614,36.26261582289246,39.91680164793791
13.9,7.188260539171348,50.66920888406955,12.811739460828639,36.51905165467779,40.18339390774681
14.0,7.208425987391845,50.43334107500678,12.791574012608141,36.775084911961045,40.44958989524694
14.100000000000001,7.2286650200996,50.1979508949464,12.771334979900386,37.03071412472919,40.71538784525846
14.200000000000001,7.248977795354133,49.963039975256,12.751022204645853,37.28593781967412,40.98078598485907
14.3,7.269364469716941,49.72860994892428,12.730635530283045,37.540754520368644,41.245782533320494
14.4,7.289825198589807,49.49466245068633,12.710174801410178,37.79516274747946,41.51037570210785
14.5,7.310360134963085,49.26119911624118,12.6896398650369,38.04916101829789,41.774563694879696
14.600000000000001,7.330969430078391,49.02822158256028,12.669030569921594,38.302747847094096,42.03834470748799
14.700000000000001,7.351653233120078,48.795731487642485,12.648346766879909,38.555921745053574,42.30171692797809
14.8,7.3724116924873595,48.56373047124102,12.627588307512626,38.80868122082231,42.564678536588815
14.9,7.393244954302078,48.33222017387395,12.606755045697907,39.061024780004104,42.82722770575236
15.0,7.414153161275451,48.10120223605749,12.585846838724535,39.31295092479394,43.08936260009435
15.100000000000001,7.435136454379041,47.870678299280634,12.564863545620945,39.56445815467438,43.351081376433825
15.200000000000001,7.4561949722915895,47.640650005589364,12.543805027708396,39.815544966278196,43.61238218378324
15.3,7.4773288544021055,47.41111899918396,12.522671145597881,40.06620985479412,43.87326316334846
15.4,7.498538233834101,47.18208692247615,12.501461766165885,40.31645131093392,44.13372244855763
15.5,7.519823242576615,46.9535554188679,12.48017675742337,40.56626782328469,44.39375816533895
15.600000000000001,7.541184010057444,46.72552613188932,12.458815989942542,40.8156578777441,44.6533684315549
15.700000000000001,7.562620664173204,46.49800070563982,12.43737933582678,41.06461995810937,44.912551357290425
15.8,7.584133330470173,46.27098078430382,12.415866669529812,41.31315254574233,45.17130504498013
15.9,7.605722130487429,46.04446801124741,12.394277869512555,41.561254118816,45.42962758940826
16.0,7.627387183727966,45.81846402993029,12.372612816272019,41.808923153373655,45.68751707770873
16.1,7.6491286069632665,45.592970483483505,12.350871393036718,42.056158123055745,45.94497158936507
16.2,7.670946514453165,45.36798901417316,12.32905348554682,42.30295749985599,46.201989196210455
16.3,7.692841017307612,45.143521264187314,12.307158982692373,42.549319752696285,46.45856796242773
16.400000000000002,7.714812223851504,44.919568874876184,12.285187776148483,42.7952433485513,46.714705944549365
16.5,7.736860239463711,44.69613348680311,12.263139760536275,43.04072675223658,46.97040119145748
16.6,7.758985166362298,44.47321673929797,12.241014833637688,43.28576842664032,47.22565174438385
16.7,7.781187103577347,44.25082027041753,12.218812896422639,43.53036683273581,47.48045563690987
16.8,7.803466147263891,44.028945717656796,12.196533852736096,43.77452042918308,47.73481089514128
16.900000000000002,7.8258223902447694,43.80759471695971,12.174177609755215,44.01822767286104,47.98871553821546
17.0,7.848255922066781,43.58676890286339,12.151744077933206,44.26148701877938,48.24216757709374
17.1,7.870766829169053,43.36646990803252,12.129233170830933,44.50429692071251,48.49516501535478
17.2,7.893355194376385,43.14669936382399,12.106644805623601,44.746655830128375,48.747705849315096
17.3,7.916021097125856,42.92745889973233,12.08397890287413,44.98856219696951,48.99978806802913
17.400000000000002,7.938764613368622,42.708750143331,12.061235386631365,45.23001446961359,49.25140965328919
17.5,7.961585815666245,42.4905747201188,12.03841418433374,45.47101109512342,49.50256857962548
17.6,7.984484773205979,42.272934253377,12.015515226794006,45.71155051940496,49.75326281430612
17.7,8.00746155111017,42.05583036426007,11.992538448889816,45.95163118642608,50.0034903173371
17.8,8.0305162109822,41.83926467147728,11.969483789017787,46.191251539080895,50.25324904146233
17.900000000000002,8.053648810680148,41.62323879122989,11.946351189319838,46.43041001902623,50.5025369321636
18.0,8.076859404290284,41.40775433655501,11.923140595709702,46.66910506731126,50.751351927660565
18.1,8.100148042021269,41.19281291816821,11.899851957978717,46.907335123429036,50.99969195913078
18.2,8.12351477017613,40.97841614383624,11.876485229823857,47.145098625915864,51.24755495160043
18.3,8.146959631099367,40.764565618219464,11.853040368900619,47.38239401245588,51.49493882215829
18.400000000000002,8.170482662937392,40.55126294232958,11.829517337062594,47.619219720183786,51.74184148105795
18.5,8.194083899407833,40.33850971293893,11.805916100592153,47.855574186044876,51.98826083193585
18.6,8.217763370764978,40.12630752515514,11.782236629235008,48.091455845185806,52.23419477181126
18.7,8.24152110280061,39.91465796979673,11.758478897199376,48.32686313257985,52.47964119108629
18.8,8.265357117060466,39.70356263398556,11.73464288293952,48.561794482650875,52.7245979735459
18.900000000000002,8.289271430791054,39.49302310102596,11.710728569208932,48.79624832934106,52.96906299635787
19.0,8.31326405688649,39.28304095028369,11.686735943113495,49.030223106178774,53.21303413007283
19.1,8.337335003409596,39.07361775556024,11.66266499659039,49.263717247425326,53.45650923862425
19.200000000000003,8.361484273204352,38.86475508379014,11.638515726795633,49.49672918899019,53.69948617932843
19.3,8.385711866244183,38.65645450340758,11.614288133755803,49.729257362412575,53.941962802906595
19.400000000000002,8.41001777716602,38.4487175756978,11.589982222833966,49.96130020104419,54.18393695483651
19.5,8.434401995946569,38.241545857254266,11.565598004053417,50.192856138268276,54.425406473819066
19.6,8.4588645078472,38.03494089985075,11.541135492152787,50.42392360757242,54.666369191991514
19.700000000000003,8.48340529335882,37.828904250313556,11.516594706641166,50.654501042621234,54.90682293579435
19.8,8.508024327611285,37.62343744811254,11.4919756723887,50.88458687907472,55.14676552597133
19.900000000000002,8.532721579823399,37.418542023125035,11.467278420176585,51.11417955627434,55.38619477756951
20.0,8.557497016478415,37.21421950927026,11.44250298352157,51.34327750678413,55.62510849993918
20.1,8.582350598031887,37.010471430591885,11.417649401968097,51.57187916701597,55.86350449673394
20.200000000000003,8.607282279835692,36.80729930530131,11.392717720164292,51.79998297411035,56.10138056591062
20.3,8.63229201207948,36.60470464563516,11.367707987920504,52.0275873660203,56.338734499729334
20.400000000000002,8.657379739732125,36.40268895771271,11.342620260267859,52.254690781595386,56.57556408475349
20.5,8.682545402320125,36.20125373954409,11.317454597679859,52.481291662352,56.81186710206702
20.6,8.707788933687151,36.00040047882426,11.292211066312833,52.70738845443886,57.047641328890045
20.700000000000003,8.733110262995512,35.80013066481466,11.266889737004472,52.93297959775683,57.28288453604192
20.8,8.758509313617997,35.60044577629485,11.241490686381987,53.15806353689912,57.51759448937539
20.900000000000002,8.783986003395434,35.40134728500548,11.21601399660455,53.382638717965925,57.75176895025418
21.0,8.809540244576983,35.20283665549297,11.190459755423001,53.60670358865998,57.98540567555289
21.1,8.835171943760475,35.00491534495418,11.164828056239509,53.83025659838227,58.218502417657135
21.200000000000003,8.860881001817061,34.80758480182401,11.139118998182923,54.05329619956903,58.451056924463415
21.3,8.886667313810735,34.61084646394839,11.11333268618925,54.27582084943832,58.683066939379195
21.400000000000002,8.912530769048448,34.414701767249454,11.087469230951536,54.49782900137497,58.91453020132289
21.5,8.93847125091305,34.219152136944636,11.061528749086934,54.71931911354439,59.14544444472384
21.6,8.96448863683579,34.02419898997627,11.035511363164193,54.940289646435495,59.37580739962017
21.700000000000003,8.990582798236513,33.82984373484719,11.00941720176347,55.160739062965305,59.60561679358843
21.8,9.016753600463874,33.63608777145625,10.98324639953611,55.380665828583595,59.834870349345834
21.900000000000002,9.043000902820618,33.44293249005102,10.956999097179366,55.600068412345564,60.06356578577006
22.0,9.06932455863685,33.250379269682824,10.930675441363134,55.818945288529996,60.29170081874854
22.1,9.095724414565314,33.05842948473365,10.90427558543467,56.03729492940763,60.51927316117847
22.200000000000003,9.122200311144852,32.86708449828508,10.877799688855132,56.25511581243575,60.74628052296681
22.3,9.148752082554704,32.67634566388267,10.85124791744528,56.472406418248006,60.97272061103027
22.400000000000002,9.175379556555368,32.486214325364756,10.824620443444616,56.689165230766584,61.19859112929534
22.5,9.20208255442944,32.296691816691286,10.797917445570544,56.90539073731412,61.423889778698246
22.6,9.22886089106796,32.107779460960366,10.771139108932024,57.12108142968357,61.648614257185
22.700000000000003,9.255714375176078,31.919478568758517,10.744285624823906,57.33623580599353,61.872762260388136
22.8,9.282642808021434,31.731790444647245,10.71735719197855,57.55085236295016,62.096331482965965
22.900000000000002,9.30964598451457,31.544716380629513,10.690354015485415,57.76492960346103,62.31931961591458
23.0,9.336723692811404,31.358257657867757,10.66327630718858,57.97846603451962,62.54172434882697
23.1,9.363875714255267,31.172415546506116,10.636124285744717,58.191460167325125,62.76354337009149
23.200000000000003,9.391101823318904,30.987191305492736,10.60889817668108,58.40391051740214,62.98477436689181
23.3,9.418401787788904,30.80258618166188,10.581598212211079,58.615815605703,63.20541502520694
23.400000000000002,9.445775369217516,30.61860140799943,10.554224630782466,58.827173960794056,63.42546302981127
23.5,9.47322232071284,30.435238210036058,10.526777679287143,59.03798411025276,63.64491606427447
23.6,9.50074238891533,30.252497799456947,10.499257611084651,59.24824458903436,63.86377181096161
23.700000000000003,9.528335313338355,30.070381375760736,10.471664686661628,59.45795393715359,64.08202795152907
23.8,9.556000826312262,29.888890126075516,10.44399917368772,59.66711069981272,64.29968216877771
23.900000000000002,9.583738652928476,29.708025224974794,10.416261347071506,59.875713427529654,64.51673214373373
24.0,9.61154851135958,29.527787833771406,10.388451488640403,60.08376067716414,64.73317555792275
24.1,9.639430113712065,29.34817909907173,10.360569886287918,60.29125101421631,64.94901009372535
24.200000000000003,9.66738316234878,29.169200157620587,10.332616837651202,60.49818300430417,65.16423343437717
24.3,9.695407353222459,28.990852131410783,10.304592646777524,60.70455522138765,65.37884326396872
24.400000000000002,9.723502374821974,28.81313612888457,10.276497625178008,60.91036624551338,65.59283726744559
24.5,9.751667908119796,28.63605324474504,10.248332091880187,61.115614662950726,65.80621313060828
24.6,9.779903626519436,28.459604559767392,10.220096373480546,61.32029906632802,66.01896854011235
24.700000000000003,9.808209196290312,28.28379114035216,10.19179080370967,61.524418055514126,66.23110118489896
24.8,9.836584277863023,28.1086140376227,10.163415722136959,61.7279702398163,66.44260875623854
24.900000000000002,9.865028520673325,27.934074289939296,10.134971479326657,61.93095423031001,66.65348894638322
25.0,9.893541567839723,27.760172920205434,10.10645843216026,62.13336864721026,66.86373945073682
25.1,9.92212305472413,27.58691093641353,10.077876945275852,62.33521211788657,67.07335796787117
25.200000000000003,9.950772608883943,27.414289331453844,10.04922739111604,62.53648327700608,67.28234219952614
25.3,9.979489850024107,27.242309082923313,10.020510149975875,62.73718076667677,67.4906898506096
25.400000000000002,10.008274390509508,27.070971152888166,9.991725609490475,62.93730323719731,67.69839862919741
25.5,10.037125837085357,26.90027648754679,9.962874162914625,63.13684934911454,67.90546624653345
25.6,10.066043784435927,26.73022601756651,9.933956215564056,63.33581776644539,68.11189041786444
25.700000000000003,10.095027821007628,26.560820657407678,9.904972178992354,63.53420716317592,68.31766886386644
25.8,10.124077527246637,26.392061305274122,9.875922472753345,63.732016221548484,68.52279930825088
25.900000000000002,10.153192475556631,26.22394884292151,9.846807524443351,63.9292436322111,68.72727948027128
26.0,10.182372230256517,26.0564841354658,9.817627769743465,64.12588809436669,68.93110711488762
26.1,10.211616348168441,25.889668031325197,9.788383651831541,64.32194831641921,69.13427995276635
26.200000000000003,10.240924380842506,25.723501362509047,9.759075619157477,64.51742301790942,69.33679574028037
26.3,10.270295866654385,25.55798494276031,9.729704133345598,64.71231092347004,69.53865222950901
26.400000000000002,10.299730337917351,25.393119568880284,9.700269662082631,64.90661076861304,69.73984717823814
26.5,10.329227318758814,25.22890602009593,9.670772681241168,65.10032129823885,69.94037835131782
26.6,10.358786325084871,25.065345057869678,9.641213674915111,65.29344126679116,70.14024352103567
26.700000000000003,10.388406864544839,24.902437425709312,9.611593135455143,65.48596943841149,70.33944046586483
26.8,10.41808843720783,24.74018384930344,9.581911562792152,65.67790458748036,70.53796697269074
26.900000000000002,10.447830538445356,24.57858503766583,9.552169461554627,65.86924550035549,70.73582083683495
27.0,10.477632649157183,24.417641678491506,9.522367350842801,66.05999097024164,70.93299986205503
27.1,10.507494244525189,24.25735444198616,9.492505755474793,66.250139802115,71.12950186054462
27.200000000000003,10.537414791430582,24.097723979511066,9.4625852085694,66.43969081149548,71.32532465293338
27.3,10.567393748426666,23.938750923396707,9.432606251573317,66.62864282460592,71.52046606860819
27.400000000000002,10.597430565711642,23.780435886756333,9.40256943428834,66.81699467853127,71.7149239479205
27.5,10.627524685878544,23.622779463817267,9.372475314121438,67.00474522163724,71.90869613982234
27.6,10.657675547519922,23.46578223215347,9.34232445248006,67.1918933149424,72.10178050405337
27.700000000000003,10.68788257349593,23.30944474470336,9.312117426504052,67.37843782836853,72.29417491167061
27.8,10.718145181385323,23.15376753656236,9.28185481861466,67.56437764439892,72.48587724504843
27.900000000000002,10.748462780432382,22.99875112278114,9.2515372195676,67.7497116572272,72.67688539787858
28.0,10.778834771529379,22.84439599818573,9.221165228470603,67.9344387729196,72.86719727517013
28.1,10.80926054719904,22.690702637197525,9.190739452800942,68.11855790957748,73.05681079343643
28.200000000000003,10.83973949238158,22.53767149433088,9.160260507618402,68.30206799762666,73.24572388291139
28.3,10.870270988713072,22.38530300763043,9.12972901128691,68.48496798065861,73.43393448555769
28.400000000000002,10.900854401101254,22.233597587202308,9.099145598898728,68.6672568134749,73.62144055693865
28.5,10.931489089616742,22.082555625061797,9.06851091038324,68.84893346413091,73.80824006692471
28.6,10.962174406048575,21.932177492067783,9.037825593951407,69.02999691355676,73.99433099969345
28.700000000000003,10.992909693897534,21.78246353775198,9.007090306102448,69.21044615572151,74.17971135372952
28.8,11.023694288369466,21.633414090148133,8.976305711630516,69.3902801977973,74.36437914182474
28.900000000000002,11.054527516918562,21.485029456163726,8.94547248308142,69.5694980603308,74.54833239156012
29.0,11.085408703146758,21.337309925262467,8.914591296853224,69.74809877746026,74.73156914714487
29.1,11.116337156440704,21.19025575907718,8.883662843559279,69.9260813969395,74.91408746759836
29.200000000000003,11.147312180527928,21.04386719968607,8.852687819472054,70.10344498041783,75.09588542901506
29.3,11.178333071157876,20.898144467160897,8.821666928842106,70.28018860357295,75.276961124849
29.400000000000002,11.209399116111795,20.753087759417163,8.790600883888187,70.4563113562706,75.45731266591386
29.5,11.240509594045424,20.608697251349625,8.759490405954558,70.63181234227177,75.63693818038288
29.6,11.271663777133574,20.464973096295683,8.728336222866409,70.80669068041387,75.81583581379905
29.700000000000003,11.302860929058799,20.321915424647997,8.697139070941184,70.98094550398677,75.99400373077381
29.8,11.334100305562185,20.179524344035855,8.665899694437798,71.15457596110231,76.17144011438451
29.900000000000002,11.365381154459396,20.037799939179095,8.634618845540587,71.32758121485628,76.34814316686474
30.0,11.396702717037854,19.896742273588625,8.603297282962128,71.4999604430252,76.52411111087609
30.1,11.428064225297053,19.75635138570932,8.57193577470293,71.6717128391637,76.69934218950809
30.200000000000003,11.459464903749254,19.616627291160018,8.540535096250728,71.84283761216521,76.87383466627821
30.3,11.490903969252921,19.477569982343297,8.509096030747061,72.01333398648559,77.04758682513194
30.400000000000002,11.522380630926175,19.339179428162286,8.477619369073807,72.18320120233986,77.22059697146852
30.5,11.553894093231508,19.201455577394917,8.446105906768475,72.35243851541256,77.39286343278226
30.6,11.58544355064695,19.06439835242057,8.414556449353032,72.52104519780234,77.56438455825703
30.700000000000003,11.617028189887197,18.928007651604112,8.382971810112785,72.68902053785905,77.73515872052369
30.8,11.648647190881293,18.792283350254028,8.351352809118689,72.85636384020323,77.9051843156786
30.900000000000002,11.680299726215681,18.65722529982087,8.319700273784301,73.02307442597078,78.07445976328376
31.0,11.71198496220514,18.522833329343097,8.288015037794842,73.189151632438,78.24298350636666
31.1,11.743702057507287,18.389107243164233,8.256297942492695,73.35459481391901,78.41075401246746
31.200000000000003,11.775450163106035,18.256046820728056,8.224549836893948,73.51940334195393,78.57776977406789
31.3,11.807228423293449,18.123651817889147,8.192771576706534,73.68357660498025,78.74402930856235
31.400000000000002,11.839035975359934,17.99192196626285,8.160964024640048,73.84711400867303,78.90953115976643
31.5,11.870871950435623,17.860856974473585,8.12912804956436,74.010014975538,79.07427389792284
31.6,11.902735472848502,17.730456526867286,8.09726452715148,74.17227894555717,79.23825611970139
31.700000000000003,11.934625659247907,17.60072028182286,8.065374340752076,74.333905377001,79.4014764482465
31.8,11.966541620059349,17.471647874049133,8.033458379940633,74.49489374558617,79.56393353463594
31.900000000000002,11.998482459088994,17.343238913718498,8.001517540910989,74.65524354494646,79.725626057276
32.0,12.030447274198027,17.215492987477816,7.969552725801955,74.81495428629617,79.88655272314055
32.1,12.062435157317191,17.08840965827921,7.937564842682791,74.97402549861394,80.04671226847324
32.2,12.0944451927072,16.9619884620742,7.9055548072927815,75.13245673020896,80.20610345878747
32.300000000000004,12.126476458942149,16.836228911165396,7.873523541057834,75.2902475473527,80.36472508886646
32.4,12.158528028407042,16.71113049311289,7.841471971592939,75.4473975348701,80.52257598325184
32.5,12.190598967919975,16.586692671580497,7.809401032080009,75.60390629591544,80.67965499723937
32.6,12.222688339564561,16.462914887531,7.777311660435422,75.75977345160952,80.83596101648031
32.7,12.254795197379828,16.3397965535492,7.745204802620155,75.91499864340659,80.99149295850862
32.800000000000004,12.28691859051654,16.217337058892124,7.713081409483443,76.06958153120037,81.14624977281234
32.9,12.319057562448975,16.095535767995692,7.680942437551008,76.22352179402924,81.30023044083356
33.0,12.351211151395596,15.97439202099743,7.648788848604388,76.37681912997412,81.45343397611997
33.1,12.383378392042,15.853905136461224,7.616621607957985,76.52947325515673,81.60585942549388
33.2,12.415558310988716,15.73407440349203,7.584441689011267,76.68148390707265,81.75750586855007
33.300000000000004,12.447749930699045,15.614899088222318,7.552250069300939,76.8328508420527,81.9083724190578
33.4,12.479952268544912,15.496378432010383,7.520047731455073,76.9835738361105,82.05845822523072
33.5,12.512164336982705,15.378511651572163,7.48783566301728,77.1336526849865,82.20776246972702
33.6,12.54438514555726,15.261297942741713,7.455614854442723,77.28308720239151,82.35628436972894
33.7,12.576613696585197,15.144736471686306,7.423386303414789,77.43187722447485,82.50402317794341
33.800000000000004,12.608848988718558,15.028826381762471,7.391151011281427,77.58002260653204,82.65097818226404
33.9,12.64109001613594,14.913566791693402,7.358909983864044,77.7275232240185,82.7971487069704
34.0,12.673335768650562,14.798956795566303,7.326664231349422,77.87437897266022,82.94253411305205
34.1,12.705585233354311,14.684995466493069,7.294414766645675,78.0205897664372,83.0871337982085
34.2,12.73783739153602,14.571681849000147,7.2621626084639646,78.16615554211182,83.23094719695307
34.300000000000004,12.770091221002247,14.45901496430307,7.229908778997737,78.31107625627513,83.373973781435
34.4,12.802345695804435,14.346993809395443,7.19765430419555,78.45535188598495,83.51621306120536
34.5,12.83459978627939,14.23561735688505,7.165400213720593,78.59898242897029,83.65766458433646
34.6,12.866852460560294,14.124884558309788,7.13314753943969,78.74196790182647,83.79832793762522
34.7,12.899102682129195,14.014794338090587,7.100897317870789,78.88430834361458,83.9382027465933
34.800000000000004,12.931349411209686,13.905345596567365,7.068650588790297,79.02600381421829,84.07728867570047
34.9,12.963591605104982,13.79653721054062,7.036408394895002,79.16705439414032,84.21558542887668
35.0,12.995828218105059,13.68836803279368,7.004171781894925,79.30746018488735,84.35309274955074
35.1,13.028058202884628,13.58083689506311,6.971941797115358,79.44722130739747,84.48981042157038
35.2,13.060280508695767,13.473942603624458,6.939719491304218,79.58633790464727,84.62573826925099
35.300000000000004,13.092494081763245,13.367683939952617,6.9075059182367395,79.72481014138658,84.7608761573789
35.4,13.124697866304166,13.262059662820617,6.875302133695819,79.8626382030595,84.8952239916333
35.5,13.156890804282492,13.157068507483677,6.843109195717494,79.99982229637477,85.0287817185842
35.6,13.18907183639453,13.052709187996161,6.810928163605453,80.13636264797432,85.16154932633472
35.7,13.221239901297846,12.948980394867883,6.778760098702139,80.27225950600592,85.29352684491107
35.800000000000004,13.253393935083627,12.845880793366414,6.746606064916357,80.40751314129318,85.42471434626262
35.9,13.285532872661015,12.743409026892166,6.714467127338969,80.5421238453448,85.55511194436816
36.0,13.317655647475796,12.641563715934204,6.68234435252419,80.67609193111755,85.68471979549378
36.1,13.349761192089776,12.54034345971212,6.650238807910209,80.80941773195362,85.81353809829919
36.2,13.381848438161134,12.439746835674192,6.61815156183885,80.9421016020629,85.94156709448771
36.300000000000004,13.413916315590898,12.33977239601175,6.586083684409088,81.0741439191551,86.06880706884306
36.4,13.445963753814357,12.240418671848936,6.554036246185627,81.20554508154137,86.19525834925001
36.5,13.477989681600189,12.141684172092347,6.522010318399795,81.3363055090838,86.32092130687252
36.6,13.509993027453907,12.043567384605547,6.490006972546077,81.46642564242433,86.44579635611312
36.7,13.541972719973385,11.94606677718115,6.458027280026599,81.5959059423682,86.56988395519872
36.800000000000004,13.573927686759525,11.849180792417489,6.426072313240459,81.724746893918,86.69318460629013
36.9,13.605856855741887,11.752907852783455,6.394143144258096,81.8529490025344,86.81569885548504
37.0,13.637759154996358,11.657246359321523,6.362240845003625,81.9805127952508,86.9374272928773
37.1,13.669633513064344,11.562194692447495,6.330366486935639,82.10743882019281,87.0583705524534
37.2,13.701478859657362,11.467751214330727,6.298521140342622,82.2337276449026,87.17852931254536
37.300000000000004,13.733294124097764,11.373914261989531,6.266705875902219,82.35937986168419,87.29790429596756
37.4,13.765078236937244,11.280682153419766,6.23492176306274,82.48439608309344,87.41649627001703
37.5,13.796830129714676,11.188053186092127,6.203169870285308,82.6087769431985,87.5343060464304
37.6,13.828548735170017,11.096025637367534,6.171451264829966,82.73252309737845,87.65133448121742
37.7,13.860232988081329,11.004597768021378,6.139767011918655,82.85563521963591,87.76758247501404
37.800000000000004,13.8918818237782,10.913767814174516,6.108118176221785,82.97811400917965,87.88305097318491
37.9,13.923494179616773,10.823533994000819,6.076505820383212,83.09996018519192,87.99774096582259
38.0,13.95506899479373,10.733894506147086,6.044931005206252,83.22117448822262,88.11165348758817
38.1,13.986605210510856,10.644847529902256,6.013394789489128,83.34175768018456,88.2247896175104
38.2,14.018101770421657,10.556391228923244,5.981898229578327,83.46171054107437,88.33715047925773
38.300000000000004,14.049557620192509,10.468523743794941,5.950442379807474,83.58103387597353,88.44873724117892
38.400000000000006,14.08097170811262,10.381243197815722,5.919028291887364,83.69972850987286,88.5595511162917
38.5,14.112342985158355,10.294547695902706,5.887657014841628,83.8177952888316,88.6695933619555
38.6,14.143670405153319,10.208435324704045,5.856329594846664,83.93523508002524,88.77886527972231
38.7,14.174952924839173,10.122904155451124,5.8250470751608106,84.05204876896401,88.88736821549628
38.800000000000004,14.206189504224461,10.037952239029423,5.793810495775522,84.168237264771,88.99510355952866
38.900000000000006,14.23737910664638,9.953577609084661,5.7626208933536045,84.28380149713767,89.10207274635277
39.0,14.268520698934942,9.86977828226222,5.7314793010650416,84.39874241624868,89.20827725425875
39.1,14.299613251589856,9.786552258091591,5.700386748410127,84.51306099307423,89.31371860528463
39.2,14.330655738752569,9.70389752124532,5.669344261247415,84.6267582170832,89.41839836522387
39.300000000000004,14.361647138686987,9.621812038392779,5.638352861312997,84.73983509987016,89.52231814361248
39.400000000000006,14.392586433856607,9.540293759342665,5.607413566143378,84.8522926740899,89.62547959346918
39.5,14.42347261099065,9.459340618302233,5.576527389009334,84.96413199226437,89.72788441072578
39.6,14.454304661296389,9.378950533583158,5.545695338703594,85.07535412728919,89.82953433429302
39.7,14.485081580543099,9.29912140951838,5.514918419456883,85.18596017060067,89.93043114596449
39.800000000000004,14.515802369324312,9.21985113459742,5.48419763067567,85.29595123430283,90.03057667037722
39.900000000000006,14.54646603325608,9.141137580958983,5.453533966743904,85.40532845187303,90.1299727743685
40.0,14.57707158304514,9.062978606642497,5.422928416954844,85.51409297597858,90.22862136671509
40.1,14.607618034686551,8.98537205509434,5.392381965313431,85.62224597916816,90.32652439802965
40.2,14.638104409243528,8.908315756361286,5.361895590756454,85.72978865245817,90.42368386070962
40.300000000000004,14.668529733252116,8.831807526722619,5.331470266747865,85.83672220610543,90.52010178861626
40.400000000000006,14.698893039551894,8.755845167257752,5.301106960448087,85.94304787187008,90.6157802563163
40.5,14.729193366601836,8.680426466199004,5.270806633398146,86.04876689997876,90.71072137903101
40.6,14.7594297589055,8.605549198512483,5.240570241094482,86.15388055996895,90.80492731245114
40.7,14.789601266787908,8.531211126699297,5.210398733212074,86.25839013966456,90.89840025264027
40.800000000000004,14.819706946418469,8.457410001239591,5.180293053581513,86.36229694475482,90.99114243516836
40.900000000000006,14.849745861457862,8.384143558679177,5.150254138542119,86.46560230235463,91.0831561348477
41.0,14.879717081737885,8.311409524023246,5.120282918262096,86.56830755729058,91.17444366548742
41.1,14.909619683845493,8.239205610365847,5.090380316154489,86.67041407305558,91.26500737983561
41.2,14.939452751015617,8.167529519461638,5.060547248984363,86.77192323112992,91.35484966888937
41.300000000000004,14.969215372689693,8.096378942704003,5.030784627310288,86.87283642956163,91.44397296128248
41.400000000000006,14.998906646776073,8.025751558818607,5.001093353223908,86.97315508753341,91.53237972304052
41.5,15.028525677952347,7.955645036368629,4.9714743220476345,87.07288064115966,91.62007245745252
41.6,15.058071578325444,7.88605703339374,4.941928421674537,87.17201454450765,91.70705370461981
41.7,15.087543467435133,7.816985197800927,4.912456532564848,87.27055826921014,91.79332604052584
41.800000000000004,15.116940471286899,7.748427168617392,4.883059528713081,87.36851330224545,91.878892076817
41.900000000000006,15.146261725372632,7.680380573701483,4.853738274627347,87.46588115124709,91.96375446055694
42.0,15.17550637247821,7.612843032083927,4.82449362752177,87.56266333997023,92.04791587394273
42.1,15.204673563449898,7.545812153681008,4.7953264365500825,87.65886140934484,92.13137903321343
42.2,15.233762457322213,7.479285539570969,4.766237542677767,87.7544769173272,92.21414668838231
42.300000000000004,15.262772219628257,7.413260783136012,4.737227780371722,87.8495114360682,92.29622162291014
42.400000000000006,15.29170202656191,7.34773546841726,4.708297973438069,87.9439665577206,92.3776066534946
42.5,15.320551062009352,7.282707171865826,4.679448937990627,88.03784388971948,92.45830462893707
42.6,15.349318518491756,7.218173462231104,4.650681481508223,88.1311450558366,92.53831842977544
42.7,15.37800359729356,7.154131900836977,4.62199640270642,88.22387169603253,92.61765096791835
42.800000000000004,15.406605506752015,7.090580042184057,4.593394493247965,88.3160254641439,92.69630518645292
42.900000000000006,15.435123466054051,7.027515433575301,4.56487653394593,88.4076080320547,92.77428405849678
43.0,15.463556703046658,6.96493561580324,4.536443296953322,88.49862108681937,92.85159058675139
43.1,15.491904454564745,6.902838123390762,4.5080955454352365,88.58906633074993,92.92822780311583
43.2,15.520165966707197,6.841220484841104,4.479834033292784,88.67894548144204,93.00419876848221
43.300000000000004,15.548340493297058,6.780080222886218,4.4516595067029225,88.76826026998678,93.07950657156283
43.400000000000006,15.576427298867722,6.719414854816272,4.423572701132257,88.8570124436274,93.15415432840726
43.5,15.60442565765705,6.659221892737603,4.395574342342931,88.94520376449539,93.22814518200825
43.6,15.63233485315725,6.5994988438406015,4.367665146842731,89.03283600889259,93.30148230206002
43.7,15.660154178560445,6.540243210683716,4.3398458214395355,89.11991096745267,93.37416888374507
43.800000000000004,15.687882935505375,6.481452491283243,4.312117064494605,89.20643044379807,93.44620814726018
43.900000000000006,15.715520436045184,6.423124179648828,4.284479563954797,89.2923962559723,93.51760333742949
44.0,15.743066002911213,6.365255766083172,4.256933997088766,89.37781023640399,93.58835772338745
44.1,15.770518968319232,6.307844737280091,4.2294810316807485,89.46267423061508,93.65847459733378
44.2,15.797878674561275,6.250888576669643,4.202121325438705,89.54699009746757,93.72795727409883
44.300000000000004,15.825144472941396,6.194384764332803,4.174855527058584,89.63075970818454,93.79680909078613
44.400000000000006,15.852315724849904,6.138330777583668,4.147684275150078,89.71398494684217,93.86503340630848
44.5,15.87939180332366,6.082724091703383,4.120608196676321,89.79666771119622,93.93263360018206
44.6,15.906372091004519,6.027562179549754,4.093627908995463,89.87880991103071,93.9996130721188
44.7,15.933255980914517,5.972842512046134,4.066744019085465,89.96041346844433,94.06597524172994
44.800000000000004,15.960042875670618,5.918562558087287,4.039957124329366,90.04148031715928,94.13172354781763
44.900000000000006,15.98673218757931,5.864719784817329,4.013267812420675,90.12201240233793,94.19686144733842
45.0,16.013323341391775,5.811311659032617,3.986676658608211,90.2020116819351,94.26139241497565
45.1,16.03981577157121,5.7583356462641895,3.960184228428773,90.28148012488296,94.32531994290805
45.2,16.06620892319893,5.705789211398847,3.933791076801055,90.36041971137603,94.38864753982477
45.300000000000004,16.092502251448906,5.65366981862812,3.907497748551078,90.43883243239674,94.45137873011136
45.400000000000006,16.11869522076028,5.601974931235551,3.881304779239702,90.51672028910068,94.51351705344523
45.5,16.144787308717348,5.550702013904209,3.8552126912826354,90.59408529438909,94.57506606452563
45.6,16.17077800266429,5.499848531134603,3.8292219973356953,90.67092947110564,94.63602933186971
45.7,16.196666800733603,5.4494119480256,3.8033331992663815,90.74725485228394,94.69641043725464
45.800000000000004,16.22245321156709,5.399389730318714,3.777546788432895,90.82306348082433,94.75621297537204
45.900000000000006,16.248136752622916,5.349779343530247,3.7518632473770697,90.89835740866862,94.81544055331962
46.0,16.27371695509395,5.300578256348708,3.7262830449060367,90.9731386983212,94.87409678943807
46.1,16.299193359925972,5.251783938290259,3.7008066400740107,91.04740942121167,94.93218531290536
46.2,16.32456551895467,5.203393860656599,3.6754344810453126,91.12117165787403,94.98970976347252
46.300000000000004,16.34983299485937,5.155405496720509,3.6501670051406148,91.19442749771481,95.04667379056275
46.400000000000006,16.374995358703394,5.107816320106436,3.625004641296588,91.26717903817291,95.10308105242765
46.5,16.40005219571335,5.060623809333005,3.599947804286633,91.3394283859563,95.15893521578849
46.6,16.425003100826622,5.0138254447031185,3.574996899173361,91.41117765569946,95.21423995553032
46.7,16.449847679905126,4.967418709431901,3.5501523200948566,91.48242897004918,95.26899895352571
46.800000000000004,16.474585549762217,4.921401089886972,3.525414450237765,91.5531844594512,95.32321589815429
46.900000000000006,16.499216335747295,4.875770073760422,3.500783664252688,91.62344626156283,95.37689448401866
47.0,16.52373967681386,4.830523154578286,3.4762603231861253,91.69321652181154,95.43003841126878
47.1,16.548155222096064,4.785657829018813,3.45184477790392,91.7624973926532,95.48265138463185
47.2,16.572462631488605,4.741171597621075,3.427537368511379,91.83129103344349,95.53473711307333
47.300000000000004,16.596661575794858,4.697061965127898,3.4033384242051277,91.89959961024292,95.5862993095366
47.400000000000006,16.620751734765477,4.653326438845816,3.3792482652345077,91.96742529549562,95.63734168987037
47.5,16.64473280070996,4.609962532279112,3.3552671992900254,92.03477026800681,95.68786797229144
47.6,16.668604476774817,4.566967763716455,3.331395523225169,92.10163671263432,95.737881877129
47.7,16.692366476587456,4.524339656110089,3.307633523412528,92.16802682005333,95.78738712623034
47.800000000000004,16.71601852458056,4.4820757375989295,3.2839814754194254,92.23394278655759,95.83638744200206
47.900000000000006,16.73956035444359,4.440173540100879,3.260439645556394,92.29938681391867,95.88488654711358
48.0,16.76299171144086,4.398630601959791,3.237008288559123,92.36436110905703,95.93288816424547
48.1,16.786312352160927,4.357444467898774,3.2136876478390586,92.42886788383812,95.98039601507278
48.2,16.809522043368837,4.316612688032752,3.1904779566311494,92.49290935491204,96.02741381978244
48.300000000000004,16.832620562473725,4.276132818574907,3.16737943752626,92.55648774347479,96.07394529685926
48.400000000000006,16.85560769635185,4.236002420693812,3.144392303648133,92.61960527523401,96.11999416246377
48.5,16.878483242538785,4.196219062108776,3.121516757461198,92.68226418000597,96.16556412958404
48.6,16.90124701021148,4.156780318442303,3.098752989788501,92.74446669134515,96.21065890780594
48.7,16.92389881839907,4.117683771369643,3.0761011816009116,92.8062150466054,96.25528220303615
48.800000000000004,16.94643849655939,4.078927009502537,3.0535615034405907,92.86751148663282,96.29943771651159
48.900000000000006,16.968865883730643,4.040507627531085,3.031134116269339,92.92835825577554,96.3431291444647
49.0,16.991180828774134,4.0024232267525575,3.0088191712258494,92.98875760159756,96.38636017793944
49.1,17.013383192337017,3.9646714177865436,2.9866168076629656,93.04871177412645,96.42913450206498
49.2,17.0354728445807,3.927249817907674,2.9645271554192822,93.10822302624901,96.47145579541514
49.300000000000004,17.057449665830113,3.8901560520911587,2.9425503341698716,93.16729361331492,96.51332772985766
49.400000000000006,17.07931354600392,3.8533877524413196,2.920686453996062,93.22592579313857,96.55475397015898
49.5,17.101064384092883,3.8169425576873692,2.898935615907099,93.28412182598149,96.59573817311447
49.6,17.122702090856095,3.7808181171758397,2.877297909143888,93.34188397325622,96.63628398736738
49.7,17.144226586215915,3.745012087455046,2.855773413784067,93.39921449833683,96.67639505321189
49.800000000000004,17.16563779994748,3.7095221334632984,2.8343622000525035,93.45611566606014,96.71607500175496
49.900000000000006,17.18693567134437,3.674345928242588,2.8130643286556145,93.51258974267775,96.75532745457514
50.0,17.20812014813579,3.6394811514923404,2.791879851864192,93.56863899621942,96.79415602360797
50.1,17.229191189608798,3.6049254946395495,2.770808810391185,93.62426569454522,96.83256431054537
50.2,17.25014876387093,3.570676656828588,2.7498512361290555,93.6794721066183,96.87055590625195
50.300000000000004,17.270992848533314,3.5367323462115405,2.729007151466668,93.73426050189775,96.90813439069044
50.400000000000006,17.291723430551354,3.5030902799173753,2.7082765694486297,93.78863315020995,96.94530333257102
50.5,17.31234050471124,3.4697481817179754,2.6876594952887443,93.84259232256923,96.9820662886046
50.6,17.332844077086367,3.436703788147114,2.667155922913617,93.89614028851523,97.01842680341083
50.7,17.353234162187466,3.4039548438934673,2.646765837812519,93.94927931786997,97.05438840934163
50.800000000000004,17.373510783642104,3.3714991031965234,2.62648921635788,94.00201168002155,97.08995462573176
50.900000000000006,17.393673974130223,3.3393343299771066,2.60632602586976,94.05433964372908,97.12512895870653
51.0,17.413723773816088,3.3074582951228817,2.5862762261838954,94.10626547826918,97.15991490110213
51.1,17.433660233483025,3.2758687826723456,2.5663397665169563,94.15779145038665,97.19431593186313
51.2,17.453483412133405,3.2445635855260804,2.5465165878665754,94.20891982618329,97.22833551567395
51.300000000000004,17.473193377428455,3.213540506531482,2.5268066225715273,94.25965287047293,97.26197710294934
51.400000000000006,17.492790205655652,3.1827973586735925,2.5072097943443303,94.30999284655803,97.29524412941329
51.5,17.512273980593843,3.1523319628851567,2.487726019406137,94.35994201728465,97.32814001557873
51.6,17.531644795465244,3.122142152554755,2.4683552045347383,94.40950264248644,97.36066816676653
51.7,17.550902751734657,3.09222577119396,2.4490972482653217,94.45867698011666,97.39283197285198
51.800000000000004,17.57004795898909,3.0625806724486266,2.4299520410108926,94.50746728611642,97.42463480765741
51.900000000000006,17.589080534993393,3.033204720492327,2.4109194650065895,94.55587581407703,97.45608002895989
52.0,17.608000604869375,3.0040957882833323,2.3919993951306053,94.60390481616201,97.48717097836352
52.1,17.626808302211327,2.9752517606350124,2.373191697788655,94.65155654115227,97.51791098069435
52.2,17.64550376870156,2.946670533557795,2.3544962312984206,94.69883323471973,97.54830334394595
52.300000000000004,17.664087153624667,2.9183500133492246,2.335912846375313,94.74573713985141,97.57835135924243
52.400000000000006,17.682558613975118,2.8902881171589967,2.3174413860248637,94.79227049639208,97.60805830031197
52.5,17.700918313873984,2.8624827716439807,2.2990816861259953,94.83843554180598,97.63742742332789
52.6,17.719166425082065,2.834931914772122,2.2808335749179176,94.88423450988591,97.66646196694701
52.7,17.737303127160814,2.8076334966150007,2.2626968728391668,94.92966963012178,97.69516515188866
52.800000000000004,17.75532860676604,2.780585477649375,2.2446713932339417,94.97474312869264,97.72354018067257
52.900000000000006,17.773243057779226,2.75378582946467,2.2267569422207547,95.01945722789053,97.75159023771108
53.0,17.791046680914256,2.7272325337841874,2.2089533190857247,95.06381414670605,97.77931848899703
53.1,17.80873968380565,2.700923583153637,2.191260316194331,95.10781610022799,97.80672808176068
53.2,17.826322281478546,2.674856982951498,2.1736777185214367,95.15146529810302,97.83382214459328
53.300000000000004,17.843794695564277,2.649030749055908,2.156205304435707,95.19476394608434,97.86060378723585
53.400000000000006,17.86115715442471,2.6234429086581788,2.1388428455752737,95.2377142453425,97.88707610018469
53.5,17.87840989289977,2.5980914996084237,2.121590107100211,95.28031839286731,97.91324215482584
53.6,17.89555315214494,2.5729745701648064,2.104446847855039,95.3225785815561,97.93910500331158
53.7,17.912587180187252,2.5480901819667467,2.087412819812729,95.36449699779648,97.9646676781453
53.800000000000004,17.92951223119339,2.523436407229378,2.070487768806593,95.40607582353998,97.9899331923087
53.900000000000006,17.946328565559714,2.499011329625907,2.053671434440268,95.44731723550977,98.01490453921079
54.0,17.963036449749612,2.4748130439066856,2.036963550250371,95.48822340541889,98.03958469228274
54.1,17.979636156032925,2.45083965488891,2.020363843967058,95.52879650071998,98.06397660507952
54.2,17.996127962958628,2.4270892811599656,2.003872037041357,95.56903868137462,98.08808321129078
54.300000000000004,18.012512154762806,2.403560051936347,1.9874878452371783,95.60895210240243,98.11190742436666
54.400000000000006,18.02878902140867,2.380250107985553,1.9712109785913117,95.64853891299909,98.13545213758289
54.5,18.044958858471634,2.3571576014697855,1.9550411415283466,95.68780125657781,98.15872022410579
54.6,18.06102196689512,2.334280694338174,1.9389780331048623,95.72674127213291,98.18171453665835
54.7,18.076978653266618,2.311617562560324,1.9230213467333663,95.76536109028225,98.20443790754776
54.800000000000004,18.09282922941713,2.2891663927629153,1.907170770582852,95.80366283623017,98.22689314877628
54.900000000000006,18.108574012403746,2.266925383167869,1.8914259875962378,95.84164862881184,98.24908305175032
55.0,18.12421332441085,2.2448927436169903,1.8757866755891368,95.87932058036982,98.2710103872748
55.1,18.139747492610695,2.2230666935169805,1.8602525073892915,95.91668079866967,98.2926779057018
55.2,18.15517684915361,2.201445466413588,1.8448231508463766,95.95373138231598,98.31408833668172
55.300000000000004,18.170501731000755,2.180027306515296,1.8294982689992303,95.99047442406142,98.33524438913133
55.400000000000006,18.1857224798431,2.1588104696249903,1.814277520156885,96.02691200979407,98.35614875141253
55.5,18.200839442002454,2.137793223154749,1.7991605579975305,96.06304621842366,98.37680409112329
55.6,18.21585296842561,2.1169738445171715,1.7841470315743733,96.0988791234844,98.39721305504601
55.7,18.230763414400926,2.0963506243567367,1.7692365855990577,96.13441278962014,98.41737826935079
55.800000000000004,18.24557113957387,2.0759218645677957,1.7544288604261167,96.16964927458203,98.43730233942172
55.900000000000006,18.260276507840153,2.055685878447048,1.7397234921598297,96.20459062896906,98.45698784979298
56.0,18.27487988723874,2.0356409908488864,1.7251201127612452,96.23923889596581,98.47643736437105
56.1,18.289381650028236,2.0157855369603377,1.7106183499717482,96.27359611264384,98.49565342629234
56.2,18.303782172289125,1.9961178644129203,1.6962178277108608,96.30766430745216,98.51463855785315
56.300000000000004,18.318081833936727,1.9766363325040617,1.6819181660632587,96.34144550100861,98.53339526074667
56.400000000000006,18.332281018688192,1.9573393117421773,1.6677189813117927,96.37494170652197,98.55192601594753
56.5,18.346380113928046,1.9382251841054718,1.6536198860719382,96.40815492939852,98.57023328364102
56.6,18.360379510821577,1.919292342136127,1.639620489178407,96.4410871682614,98.58831950347154
56.7,18.374279603934703,1.900539190149335,1.625720396065282,96.47374041336133,98.60618709444984
56.800000000000004,18.388080791100336,1.8819641443860389,1.6119192088996488,96.50611664629025,98.62383845488593
56.900000000000006,18.401783473531825,1.863565632106885,1.598216526468158,96.5382178410009,98.64127596264643
57.0,18.415388055648098,1.8453420919216175,1.5846119443518842,96.57004596330245,98.65850197508034
57.1,18.42889494518877,1.8272919731439037,1.5711050548112127,96.60160297162082,98.67551882895947
57.2,18.442304552948997,1.8094137362912606,1.5576954470509854,96.6328908162337,98.6923288407425
57.300000000000004,18.455617292399765,1.7917058539300192,1.5443827076002183,96.6639114380457,98.70893430651559
57.400000000000006,18.468833579994456,1.7741668094535712,1.5311664200055255,96.69466677011685,98.72533750194333
57.5,18.4819538349462,1.7567950974543696,1.5180461650537815,96.72515873706779,98.74154068253779
57.6,18.494978479319524,1.7395892232879016,1.5050215206804611,96.75538925560758,98.75754608361055
57.7,18.507907937946676,1.722547703033042,1.4920920620533078,96.78536023448959,98.77335592023664
57.800000000000004,18.520742637738447,1.7056690648214374,1.4792573622615368,96.81507357249296,98.78897238752712
57.900000000000006,18.53348300821119,1.6889518474171519,1.4665169917887964,96.84453116037,98.80439766058933
58.0,18.54612948121282,1.6723946006073294,1.4538705187871646,96.87373488018144,98.81963389450615
58.1,18.558682490973304,1.6559958849298193,1.4413175090266839,96.90268660561945,98.83468322461043
58.2,18.57114247424536,1.639754271242029,1.4288575257546279,96.9313882025793,98.84954776645085
58.300000000000004,18.58350986927065,1.623668342355708,1.4164901307293374,96.9598415264909,98.86422961578833
58.400000000000006,18.59578511653908,1.6077366915177937,1.4042148834609074,96.98804842459725,98.87873084887076
58.5,18.607968658463086,1.5919579227996867,1.3920313415368988,97.01601073523936,98.89305352240223
58.6,18.620060939374994,1.5763306509484745,1.379939060624994,97.04373028800248,98.90719967355821
58.7,18.632062405914986,1.5608535006911932,1.3679375940850038,97.07120890479975,98.9211713202588
58.800000000000004,18.643973505643093,1.545525108525767,1.3560264943568974,97.09844839669329,98.9349704611395
58.900000000000006,18.65579468802778,1.5303441211843478,1.3442053119722106,97.12545056641939,98.94859907558674
59.0,18.66752640407128,1.5153091960054053,1.3324735959287104,97.15221720764183,98.96205912400771
59.1,18.679169106247183,1.5004190008741727,1.3208308937528037,97.17875010494897,98.97535254780111
59.2,18.6907232491408,1.4856722133678617,1.3092767508591892,97.20505103534889,98.98848126941466
59.300000000000004,18.70218928771938,1.4710675225828576,1.2978107122806057,97.23112176471248,99.00144719260898
59.400000000000006,18.71356767853456,1.456603627643912,1.2864323214654256,97.2569640504666,99.01425220242778
59.5,18.72485887930404,1.4422792380473064,1.2751411206959467,97.2825796408327,99.0268981652783
59.6,18.73606334883238,1.4280930736203146,1.263936651167606,97.30797027478802,99.03938692918689
59.7,18.74718154768777,1.41404386381892,1.2528184523122161,97.33313768344482,99.05172032376834
59.800000000000004,18.758213936572044,1.4001303490447528,1.241786063427943,97.35808358710325,99.06390016033006
59.900000000000006,18.769160977288134,1.3863512796883457,1.2308390227118542,97.38280969717574,99.07592823211688
60.0,18.780023132506223,1.3727054162239605,1.2199768674937639,97.40731771585823,99.08780631427963
60.1,18.7908008656427,1.359191529205675,1.2091991343572879,97.43160933601298,99.09953616400374
60.2,18.801494641377605,1.3458083986997091,1.1985053586223793,97.45568624225386,99.11111952074037
60.300000000000004,18.812104924510148,1.3325548151851332,1.187895075489839,97.47955010890098,99.12255810617543
60.400000000000006,18.822632180382296,1.319429579069097,1.1773678196176887,97.50320260088915,99.13385362438216
60.5,18.833076874931674,1.3064315005296412,1.166923125068311,97.526645373978,99.14500776203639
60.6,18.843439474518828,1.293559399557798,1.1565605254811577,97.54988007453699,99.15602218838708
60.7,18.8537204464001,1.280812105600112,1.1462795535998873,97.57290834037593,99.16689855543257
60.800000000000004,18.8639202578553,1.2681884579672544,1.1360797421446862,97.59573179946399,99.17763849811728
60.900000000000006,18.874039376177077,1.2556873057519011,1.1259606238229105,97.61835207000112,99.18824363430605
61.0,18.884078269024474,1.2433075075391877,1.115921730975513,97.64077076106123,99.19871556498227
61.1,18.894037404182264,1.2310479314555944,1.1059625958177222,97.66298947230263,99.2090558744244
61.2,18.903917249957235,1.218907454955313,1.0960827500427528,97.68500979457787,99.21926613018624
61.300000000000004,18.913718274648776,1.2068849649333249,1.0862817253512127,97.7068333092914,99.22934788331492
61.400000000000006,18.923440946052594,1.1949793578267944,1.076559053947394,97.72846158780175,99.23930266850572
61.5,18.93308573212702,1.1831895393061316,1.0669142678729693,97.74989619239683,99.24913200409098
61.6,18.942653100685543,1.1715144243097346,1.0573468993144464,97.77113867595176,99.2588373922749
61.7,18.952143519632347,1.1599529368538108,1.0478564803676387,97.7921905823545,99.2684203192659
61.800000000000004,18.961557456820675,1.148504010017552,1.038442543179311,97.81305344637907,99.27788225527719
61.900000000000006,18.970895379238588,1.1371665862410083,1.0291046207613994,97.83372879257354,99.28722465477436
62.0,18.980157753785484,1.125939616883391,1.0198422462145027,97.85421813647804,99.2964489565855
62.1,18.989345046960313,1.1148220622873544,1.0106549530396738,97.87452298424891,99.30555658391607
62.2,18.998457725009132,1.1038128916506804,1.0015422749908556,97.89464483293442,99.31454894460511
62.300000000000004,19.007496254075512,1.0929110828969317,0.9925037459244748,97.91458517075455,99.32342743121355
62.400000000000006,19.016461099047458,1.0821156230188627,0.9835389009525298,97.93434547560456,99.33219342105666
62.5,19.025352724522364,1.0714255076536439,0.9746472754776254,97.95392721644468,99.34084827646356
62.6,19.03417159446177,1.0608397411332786,0.9658284055382178,97.97333185290445,99.34939334484446
62.7,19.04291817226805,1.0503573364065466,0.9570818277319428,97.99256083543746,99.35782995874546
62.800000000000004,19.05159292123349,1.039977314896163,0.9484070787665001,98.01161560591329,99.36615943610371
62.900000000000006,19.060196302981304,1.0296987067052183,0.9398036970186887,98.03049759585204,99.37438308029641
63.0,19.068728778685088,1.0195205503403455,0.9312712213149036,98.0492082279207,99.38250218022137
63.1,19.077190808671258,1.009441892716148,0.922809191328733,98.06774891553107,99.39051801054065
63.2,19.08558285241801,0.9994617890954764,0.9144171475819804,98.08612106289851,99.398431831715
63.300000000000004,19.093905369260646,0.989579302977943,0.9060946307393463,98.10432606585867,99.40624489011196
63.400000000000006,19.10215881654359,0.9797935061755288,0.8978411834564032,98.12236530994403,99.41395841823183
63.5,19.11034365099824,0.9701034786518224,0.8896563490017534,98.14024017192239,99.42157363473208
63.6,19.118460328319237,0.9605083084932637,0.8815396716807553,98.15795201940195,99.42909174456265
63.7,19.126509303120024,0.9510070918526025,0.873490696879968,98.17550221084339,99.43651393916977
63.800000000000004,19.134491029677847,0.9415989328600501,0.865508970322147,98.19289209639378,99.44384139651511
63.900000000000006,19.14240596021891,0.9322829436350787,0.8575940397810858,98.21012301615981,99.45107528123626
64.0,19.15025454607958,0.9230582441805487,0.849745453920415,98.22719630147502,99.45821674482546
64.10000000000001,19.158037237413172,0.9139239623363383,0.8419627625868225,98.24411327465282,99.4652669256483
64.2,19.16575448312458,0.9048792337236609,0.8342455168754125,98.2608752489769,99.47222694912594
64.3,19.173406731450253,0.8959232016880939,0.826593268549742,98.27748352933814,99.47909792788731
64.4,19.18099442874581,0.8870550172433335,0.8190055712541843,98.29393941107845,99.48588096179198
64.5,19.188518020083436,0.878273839014227,0.81148197991656,98.31024418064518,99.49257713812958
64.60000000000001,19.19597794925594,0.8695788331800325,0.8040220507440531,98.32639911565188,99.49918753174532
64.7,19.203374658657534,0.8609691734177431,0.7966253413424599,98.34240548481577,99.50571320507153
64.8,19.2107085897426,0.8524440408833514,0.7892914102573939,98.35826454843522,99.51215520833861
64.9,19.217980182202528,0.844002624094767,0.7820198177974687,98.37397755768373,99.5185145796752
65.0,19.225189874110477,0.8356441188890008,0.7748101258895198,98.38954575479744,99.52479234515225
65.10000000000001,19.232338102174083,0.8273677283876153,0.7676618978259119,98.40497037336243,99.53098951899936
65.2,19.23942530157001,0.8191726629301143,0.7605746984299854,98.42025263821586,99.53710710368159
65.3,19.246451906296492,0.8110581400782167,0.7535480937035064,98.43539376579423,99.54314608996053
65.4,19.253418348690744,0.8030233844884896,0.7465816513092532,98.45039496377822,99.54910745710835
65.5,19.26032505918146,0.795067627822035,0.739674940818536,98.4652574309354,99.554992172964
65.60000000000001,19.267172466755948,0.787190108766832,0.73282753324405,98.47998235756508,99.5608011940167
65.7,19.27396099875572,0.7793900729542297,0.7260390012442787,98.49457092537745,99.56653546560796
65.8,19.28069108112697,0.7716667729645224,0.7193089188730284,98.5090243077384,99.57219592197299
65.9,19.287363138241606,0.7640194682380956,0.7126368617583919,98.52334366957946,99.57778348634808
66.0,19.293977592325824,0.7564474249002543,0.7060224076741727,98.53753016700152,99.58329907115396
66.10000000000001,19.30053486409206,0.7489499158507007,0.6994651359079362,98.55158494781732,99.58874357802809
66.2,19.30703537250807,0.7415262206632582,0.6929646274919277,98.56550915142077,99.59411789795512
66.3,19.313479534957498,0.7341756255814105,0.6865204650424998,98.57930390895203,99.59942291142708
66.4,19.319867767310974,0.7268974234894864,0.6801322326890215,98.59297034339744,99.60465948847249
66.5,19.326200483109748,0.719690913642186,0.6737995168902496,98.60650956904351,99.60982848880664
66.60000000000001,19.332478094311575,0.7125554018195082,0.6675219056884211,98.61992269206802,99.61493076196669
66.7,19.33870101104503,0.7054902002116756,0.6612989889549672,98.6332108104093,99.61996714734282
66.8,19.344869641697198,0.6984946274011424,0.6551303583027958,98.646375013872,99.62493847434376
66.9,19.350984393183012,0.6915680084045096,0.6490156068169842,98.65941638435444,99.62984556250676
67.0,19.3570456699434,0.6847096742951854,0.6429543300565939,98.67233599522416,99.63468922153542
67.10000000000001,19.36305387477361,0.6779189624296543,0.6369461252263868,98.6851349119199,99.63947025147472
67.2,19.369009408568736,0.6711952163166544,0.6309905914312574,98.69781419182803,99.6441894427977
67.3,19.37491267035281,0.6645377855829282,0.6250873296471842,98.71037488434584,99.64884757645358
67.4,19.3807640577059,0.6579460260960258,0.6192359422940942,98.72281803118582,99.65344542404628
67.5,19.386563965620226,0.6514192994673684,0.6134360343797678,98.73514466572881,99.65798374790015
67.60000000000001,19.392312787389297,0.6449569733572861,0.6076872126106984,98.74735581360797,99.66246330112268
67.7,19.398010914348557,0.638558421327026,0.6019890856514382,98.75945249259749,99.66688482777893
67.8,19.4036587358595,0.632223022786776,0.5963412641404923,98.77143571264868,99.67124906293955
67.9,19.409256639843587,0.6259501631966361,0.5907433601564066,98.7833064762229,99.67555673276297
68.0,19.414805011570074,0.6197392334643281,0.58519498842992,98.7950657776817,99.67980855465636
68.10000000000001,19.420304234552503,0.6135896303129452,0.5796957654474924,98.80671460381551,99.68400523731248
68.2,19.42575469030315,0.6075007561233504,0.5742453096968428,98.81825393375576,99.68814748081145
68.3,19.431156758317304,0.6014720188822712,0.5688432416826914,98.82968473901099,99.69223597676307
68.4,19.436510816489186,0.5955028323567098,0.5634891835108072,98.84100798370842,99.69627140833796
68.5,19.441817240254718,0.5895926156004109,0.5581827597452769,98.85222462423025,99.7002544503872
68.60000000000001,19.447076403092773,0.5837407931730234,0.5529235969072224,98.86333560949569,99.70418576956293
68.7,19.452288676485992,0.57794679507574,0.5477113235140021,98.8743418809862,99.70806602434926
68.8,19.4574544298678,0.5722100566796856,0.5425455701321958,98.88524437276406,99.71189586519577
68.9,19.46257403093777,0.5665300188693119,0.5374259690622254,98.89604401164439,99.71567593461606
69.0,19.467647845099034,0.5609061276666208,0.5323521549009641,98.90674171700834,99.71940686722284
69.10000000000001,19.472676235641817,0.5553378342965972,0.5273237643581794,98.91733840092115,99.7230892898703
69.2,19.477659563865252,0.5498245952161358,0.5223404361347432,98.92783496822506,99.72672382173202
69.3,19.48259818899687,0.5443658720233356,0.5174018110031255,98.93823231654947,99.73031107434369
69.4,19.48749246842535,0.5389611315692696,0.512507531574645,98.94853133643201,99.73385165174896
69.5,19.492342757374814,0.5336098456995827,0.5076572426251817,98.95873291125118,99.73734615055916
69.60000000000001,19.497149408840787,0.5283114911695298,0.5028505911592099,98.9688379172472,99.74079516000678
69.7,19.501912773833865,0.5230655497629881,0.49808722616612966,98.97884722364681,99.74419926208896
69.8,19.506633201279747,0.5178715081836679,0.49336679872024675,98.98876169267201,99.74755903161129
69.9,19.51131103818628,0.5127288581371587,0.48868896181371557,98.99858217962506,99.75087503625686
70.0,19.515946629504597,0.507637096185781,0.4840533704953997,99.00830953289476,99.75414783671886
70.10000000000001,19.520540317873756,0.5025957235168976,0.4794596821262392,99.0179445939328,99.75737798673428
70.2,19.525092443957124,0.4976042461507176,0.47490755604287077,99.02748819738234,99.76056603316894
70.3,19.529603346328447,0.4926621748136555,0.4703966536715497,99.03694117109073,99.76371251613428
70.4,19.53407336157803,0.4877690249831087,0.46592663842196674,99.04630433617085,99.76681796901612
70.5,19.538502824321718,0.48292431685303594,0.46149717567827847,99.0555785070446,99.76988291857397
70.60000000000001,19.542892066824155,0.47812757498529207,0.45710793317584264,99.06476449141479,99.77290788503952
70.7,19.54724141937773,0.4733783285766343,0.4527585806222658,99.07386309037702,99.77589338214521
70.8,19.551551210187064,0.4686761113228601,0.4484487898129323,99.08287509844013,99.77883991723436
70.9,19.555821765437283,0.46402046143964537,0.44417823456271505,99.09180130357356,99.7817479913411
71.0,19.5600534094176,0.45941092173385295,0.4399465905824011,99.10064248725966,99.78461809922263
71.10000000000001,19.564246464023,0.4548470391071138,0.4357535359769993,99.10939942449181,99.78745072947565
71.2,19.56840124919548,0.45032836491712297,0.43159875080451543,99.11807288385428,99.79024636459953
71.3,19.57251808279897,0.4458544548219441,0.42748191720102746,99.12666362755296,99.7930054810346
71.4,19.576597280652123,0.44142486877171333,0.42340271934787255,99.13517241145634,99.79572854928082
71.5,19.580639156731273,0.4370391711721884,0.41936084326872386,99.14359998513501,99.79841603394591
71.60000000000001,19.58464402262011,0.43269693028738604,0.4153559773798866,99.15194709190865,99.80106839379273
71.7,19.588612187961495,0.4283977186545463,0.41138781203850294,99.16021446888287,99.80368608185474
71.8,19.592543960335927,0.4241411129199179,0.4074560396640716,99.16840284699192,99.80626954547174
71.9,19.596439645268077,0.41992669380454656,0.40356035473191876,99.17651295103947,99.80881922634968
72.0,19.600299546475195,0.4157540463417149,0.3997004535248034,99.18454549970942,99.81133556066631
72.10000000000001,19.604123965309263,0.4116227592088689,0.39587603469073457,99.19250120567632,99.81381897909931
72.2,19.60791320119289,0.40753242517562194,0.39208679880710734,99.2003807755932,99.81626990689863
72.3,19.61166755150695,0.40348264093601893,0.38833244849304477,99.20818491014687,99.81868876397849
72.4,19.615387311592816,0.3994730070694792,0.3846126884071827,99.21591430409927,99.82107596494232
72.5,19.619072774962127,0.39550312826068534,0.3809272250378673,99.22356964627737,99.8234319191658
72.60000000000001,19.62272423287593,0.3915726127327026,0.3772757671240646,99.23115161971916,99.82575703087369
72.7,19.6263419746283,0.38768107255901163,0.37365802537169407,99.23866090164522,99.82805169916526
72.8,19.62992628751074,0.38382812357723606,0.3700737124892548,99.24609816350944,99.83031631810498
72.9,19.633477456801693,0.3800133853342514,0.36652254319830263,99.25346407104337,99.83255127678454
73.0,19.636995765926606,0.3762364812645523,0.3630042340733878,99.26075928423798,99.83475695935151
73.10000000000001,19.640481496181184,0.37249703826649433,0.35951850381880956,99.26798445749063,99.83693374510412
73.2,19.64393492686071,0.3687946868383038,0.35606507313928687,99.27514023959833,99.83908200854002
73.3,19.647356335301815,0.36512906109339,0.35264366469817915,99.28222727378436,99.8412021193901
73.4,19.650745996858863,0.3614997986854873,0.3492540031411322,99.2892461977493,99.8432944427139
73.5,19.65410418502164,0.3579065409460709,0.3458958149783529,99.2961976436515,99.8453593389367
73.60000000000001,19.657431171255634,0.3543489325966472,0.3425688287443594,99.30308223823491,99.84739716389105
73.7,19.660727225013137,0.3508266217228519,0.33927277498685826,99.30990060286621,99.84940826890809
73.8,19.663992613830693,0.3473392598807809,0.33600738616930137,99.31665335352584,99.85139300084575
73.9,19.667227603297036,0.34388650200490656,0.3327723967029571,99.32334110086806,99.85335170213978
74.0,19.67043245713521,0.3404680065059339,0.3295675428647857,99.3299644502052,99.8552847108866
74.10000000000001,19.673607437133903,0.33708343510819855,0.32639256286609286,99.33652400160162,99.85719236086588
74.2,19.676752803075725,0.3337324526817508,0.32324719692426873,99.34302034996989,99.85907498160134
74.3,19.679868812868644,0.33041472742537814,0.32013118713135286,99.34945408501919,99.86093289843204
74.4,19.682955722510236,0.3271299307608945,0.31704427748975816,99.35582579132526,99.86276643253322
74.5,19.68601378614275,0.3238777373958108,0.3139862138572411,99.36213604832287,99.86457590098468
74.60000000000001,19.68904325604895,0.32065782526970654,0.3109567439510414,99.36838543035516,99.86636161683002
74.7,19.692044382528636,0.3174698752660874,0.30795561747135863,99.37457450683847,99.8681238890984
74.8,19.69501741404722,0.3143135714588971,0.304982585952772,99.38070384216425,99.86986302287798
74.9,19.69796259719967,0.31118860099612133,0.30203740280032443,99.38677399577946,99.87157931936373
75.0,19.700880176746107,0.3080946541321622,0.29911982325388403,99.39278552218987,99.87327307588187
75.10000000000001,19.703770395651013,0.3050314242680862,0.29622960434898016,99.39873897095885,99.87494458596588
75.2,19.706633494929793,0.30199860756108377,0.29336650507019707,99.40463488694463,99.87659413939407
75.3,19.709469713804225,0.29899590322479225,0.29053028619576504,99.41047381015537,99.87822202221818
75.4,19.712279289667674,0.2960230134041709,0.2877207103323189,99.41625627583943,99.87982851683913
75.5,19.715062458106893,0.2930796431815019,0.2849375418930998,99.4219828145013,99.88141390203585
75.60000000000001,19.71781945296886,0.2901655006975897,0.28218054703112844,99.42765395184719,99.88297845299985
75.7,19.72055050619387,0.28728029667491817,0.2794494938061207,99.43327020909487,99.8845224414072
75.8,19.723255847969792,0.28442374476263294,0.2767441520301993,99.43883210278308,99.88604613544072
75.9,19.72593570669999,0.2815955614046175,0.2740642933000007,99.44434014487129,99.88754979983177
76.0,19.728590309015456,0.27879546582252485,0.2714096909845325,99.44979484276885,99.88903369592524
76.10000000000001,19.73121987985623,0.27602318020517336,0.2687801201437596,99.45519669922697,99.89049808169776
76.2,19.733824642306015,0.27327842916271966,0.26617535769397427,99.46054621271922,99.89194321180656
76.3,19.736404817737288,0.2705609401057805,0.26359518226270123,99.46584387720743,99.89336933764551
76.4,19.738960625783353,0.26787044310904984,0.2610393742166359,99.47109018225022,99.89477670736204
76.5,19.74149228434679,0.26520667088331207,0.2585077156531998,99.4762856130394,99.89616556591153
76.60000000000001,19.744000009672508,0.2625693589776687,0.2559999903274816,99.48143065027075,99.89753615510404
76.7,19.74648401622026,0.25995824526719524,0.2535159837797298,99.48652577052897,99.8988887136219
76.80000000000001,19.74894451677005,0.2573730702704348,0.2510554832299433,99.49157144607553,99.90022347707777
76.9,19.75138172241153,0.25481357705359603,0.24861827758846183,99.49656814493385,99.90154067805258
77.0,19.753795842550414,0.2522795111952291,0.24620415744957552,99.5015163309311,99.9028405461151
77.10000000000001,19.756187084959667,0.2497706209452373,0.2438129150403226,99.50641646359034,99.90412330788169
77.2,19.7585556557088,0.2472866568499621,0.24144434429118752,99.51126899843476,99.90538918704658
77.30000000000001,19.76090175921482,0.24482737191000112,0.23909824078516628,99.51607438688073,99.90663840440428
77.4,19.763225598255172,0.24239252157169364,0.23677440174481418,99.5208330762594,99.90787117790913
77.5,19.76552737397084,0.23998186367541363,0.23447262602914792,99.52554550987134,99.909087722699
77.60000000000001,19.767807285901792,0.23759515857668584,0.23219271409819336,99.53021212690102,99.91028825112167
77.7,19.770065531954685,0.23523216889063486,0.22993446804530301,99.53483336263997,99.91147297279197
77.80000000000001,19.772302308420315,0.2328926595132059,0.22769769157967268,99.53940964848303,99.91264209461009
77.9,19.774517809999065,0.23057639768653126,0.22548219000092157,99.54394141188845,99.91379582079318
78.0,19.77671222980283,0.22828315293373258,0.22328777019715762,99.54842907644502,99.91493435292743
78.10000000000001,19.778885759379346,0.22601269714682462,0.2211142406206388,99.55287306180844,99.91605788998315
78.2,19.781038588704327,0.22376480443445462,0.21896141129565963,99.55727378384579,99.91716662835138
78.30000000000001,19.783170906181276,0.22153925102719227,0.21682909381871107,99.56163165473001,99.91826076188961
78.4,19.785282898671113,0.21933581540470748,0.2147171013288744,99.56594708284233,99.91934048193542
78.5,19.787374751494504,0.21715427821969036,0.21262524850548206,99.57022047285074,99.92040597734716
78.60000000000001,19.789446648448635,0.21499442235672336,0.21055335155134794,99.57445222566783,99.92145743454296
78.7,19.791498771813032,0.21285603286872662,0.20850122818695313,99.57864273852023,99.92249503751424
78.80000000000001,19.79353130234389,0.21073889678524504,0.2064686976560962,99.58279240513457,99.92351896786947
78.9,19.795544419301507,0.20864280329029813,0.20445558069847866,99.58690161558712,99.92452940486652
79.0,19.797538300454217,0.206567543637834,0.2024616995457658,99.59097075639231,99.9255265254271
79.10000000000001,19.799513122090474,0.2045129111854819,0.20048687790951145,99.5950002104809,99.92651050418227
79.2,19.801469059029888,0.2024787014061921,0.19853094097009583,99.59899035719961,99.92748151349878
79.30000000000001,19.803406284621364,0.20046471161688428,0.19659371537862125,99.60294157258039,99.92843972349517
79.4,19.805324970763603,0.1984707411968274,0.1946750292363825,99.6068542291427,99.92938530208765
79.5,19.80722528791149,0.19649659149680615,0.1927747120884949,99.6107286959906,99.93031841501146
79.60000000000001,19.80910740508578,0.19454206585140557,0.1908925949142045,99.6145653388103,99.93123922583882
79.7,19.81097148988303,0.19260696965352894,0.18902851011695176,99.61836451980543,99.93214789602426
79.80000000000001,19.812817708483923,0.19069111001892283,0.1871822915160587,99.62212659804092,99.93304458492145
79.9,19.814646225663886,0.1887942960361658,0.1853537743360974,99.62585192920363,99.93392944980413
80.0,19.816457204802358,0.18691633867143115,0.18354279519762443,99.62954086570684,99.93480264590899
80.10000000000001,19.818250807891843,0.1850570507626078,0.18174919210814305,99.63319375670515,99.93566432644917
80.2,19.82002719554211,0.18321624714558762,0.17997280445787533,99.63681094797244,99.93651464263861
80.30000000000001,19.821786527003084,0.1813937442685852,0.17821347299690096,99.64039278231041,99.9373537437311
80.4,19.823528960163692,0.17958936046576554,0.17647103983629212,99.64393959927385,99.93818177703177
80.5,19.82525465156426,0.17780291585927316,0.17474534843572223,99.64745173528091,99.93899888792448
80.60000000000001,19.826963756406045,0.17603423233992355,0.17303624359393968,99.65092952364203,99.93980521990659
80.7,19.828656428547983,0.17428313372734275,0.1713435714519994,99.65437329439656,99.94060091459929
80.80000000000001,19.830332820543866,0.17254944536222222,0.1696671794561182,99.65778337475756,99.94138611177763
80.9,19.831993083630977,0.1708329943803745,0.16800691636900617,99.66116008882652,99.94216094940073
81.0,19.83363736774473,0.16913360962189905,0.16636263225525325,99.66450375769875,99.94292556362177
81.10000000000001,19.83526582152824,0.16745112161102957,0.1647341784717427,99.66781469949314,99.94368008882005
81.2,19.836878592325313,0.1657853626814033,0.1631214076746682,99.67109322921985,99.94442465762666
81.30000000000001,19.838475826222094,0.16413616667709222,0.1615241737778889,99.67433965912093,99.94515940093486
81.4,19.84005766803728,0.16250336910189664,0.15994233196270302,99.67755429851131,99.9458844479333
81.5,19.841624261332193,0.1608868070957398,0.15837573866778698,99.68073745381238,99.9465999261276
81.60000000000001,19.843175748421885,0.1592863194020089,0.15682425157809823,99.6838894285958,99.94730596135153
81.7,19.84471227036784,0.157701746463769,0.15528772963214318,99.68701052348001,99.94800267780059
81.80000000000001,19.846233967015213,0.15613293021578215,0.15376603298476893,99.69010103637537,99.9486901980501
81.9,19.84774097699298,0.1545797141299081,0.15225902300700278,99.693161262439,99.94936864306729
82.0,19.849233437715995,0.15304194324748394,0.15076656228398577,99.69619149404446,99.9500381322447
82.10000000000001,19.85071148539808,0.15151946413642498,0.14928851460190176,99.6991920208376,99.95069878341533
82.2,19.85217525504558,0.1500121249618899,0.14782474495440595,99.70216312965962,99.95135071286568
82.30000000000001,19.85362488048682,0.14851977535684768,0.1463751195131642,99.70510510470591,99.95199403536856
82.4,19.855060494385935,0.14704226637993223,0.1449395056140498,99.70801822758195,99.9526288641955
82.5,19.85648222823498,0.14557945059409022,0.14351777176500216,99.71090277721683,99.95325531113131
82.60000000000001,19.85789021236935,0.1441311820155679,0.14210978763063217,99.71375902992972,99.95387348650542
82.7,19.859284575963073,0.14269731616239012,0.14071542403691248,99.71658725937662,99.95448349920214
82.80000000000001,19.860665447047914,0.14127770999172953,0.13933455295207195,99.71938773663213,99.95508545667688
82.9,19.862032952543593,0.13987222178544464,0.13796704745639263,99.7221607303341,99.95567946498547
83.0,19.86338721823864,0.13848071126603437,0.1366127817613483,99.72490650654855,99.95626562879279
83.10000000000001,19.86472836880832,0.13710303953944933,0.13527163119166588,99.72762532884481,99.95684405139072
83.2,19.866056527812532,0.1357390691246563,0.13394347218745345,99.73031745826383,99.95741483472489
83.30000000000001,19.867371817702633,0.13438866394693652,0.13262818229735354,99.73298315333165,99.95797807940241
83.4,19.86867435986949,0.13305168916466628,0.13132564013049391,99.73562267028078,99.95853388471116
83.5,19.869964274612677,0.13172801131484538,0.13003572538730931,99.73823626287378,99.95908234864397
83.60000000000001,19.87124168116091,0.13041749825135576,0.12875831883907635,99.7408241824855,99.95962356790577
83.7,19.872506697673046,0.12912001915855403,0.12749330232693984,99.74338667809045,99.96015763793395
83.80000000000001,19.8737594412318,0.12783544459095053,0.1262405587681841,99.7459239962168,99.96068465292007
83.9,19.875000027909703,0.1265636462528902,0.1249999720902812,99.74843638123276,99.96120470581666
84.0,19.87622857272702,0.12530449716712178,0.12377142727296694,99.75092407513584,99.96171788835838
84.10000000000001,19.877445189674535,0.12405787160984819,0.12255481032544877,99.75338731764063,99.96222429108137
84.2,19.87864999171788,0.12282364511090017,0.1213500082821034,99.75582634618293,99.96272400332991
84.30000000000001,19.879843090778046,0.12160169453143597,0.12015690922193618,99.75824139582255,99.96321711327813
84.4,19.88102459781458,0.1203918978067776,0.1189754021854021,99.76063269958375,99.96370370794712
84.5,19.88219462277297,0.11919413413224812,0.11780537722701068,99.76300048821668,99.96418387321165
84.60000000000001,19.88335327460954,0.1180082838962022,0.11664672539044348,99.76534499028928,99.96465769382216
84.7,19.88450066129909,0.11683422866903372,0.1154993387008884,99.76766643220601,99.9651252534198
84.80000000000001,19.885636889802644,0.11567185131144563,0.11436311019733378,99.76996503806716,99.96558663454334
84.9,19.886762066166828,0.11452103568962305,0.11323793383315034,99.77224103005315,99.96604191865117
85.0,19.887876295461556,0.11338166687314835,0.11212370453842241,99.77449462816436,99.96649118613455
85.10000000000001,19.88897968180677,0.11225363106708006,0.11102031819320733,99.77672605031565,99.96693451632474
85.2,19.89007232838059,0.11113681559952228,0.1099276716193879,99.77893551235702,99.96737198751474
85.30000000000001,19.8911543373889,0.11003110901531094,0.10884566261107546,99.78112322794955,99.96780367697109
85.4,19.892225810151587,0.10893640084868052,0.10777418984838977,99.78328940887886,99.96822966094109
85.5,19.89328684705952,0.10785258175161984,0.10671315294045733,99.78543426488386,99.96865001467428
85.60000000000001,19.894337547588872,0.10677954346448912,0.10566245241110525,99.78755800370034,99.96906481243289
85.7,19.89537801031185,0.10571717879647627,0.1046219896881293,99.78966083109133,99.96947412749918
85.80000000000001,19.896408332871857,0.10466538169769536,0.10359166712811883,99.79174295075012,99.96987803219653
85.9,19.897428612049442,0.10362404709876218,0.10257138795053493,99.79380456452664,99.97027659789867
86.0,19.898438943745123,0.10259307096320615,0.10156105625485211,99.79584587235787,99.97066989503729
86.10000000000001,19.899439422978347,0.10157235029870286,0.10056057702162947,99.7978670722556,99.9710579931224
86.2,19.900430143901296,0.10056178313011858,0.09956985609867815,99.79986836034713,99.97144096075073
86.30000000000001,19.90141119977969,0.09956126855302838,0.09858880022028423,99.80184993080262,99.9718188656134
86.4,19.90238268303885,0.09857070663014611,0.09761731696112468,99.80381197598466,99.97219177451566
86.5,19.903344685271257,0.09758999838044477,0.09665531472871719,99.80575468646677,99.97255975338452
86.60000000000001,19.904297297221046,0.09661904582373883,0.09570270277892912,99.80767825097325,99.97292286727632
86.7,19.90524060880067,0.09565775194786087,0.09475939119930529,99.80958285642876,99.97328118039604
86.80000000000001,19.906174709077124,0.09470602074625514,0.09382529092285125,99.81146868790681,99.97363475610405
86.9,19.907099686299173,0.0937637571623987,0.09290031370080383,99.81333592871272,99.97398365692386
87.0,19.908015627927867,0.09283086702674533,0.09198437207210945,99.81518476047707,99.9743279445606
87.10000000000001,19.908922620607814,0.09190725712829105,0.09107737939216208,99.81701536305548,99.97466767990721
87.2,19.909820750186377,0.09099283517722859,0.0901792498135997,99.8188279145851,99.97500292305234
87.30000000000001,19.910710101705046,0.09008750982897114,0.08928989829492907,99.82062259145202,99.97533373329789
87.4,19.911590759409126,0.08919119066873002,0.08840924059084798,99.82239956831634,99.97566016916491
87.5,19.912462806799184,0.0883037881060625,0.08753719320079133,99.82415901826907,99.9759822884013
87.60000000000001,19.91332632659043,0.08742521346783748,0.08667367340954658,99.82590111269853,99.97630014799873
87.7,19.914181400734126,0.08655537895754072,0.08581859926584895,99.82762602135253,99.97661380419817
87.80000000000001,19.915028110413775,0.08569419766782603,0.08497188958619642,99.8293339123219,99.97692331249739
87.9,19.915866536038745,0.08484158359832637,0.0841334639612281,99.83102495201636,99.97722872766724
88.0,19.916696757314394,0.08399745151637329,0.08330324268557852,99.83269930537396,99.97753010375692
88.10000000000001,19.917518853191048,0.08316171706650544,0.08248114680892359,99.83435713570049,99.97782749410119
88.2,19.918332901887254,0.08233429672743499,0.0816670981127196,99.83599860473576,99.9781209513361
88.30000000000001,19.919138980890366,0.08151510781498657,0.0808610191096051,99.83762387265132,99.978410527404
88.4,19.919937166935767,0.08070406852706255,0.08006283306420606,99.83923309798465,99.97869627356046
88.5,19.920727536093302,0.07990109777797715,0.07927246390667253,99.84082643789127,99.97897824038942
88.60000000000001,19.921510163707325,0.0791061153203242,0.07848983629264768,99.84240404796294,99.9792564778081
88.7,19.922285124421467,0.07831904170046448,0.07771487557850441,99.84396608229694,99.9795310350734
88.80000000000001,19.923052492183203,0.07753979825348582,0.07694750781676958,99.84551269350567,99.97980196079678
88.9,19.923812340210226,0.07676830716991688,0.0761876597897474,99.84704403261625,99.98006930294876
89.0,19.92456474109104,0.07600449131033891,0.07543525890893393,99.84856024935665,99.98033310886524
89.10000000000001,19.925309766717398,0.07524827433584469,0.07469023328257547,99.8500614919575,99.98059342526153
89.2,19.926047488310267,0.074499580662822,0.07395251168970489,99.85154790722339,99.98085029823714
89.30000000000001,19.926777976426155,0.07375833545463029,0.07322202357381778,99.85301964054747,99.98110377328135
89.4,19.9275013009219,0.07302446468979872,0.07249869907807116,99.85447683580806,99.981353895287
89.5,19.928217531047864,0.07229789499364328,0.07178246895210876,99.85591963563017,99.98160070855512
89.60000000000001,19.92892673539304,0.07157855374271802,0.0710732646069309,99.85734818122629,99.98184425680014
89.7,19.929628981902766,0.07086636903554752,0.07037101809720664,99.85876261244317,99.9820845831631
89.80000000000001,19.93032433788657,0.07016126968144965,0.06967566211340132,99.86016306778107,99.98232173021644
89.9,19.93101286998938,0.0694631852526785,0.06898713001059378,99.86154968431266,99.98255573996862
90.0,19.93169464426248,0.0687720459649233,0.06830535573749548,99.86292259787352,99.98278665387691
90.10000000000001,19.932369726136155,0.06808778272696006,0.06763027386381901,99.86428194298516,99.98301451285228
90.2,19.93303818042142,0.06741032714026891,0.06696181957855554,99.86562785285712,99.98323935726354
90.30000000000001,19.933700071321034,0.06673961148263478,0.06629992867893957,99.86696045941436,99.9834612269496
90.4,19.934355462407705,0.06607556874757528,0.06564453759227316,99.86827989323609,99.98368016122446
90.5,19.93500441667275,0.0654181325642294,0.06499558332722882,99.86958628368448,99.98389619888106
90.60000000000001,19.93564699652449,0.06476723720257124,0.06435300347548942,99.87087975889787,99.98410937820277
90.7,19.93628326377591,0.06412281759672649,0.06371673622406744,99.87216044575514,99.98431973696877
90.80000000000001,19.936913279658295,0.06348480932431703,0.06308672034168333,99.87342846990994,99.98452731245739
90.9,19.93753710480564,0.06285314863496325,0.06246289519433736,99.87468395574663,99.9847321414569
91.0,19.938154799283808,0.062227772403680326,0.06184520071616643,99.87592702645608,99.9849342602713
91.10000000000001,19.938766422610932,0.0616086180989606,0.061233577389044336,99.87715780408793,99.98513370472327
91.2,19.93937203373327,0.06099562382563963,0.06062796626670524,99.8783764094836,99.9853305101641
91.30000000000001,19.93997169104094,0.06038872830085818,0.06002830895903485,99.87958296231604,99.98552471148
91.4,19.940565452357383,0.0597878708727305,0.05943454764259152,99.88077758106061,99.98571634309462
91.5,19.941153374951835,0.05919299150235056,0.0588466250481425,99.88196038302544,99.9859054389782
91.60000000000001,19.941735515579197,0.05860403070205939,0.05826448442077945,99.88313148445309,99.98609203265423
91.7,19.94231193044509,0.058020929593109206,0.05768806955488681,99.88429100042794,99.98627615720189
91.80000000000001,19.942882675223515,0.057443629879347494,0.05711732477646073,99.88543904492012,99.98645784526401
91.9,19.943447805050987,0.05687207385770711,0.056552194948988,99.88657573076924,99.98663712905447
92.0,19.94400737452403,0.05630620442353532,0.05599262547594133,99.88770116967646,99.98681404036027
92.10000000000001,19.944561437756036,0.05574596498540769,0.05543856224393836,99.8888154723466,99.98698861054856
92.2,19.945110048333035,0.0551912995340684,0.0548899516669371,99.88991874837494,99.98716087057447
92.30000000000001,19.94565325933301,0.05464215261455116,0.05434674066696188,99.89101110629443,99.98733085098326
92.4,19.946191123324347,0.054098469330085004,0.053808876675628,99.89209265357023,99.98749858191601
92.5,19.94672369235075,0.05356019536680118,0.053276307649223364,99.89316349655992,99.98766409311814
92.60000000000001,19.947251018000742,0.05302727688870073,0.05274898199923138,99.894223740688,99.98782741394149
92.7,19.94777315135732,0.05249966061642882,0.052226848642651855,99.89527349031685,99.98798857334893
92.80000000000001,19.948290143018067,0.051977293798013816,0.051709856981908525,99.89631284879601,99.98814759992315
92.9,19.94880204309721,0.0514601242071471,0.051197956902761965,99.89734191846604,99.98830452186908
93.0,19.949308901199814,0.05094810018346429,0.05069109880015854,99.89836080059231,99.9884593670174
93.10000000000001,19.94981076650221,0.05044117051297824,0.05018923349775967,99.8993695955652,99.98861216283332
93.2,19.950307687696228,0.04993928451339204,0.04969231230374304,99.9003684027588,99.98876293641946
93.30000000000001,19.950799713010003,0.049442392004195757,0.04920028698996973,99.90135732058178,99.98891171451857
93.4,19.951286890212618,0.04895044330112096,0.04871310978735278,99.90233644648747,99.98905852352183
93.5,19.951769266581664,0.048463389264418504,0.04823073341830538,99.90330587689323,99.9892033894725
93.60000000000001,19.95224688898771,0.04798118117741173,0.04775311101226262,99.90426570738627,99.98934633806789
93.7,19.952719803839226,0.04750377082760023,0.04728019616074429,99.9052160325876,99.98948739466702
93.80000000000001,19.95318805710131,0.04703111048070178,0.046811942898660544,99.90615694619659,99.98962658429494
93.9,19.953651694300653,0.046563152874581716,0.04634830569931868,99.90708854100205,99.98976393164449
94.0,19.954110760499667,0.04609985125684464,0.04588923950030272,99.90801090881881,99.98989946108264
94.10000000000001,19.95456530035971,0.04564115929648301,0.045434699640257675,99.90892414063921,99.99003319665593
94.2,19.955015358111105,0.04518703112725873,0.04498464188886521,99.90982832655983,99.99016516209194
94.30000000000001,19.955460977557912,0.0447374213419466,0.04453902244205756,99.91072355579196,99.99029538080434
94.4,19.9559022020856,0.04429228498253183,0.04409779791436945,99.91160991667905,99.99042387589917
94.5,19.956339074641196,0.04385157756879358,0.043660925358772536,99.9124874966484,99.9905506701765
94.60000000000001,19.95677163777742,0.043415255037708836,0.0432283622225527,99.9133563823157,99.99067578613393
94.7,19.957199933644628,0.04298327375558113,0.042800066355343586,99.91421665946504,99.99079924597363
94.80000000000001,19.957624003983724,0.04255559052889227,0.04237599601624433,99.91506841303082,99.99092107160423
94.9,19.95804389013599,0.0421321625915106,0.04195610986398095,99.91591172712047,99.99104128464326
95.0,19.958459633028546,0.04171294762554876,0.041540366971424394,99.91674668497899,99.99115990642412
95.10000000000001,19.95887127320194,0.04129790372425881,0.0411287267980319,99.91757336905367,99.99127695799866
95.2,19.959278850820755,0.0408869893782471,0.04072114917921681,99.9183918610185,99.99139246013897
95.30000000000001,19.95968240565653,0.04048016349988072,0.040317594343442766,99.91920224173263,99.99150643334343
95.4,19.960081977099357,0.04007738540815225,0.03991802290061358,99.9200045912672,99.9916188978405
95.5,19.960477604147965,0.039678614842890994,0.03952239585200883,99.92079898888106,99.99172987358995
95.60000000000001,19.960869325423054,0.03928381194744024,0.03913067457692003,99.92158551305161,99.99183938028773
95.7,19.961257179193712,0.0388929372337056,0.03874282080626129,99.922364241536,99.99194743737088
95.80000000000001,19.961641203351963,0.038505951617350445,0.03835879664800959,99.92313525131061,99.9920540640187
95.9,19.96202143542581,0.03812281640090935,0.037978564574163313,99.92389861860089,99.99215927915611
96.0,19.96239791257327,0.037743493282363656,0.037602087426702915,99.92465441886691,99.99226310145946
96.10000000000001,19.962770671583577,0.03736794435422019,0.03722932841639536,99.92540272680536,99.99236554935804
96.2,19.96313974891678,0.03699613205162199,0.036860251083190944,99.92614361644115,99.99246664103609
96.30000000000001,19.963505180671422,0.03662801919591377,0.036494819328551024,99.92687716105151,99.99256639443881
96.4,19.96386700259869,0.03626356897651179,0.036132997401284575,99.92760343319817,99.99266482727457
96.5,19.964225250099915,0.03590274495476746,0.03577474990005609,99.92832250472115,99.99276195701623
96.60000000000001,19.964579958217456,0.03554551107647858,0.03542004178251661,99.92903444671698,99.99285780090625
96.7,19.964931161685083,0.03519183160665275,0.03506883831488924,99.92973932965444,99.99295237596007
96.80000000000001,19.965278894890208,0.034841671179446324,0.03472110510976524,99.93043722328676,99.9930456989672
96.9,19.965623191888845,0.0344949947791974,0.03437680811112662,99.93112819668565,99.99313778649473
97.0,19.965964086406075,0.034151767740376655,0.034035913593894296,99.93181231824171,99.99322865489214
97.10000000000001,19.966301611818306,0.03381195577098838,0.03369838818166335,99.93248965562333,99.9933183202923
97.2,19.96663580121227,0.03347552487702695,0.03336419878770167,99.93316027591125,99.99340679861359
97.30000000000001,19.96696668734306,0.033142441417114386,0.03303331265691053,99.93382424550195,99.99349410556526
97.4,19.96729430264966,0.032812672083032804,0.03270569735031302,99.93448163014263,99.99358025664905
97.5,19.967618679257864,0.03248618389645017,0.03238132074210503,99.93513249493742,99.99366526716042
97.60000000000001,19.967939848955517,0.032162944240996076,0.032060151044453686,99.93577690429053,99.9937491521932
97.7,19.968257843258144,0.03184292077907917,0.031742156741825664,99.93641492205508,99.99383192664246
97.80000000000001,19.968572693363946,0.03152608150974332,0.03142730663602144,99.93704661143022,99.99391360520536
97.9,19.968884430169613,0.031212394748997545,0.031115569830356744,99.93767203499662,99.99399420238436
98.0,19.96919308427344,0.030901829126310062,0.030806915726531638,99.93829125472314,99.99407373249134
98.10000000000001,19.969498685954328,0.03059435361145927,0.030501314045640292,99.93890433191888,99.99415220964866
98.2,19.96980126522349,0.0302899374499592,0.0301987347764768,99.93951132734955,99.99422964779072
98.30000000000001,19.97010085179625,0.029988550198929806,0.029899148203717245,99.94011230117333,99.99430606066882
98.4,19.970397475098483,0.02969016171943785,0.029602524901486228,99.94070731295506,99.9943814618527
98.5,19.970691164271507,0.029394742170774747,0.029308835728463545,99.94129642167674,99.99445586473148
98.60000000000001,19.97098194815583,0.029102262031016873,0.029018051844138047,99.94187968570083,99.9945292825175
98.7,19.971269855327886,0.028812692051817843,0.028730144672082243,99.94245716285208,99.99460172824932
98.80000000000001,19.97155491408903,0.028526003272429483,0.028445085910938323,99.94302891039261,99.99467321479236
98.9,19.971837152462673,0.028242167023658466,0.02816284753729703,99.94359498501503,99.99474375484117
99.0,19.972116598200884,0.027961154920040032,0.027883401799084696,99.94415544285685,99.99481336092357
99.10000000000001,19.972393278772316,0.02768293887501707,0.027606721227652627,99.9447103394733,99.99488204540172
99.2,19.972667221385986,0.027407491072082037,0.027332778613983505,99.94525972988991,99.99494982047308
99.30000000000001,19.972938452994864,0.027134783960720044,0.027061547005106563,99.94580366861015,99.99501669817445
99.4,19.973207000285218,0.026864790269827212,0.026792999714752304,99.94634220959139,99.99508269038408
99.5,19.973472889684615,0.02659748299823529,0.0265271103153525,99.9468754062624,99.9951478088223
99.60000000000001,19.97373614735346,0.02633283542530937,0.026263852646510058,99.94740331150416,99.99521206505398
99.7,19.973996799197696,0.026070821095799782,0.026003200802275465,99.94792597767791,99.99527547049212
99.80000000000001,19.9742548708846,0.025811413800986584,0.025745129115371357,99.94844345665962,99.99533803639848
99.9,19.97451038782573,0.025554587599695727,0.025489612174238598,99.94895579980205,99.9953997738851
100.0,19.974763375186022,0.02530031680756544,0.025236624813946618,99.94946305795447,99.99546069391775
