time_s,E_uM,S_uM,ES_uM,P_uM,P_reduced_uM
0.0,1.0,100.0,0.0,0.0,0.0
0.1,0.9062704734046015,99.90531273314595,0.09372952659539809,0.0009577402590586898,0.015384342266628437
0.2,0.8240356462705792,99.8203630512854,0.17596435372942024,0.00367259498749683,0.030768138223976393
0.30000000000000004,0.7518750740165102,99.74394588178876,0.24812492598348937,0.007929192234391369,0.04615138776213712
0.4,0.6885462804897097,99.67500753245446,0.31145371951028994,0.013538748042072378,0.06153409077113281
0.5,0.6329619212472959,99.61262617971325,0.3670380787527039,0.020335741540866453,0.07691624714101408
0.6000000000000001,0.5841699928000262,99.55599497821011,0.41583000719997343,0.028175014596736755,0.09229785676173208
0.7000000000000001,0.5413366627308863,99.50440742193778,0.4586633372691133,0.036929240799924996,0.10767891952326636
0.8,0.5037313499602534,99.45724463525472,0.4962686500397463,0.0464867147123694,0.12305943531553964
0.9,0.4707137446706748,99.4139643250337,0.529286255329325,0.056749419643814414,0.13843940402844623
1.0,0.4417225032064727,99.37409116534533,0.5582774967935269,0.06763133786798024,0.1538188255518662
1.1,0.41626539222129744,99.33720842012656,0.5837346077787022,0.07905697210159303,0.16919769977565124
1.2000000000000002,0.3939106888745279,99.30295063763432,0.6060893111254717,0.09096005124705567,0.18457602658962458
1.3,0.37427967118983024,99.27099727422774,0.6257203288101695,0.10328239696892955,0.1999538058835526
1.4000000000000001,0.3570400564337595,99.2410671256013,0.6429599435662403,0.11597293083930786,0.21533103754720173
1.5,0.3419002620971153,99.21291345810268,0.6580997379028843,0.1289868040013032,0.23070772147030993
1.6,0.32860438794916946,99.18631975329912,0.6713956120508302,0.14228463465690386,0.24608385754258677
1.7000000000000002,0.31692782284609433,99.16109598354375,0.6830721771539051,0.15583183930919414,0.2614594456535997
1.8,0.3066733979868604,99.13707535173019,0.6933266020131391,0.16959804626353228,0.27683448569291613
1.9000000000000001,0.2976680176986612,99.114111436491,0.7023319823013383,0.18355658121449653,0.292208977550132
2.0,0.28975970736661094,99.09207569141469,0.7102402926333886,0.1976840159587479,0.3075829211148715
2.1,0.282815026031504,99.07085525362372,0.7171849739684955,0.2119597724146362,0.3229563162767022
2.2,0.276716798080377,99.05035102295618,0.7232832019196223,0.22636577513104916,0.33832916292517723
2.3000000000000003,0.27136212418844985,99.03047597789076,0.7286378758115494,0.24088614630454838,0.35370146094982147
2.4000000000000004,0.2666606368074735,99.01115369873446,0.7333393631925256,0.2555069380798906,0.3690732102401171
2.5,0.2625329698502352,98.9923170723056,0.7374670301497639,0.2702158975515276,0.3844444106855178
2.6,0.25890941605640805,98.97390715561005,0.7410905839435912,0.28500226045325994,0.39981506217547746
2.7,0.2557287488581166,98.95587217884494,0.7442712511418826,0.2998565700200754,0.4151851645993929
2.8000000000000003,0.2529371884401457,98.93816667051043,0.7470628115598535,0.3147705179366103,0.4305547178466327
2.9000000000000004,0.25048749428173145,98.92075068961263,0.7495125057182678,0.3297368046760039,0.44592372180655104
3.0,0.24833816858731048,98.9035891517422,0.7516618314126888,0.34474901685202347,0.46129217636844544
3.1,0.24645275700960573,98.88665123750764,0.7535472429903934,0.3598015195088745,0.4766600814216275
3.2,0.2447992347301221,98.86990987321246,0.755200765269877,0.37488936152457064,0.4920274368553379
3.3000000000000003,0.24334946743680097,98.85334127491629,0.7566505325631983,0.39000819252741437,0.5073942425588314
3.4000000000000004,0.24207873807333916,98.83692454815218,0.75792126192666,0.4051541899280521,0.5227604984212775
3.5,0.24096533138594373,98.82064133654802,0.7590346686140553,0.42032399484483657,0.5381262043318742
3.6,0.2399901681491346,98.80447551247944,0.7600098318508643,0.4355146556766159,0.5534913601797484
3.7,0.23913648555715603,98.78841290677948,0.7608635144428431,0.45072357878460195,0.5688559658540271
3.8000000000000003,0.23838955564698314,98.77244107062057,0.761610444353016,0.4659484850333572,0.5842200212437803
3.9000000000000004,0.237736437632136,98.75654906608175,0.762263562367863,0.48118737155734403,0.5995835262380922
4.0,0.237165761050189,98.74072728277993,0.7628342389498101,0.49643847827720566,0.6149464807259477
4.1000000000000005,0.2366675349293658,98.72496727650818,0.7633324650706332,0.5117002584281245,0.6303088845963885
4.2,0.23623298025709133,98.70926162758208,0.7637670197429077,0.5269713526819466,0.6456707377383566
4.3,0.2358543828352991,98.69360381642785,0.7641456171647,0.5422505664143757,0.6610320400408085
4.4,0.23552496398739392,98.67798811426759,0.7644750360126052,0.5575368497267438,0.6763927913926437
4.5,0.23523876701078042,98.66240948711986,0.7647612329892187,0.5728292798978671,0.6917529916827618
4.6000000000000005,0.23499055740732544,98.64686351145144,0.7650094425926738,0.5881270459628276,0.7071126407999913
4.7,0.23477573524085008,98.6313463000837,0.7652242647591492,0.6034294351641003,0.7224717386331747
4.800000000000001,0.23459025814333775,98.61585443710321,0.7654097418566614,0.6187358210470959,0.7378302850711123
4.9,0.2344305736699539,98.60038492067723,0.7655694263300453,0.6340456529997083,0.7531882800025613
5.0,0.2342935598699636,98.58493511281593,0.7657064401300355,0.6493584470610184,0.7685457233162651
5.1000000000000005,0.23417647307305045,98.56950269523523,0.7658235269269487,0.6646737778448127,0.7839026149009385
5.2,0.23407690201428985,98.55408563057867,0.7659230979857091,0.6799912714426075,0.7992589546452393
5.300000000000001,0.23399272752825423,98.53868212834783,0.7660072724717448,0.6953105991873918,0.814614742437854
5.4,0.23392208716590024,98.52329061499455,0.7660779128340987,0.7106314721783101,0.8299699781673695
5.5,0.23386334410881943,98.50790970764608,0.7661366558911794,0.7259536364697037,0.8453246617224011
5.6000000000000005,0.23381505957585472,98.49253819078268,0.7661849404241442,0.7412768688001504,0.8606787929915072
5.7,0.23377596896208347,98.47717499607039,0.7662240310379154,0.7566009728986702,0.8760323718632179
5.800000000000001,0.2337449608614136,98.46181918463152,0.7662550391385854,0.7719257762368733,0.8913853982260491
5.9,0.23372105849863828,98.44646993135171,0.7662789415013607,0.7872511271538922,0.9067378719684882
6.0,0.23370340326754743,98.43112651096742,0.7662965967324517,0.8025768923071034,0.9220897929789516
6.1000000000000005,0.2336912404507646,98.41578828599738,0.7663087595492345,0.8179029544603619,0.9374411611458981
6.2,0.23368390667413072,98.40045469614044,0.7663160933258685,0.8332292105406712,0.9527919763576875
6.300000000000001,0.23368081884766045,98.3851252489297,0.7663191811523387,0.8485555699249422,0.9681422385027076
6.4,0.23368146442875895,98.36979951150433,0.7663185355712402,0.8638819529313967,0.9834919474692754
6.5,0.23368539286296164,98.35447710337668,0.7663146071370375,0.8792082894932457,0.9988411031456934
6.6000000000000005,0.233692208098339,98.3391576901067,0.7663077919016602,0.8945345179985993,1.014189705420236
6.7,0.23370156198663622,98.32384097772591,0.766298438013363,0.9098605842676843,1.0295377541811632
6.800000000000001,0.23371314849273825,98.30852670784446,0.7662868515072611,0.9251864406552359,1.0448852493166925
6.9,0.23372669857091924,98.29321465332171,0.7662733014290801,0.9405120452561536,1.0602321907149985
7.0,0.23374197571008848,98.27790461450225,0.7662580242899109,0.9558373612147871,1.075578578264242
7.1000000000000005,0.233758771992296,98.26259641588551,0.7662412280077033,0.9711623561137349,1.0909244118525692
7.2,0.233776904638307,98.24728990320715,0.7662230953616923,0.9864870014381049,1.1062696913680696
7.300000000000001,0.23379621295176242,98.23198494085717,0.7662037870482369,1.001811272101538,1.1216144166988187
7.4,0.23381655568862614,98.21668140965743,0.7661834443113733,1.0171351460381388,1.136958587732849
7.5,0.2338378086746491,98.20137920484872,0.7661621913253502,1.0324586038328492,1.1523022043581932
7.6000000000000005,0.2338598626970156,98.18607823430965,0.7661401373029838,1.0477816283942976,1.1676452664628414
7.7,0.2338826217096591,98.17077841704022,0.7661173782903403,1.063104204676376,1.1829877739347268
7.800000000000001,0.2339060012760067,98.1554796818465,0.7660939987239928,1.0784263194364383,1.1983297266617967
7.9,0.23392992716454175,98.14018196615413,0.7660700728354576,1.0937479610173448,1.2136711245319418
8.0,0.2339543341657835,98.1248852150089,0.7660456658342158,1.1090691191638116,1.2290119674330384
8.1,0.2339791649373715,98.10958938010113,0.7660208350626277,1.1243897848431665,1.2443522552529203
8.200000000000001,0.23400436903997027,98.09429441895126,0.765995630960029,1.1397099500956338,1.2596919878794068
8.3,0.23402990211512784,98.07900029421542,0.7659700978848714,1.1550296079066373,1.275031165200275
8.4,0.23405572516171794,98.06370697307422,0.7659442748382813,1.1703487520944178,1.2903697871032875
8.5,0.2340818038871993,98.04841442668487,0.7659181961128,1.1856673772092665,1.3057078534761644
8.6,0.2341081081445796,98.03312262970545,0.7658918918554197,1.2009854784460705,1.3210453642065971
8.700000000000001,0.23413461142685527,98.01783155986801,0.7658653885731441,1.21630305156578,1.3363823191822775
8.8,0.23416129042106146,98.0025411976019,0.7658387095789378,1.2316200928261065,1.3517187182908117
8.9,0.2341881246255696,97.98725152571046,0.7658118753744297,1.2469365989220467,1.3670545614198346
9.0,0.23421509601303575,97.97196252908648,0.7657849039869635,1.262252566933493,1.38238984845691
9.1,0.23424218873179142,97.95667419445992,0.7657578112682079,1.2775679942788214,1.3977245792896014
9.200000000000001,0.23426938884018328,97.94138651017353,0.765730611159816,1.292882878673596,1.4130587538054158
9.3,0.23429668408080598,97.92609946599228,0.7657033159191933,1.3081972180954702,1.4283923718918743
9.4,0.23432406368039302,97.91081305293429,0.7656759363196063,1.3235110107530672,1.443725433436427
9.5,0.23435151817912356,97.89552726312665,0.7656484818208757,1.3388242550594294,1.4590579383264952
9.600000000000001,0.23437903922907422,97.88024208963535,0.7656209607709251,1.3541369496006868,1.474389886449515
9.700000000000001,0.23440661950160455,97.86495752638692,0.7655933804983949,1.3694490931216405,1.4897212776928512
9.8,0.23443425253015182,97.8496735680358,0.7655657474698475,1.384760684501317,1.5050521119438542
9.9,0.23446193260724796,97.83439020987727,0.7655380673927514,1.4000717227369406,1.5203823890898462
10.0,0.23448965477973052,97.81910744784352,0.7655103452202687,1.415382206943167,1.5357121090181067
10.100000000000001,0.23451741461261877,97.8038252783042,0.7654825853873806,1.4306921363153746,1.5510412716159152
10.200000000000001,0.23454520829049133,97.78854369815205,0.765454791709508,1.4460015101453998,1.5663698767704943
10.3,0.23457303241012634,97.7732627046278,0.765426967589873,1.4613103277892932,1.5816979243690525
10.4,0.23460088401026605,97.75798229534529,0.7653991159897333,1.4766185886719396,1.5970254142987699
10.5,0.23462876046134917,97.7427024681984,0.7653712395386503,1.491926292269898,1.612352346446798
10.600000000000001,0.23465665945998324,97.72742322135639,0.7653433405400162,1.507233438110538,1.6276787207002315
10.700000000000001,0.23468457897133457,97.71214455321521,0.7653154210286649,1.5225400257630666,1.6430045369461794
10.8,0.23471251720178601,97.69686646237446,0.7652874827982135,1.537846054834271,1.6583297950717082
10.9,0.2347404725899533,97.68158894762979,0.7652595274100462,1.5531515249671124,1.6736544949638272
11.0,0.23476844374237216,97.6663120079186,0.7652315562576274,1.5684564358307156,1.6889786365095603
11.100000000000001,0.23479642945520038,97.6510356423384,0.7652035705447991,1.5837607871237427,1.70430221959586
11.200000000000001,0.2348244286555621,97.63575985009724,0.7651755713444375,1.5990645785652577,1.7196252441096789
11.3,0.2348524404099902,97.62048463052089,0.7651475595900094,1.6143678098960423,1.7349477099379413
11.4,0.23488046389720466,97.60520998302981,0.7651195361027949,1.6296704808743523,1.750269616967529
11.5,0.23490849840239938,97.58993590713432,0.7650915015976002,1.6449725912750268,1.7655909650852948
11.600000000000001,0.23493654325891627,97.57466240238546,0.7650634567410833,1.6602741408804056,1.780911754178078
11.700000000000001,0.23496459794087296,97.55938946845309,0.7650354020591266,1.6755751294947379,1.7962319841326604
11.8,0.2349926619438054,97.54411710502515,0.7650073380561941,1.6908755569256073,1.8115516548358244
11.9,0.23502073476679197,97.5288453117926,0.7649792652332076,1.7061754229811452,1.8268707661743235
12.0,0.23504881612019282,97.51357408862475,0.7649511838798067,1.721474727502396,1.8421893180348405
12.100000000000001,0.2350769056038515,97.49830343529763,0.764923094396148,1.736773470313174,1.8575073103040864
12.200000000000001,0.23510500288972425,97.48303335164816,0.7648949971102753,1.7520716512485142,1.8728247428687155
12.3,0.23513310778433072,97.46776383762692,0.7648668922156688,1.7673692701643615,1.8881416156153392
12.4,0.2351612200206461,97.45249489312238,0.7648387799793535,1.7826663269052194,1.903457928430555
12.5,0.23518933939667863,97.43722651807792,0.7648106606033209,1.7979628213256935,1.9187736812009462
12.600000000000001,0.23521746576028685,97.42195871247907,0.7647825342397128,1.8132587532881461,1.9340888738130388
12.700000000000001,0.235245598950046,97.40669147630352,0.7647544010499535,1.8285541226534554,1.9494035061533452
12.8,0.23527373883509975,97.39142480955476,0.7647262611648998,1.8438489292872586,1.964717578108349
12.9,0.23530188530067914,97.37615871224992,0.7646981146993205,1.8591431730576875,1.9800310895645055
13.0,0.23533003823797513,97.36089318441113,0.7646699617620244,1.8744368538337692,1.9953440404082414
13.100000000000001,0.23535819757575963,97.34562822609233,0.7646418024242401,1.8897299714903597,2.010656430525941
13.200000000000001,0.2353863632344738,97.3303638373404,0.7646136367655259,1.905022525901003,2.0259682598039888
13.3,0.235414535128069,97.31510001819679,0.7645854648719307,1.9203145169382145,2.0412795281286975
13.4,0.2354427131710582,97.29983676870341,0.7645572868289415,1.9356059444745766,2.0565902353863805
13.5,0.2354708973198501,97.28457408893762,0.7645291026801495,1.9508968083891598,2.0719003814633226
13.600000000000001,0.23549908759770483,97.26931197903323,0.7645009124022948,1.9661871085714038,2.08720996624578
13.700000000000001,0.2355272838948542,97.25405043901175,0.7644727161051454,1.9814768448900433,2.1025189896199663
13.8,0.2355554861435975,97.23878946893021,0.7644445138564021,1.9967660172203254,2.117827451472081
13.9,0.2355836942649541,97.22352906883617,0.7644163057350455,2.0120546254357157,2.133135351688267
14.0,0.23561190838833573,97.20826923895312,0.7643880916116639,2.027342669442144,2.148442690154681
14.100000000000001,0.2356401283984859,97.19300997929804,0.7643598716015138,2.042630149107375,2.163749466757423
14.200000000000001,0.2356683542537048,97.17775128995002,0.7643316457462949,2.0579170643106153,2.1790556813825646
14.3,0.23569658591146322,97.16249317098747,0.7643034140885364,2.0732034149309215,2.194361333916163
14.4,0.23572482338963122,97.1472356225399,0.7642751766103684,2.0884892008566656,2.2096664242442188
14.5,0.23575306670646293,97.13197864473715,0.7642469332935368,2.103774421976247,2.2249709522527326
14.600000000000001,0.2357813158192034,97.11672223765754,0.7642186841807962,2.1190590781685943,2.240274917827662
14.700000000000001,0.23580957071738656,97.10146640140671,0.764190429282613,2.134343169317595,2.2555783208549514
14.8,0.23583783139381914,97.08621113609313,0.7641621686061805,2.1496266953076253,2.270881161220487
14.9,0.2358660978539563,97.0709564418358,0.7641339021460434,2.164909656025085,2.2861834388101556
15.0,0.23589437009044018,97.05570231874314,0.7641056299095594,2.180192051354229,2.3014851535097876
15.100000000000001,0.23592264810269742,97.04044876692925,0.7640773518973022,2.19547388118038,2.3167863052052127
15.200000000000001,0.23595093189143945,97.02519578650934,0.7640490681085602,2.210755145389028,2.3320868937822183
15.3,0.23597922144718272,97.00994337758999,0.7640207785528169,2.2260358438641235,2.3473869191265493
15.4,0.2360075167677182,96.99469154028397,0.7639924832322814,2.2413159764906703,2.362686381123936
15.5,0.23603581785180744,96.97944027470494,0.7639641821481922,2.256595543153788,2.377985279660095
15.600000000000001,0.23606412469487836,96.96418958096373,0.7639358753051212,2.2718745437380696,2.3932836146206995
15.700000000000001,0.23609243729539559,96.94893945917377,0.763907562704604,2.287152978128543,2.4085813858913667
15.8,0.23612075565740673,96.93368990945326,0.7638792443425929,2.302430846211058,2.4238785933577276
15.9,0.23614907977128877,96.91844093190885,0.7638509202287109,2.317708147869353,2.4391752369053563
16.0,0.2361774096309208,96.90319252665017,0.7638225903690788,2.3329848829876707,2.454471316419827
16.1,0.2362057452285174,96.88794469378547,0.7637942547714822,2.34826105144997,2.4697668317866572
16.2,0.23623408658345885,96.87269743344605,0.7637659134165408,2.363536653144324,2.485061782890668
16.3,0.23626243368383298,96.85745074573676,0.7637375663161667,2.3788116879540007,2.5003561696125445
16.400000000000002,0.23629078652720967,96.84220463077044,0.76370921347279,2.394086155763683,2.515649991836881
16.5,0.23631914511188143,96.82695908866067,0.7636808548881182,2.40936005645813,2.5309432494492228
16.6,0.2363475094403368,96.81171411952452,0.7636524905596629,2.424633389922731,2.5462359423351018
16.7,0.23637587951583408,96.79646972347979,0.7636241204841656,2.439906156042959,2.561528070380021
16.8,0.23640425533827725,96.78122590064147,0.7635957446617224,2.455178354703728,2.5768196334694267
16.900000000000002,0.23643263691040667,96.76598265112696,0.7635673630895929,2.4704499857903595,2.592110631488751
17.0,0.23646102423469897,96.7507399750535,0.7635389757653008,2.4857210491881103,2.607401064323412
17.1,0.23648941730627301,96.73549787253206,0.7635105826937267,2.50099154478112,2.622690931858756
17.2,0.23651781613101286,96.72025634368283,0.7634821838689869,2.5162614724550956,2.63798023398013
17.3,0.23654622071132256,96.70501538862304,0.7634537792886772,2.531530832095202,2.6532689705728387
17.400000000000002,0.23657463104984758,96.68977500747015,0.7634253689501522,2.5467996235866126,2.6685571415221574
17.5,0.23660304714494843,96.67453520033804,0.7633969528550513,2.5620678468138185,2.6838447467133193
17.6,0.23663146899769294,96.6592959673429,0.7633685310023067,2.5773355016616994,2.6991317860315434
17.7,0.23665989660966658,96.64405730860139,0.7633401033903332,2.5926025880151817,2.71441825936202
17.8,0.23668832998114098,96.62881922422909,0.7633116700188588,2.607869105758968,2.729704166589883
17.900000000000002,0.23671676911453102,96.6135817143434,0.7632832308854687,2.623135054778043,2.744989507600266
18.0,0.2367452140153373,96.59834477906443,0.7632547859846625,2.6384004349578176,2.760274282278232
18.1,0.2367736646810021,96.58310841850542,0.7632263353189976,2.653665246182486,2.775558490508857
18.2,0.23680212111153534,96.56787263278186,0.7631978788884644,2.6689294883365884,2.790842132177147
18.3,0.23683058330633078,96.5526374220087,0.7631694166936689,2.684193161304545,2.806125207168108
18.400000000000002,0.2368590512640762,96.53740278630035,0.7631409487359235,2.6994562649706397,2.8214077153667034
18.5,0.23688752498266305,96.52216872577057,0.7631124750173366,2.714718799219008,2.836689656657853
18.6,0.2369160044786325,96.506935240549,0.7630839955213672,2.729980763936536,2.851971030926464
18.7,0.2369444897506708,96.49170233075016,0.7630555102493289,2.745242159007416,2.867251838057385
18.8,0.2369729807940351,96.47646999648563,0.7630270192059646,2.760502984315302,2.8825320779354797
18.900000000000002,0.23700147760865112,96.46123823787104,0.7629985223913486,2.7757632397445122,2.897811750445527
19.0,0.23702998019402755,96.44600705502167,0.7629700198059721,2.7910229251792713,2.913090855472305
19.1,0.23705848854920689,96.43077644805241,0.7629415114507928,2.806282040503706,2.928369392900578
19.200000000000003,0.23708700267482813,96.41554641707958,0.7629129973251716,2.8215405856021576,2.9436473626150246
19.3,0.23711552258956278,96.4003169622348,0.762884477410437,2.8367985603616823,2.9589247645003525
19.400000000000002,0.23714404828320407,96.3850880836252,0.7628559517167957,2.8520559646649124,2.9742015984411836
19.5,0.23717257975694306,96.36985978136767,0.7628274202430567,2.867312798396185,2.9894778643221542
19.6,0.23720111701194763,96.35463205557905,0.7627988829880521,2.882569061439808,3.0047535620278296
19.700000000000003,0.23722966004935692,96.33940490637622,0.7627703399506428,2.8978247536800543,3.020028691442789
19.8,0.2372582088702757,96.32417833387602,0.7627417911297241,2.9130798750011637,3.035303252451527
19.900000000000002,0.23728676347799135,96.30895233819726,0.7627132365220084,2.928334425287644,3.050577244938566
20.0,0.237315323875775,96.29372691945872,0.7626846761242247,2.943588404423971,3.065850668788343
20.1,0.23734389006385542,96.2785020777766,0.7626561099361443,2.9588418122941795,3.0811235238852817
20.200000000000003,0.2373724620441979,96.2632778132686,0.7626275379558018,2.9740946487825104,3.0963958101138047
20.3,0.2374010398188631,96.24805412605258,0.7625989601811367,2.989346913773188,3.11166752735825
20.400000000000002,0.23742962339001167,96.2328310162465,0.7625703766099882,3.004598607150424,3.12693867550297
20.5,0.23745821275990864,96.2176084839684,0.7625417872400911,3.019849728798411,3.1422092544322737
20.6,0.2374868079214399,96.2023865293284,0.7625131920785599,3.0351002785999577,3.157479264030414
20.700000000000003,0.23751540888069644,96.18716515244785,0.7624845911193033,3.0503502564397555,3.172748704181629
20.8,0.23754401564060232,96.1719443534455,0.7624559843593974,3.065599662202005,3.188017574770157
20.900000000000002,0.23757262820307978,96.15672413243925,0.76242737179692,3.080848495770735,3.2032858756801375
21.0,0.23760124657013096,96.14150448954709,0.7623987534298688,3.0960967570299545,3.2185536067957514
21.1,0.23762987074383787,96.12628542488709,0.7623701292561619,3.111344445863655,3.2338207680010953
21.200000000000003,0.23765850072636244,96.11106693857745,0.7623414992736374,3.12659156215581,3.2490873591802654
21.3,0.23768713651994644,96.09584903073647,0.7623128634800533,3.1418381057903737,3.264353380217301
21.400000000000002,0.23771577812691158,96.08063170148253,0.7622842218730882,3.157084076651284,3.2796188309962275
21.5,0.23774442554965947,96.0654149509341,0.7622555744503403,3.1723294746224604,3.2948837114010274
21.6,0.23777307879067155,96.05019877920978,0.7622269212093282,3.1875742995878036,3.3101480213156833
21.700000000000003,0.2378017378398915,96.03498318641749,0.7621982621601082,3.202818551429321,3.3254117606240925
21.8,0.23783040269811748,96.01976817267443,0.7621695973018823,3.2180622300306023,3.3406749292101665
21.900000000000002,0.23785907337450898,96.00455373810497,0.7621409266254908,3.2333053352764534,3.3559375269577885
22.0,0.23788774987082006,95.9893398828272,0.7621122501291797,3.248547867050546,3.371199553750756
22.1,0.23791643218883451,95.97412660695922,0.7620835678111653,3.263789825236529,3.3864610094728818
22.200000000000003,0.237945120330366,95.95891391061926,0.7620548796696338,3.279031209718024,3.4017218940079488
22.3,0.23797381429725795,95.94370179392554,0.7620261857027418,3.2942720203786275,3.4169822072396983
22.400000000000002,0.23800251409138365,95.92849025699638,0.7619974859086162,3.309512257101912,3.4322419490518143
22.5,0.23803121971464616,95.91327929995015,0.7619687802853536,3.3247519197714217,3.4475011193279954
22.6,0.23805993116897836,95.89806892290521,0.7619400688310214,3.339991008270678,3.462759717951883
22.700000000000003,0.23808864845634298,95.88285912598009,0.7619113515436569,3.355229522483175,3.47801774480709
22.8,0.23811737157489093,95.86764990928998,0.7618826284251088,3.3704674622918382,3.4932751997771874
22.900000000000002,0.2381461005189702,95.85244127294686,0.7618538994810296,3.3857048275790262,3.508532082745745
23.0,0.2381748352974782,95.83723321707528,0.7618251647025215,3.4009416182291248,3.523788393596263
23.1,0.2382035759118709,95.82202574179335,0.7617964240881288,3.4161778341254396,3.539044132212254
23.200000000000003,0.23823232236360065,95.80681884721928,0.7617676776363991,3.4314134751512437,3.5542992984771615
23.3,0.2382610746541161,95.79161253347127,0.7617389253458836,3.4466485411897803,3.5695538922744134
23.400000000000002,0.23828983278486243,95.77640680066752,0.7617101672151373,3.461883032124264,3.5848079134873956
23.5,0.23831859675728112,95.76120164892633,0.7616814032427186,3.477116947837877,3.6000613619994795
23.6,0.2383473665728101,95.74599707836596,0.7616526334271896,3.492350288213774,3.615314237694008
23.700000000000003,0.23837614223288364,95.73079308910474,0.761623857767116,3.5075830531350767,3.630566540454268
23.8,0.23840492373893243,95.71558968126098,0.7615950762610673,3.522815242484877,3.645818270163531
23.900000000000002,0.2384337110923782,95.70038685495305,0.7615662889076215,3.5380468561462375,3.6610694267050405
24.0,0.23846250429432925,95.68518461029913,0.7615374957056704,3.553277894002116,3.676320009961998
24.1,0.23849130334642227,95.66998294741778,0.7615086966535773,3.5685083559355655,3.6915700198175756
24.200000000000003,0.23852010825005932,95.65478186642743,0.7614798917499402,3.583738241829554,3.7068194561549177
24.3,0.23854891900663808,95.63958136744654,0.7614510809933616,3.5989675515670196,3.722068318857154
24.400000000000002,0.2385777356175518,95.6243814505936,0.7614222643824479,3.61419628503087,3.737316607807344
24.5,0.23860655808418943,95.60918211598712,0.7613934419158102,3.629424442103982,3.75256432288856
24.6,0.23863538640793552,95.59398336374565,0.7613646135920641,3.644652022669203,3.76781146398379
24.700000000000003,0.23866422059017023,95.57878519398774,0.7613357794098294,3.65987902660935,3.7830580309760506
24.8,0.2386930606322693,95.56358760683197,0.7613069393677303,3.6751054538072068,3.798304023748287
24.900000000000002,0.23872190653560418,95.54839060239699,0.7612780934643955,3.6903313041455306,3.8135494421834295
25.0,0.2387507583015419,95.53319418080142,0.7612492416984578,3.7055565775070463,3.828794286164367
25.1,0.23877961593663646,95.51799834216854,0.7612203840633631,3.720781273775007,3.8440385555739454
25.200000000000003,0.23880847944045644,95.50280308661549,0.7611915205595432,3.7360053928318835,3.859282250295024
25.3,0.23883734881281934,95.48760841425958,0.7611626511871803,3.751228934560145,3.8745253702103923
25.400000000000002,0.2388662240551941,95.4724143252197,0.7611337759448056,3.7664518988424085,3.8897679152028104
25.5,0.2388951051690422,95.45722081961469,0.7611048948309574,3.7816742855612593,3.9050098851550246
25.6,0.23892399215581775,95.44202789756348,0.761076007844182,3.7968960945992527,3.920251279949724
25.700000000000003,0.23895288501696738,95.42683555918497,0.7610471149830322,3.8121173258389125,3.935492099469613
25.8,0.23898178375393034,95.41164380459811,0.7610182162460692,3.8273379791627318,3.950732343597309
25.900000000000002,0.2390106883681384,95.39645263392188,0.7609893116318612,3.8425580544531743,3.965972012215431
26.0,0.23903959886101595,95.38126204727526,0.7609604011389837,3.8577775515926707,3.981211105206569
26.1,0.23906851523397987,95.36607204477727,0.7609314847660198,3.8729964704636237,3.9964496224532553
26.200000000000003,0.23909743748843973,95.35088262654695,0.7609025625115599,3.888214810948403,4.011687563838009
26.3,0.2391263656257976,95.33569379270337,0.7608736343742021,3.9034325729293484,4.026924929243336
26.400000000000002,0.2391552996474481,95.32050554336558,0.7608447003525516,3.918649756288769,4.042161718551668
26.5,0.2391842395547785,95.30531787865274,0.7608157604452211,3.9338663609089433,4.05739793164544
26.6,0.23921318534916855,95.29013079868396,0.7607868146508311,3.949082386672119,4.072633568407042
26.700000000000003,0.23924213703199063,95.2749443035784,0.760757862968009,3.964297833460513,4.0878686287188515
26.8,0.2392710946046097,95.25975839345521,0.76072890539539,3.97951270115631,4.10310311246316
26.900000000000002,0.23930005806838325,95.24457306843362,0.7606999419316164,3.9947269896416677,4.118337019522301
27.0,0.2393290274246614,95.22938832863287,0.7606709725753382,4.009940698798709,4.133570349778523
27.1,0.2393580026747867,95.21420417417217,0.7606419973252129,4.025153828509529,4.148803103114076
27.200000000000003,0.23938698382009452,95.19902060517082,0.7606130161799052,4.0403663786561905,4.164035279411152
27.3,0.23941597086191255,95.1838376217481,0.7605840291380871,4.055578349120726,4.179266878551928
27.400000000000002,0.2394449638015612,95.16865522402334,0.7605550361984384,4.070789739785137,4.194497900418554
27.5,0.2394739626403534,95.15347341211587,0.7605260373596462,4.086000550531394,4.209728344893122
27.6,0.23950296737959467,95.13829218614507,0.7604970326204049,4.10121078124144,4.224958211857725
27.700000000000003,0.23953197803396423,95.12311154624246,0.7604680219660355,4.116420431798422,4.240187501194413
27.8,0.2395609946003518,95.10793149252346,0.7604390053996478,4.131629502083811,4.255416212785192
27.900000000000002,0.23959001707413663,95.09275202510214,0.760409982925863,4.1468379919789085,4.270644346512057
28.0,0.2396190454567789,95.07757314409815,0.7603809545432207,4.162045901365549,4.285871902256943
28.1,0.23964807974973504,95.06239484963112,0.7603519202502645,4.177253230125538,4.301098879901801
28.200000000000003,0.2396771199544579,95.04721714182072,0.7603228800455417,4.192459978140646,4.316325279328495
28.3,0.23970616607239653,95.0320400207867,0.7602938339276031,4.2076661452926185,4.331551100418906
28.400000000000002,0.23973521810499637,95.01686348664875,0.7602647818950032,4.222871731463169,4.346776343054856
28.5,0.23976427605369913,95.00168753952664,0.7602357239463006,4.238076736533977,4.362001007118138
28.6,0.2397933399199428,94.98651217954016,0.7602066600800568,4.253281160386699,4.377225092490505
28.700000000000003,0.23982240970516183,94.97133740680913,0.7601775902948378,4.268485002902953,4.392448599053722
28.8,0.23985148541078677,94.95616322145337,0.7601485145892128,4.283688263964331,4.4076715266894695
28.900000000000002,0.2398805670382446,94.94098962359277,0.760119432961755,4.298890943452395,4.422893875279442
29.0,0.2399096545889586,94.9258166133472,0.760090345411041,4.314093041248676,4.438115644705249
29.1,0.23993874806434837,94.91064419083659,0.7600612519356512,4.3292945572346735,4.453336834848514
29.200000000000003,0.23996784746582978,94.89547235618089,0.7600321525341699,4.344495491291856,4.468557445590818
29.3,0.239996952794815,94.88030110950007,0.7600030472051846,4.359695843301665,4.483777476813714
29.400000000000002,0.24002606405271262,94.86513045091412,0.759973935947287,4.374895613145509,4.498996928398697
29.5,0.24005518124092737,94.84996038054308,0.7599448187590723,4.390094800704766,4.5142158002272765
29.6,0.24008430436086045,94.834790898507,0.7599156956391392,4.405293405860785,4.529434092180878
29.700000000000003,0.24011343341390926,94.81962200492595,0.7598865665860904,4.420491428494884,4.5446518041409405
29.8,0.24014256840146755,94.80445369992003,0.7598574315985321,4.4356888684883495,4.559868935988845
29.900000000000002,0.2401717093249254,94.7892859836094,0.7598282906750743,4.450885725722439,4.575085487605961
30.0,0.24020085618566916,94.77411885611421,0.7597991438143304,4.466082000078379,4.590301458873611
30.1,0.24023000898508154,94.75895231755463,0.759769991014918,4.481277691437367,4.60551684967308
30.200000000000003,0.2402591677245415,94.74378636805089,0.7597408322754582,4.49647279968057,4.620731659885649
30.3,0.24028833241526001,94.72862100773246,0.7597116675847396,4.511667324689719,4.635945889392545
30.400000000000002,0.24031750305691865,94.71345623671802,0.759682496943081,4.526861266345818,4.651159538074964
30.5,0.24034667964514175,94.69829205512247,0.7596533203548579,4.542054624529591,4.6663726058140895
30.6,0.2403758621814376,94.68312846306627,0.759624137818562,4.557247399122094,4.681585092491048
30.700000000000003,0.24040505066731432,94.66796546066989,0.7595949493326852,4.572439590004348,4.696796997986965
30.8,0.24043424510427983,94.65280304805385,0.7595657548957198,4.587631197057345,4.712008322182882
30.900000000000002,0.24046344549384185,94.63764122533871,0.7595365545061578,4.60282222016205,4.727219064959883
31.0,0.24049265183750793,94.62247999264503,0.7595073481624917,4.618012659199393,4.742429226198965
31.1,0.24052186413678536,94.60731935009342,0.7594781358632142,4.633202514050279,4.757638805781113
31.200000000000003,0.24055108239318135,94.59215929780451,0.7594489176068182,4.648391784595579,4.772847803587268
31.3,0.24058030660820282,94.57699983589899,0.7594196933917968,4.663580470716133,4.7880562194983725
31.400000000000002,0.24060953678335653,94.56184096449752,0.759390463216643,4.678768572292756,4.803264053395296
31.5,0.24063877292014907,94.54668268372085,0.7593612270798505,4.693956089206228,4.8184713051589085
31.6,0.24066801502008678,94.5315249936897,0.7593319849799128,4.709143021337301,4.8336779746700245
31.700000000000003,0.24069726308467584,94.5163678945249,0.7593027369153238,4.724329368566696,4.848884061809443
31.8,0.24072651711542226,94.50121138634724,0.7592734828845774,4.739515130775104,4.8640895664579205
31.900000000000002,0.2407557771138318,94.48605546927756,0.7592442228861678,4.754700307843186,4.879294488496214
32.0,0.2407850430814101,94.47090014343675,0.7592149569185895,4.769884899651572,4.894498827804995
32.1,0.24081431501966255,94.45574540894572,0.759185684980337,4.785068906080865,4.909702584264949
32.2,0.24084359293009436,94.44059126592538,0.7591564070699053,4.800252327011633,4.924905757756719
32.300000000000004,0.24087287681421055,94.42543771449671,0.759127123185789,4.815435162324419,4.940108348160891
32.4,0.24090216667351597,94.4102847547807,0.7590978333264836,4.830617411899728,4.9553103553580655
32.5,0.2409314625095152,94.39513238689838,0.7590685374904844,4.845799075618046,4.970511779228758
32.6,0.24096076432371272,94.37998061097082,0.759039235676287,4.860980153359819,4.985712619653512
32.7,0.24099007211761275,94.36482942711906,0.7590099278823869,4.876160645005467,5.0009128765127855
32.800000000000004,0.2410193858927194,94.34967883546426,0.7589806141072802,4.89134055043538,5.016112549687037
32.9,0.24104870565317912,94.33452883613069,0.7589512943468205,4.906519869529409,5.031311639056696
33.0,0.24107803140057305,94.31937942923962,0.7589219685994265,4.921698602167868,5.046510144502136
33.1,0.24110736313440412,94.30423061490987,0.7588926368655955,4.936876748231441,5.061708065903716
33.2,0.24113670085621888,94.28908239326275,0.7588632991437807,4.952054307600387,5.076905403141751
33.300000000000004,0.24116604456756466,94.27393476441954,0.7588339554324349,4.967231280154938,5.0921021560965585
33.4,0.2411953942699898,94.25878772850162,0.7588046057300099,4.982407665775292,5.107298324648383
33.5,0.2412247499650433,94.24364128563033,0.7587752500349563,4.99758346434162,5.12249390867747
33.6,0.24125411165427524,94.22849543592713,0.7587458883457243,5.012758675734059,5.137688908063993
33.7,0.24128347933923636,94.21335017951343,0.7587165206607632,5.027933299832719,5.1528833226881545
33.800000000000004,0.24131285302147837,94.19820551651071,0.7586871469785212,5.043107336517678,5.168077152430058
33.9,0.2413422327025538,94.18306144704049,0.7586577672974457,5.05828078566898,5.183270397169835
34.0,0.2413716183840161,94.16791797122428,0.7586283816159834,5.073453647166649,5.198463056787546
34.1,0.24140101006741949,94.15277508918366,0.7585989899325801,5.088625920890668,5.213655131163236
34.2,0.24143040775431907,94.13763280104024,0.7585695922456805,5.103797606720994,5.228846620176924
34.300000000000004,0.24145981144627082,94.12249110691563,0.7585401885537287,5.118968704537553,5.24403752370857
34.4,0.2414892211448316,94.1073500069315,0.758510778855168,5.134139214220242,5.25922784163815
34.5,0.24151863685155905,94.09220950120955,0.7584813631484405,5.149309135648926,5.274417573845568
34.6,0.2415480585680118,94.07706958987148,0.7584519414319878,5.16447846870344,5.289606720210713
34.7,0.24157748629574916,94.06193027303907,0.7584225137042504,5.179647213263589,5.304795280613433
34.800000000000004,0.24160692003633144,94.0467915508341,0.7583930799636681,5.194815369209148,5.319983254933561
34.9,0.24163635979131975,94.03165342337837,0.7583636402086799,5.209982936419858,5.335170643050873
35.0,0.2416658055622761,94.01651589079376,0.7583341944377234,5.225149914775437,5.350357444845159
35.1,0.2416952573507633,94.0013789532021,0.7583047426492363,5.240316304155566,5.365543660196124
35.2,0.24172471515834504,93.98624261072536,0.7582752848416545,5.255482104439898,5.380729288983474
35.300000000000004,0.2417541789865859,93.97110686348545,0.7582458210134136,5.2706473155080555,5.395914331086885
35.4,0.24178364883705128,93.95597171160433,0.7582163511629483,5.28581193723963,5.411098786385978
35.5,0.24181312470981522,93.9408371552032,0.7581868752901844,5.30097596951353,5.426282654760371
35.6,0.2418426066060236,93.92570319440384,0.7581573933939759,5.316139412209101,5.441465936089614
35.7,0.24187209452869893,93.91056982932913,0.7581279054713006,5.331302265206483,5.456648630253284
35.800000000000004,0.2419015884793823,93.89543706010116,0.7580984115206172,5.346464528385134,5.471830737130858
35.9,0.2419310884596152,93.88030488684205,0.7580689115403844,5.361626201624481,5.48701225660183
36.0,0.24196059447093912,93.86517330967393,0.7580394055290605,5.376787284803923,5.502193188545661
36.1,0.24199010651489583,93.85004232871898,0.7580098934851037,5.391947777802826,5.517373532841745
36.2,0.24201962459302728,93.83491194409942,0.7579803754069723,5.407107680500525,5.532553289369474
36.300000000000004,0.24204914870687558,93.81978215593747,0.757950851293124,5.422266992776326,5.547732458008198
36.4,0.242078678857983,93.8046529643554,0.7579213211420166,5.437425714509501,5.562911038637253
36.5,0.24210821504789207,93.78952436947552,0.7578917849521075,5.452583845579298,5.578089031135917
36.6,0.24213775727814543,93.77439637142014,0.7578622427218541,5.467741385864927,5.593266435383455
36.7,0.24216730555028598,93.75926897031164,0.7578326944497136,5.482898335245572,5.608443251259104
36.800000000000004,0.2421968598658567,93.7441421662724,0.7578031401341428,5.498054693600384,5.623619478642041
36.9,0.2422264202264009,93.72901595942483,0.7577735797735987,5.513210460808484,5.638795117411448
37.0,0.2422559866334619,93.71389034989141,0.7577440133665376,5.528365636748964,5.6539701674464595
37.1,0.24228555908858337,93.69876533779463,0.7577144409114162,5.5435202213008825,5.669144628626171
37.2,0.24231513759330905,93.68364092325696,0.7576848624066905,5.558674214343268,5.684318500829647
37.300000000000004,0.24234472214918293,93.66851710640098,0.7576552778508167,5.573827615755121,5.6994917839359545
37.4,0.24237431275774915,93.65339388734927,0.7576256872422504,5.588980425415407,5.714664477824073
37.5,0.24240390942055204,93.63827126622441,0.7575960905794475,5.604132643203065,5.729836582373011
37.6,0.24243351213913614,93.62314924314906,0.7575664878608634,5.619284268997,5.745008097461692
37.7,0.24246312091504615,93.60802781824587,0.7575368790849534,5.634435302676089,5.760179022969027
37.800000000000004,0.24249273574982697,93.59290699163756,0.7575072642501726,5.649585744119177,5.775349358773923
37.9,0.24252235664502367,93.57778676344687,0.7574776433549759,5.6647355932050765,5.790519104755219
38.0,0.2425519836021815,93.56266713379652,0.7574480163978181,5.679884849812574,5.805688260791726
38.1,0.24258161662266226,93.54754810280947,0.7574183833773372,5.695033513820108,5.8208568267622525
38.2,0.24261125570789946,93.53242967060861,0.7573887442921,5.710181585106207,5.836024802545552
38.300000000000004,0.24264090085966983,93.51731183731663,0.7573590991403297,5.72532906354996,5.851192188020349
38.400000000000006,0.24267055207951538,93.50219460305641,0.7573294479204842,5.740475949030021,5.866358983065339
38.5,0.24270020936897832,93.48707796795088,0.7572997906310212,5.75562224142501,5.881525187559191
38.6,0.24272987272960095,93.471961932123,0.7572701272703986,5.770767940613526,5.896690801380544
38.7,0.24275954216292553,93.45684649569571,0.7572404578370739,5.785913046474127,5.911855824407979
38.800000000000004,0.24278921767049458,93.44173165879207,0.7572107823295049,5.8010575588853435,5.9270202565200805
38.900000000000006,0.24281889925385058,93.42661742153508,0.757181100746149,5.816201477725678,5.942184097595387
39.0,0.2428485869145362,93.41150378404785,0.7571514130854633,5.8313448028735975,5.957347347512396
39.1,0.2428782806540941,93.39639074645346,0.7571217193459054,5.846487534207543,5.972510006149605
39.2,0.24290798047406711,93.38127830887507,0.7570920195259324,5.86162967160592,5.987672073385454
39.300000000000004,0.24293768637599808,93.3661664714358,0.7570623136240014,5.876771214947108,6.002833549098341
39.400000000000006,0.24296739836143003,93.3510552342589,0.7570326016385694,5.89191216410945,6.017994433166663
39.5,0.242997116431906,93.33594459746756,0.7570028835680935,5.907052518971263,6.033154725468776
39.6,0.24302684058896917,93.32083456118505,0.7569731594110304,5.922192279410831,6.048314425882978
39.7,0.24305657083416274,93.30572512553466,0.7569434291658368,5.937331445306409,6.063473534287581
39.800000000000004,0.2430863071690301,93.29061629063973,0.7569136928309694,5.952470016536218,6.078632050560827
39.900000000000006,0.24311604959511462,93.27550805662358,0.7568839504048849,5.967607992978449,6.093789974580943
40.0,0.24314579811395987,93.26040042360961,0.7568542018860397,5.982745374511264,6.108947306226142
40.1,0.24317555272710942,93.24529339172123,0.7568244472728901,5.997882161012795,6.124104045374565
40.2,0.24320531343610693,93.23018696108188,0.7567946865638926,6.013018352361139,6.139260191904356
40.300000000000004,0.24323508024249627,93.21508113181504,0.7567649197575033,6.028153948434366,6.154415745693612
40.400000000000006,0.2432648531478212,93.19997590404422,0.7567351468521784,6.043288949110513,6.169570706620405
40.5,0.2432946321536258,93.18487127789295,0.7567053678463738,6.058423354267587,6.1847250745627775
40.6,0.243324417261454,93.1697672534848,0.7566755827385455,6.073557163783564,6.199878849398729
40.7,0.24335420847409886,93.15466383094534,0.7566457915259006,6.088690377535678,6.215032031006231
40.800000000000004,0.24338400579435152,93.13956101040013,0.756615994205648,6.103822995401133,6.230184619263241
40.900000000000006,0.24341380922166725,93.12445879196957,0.7565861907783323,6.118955017259004,6.245336614047659
41.0,0.2434436187576046,93.10935717577739,0.7565563812423949,6.134086442987131,6.260488015237371
41.1,0.2434734344037222,93.0942561619473,0.7565265655962773,6.149217272463334,6.275638822710221
41.2,0.24350325616157875,93.0791557506031,0.7564967438384208,6.164347505565392,6.2907890363440515
41.300000000000004,0.24353308403273294,93.06405594186859,0.7564669159672666,6.179477142171058,6.305938656016622
41.400000000000006,0.24356291801874355,93.0489567358676,0.7564370819812559,6.194606182158054,6.321087681605704
41.5,0.2435927581211694,93.03385813272402,0.7564072418788301,6.20973462540407,6.336236112989013
41.6,0.24362260434156935,93.01876013256172,0.7563773956584302,6.224862471786766,6.3513839500442515
41.7,0.2436524566815023,93.00366273550465,0.7563475433184973,6.239989721183772,6.366531192649077
41.800000000000004,0.2436823151425272,92.98856594167675,0.7563176848574723,6.255116373472685,6.381677840681121
41.900000000000006,0.24371217972620307,92.97346975120205,0.7562878202737965,6.2702424285310725,6.396823894017999
42.0,0.24374205043408897,92.95837416420453,0.7562579495659105,6.28536788623647,6.411969352537241
42.1,0.24377192726774405,92.94327918080828,0.7562280727322555,6.300492746466385,6.427114216116422
42.2,0.24380181022872738,92.92818480113735,0.7561981897712722,6.315617009098292,6.4422584846330295
42.300000000000004,0.24383169931859822,92.91309102531588,0.7561683006814013,6.330740674009635,6.4574021579645375
42.400000000000006,0.24386159453891582,92.897997853468,0.7561384054610837,6.345863741077828,6.472545235988406
42.5,0.24389149589123946,92.8829052857179,0.7561085041087601,6.360986210180251,6.487687718582009
42.6,0.24392140337712848,92.86781332218979,0.756078596622871,6.376108081194258,6.502829605622779
42.7,0.24395131699814232,92.85272196300788,0.7560486830018572,6.39122935399717,6.517970896988018
42.800000000000004,0.24398123675584035,92.83763120829649,0.7560187632441592,6.406350028466276,6.533111592555059
42.900000000000006,0.24401116265178216,92.82254105817987,0.7559888373482174,6.421470104478836,6.548251692201205
43.0,0.24404109468752722,92.80745151278236,0.7559589053124723,6.4365895819120755,6.563391195803703
43.1,0.24407103286463513,92.79236257222836,0.7559289671353644,6.451708460643197,6.578530103239757
43.2,0.24410097718466556,92.77727423664221,0.7558990228153339,6.466826740549365,6.593668414386585
43.300000000000004,0.24413092764917815,92.76218650614838,0.7558690723508213,6.481944421507715,6.608806129121319
43.400000000000006,0.24416088425973267,92.74709938087129,0.7558391157402669,6.4970615033953525,6.623943247321122
43.5,0.24419084701788893,92.73201286093546,0.7558091529821106,6.512177986089352,6.639079768863084
43.6,0.2442208159252067,92.71692694646536,0.7557791840747928,6.5272938694667575,6.654215693624252
43.7,0.2442507909832459,92.70184163758557,0.7557492090167537,6.542409153404582,6.669351021481674
43.800000000000004,0.24428077219356642,92.68675693442067,0.7557192278064331,6.557523837779806,6.684485752312369
43.900000000000006,0.2443107595577283,92.67167283709526,0.7556892404422713,6.572637922469382,6.699619885993286
44.0,0.24434075307729153,92.65658934573398,0.755659246922708,6.587751407350229,6.714753422401387
44.1,0.24437075275381617,92.6415064604615,0.7556292472461834,6.602864292299238,6.729886361413563
44.2,0.24440075858886237,92.62642418140251,0.7555992414111371,6.617976577193268,6.745018702906705
44.300000000000004,0.2444307705839903,92.61134250868176,0.7555692294160092,6.633088261909146,6.760150446757663
44.400000000000006,0.24446078874076016,92.59626144242401,0.7555392112592394,6.648199346323668,6.775281592843243
44.5,0.24449081306073225,92.58118098275405,0.7555091869392673,6.663309830313601,6.79041214104025
44.6,0.24452084354546685,92.56610112979669,0.7554791564545327,6.678419713755683,6.805542091225405
44.7,0.24455088019652435,92.55102188367682,0.7554491198034752,6.693528996526616,6.820671443275472
44.800000000000004,0.24458092301546516,92.5359432445193,0.7554190769845344,6.708637678503074,6.835800197067101
44.900000000000006,0.24461097200384974,92.52086521244907,0.7553890279961498,6.7237457595617,6.850928352476984
45.0,0.2446410271632386,92.50578778759105,0.7553589728367609,6.7388532395791065,6.866055909381728
45.1,0.24467108849519228,92.49071097007023,0.7553289115048072,6.753960118431876,6.881182867657941
45.2,0.24470115600127143,92.47563476001163,0.7552988439987282,6.769066395996559,6.896309227182186
45.300000000000004,0.24473122968303668,92.46055915754027,0.7552687703169628,6.784172072149674,6.911434987831001
45.400000000000006,0.24476130954485004,92.44548416278778,0.7552386904551495,6.7992771467639885,6.926560149480878
45.5,0.24479139558898233,92.43040977588088,0.7552086044110172,6.814381619715015,6.941684712008296
45.6,0.2448214878139766,92.4153359969377,0.7551785121860229,6.829485490883195,6.956808675289707
45.7,0.24485158622141065,92.40026282608342,0.7551484137785889,6.844588760144899,6.971932039201505
45.800000000000004,0.24488169081286243,92.3851902634433,0.7551183091871371,6.859691427376472,6.987054803620083
45.900000000000006,0.24491180158991027,92.3701183091426,0.7550881984100892,6.874793492454225,7.0021769684217645
46.0,0.24494191855413264,92.3550469633066,0.7550580814458668,6.889894955254438,7.017298533482872
46.1,0.24497204170710835,92.33997622606066,0.7550279582928912,6.904995815653363,7.032419498679715
46.2,0.24500217105041644,92.32490609753012,0.7549978289495831,6.920096073527218,7.047539863888517
46.300000000000004,0.24503230658563618,92.30983657784036,0.7549676934143633,6.9351957287521895,7.0626596289855
46.400000000000006,0.24506244831434712,92.29476766711683,0.7549375516856525,6.950294781204435,7.077778793846875
46.5,0.24509259623812907,92.27969936548496,0.7549074037618705,6.965393230760078,7.092897358348779
46.6,0.2451227503585621,92.26463167307026,0.7548772496414374,6.980491077295216,7.108015322367351
46.7,0.24515291067722653,92.24956458999823,0.754847089322773,6.99558832068591,7.1231326857787
46.800000000000004,0.2451830771957029,92.23449811639442,0.7548169228042966,7.010684960808194,7.138249448458851
46.900000000000006,0.24521324991557208,92.21943225238442,0.7547867500844274,7.025780997538067,7.153365610283885
47.0,0.24524342883841516,92.20436699809383,0.7547565711615843,7.040876430751499,7.168481171129756
47.1,0.24527361396581346,92.1893023536483,0.7547263860341861,7.055971260324431,7.183596130872473
47.2,0.2453038052993486,92.1742383191735,0.754696194700651,7.071065486132769,7.198710489387963
47.300000000000004,0.24533400284060242,92.15917489479513,0.7546659971593971,7.0861591080523905,7.213824246552136
47.400000000000006,0.245364206591157,92.14411208063893,0.7546357934088425,7.101252125959141,7.2289374022408595
47.5,0.2453944165525948,92.12904987683068,0.7546055834474047,7.116344539728833,7.244049956329974
47.6,0.2454246327264984,92.11398828349616,0.7545753672735012,7.131436349237254,7.259161908695319
47.7,0.24545485511445067,92.0989273007612,0.7545451448855488,7.146527554360154,7.274273259212663
47.800000000000004,0.24548508371803476,92.08386692875169,0.7545149162819648,7.1616181549732545,7.2893840077577465
47.900000000000006,0.24551531853883407,92.0688071675935,0.7544846814611654,7.176708150952246,7.30449415420631
48.0,0.24554555957843224,92.05374801741256,0.7544544404215673,7.191797542172786,7.319603698434037
48.1,0.2455758068384132,92.03868947833482,0.7544241931615864,7.206886328510505,7.3347126403165674
48.2,0.2456060603203611,92.02363155048627,0.7543939396796384,7.221974509840998,7.349820979729543
48.300000000000004,0.2456363200258604,92.00857423399295,0.7543636799741391,7.237062086039833,7.364928716548562
48.400000000000006,0.24566658595649568,91.99351752898086,0.7543334140435038,7.252149056982542,7.380035850649179
48.5,0.245696858113852,91.97846143557614,0.7543031418861476,7.267235422544631,7.395142381906922
48.6,0.24572713649951447,91.96340595390485,0.7542728635004851,7.282321182601572,7.410248310197304
48.7,0.24575742111506854,91.94835108409318,0.754242578884931,7.297406337028805,7.425353635395794
48.800000000000004,0.24578771196209998,91.93329682626727,0.7542122880378995,7.312490885701743,7.440458357377821
48.900000000000006,0.2458180090421947,91.91824318055335,0.7541819909578048,7.327574828495765,7.455562476018798
49.0,0.2458483123569389,91.90319014707764,0.7541516876430606,7.342658165286215,7.470665991194096
49.1,0.2458786219079191,91.88813772596642,0.7541213780920805,7.357740895948416,7.485768902779071
49.2,0.245908937696722,91.87308591734599,0.7540910623032775,7.37282302035765,7.500871210649024
49.300000000000004,0.2459392597249346,91.85803472134268,0.754060740275065,7.387904538389175,7.5159729146792245
49.400000000000006,0.24596958799414415,91.84298413808284,0.7540304120058554,7.402985449918212,7.531074014744959
49.5,0.24599992250593813,91.8279341676929,0.7540000774940614,7.418065754819955,7.546174510721414
49.6,0.24603026326190433,91.81288481029925,0.7539697367380952,7.433145452969567,7.561274402483775
49.7,0.24606061026363074,91.79783606602837,0.7539393897363688,7.448224544242177,7.5763736899072285
49.800000000000004,0.24609096351270562,91.78278793500674,0.7539090364872939,7.463303028512886,7.591472372866889
49.900000000000006,0.2461213230107175,91.76774041736087,0.753878676989282,7.478380905656761,7.606570451237829
50.0,0.2461516887592552,91.75269351321732,0.7538483112407444,7.493458175548839,7.621667924895121
50.1,0.24618206076241703,91.73764722271225,0.7538179392375824,7.50853483805707,7.636764793713809
50.2,0.24621243902136222,91.72260154597063,0.7537875609786373,7.523610893057643,7.651861057568894
50.300000000000004,0.24624282353594987,91.7075564831125,0.7537571764640496,7.538686340430363,7.666956716335321
50.400000000000006,0.24627321430778165,91.69251203426458,0.7537267856922178,7.553761180050113,7.682051769888034
50.5,0.24630361133845968,91.67746819955363,0.7536963886615398,7.568835411791738,7.697146218101963
50.6,0.24633401462958646,91.66242497910645,0.753665985370413,7.583909035530057,7.712240060851954
50.7,0.2463644241827649,91.64738237304982,0.7536355758172345,7.5989820511398545,7.7273332980128515
50.800000000000004,0.24639483999959844,91.63234038151063,0.753605160000401,7.614054458495883,7.742425929459486
50.900000000000006,0.24642526208169077,91.61729900461575,0.7535747379183086,7.629126257472866,7.757517955066618
51.0,0.24645569043064616,91.60225824249207,0.7535443095693534,7.644197447945492,7.77260937470902
51.1,0.2464861250480692,91.58721809526656,0.7535138749519303,7.6592680297884215,7.7877001882613826
51.2,0.2465165659355649,91.5721785630662,0.7534834340644345,7.674338002876281,7.8027903955984215
51.300000000000004,0.24654701309473878,91.55713964601799,0.7534529869052606,7.689407367083667,7.817879996594755
51.400000000000006,0.2465774665271967,91.54210134424896,0.7534225334728027,7.704476122285142,7.832968991125043
51.5,0.24660792623454494,91.52706365788622,0.7533920737654545,7.719544268355238,7.84805737906386
51.6,0.2466383922183903,91.51202658705684,0.7533616077816092,7.734611805168461,7.863145160285768
51.7,0.2466688644803398,91.49699013188798,0.7533311355196597,7.749678732599276,7.8782323346652845
51.800000000000004,0.2466993430220011,91.4819542925068,0.7533006569779984,7.764745050522122,7.893318902076942
51.900000000000006,0.24672982784498215,91.46691906904049,0.7532701721550173,7.779810758811406,7.908404862395173
52.0,0.24676031895089137,91.4518844616163,0.7532396810491081,7.794875857341501,7.923490215494439
52.1,0.2467908163413376,91.43685047036149,0.7532091836586619,7.809940345986753,7.938574961249117
52.2,0.24682132001793003,91.42181709540337,0.7531786799820694,7.825004224621474,7.95365909953361
52.300000000000004,0.24685182998227836,91.40678433686925,0.7531481700177212,7.8400674931199426,7.968742630222238
52.400000000000006,0.24688234623599267,91.3917521948865,0.7531176537640069,7.855130151356407,7.98382555318932
52.5,0.24691286878068347,91.37672066958251,0.753087131219316,7.870192199205085,7.998907868309132
52.6,0.24694339761796172,91.36168976108472,0.7530566023820378,7.885253636540163,8.013989575455938
52.7,0.2469739327494387,91.34665946952056,0.7530260672505608,7.900314463235795,8.029070674503927
52.800000000000004,0.24700447417672622,91.33162979501753,0.7529955258232732,7.915374679166103,8.044151165327307
52.900000000000006,0.24703502190143647,91.31660073770317,0.752964978098563,7.930434284205178,8.05923104780021
53.0,0.24706557592518208,91.30157229770502,0.7529344240748174,7.945493278227079,8.074310321796773
53.1,0.24709613624957602,91.28654447515066,0.7529038637504235,7.960551661105834,8.0893889871911
53.2,0.24712670287623176,91.2715172701677,0.7528732971237677,7.975609432715441,8.104467043857227
53.300000000000004,0.24715727580676322,91.25649068288382,0.7528427241932363,7.990666592929863,8.119544491669188
53.400000000000006,0.24718785504278462,91.24146471342667,0.7528121449572148,8.005723141623033,8.134621330500977
53.5,0.24721844058591072,91.22643936192397,0.7527815594140888,8.020779078668854,8.149697560226585
53.6,0.24724903243775662,91.21141462850348,0.7527509675622428,8.035834403941195,8.16477318071992
53.7,0.2472796305999379,91.19639051329295,0.7527203694000616,8.050889117313895,8.179848191854887
53.800000000000004,0.24731023507407052,91.18136701642023,0.752689764925929,8.065943218660761,8.194922593505368
53.900000000000006,0.24734084586177088,91.16634413801312,0.7526591541382286,8.08099670785557,8.20999638554521
54.0,0.24737146296465576,91.15132187819951,0.7526285370353437,8.096049584772063,8.225069567848209
54.1,0.24740208638434244,91.1363002371073,0.7525979136156571,8.111101849283955,8.240142140288143
54.2,0.24743271612244855,91.12127921486444,0.7525672838775509,8.126153501264925,8.255214102738762
54.300000000000004,0.24746335218059215,91.10625881159888,0.7525366478194073,8.141204540588625,8.270285455073775
54.400000000000006,0.24749399456039176,91.09123902743863,0.7525060054396077,8.15625496712867,8.285356197166877
54.5,0.2475246432634663,91.07621986251173,0.7524753567365332,8.171304780758645,8.300426328891717
54.6,0.24755529829143508,91.06120131694624,0.7524447017085644,8.18635398135211,8.31549585012192
54.7,0.24758595964591787,91.04618339087025,0.7524140403540815,8.201402568782582,8.330564760731065
54.800000000000004,0.2476166273282324,91.03116608442001,0.7523833726717671,8.216450542915132,8.345633060592718
54.900000000000006,0.24764730134013777,91.01614939771997,0.7523526986598618,8.231497903627078,8.360700749580403
55.0,0.24767798168338367,91.00113333089486,0.7523220183166158,8.246544650795428,8.375767827567614
55.1,0.24770866835959032,90.98611788407295,0.7522913316404092,8.261590784293551,8.390834294427833
55.2,0.24773936137037836,90.9711030573825,0.7522606386296211,8.276636303994776,8.40590015003447
55.300000000000004,0.24777006071736885,90.95608885095187,0.7522299392826307,8.291681209772403,8.420965394260932
55.400000000000006,0.2478007664021832,90.9410752649094,0.7521992335978163,8.306725501499697,8.436030026980603
55.5,0.24783147842644332,90.92606229938346,0.7521685215735562,8.321769179049896,8.451094048066821
55.6,0.24786219679177146,90.91104995450247,0.7521378032082281,8.336812242296205,8.466157457392882
55.7,0.24789292149979025,90.89603823039491,0.7521070785002092,8.351854691111791,8.481220254832067
55.800000000000004,0.2479236525521228,90.88102712718924,0.7520763474478768,8.366896525369798,8.496282440257616
55.900000000000006,0.2479543899503925,90.86601664501397,0.752045610049607,8.38193774494333,8.511344013542754
56.0,0.24798513369622333,90.85100678399766,0.7520148663037761,8.396978349705465,8.526404974560663
56.1,0.2480158837912395,90.8359975442689,0.75198411620876,8.412018339529245,8.541465323184497
56.2,0.2480466402370657,90.82098892595629,0.7519533597629338,8.427057714287683,8.556525059287353
56.300000000000004,0.24807740303532708,90.80598092918848,0.7519225969646725,8.442096473853757,8.571584182742342
56.400000000000006,0.24810817218764902,90.79097355409414,0.7518918278123504,8.457134618100415,8.586642693422533
56.5,0.2481389476956575,90.775966800802,0.751861052304342,8.472172146900572,8.60170059120091
56.6,0.24816972956097877,90.76096066944078,0.7518302704390207,8.487209060127112,8.616757875950512
56.7,0.24820051778523958,90.74595516013926,0.7517994822147599,8.502245357652885,8.63181454754428
56.800000000000004,0.248231312370067,90.73095027302627,0.7517686876299325,8.517281039350713,8.646870605855142
56.900000000000006,0.24826211331708853,90.71594600823062,0.751737886682911,8.532316105093383,8.661926050756009
57.0,0.2482929206279321,90.70094236588119,0.7517070793720674,8.547350554753645,8.67698088211975
57.1,0.24832373430422602,90.6859393461069,0.7516762656957735,8.562384388204231,8.692035099819208
57.2,0.24835455434759904,90.67093694903669,0.7516454456524004,8.577417605317827,8.70708870372718
57.300000000000004,0.24838538075968025,90.6559351747995,0.7516146192403192,8.592450205967094,8.722141693716438
57.400000000000006,0.2484162135420992,90.64093402352435,0.7515837864579004,8.607482190024658,8.737194069659736
57.5,0.2484470526964858,90.62593349534028,0.7515529473035137,8.622513557363114,8.752245831429775
57.6,0.24847789822447042,90.61093359037635,0.7515221017755291,8.637544307855029,8.767296978899267
57.7,0.24850875012768375,90.59593430876167,0.7514912498723157,8.65257444137293,8.782347511940827
57.800000000000004,0.24853960840775702,90.58093565062535,0.7514603915922425,8.66760395778932,8.797397430427083
57.900000000000006,0.24857047306632168,90.56593761609656,0.7514295269336778,8.682632856976664,8.812446734230633
58.0,0.24860134410500975,90.55094020530453,0.7513986558949898,8.697661138807396,8.827495423224036
58.1,0.24863222152545356,90.53594341837844,0.7513677784745459,8.712688803153924,8.842543497279792
58.2,0.24866310532928587,90.52094725544758,0.7513368946707136,8.727715849888614,8.857590956270414
58.300000000000004,0.24869399551813987,90.50595171664123,0.7513060044818597,8.74274227888381,8.872637800068375
58.400000000000006,0.2487248920936491,90.49095680208875,0.7512751079063504,8.757768090011817,8.887684028546076
58.5,0.24875579505744752,90.47596251191945,0.751244204942552,8.772793283144908,8.902729641575945
58.6,0.2487867044111695,90.46096884626274,0.75121329558883,8.78781785815533,8.917774639030327
58.7,0.2488176201564499,90.44597580524807,0.7511823798435496,8.802841814915295,8.93281902078158
58.800000000000004,0.2488485422949238,90.43098338900485,0.7511514577050756,8.817865153296978,8.947862786702004
58.900000000000006,0.2488794708282269,90.41599159766261,0.7511205291717726,8.83288787317253,8.962905936663859
59.0,0.24891040575799506,90.40100043135084,0.7510895942420044,8.847909974414062,8.977948470539388
59.1,0.24894134708586477,90.38600989019912,0.7510586529141348,8.862931456893662,8.992990388200838
59.2,0.2489722948134728,90.371019974337,0.7510277051865267,8.877952320483379,9.008031689520351
59.300000000000004,0.24900324894245635,90.35603068389413,0.7509967510575432,8.892972565055231,9.023072374370088
59.400000000000006,0.24903420947445304,90.34104201900016,0.7509657905255465,8.90799219048121,9.038112442622165
59.5,0.24906517641060555,90.32605397980018,0.7509348235893939,8.923011196617338,9.05315189414867
59.6,0.24909614975288935,90.31106656641342,0.7509038502471101,8.938029583346383,9.068190728821662
59.7,0.24912712950306054,90.29607977896596,0.750872870496939,8.953047350544004,9.083228946513174
59.800000000000004,0.24915811566275747,90.28109361758763,0.750841884337242,8.96806449808203,9.098266547095179
59.900000000000006,0.24918910823361887,90.26610808240827,0.7508108917663806,8.983081025832263,9.113303530439637
60.0,0.2492201072172838,90.25112317355773,0.7507798927827157,8.998096933666462,9.128339896418495
60.1,0.2492511126153918,90.23613889116594,0.7507488873846077,9.013112221456367,9.14337564490316
60.2,0.2492821244295828,90.22115523536282,0.7507178755704167,9.028126889073677,9.158410775758014
60.300000000000004,0.24931314266149718,90.20617220627834,0.7506868573385024,9.043140936390062,9.173445288852406
60.400000000000006,0.24934416731277556,90.19118980404252,0.7506558326872239,9.05815436327716,9.18847918405811
60.5,0.24937519838505914,90.1762080287854,0.7506248016149404,9.073167169606574,9.203512461246888
60.6,0.24940623587998942,90.16122688063702,0.7505937641200101,9.088179355249881,9.218545120290457
60.7,0.24943727979920832,90.1462463597275,0.7505627202007912,9.103190920078621,9.23357716106051
60.800000000000004,0.24946833014435818,90.13126646618696,0.7505316698556413,9.118201863964302,9.248608583428677
60.900000000000006,0.24949938691708176,90.11628720014559,0.7505006130829177,9.133212186778401,9.26363938726658
61.0,0.24953045011902217,90.10130856173356,0.7504695498809774,9.148221888392364,9.278669572445793
61.1,0.24956151975182295,90.08633055108112,0.7504384802481766,9.163230968677604,9.29369913883788
61.2,0.24959259581712803,90.07135316831854,0.7504074041828714,9.178239427505503,9.308728086314332
61.300000000000004,0.24962367831658175,90.05637641357607,0.7503763216834177,9.19324726474741,9.32375641474664
61.400000000000006,0.24965476725182884,90.0414002869841,0.7503452327481707,9.208254480274636,9.338784124006224
61.5,0.24968586262451448,90.02642478867295,0.750314137375485,9.223261073958472,9.353811213964505
61.6,0.2497169644362842,90.01144991877302,0.7502830355637153,9.238267045670167,9.368837684492846
61.7,0.2497480726887839,89.99647567741475,0.7502519273112156,9.253272395280945,9.38386353546258
61.800000000000004,0.24977918738365998,89.98150206472857,0.7502208126163395,9.26827712266199,9.398888766745017
61.900000000000006,0.24981030852255917,89.966529080845,0.7501896914774403,9.283281227684462,9.413913378211404
62.0,0.2498414361071286,89.95155672589455,0.7501585638928708,9.298284710219482,9.428937369732992
62.1,0.2498725701390159,89.93658500000778,0.7501274298609836,9.313287570138145,9.443960741180959
62.2,0.2499037106198689,89.92161390331526,0.7500962893801306,9.32828980731151,9.458983492426484
62.300000000000004,0.24993485755133607,89.90664343594764,0.7500651424486634,9.343291421610605,9.474005623340688
62.400000000000006,0.2499660109350661,89.89167359803555,0.7500339890649333,9.358292412906424,9.489027133794636
62.5,0.24999717077270817,89.87670438970969,0.7500028292272913,9.373292781069933,9.504048023659422
62.6,0.2500283370659118,89.86173581110076,0.7499716629340877,9.388292525972064,9.51906829280604
62.7,0.250059509816327,89.84676786233952,0.7499404901836725,9.403291647483716,9.534087941105483
62.800000000000004,0.25009068902560416,89.83180054355675,0.7499093109743953,9.418290145475755,9.549106968428717
62.900000000000006,0.250121874695394,89.81683385488328,0.7498781253046055,9.433288019819019,9.564125374646636
63.0,0.25015306682734767,89.80186779644994,0.7498469331726518,9.448285270384309,9.579143159630135
63.1,0.2501842654231167,89.78690236838763,0.7498157345768828,9.463281897042398,9.594160323250051
63.2,0.2502154704843532,89.77193757082723,0.7497845295156463,9.478277899664025,9.609176865377194
63.300000000000004,0.25024668201270944,89.75697340389972,0.7497533179872901,9.493273278119897,9.624192785882357
63.400000000000006,0.2502779000098382,89.74200986773606,0.7497220999901614,9.50826803228069,9.63920808463628
63.5,0.2503091244773926,89.72704696246726,0.7496908755226069,9.523262162017042,9.654222761509644
63.6,0.2503403554170264,89.71208468822437,0.7496596445829732,9.538255667199572,9.669236816373143
63.7,0.25037159283039334,89.69712304513845,0.7496284071696062,9.553248547698853,9.684250249097417
63.800000000000004,0.2504028367191479,89.68216203334062,0.7495971632808516,9.568240803385432,9.699263059553047
63.900000000000006,0.25043408708494497,89.66720165296202,0.7495659129150545,9.583232434129828,9.71427524761063
64.0,0.2504653439294396,89.65224190413383,0.7495346560705599,9.598223439802517,9.729286813140675
64.10000000000001,0.2504966072542874,89.63728278698724,0.7495033927457121,9.613213820273955,9.74429775601368
64.2,0.2505278770611444,89.62232430165349,0.7494721229388551,9.628203575414558,9.759308076100112
64.3,0.2505591533516669,89.60736644826386,0.7494408466483325,9.643192705094712,9.774317773270397
64.4,0.25059043612751175,89.59240922694964,0.7494095638724877,9.658181209184775,9.789326847394946
64.5,0.2506217253903361,89.57745263784219,0.7493782746096633,9.673169087555063,9.804335298344085
64.60000000000001,0.25065302114179766,89.56249668107283,0.7493469788582019,9.68815634007587,9.81934312598817
64.7,0.25068432338355423,89.54754135677301,0.7493156766164453,9.703142966617454,9.834350330197452
64.8,0.2507156321172644,89.53258666507413,0.7492843678827351,9.718128967050038,9.849356910842204
64.9,0.2507469473445868,89.51763260610767,0.7492530526554126,9.733114341243821,9.86436286779265
65.0,0.2507782690671807,89.50267918000513,0.7492217309328187,9.74809908906896,9.879368200918975
65.10000000000001,0.25080959728670577,89.48772638689802,0.7491904027132937,9.763083210395587,9.894372910091306
65.2,0.2508409320048219,89.47277422691793,0.7491590679951776,9.778066705093797,9.90937699517977
65.3,0.2508722732231895,89.45782270019643,0.74912772677681,9.79304957303366,9.924380456054436
65.4,0.2509036209434694,89.44287180686517,0.74909637905653,9.808031814085206,9.939383292585376
65.5,0.2509349751673229,89.42792154705579,0.7490650248326767,9.823013428118436,9.95438550464256
65.60000000000001,0.25096633589641143,89.41297192089999,0.7490336641035881,9.837994415003323,9.969387092095985
65.7,0.2509977031323971,89.3980229285295,0.7490022968676023,9.852974774609798,9.984388054815582
65.8,0.25102907687694237,89.38307457007608,0.7489709231230571,9.867954506807772,9.999388392671264
65.9,0.25106045713170994,89.3681268456715,0.7489395428682896,9.882933611467116,10.014388105532888
66.0,0.2510918438983631,89.3531797554476,0.7489081561016364,9.89791208845767,10.029387193270296
66.10000000000001,0.2511232371785654,89.33823329953623,0.7488767628214341,9.912889937649243,10.044385655753274
66.2,0.25115463697398094,89.32328747806928,0.7488453630260186,9.927867158911612,10.059383492851609
66.3,0.25118604328627403,89.30834229117866,0.7488139567137254,9.942843752114522,10.074380704435
66.4,0.2512174561171096,89.29339773899633,0.7487825438828899,9.957819717127688,10.089377290373179
66.5,0.25124887546815283,89.27845382165428,0.7487511245318467,9.972795053820786,10.104373250535772
66.60000000000001,0.2512803013417474,89.26351053930682,0.7487196986582522,9.987769762041827,10.119368584792412
66.7,0.25131173373978294,89.2485678920934,0.7486882662602166,10.002743841653283,10.134363293012711
66.8,0.2513431726631055,89.23362588011908,0.748656827336894,10.01771729255093,10.149357375066188
66.9,0.2513746181133838,89.21868450351603,0.7486253818866158,10.03269011460426,10.164350830822386
67.0,0.25140607009228677,89.20374376241645,0.7485939299077127,10.047662307682733,10.179343660150792
67.10000000000001,0.251437528601484,89.1888036569526,0.7485624713985155,10.06263387165578,10.194335862920838
67.2,0.2514689936426454,89.17386418725675,0.748531006357354,10.077604806392793,10.209327439001953
67.3,0.25150046521744135,89.1589253534612,0.7484995347825582,10.092575111763136,10.224318388263512
67.4,0.2515319433275426,89.1439871556983,0.748468056672457,10.107544787636142,10.239308710574875
67.5,0.2515634279746202,89.12904959410042,0.7484365720253793,10.122513833881106,10.254298405805315
67.60000000000001,0.2515949191603459,89.11411266879995,0.7484050808396536,10.137482250367295,10.26928747382415
67.7,0.2516264168863916,89.09917637992936,0.7483735831136079,10.15245003696394,10.284275914500597
67.8,0.2516579211544298,89.0842407276211,0.7483420788455697,10.16741719354024,10.299263727703874
67.9,0.2516894319661333,89.06930571200766,0.7483105680338662,10.182383719965369,10.314250913303127
68.0,0.25172094932317535,89.05437133322162,0.7482790506768241,10.197349616108456,10.329237471167517
68.10000000000001,0.2517524732272297,89.03943759139553,0.7482475267727698,10.212314881838605,10.344223401166147
68.2,0.25178400367997034,89.02450448666198,0.7482159963200291,10.227279517024886,10.359208703168065
68.3,0.2518155406830718,89.00957201915364,0.7481844593169277,10.242243521536334,10.374193377042303
68.4,0.2518470842382091,88.99464018900315,0.7481529157617903,10.25720689524196,10.38917742265788
68.5,0.25187863434705754,88.97970899634323,0.748121365652942,10.272169638010729,10.40416083988373
68.60000000000001,0.25191019101129286,88.9647784413066,0.7480898089887066,10.287131749711586,10.419143628588785
68.7,0.25194175423259124,88.94984852402607,0.7480582457674082,10.302093230213433,10.43412578864195
68.8,0.2519733240126293,88.93491924463439,0.7480266759873702,10.317054079385146,10.449107319912073
68.9,0.25200490035308404,88.91999060326441,0.7479950996469155,10.33201429709557,10.464088222267975
69.0,0.2520364832556329,88.90506260004902,0.7479635167443667,10.34697388321351,10.479068495578446
69.10000000000001,0.2520680727219537,88.89013523512111,0.7479319272780458,10.361932837607746,10.494048139712234
69.2,0.25209966875372475,88.87520850861361,0.7479003312462748,10.376891160147018,10.50902715453806
69.3,0.2521312713526247,88.86028242065949,0.7478687286473749,10.39184885070004,10.524005539924602
69.4,0.25216288052033264,88.84535697139174,0.7478371194796668,10.406805909135493,10.538983295740508
69.5,0.2521944962585282,88.83043216094342,0.7478055037414714,10.421762335322018,10.553960421854384
69.60000000000001,0.25222611856889116,88.81550798944755,0.7477738814311083,10.436718129128234,10.568936918134824
69.7,0.252257747453102,88.80058445703729,0.7477422525468975,10.451673290422717,10.583912784450348
69.8,0.25228938291284136,88.78566156384572,0.7477106170871581,10.466627819074018,10.598888020669492
69.9,0.25232102494979053,88.77073931000604,0.747678975050209,10.481581714950655,10.613862626660705
70.0,0.2523526735656311,88.75581769565143,0.7476473264343684,10.496534977921108,10.628836602292424
70.10000000000001,0.2523843287620451,88.74089672091512,0.7476156712379545,10.51148760785383,10.64380994743307
70.2,0.2524159905407149,88.72597638593038,0.7475840094592846,10.526439604617238,10.658782661950994
70.3,0.2524476589033234,88.7110566908305,0.7475523410966761,10.541390968079718,10.673754745714533
70.4,0.2524793338515539,88.69613763574883,0.7475206661484456,10.556341698109623,10.68872619859198
70.5,0.2525110153870901,88.68121922081872,0.7474889846129095,10.571291794575274,10.703697020451614
70.60000000000001,0.252542703511616,88.66630144617356,0.7474572964883834,10.586241257344957,10.718667211161659
70.7,0.25257439822681627,88.65138431194679,0.7474256017731833,10.601190086286929,10.733636770590294
70.8,0.25260609953437574,88.63646781827187,0.7473939004656238,10.61613828126941,10.748605698605687
70.9,0.2526378074359798,88.62155196528228,0.7473621925640197,10.631085842160598,10.763573995075959
71.0,0.25266952193331427,88.60663675311157,0.7473304780666853,10.64603276882864,10.778541659869205
71.10000000000001,0.2527012430280653,88.5917221818933,0.7472987569719342,10.660979061141669,10.793508692853479
71.2,0.2527329707219195,88.57680825176105,0.74726702927808,10.675924718967773,10.808475093896789
71.3,0.25276470501656395,88.56189496284846,0.7472352949834355,10.690869742175012,10.823440862867116
71.4,0.25279644591368605,88.54698231528917,0.7472035540863134,10.705814130631417,10.838405999632428
71.5,0.25282819341497365,88.53207030921689,0.7471718065850258,10.720757884204977,10.85337050406062
71.60000000000001,0.2528599475221151,88.51715894476536,0.7471400524778844,10.73570100276366,10.868334376019575
71.7,0.252891708236799,88.50224822206832,0.7471082917632005,10.75064348617539,10.88329761537716
71.8,0.25292347556071454,88.48733814125956,0.747076524439285,10.765585334308065,10.898260222001142
71.9,0.2529552494955512,88.4724287024729,0.7470447505044483,10.780526547029554,10.913222195759332
72.0,0.252987030042999,88.45751990584222,0.7470129699570005,10.795467124207683,10.928183536519455
72.10000000000001,0.2530188172047482,88.44261175150139,0.7469811827952513,10.810407065710256,10.94314424414921
72.2,0.2530506109824897,88.42770423958436,0.7469493890175097,10.825346371405034,10.958104318516277
72.3,0.25308241137791465,88.41279737022506,0.7469175886220848,10.840285041159756,10.973063759488284
72.4,0.25311421839271464,88.39789114355749,0.7468857816072848,10.855223074842122,10.988022566932841
72.5,0.25314603202858177,88.38298555971568,0.7468539679714177,10.8701604723198,11.002980740717504
72.60000000000001,0.25317785228720846,88.36808061883369,0.7468221477127911,10.885097233460426,11.0179382807098
72.7,0.2532096791702875,88.35317632104558,0.746790320829712,10.900033358131603,11.032895186777225
72.8,0.25324151267951234,88.33827266648551,0.7467584873204872,10.914968846200903,11.04785145878725
72.9,0.25327335281657654,88.3233696552876,0.746726647183423,10.929903697535867,11.062807096607287
73.0,0.25330519958317427,88.30846728758608,0.7466948004168252,10.944837912003997,11.07776210010472
73.10000000000001,0.2533370529810001,88.29356556351513,0.7466629470189994,10.95977148947277,11.092716469146936
73.2,0.25336891301174896,88.27866448320903,0.7466310869882505,10.974704429809622,11.10767020360123
73.3,0.2534007796771163,88.26376404680205,0.7465992203228833,10.989636732881964,11.122623303334876
73.4,0.25343265297879775,88.24886425442853,0.7465673470212018,11.004568398557174,11.137575768215157
73.5,0.2534645329184896,88.2339651062228,0.7465354670815099,11.01949942670259,11.152527598109273
73.60000000000001,0.25349641949788854,88.21906660231926,0.746503580502111,11.034429817185528,11.16747879288441
73.7,0.25352831271872217,88.20416874285803,0.7464716872812772,11.049359569867594,11.182429352407695
73.8,0.25356021258298234,88.18927152802814,0.746439787417017,11.064288684561738,11.197379276546258
73.9,0.25359211909206014,88.17437495790718,0.7464078809079393,11.079217161191783,11.21232856516717
74.0,0.2536240322476542,88.15947903262973,0.7463759677523452,11.094144999624831,11.227277218137473
74.10000000000001,0.2536559520514637,88.14458375233042,0.7463440479485357,11.109072199727954,11.24222523532417
74.2,0.25368787850518815,88.1296891171439,0.7463121214948112,11.123998761368188,11.257172616594247
74.3,0.2537198116105276,88.1147951272049,0.7462801883894719,11.138924684412538,11.272119361814617
74.4,0.2537517513691823,88.0999017826481,0.7462482486308171,11.153849968727975,11.287065470852198
74.5,0.2537836977828532,88.08500908360833,0.7462163022171462,11.168774614181437,11.302010943573848
74.60000000000001,0.2538156508532415,88.07011703022032,0.7461843491467579,11.183698620639827,11.316955779846396
74.7,0.2538476105820488,88.05522562261893,0.7461523894179506,11.198621987970016,11.331899979536644
74.8,0.25387957697097724,88.04033486093904,0.7461204230290222,11.213544716038841,11.346843542511365
74.9,0.2539115500217292,88.02544474531553,0.7460884499782702,11.228466804713111,11.361786468637277
75.0,0.2539435297360078,88.01055527588332,0.7460564702639916,11.24338825385959,11.376728757781066
75.10000000000001,0.2539755161155162,87.9956664527774,0.7460244838844832,11.258309063345022,11.391670409809393
75.2,0.25400750916195824,87.98077827613275,0.7459924908380412,11.273229233036107,11.406611424588874
75.3,0.2540395088770381,87.96589074608443,0.7459604911229614,11.28814876279952,11.421551801986112
75.4,0.2540715152624603,87.95100386276746,0.7459284847375391,11.303067652501895,11.436491541867653
75.5,0.25410352831992994,87.936117626317,0.7458964716800695,11.31798590200984,11.451430644100014
75.60000000000001,0.25413554805115246,87.92123203686813,0.7458644519488469,11.332903511189926,11.46636910854967
75.7,0.2541675744578337,87.90634709455605,0.7458324255421657,11.34782047990869,11.481306935083083
75.8,0.25419960754168003,87.89146279951595,0.7458003924583194,11.362736808032635,11.49624412356664
75.9,0.254231647304398,87.87657915188306,0.7457683526956014,11.377652495428237,11.511180673866747
76.0,0.25426369374769486,87.86169615179267,0.7457363062523045,11.392567541961931,11.52611658584975
76.10000000000001,0.25429574687327816,87.84681379938006,0.7457042531267213,11.407481947500125,11.541051859381923
76.2,0.25432780668285576,87.83193209478057,0.7456721933171436,11.422395711909187,11.555986494329574
76.3,0.2543598731781362,87.81705103812958,0.7456401268218632,11.437308835055457,11.570920490558919
76.4,0.2543919463608281,87.8021706295625,0.7456080536391713,11.452221316805241,11.585853847936164
76.5,0.25442402623264093,87.78729086921473,0.7455759737673585,11.46713315702481,11.600786566327486
76.60000000000001,0.2544561127952842,87.77241175722179,0.7455438872047152,11.482044355580404,11.615718645599031
76.7,0.25448820605046796,87.75753329371915,0.7455117939495315,11.496954912338225,11.630650085616864
76.80000000000001,0.2545203059999028,87.74265547884235,0.7454796940000966,11.51186482716445,11.645580886247075
76.9,0.2545524126452995,87.727778312727,0.7454475873546998,11.526774099925213,11.66051104735567
77.0,0.25458452598836956,87.71290179550866,0.7454154740116299,11.54168273048662,11.675440568808668
77.10000000000001,0.2546166460308246,87.69802592732299,0.7453833539691748,11.556590718714746,11.69036945047202
77.2,0.254648772774377,87.68315070830565,0.7453512272256224,11.571498064475628,11.705297692211644
77.30000000000001,0.2546809062207391,87.66827613859238,0.7453190937792603,11.586404767635273,11.720225293893435
77.4,0.25471304637162406,87.65340221831887,0.7452869536283753,11.60131082805965,11.735152255383241
77.5,0.2547451932287454,87.63852894762096,0.745254806771254,11.616216245614702,11.750078576546883
77.60000000000001,0.2547773467938168,87.62365632663439,0.7452226532061825,11.631121020166333,11.765004257250155
77.7,0.2548095070685527,87.60878435549505,0.7451904929314467,11.646025151580414,11.779929297358791
77.80000000000001,0.25484167405466773,87.59391303433878,0.7451583259453316,11.660928639722789,11.794853696738514
77.9,0.25487384775387706,87.57904236330153,0.7451261522461223,11.675831484459257,11.809777455255016
78.0,0.2549060281678962,87.5641723425192,0.7450939718321032,11.690733685655594,11.824700572773907
78.10000000000001,0.25493821529844113,87.5493029721278,0.7450617847015583,11.705635243177543,11.839623049160835
78.2,0.25497040914722824,87.53443425226332,0.7450295908527711,11.720536156890804,11.854544884281353
78.30000000000001,0.2550026097159744,87.51956618306183,0.744997390284025,11.735436426661055,11.869466078001011
78.4,0.2550348170063967,87.50469876465937,0.7449651829936027,11.75033605235393,11.884386630185304
78.5,0.25506703102021294,87.48983199719208,0.7449329689797864,11.765235033835037,11.899306540699712
78.60000000000001,0.2550992517591411,87.47496588079609,0.7449007482408583,11.780133370969954,11.914225809409658
78.7,0.25513147922489976,87.46010041560758,0.7448685207750997,11.795031063624213,11.92914443618055
78.80000000000001,0.25516371341920774,87.44523560176279,0.7448362865807916,11.809928111663327,11.94406242087777
78.9,0.25519595434378445,87.43037143939793,0.7448040456562149,11.824824514952764,11.958979763366614
79.0,0.2552282020003496,87.41550792864929,0.7447717979996498,11.839720273357965,11.973896463512403
79.10000000000001,0.2552604563906235,87.40064506965318,0.7447395436093759,11.854615386744342,11.988812521180407
79.2,0.25529271751632654,87.38578286254597,0.7447072824836728,11.86950985497726,12.00372793623582
79.30000000000001,0.2553249853791799,87.37092130746402,0.7446750146208195,11.884403677922064,12.018642708543851
79.4,0.25535725998090497,87.35606040454375,0.7446427400190945,11.899296855444058,12.033556837969655
79.5,0.2553895413232236,87.3412001539216,0.7446104586767758,11.914189387408516,12.048470324378357
79.60000000000001,0.2554218294078581,87.32634055573408,0.7445781705921413,11.929081273680682,12.063383167635024
79.7,0.2554541242365312,87.31148161011768,0.7445458757634682,11.943972514125756,12.078295367604738
79.80000000000001,0.2554864258109659,87.29662331720895,0.7445135741890334,11.958863108608917,12.093206924152497
79.9,0.25551873413288595,87.28176567714449,0.7444812658671135,11.973753056995301,12.108117837143269
80.0,0.25555104920401517,87.2669086900609,0.7444489507959843,11.988642359150019,12.123028106442035
80.10000000000001,0.255583371026078,87.25205235609484,0.7444166289739215,12.003531014938144,12.13793773191368
80.2,0.2556156996007992,87.23719667538299,0.7443843003992002,12.018419024224713,12.152846713423088
80.30000000000001,0.25564803492990407,87.22234164806207,0.7443519650700953,12.033306386874738,12.167755050835098
80.4,0.25568037701511825,87.20748727426883,0.7443196229848811,12.048193102753189,12.182662744014522
80.5,0.25571272585816784,87.19263355414006,0.7442872741418316,12.063079171725006,12.19756979282613
80.60000000000001,0.25574508146077923,87.17778048781258,0.7442549185392201,12.077964593655102,12.212476197134663
80.7,0.2557774438246795,87.16292807542324,0.74422255617532,12.092849368408343,12.22738195680482
80.80000000000001,0.25580981295159577,87.14807631710892,0.7441901870484036,12.107733495849578,12.24228707170127
80.9,0.2558421888430269,87.13322521305268,0.7441578111569724,12.122616975797243,12.257191541688641
81.0,0.2558745715008323,87.11837476336504,0.744125428499167,12.137499808142687,12.272095366631532
81.10000000000001,0.255906960926822,87.1035249681666,0.7440930390731773,12.152381992767124,12.2869985463945
81.2,0.25593935712272464,87.08867582759444,0.7440606428772747,12.16726352953518,12.301901080842086
81.30000000000001,0.2559717600902692,87.0738273417857,0.7440282399097301,12.182144418311461,12.316802969838776
81.4,0.2560041698311852,87.05897951087755,0.7439958301688141,12.197024658960528,12.331704213249026
81.5,0.2560365863472026,87.04413233500719,0.7439634136527967,12.21190425134691,12.346604810937265
81.60000000000001,0.2560690096400517,87.02928581431183,0.7439309903599477,12.22678319533511,12.361504762767865
81.7,0.25610143971146315,87.01443994892878,0.7438985602885362,12.241661490789584,12.376404068605197
81.80000000000001,0.2561338765631683,86.9995947389953,0.7438661234368311,12.256539137574766,12.391302728313576
81.9,0.2561663201968985,86.98475018464875,0.7438336798031008,12.271416135555048,12.406200741757274
82.0,0.25619877061438595,86.96990628602649,0.7438012293856134,12.286292484594794,12.421098108800564
82.10000000000001,0.2562312278173629,86.95506304326592,0.7437687721826364,12.30116818455833,12.435994829307631
82.2,0.25626369180756225,86.9402204565045,0.7437363081924371,12.316043235309946,12.450890903142664
82.30000000000001,0.2562961625867173,86.92537852587971,0.743703837413282,12.330917636713908,12.465786330169806
82.4,0.25632864015656165,86.91053725152902,0.7436713598434377,12.345791388634433,12.480681110253173
82.5,0.2563611245188293,86.89569663359,0.74363887548117,12.360664490935717,12.495575243256837
82.60000000000001,0.2563936156752549,86.88085667220024,0.7436063843247444,12.375536943481919,12.510468729044831
82.7,0.25642611362757334,86.8660173674973,0.7435738863724259,12.390408746137156,12.525361567481156
82.80000000000001,0.2564586183775199,86.85117871961889,0.7435413816224794,12.405279898765524,12.540253758429799
82.9,0.2564911299268303,86.83634072870265,0.743508870073169,12.420150401231075,12.555145301754663
83.0,0.25652364827724083,86.8215033948863,0.7434763517227585,12.435020253397829,12.57003619731968
83.10000000000001,0.256556173430488,86.80666671830761,0.7434438265695114,12.449889455129778,12.584926444988696
83.2,0.2565887053883088,86.79183069910434,0.7434112946116905,12.46475800629087,12.599816044625541
83.30000000000001,0.2566212441524407,86.7769953374143,0.7433787558475586,12.47962590674503,12.61470499609402
83.4,0.2566537897246215,86.76216063337537,0.7433462102753778,12.494493156356139,12.629593299257891
83.5,0.2566863421065895,86.74732658712544,0.7433136578934099,12.509359754988049,12.64448095398086
83.60000000000001,0.25671890130008335,86.7324931988024,0.743281098699916,12.524225702504582,12.659367960126644
83.7,0.2567514673068422,86.71766046854422,0.7432485326931572,12.539090998769515,12.674254317558876
83.80000000000001,0.2567840401286054,86.7028283964889,0.7432159598713939,12.553955643646605,12.689140026141189
83.9,0.25681661976711306,86.68799698277445,0.7431833802328863,12.56881963699956,12.704025085737157
84.0,0.25684920622410545,86.67316622753894,0.7431507937758939,12.583682978692066,12.718909496210344
84.10000000000001,0.25688179950132334,86.65833613092045,0.743118200498676,12.598545668587773,12.733793257424253
84.2,0.2569143996005079,86.64350669305712,0.7430856003994915,12.613407706550289,12.748676369242375
84.30000000000001,0.25694700652340074,86.62867791408709,0.7430529934765986,12.6282690924432,12.763558831528144
84.4,0.25697962027174387,86.61384979414859,0.7430203797282554,12.643129826130046,12.778440644144979
84.5,0.25701224084727975,86.59902233337984,0.7429877591527196,12.657989907474342,12.793321806956257
84.60000000000001,0.2570448682517512,86.58419553191908,0.7429551317482481,12.672849336339567,12.808202319825313
84.7,0.25707750248690153,86.56936938990464,0.7429224975130978,12.68770811258916,12.823082182615451
84.80000000000001,0.2571101435544744,86.55454390747484,0.742889856445525,12.70256623608654,12.837961395189936
84.9,0.25714279145621394,86.53971908476804,0.7428572085437855,12.717423706695072,12.85283995741203
85.0,0.2571754461938646,86.52489492192265,0.7428245538061347,12.732280524278105,12.867717869144911
85.10000000000001,0.2572081077691714,86.51007141907712,0.7427918922308279,12.747136688698948,12.882595130251744
85.2,0.2572407761838797,86.4952485763699,0.7427592238161196,12.76199219982087,12.897471740595677
85.30000000000001,0.25727345143973523,86.48042639393951,0.7427265485602641,12.776847057507116,12.912347700039803
85.4,0.25730613353848425,86.4656048719245,0.7426938664615151,12.791701261620888,12.927223008447172
85.5,0.2573388224818733,86.45078401046341,0.7426611775181261,12.806554812025361,12.942097665680805
85.60000000000001,0.2573715182716494,86.43596380969487,0.7426284817283499,12.821407708583672,12.956971671603725
85.7,0.25740422090956006,86.42114426975753,0.7425957790904393,12.836259951158926,12.971845026078853
85.80000000000001,0.2574369303973531,86.40632539079006,0.7425630696026463,12.851111539614195,12.986717728969126
85.9,0.2574696467367768,86.39150717293116,0.7425303532632225,12.86596247381251,13.001589780137436
86.0,0.2575023699295799,86.3766896163196,0.7424976300704194,12.880812753616878,13.016461179446637
86.10000000000001,0.2575350999775115,86.36187272109414,0.7424649000224878,12.895662378890268,13.03133192675952
86.2,0.25756783688232116,86.3470564873936,0.7424321631176781,12.91051134949561,13.04620202193891
86.30000000000001,0.2576005806457588,86.33224091535685,0.7423994193542406,12.92535966529581,13.061071464847515
86.4,0.2576333312695748,86.31742600512274,0.7423666687304246,12.940207326153729,13.075940255348058
86.5,0.2576660887555199,86.30261175683022,0.7423339112444794,12.955054331932201,13.090808393303234
86.60000000000001,0.25769885310534535,86.28779817061822,0.742301146894654,12.96990068249403,13.105675878575667
86.7,0.25773162432080277,86.27298524662572,0.7422683756791966,12.984746377701974,13.12054271102798
86.80000000000001,0.25776440240364423,86.25817298499177,0.742235597596355,12.999591417418767,13.135408890522726
86.9,0.2577971873556222,86.24336138585542,0.7422028126443772,13.014435801507101,13.150274416922457
87.0,0.25782997917848943,86.22855044935574,0.7421700208215098,13.029279529829644,13.16513929008967
87.10000000000001,0.25786277787399936,86.21374017563187,0.742137222126,13.044122602249026,13.18000350988683
87.2,0.2578955834439056,86.19893056482297,0.7421044165560937,13.058965018627836,13.19486707617638
87.30000000000001,0.25792839588996236,86.18412161706821,0.7420716041100369,13.07380677882864,13.209729988820712
87.4,0.2579612152139242,86.16931333250686,0.7420387847860752,13.088647882713959,13.224592247682182
87.5,0.25799404141754595,86.15450571127815,0.7420059585824533,13.10348833014629,13.239453852623143
87.60000000000001,0.2580268745025831,86.13969875352139,0.7419731254974162,13.118328120988094,13.254314803505864
87.7,0.25805971447079146,86.1248924593759,0.7419402855292079,13.13316725510179,13.269175100192612
87.80000000000001,0.2580925613239272,86.11008682898105,0.7419074386760721,13.148005732349775,13.2840347425456
87.9,0.258125415063747,86.09528186247624,0.7418745849362524,13.162843552594401,13.29889373042704
88.0,0.2581582756920284,86.0804775600221,0.7418417243079709,13.177680715676829,13.31375206369907
88.10000000000001,0.25819114321054476,86.06567392177418,0.7418088567894545,13.192517221443277,13.328609742223804
88.2,0.25822401762102043,86.05087094783765,0.7417759823789789,13.207353069790273,13.34346676586334
88.30000000000001,0.2582568989252138,86.03606863835215,0.7417431010747856,13.222188260579973,13.358323134479718
88.4,0.25828978712488365,86.02126699345729,0.7417102128751157,13.237022793674495,13.373178847934952
88.5,0.25832268222178917,86.00646601329277,0.7416773177782101,13.251856668935924,13.388033906091025
88.60000000000001,0.25835558421769006,85.99166569799829,0.7416444157823093,13.266689886226311,13.402888308809892
88.7,0.2583884931143463,85.97686604771357,0.741611506885653,13.281522445407672,13.41774205595344
88.80000000000001,0.2584214089135184,85.96206706257843,0.7415785910864809,13.29635434634199,13.432595147383552
88.9,0.2584543316169672,85.94726874273266,0.7415456683830322,13.311185588891208,13.44744758296207
89.0,0.25848726122645393,85.93247108831612,0.7415127387735454,13.326016172917239,13.462299362550795
89.10000000000001,0.25852019774374047,85.91767409946868,0.7414798022562589,13.340846098281963,13.47715048601151
89.2,0.25855314117058886,85.90287777633027,0.7414468588294104,13.355675364847219,13.492000953205931
89.30000000000001,0.2585860915087617,85.88808211904085,0.7414139084912377,13.37050397247482,13.506850763995772
89.4,0.2586190487600219,85.8732871277404,0.7413809512399774,13.385331921026534,13.521699918242675
89.5,0.2586520129261329,85.85849280256893,0.7413479870738664,13.400159210364105,13.536548415808312
89.60000000000001,0.2586849840088585,85.84369914366653,0.7413150159911409,13.414985840349237,13.551396256554241
89.7,0.25871796200996283,85.82890615117327,0.7412820379900364,13.429811810843598,13.566243440342035
89.80000000000001,0.2587509469312107,85.81411382522928,0.7412490530687886,13.444637121708826,13.581089967033222
89.9,0.2587839387743671,85.79932216597476,0.7412160612256322,13.459461772806518,13.59593583648929
90.0,0.2588169375411975,85.78453117354987,0.7411830624588018,13.474285763998243,13.610781048571695
90.10000000000001,0.25884994323346777,85.76974084809484,0.7411500567665316,13.489109095145533,13.62562560314187
90.2,0.2588829558529443,85.75495118974996,0.741117044147055,13.503931766109885,13.640469500061172
90.30000000000001,0.25891597540139377,85.74016219865554,0.7410840245986056,13.51875377675276,13.655312739190975
90.4,0.2589490018805834,85.7253738749519,0.741050998119416,13.533575126935586,13.670155320392581
90.5,0.2589820352922807,85.71058621877943,0.7410179647077186,13.548395816519756,13.684997243527278
90.60000000000001,0.25901507563825366,85.69579923027852,0.7409849243617457,13.563215845366633,13.699838508456324
90.7,0.25904812292027074,85.68101290958964,0.7409518770797286,13.578035213337536,13.714679115040909
90.80000000000001,0.2590811771401007,85.66622725685325,0.7409188228598986,13.59285392029376,13.72951906314222
90.9,0.25911423829951286,85.65144227220986,0.7408857617004865,13.607671966096552,13.74435835262139
91.0,0.25914730640027683,85.63665795580005,0.7408526935997225,13.622489350607138,13.759196983339535
91.10000000000001,0.2591803814441627,85.62187430776436,0.7408196185558367,13.637306073686705,13.774034955157731
91.2,0.259213463432941,85.60709132824344,0.7407865365670583,13.6521221351964,13.788872267937009
91.30000000000001,0.2592465523683826,85.59230901737794,0.7407534476316167,13.666937534997345,13.803708921538359
91.4,0.2592796482522589,85.57752737530855,0.7407203517477404,13.681752272950616,13.81854491582277
91.5,0.25931275108634166,85.56274640217597,0.7406872489136577,13.696566348917264,13.833380250651146
91.60000000000001,0.25934586087240297,85.54796609812101,0.7406541391275964,13.711379762758304,13.84821492588442
91.7,0.25937897761221546,85.53318646328441,0.7406210223877838,13.72619251433471,13.863048941383425
91.80000000000001,0.2594121013075522,85.51840749780703,0.7405878986924471,13.741004603507427,13.877882297008995
91.9,0.25944523196018654,85.50362920182972,0.7405547680398128,13.755816030137366,13.892714992621919
92.0,0.25947836957189235,85.4888515754934,0.740521630428107,13.7706267940854,13.907547028082973
92.10000000000001,0.2595115141444439,85.47407461893897,0.7404884858555555,13.78543689521237,13.922378403252864
92.2,0.25954466567961587,85.45929833230744,0.7404553343203835,13.80024633337908,13.937209117992268
92.30000000000001,0.2595778241791834,85.44452271573978,0.7404221758208159,13.815055108446304,13.952039172161875
92.4,0.2596109896449219,85.42974776937706,0.7403890103550774,13.829863220274774,13.966868565622264
92.5,0.25964416207860747,85.41497349336032,0.7403558379213919,13.844670668725193,13.981697298234025
92.60000000000001,0.2596773414820163,85.4001998878307,0.740322658517983,13.859477453658233,13.996525369857736
92.7,0.25971052785692533,85.38542695292931,0.7402894721430741,13.874283574934518,14.011352780353874
92.80000000000001,0.25974372120511163,85.37065468879736,0.7402562787948878,13.889089032414654,14.026179529582933
92.9,0.25977692152835286,85.35588309557606,0.7402230784716465,13.903893825959198,14.041005617405347
93.0,0.25981012882842697,85.34111217340664,0.7401898711715723,13.918697955428682,14.05583104368155
93.10000000000001,0.25984334310711255,85.32634192243042,0.7401566568928868,13.933501420683601,14.07065580827188
93.2,0.2598765643661884,85.31157234278868,0.740123435633811,13.948304221584413,14.0854799110367
93.30000000000001,0.25990979260743374,85.29680343462279,0.7400902073925656,13.963106357991546,14.100303351836317
93.4,0.25994302783262835,85.28203519807414,0.740056972167371,13.977907829765385,14.115126130530967
93.5,0.25997627004355234,85.26726763328416,0.7400237299564469,13.992708636766288,14.129948246980916
93.60000000000001,0.26000951924198623,85.25250074039431,0.7399904807580131,14.00750877885458,14.144769701046357
93.7,0.260042775429711,85.23773451954607,0.7399572245702883,14.022308255890543,14.15959049258744
93.80000000000001,0.260076038608508,85.22296897088098,0.7399239613914913,14.037107067734434,14.174410621464304
93.9,0.26010930878015903,85.2082040945406,0.7398906912198403,14.051905214246464,14.189230087537055
94.0,0.2601425859464463,85.19343989066653,0.739857414053553,14.066702695286821,14.204048890665717
94.10000000000001,0.2601758701091525,85.1786763594004,0.7398241298908469,14.081499510715654,14.218867030710356
94.2,0.26020916127006055,85.1639135008839,0.7397908387299388,14.096295660393071,14.233684507530938
94.30000000000001,0.26024245943095403,85.1491513152587,0.7397575405690453,14.111091144179158,14.248501320987415
94.4,0.2602757645936168,85.13438980266656,0.7397242354063825,14.125885961933955,14.263317470939711
94.5,0.2603090767598331,85.11962896324927,0.7396909232401662,14.140680113517474,14.27813295724772
94.60000000000001,0.26034239593138775,85.1048687971486,0.7396576040686116,14.155473598789692,14.292947779771282
94.7,0.2603757221100658,85.09010930450643,0.7396242778899335,14.170266417610545,14.30776193837022
94.80000000000001,0.2604090552976529,85.07535048546461,0.7395909447023464,14.185058569839946,14.322575432904301
94.9,0.260442395495935,85.06059234016507,0.7395576045040644,14.19985005533776,14.337388263233265
95.0,0.26047574270669843,85.04583486874978,0.739524257293301,14.214640873963829,14.35220042921685
95.10000000000001,0.260509096931741,85.03107807136169,0.7394909030682583,14.229431025576968,14.36701193071471
95.2,0.2605424581734358,85.01632194819601,0.7394575418265635,14.244220509984348,14.381822767586499
95.30000000000001,0.26057582643300475,85.00156649934343,0.7394241735669945,14.259009327096493,14.396632939691798
95.4,0.26060920171223667,84.98681172494612,0.7393907982877627,14.273797476773035,14.411442446890206
95.5,0.2606425840129208,84.97205762514626,0.7393574159870786,14.288584958873574,14.426251289041247
95.60000000000001,0.26067597333684667,84.95730420008609,0.7393240266631527,14.303371773257679,14.441059466004404
95.7,0.2607093696858044,84.94255144990784,0.739290630314195,14.318157919784875,14.455866977639175
95.80000000000001,0.26074277306158444,84.92779937475383,0.7392572269384149,14.33294339831466,14.470673823804972
95.9,0.2607761834659777,84.9130479747664,0.7392238165340217,14.34772820870649,14.485480004361193
96.0,0.26080960090077543,84.8982972500879,0.7391903990992239,14.362512350819792,14.500285519167193
96.10000000000001,0.26084302536776954,84.88354720086073,0.7391569746322298,14.377295824513956,14.515090368082312
96.2,0.26087645686875205,84.86879782722734,0.7391235431312473,14.392078629648331,14.529894550965821
96.30000000000001,0.2609098954055156,84.85404912933019,0.7390901045944837,14.406860766082243,14.544698067677004
96.4,0.2609433409798533,84.8393011073118,0.7390566590201461,14.42164223367497,14.55950091807506
96.5,0.26097679359355846,84.82455376131472,0.7390232064064408,14.436423032285761,14.574303102019186
96.60000000000001,0.26101025324842503,84.8098070914815,0.7389897467515743,14.451203161773835,14.589104619368527
96.7,0.2610437199462473,84.7950610979548,0.738956280053752,14.465982621998362,14.603905469982209
96.80000000000001,0.26107719368882004,84.78031578087725,0.7389228063111793,14.480761412818492,14.618705653719303
96.9,0.2611106744779383,84.76557114039153,0.7388893255220611,14.495539534093327,14.633505170438866
97.0,0.26114416231539767,84.75082717664037,0.7388558376846017,14.510316985681943,14.648304019999898
97.10000000000001,0.2611776572029942,84.73608388976653,0.7388223427970052,14.525093767443378,14.663102202261385
97.2,0.26121115914252424,84.7213412799128,0.7387888408574751,14.539869879236631,14.677899717082255
97.30000000000001,0.26124466813578473,84.70659934722202,0.7387553318642146,14.554645320920674,14.692696564321437
97.4,0.2612781841845728,84.69185809183705,0.7387218158154265,14.569420092354434,14.707492743837804
97.5,0.2613117072906863,84.6771175139008,0.738688292709313,14.58419419339681,14.72228825549017
97.60000000000001,0.2613452374559233,84.66237761355617,0.738654762544076,14.598967623906665,14.737083099137337
97.7,0.2613787746820823,84.64763839094617,0.7386212253179171,14.613740383742822,14.751877274638105
97.80000000000001,0.2614123189709623,84.6328998462138,0.738587681029037,14.628512472764077,14.766670781851175
97.9,0.2614458703243627,84.61816197950209,0.7385541296756366,14.643283890829183,14.781463620635265
98.0,0.2614794287440833,84.60342479095414,0.7385205712559161,14.65805463779686,14.796255790849017
98.10000000000001,0.26151299423192437,84.58868828071304,0.738487005768075,14.672824713525799,14.811047292351077
98.2,0.2615465667896865,84.57395244892196,0.7384534332103128,14.687594117874644,14.825838125000033
98.30000000000001,0.26158014641917093,84.55921729572407,0.7384198535808284,14.702362850702015,14.840628288654443
98.4,0.26161373312217906,84.5444828212626,0.7383862668778203,14.717130911866489,14.855417783172825
98.5,0.26164732690051284,84.52974902568081,0.7383526730994865,14.731898301226614,14.870206608413667
98.60000000000001,0.2616809277559747,84.51501590912198,0.7383190722440246,14.7466650186409,14.884994764235444
98.7,0.26171453569036734,84.50028347172946,0.7382854643096319,14.76143106396782,14.899782250496543
98.80000000000001,0.2617481507054941,84.4855517136466,0.7382518492945053,14.776196437065815,14.914569067055353
98.9,0.2617817728031585,84.47082063501679,0.7382182271968408,14.790961137793287,14.92935521377025
99.0,0.26181540198516473,84.45609023598347,0.7381845980148346,14.805725166008607,14.944140690499509
99.10000000000001,0.2618490382533172,84.44136051669012,0.7381509617466822,14.820488521570113,14.958925497101447
99.2,0.2618826816094208,84.42663147728024,0.7381173183905786,14.835251204336096,14.973709633434282
99.30000000000001,0.2619163320552809,84.41190311789737,0.7380836679447185,14.850013214164827,14.988493099356234
99.4,0.2619499895927033,84.39717543868508,0.738050010407296,14.86477455091453,15.003275894725462
99.5,0.2619836542234942,84.38244843978701,0.7380163457765051,14.8795352144434,15.018058019400115
99.60000000000001,0.26201732594946014,84.36772212134677,0.7379826740505392,14.894295204609598,15.032839473238312
99.7,0.2620510047724082,84.35299648350808,0.737948995227591,14.909054521271242,15.0476202560981
99.80000000000001,0.2620846906941459,84.33827152641463,0.7379153093058535,14.923813164286424,15.062400367837526
99.9,0.26211838371648105,84.3235472502102,0.7378816162835182,14.938571133513195,15.077179808314582
100.0,0.262152083841222,84.30882365503857,0.7378479161587773,14.953328428809572,15.091958577387246
