time_ms,voltage_mV,m,h,n,INa_uA_cm2,IK_uA_cm2,IL_uA_cm2
0.0,-65.0,0.05293248525724958,0.5961207535084603,0.3176769140606974,-1.2200571764654333,4.399733467282938,-3.1839
0.025,-64.99989527857983,0.05293251866949401,0.5961207481233313,0.3176769177400438,-1.2200583648208791,4.399772066644347,-3.183868583573948
0.05,-64.99979221460741,0.052932613692747814,0.5961207321044042,0.31767692867681363,-1.220063809276768,4.399810460375108,-3.183837664382223
0.07500000000000001,-64.99969069132977,0.05293276315474984,0.5961207056466118,0.3176769467259817,-1.2200730130765922,4.399848683257865,-3.183807207398932
0.1,-64.99959060535487,0.052932960670694404,0.5961206689330469,0.3176769717508824,-1.2200855340489696,4.399886765639206,-3.18377718160646
0.125,-64.9994918651645,0.05293320055643646,0.5961206221362892,0.31767700362228934,-1.2201009785854373,4.399924733923948,-3.18374755954935
0.15000000000000002,-64.99939438979162,0.05293347775127333,0.5961205654195837,0.3176770422175971,-1.220118996284003,4.399962611014823,-3.1837183169374854
0.17500000000000002,-64.99929810764368,0.05293378774924534,0.5961204989378882,0.31767708742009443,-1.2201392751846407,4.400000416703646,-3.183689432293104
0.2,-64.99920295545593,0.052934126538016275,0.596120422838804,0.31767713911831796,-1.2201615375312496,4.400038168019327,-3.1836608866367784
0.225,-64.99910887736033,0.052934490544496345,0.596120337263402,0.3176771972054788,-1.2201855360017606,4.400075879537483,-3.183632663208098
0.25,-64.99901582405734,0.05293487658646435,0.5961202423469569,0.31767726157895276,-1.2202110503546233,4.400113563655892,-3.1836047472172013
0.275,-64.99892375207912,0.05293528182952675,0.5961201382195993,0.3176773321398275,-1.220237884445615,4.400151230839563,-3.1835771256237364
0.30000000000000004,-64.99883262313418,0.05293570374882472,0.5961200250068937,0.3176774087925011,-1.2202658635740147,4.400188889838789,-3.183549786940253
0.325,-64.99874240352432,0.05293614009496552,0.5961199028303523,0.3176774914443249,-1.2202948321217557,4.400226547883139,-3.183522721057295
0.35000000000000003,-64.99865306362612,0.05293658886371203,0.596119771807891,0.31767758000528706,-1.220324651453166,4.40026421085406,-3.1834959190878362
0.375,-64.9985645774296,0.052937048269015574,0.5961196320542326,0.3176776743877318,-1.2203551980465028,4.400301883438468,-3.1834693732288812
0.4,-64.99847692212794,0.05293751671902355,0.596119483681266,0.3176777745061102,-1.2203863618316921,4.400339569265379,-3.18344307663838
0.42500000000000004,-64.99839007775245,0.05293799279473358,0.5961193267983632,0.31767788027675914,-1.2204180447114954,4.400377271027496,-3.1834170233257337
0.45,-64.998304026848,0.05293847523100154,0.5961191615126611,0.31767799161770593,-1.2204501592458095,4.400414990589403,-3.183391208054401
0.47500000000000003,-64.99821875418425,0.052938962899645045,0.5961189879293101,0.31767810844849464,-1.220482627481164,4.400452729083816,-3.183365626255275
0.5,-64.99813424649886,0.05293945479440981,0.5961188061516948,0.3176782306900326,-1.2205153799093016,4.40049048699723,-3.1833402739496592
0.525,-64.99805049226909,0.052939950017594516,0.5961186162816291,0.3176783582644545,-1.2205483545406612,4.4005282642461445,-3.1833151476807258
0.55,-64.99796748150867,0.05294044776815043,0.5961184184195285,0.31767849109500246,-1.220581496080036,4.400566060244877,-3.1832902444526
0.5750000000000001,-64.9978852055872,0.05294094733109352,0.596118212664562,0.31767862910591954,-1.2206147551931523,4.400603873965905,-3.1832655616761585
0.6000000000000001,-64.99780365706948,0.05294144806808397,0.5961179991147864,0.3176787722223562,-1.2206480878541188,4.400641703993573,-3.1832410971208445
0.625,-64.99772282957275,0.05294194940904461,0.5961177778672648,0.3176789203702874,-1.2206814547648444,4.400679548571866,-3.183216848871825
0.65,-64.99764271763964,0.05294245084470334,0.5961175490181708,0.31767907347643976,-1.2207148208384577,4.400717405646935,-3.1831928152918905
0.675,-64.99756331662529,0.05294295191995781,0.5961173126628797,0.31767923146822735,-1.220748154739684,4.40075527290493,-3.1831689949875863
0.7000000000000001,-64.99748462259704,0.052943452227971616,0.5961170688960491,0.3176793942736953,-1.2207814284758856,4.40079314780567,-3.1831453867791124
0.7250000000000001,-64.99740663224517,0.05294395140492131,0.5961168178116895,0.3176795618214701,-1.2208146170331904,4.400831027612609,-3.183121989673552
0.75,-64.99732934280361,0.0529444491253221,0.5961165595032256,0.31767973404071637,-1.2208476980526946,4.400868909419506,-3.1830988028410827
0.775,-64.99725275197954,0.05294494509786923,0.5961162940635504,0.3176799108610986,-1.2208806515423871,4.400906790174124,-3.183075825593863
0.8,-64.99717685789076,0.05294543906173704,0.5961160215850715,0.3176800922127481,-1.2209134596207756,4.40094466669937,-3.183053057367229
0.8250000000000001,-64.99710165901008,0.05294593078328627,0.5961157421597524,0.3176802780262343,-1.2209461062887859,4.400982535712076,-3.183030497703025
0.8500000000000001,-64.99702715411597,0.05294642005313368,0.5961154558791468,0.3176804682325392,-1.2209785772267612,4.401020393839705,-3.1830081462347906
0.875,-64.99695334224866,0.05294690668354468,0.5961151628344297,0.3176806627630361,-1.2210108596138323,4.401058237635235,-3.1829860026745975
0.9,-64.99688022267122,0.05294739050611298,0.5961148631164224,0.3176808615494705,-1.2210429419671665,4.401096063590407,-3.182964066801367
0.925,-64.99680779483508,0.052947871369695795,0.5961145568156153,0.31768106452394446,-1.2210748139989225,4.401133868147477,-3.1829423384505233
0.9500000000000001,-64.99673605834926,0.052948349138576,0.5961142440221864,0.31768127161890247,-1.2211064664889217,4.4011716477097265,-3.1829208175047765
0.9750000000000001,-64.99666501295329,0.052948823690826916,0.5961139248260166,0.31768148276712005,-1.2211378911713573,4.4012093986507566,-3.1828995038859857
1.0,-64.99659465849307,0.05294929491685659,0.5961135993167028,0.3176816979016939,-1.2211690806339337,4.401247117322798,-3.1828783975479196
1.0250000000000001,-64.99652499489952,0.05294976271811239,0.5961132675835692,0.3176819169560338,-1.2212000282281168,4.401284800064088,-3.1828574984698546
1.05,-64.99645602216967,0.05295022700592788,0.5961129297156746,0.31768213986385585,-1.2212307279892332,4.401322443205433,-3.1828368066509
1.075,-64.99638774034995,0.05295068770049623,0.5961125858018202,0.3176823665591771,-1.2212611745653426,4.401360043076038,-3.1828163221049834
1.1,-64.99632014952135,0.05295114472995661,0.596112235930554,0.3176825969763111,-1.221291363153929,4.401397596008704,-3.1827960448564054
1.125,-64.9962532497864,0.052951598029580646,0.5961118801901744,0.31768283104986494,-1.221321289445529,4.401435098344434,-3.1827759749359217
1.1500000000000001,-64.99618704125758,0.05295204754104803,0.5961115186687329,0.31768306871473634,-1.2213509495735346,4.401472546436535,-3.1827561123772754
1.175,-64.99612152404714,0.052952493211801704,0.5961111514540351,0.3176833099061124,-1.2213803400695116,4.401509936654265,-3.182736457214142
1.2000000000000002,-64.99605669825812,0.05295293499447338,0.5961107786336408,0.31768355455946834,-1.221409457823383,4.4015472653860765,-3.1827170094774346
1.225,-64.99599256397649,0.05295337284637228,0.5961104002948635,0.3176838026105674,-1.2214383000480047,4.401584529042472,-3.1826977691929454
1.25,-64.9959291212642,0.05295380672902928,0.596110016524769,0.31768405399546074,-1.2214668642475661,4.4016217240585735,-3.182678736379259
1.2750000000000001,-64.99586637015311,0.05295423660779102,0.5961096274101734,0.317684308650488,-1.2214951481894654,4.401658846896367,-3.1826599110459326
1.3,-64.99580431063967,0.05295466245145822,0.5961092330376401,0.3176845665122786,-1.2215231498792354,4.401695894046721,-3.182641293191901
1.3250000000000002,-64.99574294268025,0.052955084231963344,0.5961088334934771,0.3176848275177527,-1.2215508675382092,4.401732862031171,-3.1826228828040755
1.35,-64.99568226618716,0.05295550192408337,0.5961084288637333,0.31768509160412295,-1.2215782995836038,4.401769747403471,-3.182604679856148
1.375,-64.99562228102509,0.05295591550518336,0.5961080192341943,0.3176853587088965,-1.2216054446107512,4.401806546750999,-3.1825866843075272
1.4000000000000001,-64.99556298700811,0.05295632495498831,0.5961076046903786,0.31768562876987705,-1.2216323013772785,4.401843256695986,-3.182568896102434
1.425,-64.99550438389709,0.05295673025537903,0.5961071853175326,0.3176859017251669,-1.2216588687889622,4.401879873896585,-3.182551315169125
1.4500000000000002,-64.9954464713974,0.05295713139021041,0.5961067612006259,0.3176861775131698,-1.2216851458871254,4.401916395047847,-3.1825339414192197
1.475,-64.99538924915713,0.052957528345148885,0.5961063324243466,0.3176864560725931,-1.2217111318373726,4.401952816882529,-3.182516774747138
1.5,-64.99533271676539,0.052957921107527624,0.5961058990730959,0.31768673734245084,-1.2217368259195476,4.401989136171866,-3.1824998150296167
1.5250000000000001,-64.99527687375107,0.052958309666216806,0.5961054612309826,0.3176870212620663,-1.22176222751874,4.4020253497261805,-3.18248306212532
1.55,-64.99522171958169,0.05295869401150768,0.5961050189818186,0.3176873077710749,-1.2217873361172475,4.402061454395451,-3.182466515874508
1.5750000000000002,-64.99516725366259,0.05295907413500918,0.5961045724091121,0.317687596809427,-1.2218121512874043,4.402097447069803,-3.182450176098776
1.6,-64.99511347533614,0.05295945002955494,0.5961041215960633,0.3176878883173911,-1.2218366726851344,4.402133324679933,-3.1824340426008417
1.625,-64.99506038388132,0.0529598216891203,0.5961036666255581,0.31768818223555656,-1.2218609000441967,4.402169084197446,-3.182418115164397
1.6500000000000001,-64.9950079785133,0.052960189108747883,0.5961032075801628,0.31768847850483684,-1.2218848331710221,4.402204722635185,-3.1824023935539896
1.675,-64.99495625838317,0.052960552284480676,0.5961027445421182,0.3176887770664722,-1.2219084719400743,4.4022402370474705,-3.1823868775149506
1.7000000000000002,-64.99490522257786,0.05296091121330213,0.5961022775933342,0.317689077862033,-1.2219318162896937,4.402275624530334,-3.1823715667733565
1.725,-64.99485487012008,0.05296126589308205,0.5961018068153842,0.31768938083342246,-1.2219548662183435,4.402310882221673,-3.1823564610360235
1.75,-64.99480519996841,0.052961616322528146,0.5961013322894992,0.3176896859228798,-1.2219776217812504,4.4023460073014204,-3.182341559990523
1.7750000000000001,-64.99475621101745,0.052961962501142296,0.5961008540965628,0.3176899930729832,-1.2220000830873692,4.402380996991631,-3.1823268633052337
1.8,-64.99470790209804,0.05296230442918098,0.5961003723171049,0.3176903022266525,-1.222022250296641,4.40241584855657,-3.1823123706294125
1.8250000000000002,-64.99466027197755,0.052962642107619584,0.5960998870312969,0.3176906133271524,-1.222044123617512,4.402450559302782,-3.1822980815932653
1.85,-64.99461331936024,0.05296297553812015,0.5960993983189458,0.31769092631809515,-1.2220657033046982,4.402485126579099,-3.182283995808072
1.875,-64.99456704288764,0.052963304723001904,0.5960989062594889,0.3176912411434434,-1.2220869896571431,4.4025195477766825,-3.1822701128662914
1.9000000000000001,-64.99452144113899,0.05296362966521482,0.5960984109319889,0.31769155774751295,-1.2221079830161778,4.402553820329005,-3.1822564323416955
1.925,-64.99447651263176,0.0529639503683152,0.5960979124151278,0.3176918760749756,-1.2221286837638314,4.402587941711809,-3.1822429537895287
1.9500000000000002,-64.99443225582215,0.05296426683644356,0.5960974107872024,0.3176921960708618,-1.2221490923212945,4.4026219094431,-3.182229676746644
1.975,-64.99438866910562,0.05296457907430431,0.5960969061261189,0.31769251768056306,-1.2221692091475092,4.402655721083064,-3.182216600731685
2.0,-64.99434575081749,0.05296488708714738,0.5960963985093878,0.31769284084983496,-1.2221890347378932,4.4026893742340265,-3.182203725245246
2.025,-64.99430349923357,0.052965190880750856,0.5960958880141191,0.3176931655247993,-1.2222085696231377,4.402722866540346,-3.18219104977007
2.0500000000000003,-64.99426191257072,0.052965490461405335,0.5960953747170172,0.3176934916519468,-1.2222278143681193,4.402756195688351,-3.1821785737712163
2.075,-64.99422098898758,0.05296578583589944,0.5960948586943763,0.31769381917813944,-1.222246769570895,4.402789359406217,-3.1821662966962734
2.1,-64.99418072658514,0.05296607701150604,0.5960943400220752,0.3176941480506128,-1.2222654358617466,4.402822355463878,-3.1821542179755427
2.125,-64.99414112340752,0.05296636399596994,0.5960938187755731,0.31769447821697844,-1.2222838139023275,4.402855181672887,-3.182142337022255
2.15,-64.99410217744254,0.052966646797495805,0.596093295029905,0.3176948096252261,-1.2223019043848236,4.402887835886314,-3.1821306532327625
2.1750000000000003,-64.99406388662254,0.05296692542473751,0.596092768859677,0.31769514222372597,-1.2223197080312143,4.402920315998592,-3.1821191659867623
2.2,-64.99402624882501,0.052967199886787435,0.5960922403390618,0.3176954759612306,-1.2223372255925318,4.402952619945386,-3.182107874647502
2.225,-64.99398926187332,0.05296747019316688,0.5960917095417948,0.3176958107868773,-1.2223544578481942,4.4029847457034545,-3.182096778561997
2.25,-64.9939529235375,0.05296773635381678,0.5960911765411694,0.3176961466501899,-1.2223714056053632,4.403016691290477,-3.1820858770612515
2.275,-64.99391723153494,0.05296799837908902,0.596090641410033,0.31769648350108076,-1.2223880696983398,4.403048454764906,-3.182075169460481
2.3000000000000003,-64.99388218353106,0.05296825627973794,0.5960901042207832,0.3176968212898527,-1.2224044509879792,4.40308003422582,-3.1820646550593166
2.325,-64.99384777714018,0.0529685100669124,0.5960895650453637,0.3176971599672008,-1.222420550361138,4.403111427812719,-3.182054333142052
2.35,-64.99381400992617,0.05296875975214819,0.59608902395526,0.3176974994842142,-1.222436368730147,4.403142633705384,-3.1820442029778504
2.375,-64.99378087940325,0.05296900534736066,0.5960884810214961,0.31769783979237776,-1.222451907032305,4.403173650123686,-3.1820342638209738
2.4000000000000004,-64.9937483830367,0.05296924686483762,0.5960879363146309,0.3176981808435737,-1.2224671662293836,4.403204475327404,-3.1820245149110105
2.4250000000000003,-64.99371651824369,0.052969484317232446,0.5960873899047537,0.3176985225900833,-1.22248214730715,4.403235107616028,-3.182014955473106
2.45,-64.99368528239391,0.052969717717557575,0.596086841861482,0.31769886498458827,-1.2224968512749192,4.403265545328599,-3.182005584718173
2.475,-64.99365467281045,0.05296994707917793,0.5960862922539568,0.31769920798017237,-1.2225112791650965,4.4032957868434925,-3.181996401843135
2.5,-64.99362468677049,0.052970172415804775,0.5960857411508401,0.31769955153032264,-1.2225254320327528,4.403325830578213,-3.1819874060311464
2.5250000000000004,-64.99359532150606,0.052970393741489444,0.5960851886203112,0.31769989558893097,-1.2225393109551927,4.403355674989224,-3.181978596451819
2.5500000000000003,-64.99356657420483,0.05297061107061752,0.5960846347300636,0.3177002401102952,-1.2225529170315488,4.403385318571717,-3.18196997226145
2.575,-64.99353844201082,0.052970824417903045,0.5960840795473018,0.3177005850491204,-1.222566251382385,4.403414759859425,-3.181961532603245
2.6,-64.99351092202517,0.05297103379838241,0.5960835231387388,0.3177009303605201,-1.222579315149272,4.403443997424392,-3.18195327660755
2.625,-64.99348401130692,0.052971239227409234,0.5960829655705926,0.3177012760000174,-1.2225921094944343,4.403473029876784,-3.1819452033920754
2.6500000000000004,-64.99345770687374,0.052971440720648376,0.5960824069085835,0.3177016219235459,-1.2226046356003375,4.40350185586465,-3.181937312062122
2.6750000000000003,-64.99343200570269,0.05297163829407081,0.5960818472179314,0.3177019680874508,-1.2226168946693314,4.40353047407372,-3.181929601710806
2.7,-64.99340690473092,0.05297183196394799,0.5960812865633535,0.31770231444849,-1.2226288879232665,4.40355888322719,-3.181922071419275
2.725,-64.99338240085649,0.052972021746846724,0.5960807250090607,0.3177026609638346,-1.2226406166031358,4.403587082085486,-3.181914720256947
2.75,-64.99335849093909,0.05297220765962382,0.5960801626187565,0.31770300759107006,-1.2226520819687063,4.403615069446036,-3.181907547281726
2.7750000000000004,-64.99333517180075,0.05297238971942099,0.5960795994556335,0.31770335428819685,-1.222663285298171,4.403642844143057,-3.181900551540225
2.8000000000000003,-64.99331244022663,0.0529725679436596,0.5960790355823714,0.3177037010136311,-1.2226742278877825,4.403670405047313,-3.1818937320679894
2.825,-64.99329029296571,0.05297274235003577,0.5960784710611349,0.3177040477262054,-1.222684911051518,4.403697751065894,-3.181887087889713
2.85,-64.99326872673156,0.05297291295651508,0.5960779059535714,0.31770439438516934,-1.2226953361207162,4.403724881141971,-3.1818806180194668
2.875,-64.99324773820305,0.05297307978132781,0.5960773403208087,0.31770474095019,-1.2227055044437456,4.403751794254569,-3.1818743214609158
2.9000000000000004,-64.99322732402511,0.05297324284296396,0.5960767742234537,0.31770508738135267,-1.2227154173856658,4.403778489418324,-3.181868197207534
2.9250000000000003,-64.9932074808094,0.05297340216016819,0.5960762077215896,0.31770543363916093,-1.2227250763278754,4.403804965683251,-3.181862244242821
2.95,-64.99318820513511,0.05297355775193514,0.5960756408747747,0.3177057796845374,-1.222734482667795,4.403831222134483,-3.1818564615405336
2.975,-64.99316949354962,0.052973709637504564,0.5960750737420402,0.3177061254788239,-1.2227436378185288,4.403857257892049,-3.1818508480648844
3.0,-64.9931513425692,0.05297385783635629,0.5960745063818887,0.3177064709837817,-1.222752543208519,4.403883072110625,-3.1818454027707617
3.0250000000000004,-64.99313374867984,0.05297400236820584,0.596073938852293,0.3177068161615919,-1.2227612002812462,4.403908663979272,-3.1818401246039514
3.0500000000000003,-64.99311670833781,0.05297414325299933,0.5960733712106938,0.3177071609748556,-1.2227696104948789,4.403934032721205,-3.181835012501342
3.075,-64.99310021797045,0.05297428051090908,0.5960728035139987,0.3177075053865938,-1.2227777753219704,4.403959177593541,-3.181830065391135
3.1,-64.99308427397689,0.0529744141623286,0.5960722358185809,0.3177078493602479,-1.2227856962491173,4.403984097887032,-3.181825282193067
3.125,-64.9930688727287,0.052974544227868334,0.5960716681802777,0.3177081928596793,-1.2227933747766657,4.40400879292583,-3.1818206618186093
3.1500000000000004,-64.99305401057059,0.05297467072835065,0.5960711006543892,0.31770853584916964,-1.222800812418368,4.404033262067226,-3.1818162031711763
3.1750000000000003,-64.99303968382115,0.05297479368480549,0.5960705332956775,0.31770887829342076,-1.2228080107010855,4.404057504701385,-3.1818119051463456
3.2,-64.99302588877349,0.052974913118465736,0.5960699661583653,0.31770922015755443,-1.2228149711644705,4.404081520251109,-3.1818077666320463
3.225,-64.99301262169594,0.052975029050762595,0.596069399296135,0.3177095614071123,-1.2228216953606486,4.40410530817156,-3.1818037865087816
3.25,-64.99299987883273,0.052975141503321346,0.596068832762128,0.3177099020080557,-1.22282818485393,4.4041288679500115,-3.1817999636498198
3.2750000000000004,-64.9929876564047,0.05297525049795644,0.5960682666089433,0.31771024192676534,-1.2228344412204735,4.40415219910558,-3.1817962969214078
3.3000000000000003,-64.99297595060989,0.05297535605666739,0.5960677008886374,0.317710581130041,-1.222840466048003,4.404175301188969,-3.1817927851829664
3.325,-64.9929647576243,0.052975458201634136,0.596067135652723,0.31771091958510134,-1.2228462609354946,4.404198173782208,-3.181789427287292
3.35,-64.99295407360255,0.052975556955212846,0.5960665709521688,0.31771125725958327,-1.2228518274928852,4.404220816498375,-3.181786222080764
3.375,-64.99294389467843,0.052975652339931206,0.5960660068373984,0.31771159412154165,-1.2228571673407531,4.404243228981345,-3.1817831684035296
3.4000000000000004,-64.9929342169657,0.052975744378484325,0.5960654433582907,0.3177119301394489,-1.2228622821100386,4.4042654109055235,-3.181780265089708
3.4250000000000003,-64.99292503655865,0.05297583309373043,0.5960648805641784,0.3177122652821942,-1.2228671734417482,4.404287361975564,-3.1817775109675934
3.45,-64.99291634953278,0.05297591850868627,0.5960643185038482,0.3177125995190833,-1.2228718429866412,4.404309081926126,-3.1817749048598327
3.475,-64.99290815194546,0.0529760006465231,0.5960637572255407,0.31771293281983765,-1.2228762924049577,4.404330570521579,-3.1817724455836367
3.5,-64.99290043983653,0.05297607953056238,0.5960631967769499,0.31771326515459375,-1.2228805233661226,4.404351827555753,-3.1817701319509593
3.5250000000000004,-64.99289320922898,0.05297615518427143,0.5960626372052226,0.31771359649390263,-1.2228845375484514,4.404372852851661,-3.1817679627686943
3.5500000000000003,-64.99288645612954,0.052976227631259296,0.5960620785569593,0.3177139268087289,-1.2228883366388663,4.404393646261219,-3.1817659368388616
3.575,-64.99288017652933,0.05297629689527265,0.5960615208782133,0.3177142560704502,-1.2228919223326191,4.404414207664997,-3.1817640529587976
3.6,-64.9928743664045,0.052976363000191554,0.5960609642144912,0.31771458425085614,-1.2228952963330013,4.404434536971914,-3.1817623099213477
3.625,-64.9928690217168,0.052976425970025325,0.5960604086107526,0.31771491132214774,-1.2228984603510626,4.404454634118996,-3.1817607065150395
3.6500000000000004,-64.99286413841425,0.052976485828908404,0.5960598541114109,0.3177152372569363,-1.2229014161053307,4.404474499071088,-3.1817592415242744
3.6750000000000003,-64.9928597124317,0.05297654260109645,0.5960593007603329,0.3177155620282425,-1.222904165321545,4.404494131820581,-3.1817579137295082
3.7,-64.99285573969146,0.052976596310962125,0.5960587486008391,0.31771588560949565,-1.2229067097323687,4.404513532387131,-3.181756721907439
3.725,-64.99285221610393,0.0529766469829911,0.5960581976757046,0.3177162079745323,-1.222909051077122,4.404532700817399,-3.181755664831178
3.75,-64.9928491375681,0.05297669464177815,0.5960576480271589,0.3177165290975956,-1.2229111911015098,4.40455163718477,-3.18175474127043
3.7750000000000004,-64.99284649997226,0.052976739312023076,0.5960570996968868,0.31771684895333385,-1.2229131315573514,4.404570341589062,-3.1817539499916774
3.8000000000000003,-64.9928442991945,0.052976781018526944,0.5960565527260286,0.3177171675167997,-1.2229148742023208,4.40458881415627,-3.1817532897583503
3.825,-64.99284253110334,0.052976819786187915,0.5960560071551809,0.3177174847634487,-1.222916420799666,4.40460705503828,-3.181752759331
3.85,-64.99284119155827,0.05297685563999766,0.596055463024397,0.31771780066913835,-1.2229177731179655,4.40462506441259,-3.181752357467481
3.875,-64.99284027641036,0.052976888605037235,0.596054920373188,0.31771811521012683,-1.2229189329308467,4.404642842482041,-3.1817520829231083
3.9000000000000004,-64.99283978150281,0.05297691870647343,0.596054379240523,0.3177184283630717,-1.222919902016743,4.404660389474536,-3.1817519344508427
3.9250000000000003,-64.9928397026715,0.05297694596955496,0.5960538396648304,0.31771874010502843,-1.2229206821586311,4.404677705642751,-3.181751910801451
3.95,-64.99284003574559,0.0529769704196086,0.5960533016839986,0.3177190504134495,-1.2229212751437726,4.4046947912638785,-3.181752010723676
3.975,-64.992840776548,0.05297699208203553,0.5960527653353769,0.3177193592661826,-1.2229216827634644,4.4047116466393375,-3.181752232964398
4.0,-64.99284192089604,0.05297701098230755,0.5960522306557762,0.3177196666414695,-1.222921906812784,4.404728272094484,-3.181752576268812
4.025,-64.99284346460192,0.0529770271459635,0.5960516976814705,0.31771997251794454,-1.2229219490903478,4.404744667978364,-3.1817530393805753
4.05,-64.99284540347325,0.052977040598605515,0.5960511664481978,0.3177202768746332,-1.2229218113980571,4.404760834663413,-3.181753621041976
4.075,-64.99284773331367,0.05297705136589544,0.5960506369911611,0.3177205796909507,-1.2229214955408578,4.4047767725451745,-3.1817543199941
4.1000000000000005,-64.99285044992327,0.05297705947355128,0.5960501093450298,0.3177208809467002,-1.2229210033264972,4.404792482042041,-3.18175513497698
4.125,-64.9928535490992,0.052977064947343444,0.5960495835439406,0.31772118062207155,-1.2229203365652748,4.404807963594955,-3.181756064729758
4.15,-64.99285702663613,0.05297706781309143,0.596049059621499,0.3177214786976396,-1.2229194970698154,4.404823217667151,-3.181757107990839
4.175,-64.99286087832682,0.052977068096660314,0.5960485376107808,0.3177217751543626,-1.2229184866548353,4.404838244743865,-3.181758263498047
4.2,-64.9928650999626,0.052977065823957066,0.5960480175443332,0.31772206997358055,-1.2229173071368913,4.404853045332058,-3.18175952998878
4.2250000000000005,-64.99286968733384,0.052977061020927294,0.5960474994541763,0.3177223631370136,-1.2229159603341637,4.404867619960157,-3.1817609062001506
4.25,-64.99287463623052,0.05297705371355168,0.5960469833718047,0.3177226546267602,-1.2229144480662162,4.404881969177744,-3.181762390869157
4.275,-64.9928799424427,0.05297704392784271,0.5960464693281887,0.31772294442529564,-1.222912772153774,4.404896093555313,-3.1817639827328095
4.3,-64.99288560176097,0.05297703168984133,0.5960459573537763,0.3177232325154701,-1.222910934418502,4.40490999368397,-3.1817656805282923
4.325,-64.99289160997701,0.05297701702561345,0.5960454474784945,0.3177235188805069,-1.222908936682767,4.404923670175174,-3.181767482993102
4.3500000000000005,-64.99289796288397,0.05297699996124685,0.5960449397317512,0.3177238035040009,-1.222906780769432,4.40493712366046,-3.1817693888651917
4.375,-64.99290465627708,0.052976980522847814,0.5960444341424366,0.3177240863699164,-1.22290446850163,4.404950354791138,-3.1817713968831227
4.4,-64.99291168595397,0.05297695873653783,0.596043930738925,0.31772436746258537,-1.2229020017025414,4.404963364238059,-3.181773505786191
4.425,-64.99291904771528,0.052976934628450476,0.5960434295490771,0.31772464676670575,-1.2228993821951872,4.404976152691306,-3.1817757143145826
4.45,-64.992926737365,0.052976908224728184,0.596042930600241,0.31772492426733945,-1.2228966118022104,4.404988720859943,-3.1817780212094986
4.4750000000000005,-64.992934750711,0.05297687955151924,0.5960424339192549,0.31772519994991033,-1.2228936923456757,4.4050010694717265,-3.1817804252133
4.5,-64.99294308356546,0.05297684863497443,0.5960419395324483,0.31772547380020244,-1.2228906256468461,4.405013199272846,-3.1817829250696392
4.525,-64.99295173174531,0.052976815501244175,0.5960414474656445,0.3177257458043579,-1.2228874135259904,4.405025111027642,-3.1817855195235922
4.55,-64.99296069107265,0.052976780176475315,0.596040957744162,0.31772601594887506,-1.2228840578021665,4.405036805518338,-3.181788207321796
4.575,-64.99296995737527,0.05297674268680818,0.5960404703928174,0.31772628422060634,-1.22288056029303,4.4050482835447635,-3.1817909872125796
4.6000000000000005,-64.99297952648695,0.052976703058373494,0.5960399854359266,0.3177265506067563,-1.2228769228146235,4.405059545924098,-3.1817938579460843
4.625,-64.992989394248,0.05297666131728967,0.5960395028973074,0.3177268150948796,-1.222873147181198,4.405070593490587,-3.1817968182743996
4.65,-64.99299955650562,0.052976617489659567,0.5960390228002816,0.3177270776728789,-1.2228692352049968,4.405081427095281,-3.1817998669516867
4.675,-64.99301000911436,0.05297657160156771,0.5960385451676771,0.3177273383290027,-1.2228651886960702,4.405092047605759,-3.181803002734307
4.7,-64.99302074793647,0.052976523679077556,0.59603807002183,0.3177275970518434,-1.2228610094620915,4.40510245590587,-3.181806224380941
4.7250000000000005,-64.99303176884236,0.052976473748228385,0.5960375973845871,0.317727853830335,-1.2228566993081542,4.405112652895462,-3.181809530652707
4.75,-64.99304306771097,0.05297642183503272,0.596037127277308,0.3177281086537512,-1.2228522600365956,4.405122639490117,-3.181812920313291
4.775,-64.99305464043019,0.05297636796547355,0.5960366597208675,0.3177283615117028,-1.2228476934468173,4.405132416620886,-3.1818163921290563
4.800000000000001,-64.99306648289722,0.05297631216550136,0.5960361947356582,0.317728612394136,-1.2228430013350828,4.405141985234022,-3.1818199448691655
4.825,-64.99307859101897,0.052976254461031706,0.5960357323415924,0.31772886129132993,-1.2228381854943609,4.405151346290722,-3.1818235773056913
4.8500000000000005,-64.99309096071246,0.052976194877942334,0.5960352725581047,0.31772910819389444,-1.2228332477141326,4.405160500766856,-3.1818272882137393
4.875,-64.9931035879052,0.052976133442070666,0.5960348154041548,0.31772935309276795,-1.2228281897802247,4.405169449652706,-3.1818310763715587
4.9,-64.99311646853546,0.05297607017921098,0.5960343608982296,0.3177295959792152,-1.2228230134746234,4.405178193952723,-3.181834940560638
4.925000000000001,-64.99312959855281,0.052976005115112086,0.5960339090583457,0.3177298368448249,-1.2228177205753208,4.405186734685239,-3.1818388795658437
4.95,-64.99314297391832,0.05297593827547458,0.5960334599020523,0.31773007568150763,-1.2228123128561317,4.405195072882233,-3.181842892175497
4.9750000000000005,-64.99315659060503,0.05297586968594841,0.5960330134464332,0.31773031248149325,-1.2228067920865364,4.405203209589052,-3.1818469771815074
5.0,-64.9931704445982,0.05297579937213026,0.5960325697081104,0.3177305472373289,-1.2228011600315039,4.405211145864173,-3.1818511333794617
5.025,-64.99318453189579,0.05297572735956129,0.5960321287032453,0.3177307799418766,-1.222795418451345,4.405218882778931,-3.1818553595687376
5.050000000000001,-64.99319884850864,0.052975653673724504,0.5960316904475428,0.31773101058831066,-1.22278956910154,4.405226421417279,-3.181859654552592
5.075,-64.99321339046092,0.05297557834004246,0.5960312549562529,0.3177312391701157,-1.222783613732584,4.405233762875522,-3.1818640171382766
5.1000000000000005,-64.99322815379044,0.05297550138387491,0.596030822244174,0.31773146568108407,-1.222777554089836,4.40524090826207,-3.181868446137132
5.125,-64.99324313454895,0.052975422830516386,0.5960303923256557,0.3177316901153135,-1.2227713919133585,4.4052478586971855,-3.181872940364684
5.15,-64.99325832880248,0.05297534270519391,0.596029965214601,0.3177319124672048,-1.222765128937766,4.405254615312729,-3.1818774986407448
5.175000000000001,-64.99327373263166,0.05297526103306476,0.5960295409244698,0.3177321327314594,-1.2227587668920796,4.405261179251923,-3.181882119789499
5.2,-64.99328934213203,0.052975177839214196,0.5960291194682811,0.3177323509030769,-1.222752307499578,4.4052675516690805,-3.181886802639609
5.2250000000000005,-64.99330515341431,0.052975093148653334,0.596028700858616,0.3177325669773528,-1.2227457524776584,4.40527373372939,-3.181891546024293
5.25,-64.99332116260477,0.05297500698631674,0.5960282851076211,0.3177327809498759,-1.222739103537678,4.405279726608635,-3.1818963487814313
5.275,-64.99333736584548,0.05297491937706058,0.5960278722270104,0.31773299281652595,-1.2227323623848338,4.405285531492975,-3.1819012097536428
5.300000000000001,-64.9933537592946,0.05297483034566014,0.596027462228069,0.3177332025734712,-1.222725530718001,4.405291149578686,-3.1819061277883818
5.325,-64.99337033912671,0.052974739916808095,0.5960270551216559,0.31773341021716595,-1.222718610229619,4.405296582071937,-3.1819111017380135
5.3500000000000005,-64.99338710153305,0.052974648115112204,0.5960266509182066,0.317733615744348,-1.2227116026055427,4.405301830188523,-3.1819161304599133
5.375,-64.99340404272179,0.05297455496509339,0.5960262496277363,0.3177338191520363,-1.2227045095249156,4.40530689515365,-3.1819212128165373
5.4,-64.99342115891837,0.052974460491183616,0.596025851259843,0.3177340204375284,-1.2226973326600339,4.405311778201685,-3.1819263476755095
5.425000000000001,-64.99343844636569,0.05297436471772413,0.5960254558237101,0.31773421959839804,-1.222690073676231,4.405316480575919,-3.181931533909706
5.45,-64.99345590132441,0.05297426766896331,0.5960250633281101,0.3177344166324924,-1.2226827342317361,4.4053210035283366,-3.1819367703973227
5.4750000000000005,-64.99347352007324,0.052974169369054934,0.5960246737814069,0.31773461153793,-1.2226753159775676,4.40532534831937,-3.181942056021971
5.5,-64.99349129890912,0.05297406984205612,0.5960242871915591,0.3177348043130978,-1.222667820557392,4.405329516217687,-3.181947389672736
5.525,-64.99350923414755,0.052973969111925666,0.5960239035661234,0.317734994956649,-1.2226602496074241,4.405333508499932,-3.1819527702442656
5.550000000000001,-64.99352732212277,0.05297386720252207,0.5960235229122576,0.3177351834675001,-1.2226526047562936,4.405337326450518,-3.1819581966368315
5.575,-64.99354555918804,0.05297376413760178,0.5960231452367232,0.31773536984482903,-1.2226448876249343,4.405340971361392,-3.1819636677564103
5.6000000000000005,-64.99356394171583,0.05297365994081755,0.596022770545889,0.31773555408807197,-1.2226370998264797,4.405344444531809,-3.18196918251475
5.625,-64.99358246609815,0.052973554635716555,0.5960223988457343,0.3177357361969211,-1.222629242966138,4.405347747268088,-3.181974739829444
5.65,-64.99360112874665,0.052973448245738824,0.5960220301418516,0.3177359161713221,-1.222621318641096,4.405350880883418,-3.181980338623994
5.675000000000001,-64.99361992609293,0.05297334079421545,0.5960216644394504,0.3177360940114714,-1.2226133284403997,4.405353846697606,-3.1819859778278796
5.7,-64.99363885458874,0.05297323230436707,0.5960213017433595,0.317736269717814,-1.2226052739448598,4.405356646036879,-3.181991656376621
5.7250000000000005,-64.99365791070615,0.05297312279930215,0.5960209420580314,0.31773644329104045,-1.2225971567269431,4.405359280233653,-3.181997373211844
5.75,-64.99367709093781,0.052973012302015406,0.596020585387544,0.31773661473208464,-1.2225889783506658,4.405361750626308,-3.1820031272813423
5.775,-64.99369639179714,0.052972900835386444,0.5960202317356054,0.3177367840421211,-1.2225807403715152,4.4053640585589795,-3.182008917539143
5.800000000000001,-64.99371580981853,0.05297278842217792,0.5960198811055558,0.3177369512225624,-1.2225724443363244,4.4053662053813465,-3.182014742945557
5.825,-64.9937353415575,0.052972675085034206,0.5960195335003717,0.31773711627505674,-1.2225640917831937,4.405368192448402,-3.1820206024672486
5.8500000000000005,-64.99375498359096,0.05297256084648015,0.5960191889226686,0.31773727920148526,-1.2225556842414085,4.405370021120253,-3.182026495077288
5.875,-64.99377473251732,0.05297244572891918,0.5960188473747042,0.3177374400039595,-1.2225472232313197,4.405371692761915,-3.182032419755197
5.9,-64.99379458495675,0.05297232975463224,0.5960185088583821,0.31773759868481877,-1.222538710264276,4.40537320874308,-3.1820383754870236
5.925000000000001,-64.99381453755126,0.05297221294577635,0.5960181733752549,0.31773775524662773,-1.222530146842537,4.405374570437929,-3.1820443612653775
5.95,-64.99383458696498,0.052972095324383114,0.5960178409265271,0.31773790969217375,-1.2225215344591713,4.405375779224921,-3.1820503760894936
5.9750000000000005,-64.99385472988425,0.0529719769123576,0.5960175115130592,0.3177380620244643,-1.2225128745979954,4.405376836486584,-3.1820564189652742
6.0,-64.99387496301782,0.05297185773147689,0.59601718513537,0.3177382122467244,-1.222504168733474,4.405377743609311,-3.182062488905345
6.025,-64.99389528309699,0.05297173780338885,0.5960168617936409,0.317738360362394,-1.2224954183306493,4.405378501983163,-3.182068584929097
6.050000000000001,-64.9939156868758,0.05297161714961088,0.5960165414877184,0.31773850637512563,-1.2224866248450597,4.405379113001672,-3.182074706062738
6.075,-64.99393617113114,0.05297149579152885,0.5960162242171181,0.3177386502887815,-1.2224777897226755,4.4053795780616225,-3.1820808513393417
6.1000000000000005,-64.99395673266294,0.05297137375039575,0.5960159099810273,0.3177387921074312,-1.2224689143998124,4.405379898562879,-3.182087019798881
6.125,-64.99397736829425,0.05297125104733054,0.5960155987783089,0.317738931835349,-1.2224600003030615,4.405380075908184,-3.1820932104882758
6.15,-64.99399807487147,0.052971127703317106,0.5960152906075046,0.31773906947701136,-1.2224510488492266,4.405380111502953,-3.182099422461441
6.175000000000001,-64.99401884926439,0.052971003739203125,0.5960149854668382,0.3177392050370943,-1.22244206144525,4.405380006755095,-3.1821056547793174
6.2,-64.9940396883664,0.05297087917569892,0.5960146833542187,0.3177393385204709,-1.222433039488145,4.405379763074821,-3.1821119065099195
6.2250000000000005,-64.99406058909454,0.052970754033376526,0.5960143842672443,0.31773946993220875,-1.2224239843649383,4.405379381874447,-3.182118176728363
6.25,-64.99408154838973,0.05297062833266874,0.5960140882032049,0.3177395992775673,-1.2224148974526126,4.405378864568209,-3.1821244645169187
6.275,-64.99410256321676,0.05297050209386781,0.5960137951590861,0.3177397265619954,-1.2224057801180226,4.405378212572087,-3.1821307689650267
6.300000000000001,-64.99412363056449,0.052970375337124814,0.5960135051315724,0.31773985179112874,-1.222396633717862,4.4053774273036135,-3.182137089169346
6.325,-64.99414474744596,0.05297024808244847,0.5960132181170502,0.3177399749707873,-1.2223874595985893,4.4053765101816875,-3.182143424233787
6.3500000000000005,-64.99416591089845,0.052970120349704455,0.5960129341116118,0.3177400961069729,-1.222378259096387,4.4053754626264086,-3.182149773269533
6.375,-64.99418711798361,0.052969992158614275,0.5960126531110582,0.3177402152058664,-1.2223690335370934,4.405374286058878,-3.182156135395084
6.4,-64.99420836578759,0.05296986352875452,0.5960123751109027,0.3177403322738255,-1.2223597842361569,4.405372981901039,-3.1821625097362753
6.425000000000001,-64.99422965142105,0.05296973447955606,0.5960121001063742,0.3177404473173819,-1.2223505124985914,4.4053715515754925,-3.182168895426315
6.45,-64.99425097201936,0.05296960503030327,0.5960118280924206,0.3177405603432391,-1.2223412196189272,4.405369996505326,-3.1821752916058075
6.4750000000000005,-64.99427232474258,0.05296947520013305,0.5960115590637122,0.3177406713582697,-1.2223319068811538,4.405368318113943,-3.182181697422774
6.5,-64.99429370677564,0.052969345008034255,0.5960112930146448,0.31774078036951287,-1.2223225755586866,4.405366517824889,-3.1821881120326907
6.525,-64.99431511532835,0.05296921447284684,0.5960110299393435,0.31774088738417183,-1.2223132269143173,4.405364597061678,-3.182194534598504
6.550000000000001,-64.99433654763551,0.05296908361326122,0.5960107698316657,0.31774099240961157,-1.2223038622001758,4.405362557247642,-3.1822009642906535
6.575,-64.99435800095699,0.05296895244781765,0.5960105126852044,0.3177410954533561,-1.2222944826576965,4.40536039980575,-3.1822074002870977
6.6000000000000005,-64.99437947257775,0.05296882099490535,0.596010258493292,0.31774119652308613,-1.2222850895175639,4.405358126158459,-3.1822138417733243
6.625,-64.99440095980796,0.05296868927276205,0.5960100072490031,0.3177412956266365,-1.2222756839996898,4.405355737727532,-3.182220287942388
6.65,-64.99442245998304,0.05296855729947342,0.5960097589451582,0.3177413927719937,-1.2222662673131832,4.4053532359338945,-3.1822267379949123
6.675000000000001,-64.99444397046372,0.05296842509297216,0.5960095135743269,0.3177414879672935,-1.2222568406562924,4.405350622197472,-3.1822331911391157
6.7,-64.99446548863608,0.05296829267103788,0.5960092711288312,0.31774158122081847,-1.2222474052164043,4.405347897937034,-3.182239646590824
6.7250000000000005,-64.99448701191162,0.05296816005129624,0.596009031600749,0.31774167254099545,-1.222237962169995,4.405345064570039,-3.1822461035734846
6.75,-64.9945085377273,0.05296802725121849,0.5960087949819174,0.31774176193639314,-1.2222285126826038,4.4053421235124715,-3.1822525613181893
6.775,-64.99453006354561,0.05296789428812114,0.5960085612639356,0.3177418494157197,-1.2222190579088172,4.405339076178698,-3.182259019063683
6.800000000000001,-64.99455158685454,0.05296776117916532,0.5960083304381689,0.3177419349878204,-1.222209598992234,4.405335923981336,-3.182265476056362
6.825,-64.9945731051677,0.05296762794135633,0.5960081024957514,0.31774201866167495,-1.2222001370654407,4.405332668331067,-3.1822719315503107
6.8500000000000005,-64.99459461602432,0.052967494591543325,0.5960078774275898,0.31774210044639534,-1.2221906732499963,4.4053293106365174,-3.182278384807294
6.875,-64.99461611698923,0.05296736114641884,0.5960076552243662,0.31774218035122337,-1.2221812086564083,4.405325852304111,-3.18228483509677
6.9,-64.994637605653,0.05296722762251839,0.5960074358765418,0.3177422583855283,-1.222171744384111,4.4053222947379265,-3.182291281695899
6.925000000000001,-64.99465907963183,0.052967094036220214,0.5960072193743602,0.3177423345588042,-1.2221622815214561,4.4053186393395425,-3.182297723889549
6.95,-64.9946805365677,0.05296696040374483,0.5960070057078501,0.317742408880668,-1.2221528211456885,4.405314887507912,-3.1823041609703098
6.9750000000000005,-64.99470197412829,0.052966826741154736,0.5960067948668294,0.31774248136085687,-1.2221433643229336,4.40531104063922,-3.182310592238487
7.0,-64.99472339000704,0.05296669306435422,0.5960065868409077,0.31774255200922585,-1.2221339121081896,4.405307100126752,-3.1823170170021116
7.025,-64.99474478192315,0.052966559389088945,0.59600638161949,0.3177426208357456,-1.2221244655453083,4.405303067360751,-3.1823234345769436
7.050000000000001,-64.99476614762159,0.05296642573094581,0.59600617919178,0.3177426878505001,-1.2221150256669902,4.405298943728287,-3.182329844286477
7.075,-64.9947874848731,0.05296629210535267,0.5960059795467829,0.31774275306368416,-1.222105593494774,4.405294730613141,-3.1823362454619297
7.1000000000000005,-64.99480879147421,0.052966158527578175,0.5960057826733091,0.31774281648560126,-1.2220961700390316,4.405290429395644,-3.1823426374422636
7.125,-64.99483006524721,0.05296602501273154,0.5960055885599769,0.31774287812666124,-1.2220867562989581,4.405286041452588,-3.182349019574164
7.15,-64.99485130404017,0.052965891575762376,0.5960053971952164,0.3177429379973779,-1.2220773532625693,4.4052815681570685,-3.18235539121205
7.175000000000001,-64.9948725057269,0.05296575823146055,0.596005208567272,0.31774299610836687,-1.222067961906697,4.40527701087838,-3.1823617517180707
7.2,-64.994893668207,0.052965624994456124,0.5960050226642062,0.3177430524703431,-1.2220585831969932,4.405272370981878,-3.1823681004620994
7.2250000000000005,-64.99491478940577,0.05296549187921921,0.596004839473902,0.317743107094119,-1.2220492180879232,4.405267649828877,-3.1823744368217306
7.25,-64.99493586727425,0.05296535890005979,0.5960046589840671,0.31774315999060176,-1.2220398675227653,4.405262848776518,-3.182380760182275
7.275,-64.9949568997892,0.05296522607112777,0.596004481182236,0.3177432111707914,-1.2220305324336165,4.405257969177652,-3.1823870699367602
7.300000000000001,-64.99497788495303,0.05296509340641292,0.5960043060557739,0.3177432606457784,-1.2220212137413975,4.4052530123807285,-3.182393365485909
7.325,-64.99499882079384,0.052964960919744855,0.5960041335918794,0.3177433084267416,-1.2220119123558555,4.405247979729678,-3.1823996462381516
7.3500000000000005,-64.99501970536532,0.052964828624792945,0.5960039637775878,0.3177433545249459,-1.2220026291755683,4.405242872563811,-3.1824059116095964
7.375,-64.9950405367468,0.05296469653506649,0.5960037965997742,0.31774339895174014,-1.221993365087959,4.405237692217686,-3.1824121610240397
7.4,-64.99506131304315,0.05296456466391455,0.5960036320451567,0.3177434417185549,-1.2219841209692939,4.405232440021021,-3.1824183939129456
7.425000000000001,-64.99508203238479,0.05296443302452611,0.5960034701002991,0.31774348283690035,-1.2219748976846967,4.405227117298578,-3.1824246097154356
7.45,-64.99510269292762,0.05296430162993015,0.5960033107516144,0.31774352231836406,-1.2219656960881613,4.40522172537005,-3.182430807878285
7.4750000000000005,-64.995123292853,0.05296417049299564,0.5960031539853676,0.3177435601746089,-1.2219565170225606,4.405216265549974,-3.182436987855898
7.5,-64.99514383036768,0.052964039626431814,0.5960029997876789,0.31774359641737093,-1.2219473613196652,4.405210739147619,-3.1824431491103042
7.525,-64.9951643037038,0.052963909042788145,0.5960028481445264,0.31774363105845727,-1.2219382298001542,4.4052051474668845,-3.1824492911111406
7.550000000000001,-64.99518471111881,0.05296377875445454,0.5960026990417497,0.31774366410974386,-1.2219291232736307,4.405199491806197,-3.1824554133356426
7.575,-64.99520505089542,0.05296364877366146,0.5960025524650524,0.3177436955831737,-1.2219200425386387,4.405193773458425,-3.1824615152686264
7.6000000000000005,-64.99522532134154,0.05296351911248016,0.5960024084000052,0.31774372549075447,-1.221910988382682,4.405187993710778,-3.1824675964024607
7.625,-64.99524552079025,0.0529633897828228,0.5960022668320489,0.31774375384455655,-1.2219019615822433,4.405182153844705,-3.1824736562370743
7.65,-64.99526564759971,0.052963260796442715,0.5960021277464975,0.3177437806567111,-1.2218929629028028,4.405176255135822,-3.1824796942799125
7.675000000000001,-64.99528570015313,0.05296313216493471,0.596001991128541,0.31774380593940793,-1.2218839930988692,4.4051702988537995,-3.1824857100459396
7.7,-64.9953056768587,0.052963003899734976,0.5960018569632483,0.3177438297048934,-1.2218750529139764,4.405164286262276,-3.1824917030576114
7.7250000000000005,-64.99532557614951,0.052962876012121775,0.5960017252355699,0.31774385196546856,-1.2218661430807376,4.405158218618788,-3.1824976728448533
7.75,-64.99534539648347,0.05296274851321547,0.5960015959303416,0.31774387273348703,-1.2218572643208545,4.405152097174668,-3.1825036189450415
7.775,-64.9953651363433,0.052962621413978866,0.5960014690322865,0.3177438920213532,-1.2218484173451443,4.405145923174966,-3.182509540902988
7.800000000000001,-64.99538479423639,0.05296249472521746,0.596001344526018,0.3177439098415201,-1.2218396028535627,4.405139697858359,-3.1825154382709155
7.825,-64.99540436869476,0.052962368457579845,0.5960012223960435,0.31774392620648745,-1.2218308215352398,4.405133422457081,-3.182521310608429
7.8500000000000005,-64.995423858275,0.05296224262155795,0.596001102626766,0.31774394112879983,-1.2218220740684986,4.405127098196843,-3.1825271574825007
7.875,-64.99544326155815,0.05296211722748762,0.5960009852024877,0.3177439546210447,-1.2218133611209028,4.4051207262967464,-3.182532978467445
7.9,-64.99546257714962,0.05296199228554856,0.5960008701074125,0.31774396669585053,-1.2218046833492566,4.405114307969217,-3.182538773144887
7.925000000000001,-64.99548180367918,0.05296186780576515,0.5960007573256492,0.31774397736588483,-1.221796041399669,4.405107844419913,-3.1825445411037547
7.95,-64.99550093980079,0.05296174379800664,0.5960006468412136,0.31774398664385234,-1.2217874359075689,4.405101336847669,-3.1825502819402374
7.9750000000000005,-64.99551998419255,0.05296162027198744,0.5960005386380318,0.31774399454249314,-1.221778867497734,4.405094786444417,-3.1825559952577662
8.0,-64.99553893555662,0.052961497237267854,0.5960004326999427,0.31774400107458084,-1.2217703367843422,4.405088194395122,-3.182561680666987
8.025,-64.9955577926191,0.05296137470325417,0.5960003290107008,0.31774400625292065,-1.2217618443709874,4.405081561877707,-3.1825673377857284
8.05,-64.99557655412995,0.052961252679199336,0.5960002275539787,0.3177440100903477,-1.221753390850729,4.4050748900629815,-3.182572966238986
8.075000000000001,-64.99559521886296,0.05296113117420339,0.5960001283133703,0.31774401259972507,-1.2217449768061255,4.405068180114582,-3.1825785656588876
8.1,-64.99561378561552,0.05296101019721387,0.5960000312723928,0.3177440137939422,-1.2217366028092695,4.405061433188918,-3.1825841356846554
8.125,-64.99563225320863,0.05296088975702641,0.5959999364144896,0.3177440136859129,-1.2217282694218323,4.405054650435094,-3.182589675962588
8.15,-64.99565062048677,0.05296076986228505,0.5959998437230332,0.3177440122885737,-1.2217199771950922,4.405047832994848,-3.182595186146031
8.175,-64.99566888631782,0.05296065052148296,0.5959997531813275,0.3177440096148822,-1.2217117266699873,4.4050409820024985,-3.1826006658953445
8.200000000000001,-64.99568704959287,0.05296053174296288,0.5959996647726106,0.31774400567781513,-1.2217035183771505,4.405034098584893,-3.182606114877862
8.225,-64.99570510922625,0.052960413534917636,0.595999578480057,0.3177440004903669,-1.2216953528369507,4.405027183861337,-3.182611532767875
8.25,-64.99572306415531,0.05296029590539078,0.5959994942867807,0.3177439940655475,-1.2216872305595405,4.405020238943542,-3.182616919246594
8.275,-64.99574091334037,0.05296017886227706,0.5959994121758372,0.3177439864163813,-1.221679152044895,4.405013264935584,-3.1826222740021106
8.3,-64.99575865576459,0.05296006241332299,0.5959993321302264,0.31774397755590505,-1.2216711177828532,4.405006262933833,-3.1826275967293767
8.325000000000001,-64.99577629043387,0.052959946566127514,0.595999254132895,0.3177439674971663,-1.2216631282531698,4.404999234026915,-3.18263288713016
8.35,-64.9957938163767,0.052959831328142526,0.595999178166739,0.3177439562532218,-1.2216551839255547,4.40499217929566,-3.182638144913011
8.375,-64.99581123264413,0.05295971670667364,0.5959991042146059,0.31774394383713594,-1.2216472852597313,4.404985099813051,-3.182643369793239
8.4,-64.99582853830957,0.05295960270888061,0.5959990322592976,0.31774393026197895,-1.2216394327054692,4.404977996644175,-3.18264856149287
8.425,-64.9958457324687,0.052959489341778035,0.5959989622835725,0.3177439155408255,-1.2216316267026355,4.404970870846187,-3.182653719740608
8.450000000000001,-64.99586281423935,0.05295937661223602,0.5959988942701478,0.317743899686753,-1.2216238676812476,4.4049637234682635,-3.182658844271803
8.475,-64.9958797827614,0.0529592645269809,0.5959988282017025,0.31774388271284015,-1.2216161560615248,4.404956555551546,-3.1826639348284216
8.5,-64.99589663719667,0.052959153092595676,0.5959987640608788,0.3177438646321653,-1.2216084922539232,4.404949368129119,-3.1826689911589994
8.525,-64.9959133767287,0.05295904231552105,0.5959987018302855,0.31774384545780493,-1.221600876659211,4.404942162225962,-3.182674013018608
8.55,-64.99593000056275,0.052958932202055685,0.5959986414924995,0.31774382520283223,-1.2215933096684908,4.404934938858908,-3.182679000168825
8.575000000000001,-64.99594650792561,0.05295882275835727,0.5959985830300685,0.3177438038803155,-1.2215857916632762,4.404927699036613,-3.1826839523776824
8.6,-64.99596289806549,0.05295871399044301,0.5959985264255132,0.3177437815033166,-1.2215783230155297,4.4049204437595115,-3.1826888694196453
8.625,-64.99597917025186,0.052958605904190395,0.5959984716613297,0.31774375808488986,-1.2215709040877194,4.404913174019799,-3.182693751075557
8.65,-64.99599532377538,0.052958498505337924,0.5959984187199914,0.31774373363808006,-1.2215635352328722,4.404905890801374,-3.1826985971326125
8.675,-64.99601135794771,0.052958391799485804,0.5959983675839516,0.31774370817592146,-1.2215562167946274,4.404898595079829,-3.182703407384312
8.700000000000001,-64.99602727210141,0.05295828579209678,0.5959983182356456,0.3177436817114362,-1.2215489491072948,4.404891287822414,-3.1827081816304243
8.725,-64.99604306558983,0.0529581804884968,0.5959982706574928,0.31774365425763285,-1.2215417324959068,4.404883969987995,-3.182712919676949
8.75,-64.99605873778691,0.0529580758938757,0.5959982248318988,0.3177436258275051,-1.221534567276267,4.404876642527037,-3.182717621336073
8.775,-64.99607428808712,0.0529579720132882,0.5959981807412579,0.31774359643403044,-1.221527453755023,4.404869306381581,-3.1827222864261344
8.8,-64.99608971590526,0.052957868851654516,0.5959981383679548,0.3177435660901686,-1.2215203922297129,4.404861962485207,-3.182726914771577
8.825000000000001,-64.99610502067635,0.05295776641376111,0.595998097694367,0.31774353480886053,-1.2215133829888192,4.4048546117630245,-3.182731506202906
8.85,-64.99612020185553,0.05295766470426156,0.5959980587028667,0.31774350260302675,-1.221506426311832,4.404847255131636,-3.1827360605566595
8.875,-64.99613525891785,0.05295756372767737,0.5959980213758233,0.3177434694855662,-1.2214995224693088,4.404839893499123,-3.1827405776753537
8.9,-64.99615019135817,0.052957463488398596,0.5959979856956045,0.3177434354693549,-1.2214926717229209,4.404832527765016,-3.1827450574074505
8.925,-64.99616499869103,0.052957363990685,0.5959979516445795,0.3177434005672448,-1.221485874325535,4.404825158820295,-3.1827494996073082
8.950000000000001,-64.99617968045047,0.05295726523866656,0.5959979192051201,0.3177433647920624,-1.2214791305212516,4.404817787547356,-3.18275390413514
8.975,-64.99619423618994,0.05295716723634438,0.5959978883596032,0.31774332815660744,-1.2214724405454722,4.4048104148199885,-3.1827582708569806
9.0,-64.9962086654821,0.0529570699875916,0.5959978590904125,0.3177432906736518,-1.2214658046249636,4.404803041503376,-3.18276259964463
9.025,-64.99622296791873,0.05295697349615418,0.5959978313799404,0.3177432523559383,-1.221459222977914,4.404795668454077,-3.1827668903756177
9.05,-64.99623714311052,0.05295687776565169,0.5959978052105905,0.3177432132161793,-1.2214526958139935,4.404788296520001,-3.1827711429331558
9.075000000000001,-64.99625119068699,0.052956782799578266,0.5959977805647786,0.3177431732670558,-1.2214462233344197,4.4047809265404165,-3.182775357206097
9.1,-64.99626511029633,0.052956688601303405,0.5959977574249352,0.31774313252121605,-1.2214398057320155,4.404773559345911,-3.1827795330889
9.125,-64.99627890160521,0.05295659517407278,0.5959977357735073,0.3177430909912745,-1.2214334431912703,4.404766195758417,-3.1827836704815624
9.15,-64.99629256429867,0.052956502521009245,0.5959977155929601,0.3177430486898106,-1.2214271358884092,4.404758836591167,-3.1827877692896007
9.175,-64.99630609807997,0.05295641064511364,0.5959976968657787,0.3177430056293678,-1.2214208839914524,4.404751482648714,-3.1827918294239907
9.200000000000001,-64.99631950267043,0.05295631954926563,0.5959976795744704,0.3177429618224523,-1.2214146876602765,4.404744134726912,-3.182795850801129
9.225,-64.99633277780929,0.052956229236224665,0.5959976637015658,0.3177429172815321,-1.2214085470466802,4.404736793612911,-3.1827998333427856
9.25,-64.99634592325354,0.05295613970863079,0.5959976492296212,0.31774287201903567,-1.2214024622944455,4.40472946008515,-3.1828037769760624
9.275,-64.9963589387778,0.05295605096900569,0.5959976361412198,0.3177428260473513,-1.2213964335394105,4.4047221349133725,-3.182807681633341
9.3,-64.99637182417415,0.05295596301975335,0.595997624418974,0.3177427793788257,-1.2213904609095183,4.404714818858592,-3.182811547252244
9.325000000000001,-64.99638457925197,0.05295587586316117,0.5959976140455263,0.31774273202576314,-1.2213845445248948,4.404707512673116,-3.1828153737755898
9.35,-64.9963972038378,0.052955789501400806,0.5959976050035519,0.3177426840004244,-1.2213786844979102,4.404700217100542,-3.18281916115134
9.375,-64.99640969777519,0.05295570393652906,0.5959975972757596,0.31774263531502567,-1.2213728809332414,4.404692932875753,-3.1828229093325575
9.4,-64.99642206092456,0.05295561917048884,0.5959975908448939,0.3177425859817379,-1.2213671339279406,4.4046856607249145,-3.1828266182773675
9.425,-64.99643429316298,0.05295553520511006,0.5959975856937364,0.3177425360126853,-1.2213614435715003,4.404678401365494,-3.1828302879488928
9.450000000000001,-64.99644639438411,0.05295545204211054,0.5959975818051074,0.317742485419945,-1.2213558099459167,4.404671155506243,-3.1828339183152323
9.475,-64.99645836449797,0.052955369683097005,0.5959975791618676,0.31774243421554554,-1.2213502331257595,4.4046639238472265,-3.1828375093493904
9.5,-64.99647020343083,0.052955288129565944,0.5959975777469194,0.31774238241146635,-1.2213447131782345,4.4046567070798055,-3.1828410610292495
9.525,-64.99648191112503,0.05295520738290462,0.5959975775432088,0.3177423300196367,-1.2213392501632538,4.404649505886663,-3.182844573337509
9.55,-64.99649348753884,0.052955127444391965,0.5959975785337267,0.3177422770519348,-1.2213338441335024,4.404642320941797,-3.1828480462616526
9.575000000000001,-64.99650493264632,0.05295504831519961,0.5959975807015103,0.31774222352018694,-1.2213284951345058,4.4046351529105285,-3.182851479793895
9.600000000000001,-64.99651624643708,0.052954969996392605,0.5959975840296449,0.3177421694361666,-1.2213232032046866,4.404628002449537,-3.182854873931124
9.625,-64.99652742891625,0.05295489248893065,0.5959975885012648,0.3177421148115937,-1.2213179683754463,4.404620870206832,-3.1828582286748754
9.65,-64.99653848010423,0.05295481579366885,0.5959975940995554,0.31774205965813357,-1.2213127906712227,4.404613756821791,-3.18286154403127
9.675,-64.99654940003657,0.05295473991135874,0.5959976008077541,0.3177420039873964,-1.2213076701095609,4.404606662925168,-3.182864820010971
9.700000000000001,-64.9965601887638,0.05295466484264931,0.5959976086091519,0.31774194781093623,-1.2213026067011845,4.404599589139102,-3.1828680566291383
9.725000000000001,-64.99657084635126,0.05295459058808784,0.5959976174870948,0.3177418911402503,-1.2212976004500555,4.404592536077134,-3.182871253905378
9.75,-64.99658137287899,0.05295451714812093,0.595997627424985,0.31774183398677813,-1.2212926513534474,4.404585504344218,-3.1828744118636974
9.775,-64.99659176844153,0.05295444452309544,0.5959976384062824,0.3177417763619008,-1.2212877594020086,4.404578494536739,-3.1828775305324597
9.8,-64.99660203314778,0.05295437271325953,0.5959976504145058,0.3177417182769404,-1.2212829245798404,4.404571507242535,-3.182880609944334
9.825000000000001,-64.99661216712083,0.05295430171876353,0.5959976634332343,0.3177416597431591,-1.2212781468645542,4.404564543040905,-3.1828836501362487
9.850000000000001,-64.99662217049782,0.05295423153966097,0.5959976774461084,0.3177416007717584,-1.2212734262273433,4.404557602502637,-3.1828866511493445
9.875,-64.99663204342976,0.0529541621759095,0.5959976924368314,0.31774154137387856,-1.22126876263305,4.404550686190013,-3.1828896130289266
9.9,-64.9966417860814,0.05295409362737187,0.5959977083891705,0.3177414815605979,-1.2212641560402346,4.404543794656845,-3.182892535824419
9.925,-64.99665139863104,0.05295402589381701,0.5959977252869583,0.31774142134293204,-1.2212596064012489,4.404536928448488,-3.1828954195893133
9.950000000000001,-64.99666088127042,0.05295395897492092,0.5959977431140934,0.31774136073183334,-1.2212551136622987,4.404530088101863,-3.1828982643811243
9.975000000000001,-64.99667023420449,0.0529538928702676,0.5959977618545423,0.3177412997381902,-1.2212506777635117,4.404523274145473,-3.182901070261346
10.0,-64.99667945765131,0.05295382757935006,0.5959977814923402,0.3177412383728264,-1.2212462986390036,4.404516487099437,-3.182903837295393
10.025,-64.74875244383009,0.053032966421858486,0.5959850060770224,0.31774991328961555,-1.2240588920843831,4.495982158939545,-3.1085257331490252
10.05,-64.50475139425305,0.05325865927700649,0.5959467855275559,0.31777591814978307,-1.2370376674957955,4.58702736317523,-3.035325418275914
10.075,-64.2643974134819,0.053614962311834914,0.5958833193204924,0.3178190494175669,-1.2592484447435865,4.677800507992478,-2.9632192240445705
10.1,-64.02743725339603,0.05408809206239784,0.595794783095307,0.317879117043252,-1.2900076694616667,4.7684394563523425,-2.892131176018809
10.125,-63.793637398426895,0.054666114886836426,0.5956813305308086,0.317955943402842,-1.3288251647248284,4.8590739425423495,-2.8219912195280683
10.15,-63.56277947671936,0.055338686689523665,0.5955430947160105,0.31804936254809374,-1.375361925033809,4.9498274897633765,-2.752733843015809
10.175,-63.33465665671834,0.05609683408938603,0.5953801891150833,0.31815921970093486,-1.429398804842167,5.040818959132462,-2.684296997015501
10.2,-63.10907078103981,0.05693276992548824,0.5951927082005798,0.31828537094299786,-1.4908131819242187,5.132163825198545,-2.616621234311943
10.225,-62.88583005490291,0.05783973734141665,0.5949807278103418,0.31842768306334696,-1.5595615222236734,5.223975248165446,-2.549649016470873
10.25,-62.66474715313995,0.058811877756671405,0.59474430526945,0.31858603353669224,-1.6356663618234453,5.316364995298419,-2.4833241459419844
10.275,-62.44563764346852,0.0598441188838221,0.59448347930792,0.318760310611356,-1.7192066355672748,5.4094442512967325,-2.4175912930405565
10.3,-62.22831864813934,0.06093207963326576,0.5941982697966239,0.31895041349159864,-1.8103105755331466,5.503324348270472,-2.3523955944418025
10.325,-62.01260768391212,0.062071989299622155,0.5938886773174447,0.3191562526030697,-1.9091506129960645,5.598117439351236,-2.2876823051736364
10.35,-61.79832163340215,0.06326061887287308,0.59355468257847,0.3193777499334428,-2.0159398698778417,5.693937135190111,-2.223396490020646
10.375,-61.585275810475665,0.06449522268463108,0.5931962456807336,0.31961483944295827,-2.1309299372299257,5.79089911916141,-2.159482743142699
10.4,-61.37328308946393,0.06577348890193972,0.5928133052393463,0.31986746754180123,-2.2544097209924976,5.889121754652977,-2.0958849268391795
10.425,-61.16215307316557,0.06709349763068342,0.592405777358634,0.3201355936331265,-2.38670519748452,5.988726696140989,-2.0325459219496707
10.45,-60.951691278374234,0.06845368559821906,0.5919735544579433,0.3204191907221904,-2.5281799687183883,6.089839514649356,-1.96940738351227
10.475,-60.741698320337655,0.06985281655833499,0.5915165039419653,0.32071824609355604,-2.6792365449277815,6.192590347562606,-1.906409496101296
10.5,-60.531969079359214,0.0712899567075798,0.5910344667066613,0.32103276205975356,-2.840318311714507,6.297114582515634,-1.843490723807764
10.525,-60.32229183386159,0.07276445452563507,0.5905272554690452,0.32136275678616033,-3.0119121642244764,6.403553585171776,-1.7805875501584771
10.55,-60.1124473447604,0.07427592455798492,0.589994652906112,0.3217082651982636,-3.194551812463143,6.512055481091194,-1.7176342034281191
10.575,-59.90220787601943,0.07582423475018178,0.5894364095849992,0.3220693399789161,-3.3888217815905413,6.62277600257093,-1.6545623628058295
10.6,-59.69133613582504,0.07740949702243471,0.5888522416629559,0.32244605266474335,-3.5953621498763515,6.735879412308748,-1.5913008407475118
10.625,-59.479584121946914,0.07903206084350477,0.5882418283317606,0.3228384948525438,-3.8148740858689907,6.851539517018433,-1.527775236584074
10.65,-59.26669185354436,0.08069250962610436,0.5876048089767792,0.3232467795283892,-4.048126266079888,6.96994078573473,-1.4639075560633075
10.675,-59.05238596991349,0.0823916598239866,0.5869407800157593,0.3236710425342266,-4.295962275913958,7.091279589531303,-1.399615790974046
10.7,-58.83637817441074,0.08413056266534809,0.5862492913765766,0.3241114441891647,-4.559309120528409,7.215765581793476,-1.3348134523232218
10.725,-58.61836349897437,0.08591050850957443,0.5855298425663084,0.3245681710853561,-4.839186999682639,7.343623241111896,-1.2694090496923103
10.75,-58.398018361217794,0.08773303386619746,0.5847818782760112,0.3250414380815403,-5.1367205324850875,7.475093602388094,-1.203305508365338
10.775,-58.17499838188155,0.089599931167674,0.5840047834561614,0.3255314905209769,-5.45315165546158,7.610436205987408,-1.136399514564465
10.8,-57.948935925371636,0.09151326144272358,0.5831978777865945,0.3260386067047868,-5.789854462015173,7.749931299887239,-1.0685807776114906
10.825,-57.71943732001134,0.09347537009611118,0.5823604094515646,0.32656310065675237,-6.148352304898372,7.893882335936653,-0.9997311960034011
10.85,-57.48607970728108,0.09548890606569967,0.5814915481147784,0.3271053252215739,-6.530337547965194,8.042618808800846,-0.9297239121843233
10.875,-57.24840746045167,0.09755684470036724,0.5805903769703856,0.32766567554562337,-6.937694431947758,8.196499495205478,-0.8584222381355019
10.9,-57.00592810229991,0.09968251478536752,0.5796558837231944,0.3282445929976263,-7.3725256147440295,8.35591616209324,-0.7856784306899733
10.925,-56.75810763861922,0.10186963023771028,0.5786869503239609,0.3288425695967229,-7.837183064042986,8.521297825726633,-0.7113322915857665
10.95,-56.504365208480614,0.10412232710658412,0.5776823412523424,0.32946015302738774,-8.334304124560129,8.693115660214794,-0.635209562544184
10.975,-56.244066933008476,0.10644520664687646,0.5766406900996085,0.3300979523351761,-8.866853760732223,8.871888674168439,-0.5571200799025426
11.0,-55.97651882098467,0.10884338539260105,0.5755604841536812,0.33075664441478947,-9.438174197428898,9.058190299170853,-0.47685564629540167
11.025,-55.700958560835005,0.11132255334790532,0.5744400466282601,0.3314369814232402,-10.052043457672417,9.252656064751772,-0.3941875682505014
11.05,-55.41654599315358,0.11388904164425673,0.5732775161027863,0.3321397992768602,-10.712744642495867,9.455992573189587,-0.30886379794607494
11.075,-55.12235201417732,0.11654990129345721,0.5720708226470903,0.3328660274227049,-11.42514823337227,9.668988035862998,-0.22060560425319478
11.1,-54.81734560635219,0.11931299500999061,0.5708176599889874,0.3336167001140422,-12.19481024747146,9.892524693795336,-0.12910368190565719
11.125,-54.500378624520735,0.12218710449900916,0.5695154529386616,0.33439296946799496,-13.028089773544991,10.127593522126746,-0.0340135873562204
11.15,-54.17016788166699,0.12518205612862038,0.5681613191024247,0.3351961206434867,-13.932290305125317,10.375311716337645,0.0650496354999028
11.175,-53.825273971859524,0.12830886855341408,0.56675202369002,0.3360275895526138,-14.915830425475683,10.636943583553602,0.16851780844214304
11.2,-53.464076133876624,0.13157992666434337,0.5652839259305671,0.33688898361258623,-15.988450861467769,10.913925623799813,0.27687715983701294
11.225,-53.08474228893084,0.13500918725192812,0.5637529152450578,0.3377821061638736,-17.161466812305292,11.207896795252749,0.390677313320748
11.25,-52.685193169367984,0.13861242304195812,0.5621543348552772,0.3387089853303027,-18.44807690809674,11.520735230122092,0.5105420491896048
11.275,-52.263059178297866,0.14240751336892965,0.560482889910804,0.3396719082879939,-19.86374334162609,11.854603025329922,0.6371822465106405
11.3,-51.81562826449725,0.14641479178770422,0.5587325364497248,0.3406734621546828,-21.426661882531185,12.212001204274795,0.7714115206508253
11.325,-51.33978263842344,0.15065746351212198,0.556896346527356,0.34171658302574837,-23.15834594320041,12.595837573733547,0.914165208472967
11.35,-50.83192156189084,0.15516210887078793,0.5549663435920854,0.3428046150903136,-25.084356039095635,13.009511040624655,1.0665235314327488
11.375,-50.28786667392476,0.15995929319144797,0.5529333005896343,0.34394138228967835,-27.23521542253133,13.45701708732472,1.2297399978225718
11.4,-49.702745313623716,0.1650843089297778,0.550786491262547,0.3451312756706488,-29.64756507804672,13.943080645094266,1.4052764059128855
11.425,-49.07084599651397,0.17057808277660674,0.5485133826164577,0.34637936049079215,-32.365627542182146,14.473324714399796,1.59484620104581
11.45,-48.38543850368598,0.176488289312476,0.5460992535307669,0.3476915083212433,-35.44307022182941,15.054485989253752,1.8004684488942053
11.475,-47.638548842154705,0.18287072399527246,0.543526721107369,0.34907456095724876,-38.94538620540457,15.694692781198741,2.0245353473535883
11.5,-46.820676502190686,0.1897910023473543,0.540775152980582,0.3505365350052546,-42.952945015829336,16.403826183388208,2.269897049342794
11.525,-45.92043784197773,0.19732666952555902,0.5378199414957178,0.3520868787147081,-47.564907605989085,17.193993350997136,2.539968647406681
11.55,-44.924114978802876,0.20556982497767592,0.5346316167600371,0.35373679613325903,-52.904247248215086,18.080152980908057,2.838865506359137
11.575,-43.81508429870923,0.21463038952704094,0.5311747850519375,0.3554996581573712,-59.1241637706828,19.0809489383455,3.171574710387231
11.6,-42.573092992583945,0.2246401634889501,0.5274069069193111,0.357391525636592,-66.41620445505565,20.219830419894354,3.5441721022248167
11.625,-41.173347037662836,0.23575783564406266,0.5232769945457038,0.3594318162689104,-75.02036860966022,21.526568600543428,3.964095888701149
11.65,-39.58537256927364,0.2481750847590223,0.5187244446159732,0.36164415396367666,-85.23728367098236,23.039323451553553,4.440488229217909
11.675,-37.77162080806638,0.26212382734751705,0.5136784852597901,0.36405744481897806,-97.44201189025111,24.807473258807445,4.984613757580086
11.7,-35.68581752817587,0.277884426487291,0.5080591714691568,0.3667072235533933,-112.09780561539033,26.895493900171626,5.61035474154724
11.725,-33.27113740874686,0.2957941326325382,0.5017815396380344,0.36963729902019493,-129.7654531964311,29.388257375480272,6.334758777375942
11.75,-30.458461961574617,0.31625390520555424,0.4947652365807042,0.37290167948206815,-151.09839142908382,32.39817815983652,7.178561411527615
11.775,-27.165351472983023,0.33972963425645164,0.4869518850335301,0.3765666455576333,-176.80312250252666,36.07458130015468,8.166494558105093
11.8,-23.297090470462795,0.36674013194235844,0.47832991935898506,0.3807126094014779,-207.52519904123864,40.615271516345274,9.326972858861161
11.825,-18.752484591109482,0.39781896317506066,0.4689599193907094,0.38543498348917304,-243.59132256534716,46.27904908744843,10.690354622667156
11.85,-13.439111805254086,0.43343190015702276,0.45898493377736377,0.39084262704995204,-284.51121177579904,53.39494617773024,12.284366458423774
11.875,-7.304689642635961,0.47383270047918513,0.4486102845922202,0.3970516182527497,-328.1827307326314,62.35825286447881,14.124693107209211
11.9,-0.3896870986562968,0.5188595152470101,0.43805536723193705,0.4041715861358516,-369.99961330112546,73.59576970116089,16.19919387040311
11.925,7.105935148064754,0.5677236741687386,0.4275035827352293,0.4122828285028184,-402.6514089417213,87.48027353637637,18.447880544419426
11.95,14.776659576932682,0.6189064339019554,0.4170777637878984,0.42140664650110976,-417.9302578786403,104.1934147917198,20.749097873079805
11.975,22.046518575015607,0.6702951082112392,0.40684505211878075,0.4314789264201924,-411.00238181294054,123.58907268030707,22.93005557250468
12.0,28.32109576841418,0.7195904369036004,0.3968355951146364,0.4423430508403953,-384.66736496105466,145.16258903866432,24.812428730524253
12.025,33.19583359150688,0.7648329464870439,0.387059834437431,0.4537733148169308,-349.2014908109778,168.1990295553948,26.274850077452065
12.05,36.581936645365495,0.8047879428986638,0.3775191207753612,0.4655219513555146,-316.85051758512924,192.0314798672377,27.290680993609644
12.075,38.66800225990314,0.8390257169176288,0.3682109174883644,0.47736663930041234,-295.7400923833049,216.23400691427136,27.916500677970944
12.1,39.774269491933445,0.8677445394888675,0.3591310687684482,0.4891378752022988,-287.94148185211924,240.64388513902063,28.24838084758003
12.125,40.214758783741004,0.8915030792590263,0.35027475447200224,0.5007224200404589,-291.42725257225646,265.26072303843154,28.380527635122302
12.15,40.22863343720914,0.9109954801408072,0.34163690331594454,0.5120522183219255,-302.8656327314939,290.13038269164906,28.38469003116274
12.175,39.97218156284601,0.9269131713318567,0.33321238314883017,0.5230897772109635,-319.31991223301355,315.2753533335711,28.3077544688538
12.2,39.538351994821106,0.9398795925768705,0.32499609388625283,0.5338161321819328,-338.74754054059355,340.6733412708881,28.177605598446334
12.225,38.979836068018244,0.9504291783706347,0.316983014089371,0.5442228675575692,-359.8856864226003,366.2622311483157,28.01005082040547
12.25,38.326357465042626,0.9590080385080669,0.30916822395696897,0.5543074433819553,-381.9875691129829,391.9529322404893,27.81400723951279
12.275,37.59532566540412,0.9659832752104802,0.3015469160451875,0.5640706434839935,-404.60414346848734,417.64125815447653,27.594697699621236
12.3,36.79773435493498,0.971654609975473,0.2941143996636781,0.5735152213250271,-427.4464823238168,443.2164912819509,27.355420306480497
12.325,35.94123916489,0.9762656543711893,0.2868661020866835,0.5826451759803025,-450.3099608923252,468.5669679934878,27.098471749467
12.35,35.03171990852378,0.9800138820244193,0.27979756820138635,0.5914653490110053,-473.03553381376327,493.58361038199206,26.825615972557134
12.375,34.0740696620231,0.9830590944341789,0.27290445941478714,0.599981184366155,-495.49076668233323,518.1621773204779,26.53832089860693
12.4,33.072597414569394,0.9855304591685243,0.2661825522306753,0.6081985730666329,-517.5607195390053,542.2047314705836,26.23787922437082
12.425,32.031237122347086,0.9875322937228428,0.2596277367039559,0.6161237440062443,-539.1435709736996,565.6206075404888,25.92547113670412
12.45,30.953657979702367,0.9891487855967698,0.2532360148788065,0.6237631814339136,-560.1484799298519,588.3270391961411,25.60219739391071
12.475,29.84332292490937,0.9904478269501711,0.2470034992671742,0.6311235590316763,-580.4944883070006,610.2495330991968,25.269096877472812
12.5,28.703519300751182,0.9914841203285231,0.24092641139883547,0.6382116851373073,-600.1098948797085,631.3220437738389,24.927155790225353
12.525,27.537374289856373,0.9923016884509216,0.23500108046093104,0.6450344560293972,-618.9318283089314,651.4869860341092,24.57731228695691
12.55,26.347862051482807,0.9929358990774075,0.22922394203754407,0.6515988154482069,-636.9058887331227,670.6951133665164,24.22045861544484
12.575,25.13780649708495,0.9934150966016453,0.22359153695552417,0.6579117192146934,-653.9857963992389,688.9052862609558,23.857441949125484
12.6,23.90988199711391,0.9937619154610671,0.21810051023996813,0.6639801041993307,-670.1330203289532,706.0841517511776,23.489064599134174
12.625,22.66661336439804,0.9939943365663023,0.21274761018081895,0.6698108611168638,-685.3163777688867,722.2057533326534,23.11608400931941
12.65,21.410375892951837,0.9941265364340953,0.2075296875105287,0.6754108107544671,-699.5116044063944,737.2510885359424,22.73921276788555
12.675,20.143395882881254,0.9941695692363163,0.2024436946914786,0.6807866833183537,-712.7009000310394,751.2076295901395,22.359118764864373
12.7,18.86775186488082,0.9941319142357047,0.19748668531069224,0.685945100630352,-724.8724564997362,764.0688207792908,21.976425559464243
12.725,17.585376602183324,0.9940199147799188,0.19265581357826025,0.6908925609345613,-736.0199755943029,775.8335642895811,21.591712980654993
12.75,16.298059864290728,0.9938381299188283,0.18794833392476168,0.6956354260928103,-746.1421842501815,786.5057045971035,21.20551795928722
12.775,15.007451917101216,0.993589615581912,0.1833616006917478,0.7001799109609714,-755.2423540454172,796.093519785926,20.818335575130366
12.8,13.71506764644435,0.9932761489233032,0.17889306790805404,0.7045320747489436,-763.3278309928089,804.6092266391021,20.430620293933305
12.825,12.422291218828178,0.9928984067619281,0.17454028914324454,0.7086978141768733,-770.4095807171499,812.0685049289489,20.042787365648454
12.85,11.130381179239203,0.992456106890062,0.17030091742786627,0.7126828582497391,-776.5017531139467,818.490045057409,19.65521435377176
12.875,9.840475887634375,0.9919481192944495,0.16617270522835503,0.716492764482133,-781.6212696325155,823.8951220662564,19.26824276629031
12.9,8.5535992009513,0.9913725529475954,0.16215350446234214,0.7201329164150501,-785.7874354388391,828.3071980485796,18.88217976028539
12.925,7.270666314433684,0.9907268227161026,0.1582412665377626,0.7236085222766802,-789.0215779104929,831.7515541414467,18.497299894330105
12.95,5.992489683715792,0.9900077000439347,0.15443404239650038,0.7269246146494667,-791.3467122052394,834.2549525560858,18.113846905114737
12.975,4.719784956703572,0.9892113503575539,0.15072998254032807,0.7300860510159022,-792.787234027103,835.8453284954704,17.73203548701107
13.0,3.4531768513076324,0.988333359571841,0.1471273370136059,0.7330975150654991,-793.3686391854908,836.5515113075664,17.35205305539229
13.025,2.1932049213520117,0.9873687516221434,0.1436244553135935,0.7359635186549571,-793.1172690945654,836.4029738147306,16.974061476405602
13.05,0.9403291579275107,0.9863119985859219,0.14021978619537512,0.7386884043226268,-792.0600809901875,835.4296084296843,16.59819874737825
13.075,-0.3050646227813227,0.9851570246687436,0.1369118773343506,0.7412763482668222,-790.2244413360287,833.6615284065352,16.224580613165603
13.1,-1.5426596506881147,0.9838972050984162,0.1336993748051749,0.7437313637051487,-787.6379406251089,831.1288923804243,15.853302104793565
13.125,-2.77220337629035,0.9825253607860676,0.13058102233208818,0.7460573045389316,-784.3282275846716,827.8617501918268,15.484438987112895
13.15,-3.993502996243909,0.981033749464876,0.12755566026192325,0.7482578692533212,-780.3228606883359,823.8899078340326,15.118049101126825
13.175,-5.206421369721361,0.9794140538914887,0.12462222420845043,0.7503366049877515,-775.6491746103441,819.24280937035,14.75417358908359
13.2,-6.410873375403122,0.977657367594534,0.12177974331485089,0.7522969117166425,-770.3341593005695,813.9494335215819,14.392837987379064
13.225,-7.606822758734575,0.9757541785634402,0.119027338081092,0.7541420464832423,-764.4043492485093,808.038202614557,14.034053172379627
13.25,-8.794279523056625,0.9736943511877745,0.11636421770506987,0.7558751276320543,-757.8857204858364,801.536901555083,13.677816143083012
13.275,-9.973297916943489,0.9714671066729258,0.11378967689148228,0.7574991389863704,-750.803592815778,794.4726045426596,13.324110624916953
13.3,-11.143975078767557,0.9690610020743528,0.11130309209065498,0.7590169339189166,-743.1825348815845,786.8716072084555,12.972907476369734
13.325,-12.306450399052514,0.9664639079967736,0.10890391714211453,0.760431239263454,-735.0462697272287,778.7593619409777,12.624164880284246
13.35,-13.460905663069806,0.9636629848971164,0.1065916783147699,0.7617446590148832,-726.41757864645,770.1604142398346,12.277828301079056
13.375,-14.60756603589397,0.9606446578051439,0.1043659687575653,0.7629596777646788,-717.3182013077972,761.098338055921,11.93383018923181
13.4,-15.74670194980751,0.9573945891303085,0.10222644240141007,0.7640786638176292,-707.7687303975265,751.5956682364887,11.592089415057748
13.425,-16.878631949055436,0.9538976490551508,0.10017280738474692,0.7651038719350751,-697.7884993429893,741.673828401937,11.25251041528337
13.45,-18.003726539110925,0.9501378828232463,0.09820481911042946,0.7660374456494371,-687.3954620675378,731.3530528426567,10.914982038266722
13.475,-19.122413076544074,0.9460984740137607,0.09632227307926587,0.7668814190950705,-676.6060641815523,720.6523013420834,10.579376077036777
13.5,-20.235181721179178,0.9417617026575269,0.09452499768368151,0.7676377183016895,-665.4351055270625,709.5891662067919,10.245545483646248
13.525,-21.342592454524688,0.937108896795971,0.09281284718095728,0.7683081618990847,-653.8955945563396,698.1797712138948,9.913322263642593
13.55,-22.445283147680314,0.9321203758218312,0.09118569509654606,0.7688944611859002,-641.998595628065,686.4386626650579,9.582515055695906
13.575,-23.543978638344168,0.9267753836801191,0.08964342833098463,0.7693982195211299,-629.7530709398422,674.3786932583755,9.252906408496749
13.6,-24.639500750403915,0.9210520097635739,0.08818594225600318,0.7698209310049993,-617.165719481752,662.0109000471499,8.924249774878826
13.625,-25.732779160874045,0.9149270951275036,0.0868131370841902,0.7701639784262735,-604.2408161035734,649.3443783440332,8.596266251737786
13.65,-26.824862987074248,0.9083761214980229,0.08552491578049401,0.7704286304660627,-590.9800545691063,636.386154052444,8.268641103877725
13.675,-27.916932930454173,0.9013730804855337,0.0843211837527147,0.7706160381642146,-577.3823993835466,623.141057578308,7.941020120863747
13.7,-29.010313769565503,0.8938903204808334,0.08320185051323739,0.7707272306738934,-563.443952318069,609.6116032244505,7.613005869130349
13.725,-30.106486938713196,0.8858983689561616,0.08216683344852926,0.770763110353642,-549.1578410569873,595.7978788505663,7.284153918386041
13.75,-31.20710285385113,0.8773657283874904,0.08121606377090872,0.7707244472751886,-534.5141394441438,581.6974516743904,6.953969143844661
13.775,-32.313992543482215,0.8682586448533736,0.08034949466472517,0.7706118732609912,-519.4998316478591,567.305297508451,6.621902236955336
13.8,-33.429177996504635,0.8585408496833603,0.0795671115833307,0.7704258756101878,-504.09883649632343,552.6137626214667,6.287346601048609
13.825,-34.55488043410463,0.8481732765120257,0.07886894461159887,0.770166790728049,-488.29211360978127,537.6125699710813,5.949635869768611
13.85,-35.693525427811906,0.8371137590033431,0.07825508278880128,0.7698347979459115,-472.0578801670905,522.2888849970406,5.6080423716564285
13.875,-36.84774339552446,0.8253167187036315,0.0777256902953179,0.769429913910333,-455.37197660162377,506.6274607380198,5.261776981342662
13.9,-38.0203634831295,0.8127328584481308,0.077281024449391,0.7689519880369876,-438.20843159100974,490.61088799398794,4.90999095506115
13.925,-39.21439815144433,0.799308885137063,0.07692145553965322,0.7684006996719661,-420.5402916006639,474.2199838189173,4.551780554566702
13.95,-40.433014909823505,0.78498729735348,0.07664748863327074,0.7677755577855536,-402.34079782799296,457.4343609132418,4.1861955270529485
13.975,-41.67949055378136,0.7697062892619077,0.07645978763757937,0.7670759042441879,-383.58501286057515,440.23323138755006,3.8122528338655908
14.0,-42.95714198597298,0.7533998437191505,0.0763592020301878,0.766300921964113,-364.2520186878983,422.59651036833253,3.4289574042081057
14.025,-44.26922629159606,0.7359981158073212,0.07634679676116717,0.7654496495367195,-344.32782286345997,404.5062967728491,3.035332112521181
14.05,-45.618801356394385,0.7174282440670834,0.07642388578971972,0.7645210042100936,-323.8091134362225,385.948817887361,2.6304595930816843
14.075,-47.00853726405157,0.6976157706922955,0.07659206941851608,0.7635138153749647,-302.70798403208164,366.9169269606993,2.2135388207845295
14.100000000000001,-48.44046852420047,0.6764869019602924,0.07685327484678256,0.7624268708717357,-281.0576904234113,347.4132321841518,1.7839594427398595
14.125,-49.915678713901706,0.6539718904125755,0.07720979793784,0.7612589784123251,-258.9193745559466,327.45390126964423,1.3413963858294884
14.15,-51.43391360242378,0.6300098581513948,0.07766434182119965,0.7600090440646874,-236.38947155025429,307.07311499974975,0.8859259192728665
14.175,-52.993127877389064,0.6045553828106373,0.07822004441019645,0.7586761689179132,-213.60717141025697,286.3280198251351,0.41816163678328094
14.2,-54.58898593526001,0.577587096476434,0.07888048221375057,0.7572597635613217,-190.76082949465936,265.30383939539945,-0.060595780578003654
14.225000000000001,-56.21436004979907,0.5491183493938716,0.07964963242747754,0.7557596777356783,-168.091645213455,244.11854317468624,-0.5482080149397205
14.25,-57.858898987931674,0.5192096020023548,0.0805317704826606,0.7541763394170649,-145.89238444043676,222.92615682745983,-1.041569696379502
14.275,-59.50877245136737,0.4879815827224078,0.08153127838006473,0.7525108938416155,-124.49866730767539,201.91749802908464,-1.536531735410211
14.3,-61.14672142769892,0.45562740083334086,0.08265234365118751,0.7507653290403116,-104.27076926569238,181.31695841941922,-2.027916428309676
14.325,-62.7525451226097,0.4224208849395185,0.08389854330228601,0.7489425711661472,-85.56539635175996,161.3741100672151,-2.5096635367829108
14.350000000000001,-64.30411239112,0.38871777489383896,0.08527233346067704,0.7470465314499898,-68.69963811114476,142.34957817029203,-2.975133717336
14.375,-65.77888766769995,0.35494654404599646,0.08677450080235255,0.7450820883575736,-53.91276412317527,124.49585823430849,-3.4175663003099843
14.4,-67.15581864487677,0.3215870488306227,0.08840366630645263,0.7430549944791807,-41.33434275278364,108.03536345152901,-3.830645593463032
14.425,-68.41728783084508,0.28913795836850453,0.09015594966380486,0.7409717079172238,-30.967495186293714,93.13942501401141,-4.209086349253525
14.45,-69.5507482451314,0.25807731655544297,0.09202488879129306,0.7388391608509864,-22.692813766055714,79.91251118565798,-4.54912447353942
14.475000000000001,-70.54970017235269,0.2288232592521512,0.09400165952989628,0.7366644902409616,-16.292337686856275,68.38507799238889,-4.848810051705805
14.5,-71.41382545950195,0.2017024711845246,0.09607556962946556,0.7344547632644138,-11.486719454094702,58.51634732117604,-5.108047637850585
14.525,-72.14831808518478,0.17693195612506746,0.09823473566747028,0.7322167301895272,-7.9754033300408835,50.20574450139444,-5.328395425555435
14.55,-72.76264154783536,0.1546159619061302,0.10046681716277492,0.7299566299247756,-5.470576488163475,43.30977570212004,-5.512692464350607
14.575,-73.26903457438551,0.13475609757660428,0.10275968838301142,0.7276800612645945,-3.719660444451251,37.660460507861025,-5.6646103723156545
14.600000000000001,-73.68106454261294,0.11727022705927592,0.10510196558323111,0.7253919201163938,-2.5156985354158254,33.08203089573533,-5.788219362783883
14.625,-74.01243172042456,0.10201512016516479,0.10748335569437402,0.7230963932731816,-1.698170619908454,29.40391250279447,-5.887629516127367
14.65,-74.27611249948141,0.0888086897777823,0.10989483375195486,0.7207969941777518,-1.1479225053795952,26.46936576037822,-5.9667337498444235
14.675,-74.48383745238412,0.0774491540004296,0.11232868156515192,0.7184966252764498,-0.7795337269514375,24.14015892880589,-6.029051235715237
14.7,-74.64584620810163,0.06772994709418888,0.11477842914385614,0.7161976535759226,-0.5334104776481985,22.29815382162431,-6.0776538624304886
14.725000000000001,-74.77084221875103,0.05945029686087977,0.1172387380267926,0.7139019893274817,-0.36883113106892823,20.844797409057072,-6.115152665625308
14.75,-74.86607443645394,0.05242201442919589,0.11970525758250554,0.7116111611894292,-0.2583925851467152,19.699389685722004,-6.143722330936183
14.775,-74.93748765792044,0.04647329421288515,0.12217447592446291,0.7093263841046626,-0.1838505247055469,18.79678238355035,-6.165146297376133
14.8,-74.98990041174068,0.04145033343700108,0.12464357873443992,0.7070486182548177,-0.13314049380057594,18.08494477597184,-6.180870123522203
14.825,-75.02718431953063,0.03721747087756022,0.12711032295338673,0.7047786188473202,-0.09831212661976976,17.52265429648759,-6.1920552958591895
14.850000000000001,-75.05243028285354,0.03365639368211003,0.12957292800373277,0.7025169773054677,-0.07412938415944649,17.0774416445535,-6.199629084856061
14.875,-75.06809465315675,0.03066481398713093,0.13202998457973705,0.7002641548331917,-0.057137516018784605,16.723837158099624,-6.204328395947024
14.9,-75.07612341678235,0.028154893139817224,0.13448037961795106,0.6980205094621275,-0.04504807473202583,16.441916673864434,-6.206737025034705
14.925,-75.0780551910814,0.026051595660667688,0.13692323542537876,0.6957863176692753,-0.036336450864300866,16.21612002286924,-6.207316557324421
14.95,-75.07510519593698,0.02429108549134741,0.13935786078528037,0.69356179155399,-0.029979498342921945,16.03430498748021,-6.206431558781095
14.975000000000001,-75.06823287692721,0.022819228738106764,0.14178371196420572,0.6913470924306628,-0.025284681477589017,15.886997749534823,-6.204369863078163
15.0,-75.0581958831096,0.021590234882048316,0.1442003617713575,0.689142341555775,-0.02177869517835502,15.76680349935388,-6.201358764932881
15.025,-75.04559288232016,0.020565447779623075,0.14660747509105002,0.6869476285794682,-0.019134638440318725,15.667945453627084,-6.197577864696049
15.05,-75.0308973737805,0.01971228516691527,0.14900478957592897,0.6847630181988857,-0.017124178352049265,15.58590562196878,-6.193169212134151
15.075,-75.01448431286393,0.019003318172150646,0.151392100430846,0.6825885553950272,-0.01558594407771914,15.517145525005116,-6.188245293859178
15.100000000000001,-74.99665103799238,0.018415478654057512,0.15376924842626177,0.6804242695561101,-0.01440449872832961,15.458889366602236,-6.182895311397713
15.125,-74.97763370336597,0.017929380721797897,0.15613611045468015,0.6782701777266164,-0.013496239236844954,15.40895579421889,-6.17719011100979
15.15,-74.95762017898556,0.01752874268119695,0.1584925920864299,0.6761262871701085,-0.01279986109949952,15.365627358806458,-6.171186053695669
15.175,-74.93676017980042,0.017199896316312555,0.16083862169615212,0.673992597393381,-0.012269851748079229,15.327549178502748,-6.164928053940124
15.2,-74.91517322424471,0.01693137148442537,0.16317414582310028,0.6718691017475323,-0.011872008641380171,15.293650206741301,-6.158451967273413
15.225000000000001,-74.8929548932988,0.01671354524390222,0.16549912550095647,0.6697557886964461,-0.01158032196804162,15.263081993670886,-6.151786467989642
15.25,-74.87018175892223,0.016538346007178874,0.16781353335004093,0.6676526428235158,-0.011374784903598945,15.235170989731886,-6.144954527676668
15.275,-74.84691527017885,0.01639900443398788,0.17011735126966418,0.6655596456320683,-0.0112398398763217,15.209381339992676,-6.137974581053656
15.3,-74.82320482225693,0.016289843909693808,0.17241056860348425,0.6634767761829575,-0.011163264828311226,15.185285813495875,-6.130861446677078
15.325,-74.79909018425172,0.016206104470765786,0.17469318067821327,0.6614040116034134,-0.011135366615691547,15.162543048627889,-6.123627055275517
15.350000000000001,-74.77460342309222,0.016143794939084022,0.17696518763747351,0.6593413274939234,-0.011148390756171016,15.14087970917489,-6.116281026927664
15.375,-74.74977043099571,0.016099568812399385,0.17922659350937722,0.6572886982542078,-0.011196084964191414,15.120076464369433,-6.1088311292987125
15.4,-74.72461214046429,0.01607062013786652,0.18147740545952515,0.6552460973448704,-0.011273373010585777,15.099956951682945,-6.101283642139286
15.425,-74.69914549262741,0.01605459617929618,0.18371763319136314,0.6532134974978162,-0.011376108462591947,15.080379070278797,-6.093643647788222
15.45,-74.67338421053942,0.016049524187435445,0.18594728846388228,0.651190870885778,-0.011500886804692079,15.06122809893043,-6.085915263161827
15.475000000000001,-74.64733941796575,0.016053750006794185,0.18816638470293715,0.649178189259139,-0.011644900633258522,15.042411244840688,-6.078101825389726
15.5,-74.62102013554278,0.016065886612220994,0.1903749366874,0.6471754240565517,-0.011805826937427514,15.023853316856302,-6.070206040662833
15.525,-74.59443367943324,0.016084770972622012,0.19257296029526422,0.6451825464945102,-0.011981738513832942,15.005493283960783,-6.062230103829971
15.55,-74.56758598230462,0.016109427895940043,0.19476047229785637,0.6431995276399921,-0.0121710337111767,14.987281532162164,-6.054175794691386
15.575,-74.54048185230658,0.016139039725824905,0.19693749019274392,0.6412263384694437,-0.012372380232250952,14.96917767344677,-6.046044555691975
15.600000000000001,-74.51312518246299,0.01617292094244608,0.1991040320678243,0.6392629499167322,-0.012584669820907847,14.951148792011995,-6.037837554738895
15.625,-74.48551912033055,0.016210496872905156,0.2012601164905898,0.6373093329121668,-0.012806981457111975,14.933168037557452,-6.029555736099165
15.65,-74.4576662057553,0.016251285845209535,0.20340576241776887,0.6353654584142664,-0.013038551263069326,14.91521349459089,-6.021199861726591
15.675,-74.42956848296447,0.016294884227624876,0.20554098912147953,0.6334312974356359,-0.013278747749284047,14.897267271691614,-6.0127705448893405
15.7,-74.40122759197028,0.016340953885695928,0.2076658161288025,0.6315068210640374,-0.013527051344629346,14.879314766418993,-6.004268277591085
15.725000000000001,-74.37264484326447,0.016389211665085168,0.20978026317227522,0.6295920004795396,-0.013783037389786092,14.861344070763616,-5.9956934529793395
15.75,-74.34382127899023,0.016439420571964198,0.21188435014929016,0.6276868069684575,-0.014046361950476826,14.843345489281804,-5.98704638369707
15.775,-74.31475772314897,0.016491382375972887,0.21397809708877455,0.6257912119346587,-0.014316749941351353,14.825311147759022,-5.978327316944691
15.8,-74.2854548228974,0.016544931405399955,0.2160615241238243,0.6239051869087084,-0.014593985154342567,14.807234674751777,-5.969536446869221
15.825,-74.25591308259183,0.016599929341630272,0.21813465146922664,0.6220287035552307,-0.014877901864878071,14.78911094191197,-5.9606739247775495
15.850000000000001,-74.22613289191563,0.016656260851220867,0.22019749940299835,0.6201617336787997,-0.015168377751364337,14.770935851822792,-5.9517398675746875
15.875,-74.19611454917128,0.01671382992019693,0.22225008825122594,0.6183042492286156,-0.015465327912151768,14.752706164307922,-5.942734364751385
15.9,-74.16585828061216,0.016772556777122728,0.22429243837563523,0.6164562223021697,-0.015768699802886078,14.734419353959415,-5.933657484183646
15.925,-74.13536425652482,0.016832375309898315,0.22632457016340715,0.6146176251480736,-0.016078468948101193,14.716073493044329,-5.924509276957447
15.95,-74.10463260463975,0.01689323089663624,0.22834650401885745,0.6127884301681891,-0.01639463530584604,14.69766715508392,-5.915289781391924
15.975000000000001,-74.07366342134132,0.016955078583875363,0.23035826035665832,0.6109686099191755,-0.016717220184383586,14.679199335301545,-5.905999026402396
16.0,-74.04245678106108,0.017017881556190582,0.2323598595963368,0.6091581371135509,-0.01704626362652931,14.66066938486498,-5.8966370343183225
16.025,-74.01101274416865,0.01708160985031138,0.23435132215783877,0.6073569846203422,-0.01738182219080194,14.642076956425461,-5.887203823250595
16.05,-73.97933136361759,0.017146239274438202,0.23633266845797396,0.6055651254653921,-0.017723967069777864,14.623421958929063,-5.8776994090852765
16.075,-73.94741269055747,0.017211750499799335,0.23830391890759525,0.6037825328313781,-0.018072782495377925,14.604704520048871,-5.868123807167241
16.1,-73.91525677908561,0.01727812829680927,0.2402650939093934,0.6020091800575817,-0.018428364388586194,14.58592495489514,-5.858477033725682
16.125,-73.88286369028164,0.01734536089264777,0.2422162138561978,0.6002450406394552,-0.018790819217610104,14.567083739903499,-5.848759107084491
16.15,-73.85023349564277,0.017413439430815292,0.24415729912970593,0.5984900882280068,-0.019160263033959225,14.54818149100264,-5.83897004869283
16.175,-73.81736628001724,0.017482357516349422,0.24608837009956533,0.5967442966290374,-0.01953682066051488,14.529218945324564,-5.829109884005171
16.2,-73.78426214411662,0.01755211083301362,0.24800944712274997,0.5950076398022494,-0.019920625009553675,14.510196945852426,-5.819178643234987
16.225,-73.75092120667384,0.01762269682096717,0.2499205505431858,0.59328009186024,-0.020311816511964162,14.491116428507688,-5.809176362002151
16.25,-73.71734360630269,0.01769411440527267,0.251821700691576,0.5915616270674051,-0.02071054264168607,14.471978411265846,-5.799103081890807
16.275,-73.68352950310477,0.017766363767141517,0.25371291788540035,0.5898522198387549,-0.02111695752175349,14.45278398496319,-5.788958850931429
16.3,-73.6494790800624,0.01783944615111761,0.25559422242905133,0.5881518447386609,-0.021531221600334598,14.433534305513636,-5.778743724018722
16.325,-73.61519254424992,0.01791336370248677,0.2574656346140867,0.5864604764795398,-0.021953501386862428,14.414230587303843,-5.768457763274976
16.35,-73.58067012788975,0.017988119330113104,0.25932717471957906,0.5847780899204807,-0.022383969239803427,14.394874097574123,-5.758101038366924
16.375,-73.54591208927614,0.018063716590669864,0.2611788630125381,0.583104660065827,-0.022822803198846095,14.375466151625385,-5.747673626782842
16.4,-73.5109187135851,0.018140159590875466,0.26302071974840013,0.5814401620637119,-0.023270186855345376,14.356008108719129,-5.73717561407553
16.425,-73.47569031358648,0.01821745290488542,0.2648527651715638,0.5797845712045586,-0.023726309255756348,14.336501368558807,-5.726607094075945
16.45,-73.44022723027138,0.018295601504444536,0.26667501951596495,0.5781378629195467,-0.0241913648335581,14.31694736826153,-5.715968169081412
16.475,-73.4045298334061,0.01837461069978489,0.268487503005684,0.5765000127790447,-0.024665553365824072,14.2973475797406,-5.70525895002183
16.5,-73.36859852202215,0.018454486089573573,0.2702902358555716,0.5748709964910201,-0.025149079951147603,14.277703507435927,-5.6944795566066455
16.525,-73.33243372484993,0.018535233518485003,0.2720832382718931,0.5732507898994205,-0.025642155006116878,14.258016686337,-5.68363011745498
16.55,-73.29603590070313,0.018616859041196792,0.27386653045298087,0.5716393689825328,-0.02614499427793342,14.238288680252905,-5.672710770210939
16.575,-73.25940553881934,0.018699368891798837,0.2756401325898911,0.5700367098513245,-0.026657818871119884,14.218521080291296,-5.6617216616458
16.6,-73.22254315916153,0.018782769457764803,0.2774040648670645,0.5684427887477611,-0.027180855286559842,14.198715503514027,-5.650662947748459
16.625,-73.18544931268484,0.018867067257769248,0.27915834746297985,0.5668575820431104,-0.027714335471364992,14.178873591741755,-5.639534793805451
16.65,-73.14812458157168,0.018952268922746755,0.28090300055080675,0.5652810662362271,-0.0282584968782842,14.158997010484905,-5.628337374471504
16.675,-73.11056957943818,0.019038381179683782,0.28263804429904643,0.5637132179518233,-0.028813582533550167,14.139087447982327,-5.6170708738314525
16.7,-73.07278495151479,0.019125410837715254,0.284363498872163,0.5621540139387262,-0.029379841112225212,14.11914661432931,-5.605735485454437
16.725,-73.03477137480256,0.019213364776163467,0.2860793844312046,0.560603431068119,-0.029957527020234905,14.099176240683228,-5.594331412440767
16.75,-72.99652955820731,0.019302249934214814,0.2877857211344067,0.5590614463317731,-0.03054690048239916,14.079178078533753,-5.5828588674621935
16.775,-72.95806024265308,0.019392073301977324,0.28948252913778444,0.5575280368402651,-0.03114822763586963,14.059153899027887,-5.571318072795923
16.8,-72.91936420117602,0.019482841912701145,0.2911698285957054,0.5560031798211837,-0.03176178062846009,14.03910549234154,-5.559709260352807
16.825,-72.88044223900009,0.019574562835979706,0.2928476396614456,0.5544868526173282,-0.032387837721437794,14.01903466709056,-5.548032671700026
16.85,-72.84129519359512,0.01966724317177679,0.2945159824877295,0.5529790326848919,-0.03302668339640012,13.998943249774621,-5.536288558078534
16.875,-72.8019239347185,0.019760890045148246,0.2961748772272473,0.5514796975916415,-0.03367860846590991,13.97883308424904,-5.52447718041555
16.9,-72.76232936444067,0.019855510601548807,0.29782434403315694,0.5499888250150822,-0.03434391018761559,13.95870603122047,-5.512598809332202
16.925,-72.72251241715533,0.019951112002630757,0.29946440305956357,0.548506392740618,-0.03502289238161468,13.938563967762178,-5.500653725146599
16.95,-72.68247405957479,0.020047701422455124,0.30109507446197864,0.5470323786597027,-0.03571586555085037,13.918408786845804,-5.488642217872436
16.975,-72.64221529071074,0.020145286044049904,0.3027163783977612,0.5455667607679804,-0.0364231470043659,13.89824239688716,-5.476564587213221
17.0,-72.60173714184099,0.020243873056257907,0.30432833502653517,0.5441095171634233,-0.03714506098325302,13.878066721303664,-5.464421142552295
17.025,-72.56104067646228,0.02034346965082792,0.30593096451058843,0.5426606260444574,-0.037881938789163995,13.857883698081237,-5.452212202938685
17.05,-72.52012699022976,0.02044408301970793,0.30752428701525003,0.5412200657080855,-0.03863411891526016,13.83769527934899,-5.439938097068926
17.075,-72.47899721088274,0.020545720352507128,0.3091083227092453,0.5397878145480015,-0.03940194717949339,13.81750343096117,-5.427599163264821
17.1,-72.43765249815766,0.020648388834097642,0.31068309176503345,0.538363851052699,-0.040185776860124124,13.797310132083783,-5.415195749447298
17.125,-72.39609404368795,0.020752095642331866,0.31224861435912016,0.5369481538035759,-0.040985968833389654,13.777117374785872,-5.402728213106386
17.15,-72.35432307089093,0.0208568479458551,0.3138049106723533,0.5355407014730302,-0.0418028917132476,13.756927163634575,-5.390196921267278
17.175,-72.31234083484215,0.02096265290199547,0.3153520008901958,0.5341414728225552,-0.04263692199311824,13.736741515292826,-5.377602250452644
17.2,-72.2701486221371,0.021069517654717443,0.3168899052029787,0.5327504467008269,-0.04348844418956564,13.71656245811945,-5.36494458664113
17.225,-72.22774775074036,0.021177449332626018,0.31841864380613516,0.5313676020417882,-0.04435785098785271,13.696392031771122,-5.3522243252221084
17.25,-72.18513956982245,0.021286455047011262,0.31993823690041245,0.52999291786273,-0.045245543389311436,13.676232286805659,-5.339441870946736
17.275,-72.14232545958411,0.021396541889924438,0.32144870469206716,0.5286263732623669,-0.046151930860473034,13.656085284286977,-5.326597637875234
17.3,-72.09930683106859,0.021507716932279035,0.32295006739303883,0.5272679474189123,-0.04707743148390723,13.635953095390395,-5.313692049320577
17.325,-72.05608512596159,0.021619987221969353,0.3244423452211049,0.5259176195881484,-0.04802247211071046,13.615837801009093,-5.300725537788476
17.35,-72.01266181637914,0.021733359782002835,0.32592555840001847,0.5245753691014956,-0.04898748851459919,13.595741491361075,-5.287698544913741
17.375,-71.96903840464341,0.021847841608640832,0.3273997271596258,0.523241175364079,-0.04997292554754902,13.57566626559677,-5.274611521393024
17.4,-71.92521642304658,0.021963439669544862,0.3288648717359675,0.521915017852793,-0.050979237296931414,13.555614231406997,-5.261464926913973
17.425,-71.88119743360261,0.022080160901925522,0.3303210123713613,0.5205968761143659,-0.05200688724409532,13.535587504631811,-5.248259230080782
17.45,-71.83698302778743,0.022198012210691235,0.33176816931446684,0.5192867297634232,-0.05305634842433669,13.51558820886947,-5.234994908336227
17.475,-71.79257482626714,0.02231700046659551,0.33320636282033633,0.5179845584805494,-0.05412810358820533,13.495618475086031,-5.221672447880143
17.5,-71.7479744786146,0.022437132504381032,0.3346356131504452,0.5166903420103526,-0.05522264536409082,13.475680441225874,-5.208292343584378
17.525,-71.70318366301417,0.022558415120918923,0.3360559405727106,0.5154040601595264,-0.05634047642202681,13.455776251822774,-5.1948550989042515
17.55,-71.65820408595526,0.022680855073343654,0.3374673653614917,0.514125692794915,-0.05748210963866332,13.435908057611476,-5.181361225786579
17.575,-71.61303748191409,0.022804459077181476,0.33886990779757525,0.5128552198415793,-0.05864806826333448,13.416078015140506,-5.167811244574227
17.6,-71.56768561302404,0.022929233804473047,0.340263588168149,0.5115926212808634,-0.059838886085166534,13.396288286386108,-5.154205683907212
17.625,-71.52215026873492,0.023055185881889845,0.3416484267667571,0.5103378771484659,-0.061055107601157996,13.37654103836692,-5.140545080620475
17.65,-71.47643326546074,0.023182321888844313,0.3430244438932455,0.509090967532512,-0.06229728818516502,13.356838442760377,-5.126829979638222
17.675,-71.43053644621656,0.023310648355593693,0.34439165985369236,0.5078518725716291,-0.06356599425771962,13.33718267552014,-5.113060933864969
17.7,-71.38446168024419,0.023440171761338443,0.34575009496032516,0.5066205724530277,-0.06486180345661345,13.31757591649554,-5.099238504073256
17.725,-71.33821086262698,0.02357089853231495,0.3470997695314278,0.5053970474105839,-0.06618530480816741,13.298020349052308,-5.085363258788093
17.75,-71.29178591389392,0.02370283503988369,0.3484407038912335,0.5041812777229299,-0.06753709889911447,13.278518159695547,-5.071435774168175
17.775,-71.24518877961277,0.02383598759861278,0.3497729183698086,0.5029732437115465,-0.06891779804901095,13.259071537694744,-5.057456633883832
17.8,-71.19842142997298,0.023970362464358373,0.3510964333029245,0.5017729257388637,-0.07032802648310053,13.239682674710643,-5.043426428991894
17.825,-71.15148585935783,0.02410596583234188,0.3524112690319186,0.500580304206367,-0.0717684205055392,13.22035376442499,-5.0293457578073495
17.85,-71.10438408590646,0.02424280383522563,0.3537174459035479,0.4993953595527097,-0.07323962867290093,13.201087002172482,-5.015215225771938
17.875,-71.05711815106558,0.024380882541186918,0.3550149842698303,0.4982180722518342,-0.07474231196786563,13.181884584575743,-5.0010354453196735
17.9,-71.0096901191313,0.02452020795199291,0.3563039044878796,0.49704842281109923,-0.07627714397301044,13.16274870918273,-4.986807035739392
17.925,-70.96210207678091,0.024660786001075526,0.357584226919731,0.49588639176941746,-0.07784481104459262,13.143681574107775,-4.972530623034272
17.95,-70.91435613259506,0.02480262255160887,0.3588559719321582,0.4947319596954013,-0.0794460124862397,13.124685377675238,-4.9582068397785175
17.975,-70.86645441657019,0.02494572339458965,0.3601191598964848,0.4935851071855178,-0.08108146072244135,13.10576231806723,-4.943836324971057
18.0,-70.81839907962176,0.02509009424692156,0.361373811188387,0.49244581486225536,-0.08275188147173843,13.086914592974301,-4.929419723886526
18.025,-70.77019229307801,0.02523574074950594,0.3626199461876912,0.49131406337229927,-0.0844580139195151,13.068144399250178,-4.914957687923403
18.05,-70.72183624816492,0.025382668465338227,0.36385758527816486,0.4901898333847199,-0.08620061089027097,13.049453932570147,-4.900450874449476
18.075000000000003,-70.67333315548196,0.02553088287761252,0.36508674884730163,0.489073105589173,-0.08798043901927223,13.030845387093873,-4.885899946644586
18.1,-70.62468524446945,0.025680389387836077,0.3663074572861018,0.4879638606941118,-0.08979827892347739,13.012320955131882,-4.871305573340834
18.125,-70.57589476286716,0.02583119331395368,0.3675197309888486,0.48686207942501225,-0.09165492537160833,12.99388282681686,-4.856668428860149
18.15,-70.52696397616474,0.02598329988848403,0.36872359035287866,0.4857677425226129,-0.09355118745325904,12.975533189779279,-4.841989192849421
18.175,-70.47789516704398,0.026136714256669993,0.36991905577835005,0.4846808307411687,-0.0954878887469288,12.957274228827542,-4.827268550113194
18.200000000000003,-70.42869063481322,0.026291441474642765,0.3711061476680057,0.4836013248467197,-0.09746586748684562,12.93910812563319,-4.8125071904439665
18.225,-70.37935269483398,0.026447486507603105,0.37228488642693447,0.4825292056153759,-0.09948597672847642,12.921037058420866,-4.7977058084501945
18.25,-70.32988367794015,0.026604854228019413,0.37345529246232995,0.48146445383161723,-0.1015490845125831,12.90306320166348,-4.7828651033820435
18.275,-70.28028592984995,0.026763549413845775,0.3746173861832452,0.4804070502866122,-0.10365607402771645,12.885188725782443,-4.767985778954985
18.3,-70.23056181057086,0.026923576746759645,0.37577118800034737,0.4793569757765522,-0.10580784377100234,12.867415796853443,-4.753068543171258
18.325000000000003,-70.1807136937977,0.027084940810422627,0.37691671832566886,0.478314211101006,-0.10800530770711367,12.849746576317596,-4.738114108139309
18.35,-70.1307439663042,0.02724764608876435,0.3780539975723585,0.4772787370612915,-0.1102493954252824,12.832183220698207,-4.7231231898912585
18.375,-70.08065502732819,0.027411696964291687,0.3791830461544315,0.47625053445886667,-0.11254105229422993,12.8147278813233,-4.708096508198457
18.4,-70.03044928795084,0.027577097716425202,0.3803038844865173,0.4752295840937426,-0.11488123961488853,12.797382704053962,-4.693034786385253
18.425,-69.98012917046985,0.027743852519863162,0.38141653298360895,0.4742158667629153,-0.1172709347707687,12.780149829018816,-4.677938751140955
18.450000000000003,-69.92969710776737,0.027911965442976427,0.38252101206081,0.47320936325881996,-0.11971113137586115,12.763031390354168,-4.66280913233021
18.475,-69.87915554267227,0.02808144044623425,0.3836173421330832,0.47221005436780705,-0.12220283941992222,12.74602951595092,-4.647646662801679
18.5,-69.82850692731763,0.028252281380663553,0.3847055436149985,0.47121792086864034,-0.12474708541102378,12.729146327207197,-4.63245207819529
18.525,-69.77775372249336,0.028424491986343094,0.3857856369204818,0.47023294353101935,-0.12734491251523136,12.712383938787687,-4.617226116748007
18.55,-69.7268983969941,0.028598075890933626,0.38685764246256393,0.4692551031141251,-0.12999738069327438,12.695744458389544,-4.601969519098231
18.575000000000003,-69.67594342696327,0.02877303660824664,0.3879215806531304,0.4682843803651909,-0.13270556683408857,12.679229986514494,-4.586683028088982
18.6,-69.6248912952328,0.028949377536852044,0.3889774719026724,0.46732075601809764,-0.13547056488508466,12.662842616247907,-4.57136738856984
18.625,-69.57374449065931,0.02912710195872807,0.39002533662003885,0.4663642107919956,-0.13829348597903598,12.646584433044524,-4.556023347197792
18.65,-69.52250550745687,0.029306213037952885,0.3910651952121891,0.46541472538995216,-0.14117545855742775,12.630457514520963,-4.54065165223706
18.675,-69.47117684452664,0.029486713819441703,0.39209706808394734,0.4644722804976272,-0.14411762849017218,12.61446393025517,-4.525253053357991
18.700000000000003,-69.41976100478372,0.029668607227729505,0.393120975637758,0.46353685678197615,-0.1471211591915431,12.59860574159271,-4.509828301435117
18.725,-69.36826049448132,0.029851896065801194,0.39413693827344254,0.462608434889981,-0.15018723173221013,12.582885001460326,-4.494378148344396
18.75,-69.31667782253281,0.03003658301397157,0.3951449763879583,0.4616869954474101,-0.15331704494726472,12.567303754186282,-4.478903346759843
18.775,-69.26501549983175,0.030222670628815843,0.3961451103751579,0.46077251905760824,-0.1565118155401055,12.551864035328121,-4.463404649949524
18.8,-69.2132760385703,0.030410161342152447,0.39713736062555044,0.4598649863003161,-0.1597727781820714,12.536567871507378,-4.447882811571089
18.825000000000003,-69.16146195155628,0.030599057460080032,0.39812174752606383,0.4589643777305213,-0.1631011856077161,12.521417280251754,-4.432338585466883
18.85,-69.10957575152909,0.03078936116206925,0.3990982914598091,0.4580706738773397,-0.1664983087055986,12.506414269844411,-4.416772725458728
18.875,-69.05761995047499,0.03098107450011284,0.40006701280584545,0.45718385524292926,-0.16996543660451738,12.49156083918073,-4.4011859851424955
18.9,-69.00559705894179,0.031174199397932614,0.40102793193894687,0.4563039023014361,-0.17350387675504086,12.47685897763236,-4.3855791176825365
18.925,-68.95350958535359,0.031368737650247086,0.40198106922936966,0.4554307954979732,-0.17711495500627222,12.462310664918615,-4.369952875606075
18.950000000000003,-68.90136003532547,0.03156469092210054,0.4029264450426206,0.45456451524763397,-0.18080001567774553,12.447917870985497,-4.35430801059764
18.975,-68.84915091097882,0.03176206074825459,0.40386407973922694,0.45370504193453803,-0.18456042162636044,12.433682555891961,-4.338645273293646
19.0,-68.79688471025734,0.031960848532643665,0.40479399367450636,0.4528523559109122,-0.18839755430827151,12.419606669703693,-4.3229654130772035
19.025,-68.74456392624415,0.03216105554789611,0.4057162071983378,0.4520064374962074,-0.19231281383566107,12.405692152394549,-4.307269177873246
19.05,-68.69219104648026,0.03236268293492238,0.40663074065493265,0.45116726697625,-0.19630761902832528,12.39194093375537,-4.291557313944078
19.075000000000003,-68.63976855228486,0.03256573170257059,0.4075376143826054,0.45033482460242974,-0.2003834074599914,12.37835493331019,-4.2758305656854585
19.1,-68.58729891807742,0.03277020272735151,0.40843684871354524,0.44950909059092437,-0.2045416354993182,12.364936060240348,-4.2600896754232265
19.125,-68.53478461070229,0.0329760967532346,0.4093284639735874,0.4486900451219599,-0.20878377834553685,12.35168621331561,-4.244335383210687
19.15,-68.48222808875572,0.033183414391514704,0.41021248048198267,0.4478776683391104,-0.2131113300586527,12.338607280833372,-4.228568426626715
19.175,-68.42963180191599,0.0333921561207522,0.41108891855116747,0.4470719403486334,-0.21752580358420437,12.325701140564936,-4.212789540574796
19.200000000000003,-68.37699819027661,0.03360232228678659,0.4119577984865316,0.44627284121884525,-0.22202873077252258,12.312969659709601,-4.196999457082982
19.225,-68.32432968368313,0.03381391310282486,0.4128191405861855,0.44548035097953415,-0.2266216623924737,12.300414694856128,-4.18119890510494
19.25,-68.27162870107371,0.03402692864960619,0.4136729651407257,0.44469444962141186,-0.23130616813968066,12.288038091951716,-4.165388610322112
19.275,-68.21889764982379,0.0342413688756424,0.41451929243299773,0.4439151170956057,-0.23608383663918275,12.275841686278575,-4.149569294947136
19.3,-68.16613892509524,0.03445723359753685,0.4153581427378567,0.4431423333131894,-0.2409562754425711,12.263827302437825,-4.133741677528572
19.325000000000003,-68.11335490919022,0.03467452250038143,0.41618953632192524,0.4423760781447544,-0.24592511101958353,12.251996754340842,-4.117906472757066
19.35,-68.0605479709099,0.03489323513823271,0.41701349344334826,0.44161633142002116,-0.25099198874418366,12.240351845208231,-4.102064391272968
19.375,-68.00772046491848,0.03511337093466799,0.41783003435154487,0.44086307292749066,-0.2561585728751502,12.228894367575974,-4.086216139475543
19.4,-67.95487473111294,0.03533492918342209,0.41863917928695477,0.44011628241413764,-0.2614265465312169,12.217626103309053,-4.070362419333881
19.425,-67.90201309399833,0.03555790904910517,0.4194409484807823,0.4393759395851439,-0.26679761166080124,12.206548823622455,-4.0545039281995
19.450000000000003,-67.84913786206948,0.0357823095680022,0.42023536215473367,0.43864202410367387,-0.2722734890063809,12.195664289109356,-4.038641358620844
19.475,-67.79625132719873,0.036008129648954834,0.42102244052075116,0.43791451559069067,-0.27785591806358767,12.184974249776808,-4.022775398159619
19.5,-67.7433557640306,0.03623536807432588,0.42180220378074024,0.43719339362481413,-0.28354665703509035,12.174480445088419,-4.006906729209178
19.525,-67.69045342938318,0.036464023501046744,0.42257467212629135,0.436478637742221,-0.2893474827793536,12.164184604014388,-3.9910360288149547
19.55,-67.63754656165672,0.036694094461747984,0.4233398657383951,0.43577022743658655,-0.2952601907543653,12.154088445088739,-3.9751639684970157
19.575000000000003,-67.58463738024963,0.03692557936597371,0.42409780478715015,0.4350681421590689,-0.3012865949564511,12.144193676473554,-3.9592912140748893
19.6,-67.53172808498206,0.03715847650147974,0.4248485094314645,0.4343723613183348,-0.30742852785429037,12.134501996030458,-3.9434184254946185
19.625,-67.47882085552742,0.03739278403561521,0.4255919998187486,0.4336828642806277,-0.3136878403182515,12.12501509139898,-3.927546256658225
19.65,-67.42591785085195,0.037628500016788684,0.42632829608460004,0.43299963036987876,-0.32006640154521265,12.115734640082064,-3.9116753552555834
19.675,-67.37302120866265,0.03786562237601753,0.42705741835247946,0.4323226388678593,-0.32656609897898936,12.106662309538459,-3.8958063625987944
19.700000000000003,-67.32013304486384,0.03810414892856171,0.42777938673337756,0.43165186901437635,-0.3331888382265633,12.097799757281985,-3.879939913459151
19.725,-67.26725545302226,0.03834407737564063,0.42849422132547194,0.43098730000750984,-0.33993654297025644,12.08914863098783,-3.8640766359066774
19.75,-67.21439050384134,0.03858540530623437,0.4292019422137746,0.4303289110038922,-0.3468111548760778,12.080710568605491,-3.8482171511524026
19.775,-67.16154024464456,0.03882813019896715,0.42990256946976774,0.42967668111903046,-0.3538146334983882,12.072487198478575,-3.8323620733933663
19.8,-67.10870669886809,0.03907224942407453,0.4305961231510292,0.42903058942767,-0.3609489561811454,12.0644801394713,-3.8165120096604266
19.825000000000003,-67.0558918655631,0.03931776024545225,0.43128262330084566,0.4283906149642008,-0.36821611795590253,12.056691001101731,-3.8006675596689288
19.85,-67.0030977189076,0.03956465982278827,0.4319620899478145,0.42775673672310527,-0.3756181314368475,12.049121383681607,-3.7848293156722788
19.875,-66.95032620772824,0.039812945213775416,0.43263454310543265,0.4271289336594473,-0.38315702671307295,12.041772878462742,-3.7689978623184714
19.9,-66.89757925503214,0.040062613376405425,0.43330000277167247,0.4265071846894041,-0.39083485123836903,12.03464706779001,-3.7531737765096422
19.925,-66.84485875754879,0.04031366117134352,0.43395848892854405,0.42589146869083777,-0.3986536697188006,12.027745525260812,-3.7373576272646374
19.950000000000003,-66.79216658528242,0.040566085364381714,0.43461002154164374,0.42528176450391,-0.4066155639983164,12.021069815890952,-3.7215499755847246
19.975,-66.73950458107457,0.04081988262897257,0.4352546205596882,0.4246780509317356,-0.4147226329427532,12.014621496286992,-3.7057513743223707
20.0,-66.68687456017737,0.041075049548840066,0.4358923059140335,0.4240803067410781,-0.42297699232246166,12.008402114824966,-3.6899623680532114
20.025,-66.63427830983743,0.0413315826206676,0.436523097518179,0.4234885106630851,-0.4313807746938953,12.00241321183537,-3.6741834929512276
20.05,-66.5817175888905,0.04158947825686316,0.4371470152672555,0.4229026413940637,-0.4399361292805121,11.996656319794367,-3.6584152766671494
20.075000000000003,-66.52919412736692,0.04184873278839918,0.4377640790374966,0.4223226775962962,-0.4486452218532814,11.991132963521487,-3.642658238210076
20.1,-66.47670962610808,0.04210934246772709,0.4383743086856942,0.4217485978988946,-0.45751023461117335,11.985844660383234,-3.626912887832422
20.125,-66.42426575639371,0.04237130347176566,0.43897772404863683,0.42118038089869403,-0.46653336606199225,11.980792920503083,-3.6111797269181123
20.15,-66.3718641595805,0.042634611904960665,0.43957434494252984,0.4206180051611857,-0.47571683090387856,11.97597924697741,-3.5954592478741487
20.175,-66.31950644675145,0.04289926380241647,0.44016419116239824,0.42006144922148714,-0.48506285990791503,11.971405136097777,-3.579751934025434
20.200000000000003,-66.26719419837674,0.04316525513309719,0.440747282481471,0.4195106915853513,-0.4945736998021886,11.967072077578997,-3.5640582595130224
20.225,-66.21492896398541,0.04343258180309681,0.4413236386505465,0.41896571073021227,-0.5042516131577226,11.962981554793572,-3.548378689195624
20.25,-66.16271226184845,0.04370123965897627,0.4418932793973397,0.4184264851062681,-0.5140988782766721,11.95913504501182,-3.5327136785545363
20.275,-66.110545578673,0.04397122449116759,0.4424562244258085,0.41789299313760064,-0.5241177890832383,11.95553401964821,-3.517063673601899
20.3,-66.05843036930767,0.044242532037442384,0.44301249341546145,0.4173652132233309,-0.5343106550176921,11.952179944513615,-3.5014291107923015
20.325000000000003,-66.00636805645911,0.04451515798644312,0.44356210602064416,0.4168431237388105,-0.54467980093393,11.94907428007354,-3.4858104169377326
20.35,-65.95436003041964,0.044789097981278385,0.4441050818698062,0.41632670303684777,-0.5552275670011025,11.946218481712267,-3.4702080091258907
20.375,-65.90240764880595,0.045064347623177015,0.4446414405647463,0.41581592944896806,-0.5659563086096409,11.943614000002922,-3.454622294641784
20.4,-65.8505122363089,0.04534090247520295,0.4451712016798369,0.4153107812867091,-0.5768683962822614,11.941262280983572,-3.4390536708926702
20.425,-65.79867508445423,0.04561875806602738,0.44569438476122647,0.4148112368429489,-0.5879662155903488,11.939164766439124,-3.423502525336269
20.450000000000003,-65.74689745137424,0.04589790989375728,0.44621100932602015,0.41431727439326693,-0.5992521670762211,11.937322894189178,-3.407969235412271
20.475,-65.69518056159013,0.046178353429819505,0.4467210948614386,0.41382887219733755,-0.6107286661817897,11.935738098381917,-3.39245416847704
20.5,-65.64352560580522,0.046460084122898086,0.44722466082395396,0.41334600850035524,-0.6223981431840748,11.934411809793808,-3.3769576817415667
20.525,-65.59193374070865,0.046743097402924066,0.44772172663840304,0.4128686615344911,-0.63426304313812,11.93334545613531,-3.3614801222125963
20.55,-65.54040608878965,0.047027388685115426,0.44821231169707726,0.4123968095203795,-0.6463258258277729,11.932540462362507,-3.3460218266368953
20.575000000000003,-65.48894373816206,0.04731295337406703,0.44869643535878956,0.41193043066863577,-0.6585889657249142,11.931998250994855,-3.330583121448619
20.6,-65.43754774239919,0.04759978686788785,0.44917411694791737,0.41146950318140213,-0.6710549519576064,11.931720242438761,-3.3151643227197565
20.625,-65.3862191203785,0.047887884562384686,0.4496453757534222,0.41101400525392284,-0.6837262882877302,11.931707855317427,-3.2997657361135495
20.65,-65.33495885613642,0.04817724185529115,0.4501102310278444,0.4105639150761479,-0.6966054930986508,11.931962506806597,-3.284387656840927
20.675,-65.28376789873273,0.048467854150540154,0.4505687019862738,0.4101192108343638,-0.7096950993934591,11.932485612976512,-3.26903036961982
20.700000000000003,-65.23264716212448,0.04875971686257832,0.45102080780529596,0.40967987071285156,-0.7229976548043273,11.93327858914005,-3.2536941486373436
20.725,-65.18159752504917,0.049052825420721764,0.45146656762191295,0.4092458728955709,-0.7365157216135789,11.93434285020712,-3.238379257514751
20.75,-65.13061983091718,0.0493471752735513,0.45190600053243996,0.4088171955678702,-0.75025187678702,11.935679811045233,-3.2230859492751547
20.775,-65.07971488771284,0.0496427618933458,0.45233912559137557,0.4083938169182217,-0.7642087120201021,11.937290886846661,-3.2078144663138515
20.8,-65.02888346790442,0.04993958078055337,0.45276596181024686,0.4079757151399808,-0.7783888337975488,11.939177493501704,-3.1925650403713264
20.825000000000003,-64.97812630836232,0.05023762746829724,0.45318652815642896,0.4075628684331699,-0.7927948634669446,11.941341047978748,-3.177337892508696
20.85,-64.92744411028545,0.05053689752691769,0.45360084355193836,0.40715525500628497,-0.8074294373269991,11.943782968710817,-3.1621332330856347
20.875,-64.87683753913554,0.0508373865685472,0.4540089268721999,0.40675285307812464,-0.8222952067310144,11.946504675988722,-3.1469512617406608
20.9,-64.8263072245789,0.05113909025171789,0.45441079694478775,0.40635564087964215,-0.8373948382061652,11.949507592361234,-3.131792167373669
20.925,-64.77585376043568,0.05144200428600145,0.45480647254813905,0.40596359665581816,-0.8527310135892764,11.952793143041921,-3.1166561281307037
20.950000000000003,-64.72547770463609,0.051746124436679315,0.4551959724102413,0.4055766986675547,-0.8683064301796519,11.95636275632304,-3.1015433113908273
20.975,-64.67517957918318,0.05205144652944287,0.45557931520729233,0.40519492519358924,-0.8841238009096266,11.960217863996691,-3.086453873754954
21.0,-64.62495987012213,0.05235796645512326,0.45595651956233313,0.40481825453242903,-0.9001858545334944,11.964359901783157,-3.0713879610366375
21.025,-64.57481902751555,0.05266568017444923,0.45632760404385303,0.40444666500430404,-0.9164953358354273,11.968790309766632,-3.0563457082546632
21.05,-64.52475746542453,0.052974583722833396,0.45669258716436706,0.4040801349531394,-0.933055005857085,11.973510532838567,-3.0413272396273583
21.075000000000003,-64.474775561895,0.05328467321518511,0.4570514873789652,0.40371864274854513,-0.9498676421455291,11.978522021148665,-3.0263326685685
21.1,-64.42487365894911,0.05359594485075122,0.45740432308383394,0.4033621667878246,-0.9669360390221979,11.98382623056385,-3.011362097684733
21.125,-64.37505206258122,0.05390839491798309,0.4577511126147483,0.40301068549799907,-0.9842630078735716,11.98942462313521,-2.9964156187743654
21.15,-64.32531104275812,0.054222019799429484,0.4580918742455362,0.40266417733784976,-1.0018513774642102,11.99531866757331,-2.9814933128274346
21.175,-64.27565083342316,0.0545368159766564,0.4584266261865129,0.402322620799976,-1.019703994272948,12.00150983973185,-2.966595250026947
21.200000000000003,-64.22607163250385,0.05485278003519286,0.45875538658288656,0.40198599441286914,-1.0378237228529068,12.007999623100014,-2.9517214897511534
21.225,-64.17657360192239,0.05516990866950257,0.4590781735131337,0.40165427674300214,-1.0562134462160555,12.014789509303794,-2.9368720805767152
21.25,-64.12715686760892,0.05548819868798252,0.4593950049873455,0.40132744639693363,-1.0748760662431154,12.021880998616309,-2.922047060282675
21.275,-64.07782151951699,0.0558076470179884,0.4597058989455429,0.4010054820234273,-1.0938145041195437,12.029275600477535,-2.907246455855096
21.3,-64.02856761164067,0.05612825071088641,0.4600108732559616,0.4006883623155853,-1.1130317007983295,12.036974834023733,-2.8924702834922003
21.325000000000003,-63.97939516203311,0.05645000694713343,0.4603099457133058,0.40037606601299586,-1.1325306174904628,12.044980228626638,-2.877718548609932
21.35,-63.93030415282586,0.05677291304138591,0.46060313403697056,0.4000685719038946,-1.152314236183888,12.053293324442954,-2.862991245847758
21.375,-63.88129453024857,0.05709696644763682,0.4608904558692326,0.3997658588273386,-1.1723855601916617,12.061915672974207,-2.84828835907457
21.4,-63.83236620464863,0.057422164764383984,0.4611719287734084,0.3994679056753952,-1.1927476147303144,12.070848837637516,-2.8336098613945886
21.425,-63.783519050510236,0.05774850573982888,0.46144757023197985,0.3991746913953424,-1.2134034475291597,12.080094394347386,-2.8189557151530704
21.450000000000003,-63.73475290647236,0.05807598727710815,0.4617173976446866,0.3988861949918827,-1.2343561294714984,12.08965393210894,-2.8043258719417072
21.475,-63.68606757534508,0.05840460743955916,0.4619814283265845,0.39860239552937016,-1.2556087552686273,12.099529053623137,-2.7897202726035233
21.5,-63.63746282412391,0.0587343644560211,0.46223967950607037,0.39832327213404883,-1.2771644441675924,12.109721375903968,-2.775138847237172
21.525,-63.588938384001366,0.059065256726172986,0.4624921683228709,0.3980488039963048,-1.2990263406936156,12.120232530908421,-2.7605815152004096
21.55,-63.5404939503755,0.05939728282591079,0.462738911825997,0.39777897037293064,-1.3211976154282212,12.131064166179378,-2.7460481851126493
21.575000000000003,-63.492129182854626,0.05973044151276592,0.4629799269716615,0.3975137505894014,-1.3436814658240945,12.142217945501875,-2.7315387548563876
21.6,-63.44384370525777,0.06006473173136681,0.46321523062115977,0.39725312404216456,-1.3664811170576794,12.153695549573415,-2.717053111577331
21.625,-63.39563710561027,0.060400152618946726,0.4634448395387135,0.39699707020094127,-1.3895998229206779,12.165498676688516,-2.702591131683081
21.65,-63.34750893613401,0.060736703510899465,0.4636687703892756,0.3967455686110413,-1.4130408667514904,12.177629043438111,-2.6881526808402034
21.675,-63.29945871323154,0.061074383946386555,0.46388703973629575,0.3964985988956901,-1.436807562407826,12.190088385424335,-2.673737613969461
21.700000000000003,-63.25148591746359,0.0614131936739984,0.46409966403944625,0.3962561407583699,-1.4609032552816472,12.202878457991286,-2.659345775239077
21.725,-63.2035899935194,0.06175313265747338,0.4643066596523069,0.3960181739851731,-1.4853313233577548,12.216001036972091,-2.64497699805582
21.75,-63.15577035017905,0.062094201081477174,0.46450804282000774,0.39578467844716986,-1.5100951783172243,12.229457919453155,-2.630631105053714
21.775,-63.108026360267374,0.06243639935744713,0.46470382967682866,0.3955556341027897,-1.5351982666871247,12.243250924555989,-2.616307908080212
21.8,-63.06035736059864,0.06277972812950418,0.4648940362437554,0.3953310210002174,-1.5606440710378124,12.257381894237412,-2.602007208179591
21.825000000000003,-63.01276265191138,0.06312418828043793,0.46507867842598993,0.39511081927980357,-1.5864361112293746,12.27185269410866,-2.587728795573414
21.85,-62.96524149879276,0.06346978093776828,0.46525777201041435,0.3948950091764906,-1.6125779457086349,12.286665214274125,-2.5734724496378267
21.875,-62.91779312959149,0.063816507479888,0.4654313326630076,0.3946835710222545,-1.639073172858315,12.301821370190652,-2.559237938877446
21.9,-62.87041673631907,0.06416436954229214,0.4655993759262127,0.39447648524856316,-1.665925432400037,12.31732310354779,-2.5450250208957215
21.925,-62.823111474538116,0.06451336902389804,0.46576191721625326,0.39427373238885166,-1.6931384068527846,12.33317238317012,-2.5308334423614345
21.950000000000003,-62.775876463237346,0.06486350809346209,0.4659189718203989,0.39407529308101547,-1.7207158230486677,12.349371205942289,-2.5166629389712036
21.975,-62.72871078469231,0.06521478919609915,0.4660705548941762,0.39388114806992225,-1.7486614537078484,12.365921597757744,-2.502513235407693
22.0,-62.68161348431112,0.06556721505990971,0.4662166814585252,0.39369127820994293,-1.776979119074527,12.382825614491978,-2.488384045293336
22.025,-62.63458357046436,0.06592078870272165,0.4663573663968986,0.39350566446750335,-1.805672688616033,12.40008534300128,-2.474275071139307
22.05,-62.58762001429832,0.06627551343895279,0.4664926244523025,0.3933242879236569,-1.8347460827871382,12.417702902147946,-2.4601860042894947
22.075000000000003,-62.54072174953078,0.0666313928866015,0.46662247022427583,0.39314712977668,-1.8642032748618154,12.435680443853036,-2.4461165248592343
22.1,-62.49388767222839,0.06698843097437204,0.46674691816580827,0.39297417134469026,-1.8940482928347313,12.454020154177657,-2.4320663016685167
22.125,-62.447116640564644,0.0673466319489429,0.46686598258019246,0.39280539406828996,-1.9242852213949466,12.47272425443404,-2.418034992169393
22.15,-62.400407474557824,0.06770600038238495,0.4669796776178094,0.3926407795132351,-1.9549182039742856,12.491795002327436,-2.404022242367347
22.175,-62.35375895578761,0.06806654117973877,0.46708801727284505,0.3924803093731314,-1.9859514448731135,12.511234693130138,-2.3900276867362833
22.200000000000003,-62.30716982708963,0.06842825958675919,0.46719101537993435,0.3923239654721595,-2.017389211466257,12.53104566088895,-2.3760509481268888
22.225,-62.26063879222676,0.06879116119783633,0.4672886856107315,0.39217172976782955,-2.049235836492028,12.551230279667294,-2.3620916376680268
22.25,-62.21416451553615,0.06915525196410244,0.46738104147040327,0.3920235843537681,-2.0814957204273625,12.571790964823638,-2.348149354660844
22.275,-62.167745621551056,0.0695205382017348,0.46746809629404207,0.3918795114625378,-2.1141733339523694,12.592730174327338,-2.3342236864653167
22.3,-62.12138069459612,0.06988702660046452,0.4675498632429966,0.39173949346849246,-2.1472732205075653,12.614050410113773,-2.3203142083788357
22.325000000000003,-62.075068278355054,0.07025472423230222,0.46762635530111624,0.391603512890669,-2.18079999894739,12.635754219480189,-2.3064204835065163
22.35,-62.02880687540958,0.07062363856049277,0.46769758527090716,0.39147155239571835,-2.2147583662937684,12.657844196523957,-2.2925420626228736
22.375,-61.982594946748236,0.07099377744870958,0.4677635657695947,0.3913435948008767,-2.249153100593527,12.680322983625047,-2.2786784840244705
22.4,-61.93643091124389,0.07136514917050177,0.46782430922509083,0.391219623076981,-2.2839890638838294,12.703193272974582,-2.2648292733731665
22.425,-61.89031314509855,0.07173776241900676,0.46787982787186094,0.39109962035152845,-2.3192712052699234,12.726457808151276,-2.2509939435295654
22.450000000000003,-61.84423998125416,0.0721116263169421,0.46793013374668757,0.3909835699117845,-2.355004564119761,12.750119385747844,-2.2371719943762485
22.475,-61.798209708767764,0.0724867504268903,0.46797523868432594,0.39087145520794114,-2.3911942733802,12.774180857049641,-2.223362912630329
22.5,-61.75222057214975,0.07286314476189217,0.46801515431304763,0.39076325985632737,-2.4278455630198947,12.798645129767458,-2.2095661716449255
22.525,-61.7062707706635,0.07324081979636325,0.4680498920500673,0.39065896764267577,-2.464963763604054,12.823515169827015,-2.19578123119905
22.55,-61.6603584575848,0.07361978647734999,0.46807946309684906,0.39055856252544713,-2.5025543100066487,12.848794003217465,-2.1820075372754393
22.575000000000003,-61.61448173941938,0.07400005623614281,0.4681038784342855,0.3904620286392171,-2.540622745265962,12.874484717901614,-2.1682445218258146
22.6,-61.56863867507683,0.0743816410002634,0.4681231488177462,0.39036935029812675,-2.5791747245895627,12.90059046579027,-2.15449160252305
22.625,-61.522827274998946,0.07476455320584512,0.46813728477198924,0.39028051199940145,-2.618216019515242,12.927114464783745,-2.1407481824996837
22.65,-61.47704550024063,0.07514880581042528,0.4681462965859305,0.390195498426941,-2.657752522234662,12.954060000883443,-2.1270136500721883
22.675,-61.43129126150152,0.07553441230617043,0.4681501943072641,0.39011429445498513,-2.6977902500869755,12.981430430376406,-2.113287378450456
22.700000000000003,-61.38556241810592,0.07592138673355525,0.4681489877369295,0.3900368851518572,-2.738335350229959,13.00922918209634,-2.0995687254317756
22.725,-61.33985677692911,0.07630974369551774,0.46814268642341617,0.38996325578379104,-2.7793941044966544,13.037459759764252,-2.085857033078733
22.75,-61.29417209126759,0.07669949837211387,0.46813129965690187,0.38989339181884497,-2.8209729344459484,13.066125744412556,-2.072151627380277
22.775,-61.248506059651,0.07709066653569616,0.4681148364632149,0.38982727893090674,-2.863078406615961,13.09523079689606,-2.0584518178952997
22.8,-61.20285632459297,0.07748326456664144,0.46809330559761475,0.3897649030037947,-2.905717237989592,13.124778660494142,-2.044756897377891
22.825000000000003,-61.15722047127863,0.07787730946965538,0.46806671553838214,0.3897062501354595,-2.948896301682162,13.15477316360788,-2.031066141383588
22.85,-61.11159602618557,0.07827281889068126,0.4680350744802108,0.3896513066422916,-2.992622632861551,13.185218222556804,-2.0173788078556716
22.875,-61.065980455635746,0.07866981113444307,0.46799839032739254,0.3896000590635398,-3.0369034349118804,13.216117844479738,-2.0036941366907235
22.9,-61.02037116427505,0.07906830518265325,0.4679566706867855,0.3895524941658459,-3.0817460858523114,13.247476130344404,-1.990011349282514
22.925,-60.97476549347746,0.07946832071291841,0.46790992286055794,0.38950859894790224,-3.127158145023367,13.279297278071105,-1.9763296480432386
22.950000000000003,-60.929160719670435,0.07986987811837634,0.467858153838696,0.38946836064523677,-3.1731473600536213,13.311585585775648,-1.9626482159011303
22.975,-60.88355405257786,0.08027299852810114,0.46780137029126606,0.3894317667351334,-3.219721674120663,13.344345455137212,-1.948966215773357
23.0,-60.83794263337707,0.0806777038283133,0.46773957856042003,0.3893988049416932,-3.2668892335206907,13.377581394897012,-1.9352827900131202
23.025,-60.792323532765906,0.08108401668443493,0.46767278465213286,0.3893694632410438,-3.3146583955622195,13.411298024494046,-1.9215970598297716
23.05,-60.7466937489357,0.08149196056403143,0.46760099422765977,0.3893437298667045,-3.363037736800052,13.445500077844477,-1.9079081246807092
23.075000000000003,-60.70105020544597,0.08190155976068346,0.46752421259470084,0.3893215933151143,-3.4120360616267664,13.480192407271536,-1.8942150616337918
23.1,-60.65538974899612,0.08231283941883587,0.4674424446982592,0.38930304235133106,-3.461662411239948,13.515379987593356,-1.8805169246988362
23.125,-60.60970914708945,0.08272582555967144,0.4673556951111797,0.38928806601491067,-3.5119260730043838,13.551067920376363,-1.8668127441268338
23.15,-60.56400508558443,0.08314054510806088,0.46726396802435266,0.38927665362597397,-3.562836590229697,13.587261438362319,-1.8531015256753278
23.175,-60.51827416612778,0.08355702592064251,0.4671672672365678,0.3892687947914718,-3.614403772384988,13.623965910077768,-1.8393822498383343
23.200000000000003,-60.47251290346396,0.08397529681508911,0.46706559614400206,0.3892644794116573,-3.6666377057735398,13.661186844634699,-1.8256538710391872
23.225,-60.426717722614725,0.08439538760062142,0.46695895772932405,0.3892636976867761,-3.7195487646918948,13.698929896732341,-1.8119153167844173
23.25,-60.38088495592288,0.08481732910983077,0.46684735455039755,0.38926644012398426,-3.7731476230990166,13.7372008718699,-1.798165486776864
23.275,-60.33501083995338,0.08524115323187838,0.4667307887285652,0.38927269754450683,-3.8274452668230823,13.77600573178115,-1.784403251986013
23.3,-60.28909151224474,0.08566689294714101,0.46660926193649244,0.3892824610910472,-3.8824530063349205,13.815350600102091,-1.7706274536734212
23.325000000000003,-60.24312300790348,0.08609458236337682,0.46648277538555066,0.3892957222354609,-3.938182490118952,13.85524176828375,-1.756836902371043
23.35,-60.19710125603354,0.08652425675349062,0.4663513298127178,0.3893124727867065,-3.9946457186745703,13.89568570176274,-1.7430303768100621
23.375,-60.15102207599254,0.08695595259498093,0.4662149254669737,0.38933270489908767,-4.051855059182797,13.936689046403071,-1.7292066227977627
23.4,-60.10488117346601,0.08738970761115582,0.4660735620951641,0.3893564110808006,-4.109823260875265,13.978258635223348,-1.7153643520398034
23.425,-60.05867413635025,0.08782556081421106,0.46592723892731,0.38938358420280267,-4.168563471145116,14.02040149542453,-1.7015022409050744
23.450000000000003,-60.012396430433945,0.08826355255026745,0.46577595466133304,0.3894142175080181,-4.228089252441677,14.06312485573423,-1.6876189291301833
23.475,-59.9660433948681,0.08870372454647237,0.4656197074471692,0.3894483046208974,-4.288414599993836,14.106436154084404,-1.6737130184604303
23.5,-59.91961023741311,0.08914611996027397,0.4654584948702406,0.3894858395573499,-4.349553960409568,14.150343045640618,-1.6597830712239328
23.525,-59.87309202945119,0.08959078343098538,0.4652923139342529,0.3895268167350662,-4.411522251202529,14.194853411201809,-1.6458276088353578
23.55,-59.82648370075172,0.09003776113376118,0.4651211610432854,0.38957123098425245,-4.4743348812997015,14.239975365990919,-1.6318451102255167
23.575000000000003,-59.77978003397605,0.0904871008361178,0.46494503198313675,0.38961907755879654,-4.538007772587961,14.28571726885793,-1.6178340101928157
23.6,-59.73297565890785,0.09093885195713643,0.4647639219018904,0.38967035214788875,-4.602557382561157,14.332087731918204,-1.603792697672354
23.625,-59.686065046393644,0.09139306562949502,0.4645778252896578,0.38972505088812076,-4.668000728133395,14.379095630650625,-1.5897195139180929
23.65,-59.639042501978,0.09184979476448596,0.46438673595745855,0.389783170376087,-4.734355410688824,14.426750114481147,-1.5756127505933988
23.675,-59.5919021592159,0.09230909412018604,0.4641906470151927,0.38984470768151597,-4.8016396424431145,14.475060617879723,-1.5614706477647693
23.700000000000003,-59.54463797264459,0.09277102037295387,0.4639895508486565,0.389909660360958,-4.8698722741966884,14.52403687199967,-1.547291391793376
23.725,-59.497243710395345,0.0932356321924439,0.46378343909555325,0.38997802647206026,-4.939072824565837,14.573688916891012,-1.5330731131186035
23.75,-59.44971294642472,0.09370299032033573,0.46357230262044413,0.3900498045884596,-5.009261510783497,14.624027114321136,-1.5188138839274152
23.775,-59.40203905234341,0.09417315765299086,0.46335613148858434,0.39012499381532595,-5.080459281168081,14.675062161238166,-1.5045117157030232
23.8,-59.354215188819325,0.0946461993282642,0.46313491493858333,0.3902035938055918,-5.152687849365999,14.726805103915252,-1.4901645566457973
23.825000000000003,-59.30623429652994,0.09512218281671025,0.4629086413538259,0.39028560477690544,-5.225969730480777,14.779267352816246,-1.4757702889589808
23.85,-59.25808908663728,0.09560117801744131,0.46267729823258696,0.39037102752934627,-5.300328279210085,14.832460698226052,-1.4613267259911829
23.875,-59.20977203075723,0.09608325735891224,0.4624408721567675,0.39045986346394523,-5.375787730120992,14.886397326691998,-1.4468316092271685
23.9,-59.16127535039263,0.09656849590492286,0.46219934875917634,0.3905521146020536,-5.4523732402029665,14.941089838325592,-1.4322826051177884
23.925,-59.11259100579771,0.09705697146615075,0.4619527126892753,0.3906477836056086,-5.530110933848919,14.99655126501784,-1.4176773017393132
23.950000000000003,-59.06371068423923,0.09754876471754811,0.46170094757730257,0.39074687379834544,-5.609027950425858,15.05279508962455,-1.4030132052717696
23.975,-59.014625787616914,0.09804395932195815,0.46144403599668143,0.39084938918800943,-5.689152494608659,15.109835266182582,-1.388287736285074
24.0,-58.96532741940334,0.09854264206033292,0.4611819594246165,0.3909553344896246,-5.770513889664131,15.167686241222011,-1.373498225821001
24.025,-58.915806370860786,0.09904490296895832,0.4609146982007732,0.3910647151498799,-5.853142633886475,15.22636297624387,-1.3586419112582355
24.05,-58.86605310648898,0.09955083548412481,0.4606422314839287,0.39117753737269767,-5.937070460401515,15.285880971438631,-1.343715931946693
24.075000000000003,-58.81605774865467,0.10006053659470868,0.4603645372064755,0.39129380814605186,-6.02233040057346,15.346256290725465,-1.3287173245964012
24.1,-58.765810061350365,0.10057410700316696,0.46008159202665105,0.3914135352701112,-6.108956851267158,15.407505588198982,-1.3136430184051093
24.125,-58.71529943302534,0.10109165129548107,0.45979337127835584,0.39153672738678413,-6.196985646238335,15.46964613607609,-1.2984898299076029
24.15,-58.664514858428305,0.10161327812062579,0.4594998489184179,0.3916633940107493,-6.286454131946759,15.532695854242762,-1.2832544575284912
24.175,-58.613444919395874,0.10213910038018285,0.45920099747114546,0.3917935455620619,-6.377401248111226,15.596673341508527,-1.2679334758187621
24.200000000000003,-58.56207776451661,0.10266923542876195,0.45889678797000355,0.3919271934004296,-6.469867613351026,15.661597908684005,-1.2525233293549825
24.225,-58.510401087594495,0.10320380528594544,0.4585871898962358,0.3920643498612617,-6.5638956162879945,15.727489613606735,-1.2370203262783483
24.25,-58.4584021048301,0.10374293686052334,0.45827217111424023,0.3922050282936001,-6.6595295125135925,15.79436929824952,-1.2214206314490297
24.275,-58.40606753063122,0.10428676218784592,0.4579516978034952,0.3923492431000485,-6.75681552786029,15.862258628056699,-1.2057202591893657
24.3,-58.353383551957705,0.10483541868118472,0.457625734386816,0.39249700977882696,-6.855801968453899,15.9311801336653,-1.1899150655873114
24.325000000000003,-58.30033580109772,0.10538904939806126,0.457294243454705,0.3926483449680844,-6.956539338064405,16.001157255180463,-1.174000740329315
24.35,-58.246909326764246,0.10594780332257908,0.4569571856855437,0.3928032664926145,-7.059080463318159,16.072214389188744,-1.1579727980292738
24.375,-58.19308856339184,0.10651183566487568,0.4566145197613519,0.3929617934131302,-7.1634806273835485,16.144376938707772,-1.1418265690175515
24.4,-58.13885729850343,0.10708130817890045,0.4562662022788231,0.39312394607826207,-7.269797712796672,16.21767136628727,-1.1255571895510292
24.425,-58.08419863800657,0.1076563894998232,0.45591218765531777,0.39328974617946144,-7.37809235415356,16.292125250494863,-1.1091595914019705
24.450000000000003,-58.0290949692664,0.10823725550248253,0.4555524280294757,0.39345921680899926,-7.488428101460978,16.36776734603933,-1.0926284907799206
24.475,-57.97352792178992,0.1088240896824005,0.45518687315607903,0.3936323825212698,-7.6008715950106716,16.444627647806453,-1.075958376536977
24.5,-57.91747832534178,0.10941708356101702,0.4548154702947692,0.393809269397622,-7.715492752721874,16.522737459105834,-1.0591434976025347
24.525,-57.86092616529666,0.11001643711693472,0.45443816409219046,0.39398990511496,-7.83236497098503,16.60212946445347,-1.0421778495889982
24.55,-57.803850535015776,0.11062235924511961,0.45405489645709485,0.3941743190183733,-7.951565340137814,16.68283780724379,-1.0250551605047327
24.575000000000003,-57.74622958501688,0.11123506824616605,0.4536656064279094,0.3943625421980779,-8.073174875811874,16.764898172696377,-1.0077688755050629
24.6,-57.688040468686026,0.11185479234792153,0.45327023003222006,0.39455460757097266,-8.197278767509276,16.848347876497563,-0.9903121406058076
24.625,-57.629259284257216,0.11248177026196349,0.45286870013758507,0.39475054996713976,-8.323966645899441,16.93322595959571,-0.9726777852771646
24.65,-57.569861012760654,0.1131162517776422,0.45246094629303857,0.3949504062216462,-8.453332870474933,17.01957328965124,-0.9548583038281961
24.675,-57.50981945161329,0.11375849839664781,0.4520468945605909,0.39515421527203126,-8.585476839368296,17.107432669689416,-0.9368458354839866
24.700000000000003,-57.44910714349439,0.1144087840113239,0.45162646733597056,0.39536201826190137,-8.720503323313578,17.196848954556383,-0.9186321430483161
24.725,-57.38769530011585,0.11506739563024669,0.4511995831577883,0.39557385865108413,-8.858522825939293,17.28786917583546,-0.9002085900347552
24.75,-57.32555372045941,0.11573463415491221,0.45076615650422835,0.3957897823328391,-8.99965197280527,17.380542675945602,-0.881566116137823
24.775,-57.26265070301201,0.11641081521173222,0.45032609757629366,0.39600983775866094,-9.144013931847889,17.474921252213626,-0.8626952109036018
24.8,-57.198952951484856,0.11709627004393744,0.4498793120665408,0.39623407607126127,-9.291738868180467,17.571059311791245,-0.8435858854454565
24.825000000000003,-57.13442547345109,0.1177913464684236,0.44942570091214373,0.39646255124636776,-9.442964436510499,17.669014038375,-0.8242276420353264
24.85,-57.069031471280596,0.11849640990306311,0.4489651600310144,0.39669532024403636,-9.597836314789074,17.76884557178484,-0.8046094413841786
24.875,-57.00273222468806,0.11921184447054486,0.4484975800395909,0.3969324431702368,-9.756508783104506,17.870617201565594,-0.7847196674064179
24.9,-56.9354869641405,0.1199380541853998,0.44802284595076786,0.3971739834495433,-9.9191453522766,17.974395575897066,-0.7645460892421504
24.925,-56.86725273429258,0.12067546423154048,0.44754083685029555,0.3974200080098396,-10.085919447110168,18.080250927234317,-0.7440758202877731
24.950000000000003,-56.797984246531364,0.12142452233838004,0.4470514255498111,0.3976705874800354,-10.257015149829929,18.188257316251242,-0.723295273959409
24.975,-56.72763371961467,0.1221857002644225,0.4465544782144789,0.39792579640188686,-10.432628009855623,18.298492895831522,-0.7021901158844016
25.0,-56.65615070727862,0.12295949539813812,0.4460498539630148,0.3981857134571227,-10.612965926795505,18.41104019704192,-0.6807452121835859
25.025,-56.58348191156788,0.123746432486965,0.4455374044376385,0.39845042171119394,-10.798250114349484,18.52598643923778,-0.6589445734703637
25.05,-56.509570980505,0.12454706550643113,0.44501697334124457,0.3987200088751014,-10.988716153735359,18.643423866693723,-0.6367712941515009
25.075000000000003,-56.43435828856148,0.12536197968267895,0.4444883959387946,0.39899456758690066,-11.18461514629728,18.76345011442444,-0.6142074865684428
25.1,-56.35778069821929,0.12619179368312147,0.44395149851961296,0.3992741957146514,-11.386214976144453,18.886168606170166,-0.5912342094657859
25.125,-56.27977130071665,0.1270371619915839,0.44340609781690876,0.399558996682763,-11.593801695021664,19.011688987869828,-0.5678313902149937
25.15,-56.20025913385037,0.1278987774861097,0.44285200038044037,0.399849079823895,-11.807681043155826,19.14012760034037,-0.5439777401551119
25.175,-56.11916887445773,0.1287773742396706,0.4422890018977817,0.40014456075880495,-12.028180121586034,19.271607995330108,-0.5196506623373182
25.200000000000003,-56.03642050291739,0.1296737305663393,0.441716886459136,0.40044556180679736,-12.2556492335007,19.406261499623803,-0.4948261508752161
25.225,-55.95192893668819,0.1305886723381089,0.4411354257600562,0.4007522124297223,-12.490463914417575,19.54422783245898,-0.46947868100645707
25.25,-55.86560362953924,0.13152307660050777,0.4405443782357754,0.40106464971280464,-12.733027173695975,19.685655782175854,-0.4435810888617709
25.275,-55.77734813270938,0.13247787551852344,0.4399434881200977,0.40138301888595823,-12.98377197292403,19.830703948781313,-0.41710443981281314
25.3,-55.687059613760184,0.1334540606881673,0.43933248442095196,0.401707473889667,-13.243163970243518,19.979541559976074,-0.39001788412805494
25.325000000000003,-55.59462832834504,0.1344526878533509,0.43871107980373814,0.40203817798999186,-13.51170456373771,20.13234936918955,-0.36228849850351136
25.35,-55.49993703949705,0.1354748820726896,0.43807896937249213,0.4023753044478117,-13.78993427171041,20.289320645313175,-0.33388111184911434
25.375,-55.40286037832799,0.1365218433864901,0.4374358293376283,0.4027190372480254,-14.078436493136339,20.450662265141673,-0.3047581134983979
25.4,-55.3032641392139,0.137594853040622,0.4367813155575707,0.40306957189514936,-14.3778416978957,20.616595921055282,-0.2748792417641702
25.425,-55.201004501602704,0.1386952803313588,0.43611506193991906,0.40342711628255523,-14.688832103781946,20.78735945823846,-0.24420135048081093
25.450000000000003,-55.09592716949552,0.1398245901437366,0.4354366786858817,0.4037918916435134,-15.012146905874907,20.963208357773826,-0.21267815084865518
25.475,-54.98786641839941,0.14098435126571365,0.4347457503594986,0.40416413359327014,-15.348588133935337,21.14441738432513,-0.18025992551982384
25.5,-54.87664403809858,0.1421762455716173,0.43404183376062644,0.404544093272602,-15.69902722527012,21.331282419889106,-0.14689321142957468
25.525,-54.76206815790553,0.14340207818129325,0.4333244555777015,0.4049320386046938,-16.064412414372985,21.524122508326403,-0.11252044737165931
25.55,-54.64393193909401,0.1446637887163245,0.43259310979286053,0.4053282556788028,-16.44577705696332,21.72328213916283,-0.07707958172820284
25.575000000000003,-54.522012116930334,0.1459634637920011,0.4318472548080051,0.4057330502760429,-16.84424902530572,21.929133803588908,-0.04050363507910006
25.6,-54.396067372048535,0.14730335090383354,0.4310863102557275,0.406146749554792,-17.261061334488318,22.14208086080752,-0.002720211614560242
25.625,-54.26583650778721,0.1486858738907977,0.43030965345355693,0.4065697039157455,-17.697564186381285,22.362560759037276,0.03634904766383613
25.65,-54.13103640643179,0.15011365018477735,0.42951661545358305,0.40700228906957464,-18.155238650164026,22.59104866276716,0.07678907807046328
25.675,-53.99135973298224,0.15158951008756613,0.42870647663197436,0.4074449083335812,-18.63571223667831,22.828061546502383,0.1186920801053283
25.700000000000003,-53.84647234996325,0.15311651835413612,0.42787846175402366,0.4078979951877537,-19.140776669742348,23.074162825528216,0.1621582950110252
25.725,-53.69601040075624,0.15469799840474874,0.4270317344398344,0.4083620161253513,-19.672408212581896,23.32996760649614,0.20729687977312708
25.75,-53.53957701177085,0.15633755954010606,0.42616539094328815,0.4088374738386941,-20.232790973693152,23.596148655334368,0.25422689646874447
25.775,-53.37673855525461,0.1580391275946522,0.4252784531420873,0.40932491078740196,-20.824343696236348,23.87344319763884,0.3030784334236166
25.8,-53.20702040437934,0.15980697953518333,0.4243698606189495,0.40982491320409153,-21.449750631549406,24.162660687973023,0.3539938786861974
25.825000000000003,-53.02990210009154,0.16164578259734802,0.4234384616928279,0.4103381156017774,-22.111997214400834,24.464691710225818,0.40712936997253807
25.85,-52.844811834640254,0.16356063865416884,0.42248300323356824,0.4108652058582207,-22.8144113999627,24.780518202384048,0.46265644960792396
25.875,-52.65112013916819,0.16555713463173102,0.42150211906276164,0.41140693096562175,-23.560711696163576,25.111225237076354,0.5207639582495425
25.9,-52.44813264161012,0.1676413999317599,0.42049431670652476,0.41196410354982455,-24.355063137586892,25.458014635687633,0.5816602075169633
25.925,-52.23508173556914,0.16982017199398539,0.4194579622210944,0.41253760928217753,-25.202142707851923,25.822220750819444,0.6455754793292584
25.950000000000003,-52.01111696981995,0.17210087133911128,0.41839126275765287,0.413128415330105,-26.107216038311986,26.205328822039856,0.7127649090540146
25.975,-51.775293930350486,0.174491687683484,0.41729224646646046,0.41373758002019306,-27.076227606898524,26.608996396628175,0.7835118208948543
26.0,-51.52656134081947,0.17700167901849767,0.41615873925938557,0.4143662639213245,-28.115907150882062,27.035078414734137,0.8581315977541593
26.025000000000002,-51.263746051003096,0.1796408859128703,0.4149883378508414,0.4150157425965339,-29.233895615002254,27.48565669265452,0.9369761846990712
26.05,-50.98553551376147,0.18242046373830262,0.41377837837571857,0.41568742132260167,-30.43889471181501,27.96307470604686,1.0204393458715593
26.075,-50.69045726619492,0.18535283605600641,0.4125258997339502,0.4163828521382333,-31.740845111895947,28.46997878627842,1.1089628201415245
26.1,-50.37685482614043,0.1884518730543452,0.41122760062858815,0.4171037536578439,-33.15113945491841,29.009367110032855,1.2030435521578708
26.125,-50.042859286198734,0.19173309972219765,0.40987978904023814,0.4178520341821359,-34.68287783734412,29.584648200847074,1.3032422141403799
26.150000000000002,-49.68635572817501,0.19521393940973125,0.4084783226068267,0.4186298187534024,-36.351175260883416,30.19971109250714,1.4101932815474973
26.175,-49.304943383908025,0.19891399960513034,0.4070185380445766,0.41943948094864386,-38.17353280579266,30.859009855954735,1.5246169848275926
26.2,-48.89588822515615,0.20285540818583023,0.40549516734443275,0.42028368038448993,-40.170287128464466,31.567665900168628,1.6473335324531553
26.225,-48.45606636506328,0.2070632101348653,0.4039022380008132,0.42116540713379164,-42.36515639188667,32.33159237176434,1.7792800904810164
26.25,-47.981896284693875,0.21156583679961888,0.40223295397521414,0.42208803453609306,-44.78590504591422,33.15764616178093,1.9215311145918377
26.275000000000002,-47.469257447047994,0.2163956622622011,0.40047955347828573,0.4230553822371415,-47.4651550969639,34.053814565776975,2.075322765885602
26.3,-46.91339231482871,0.22158966432565952,0.39863313901057607,0.4240717917331856,-50.44137771116475,35.029445646156574,2.2420823055513863
26.325,-46.308788136905385,0.2271902110018421,0.39668347452740077,0.4251422172439078,-53.7601061281174,36.095533959096045,2.423463558928385
26.35,-45.64903411016021,0.23324599714432737,0.3946187442790842,0.426272335415223,-57.47541861332056,37.265076720721574,2.6213897669519377
26.375,-44.92664867517341,0.23981315978706255,0.3924252681938797,0.4274686781811861,-61.65174772719983,38.55351993724186,2.838105397447977
26.400000000000002,-44.13287082056132,0.24695660433618652,0.39008717030092155,0.4287387941082276,-66.36607776394071,39.97931980545536,3.0762387538316034
26.425,-43.25740847756979,0.25475157603227017,0.387586000857609,0.4300914447030973,-71.71059230386751,41.564652145401006,3.338877456729063
26.45,-42.28813663968054,0.2632855101848038,0.3849003216688203,0.4315368434479581,-77.79582183995173,43.33631211254082,3.629659008095839
26.475,-41.21073822847377,0.27266018717679724,0.38200528109749887,0.4330869466137518,-84.7543054580755,45.32685823331677,3.952878531457868
26.5,-40.0082828341132,0.2829941981215064,0.3788722360444957,0.43475580593002444,-92.74469962116078,47.57606891241473,4.313615149766039
26.525000000000002,-38.660743851768515,0.2944256839364947,0.3754685307583583,0.43655999342141816,-101.95610541287789,50.13279524963991,4.717876844469445
26.55,-37.14446589752256,0.3071152270684743,0.37175762637126114,0.4385191071580718,-112.61208364599658,53.057308962008705,5.172760230743233
26.575,-35.431616190307224,0.32124862304145235,0.36769989702125894,0.44065636153815724,-124.97328946974854,56.42425283579802,5.686615142907833
26.6,-33.489693045767105,0.3370389955121528,0.3632545575569675,0.4429992540508899,-139.33673752137142,60.326291407038646,6.269192086269869
26.625,-31.28123291892235,0.3547272841570122,0.35838330551657627,0.4455802775597382,-156.02819382981545,64.87850735110204,6.931730124323296
26.650000000000002,-28.76397080436968,0.3745794619517525,0.3530561929186808,0.4484376061717774,-175.38181768378232,70.22344844031126,7.686908758689095
26.675,-25.891888036804918,0.39687788863336215,0.34725971836958847,0.45161561503415115,-197.69774830666367,76.53641871787354,8.548533588958524
26.7,-22.617844377538468,0.42190307046663916,0.3410058749927997,0.4551649915818935,-223.16419592270788,84.02999254823982,9.530746686738459
26.725,-18.898822794732084,0.44990119735140305,0.33433906618615483,0.4591420564692855,-251.7280547339533,92.95563733815608,10.646453161580375
26.75,-14.70508651137379,0.48103323138737336,0.32733659617676847,0.4636067572432816,-282.90424889264204,103.59865502280874,11.904574046587863
26.775000000000002,-10.034361877377558,0.5153049089583056,0.3200998214386476,0.4686186962673615,-315.5436288922314,116.26070661955337,13.305791436786732
26.8,-4.9307279824745605,0.5524858402449155,0.3127376288665153,0.47423065625640914,-347.64836838236624,131.2233548252463,14.836881605257632
26.825,0.49565692993054,0.5920397129993209,0.3053487502516595,0.480479616093045,-376.42045288534706,148.68930664585173,16.46479707897916
26.85,6.057156786883279,0.6331002129327364,0.2980100522470495,0.4873763741912902,-398.7656051049051,168.70868949863973,18.133247036064983
26.875,11.498225202107536,0.6745260816429622,0.29077366696146445,0.4948964192057796,-412.2999764341215,191.11479458864525,19.76556756063226
26.900000000000002,16.533934494469833,0.7150436793559727,0.2836707681275117,0.5029757486496818,-416.4838866499806,215.50625848502563,21.27628034834095
26.925,20.910082560497255,0.753443373730059,0.2767178194343259,0.5115146721303053,-413.1547163075403,241.3027654293579,22.589124768149176
26.95,24.460412220749074,0.7887636890268422,0.2699222261329617,0.5203897492520263,-405.9518312873844,267.86381865726355,23.654223666224723
26.975,27.134047719065283,0.8204007512115623,0.26328627662707427,0.529470311441083,-398.91182445668505,294.6196462836288,24.456314315719585
27.0,28.98361946632472,0.8481194193503284,0.2568095097898531,0.5386340966851655,-395.11297659337765,321.156424894535,25.01118583989741
27.025000000000002,30.12696199213378,0.8719874128287106,0.2504900218284717,0.5477777060499439,-396.06511104648183,347.2311683275323,25.35418859764013
27.05,30.704599602525295,0.8922757201795202,0.24432516124256543,0.5568206375815272,-401.88376444434493,372.7331712760662,25.527479880757586
27.075,30.84886795773016,0.9093630043319193,0.23831189726437466,0.5657042768156565,-411.84449596545153,397.62706723530084,25.570760387319048
27.1,30.668799843232343,0.9236633517090852,0.23244701910232987,0.5743882084029004,-424.91805220379166,421.9047702174871,25.5167399529697
27.125,30.247094494165072,0.9355805661493102,0.22672724707293346,0.5828458475240024,-440.1082638104225,445.5565810782106,25.39022834824952
27.150000000000002,29.643488867577915,0.9454838882385143,0.2211492965487993,0.5910605343553117,-456.5964735678252,468.55944195744314,25.209146660273372
27.175,28.900174904185626,0.953698061760867,0.21570991565461384,0.599022502093314,-473.7649311012664,490.87591689081324,24.98615247125569
27.2,28.046933041322802,0.9605017948942305,0.2104059078228083,0.606726707990525,-491.16670600599156,512.458061808976,24.73017991239684
27.225,27.10514389837628,0.9661305470200219,0.20523414539147491,0.6141713522437342,-508.48274845377244,533.2525120072734,24.447643169512883
27.25,26.09062014522913,0.9707811842851132,0.20019157782916544,0.6213568880059107,-525.4838959051625,553.2050310210552,24.14328604356874
27.275000000000002,25.015490565277773,0.9746171505553518,0.19527523672229652,0.628285360941352,-542.002630188108,572.2639472728565,23.82074716958333
27.3,23.889411696038472,0.9777734710244698,0.19048223881539897,0.6349599627070697,-557.9138457559054,590.382475240791,23.482923508811542
27.325,22.720334241976328,0.9803612835981738,0.1858097878878565,0.6413847215949817,-573.1223352855234,607.5201232033343,23.1322002725929
27.35,21.51498626839306,0.9824717942000019,0.18125517594393795,0.6475642814518178,-587.5547878135924,623.6434208366265,22.770595880517916
27.375,20.279180198193114,0.984179653123444,0.17681578400635473,0.6535037383873518,-601.1546465790847,638.7261663783199,22.399854059457933
27.400000000000002,19.018011320341454,0.9855457962421367,0.17248908268995,0.6592085163580171,-613.8787202297898,652.749345758987,22.021503396102435
27.425,17.735989635583035,0.9866198130448182,0.16827263266260903,0.6646842698169382,-625.6948520249583,665.700834143145,21.63689689067491
27.45,16.43713057766589,0.9874419071291476,0.16416408505744484,0.6699368059341535,-636.5802262101876,677.5749582806884,21.247239173299768
27.475,15.12502014664976,0.988044511485789,0.16016118187327003,0.6749720215081484,-646.5200628238739,688.3719750984444,20.853606043994926
27.5,13.802863918585874,0.988453614599772,0.15626175638279785,0.6797958512907855,-655.506556100698,698.0975058582914,20.45695917557576
27.525000000000002,12.47352571987624,0.9886898461485201,0.15246373355617,0.6844142254411872,-663.5379729525488,706.7619539053571,20.05815771596287
27.55,11.139559523873396,0.9887693639185043,0.14876513049896295,0.6888330344531914,-670.617863642177,714.3799259762949,19.65796785716202
27.575,9.80323676627895,0.9887045769792606,0.1451640568973123,0.6930581003096996,-676.7543572240633,720.9696711767818,19.257071029883686
27.6,8.466570440258451,0.9885047343356484,0.14165871545745917,0.6970951528908709,-681.9595259183502,726.5525473800418,18.856071132077535
27.625,7.131336816058957,0.9881764032646364,0.13824740232221724,0.7009498108528438,-686.2488090288795,731.1525215020249,18.455501044817687
27.650000000000002,5.799095309734403,0.9877238572924729,0.13492850744231313,0.7046275663301618,-689.6404904929021,734.7957075867114,18.05582859292032
27.675,4.471206826468408,0.9871493902077967,0.13170051487605886,0.7081337729170722,-692.1552259294753,737.5099446954781,17.657462047940523
27.7,3.1488507800631744,0.9864535695496711,0.12856200298619422,0.7114736364619223,-693.8156158777845,739.3244151046721,17.26075523401895
27.725,1.8330409130627856,0.9856354405702319,0.12551164449805546,0.7146522082720529,-694.6458222186119,740.2693021786869,16.866012273918837
27.75,0.5246399938879887,0.9846926896689037,0.12254820637841397,0.7176743803784973,-694.6712248034645,740.375486428501,16.473491998166395
27.775000000000002,-0.7756265629905721,0.9836217746568234,0.11967054948956013,0.7205448825532313,-693.9181152225325,739.674277629343,16.083412031102828
27.8,-2.0671581268841797,0.982418027872934,0.1168776279686749,0.7232682808084898,-692.4134244974259,738.1971804153799,15.695952561934746
27.825,-3.3494673171394913,0.9810757370833333,0.11416848827845086,0.7258489771391954,-690.1844813491916,735.9756904473317,15.311259804858151
27.85,-4.6221695054438925,0.979588208208258,0.11154226787166993,0.7282912102969975,-687.2587976257631,733.0411180030012,14.929449148366832
27.875,-5.884973350623299,0.9779478131897195,0.10899819341087737,0.7305990574059685,-683.663877242945,729.4244358167515,14.55060799481301
27.900000000000002,-7.137672386159408,0.9761460257221453,0.1065355784840143,0.7327764362520468,-679.4270451929925,725.1561477760218,14.174798284152176
27.925,-8.380137671769802,0.9741734470657332,0.10415382076000065,0.7348271080927812,-674.5752929741415,720.2661752182217,13.80205869846906
27.95,-9.612311534452726,0.9720198237466328,0.10185239853418136,0.7367546808490412,-669.1351369710753,714.7837575340521,13.43240653966418
27.975,-10.834202426949927,0.9696740585855343,0.09963086662390418,0.7385626125515423,-663.1324863972263,708.7373638869208,13.06583927191502
28.0,-12.045880935827471,0.9671242161750945,0.0974888515896116,0.740254214924624,-656.592517589965,702.1546129754988,12.702335719251758
28.025000000000002,-13.247476973587808,0.9643575236311264,0.09542604627740155,0.7418326569975546,-649.5395516907074,695.0621979288221,12.341856907923658
28.05,-14.439178189147666,0.9613603671607344,0.09344220370535142,0.7433009686401697,-641.9969330541662,687.4858136314112,11.984346543255699
28.075,-15.62122962805045,0.9581182847128775,0.0915371303479186,0.7446620439252879,-633.9869061183352,679.4500840344201,11.629731111584865
28.1,-16.79393466733123,0.9546159546961298,0.08971067890992399,0.7459186442254889,-625.5304889308147,670.9784873230425,11.277919599800631
28.125,-17.957657239638095,0.9508371804601123,0.08796274072275415,0.7470734009569643,-616.6473420650286,662.0932771836216,10.928802828108571
28.150000000000002,-19.112825346773832,0.9467648699397611,0.0862932379386547,0.7481288178886907,-607.3556322641991,652.8153988476064,10.582252395967851
28.175,-20.25993584426653,0.9423810095570131,0.08470211574177622,0.7490872729415767,-597.6718908089296,643.1643990816727,10.238119246720041
28.2,-21.399560456221753,0.9376666311679067,0.08318933483380767,0.7499510194099223,-587.6108672990366,633.1583298376404,9.896231863133474
28.225,-22.532352954039787,0.9326017705437307,0.08175486448412347,0.7507221865468594,-577.1853802535586,622.813645862831,9.556394113788064
28.25,-23.65905740431737,0.927165415595752,0.08039867645575995,0.7514027794667367,-566.406166648121,612.1450971882267,9.21838277870479
28.275000000000002,-24.780517361050283,0.921335442311646,0.07912074012605097,0.7519946783309098,-555.2817332178787,601.165618044981,8.881944791684916
28.3,-25.89768584549881,0.9150885361899216,0.07792101911201903,0.7524996367992997,-543.8182130631321,589.8862143988414,8.546794246350357
28.325,-27.011635923595588,0.9084000968632876,0.0767994696845263,0.7529192797485741,-532.0192318316431,578.3158529326762,8.212609222921323
28.35,-28.123571654301152,0.9012441236263729,0.0757560412123508,0.7532551002791006,-519.8857885745324,566.4613549580569,7.879028503709654
28.375,-29.2348391402019,0.8935930797688243,0.07479067882014294,0.7535084560572533,-507.4161573748299,554.3272994227626,7.54564825793943
28.400000000000002,-30.346937359289758,0.885417734014733,0.0739033283769146,0.7536805650678026,-494.60581716369495,541.9159399501015,7.2120187922130725
28.425,-31.46152838733847,0.8766869780535371,0.0730939438601425,0.7537725008838573,-481.4474189463065,529.2271417722031,6.87764148379846
28.45,-32.58044652399937,0.8673676202102708,0.07236249707166334,0.7537851876005409,-467.93080217690783,516.2583456057256,6.541966042800189
28.475,-33.705705700081054,0.8574241568737604,0.0717089896227786,0.7537193946251921,-454.0430755084618,503.004567097042,6.204388289975683
28.5,-34.83950435282511,0.8468185255579013,0.07113346706460304,0.7535757315739595,-439.7687818819208,489.4584425929501,5.864248694152467
28.525000000000002,-35.98422669173995,0.8355098466575889,0.07063603502205167,0.7533546435954649,-425.0901742075948,475.61033484982767,5.520831992478016
28.55,-37.142438918668056,0.8234541654076242,0.07021687720065062,0.7530564075305137,-409.9876359937107,461.44851606240525,5.173368324399584
28.575,-38.3168784901215,0.8106042116987137,0.06987627517674684,0.7526811294267702,-394.4402913724519,446.9594504382009,4.821036452963549
28.6,-39.51043389675988,0.7969092038173851,0.06961462995215535,0.7522287440627523,-378.42686104031725,432.12820457434566,4.462969830972036
28.625,-40.72611166985949,0.782314733562884,0.06943248534668738,0.7516990172992438,-361.9268342645512,416.9390210954789,4.098266499042152
28.650000000000002,-41.966986408183956,0.7667627853865802,0.06933055340067301,0.7510915522685171,-344.9220412351323,401.3760991434594,3.726004077544813
28.675,-43.23612858041659,0.7501919620915869,0.06930974203572288,0.7504058006281993,-327.3987224700898,385.4246337410006,3.345261425875023
28.7,-44.536503779617824,0.7325380150147418,0.06937118522726395,0.7496410803350835,-309.350198768787,369.07217352143397,2.9551488661146528
28.725,-45.870836153519555,0.7137348078502042,0.0695162758012077,0.7487966016108332,-290.78023983514305,352.3103606055245,2.5548491539441334
28.75,-47.24142820583663,0.6937158796774568,0.0697467005687985,0.7478715029360282,-271.7072021329213,335.13711391252133,2.143671538249012
28.775000000000002,-48.64992954498448,0.6724168115549961,0.07006447670901822,0.746864898959613,-252.1689425107013,317.5593024861257,1.721121136504656
28.8,-50.09704917699193,0.6497786357560787,0.0704719869172608,0.7457759420610418,-232.22839524951468,299.5959209173748,1.286985246902421
28.825,-51.582210597120095,0.6257525449000421,0.0709720086846356,0.7446038988418762,-211.97950624375022,281.28171508946247,0.8414368208639714
28.85,-53.10315743195058,0.6003061387703992,0.07156773005172275,0.7433482419272438,-191.5529336311215,262.67110298171195,0.38515277041482676
28.875,-54.65553087275278,0.5734313576696721,0.07226274039807537,0.7420087560082433,-171.12055228642046,243.8420845271842,-0.08055926182583306
28.900000000000002,-56.23245914792188,0.5451540510275489,0.07306098078973251,0.7405856549848646,-150.89738372974898,224.89963808501682,-0.5536377443765638
28.925,-57.824222701975344,0.5155447751939357,0.07396663524415394,0.7390797044118432,-131.1392255596383,205.9778799619945,-1.031166810592603
28.95,-59.41808248015129,0.48472988091121383,0.07498394389569014,0.7374923404180999,-112.13417751691412,187.24007030653027,-1.5093247440453872
28.975,-60.99837445273982,0.452901272555487,0.07611692400453876,0.7358257733105116,-94.18672954461135,168.8754760039474,-1.9834123358219449
29.0,-62.54696888098708,0.4203225382898563,0.07736899751602562,0.7340830618890641,-77.5943417233482,151.09227204090593,-2.4479906642961238
29.025000000000002,-64.04415463144035,0.38732874191254146,0.07874254533063094,0.7322681439968206,-62.618534752158595,134.10618934495727,-2.8971463894321046
29.05,-65.46993049384642,0.3543174128873192,0.08023843588806191,0.7303858109226687,-49.45498714711307,118.12552091369568,-3.3248791481539257
29.075,-66.80557672119015,0.32172949028211184,0.08185560145052691,0.7284416185592437,-38.20901488695206,103.3342199196993,-3.7255730163570444
29.1,-68.03527261690616,0.2900211646994983,0.08359074810938151,0.7264417365085394,-28.882869793581374,89.87579388657817,-4.094481785071847
29.125,-69.14746632430986,0.25963017790659554,0.08543827451593566,0.7243927462945908,-21.37883518703503,77.84104896702938,-4.428139897292958
29.150000000000002,-70.13572929984328,0.23094217988770221,0.08739043704328783,0.7223014090571477,-15.51769205134515,67.26215092041146,-4.724618789952983
29.175,-70.99894379646533,0.20426321515652426,0.08943774521139669,0.7201744287496757,-11.067617918867661,58.114028521574625,-4.983583138939598
29.200000000000003,-71.74083648818852,0.17980295564199947,0.09156951987849572,0.7180182369791733,-7.776048203038329,50.32236860497813,-5.206150946456556
29.225,-72.3690202723217,0.1576704817490184,0.0937745167601678,0.7158388201253761,-5.39745148706492,43.77602936235754,-5.394606081696511
29.25,-72.89378659980756,0.13788140742284075,0.09604151778844529,0.7136416001899701,-3.7126782190293945,38.34110720287383,-5.552035979942266
29.275000000000002,-73.32688784835598,0.12037303804965743,0.09835981764595507,0.7114313709295619,-2.5388929997693164,33.87417575537053,-5.681966354506794
29.3,-73.68048581380899,0.10502351960089179,0.10071956896678146,0.7092122828672874,-1.7316335537388292,30.23305429143949,-5.788045744142695
29.325000000000003,-73.96635689534243,0.09167139502094601,0.10311198343047219,0.7069878661347176,-1.181668738747278,27.28442639531321,-5.873807068602728
29.35,-74.19536936326345,0.08013308370629305,0.10552940905837033,0.704761078762237,-0.8092742516171094,24.90839941592812,-5.942510808979035
29.375,-74.37719902415007,0.07021700046584861,0.10796531475117947,0.7025343691193113,-0.5578701104747534,23.000545662325354,-5.997059707245022
29.400000000000002,-74.520227449652,0.06173399458030551,0.11041421409052092,0.7003097435626879,-0.38816759369892867,21.472124882548314,-6.039968234895599
29.425,-74.63156450242118,0.054504404039151966,0.11287155570661203,0.6980888330291161,-0.2733308109191569,20.249151319955345,-6.073369350726355
29.450000000000003,-74.71714533947659,0.04836231832169063,0.11533360062039773,0.6958729547174396,-0.1952471000178875,19.270837750468917,-6.099043601842976
29.475,-74.78186442196024,0.043157718543463654,0.1177973001868321,0.6936631668825332,-0.1417893098146666,18.48779538269206,-6.118459326588071
29.5,-74.829721099134,0.03875711151957704,0.12026018269881665,0.6914603160747991,-0.10487580643026556,17.860231774958212,-6.132816329740201
29.525000000000002,-74.86396115709744,0.035043166008903524,0.12272025265136272,0.6892650769843635,-0.07913062630682556,17.35628389400641,-6.14308834712923
29.55,-74.88720588252656,0.031913739587809506,0.1251759039753252,0.6870779855080693,-0.06097517036721358,16.95055077680033,-6.150061764757967
29.575000000000003,-74.90156497217053,0.029280576131340125,0.12762584692889226,0.6848994658652372,-0.04802049321509719,16.622844332420392,-6.15436949165116
29.6,-74.90873255872971,0.027067865568384995,0.13006904746874667,0.6827298526381658,-0.03866429005698432,16.35715046524675,-6.156519767618913
29.625,-74.91006726741018,0.025210790445849212,0.1325046775486731,0.6805694085730551,-0.03182506398259184,16.140779469069425,-6.156920180223055
29.650000000000002,-74.9066580127935,0.023654135311580966,0.13493207471627924,0.6784183388917921,-0.02676721968163014,15.963679571698366,-6.15589740383805
29.675,-74.8993775222405,0.022351001269069245,0.13735070946511235,0.676276802762949,-0.022985998639443676,15.817887128185992,-6.153713256672149
29.700000000000003,-74.88892555464335,0.02126164558759169,0.13976015896433525,0.6741449224777557,-0.02013164136347011,15.697089004965036,-6.150577666393005
29.725,-74.87586361623998,0.020352451845438532,0.14216008597992283,0.6720227907821724,-0.017959226833584023,15.596275782532226,-6.146659084871994
29.75,-74.86064274596622,0.01959502729585499,0.14455022199138054,0.6699104767331506,-0.01629533126534918,15.51146773796706,-6.142092823789865
29.775000000000002,-74.84362570134545,0.018965419157825736,0.146930353681747,0.6678080303766915,-0.015015731005672281,15.439498733995343,-6.136987710403633
29.8,-74.8251046483469,0.018443439043859623,0.14930031213027475,0.665715486486725,-0.014030385847546276,15.377845948748899,-6.131431394504068
29.825000000000003,-74.80531525681818,0.018012083836411154,0.15165996416552227,0.6636328675559166,-0.013273246377327144,15.324495769429449,-6.125494577045452
29.85,-74.78444793067962,0.01765704139517747,0.15400920544301352,0.6615601861907254,-0.01269527736735118,15.27783815190013,-6.119234379203886
29.875,-74.76265675835741,0.01736627010730581,0.15634795489866432,0.659497447031869,-0.012259640067496733,15.236583357347751,-6.112697027507222
29.900000000000002,-74.74006665115893,0.017129642213258866,0.15867615029959942,0.6574446482964721,-0.011938334659777438,15.199696268918022,-6.105919995347677
29.925,-74.7167790419081,0.016938641882468904,0.1609937446706132,0.6554017830183566,-0.011709838165734189,15.166344518860683,-6.098933712572429
29.950000000000003,-74.692876439549,0.01678611007059821,0.16330070341980707,0.6533688400471933,-0.011557426618167504,15.135857469016756,-6.091762931864698
29.975,-74.6684260742547,0.016666029203308983,0.16559700202301433,0.6513458048547763,-0.011467971583469906,15.1076937267252,-6.0844278222764085
30.0,-74.64348281893591,0.016573341667238707,0.1678826241553388,0.6493326601867826,-0.011431068351933917,15.08141537975491,-6.076944845680772
30.025000000000002,-74.61809153446711,0.016503796932572767,0.17015756018090758,0.6473293865905633,-0.011438398051002724,15.056667526616627,-6.0693274603401335
30.05,-74.59228895540974,0.01645382287943164,0.17242180593003534,0.6453359628433076,-0.011483256190038791,15.033161985812297,-6.061586686622922
30.075000000000003,-74.56610520885876,0.0164204175549819,0.17467536170734788,0.643352366299998,-0.01156020066455,15.010664307771199,-6.053731562657627
30.1,-74.53956503994381,0.016401058156069386,0.17691823148579292,0.641378573176686,-0.011664786269700703,14.988983401021006,-6.045769511983143
30.125,-74.51268880241936,0.016393624521318987,0.17915042225052666,0.6394145587815064,-0.011793362426732814,14.967963231027607,-6.037706640725808
30.150000000000002,-74.48549326083631,0.016396334835686702,0.1813719434638368,0.6374602977033962,-0.011942917521717361,14.94747616511374,-6.029547978250892
30.175,-74.45799224133619,0.016407691607915928,0.18358280662799245,0.635515763966512,-0.012110957934124353,14.927417626936581,-6.021297672400856
30.200000000000003,-74.43019716061988,0.016426436285270195,0.1857830249274666,0.6335809311567807,-0.012295413124502183,14.907701794656576,-6.012959148185964
30.225,-74.40211745670466,0.016451511127624822,0.18797261293559892,0.6316557725257707,-0.012494560483246509,14.888258132401672,-6.004535237011397
30.25,-74.37376094036641,0.016482027181061443,0.19015158637368537,0.6297402610760626,-0.01270696530701441,14.869028588261013,-5.996028282109923
30.275000000000002,-74.3451340824152,0.016517237375307664,0.19231996191278505,0.6278343696315104,-0.012931432465432643,14.849965326393017,-5.987440224724559
30.3,-74.31624224896551,0.016556513924743152,0.19447775701040443,0.6259380708951299,-0.013166967186239383,14.831028887932483,-5.978772674689652
30.325000000000003,-74.28708989448242,0.01659932934361855,0.19662498977571147,0.6240513374968392,-0.013412743017729422,14.812186696782186,-5.970026968344726
30.35,-74.25768072048308,0.01664524049635025,0.19876167885811927,0.6221741420328644,-0.013668075490365852,14.79341184331342,-5.961204216144924
30.375,-74.22801780625227,0.016693875196475732,0.20088784335506174,0.6203064570982787,-0.013932400341853226,14.774682092418729,-5.95230534187568
30.400000000000002,-74.19810371671228,0.01674492094580731,0.20300350273554482,0.6184482553138807,-0.01420525542518725,14.755979073017597,-5.9433311150136845
30.425,-74.16794059160912,0.01679811547083005,0.20510867677669622,0.6165995093483949,-0.014486265610950877,14.737287614591297,-5.934282177482737
30.450000000000003,-74.13753021939205,0.016853238768421822,0.20720338551104486,0.6147601919367948,-0.014775130140400003,14.718595203067531,-5.925159065817614
30.475,-74.10687409852964,0.016910106419183942,0.2092876491826632,0.6129302758954158,-0.01507161199685871,14.699891533769222,-5.915962229558893
30.5,-74.07597348849592,0.01696856396547391,0.2113614882106573,0.611109734134395,-0.015375528948478594,14.681168143443019,-5.906692046548775
30.525000000000002,-74.04482945224785,0.0170284821838026,0.21342492315874403,0.6092985396678864,-0.01568674598189838,14.662418106830952,-5.8973488356743555
30.55,-74.0134428916815,0.017089753108596464,0.21547797470988858,0.6074966656224235,-0.01600516889846893,14.643635786018582,-5.8879328675044516
30.575000000000003,-73.98181457728441,0.017152286687272537,0.21752066364515507,0.6057040852437259,-0.016330738885937956,14.62481662300961,-5.878444373185323
30.6,-73.94994517298124,0.017216007965827434,0.21955301082606213,0.6039207719022119,-0.016663427911348786,14.605956967773812,-5.868883551894373
30.625,-73.91783525699267,0.017280854720305532,0.22157503717987076,0.6021466990974172,-0.01700323480733247,14.587053935448768,-5.859250577097802
30.650000000000002,-73.8854853393805,0.017346775463071076,0.22358676368731772,0.6003818404614989,-0.017350181945349496,14.568105287549729,-5.849545601814148
30.675,-73.85289587683425,0.017413727764192765,0.2255882113723971,0.5986261697619678,-0.017704312406876765,14.549109332980134,-5.839768763050276
30.700000000000003,-73.82006728515758,0.017481676837803054,0.22757940129386148,0.596879660903767,-0.01806568757784201,14.530064845399854,-5.829920185547273
30.725,-73.7869999498322,0.017550594351310938,0.2295603545381593,0.5951422879308023,-0.018434385103404963,14.510970994133267,-5.819999984949658
30.75,-73.75369423497374,0.017620457422080467,0.23153109221358584,0.5934140250270017,-0.018810497149985533,14.491827286297084,-5.81000827049212
30.775000000000002,-73.72015049093885,0.017691247771836175,0.2334916354454487,0.591694846516981,-0.019194128929592883,14.472633518245667,-5.799945147281655
30.8,-73.6863690607995,0.01776295101380141,0.2354420053720888,0.5899847268663708,-0.01958539744833948,14.453389734764054,-5.789810718239852
30.825000000000003,-73.65235028586426,0.017835556051559908,0.23738222314162452,0.5882836406818538,-0.01998443044676041,14.434096194713288,-5.779605085759277
30.85,-73.61809451039596,0.017909054571975547,0.23931230990929908,0.5865915627109579,-0.02039136550438416,14.414753342058777,-5.769328353118788
30.875,-73.58360208565092,0.017983440617316635,0.2412322868353431,0.5849084678416361,-0.020806349285086533,14.395361781395124,-5.758980625695277
30.900000000000002,-73.54887337334388,0.01805871022409094,0.2431421750832657,0.5832343311016656,-0.02122953690320975,14.375922257233196,-5.7485620120031635
30.925,-73.51390874862606,0.01813486111808058,0.24504199581850866,0.581569127657892,-0.021661091393357736,14.356435636440013,-5.7380726245878195
30.950000000000003,-73.47870860264962,0.01821189245673424,0.24693177020740958,0.5799128328153351,-0.022101183269274058,14.336902893323646,-5.727512580794885
30.975,-73.44327334478007,0.018289804611473566,0.2488115194164178,0.5782654220161811,-0.022549990159321777,14.317325096940497,-5.71688200343402
31.0,-73.40760340450808,0.01836859898364836,0.25068126461153134,0.5766268708386705,-0.023007696507891532,14.297703400273617,-5.706181021352424
31.025000000000002,-73.37169923310461,0.018448277848866396,0.2525410269579119,0.574997154995899,-0.023474493333605902,14.278039030985893,-5.6954097699313815
31.05,-73.33556130505562,0.01852884422525469,0.2543908276196527,0.5733762503345415,-0.023950578036497833,14.25833328350335,-5.684568391516685
31.075000000000003,-73.29919011930762,0.018610301761910572,0.25623068775967445,0.5717641328335057,-0.02443615424746708,14.238587512221223,-5.673657035792287
31.1,-73.2625862003502,0.018692654644389458,0.2580606285397234,0.5701607786025294,-0.024931431714275473,14.218803125659875,-5.662675860105059
31.125,-73.22575009915752,0.018775907514572775,0.2598806711204599,0.5685661638807222,-0.02543662621916657,14.198981581425098,-5.651625029747256
31.150000000000002,-73.18868239400783,0.018860065402675253,0.2616908366616158,0.5669802650350617,-0.025951959523890105,14.179124381850354,-5.640504718202348
31.175,-73.15138369119674,0.01894513366950373,0.263491146322209,0.5654030585588499,-0.026477659338519935,14.159233070217637,-5.629315107359022
31.200000000000003,-73.11385462565782,0.019031117957374367,0.26528162126080845,0.5638345210701285,-0.027013959310964817,14.139309227470333,-5.618056387697346
31.225,-73.07609586150214,0.019118024148344386,0.2670622826358303,0.5622746293100664,-0.027561099034511104,14.119354469344179,-5.606728758450641
31.25,-73.03810809248644,0.019205858328625078,0.2688331516058675,0.560723360141312,-0.028119324071119035,14.099370443854243,-5.595332427745931
31.275000000000002,-72.99989204241838,0.019294626758217796,0.27059424933003734,0.5591806905463222,-0.02868888598850778,14.079358829085626,-5.583867612725514
31.3,-72.96144846550592,0.01938433584496604,0.27234559696834393,0.5576465976256678,-0.02927004240935252,14.05932133124309,-5.572334539651777
31.325000000000003,-72.92277814665705,0.019474992122341,0.2740872156820529,0.5561210585963123,-0.029863057071148617,14.039259682921209,-5.560733443997115
31.35,-72.88388190173492,0.01956660223038314,0.2758191266340679,0.5546040507898762,-0.03046819989549661,14.019175641563942,-5.549064570520477
31.375,-72.84476057777302,0.019659172899314147,0.277541350989311,0.5530955516508782,-0.031085747065748105,13.999070988085213,-5.537328173331905
31.400000000000002,-72.80541505315404,0.019752710935406252,0.27925390991509963,0.5515955387349629,-0.03171598111208859,13.978947525627884,-5.52552451594621
31.425,-72.76584623775585,0.01984722320876156,0.2809568245815178,0.5501039897071118,-0.032359191003270796,13.958807078441131,-5.513653871326755
31.450000000000003,-72.72605507306743,0.019942716642706707,0.28265011616178276,0.5486208823398389,-0.033015672244316965,13.93865149085862,-5.501716521920228
31.475,-72.68604253227687,0.02003919820455376,0.28433380583259843,0.5471461945113756,-0.03368572697960251,13.918482626364462,-5.489712759683061
31.5,-72.64580962033406,0.020136674897516867,0.2860079147745008,0.5456799042038412,-0.03436966410081648,13.898302366732754,-5.477642886100218
31.525000000000002,-72.60535737398935,0.020235153753605968,0.28767246417218917,0.5442219895014027,-0.03506779935935894,13.878112611231618,-5.465507212196805
31.55,-72.56468686180997,0.020334641827346657,0.2893274752148419,0.5427724285884261,-0.03578045548279645,13.85791527588228,-5.453306058542992
31.575000000000003,-72.5237991841757,0.020435146190198667,0.2909729690964214,0.5413311997476143,-0.036507962295049254,13.837712292764522,-5.44103975525271
31.6,-72.48269547325448,0.020536673925563687,0.29260896701595773,0.5398982813581399,-0.037250656840017854,13.817505609363668,-5.4287086419763435
31.625,-72.4413768929595,0.020639232124292292,0.2942354901778204,0.5384736518937662,-0.03800888350840838,13.79729718795159,-5.416313067887849
31.650000000000002,-72.39984463888823,0.020742827880610278,0.2958525597919701,0.5370572899209631,-0.03878299416752716,13.777089004998158,-5.403853391666467
31.675,-72.35809993824442,0.02084746828840025,0.2974601970741931,0.5356491740970152,-0.03957334829386202,13.756883050608192,-5.391329981473326
31.700000000000003,-72.31614404974351,0.02095316043778149,0.29905842324631926,0.5342492831681216,-0.04038031310827434,13.736681327980813,-5.378743214923054
31.725,-72.27397826350224,0.021059911411941,0.30064725953641946,0.5328575959674927,-0.041204263713652156,13.716485852887656,-5.366093479050673
31.75,-72.23160390091269,0.021167728284176044,0.30222672717898696,0.5314740914134386,-0.04204558323489252,13.696298653167975,-5.353381170273806
31.775000000000002,-72.18902231450144,0.02127661811511317,0.30379684741509866,0.530098748507454,-0.04290466296108517,13.67612176823776,-5.3406066943504324
31.8,-72.14623488777426,0.021386587950075833,0.3053576414925578,0.5287315463322986,-0.043781902489793245,13.655957248611058,-5.327770466332276
31.825000000000003,-72.10324303504628,0.021497644816575782,0.30690913066602016,0.5273724640500722,-0.04467770987332747,13.635807155432325,-5.314872910513882
31.85,-72.06004820125854,0.02160979572190719,0.3084513361970989,0.5260214809002882,-0.045592501766918106,13.61567356001775,-5.301914460377561
31.875,-72.01665186178062,0.021723047650826704,0.3099842793544541,0.5246785761979413,-0.04652670357870215,13.595558543404977,-5.288895558534184
31.900000000000002,-71.97305552220001,0.021837407563303924,0.3115079814138625,0.5233437293315749,-0.04748074962143906,13.575464195909639,-5.2758166566600035
31.925,-71.9292607180983,0.02195288239233025,0.313022463658269,0.5220169197613455,-0.04845508326587926,13.555392616688346,-5.262678215429491
31.950000000000003,-71.88526901481426,0.022069479041775284,0.3145277473778231,0.5206981270170838,-0.04945015709570926,13.535345913307099,-5.249480704444276
31.975,-71.84108200719425,0.02218720438428198,0.3160238538698948,0.5193873306963581,-0.050466433064000255,13.51532620131467,-5.2362246021582735
32.0,-71.79670131932994,0.022306065259193243,0.31751080443907653,0.5180845104625318,-0.05150438265108985,13.495335603820418,-5.222910395798982
32.025000000000006,-71.75212860428367,0.022426068470503355,0.31898862039716686,0.5167896460428251,-0.052564487023824207,13.475376251076055,-5.2095385812851
32.05,-71.70736554380137,0.022547220784829087,0.32045732306313635,0.5155027172263759,-0.053647237196090186,13.455450280061388,-5.196109663140412
32.075,-71.6624138480134,0.022669528929397175,0.32191693376308383,0.5142237038622958,-0.054753134190575904,13.435559834072954,-5.18262415440402
32.1,-71.61727525512349,0.02279299959004241,0.3233674738301675,0.5129525858577375,-0.05588268920167113,13.4157070623165,-5.169082576537046
32.125,-71.57195153108559,0.022917639409215963,0.3248089646045305,0.5116893431759535,-0.05703642375945732,13.395894119502115,-5.155485459325676
32.150000000000006,-71.52644446926917,0.023043454983999852,0.3262414274332062,0.5104339558343619,-0.05821486989469993,13.376123165442468,-5.1418333407807495
32.175,-71.48075589011296,0.023170452864126247,0.32766488367000957,0.509186403902616,-0.05941857030477485,13.356396364653836,-5.128126767033888
32.2,-71.43488764076697,0.023298639550000513,0.32907935467542004,0.5079466675006701,-0.060648078520456644,13.336715885960057,-5.114366292230092
32.225,-71.38884159472359,0.023428021490726026,0.33048486181644227,0.5067147267968585,-0.06190395907348358,13.317083902099306,-5.100552478417076
32.25,-71.34261965143708,0.023558605082131267,0.3318814264664632,0.5054905620059695,-0.06318678766483334,13.297502589333643,-5.086685895431122
32.275000000000006,-71.29622373593234,0.023690396664797414,0.3332690700050912,0.5042741533873286,-0.06449715133361666,13.277974127061354,-5.0727671207797025
32.3,-71.24965579840269,0.023823402522086694,0.3346478138179839,0.5030654812428873,-0.06583564862651156,13.258500697432444,-5.0587967395208056
32.325,-71.20291781379669,0.023957628878172404,0.3360176792966697,0.5018645259153126,-0.06720288976766192,13.239084484966746,-5.044775344139006
32.35,-71.15601178139467,0.024093081896068177,0.3373786878383494,0.5006712677860895,-0.06859949682893046,13.219727676175491,-5.0307035344184
32.375,-71.10893972437457,0.02422976767566003,0.3387308608456971,0.49948568727362347,-0.07002610390044677,13.200432459185505,-5.01658191731237
32.400000000000006,-71.06170368936739,0.02436769225173893,0.3400742197266456,0.4983077648313542,-0.07148335726133388,13.18120102336731,-5.002411106810217
32.425,-71.01430574600286,0.024506861592035953,0.34140878589416207,0.49713748094587695,-0.07297191555053338,13.162035558965837,-4.988191723800858
32.45,-70.96674798644455,0.02464728159526028,0.3427345807660211,0.4959748161350677,-0.07449244993763021,13.142938256735132,-4.973924395933364
32.475,-70.91903252491562,0.024788958089140087,0.3440516257645598,0.49481975094622505,-0.07604564429356955,13.123911307576533,-4.959609757474686
32.5,-70.87116149721469,0.02493189682846885,0.34535994231643447,0.4936722659542131,-0.07763219536118288,13.104956902180247,-4.9452484491644055
32.525000000000006,-70.82313706022214,0.025076103493155998,0.3466595518523644,0.49253234175961996,-0.0792528129253995,13.086077230671162,-4.930841118066641
32.55,-70.77496139139731,0.02522158368628426,0.34795047580686866,0.49139995898692607,-0.08090821998305037,13.067274482258401,-4.916388417419193
32.575,-70.72663668826631,0.025368342932174767,0.3492327356180021,0.490275098282679,-0.0825991529121578,13.048550844888812,-4.901891006479893
32.6,-70.67816516790106,0.02551638667445972,0.3505063527270767,0.4891577403136887,-0.08432636164058517,13.02990850490519,-4.887349550370317
32.625,-70.62954906638944,0.025665720274165305,0.3517713485783858,0.4880478657652259,-0.08609060981395165,13.011349646708213,-4.872764719916833
32.650000000000006,-70.58079063829696,0.025816349007805526,0.35302774461891867,0.48694545533923966,-0.08789267496268954,12.99287645242338,-4.858137191489088
32.675,-70.53189215612008,0.025968278065487738,0.3542755622980699,0.48585048975258727,-0.08973334866812313,12.974491101572196,-4.843467646836023
32.7,-70.48285590973114,0.026121512549031972,0.3555148230673507,0.4847629497352744,-0.09161343672745946,12.956195770748371,-4.828756772919342
32.725,-70.43368420581571,0.0262760574701046,0.35674554838008743,0.48368281602871754,-0.0935337593175586,12.937992633298839,-4.814005261744712
32.75,-70.38437936730185,0.0264319177483687,0.35796775969112504,0.48261006938401435,-0.095495151157375,12.919883859009644,-4.799213810190554
32.775000000000006,-70.33494373278205,0.026589098209651447,0.3591814784565236,0.4815446905602345,-0.09749846166893125,12.901871613797127,-4.784383119834615
32.8,-70.28537965592784,0.026747603584130277,0.36038672613325146,0.4804866603227274,-0.09954455513670199,12.883958059404442,-4.769513896778352
32.825,-70.23568950489724,0.026907438504540738,0.3615835241788817,0.4794359594414424,-0.10163431086529785,12.866145353103061,-4.754606851469171
32.85,-70.18587566173551,0.02706860750440419,0.3627718940512787,0.478392568689275,-0.10376862333528107,12.848435647400425,-4.739662698520652
32.875,-70.13594052176919,0.02723111501628089,0.36395185720829154,0.4773564688404237,-0.10594840235703032,12.830831089752621,-4.724682156530755
32.900000000000006,-70.0858864929938,0.027394965370046837,0.36512343510744116,0.47632764066877104,-0.10817457322248641,12.813333822283196,-4.709665947898138
32.925,-70.03571599545558,0.027560162791197076,0.36628664920560716,0.4753060649462839,-0.11044807685465953,12.795945981507577,-4.694614798636672
32.95,-69.98543146062705,0.02772671139917816,0.36744152095871924,0.47429172244143086,-0.11276986995478078,12.778669698063606,-4.6795294381881165
32.975,-69.9350353307774,0.027894615205748485,0.36858807182143993,0.47328459391762695,-0.11514092514692703,12.761507096448096,-4.664410599233219
33.0,-69.88453005833696,0.02806387811337114,0.36972632324685595,0.4722846601316939,-0.11756223112002538,12.744460294759676,-4.649259017501088
33.025000000000006,-69.83391810525728,0.028234503913639113,0.3708562966861653,0.47129190183234676,-0.12003479276708,12.727531404447465,-4.634075431577185
33.05,-69.78320194236578,0.028406496285734485,0.37197801358836474,0.4703062997587036,-0.12255963132148673,12.710722530066803,-4.6188605827097335
33.075,-69.73238404871609,0.028579858794924334,0.3730914953999431,0.4693278346388147,-0.12513778449031882,12.69403576904078,-4.603615214614825
33.1,-69.68146691093428,0.028754594891093156,0.37419676356456766,0.4683564871882236,-0.1277703065844221,12.677473211428717,-4.588340073280283
33.125,-69.63045302256079,0.028930707907315802,0.37529383952278017,0.4673922381085454,-0.13045826864522267,12.661036939701058,-4.573035906768236
33.150000000000006,-69.57934488338877,0.02910820105846999,0.3763827447116891,0.46643506808607577,-0.13320275856807795,12.6447290285211,-4.557703465016631
33.175,-69.5281449987991,0.029287077439891687,0.37746350056466377,0.4654849577904254,-0.1360048812220631,12.628551544533416,-4.542343499639732
33.2,-69.47685587909199,0.029467340026074824,0.3785361285110349,0.4645418878731779,-0.13886575856606276,12.61250654615904,-4.526956763727595
33.225,-69.42548003881598,0.02964899166941575,0.37960064997578946,0.4636058389665816,-0.1417865297610199,12.596596083397824,-4.5115440116447925
33.25,-69.37401999609422,0.029832035099005966,0.38065708637927476,0.4626767916822629,-0.14476835127824653,12.580822197637469,-4.4961059988282654
33.275000000000006,-69.3224782719485,0.030016472919472556,0.3817054591369005,0.46175472660997247,-0.1478123970036384,12.565186921469776,-4.480643481584549
33.3,-69.27085738962136,0.030202307609869486,0.3827457896588428,0.4608396243163608,-0.15091985833769378,12.549692278513996,-4.465157216886406
33.325,-69.2191598738963,0.030389541522621143,0.38377809934975443,0.4599314653437793,-0.15409194429121825,12.534340283247163,-4.44964796216889
33.35,-69.16738825041708,0.03057817688251821,0.38480240960847034,0.45903023020911926,-0.15732988157657118,12.51913294084168,-4.434116475125123
33.375,-69.11554504500526,0.030768215785769493,0.38581874182772274,0.45813589940267435,-0.16063491469437713,12.504072247010289,-4.418563513501579
33.400000000000006,-69.06363278297755,0.030959660199109913,0.3868271173938534,0.45724845338704,-0.16400830601556873,12.489160187858133,-4.402989834893265
33.425,-69.01165398846248,0.031152511958965973,0.3878275576865284,0.4563678725960438,-0.16745133585865268,12.474398739742034,-4.387396196538745
33.45,-68.95961118371672,0.0313467727706815,0.3888200840784594,0.45549413743370554,-0.17096530256211867,12.459789869137362,-4.3717833551150145
33.475,-68.90750688844184,0.031542444207802896,0.38980471793511945,0.45462722827323676,-0.17455152255185413,12.44533553251213,-4.356152066532553
33.5,-68.85534361910135,0.03173952771142804,0.3907814806144676,0.4537671254560677,-0.17821133040351905,12.431037676208364,-4.340503085730404
33.525000000000006,-68.80312388823843,0.031938024589617635,0.39175039346667173,0.4529138092909125,-0.18194607889974715,12.416898236331075,-4.3248371664715295
33.55,-68.75085020379504,0.03213793601687219,0.39271147783383226,0.4520672600528695,-0.18575713908211955,12.402919138644439,-4.309155061138512
33.575,-68.69852506843183,0.03233926303367484,0.3936647550497119,0.45122745798255276,-0.18964590029781656,12.389102298475647,-4.29345752052955
33.6,-68.64615097885043,0.03254200654610172,0.39461024643945947,0.4503943832852659,-0.19361377024087714,12.375449620625952,-4.277745293655128
33.625,-68.5937304251171,0.03274616732550113,0.3955479733193423,0.4495680161302059,-0.19766217498800517,12.361962999289295,-4.2620191275351305
33.650000000000006,-68.54126588998909,0.032951746008243,0.3964779569964747,0.4487483366497078,-0.2017925590288609,12.348644317978307,-4.246279766996727
33.675,-68.48875984824343,0.03315874309553845,0.39740021876854753,0.4479353249385257,-0.2060063852907643,12.335495449457843,-4.23052795447303
33.7,-68.43621476600858,0.03336715895333299,0.39831477992356223,0.44712896105314887,-0.2103051351578043,12.322518255685761,-4.214764429802572
33.725,-68.38363310009944,0.03357699381227141,0.3992216617395584,0.44632922501116107,-0.21469030848425716,12.309714587761418,-4.198989930029833
33.75,-68.33101729735576,0.03378824776773835,0.40012088548434777,0.4455360967906324,-0.21916342360233962,12.297086285881269,-4.183205189206727
33.775000000000006,-68.27836979398433,0.0340009207799733,0.4010124724152437,0.4447495563295542,-0.22372601732422615,12.2846351793021,-4.167410938195297
33.8,-68.22569301490549,0.03421501267426183,0.40189644377879075,0.4439695835253121,-0.22837964493833196,12.272363086311488,-4.151607904471646
33.825,-68.17298937310368,0.0344305231412047,0.40277282081049637,0.44319615823419556,-0.23312588019986685,12.260271814205716,-4.135796811931102
33.85,-68.1202612689831,0.034647451737063524,0.4036416247345551,0.4424292602709534,-0.23796631531561546,12.248363159275051,-4.1199783806949295
33.875,-68.06751108972809,0.03486579788418641,0.404502876763578,0.4416688694083826,-0.24290256092300833,12.23663890679614,-4.104153326918426
33.900000000000006,-68.01474120866881,0.035085560871512156,0.4053565980983154,0.440914965376962,-0.2479362460634541,12.22510083103193,-4.088322362600643
33.925,-67.96195398465264,0.035306739855154444,0.40620280992737834,0.44016752786452584,-0.2530690181499749,12.21375069523878,-4.072486195395791
33.95,-67.90915176142117,0.0355293338590677,0.40704153342695987,0.43942653651597546,-0.2583025429292073,12.202590251680604,-4.056645528426351
33.975,-67.85633686699362,0.03575334177579241,0.40787278976054836,0.43869197093303697,-0.26363850443774794,12.191621241650502,-4.040801060098084
34.0,-67.8035116130563,0.03597876236728366,0.4086966000786424,0.4379638106740553,-0.2690786049529769,12.180845395499306,-4.02495348391689
34.025000000000006,-67.75067829435902,0.03620559426582108,0.40951298551845866,0.43724203525383276,-0.27462456493836945,12.17026443267133,-4.009103488307706
34.05,-67.69783918811831,0.036433835975000745,0.4103219672036353,0.4365266241435092,-0.28027812298337607,12.159880061747211,-3.9932517564354924
34.075,-67.64499655342766,0.03666348587081117,0.4111235662439343,0.43581755677048056,-0.2860410357380017,12.149693980493655,-3.977398966028298
34.1,-67.59215263067557,0.03689454220279045,0.411917803734933,0.4351148125183652,-0.2919150778421004,12.139707875920319,-3.961545789202671
34.125,-67.53930964097086,0.037127003095268125,0.4127047007577149,0.4344183707270063,-0.2979020418495759,12.129923424343534,-3.9456928922912566
34.150000000000006,-67.48646978557609,0.037360866548689566,0.41348427837855267,0.4337282106925197,-0.30400373814754916,12.120342291456975,-3.9298409356728268
34.175,-67.43363524534928,0.037596130441023064,0.414256557648583,0.4330443116673839,-0.31022199487062363,12.11096613240909,-3.9139905736047833
34.2,-67.38080818019364,0.03783279252925197,0.4150215596034791,0.43236665286056897,-0.3165586578104464,12.101796591887354,-3.8981424540580916
34.225,-67.32799072851633,0.03807085045094755,0.4157793052631097,0.4316952134377128,-0.32301559032060756,12.092835304209334,-3.8822972185548976
34.25,-67.27518500669565,0.03831030172592706,0.4165298156311959,0.4310299725213344,-0.32959467321715896,12.084083893420381,-3.866455502008695
34.275000000000006,-67.22239310855755,0.038551143757993137,0.4172731116949568,0.430370909191092,-0.33629780467482956,12.075543973397897,-3.850617932567266
34.3,-67.16961710486125,0.03879337383675617,0.41800921442474576,0.4297180024840835,-0.3431269001191675,12.067217147962383,-3.834785131458373
34.325,-67.11685904279415,0.039036989139539596,0.4187381447736814,0.42907123139518577,-0.3500838921148205,12.059105010994768,-3.8189577128382437
34.35,-67.06412094547673,0.03928198673336509,0.4194599236772631,0.42843057487744046,-0.3571707302500799,12.051209146560414,-3.8031362836430187
34.375,-67.0114048114768,0.03952836357702116,0.42017457205298236,0.42779601184247684,-0.364389381018022,12.043531129039472,-3.787321443443038
34.400000000000006,-66.95871261433392,0.03977611652321086,0.42088211079991966,0.42716752116097906,-0.37174182769436853,12.036072523263647,-3.7715137843001756
34.425,-66.90604630209407,0.0400252423207801,0.4215825607983311,0.42654508166319444,-0.3792300702123635,12.028834884659217,-3.75571389062822
34.45,-66.85340779685423,0.040275737617026484,0.42227594290922604,0.4259286721394805,-0.3868561250349372,12.021819759396358,-3.739922339056268
34.475,-66.80079899431772,0.04052759896008464,0.4229622779739284,0.4253182713408973,-0.39462202502432175,12.01502868454483,-3.7241396982953145
34.5,-66.74822176335991,0.04078082280139176,0.4236415868136301,0.4247138579798357,-0.4025298193095231,12.008463188235506,-3.708366529007972
34.525000000000006,-66.69567794560467,0.041035405498229205,0.42431389022892924,0.4241154107306893,-0.41058157315183763,12.002124789828295,-3.6926033836814014
34.55,-66.6431693550116,0.04129134331633979,0.42497920899935465,0.42352290823056593,-0.4187793678087197,11.996015000086096,-3.6768508065034777
34.575,-66.590697777474,0.041548632432622246,0.42563756388288,0.42293632908003653,-0.42712530039638597,11.99013532135462,-3.6611093332422016
34.6,-66.5382649704283,0.041807268937897595,0.4262889756154191,0.4223556518439279,-0.4356214837513359,11.984487247748286,-3.64537949112849
34.625,-66.48587266247388,0.04206724883975048,0.426933464910311,0.4217808550521505,-0.4442700462912461,11.979072265342133,-3.629661798742164
34.650000000000006,-66.43352255300468,0.04232856806544207,0.4275710524577881,0.4212119172005669,-0.4530731318755062,11.973891852369357,-3.613956765901403
34.675,-66.3812163118517,0.04259122246489348,0.4282017589244286,0.42064881675189947,-0.4620328996657381,11.968947479424978,-3.5982648935555104
34.7,-66.3289555789368,0.04285520781374031,0.42882560495259564,0.4200915321366729,-0.4711515239867264,11.964240609675006,-3.5825866736810394
34.725,-66.27674196393802,0.04312051981645367,0.4294426111598568,0.41954004175419884,-0.48043119418800473,11.959772699071623,-3.5669225891814063
34.75,-66.22457704596599,0.04338715410953046,0.43005279813839054,0.4189943239735933,-0.48987411450661433,11.955545196573931,-3.551273113789796
34.775000000000006,-66.17246237325195,0.04365510626474858,0.430656186454374,0.4184543571348332,-0.49948250393132226,11.951559544374343,-3.5356387119755834
34.8,-66.12039946284712,0.04392437179248645,0.43125279664735316,0.417920119549849,-0.5092585960687114,11.947817178130768,-3.520019838854135
34.825,-66.06838980033326,0.044194946145106974,0.43184264922959825,0.4173915895036511,-0.5192046390116106,11.944319527204332,-3.504416940099979
34.85,-66.01643483954507,0.04446682472040146,0.43242576468543686,0.4168687452554948,-0.5293228952101586,11.94106801490265,-3.488830451863521
34.875,-65.96453600230353,0.04474000286509592,0.4330021634705729,0.41635156504007625,-0.539615641346069,11.938064058728639,-3.4732608006910595
34.900000000000006,-65.9126946781608,0.04501447587841457,0.43357186601138514,0.41584002706876505,-0.5500851682103912,11.935309070635023,-3.457708403448241
34.925,-65.86091222415646,0.04529023901570112,0.43413489270420613,0.41533410953086997,-0.5607337805852766,11.932804457284208,-3.4421736672469394
34.95,-65.8091899645848,0.04556728749209704,0.4346912639145846,0.41483379059493575,-0.5715637971302274,11.93055162031366,-3.4266569893754406
34.975,-65.7575291907736,0.04584561648627215,0.4352409999765249,0.41433904841007624,-0.5825775502731614,11.92855195660691,-3.4111587572320787
35.0,-65.70593116087375,0.046125221144209715,0.4357841211917094,0.4138498611073352,-0.5937773861068941,11.926806858569815,-3.3956793482621235
35.025000000000006,-65.65439709966003,0.04640609658304207,0.4363206478287001,0.41336620680108094,-0.6051656642914162,11.925317714412538,-3.380219129898009
35.05,-65.60292819834288,0.046688237894935265,0.4368506001221185,0.4128880635904317,-0.6167447579624372,11.924085908436833,-3.364778459502864
35.075,-65.55152561439078,0.04697164015102378,0.437373998271808,0.4124154095607083,-0.6285170536467845,11.923112821328791,-3.349357684317235
35.1,-65.50019047136367,0.04725629840538923,0.4378908624419712,0.4119482227849209,-0.6404849511849646,11.922399830457197,-3.3339571414091
35.125,-65.44892385875657,0.04754220769908609,0.43840121276029026,0.41148648132527965,-0.6526508636615627,11.921948310177239,-3.3185771576269714
35.150000000000006,-65.39772683185392,0.04782936306421001,0.43890506931702356,0.4110301632347369,-0.6650172173438667,11.92175963213981,-3.3032180495561745
35.175,-65.34660041159412,0.048117759528007585,0.43940245216408047,0.41057924655855593,-0.677586451629234,11.921835165606236,-3.2878801234782373
35.2,-65.29554558444404,0.04840739211702842,0.439893381314077,0.4101337093359054,-0.6903610190018191,11.92217627776869,-3.2725636753332124
35.225,-65.24456330228378,0.04869825586131304,0.4403778767393658,0.40969352960148264,-0.7033433849989599,11.922784334075986,-3.2572689906851338
35.25,-65.1936544823008,0.04899034579862111,0.4408559583710471,0.4092586853871594,-0.7165360281880094,11.9236606985652,-3.24199634469024
35.275000000000006,-65.14282000689398,0.04928365697869407,0.4413276460979555,0.4088291547236553,-0.7299414401539424,11.924806734198718,-3.2267460020681953
35.3,-65.09206072358683,0.04957818446755223,0.4417929597656243,0.40840491564223413,-0.7435621254983373,11.926223803207163,-3.2115182170760477
35.325,-65.04137744494977,0.049873923351826374,0.44225191917522866,0.4079859461764234,-0.7574006018503382,11.927913267437875,-3.196313233484932
35.35,-64.99077094853163,0.050170868743118956,0.4427045440825024,0.407572224363759,-0.7714593998899741,11.929876488709386,-3.18113128455949
35.375,-64.9402419767994,0.05046901578239781,0.44315085419663597,0.4071637282475494,-0.7857410633845822,11.9321148291716,-3.1659725930398195
35.400000000000006,-64.8897912370867,0.050768359644418136,0.4435908691791473,0.4067604358786637,-0.8002481492387502,11.934629651671976,-3.150837371126009
35.425,-64.83941940155042,0.05106889554217193,0.44402460864273113,0.4063623253173404,-0.8149832275583561,11.937422320127634,-3.1357258204651246
35.45,-64.78912710713496,0.05137061873136616,0.444452092150085,0.4059693746350152,-0.8299488817293821,11.940494199903636,-3.1206381321404875
35.475,-64.73891495554444,0.05167352451492391,0.4448733392127091,0.40558156191617106,-0.8451477085118514,11.943846658197414,-3.105574486663333
35.5,-64.68878351322203,0.05197760824751289,0.44528836928968496,0.4051988652602052,-0.8605823181497291,11.947481064429354,-3.0905350539666103
35.525000000000006,-64.63873331133628,0.05228286534009566,0.4456972017864279,0.404821262783316,-0.8762553344971301,11.951398790639908,-3.075519993400884
35.55,-64.58876484577435,0.05258929126450334,0.4460998560534157,0.40444873262040804,-0.8921693951615607,11.955601211893077,-3.0605294537323045
35.575,-64.53887857714135,0.052896881558032294,0.4464963513848934,0.40408125292701313,-0.9083271516647996,11.960089706686505,-3.045563573142404
35.6,-64.48907493076612,0.053205631828059416,0.44688670701755207,0.4037188018812306,-0.9247312696218337,11.964865657368295,-3.0306224792298364
35.625,-64.43935429671242,0.053515537756680776,0.44727094212918356,0.40336135768568154,-0.9413844289387274,11.96993045056068,-3.015706289013727
35.650000000000006,-64.3897170297956,0.053826595105368094,0.4476490758373104,0.4030088985694802,-0.9582893240297923,11.975285477590726,-3.0008151089386814
35.675,-64.3401634496045,0.05413879971964511,0.4480211271977888,0.40266140279022045,-0.975448664054796,11.980932134928027,-2.985949034881351
35.7,-64.29069384052761,0.05445214753378403,0.4483871152033889,0.4023188486359763,-0.9928651731768849,11.986871824629958,-2.9711081521582825
35.725,-64.241308451784,0.054766634575518176,0.44874705878234583,0.4019812144273179,-1.010541590841647,11.99310595479414,-2.956292535535198
35.75,-64.19200749745774,0.05508225697077549,0.4491009767968881,0.40164847851933994,-1.0284806720782396,11.999635940018765,-2.941502249237321
35.775000000000006,-64.14279115653615,0.05539901094842881,0.4494488880417377,0.4013206193037041,-1.0466851878230052,12.006463201870591,-2.926737346960844
35.8,-64.09365957295108,0.05571689284506437,0.4497908112425843,0.40099761521069494,-1.065157925266324,12.013589169361094,-2.9119978718853248
35.825,-64.04461285562267,0.0560358991097698,0.45012676505453375,0.40067944471128625,-1.0839016882234431,12.021015279430896,-2.8972838566868018
35.85,-63.995651078505965,0.05635602630893878,0.45045676806052753,0.40036608631922216,-1.102919297529792,12.028742977442423,-2.882595323551789
35.875,-63.946774280638735,0.056677271131096045,0.4507808387697373,0.40005751859310784,-1.1222135914616687,12.036773717681662,-2.86793228419162
35.900000000000006,-63.897982466191245,0.0569996303917411,0.45109899561593025,0.3997537201385122,-1.1417874261829033,12.045108963868477,-2.853294739857373
35.925,-63.84927560451687,0.057323101038211206,0.45141125695580697,0.3994546696100825,-1.1616436762181939,12.053750189676387,-2.8386826813550603
35.95,-63.80065363020307,0.057647680154566325,0.45171764106731216,0.39916034571366793,-1.1817852349540017,12.062698879261704,-2.8240960890609217
35.975,-63.752116443122866,0.05797336496649325,0.4520181661479145,0.3988707272084557,-1.2022150151675175,12.071956527802438,-2.8095349329368595
36.0,-63.703663908485495,0.05830015284623414,0.4523128503128598,0.39858579290911544,-1.2229359495847436,12.081524642047277,-2.7949991725456482
36.025000000000006,-63.655295856886546,0.05862804131753714,0.4526017115933936,0.39830552168795536,-1.243950991468274,12.091404740874928,-2.7804887570659638
36.05,-63.60701208435667,0.05895702806063179,0.45288476793495347,0.3980298924770873,-1.2652631152356566,12.101598355864098,-2.7660036253070004
36.075,-63.55881235240831,0.05928711091723145,0.45316203719533293,0.3977588842706013,-1.2868753171092382,12.112107031874567,-2.7515437057224927
36.1,-63.51069638808047,0.05961828789556139,0.45343353714281176,0.39749247612675104,-1.308790615798153,12.122932327639555,-2.7371089164241402
36.125,-63.4626638839802,0.05995055717541819,0.4536992854542574,0.39723064717014744,-1.3310120532135805,12.134075816369977,-2.7226991651940593
36.150000000000006,-63.41471449832112,0.060283917113259054,0.45395929971319315,0.39697337659396265,-1.3535426952179772,12.145539086370672,-2.708314349496335
36.175,-63.366847854957896,0.060618366247324244,0.45421359740783374,0.39672064366214344,-1.3763856324092758,12.157323741669272,-2.6939543564873687
36.2,-63.3190635434162,0.06095390330279628,0.454462195929089,0.3964724277116335,-1.3995439809411199,12.1694314026581,-2.6796190630248593
36.225,-63.271361118917994,0.061290527196994286,0.45470511256853174,0.3962287081546067,-1.423020883379847,12.18186370674933,-2.665308335675398
36.25,-63.223740102401024,0.06162823704461155,0.4549423645163329,0.3959894644807087,-1.4468195095996244,12.194622309044169,-2.651022030720307
36.275000000000006,-63.17619998053237,0.06196703216299423,0.4551739688591602,0.3957546762593091,-1.470943057716468,12.207708883016313,-2.6367599941597097
36.3,-63.12874020571539,0.06230691207746601,0.455399942578041,0.39552432314176417,-1.4953947550623699,12.221125121210289,-2.622522061714616
36.325,-63.081360196089186,0.06264787652670355,0.4556203025461885,0.3952983848636886,-1.5201778592007897,12.23487273595529,-2.6083080588267555
36.35,-63.03405933552061,0.06298992546816176,0.45583506552678926,0.39507684124723963,-1.545295658984398,12.248953460094754,-2.5941178006561825
36.375,-62.9868369735874,0.06333305908355724,0.4560442481707527,0.39485967220341056,-1.5707514756566159,12.263369047732713,-2.5799510920762203
36.400000000000006,-62.9396924255526,0.06367727778441025,0.4562478670144202,0.3946468577343363,-1.5965486639980189,12.278121274997016,-2.56580772766578
36.425,-62.8926249723291,0.06402258221765005,0.4564459384772334,0.3944383779356111,-1.6226906135189496,12.293211940820509,-2.5516874916987304
36.45,-62.845633860433765,0.06436897327128949,0.45663847885936076,0.3942342129986174,-1.6491807496998776,12.308642867740522,-2.5375901581301292
36.475,-62.798718301930776,0.06471645208016934,0.45682550433928004,0.3940343432128688,-1.6760225352806253,12.324415902717455,-2.5235154905792325
36.5,-62.75187747436311,0.0650650200317822,0.45700703097131734,0.3938387489683652,-1.703219471600361,12.340532917973137,-2.5094632423089336
36.525000000000006,-62.70511052067166,0.06541467877217602,0.4571830746831396,0.3936474107579626,-1.7307750999895384,12.356995811849853,-2.4954331562014977
36.55,-62.658416549101425,0.06576543021194478,0.45735365127320027,0.3934603091797576,-1.7586930032155954,12.373806509690477,-2.481424964730427
36.575,-62.61179463309365,0.06611727653231347,0.45751877640813604,0.39327742493948653,-1.786976806984253,12.390966964741004,-2.467438389928095
36.6,-62.56524381116376,0.06647022019131726,0.4576784656201134,0.39309873885294205,-1.8156301814977176,12.408479159075807,-2.453473143349128
36.625,-62.5187630867637,0.06682426393008808,0.4578327343041239,0.3929242318484057,-1.8446568430722348,12.426345104546932,-2.439528926029109
36.650000000000006,-62.47235142812836,0.06717941077924942,0.4579815977152253,0.392753884969099,-1.8740605558164802,12.44456684375813,-2.4256054284385087
36.675,-62.42600776810521,0.06753566406542746,0.45812507096572735,0.3925876793756538,-1.9038451333729602,12.46314645106459,-2.411702330431562
36.7,-62.379731003966,0.06789302741788766,0.4582631690223215,0.39242559634860175,-1.9340144407247095,12.482086033599531,-2.3978193011898
36.725,-62.33351999720031,0.06825150477529908,0.4583959067031498,0.39226761729088616,-1.9645723960691246,12.501387732328475,-2.3839559991600936
36.75,-62.28737357328941,0.06861110039263936,0.458523298674814,0.39211372373039505,-1.9955229727616957,12.521053723132516,-2.370112071986822
36.775000000000006,-62.24129052145996,0.0689718188482441,0.45864535944932083,0.3919638973225189,-2.026870201331736,12.541086217921677,-2.3562871564379875
36.8,-62.1952695944167,0.06933366505101037,0.45876210338096146,0.3918181198527327,-2.0586181715727947,12.561487465779333,-2.3424808783250097
36.825,-62.14930950805267,0.0696966442477643,0.4588735446631233,0.3916763732392042,-2.0907710347105555,12.582259754139399,-2.3286928524158
36.85,-62.10340894113673,0.07006076203079777,0.4589796973250309,0.39153863953543105,-2.123333005650671,12.60340540999708,-2.314922682341018
36.875,-62.05756653497672,0.07042602434558842,0.4590805752284142,0.39140490093290625,-2.1563083653099304,12.624926801154956,-2.3011699604930165
36.900000000000006,-62.01178089305758,0.07079243749870896,0.4591761920641008,0.39127513976381534,-2.189701463033499,12.646826337505642,-2.2874342679172748
36.925,-61.96605058065338,0.07116000816593715,0.4592665613485291,0.39114933850376654,-2.2235167191015996,12.669106472352482,-2.2737151741960138
36.95,-61.92037412441178,0.07152874340057873,0.4593516964201806,0.3910274797745549,-2.2577586273291734,12.691769703770033,-2.2600122373235334
36.975,-61.87475001191042,0.0718986506420106,0.45943161043592606,0.390909546346964,-2.2924317577617535,12.71481857600571,-2.2463250035731264
37.0,-61.82917669118338,0.07226973772446062,0.4595063163672849,0.390795521143606,-2.327540759471767,12.738255680924574,-2.232653007355013
37.025000000000006,-61.783652570216866,0.07264201288603193,0.4595758269965922,0.3906853872418017,-2.3630903634588147,12.762083659498815,-2.2189957710650594
37.05,-61.73817601641289,0.07301548477798656,0.45964015491307025,0.3905791278765051,-2.399085385658254,12.786305203343987,-2.205352804923868
37.075,-61.692745356019266,0.0733901624743026,0.4596993125088019,0.39047672644327197,-2.435530730062605,12.810923056303839,-2.1917236068057795
37.1,-61.647358873524986,0.07376605548151467,0.45975331197460045,0.39037816650127716,-2.4724313919599235,12.835940016085841,-2.1781076620574957
37.125,-61.60201481101918,0.07414317374885729,0.4598021652957722,0.39028343177638186,-2.5097924612945053,12.861358935949587,-2.1645044433057543
37.150000000000006,-61.55671136751241,0.07452152767872239,0.4598458842477684,0.390192506164254,-2.547619126154616,12.887182726450229,-2.150913410253724
37.175,-61.51144669821867,0.07490112813744784,0.4598844803917203,0.3901053737335448,-2.5859166763926953,12.913414357239391,-2.137334009465601
37.2,-61.46621891379631,0.07528198646645522,0.4599179650698544,0.390022018729124,-2.624690507383844,12.940056858926102,-2.1237656741388933
37.225,-61.42102607954667,0.07566411449374962,0.45994634940078116,0.38994242557537717,-2.663946123928076,12.967113325000044,-2.110207823864001
37.25,-61.375866214568006,0.07604752454580546,0.4599696442746536,0.38986657887956827,-2.7036891443031585,12.994586913820314,-2.0966598643704017
37.275000000000006,-61.330737290863496,0.07643222945985151,0.4599878603481889,0.3897944634352706,-2.7439253044740486,13.02248085067201,-2.0831211872590485
37.3,-61.28563723240105,0.07681824259657812,0.4600010080395488,0.3897260642258701,-2.784660462466189,13.050798429894073,-2.069591169720315
37.325,-61.240563914122916,0.07720557785328752,0.46000909752307123,0.3896613664281446,-2.8259006029099574,13.07954301708135,-2.0560691742368746
37.35,-61.195515160903334,0.07759424967750471,0.4600121387238482,0.3896003554159225,-2.8676518417635526,13.108718051364042,-2.0425545482709997
37.375,-61.150488746451565,0.07798427308107758,0.46001014131214285,0.3895430167638254,-2.9099204312230436,13.138327047768277,-2.029046623935469
37.400000000000006,-61.105482392158414,0.07837566365478474,0.460003114697639,0.3894893362510992,-2.9527127648275813,13.168373599661235,-2.0155447176475243
37.425,-61.06049376588361,0.07876843758347783,0.4599910680235156,0.3894392998655368,-2.996035382768984,13.198861381284662,-2.002048129765084
37.45,-61.015520480681566,0.0791626116617858,0.4599740101603393,0.3893928938074988,-3.0398949774153787,13.229794150380924,-1.9885561442044697
37.475,-60.97056009346304,0.07955820331040414,0.459951949699767,0.3893501044940358,-3.0842983990584623,13.2611757509156,-1.9750680280389126
37.5,-60.925610103589705,0.07995523059300258,0.45992489494804933,0.38931091856311784,-3.129252661895514,13.293010115901206,-1.9615830310769111
37.525000000000006,-60.88066795139884,0.08035371223377737,0.45989285391932794,0.3892753228779765,-3.174764950256917,13.325301270326706,-1.9481003854196521
37.55,-60.83573101665519,0.08075366763568087,0.45985583432871624,0.3892433045315648,-3.2208426250911493,13.358053334197558,-1.9346193049965563
37.575,-60.79079661692643,0.08115511689936253,0.4598138435851547,0.38921485085114105,-3.267493230719821,13.391270525691752,-1.9211389850779284
37.6,-60.74586200587953,0.08155808084285265,0.45976688878403094,0.38918994940298285,-3.3147245018756077,13.424957164436815,-1.9076586017638588
37.625,-60.70092437149367,0.08196258102202955,0.4597149766995533,0.3891685879972372,-3.362544371037455,13.459117674914042,-1.8941773114481009
37.650000000000006,-60.655980834186636,0.08236863975190412,0.459658113776868,0.389150754692914,-3.4109609760773414,13.493756589995508,-1.8806942502559905
37.675,-60.6110284448505,0.08277628012876412,0.459596306123908,0.3891364378030297,-3.459982668234403,13.52887855462049,-1.867208533455149
37.7,-60.566064182792296,0.08318552605322153,0.459529559502961,0.38912562589990846,-3.5096180204330514,13.56448832961798,-1.8537192548376886
37.725,-60.52108495357594,0.08359640225420267,0.4594578793219446,0.3891183078206485,-3.559875835961958,13.600590795681995,-1.8402254860727807
37.75,-60.47608758675995,0.08400893431393393,0.4593812706253751,0.38911447267276206,-3.6107651575331294,13.637190957507734,-1.8267262760279854
37.775000000000006,-60.43106883352695,0.08442314869396694,0.4592997380850162,0.3891141098399971,-3.6622952767399606,13.67429394809583,-1.813220650058085
37.8,-60.38602536419936,0.08483907276229763,0.45921328599019184,0.38911720898835006,-3.7144757439353047,13.711905033233322,-1.7997076092598085
37.825,-60.340953765636044,0.08525673482163408,0.4591219182377497,0.3891237600722785,-3.767316378551604,13.750029616160065,-1.786186129690813
37.85,-60.29585053850437,0.08567616413886729,0.45902563832165755,0.3891337533411242,-3.82082727988588,13.78867324242962,-1.7726551615513102
37.875,-60.250712094421445,0.08609739097581004,0.4589244493222154,0.38914717934575666,-3.8750188383748743,13.827841604974664,-1.7591136283264333
37.900000000000006,-60.20553475295838,0.08652044662126362,0.4588183538948671,0.3891640289454472,-3.9299017473860096,13.867540549386975,-1.7455604258875133
37.925,-60.16031473850092,0.08694536342448175,0.4587073542585907,0.3891842933149869,-3.985487015552164,13.907776079423037,-1.7319944215502765
37.95,-60.11504817695905,0.08737217483010365,0.4585914521838487,0.389207963952058,-4.041785979679903,13.948554362746904,-1.7184144530877148
37.975,-60.0697310923187,0.08780091541462784,0.458470648980077,0.3892350326848736,-4.09881031826202,13.989881736922095,-1.7048193276956092
38.0,-60.02435940302688,0.08823162092451026,0.45834494548269045,0.38926549168009716,-4.1565720656282075,14.031764715666093,-1.6912078209080632
38.025000000000006,-59.9789289182025,0.08866432831596784,0.4582143420395823,0.3892993334510573,-4.215083626768941,14.074209995380585,-1.6775786754607493
38.05,-59.933435333663724,0.08909907579657564,0.45807883849709224,0.389336550866271,-4.274357792870046,14.117224461972096,-1.663930600099117
38.075,-59.8878742277623,0.08953590286875514,0.4579384341854177,0.38937713715829253,-4.334407757598558,14.160815197978634,-1.6502622683286907
38.1,-59.84224105701534,0.08997485037524637,0.45779312790344157,0.3894210859329023,-4.395247134181527,14.204989490018104,-1.6365723171046027
38.125,-59.79653115152344,0.09041596054667586,0.4576429179029467,0.3894683911786553,-4.456889973324099,14.24975483657644,-1.6228593454570315
38.150000000000006,-59.75073971016439,0.09085927705132653,0.45748780187218785,0.3895190472768047,-4.519350782014478,14.295118956153122,-1.6091219130493164
38.175,-59.70486179555036,0.09130484504722881,0.4573277769187883,0.3895730490116219,-4.582644543267403,14.341089795783972,-1.595358538665107
38.2,-59.65889232873573,0.0917527112367002,0.45716283955192716,0.3896303915811319,-4.64678673686139,14.387675539961906,-1.5815676986207194
38.225,-59.61282608366273,0.09220292392346008,0.4569929856637835,0.38969107060828584,-4.711793361127456,14.434884619977161,-1.5677478250988195
38.25,-59.56665768132988,0.09265553307246689,0.4568182105101965,0.38975508215259297,-4.777680955852718,14.482725723700955,-1.5538973043989635
38.275000000000006,-59.5203815836686,0.09311059037262193,0.4566385086905037,0.38982242272223633,-4.8444666263648575,14.531207805836983,-1.5400144751005804
38.3,-59.47399208711181,0.0935681493024992,0.4564538741265153,0.3898930892866965,-4.912168068868847,14.580340098667191,-1.5260976261335428
38.325,-59.42748331583685,0.09402826519927214,0.45626430004057716,0.3899670792899111,-4.980803597112415,14.630132123320381,-1.5121449947510555
38.35,-59.38084921466533,0.09449099533101048,0.4560697789326793,0.39004439066399627,-5.050392170460848,14.680593701592743,-1.4981547643995994
38.375,-59.33408354159949,0.09495639897254388,0.45587030255655475,0.39012502184356307,-5.1209534234691265,14.73173496835331,-1.484125062479847
38.400000000000006,-59.28717985997501,0.09542453748508908,0.4556658618947192,0.3902089717806566,-5.192507697043797,14.783566384567383,-1.4700539579925034
38.425,-59.24013153020796,0.09589547439985847,0.45545644713239347,0.3902962399603541,-5.265076071294717,14.83609875097472,-1.4559394590623882
38.45,-59.19293170111201,0.09636927550588008,0.45524204763024806,0.3903868264170566,-5.338680400183765,14.889343222461285,-1.4417795103336026
38.475,-59.14557330076129,0.0968460089422692,0.45502265189590835,0.39048073175151027,-5.413343348084472,14.943311323165318,-1.4275719902283874
38.5,-59.09804902687146,0.09732574529521754,0.4547982475541496,0.39057795714860044,-5.489088428376375,14.998014962362689,-1.413314708061437
38.525000000000006,-59.050351336670616,0.09780855769997257,0.4545688213157132,0.390678504395957,-5.565940044205344,15.053466451177995,-1.3990054010011845
38.55,-59.00247243622935,0.09829452194810556,0.4543343589446655,0.3907823759034189,-5.643923531551803,15.10967852017226,-1.384641730868804
38.575,-58.95440426921674,0.09878371660038582,0.4540948452242181,0.3908895747234038,-5.723065204759402,15.166664337861285,-1.3702212807650211
38.6,-58.9061385050479,0.09927622310559456,0.453850263920925,0.39100010457223466,-5.803392404687062,15.224437530222017,-1.3557415515143696
38.625,-58.8576665263846,0.09977212592564513,0.45360059774716127,0.3911139698524763,-5.8849335496613975,15.283012201249436,-1.3411999579153793
38.650000000000006,-58.80897941594948,0.10027151266739082,0.4533458283217879,0.3912311756763406,-5.967718189418274,15.342402954629842,-1.326593824784844
38.675,-58.76006794261028,0.10077447422153514,0.4530859361288974,0.3913517278902197,-6.051777062238003,15.40262491660189,-1.311920382783083
38.7,-58.71092254668771,0.10128110490908912,0.4528209004745265,0.39147563310041505,-6.137142155494518,15.46369376008197,-1.2971767640063134
38.725,-58.661533324437926,0.10179150263584244,0.45255069944122084,0.3916028987001281,-6.223846769854794,15.525625730135195,-1.2823599973313775
38.75,-58.61189001165545,0.10230576905536488,0.45227530984031994,0.3917335328977906,-6.311925587386072,15.58843767088108,-1.267467003496634
38.775000000000006,-58.56198196633997,0.10282400974107475,0.45199470716183,0.3918675447468112,-6.401414743846145,15.652147053927806,-1.252494589901991
38.8,-58.51179815036526,0.10334633436796173,0.45170886552173767,0.3920049441768223,-6.49235190545623,15.716772008437102,-1.2374394451095774
38.825,-58.46132711008366,0.10387285690459266,0.45141775760660835,0.39214574202652064,-6.584776350479817,15.782331352929948,-1.2222981330250973
38.85,-58.41055695579564,0.10440369581606797,0.45112135461530584,0.39228995007819306,-6.678729055956282,15.848844628950093,-1.2070670867386923
38.875,-58.359475340006924,0.10493897427866054,0.4508196261976507,0.392437581094036,-6.774252789969388,15.916332136713976,-1.191742602002077
38.900000000000006,-58.30806943439098,0.10547882040690953,0.4505125403898299,0.3925886488543743,-6.871392209860014,15.984814972883258,-1.1763208303172938
38.925,-58.256325905367646,0.10602336749400965,0.4502000635463514,0.39274316819790134,-6.9701939668287345,16.0543150706088,-1.1607977716102937
38.95,-58.20423088820142,0.10657275426640113,0.44988216026832234,0.3929011550640652,-7.070706817411865,16.1248552420061,-1.1451692664604265
38.975,-58.151769959516,0.10712712515352726,0.4495587933278185,0.3930626265377365,-7.172981742354676,16.19645922323466,-1.1294309878548006
39.0,-58.09892810811223,0.10768663057381678,0.44922992358808606,0.39322760089630626,-7.277072073453792,16.269151722369436,-1.1135784324336697
39.025000000000006,-58.04568970396857,0.10825142723801677,0.448895509919307,0.3933960976593672,-7.383033628988228,16.342958470265923,-1.0976069111905709
39.05,-57.99203846529243,0.10882167847110241,0.44855550910963227,0.3935681376411493,-7.490924858415395,16.417906274639027,-1.0815115395877293
39.075,-57.93795742347998,0.109397554554087,0.44820987577116556,0.39374374300588977,-7.600806997068979,16.49402307759372,-1.0652872270439935
39.1,-57.883428885830774,0.10997923308715675,0.44785856224055914,0.39392293732633193,-7.7127442316608255,16.571338016864996,-1.048928665749232
39.125,-57.82843439584918,0.11056689937568406,0.4475015184738506,0.3941057456455638,-7.826803877464892,16.64988149104856,-1.0324303187547534
39.150000000000006,-57.77295469095162,0.11116074684079078,0.4471386919351454,0.39429219454242137,-7.943056568140269,16.729685229126197,-1.0157864072854863
39.175,-57.71696965738235,0.11176097745627953,0.44677002747871614,0.3944823122007017,-8.061576459241145,16.810782364617545,-0.9989908972147048
39.2,-57.66045828212278,0.1123678022139071,0.44639546722405143,0.39467612848244865,-8.182441446560695,16.893207514719766,-0.9820374846368345
39.225,-57.6033986015619,0.11298144161913325,0.4460149504233575,0.39487367500559495,-8.305733400563867,16.97699686482724,-0.9649195804685696
39.25,-57.54576764667273,0.11360212621967855,0.44562841332096237,0.39507498522626966,-8.43153841828808,17.062188258861507,-0.9476302940018186
39.275000000000006,-57.48754138441833,0.11423009716941354,0.44523578900403776,0.3952800945261027,-8.559947094222496,17.148821295878882,-0.9301624153254984
39.3,-57.42869465508497,0.11486560683033367,0.44483700724399633,0.3954890403048865,-8.69105481182764,17.236937433467563,-0.9125083965254901
39.325,-57.36920110521213,0.11550891941562166,0.4444319943278691,0.3957018620789877,-8.824962057523111,17.326580098494357,-0.894660331563638
39.35,-57.30903311575902,0.11616031167705823,0.44402067287891034,0.39591860158592834,-8.961774759153469,17.417794805812676,-0.8766099347277062
39.375,-57.24816172511228,0.11682007364035965,0.44360296166560337,0.39613930289560173,-9.10160465115168,17.51062928560452,-0.8583485175336847
39.400000000000006,-57.18655654650304,0.11748850939232919,0.4431787753981765,0.3963640125286188,-9.244569668844358,17.60513362009183,-0.8398669639509123
39.425,-57.1241856793593,0.11816593792408805,0.4427480245116512,0.3965927795823312,-9.390794374601926,17.701360390426704,-0.8211557038077899
39.45,-57.06101561407328,0.11885269403504996,0.44231061493435503,0.396825655865123,-9.540410418821839,17.799364834649815,-0.8022046842219829
39.475,-56.99701112961322,0.1195491293027389,0.44186644784074164,0.3970626960396151,-9.693557039050857,17.899205017694726,-0.7830033388839659
39.5,-56.93213518335073,0.12025561312406137,0.44141541938723794,0.39730395777548955,-9.850381600914748,18.00094201451751,-0.7635405550052191
39.525000000000006,-56.866348792412715,0.12097253383417099,0.4409574204297309,0.3975495019126995,-10.011040184921375,18.10464010753976,-0.7438046377238144
39.55,-56.79961090579587,0.12170029990968365,0.44049233622116407,0.39779939263590774,-10.17569822365771,18.21036699971873,-0.7237832717387619
39.575,-56.73187826640263,0.12243934126367516,0.4400200460875674,0.3980536976610743,-10.344531194408967,18.31819404469687,-0.7034634799207893
39.6,-56.6631052620709,0.12319011064063352,0.4395404230806828,0.39831248843519884,-10.517725372797818,18.42819649563671,-0.6828315786212699
39.625,-56.593243764569706,0.12395308512039398,0.4390533336051562,0.39857584035032784,-10.69547865369146,18.540453774524206,-0.6618731293709118
39.650000000000006,-56.5222429554248,0.12472876774100042,0.43855863701806863,0.3988438329730367,-10.878001446349064,18.655049763915823,-0.6405728866274402
39.675,-56.45004913731377,0.12551768925149084,0.4380561851983478,0.3991165502907244,-11.065517651609616,18.772073123326667,-0.6189147411941306
39.7,-56.37660552963145,0.1263204100067737,0.4375458220833413,0.3993940809761909,-11.25826572985509,18.89161763270463,-0.5968816588894341
39.725,-56.301852046672316,0.12713752201805542,0.43702738316955597,0.39967651867211335,-11.456499869541265,19.01378256571228,-0.5744556140016946
39.75,-56.225725056698785,0.12796965117376785,0.43650069497423405,0.3999639622972136,-11.66049126729889,19.138673095857552,-0.5516175170096353
39.775000000000006,-56.14815711996883,0.12881745964756947,0.4359655744540863,0.40025651637608656,-11.870529531975032,19.26640073886718,-0.5283471359906485
39.8,-56.06907670357176,0.12968164851186015,0.43542182837709065,0.40055429139487797,-12.086924226552023,19.39708383510378,-0.5046230110715278
39.825,-55.98840787066842,0.1305629605773368,0.4348692526428066,0.4008574041852306,-12.310006563668699,19.530848076285682,-0.48042236120052517
39.85,-55.90606994144708,0.13146218348145533,0.43430763154614704,0.40116597833918355,-12.54013127250943,19.66782708128932,-0.4557209824341235
39.875,-55.821977122779735,0.13238015305134843,0.43373673697895193,0.40148014465801113,-12.777678657175764,19.808163026410725,-0.43049313683392043
39.900000000000006,-55.7360381031964,0.13331775696973205,0.43315632756306205,0.4018000416383177,-13.023056869339936,19.952007336137946,-0.40471143095891976
39.925,-55.648155609373774,0.13427593877575894,0.43256614770783003,0.4021258159990902,-13.27670442107846,20.099521441263388,-0.37834668281213196
39.95,-55.558225919855374,0.13525570223664626,0.43196592658415617,0.40245762325383794,-13.539092967350872,20.250877612052506,-0.3513677759566121
39.975,-55.46613833117428,0.13625811613029007,0.4313553770061723,0.4027956283324323,-13.81073039170362,20.4062598752022,-0.3237414993522833
40.0,-55.37177457092093,0.13728431948411426,0.43073419421057574,0.40314000625781915,-14.092164233551093,20.565865024496485,-0.2954323712762779
40.025000000000006,-55.275008151582114,0.13833552732109355,0.4301020545223622,0.4034909428833971,-14.383985500903853,20.729903736413252,-0.26640244547463393
40.05,-55.175703658150894,0.13941303697043703,0.42945861389424866,0.40384863569757584,-14.686832918836256,20.898601803495,-0.2366110974452681
40.075,-55.07371596155679,0.14051823500789978,0.42880350630540837,0.4042132947028478,-15.001397671458019,21.072201500099887,-0.20601478846703783
40.1,-54.968889348871585,0.141652604899252,0.4281363420032357,0.4045851433776341,-15.328428703867175,21.250963097235484,-0.1745668046614753
40.125,-54.8610565599771,0.142817735430319,0.42745670556962984,0.4049644197302505,-15.66873866076232,21.43516654561119,-0.14221696799313008
40.150000000000006,-54.7500377189171,0.14401533001833283,0.42676415379075117,0.4053513774555582,-16.023210550331463,21.625113348869625,-0.10891131567512957
40.175,-54.63563914645168,0.1452472170124436,0.426058213306232,0.40574628720629363,-16.39280523607032,21.82112865226346,-0.07459174393550398
40.2,-54.517652038352246,0.14651536110638191,0.42533837801039037,0.406149437992703,-16.77856987570702,22.023563575910767,-0.03919561150567361
40.225,-54.39585099166844,0.147821876003778,0.4246041061740038,0.40656113872599925,-17.181647445904513,22.232797826296803,-0.002655297500531617
40.25,-54.26999235849825,0.14916903849703098,0.42385481725051793,0.40698171992336135,-17.603287514495296,22.449242625033882,0.03510229245052514
40.275000000000006,-54.13981240363609,0.15055930414427265,0.42308988832511935,0.40741153559473786,-18.044858449364042,22.673344000184713,0.07415627890917235
40.3,-54.00502523876275,0.15199532475659627,0.4223086501586879,0.4078509653346936,-18.507861285648783,22.905586492908604,0.11459242837117571
40.325,-53.865320501475736,0.1534799679399854,0.42151038277110736,0.4083004166460102,-18.993945511743693,23.146497341030226,0.15650384955727928
40.35,-53.720360742310206,0.15501633897413852,0.42069431049954076,0.4087603275258081,-19.50492708098172,23.396651211645043,0.19999177730693843
40.375,-53.56977847680442,0.15660780535477523,0.4198595964567462,0.40923116934974324,-20.042809011514162,23.656675567434128,0.24516645695867323
40.400000000000006,-53.41317285244193,0.15825802437816286,0.41900533630206377,0.4097134500954377,-20.609805003764734,23.927256766382023,0.29214814426742064
40.425,-53.250105871708364,0.1599709742081824,0.41813055122286363,0.4102077179529479,-21.20836658545731,24.209147012641427,0.341068238487491
40.45,-53.080098102255995,0.1617509889390345,0.4172341800065553,0.4107145653779333,-21.841214391672853,24.5031722980337,0.39207056932320156
40.475,-52.902623792923954,0.16360279825292606,0.4163150700621057,0.4112346336525136,-22.51137430553576,24.810241499956476,0.44531286212281385
40.5,-52.71710529967322,0.16553157237461802,0.4153719672245916,0.41176861802993797,-23.222219328801547,25.13135683336912,0.5009684100980337
40.525000000000006,-52.522906707846445,0.1675429731467593,0.4144035041457667,0.41231727355246833,-23.97751822677176,25.46762589334532,0.5592279876460665
40.55,-52.31932651587654,0.169643212195739,0.4134081870367098,0.41288142164782266,-24.78149220617326,25.82027557213104,0.6203020452370381
40.575,-52.105589219836425,0.17183911733229146,0.41238438048395987,0.41346195762869437,-25.63888114731522,26.19066819283819,0.6844232340490727
40.6,-51.88083560703071,0.17413820854043718,0.41133029000635285,0.4140598592429881,-26.55502123482955,26.580320273547706,0.7518493178907867
40.625,-51.64411152890152,0.17654878516021863,0.41024394195379255,0.41467619645043907,-27.535936229571774,26.990924424172213,0.8228665413295445
40.650000000000006,-51.3943548773001,0.17908002617319113,0.4091231602687777,0.4153121426353014,-28.588445116508296,27.424374988340386,0.8977935368099693
40.675,-51.13038043168151,0.18174210586634046,0.40796553953320736,0.415968987506286,-29.72028947332814,27.882798179555,0.9769858704955474
40.7,-50.85086217557568,0.18454632759388348,0.4067684136027172,0.4166481519856756,-30.94028466172382,28.36858763230287,1.0608413473272968
40.725,-50.5543125957278,0.18750527889435173,0.4055288189835383,0.4173512054518078,-32.25849988495475,28.88444650422176,1.1498062212816598
40.75,-50.23905837277976,0.1906330118734341,0.4042434519265129,0.41807988577580946,-33.68647332787042,29.43343753733988,1.2443824881660723
40.775000000000006,-49.90321174361165,0.19394525355625525,0.4029086179924617,0.41883612268813875,-35.23747005632979,30.01904283102381,1.3451364769165053
40.8,-49.544636656674115,0.19745965187656025,0.40152017257443434,0.4196220651277925,-36.92679217224846,30.64523551796418,1.4527090029977656
40.825,-49.16090864578113,0.20119606414024965,0.4000734505369767,0.42044011337268783,-38.772152982715326,31.316566095278237,1.5678274062656619
40.85,-48.74926710642432,0.20517689621804377,0.39856318274237845,0.42129295693099067,-40.79412974539912,32.038266882489786,1.6913198680727042
40.875,-48.306558361725266,0.2094275024327599,0.3969833967734712,0.4221836193991518,-43.01671300794516,32.81637900541039,1.8241324914824204
40.900000000000006,-47.82916754139925,0.21397665815804928,0.3953272986337071,0.4231155117743006,-45.4679747786823,33.657907503817974,1.967349737580225
40.925,-47.312936854509196,0.2188571195810483,0.3935871316245527,0.42409249606023436,-48.18088284493179,34.57101171570907,2.122218943647241
40.95,-46.75306730409252,0.22410628792756512,0.39175400801439,0.4251189614438594,-51.19429452996037,35.56524011230769,2.2901798087722445
40.975,-46.144000261502256,0.2297669986914378,0.38981770862524623,0.42619991586136596,-54.554169949345614,36.65182138974866,2.472899921549323
41.0,-45.47927459280785,0.23588845995323754,0.38776644528017534,0.4273410964407918,-58.315052008703425,37.84402705015224,2.672317622157646
41.025000000000006,-44.75135423202486,0.24252736746118697,0.3855865815661644,0.4285491031184777,-62.54186704812783,39.15762515870358,2.890693730392542
41.05,-43.951420290057776,0.24974922723020643,0.3832623092877953,0.429831560692407,-67.31210424724952,40.611450725788444,3.1306739129826675
41.075,-43.06912111362327,0.25762991791838324,0.380775282575204,0.4311973156870984,-72.7184299108751,42.22812555372193,3.3953636659130195
41.1,-42.092273440941284,0.26625752316707313,0.3781042210213542,0.4326566756121068,-78.87177763891124,44.03496972360949,3.6884179677176148
41.125,-41.006508455491854,0.2757344548571172,0.37522451100097853,0.4342216993658685,-85.90491479196857,46.06515839313644,4.014147463352444
41.150000000000006,-39.7948590402245,0.28617986557339464,0.37210786595780115,0.43590654838015735,-93.97639815398338,48.3591911154266,4.377642287932649
41.175,-38.43729049222977,0.29773230180777316,0.3687221596337228,0.4377279080532482,-103.27466105279547,50.966755565962295,4.784912852331069
41.2,-36.910189099078366,0.3105524608985681,0.36503162968220476,0.43970548704449425,-114.02166104216896,53.949080769685004,5.24304327027649
41.225,-35.18584579076218,0.3248257563026541,0.36099776730490213,0.4418625962907645,-126.47496754283449,57.381880611198405,5.760346262771346
41.25,-33.232012709160344,0.3407641254795355,0.3565813470256658,0.4442267971659224,-140.926240495031,61.358973923934066,6.346496187251897
41.275000000000006,-31.01167986356403,0.35860607589444743,0.35174614593878056,0.44683058439832557,-157.69254496110727,65.99660785097154,7.012596040930791
41.3,-28.48333252579428,0.37861329708062935,0.3464647984013615,0.44971202759616347,-177.09462703855715,71.43835983440464,7.771100242261715
41.325,-25.602126579379835,0.40106124651584046,0.3407266702793262,0.4529152274061397,-199.4130081236011,77.86016870873374,8.63546202618605
41.35,-22.322672356889907,0.42622005943642666,0.3345463898611888,0.4564903412952088,-224.8090108911403,85.47441805139748,9.619298292933026
41.375,-18.604424788514535,0.454321392964482,0.32796997311122145,0.46049280035041146,-253.19610433218472,94.53090586142173,10.73477256344564
41.400000000000006,-14.420898587231873,0.4855074671523674,0.3210745285425391,0.46498119571945273,-284.05446436683127,105.31091431414798,11.989830423830437
41.425,-9.773661008255427,0.5197624116349457,0.3139591078720893,0.47001323300474757,-316.212326269283,118.10881270174039,13.38400169752337
41.45,-4.710550048829441,0.5568348526559841,0.3067286927403534,0.47563928188343346,-347.68500559185793,133.19510973129513,14.902934985351168
41.475,0.6559227387548692,0.5961738336469371,0.2994776191630837,0.4818935945088207,-375.75033988504066,150.7584624396523,16.51287682162646
41.5,6.138944649290155,0.6369112630879491,0.29227894852276576,0.4887843644581824,-397.46111489106124,170.83475454074213,18.157783394787046
41.525000000000006,11.488314405733387,0.6779212728266919,0.28518214306867135,0.49628521852950147,-410.6141278916331,193.24745549231474,19.762594321720016
41.55,16.428611747621126,0.7179617009636389,0.27821681476911175,0.5043316372823878,-414.79905118836433,217.59416625055772,21.244683524286334
41.575,20.716656675305547,0.7558632947332531,0.2713986564031263,0.5128250384854363,-411.850281569087,243.3032920874398,22.53109700259166
41.6,24.194924866515116,0.7907035352676945,0.26473476049029737,0.5216444722281645,-405.26433424611326,269.7488932317682,23.574577459954536
41.625,26.81629812564716,0.8219075070809382,0.25822733104710965,0.5306624625870869,-398.87340229424404,296.3749623673433,24.360989437694148
41.650000000000006,28.632076003704448,0.8492555266512889,0.2518759244867102,0.5397598590035059,-395.5900678897737,322.77556551681835,24.90572280111133
41.675,29.755628620179433,0.8728187365575152,0.24567869626959168,0.5488357414987693,-396.84893786948743,348.70873518413094,25.24278858605383
41.7,30.32228392411517,0.8928635348050296,0.23963306964746597,0.5578112638432069,-402.77077094654544,374.0602207883211,25.41278517723455
41.725,30.46006150706953,0.9097600886213014,0.23373609326442904,0.5666287339100184,-412.6775657916563,398.78972625447705,25.454118452120856
41.75,30.275118297692828,0.9239130161494055,0.22798463604353225,0.5752481380709482,-425.59301410299975,422.8851058925799,25.398635489307846
41.775000000000006,29.84857855640932,0.9357172871928673,0.2223754966260242,0.5836429851413389,-440.5627984208987,446.3343689744563,25.270673566922795
41.8,29.239507296976875,0.9455345885267316,0.21690546673703676,0.5917965577283888,-456.7953362549691,469.11388491513867,25.087952189093063
41.825,28.489944540520835,0.9536834972181959,0.21157136877681565,0.5996989755245081,-473.68810011543434,491.18691907358885,24.86308336215625
41.85,27.629768481234198,0.9604378085517348,0.20637007847716116,0.6073450752180821,-490.8018585143363,512.5070244064977,24.60503054437026
41.875,26.680548936226433,0.9660291150028829,0.2012985386789757,0.6147329498716708,-507.82121289328995,533.0227638932192,24.32026468086793
41.900000000000006,25.65829995065324,0.9706512548780032,0.19635376775482558,0.6218629645999948,-524.5187925604338,552.6820253607721,24.013589985195974
41.925,24.575330701268687,0.97446530437752,0.19153286478471965,0.6287370952128953,-540.7281827531622,571.4353233817751,23.688699210380605
41.95,23.441447295233008,0.9776044355624552,0.18683301276528033,0.6353584785194475,-556.3252322330303,589.2380473431764,23.3485341885699
41.975,22.264719518543572,0.9801783323057293,0.18225148063461802,0.6417310994873455,-571.2157412280408,606.0518295862464,22.99551585556307
42.0,21.051967920668993,0.9822770551413676,0.1777856245918116,0.6478595671130047,-585.3275040684437,621.8452498562636,22.631690376200698
42.025,19.80907532952809,0.9839743470169696,0.17343288900442363,0.653748948693005,-598.6051483078074,636.5940669232886,22.258822598858426
42.050000000000004,18.541189423572987,0.9853304194440098,0.16919080708350512,0.6594046435452251,-611.0067085400085,650.2811258214674,21.878456827071897
42.075,17.25285792263003,0.9863942775695622,0.16505700143535726,0.664832284267906,-622.5012580587422,662.8960497175427,21.491957376789006
42.1,15.948121982167002,0.987205647115668,0.16102918455552423,0.6700376579352852,-633.0671838506003,674.4347944862039,21.1005365946501
42.125,14.63058345951183,0.9877965634332928,0.1571051593027803,0.6750266422629809,-642.690857365827,684.8991214737117,20.705275037853546
42.15,13.30345564712722,0.9881926770822326,0.15328281937273092,0.6798051533971534,-651.3655555649611,694.2960278718256,20.307136694138165
42.175000000000004,11.969603365330212,0.9884143234620394,0.14956014977837187,0.6843791029918174,-659.0905475789747,702.6371627438008,19.906981009599065
42.2,10.631576047476464,0.9884773971402815,0.14593522733611772,0.688754362880718,-665.8702979850042,709.9382485901954,19.505572814242942
42.225,9.291636066529662,0.988394065156908,0.14240622114899298,0.69293673606836,-671.7137583292889,716.2185223963714,19.1035908199589
42.25,7.951783699632312,0.988173347933224,0.13897139307307535,0.6969319330452609,-676.6337302980304,721.5002056875962,18.701635109889693
42.275,6.61377959982472,0.9878215915300929,0.13562909814820295,0.7007455526272366,-680.6462905283261,725.808009788499,18.300233879947413
42.300000000000004,5.2791653163831525,0.9873428508517916,0.13237778496919522,0.7043830666586528,-683.770270639634,729.1686799488061,17.899849594914944
42.325,3.949282201228459,0.986739199911756,0.12921599596910652,0.7078498080243272,-686.0267879294404,731.6105800602245,17.500884660368538
42.35,2.625288911697182,0.9860109823827482,0.12614236758122488,0.7111509614958734,-687.4388230649724,733.1633182118392,17.103686673509156
42.375,1.308177640676169,0.9851570132639925,0.12315563024169589,0.714291557003041,-688.0308414549443,733.8574122129914,16.70855329220285
42.4,-0.0012108445478644647,0.9841747405336959,0.12025460818973219,0.7172764649737327,-687.8284550574859,733.723993376949,16.31573674663564
42.425000000000004,-1.3021733052107631,0.9830603740472461,0.11743821901760457,0.7201103934307851,-686.8581213261207,732.7945462422048,15.92544800843677
42.45,-2.5941312436674644,0.9818089876263781,0.11470547291824537,0.7227978865707138,-685.1468758442855,731.1006814987632,15.53786062689976
42.475,-3.8766192169850493,0.9804145992158777,0.11205547157431292,0.7253433245829871,-682.7220952211806,728.6739390020938,15.153114234904486
42.5,-5.149274236830881,0.9788702331022028,0.10948740663027466,0.7277509244933849,-679.611286501467,725.545617713793,14.771317728950734
42.525,-6.411826266438382,0.9771679674768368,0.10700055768765096,0.7300247418408078,-675.8418995323036,721.7466291458968,14.392552120068485
42.550000000000004,-7.664089821975944,0.9752989700306957,0.10459428976504397,0.7321686730151833,-671.4411585688212,717.3073709410857,14.016873053407217
42.575,-8.905956695751573,0.9732535237725843,0.10226805016875101,0.7341864581013484,-666.4359094893632,712.2576172019981,13.644312991274528
42.6,-10.137389824142508,0.971021044844441,0.10002136472777066,0.7360816840877423,-660.852479077905,706.6264222450416,13.274883052757247
42.625,-11.358418327764145,0.9685900937404616,0.09785383335958744,0.7378577883103232,-654.716542978127,700.4420345574588,12.908574501670758
42.65,-12.56913375475425,0.9659483810092144,0.0957651249508533,0.7395180620117563,-648.0529991363343,693.7318178804484,12.545359873573725
42.675000000000004,-13.769687559340126,0.9630827682133214,0.09375497156054044,0.741065653903894,-640.8858438320831,686.5221765303176,12.18519373219796
42.7,-14.96028984652394,0.9599792646285364,0.09182316198243577,0.7425035736283406,-633.2380477514399,678.8384823076182,11.828013046042818
42.725,-16.141209409160002,0.956623019874005,0.08996953473870421,0.7438346950158738,-625.1314299909633,670.7050006358494,11.473737177252
42.75,-17.31277507538686,0.9529983123718437,0.08819397061585868,0.7450617590511386,-616.5865283905348,662.1448139209677,11.122267477383941
42.775,-18.47537837199501,0.9490885332333857,0.08649638489724865,0.7461873764548151,-607.6224651743636,653.1797405330104,10.773486488401497
42.800000000000004,-19.62947749271401,0.9448761648613645,0.08487671948996657,0.7472140298018406,-598.2568075218428,643.8302482814098,10.427256752185796
42.825,-20.775602539753177,0.9403427532451918,0.08333493518594151,0.7481440751016799,-588.5054233778109,634.1153617818825,10.083419238074045
42.85,-21.914361982660175,0.935468872617338,0.08187100433355589,0.7489797427755183,-578.3823335265593,624.0525636868311,9.741791405201948
42.875,-23.04645025128843,0.9302340808437922,0.08048490422378289,0.7497231379758916,-567.8995616770148,613.6576903615241,9.402164924613471
42.9,-24.172656350171376,0.9246168636557027,0.07917661151004898,0.7503762402070238,-557.0669850234777,602.9448232207301,9.064303094948587
42.925000000000004,-25.293873350465145,0.9185945656122814,0.07794609798093978,0.7509409022191565,-545.8921884541654,591.926177582164,8.727937994860456
42.95,-26.41110858307771,0.9121433055411109,0.0767933279876286,0.7514188481676685,-534.3803262933711,580.6119915350552,8.392767425076688
42.975,-27.52549432205478,0.9052378741608865,0.07571825779319492,0.7518116710479273,-522.5339962227246,569.0104179648497,8.058451703383566
43.0,-28.63829870892397,0.8978516116902016,0.07472083706031074,0.7521208294398782,-510.3531309063777,557.1274235334777,7.724610387322809
43.025,-29.75093662305603,0.889956263530265,0.07380101263041916,0.7523476436227324,-497.8349139548769,544.9666991230239,7.39081901308319
43.050000000000004,-30.864980144570385,0.8815218126394486,0.07295873467666754,0.752493291150487,-484.9737283565991,532.529587068139,7.056605956628885
43.075,-31.982168176817382,0.8725162880727731,0.07219396524094938,0.7525588020144437,-471.7611475792389,519.815031515346,6.721449546954785
43.1,-33.10441468412475,0.8629055504480077,0.07150668909977062,0.7525450535610003,-458.18598243233646,506.81955957073967,6.3847755947625755
43.125,-34.23381484339469,0.8526530569706651,0.0708969268517591,0.7524527653839621,-444.2344007535727,493.5373026745845,6.045955546981593
43.15,-35.37264818844613,0.8417196113066319,0.07036475008832885,0.7522824944733121,-429.8901423227013,479.9600700373144,5.704305543466162
43.175000000000004,-36.52337752413834,0.8300631073118814,0.06991029850388665,0.752034630980263,-415.13485839747085,466.07748916540356,5.359086742758498
43.2,-37.68864198192308,0.8176382807866757,0.06953379882648836,0.7517093950554178,-399.9486141313531,451.8772326715819,5.009507405423077
43.225,-38.87124205816439,0.8043964905061289,0.06923558550443598,0.7513068353369856,-384.3106029649785,437.345355841658,4.654727382550683
43.25,-40.074113803380946,0.7902855594118334,0.06901612316490141,0.7508268298126656,-368.20013470202775,422.466775876287,4.293865858985716
43.275,-41.30028850641335,0.7752497197845322,0.0688760309564255,0.7502690899537099,-351.5979727093072,407.225931231716,3.9260134480759943
43.300000000000004,-42.552833254781504,0.7592297233092449,0.06881610897693966,0.7496331692211097,-334.4881089983996,391.6076676506969,3.5502500235655488
43.325,-43.834766701696395,0.7421631990405386,0.06883736703604569,0.74891847726415,-316.86007596864147,375.59840542274117,3.1656699894910814
43.35,-45.14894334672217,0.7239853699927176,0.06894105594541441,0.7481243013537405,-298.7118953654427,359.18764850601195,2.771416995983349
43.375,-46.497898859688604,0.7046302723588764,0.06912870128472279,0.7472498367862364,-280.0537506443241,342.3698976269458,2.366730342093419
43.4,-47.883648818631166,0.6840326586891389,0.06940213902646221,0.7462942281086664,-260.91242673811473,325.14702204403386,1.9510053544106505
43.425000000000004,-49.3074342749625,0.6621308034941196,0.0697635513595604,0.7452566229813405,-241.33647529504057,307.5311220668593,1.5238697175112492
43.45,-50.76941064039855,0.6388704578393983,0.07021549934927648,0.7441362402121529,-221.40191461446804,289.54786832055316,1.085276807880436
43.475,-52.26828259473408,0.6142102026580066,0.0707609465595519,0.7429324528517981,-201.218043255867,271.2402242945777,0.6356152215797756
43.5,-53.800898236043054,0.5881284032694776,0.0714032644206179,0.7416448861083665,-180.93262609468914,252.67233662831268,0.17583052918708403
43.525,-55.361831461537015,0.5606318338936216,0.0721462062098244,0.7402735281255365,-160.7353199052165,233.93320871645076,-0.29244943846110444
43.550000000000004,-56.94300248696431,0.5317657776910716,0.07299383278248338,0.7388188493452152,-140.85781286579993,215.13956657433664,-0.766800746089293
43.575,-58.533410210168,0.5016249781240304,0.07395037109510363,0.7372819233522855,-121.56890761757361,196.43711486320547,-1.2439230630504
43.6,-60.1190709901158,0.47036421870012435,0.07501998830364574,0.7356645390865371,-103.16291559969639,177.99923427813528,-1.7196212970347402
43.625,-61.683266253127414,0.4382066161400389,0.07620647237494069,0.7339692916620675,-85.94052496653026,160.02219514583982,-2.1888798759382238
43.65,-63.207183099467606,0.40544712544538114,0.07751282663898532,0.7321996375506952,-70.18292781714476,142.7162777079837,-2.6460549298402816
43.675000000000004,-64.67097674960905,0.3724486027795205,0.07894081003045107,0.7303599004825816,-56.12229011474314,126.29287661908488,-3.0851930248827157
43.7,-66.0551909858525,0.33962842395562426,0.08049048214140939,0.7284552178894378,-43.91394310104065,110.94867556249383,-3.5004572957557514
43.725,-67.3423618690819,0.30743531383841166,0.08215983312935657,0.726491424343178,-33.61683906216538,96.84905732304557,-3.8866085607245693
43.75,-68.51854016637073,0.2763184764799321,0.08394458144223657,0.724474877558987,-25.18778540851066,84.11364070808519,-4.239462049911218
43.775,-69.57444412330996,0.24669356199642137,0.08583819962772654,0.7224122423084597,-18.491564817240466,72.80678596524359,-4.556233236992988
43.800000000000004,-70.50602124619361,0.2189114146209513,0.08783218283153232,0.7203102553630965,-13.324437743203411,62.93493042414509,-4.835706373858083
43.825,-71.31433938244547,0.1932351582202515,0.08991652033270167,0.7181754978343574,-9.444768485640237,54.45098869859412,-5.07820181473364
43.85,-72.00488973046781,0.16982904113874103,0.0920802875214372,0.7160141988155847,-6.6032999041014335,47.26439673880187,-5.285366919140342
43.875,-72.58650515423275,0.14875946536127943,0.09431225896656174,0.7138320869125577,-4.5671563951396,41.25431565860614,-5.459851546269825
43.9,-73.07013961889417,0.1300059587228541,0.09660145502723705,0.7116342965648498,-3.1347822727905443,36.283327037713505,-5.604941885668252
43.925000000000004,-73.4677219288238,0.11347835385688332,0.09893756539221839,0.7094253269280574,-2.1420765261761536,32.20951177533584,-5.724216578647142
43.95,-73.79122094908357,0.0990362768847268,0.10131122874193471,0.7072090446147132,-1.4618795510684122,28.89572128209108,-5.82126628472507
43.975,-74.05197717742382,0.08650784077785814,0.10371417691511403,0.7049887185056541,-0.9995153736088167,26.215733368950037,-5.899493153227146
44.0,-74.26029195639221,0.07570561526427902,0.10613926934036357,0.7027670746869656,-0.6867109766596593,24.057606126778882,-5.961987586917663
44.025,-74.4252292799966,0.06643905135230149,0.10858044954056148,0.7005463612948588,-0.47545738717224595,22.3248520321623,-6.011468783998979
44.050000000000004,-74.55457265137495,0.05852334305957036,0.11103265367111123,0.6983284155899562,-0.33264348453161874,20.936116317850995,-6.050271795412486
44.075,-74.65488249576232,0.051785172733030384,0.11349169519840453,0.6961147281475457,-0.23576042749999587,19.82395937808892,-6.080364748728696
44.1,-74.73161014134139,0.04606597580427622,0.11595414292706135,0.6939065012100635,-0.16966211253426536,18.9332000376785,-6.103383042402418
44.125,-74.789236675377,0.041223372657877275,0.11841720335905234,0.691704699854176,-0.12422349261129291,18.219130985951153,-6.120671002613099
44.15,-74.83141598580404,0.03713133438250105,0.12087861351602597,0.6895100957010117,-0.09269926333014851,17.64579666664924,-6.1333247957412125
44.175000000000004,-74.86110983691506,0.03367953431069087,0.1233365469532149,0.6873233035457266,-0.07059898476416912,17.184435057265436,-6.142232951074519
44.2,-74.88070882931075,0.03077222236227209,0.12578953351702965,0.6851448116199236,-0.05492849423857292,16.812125480003296,-6.148112648793224
44.225,-74.89213697671936,0.02832686019087978,0.12823639213924506,0.6829750063322712,-0.04368405556395487,16.510648418227127,-6.1515410930158065
44.25,-74.89693994104306,0.026272676905952815,0.1306761753286463,0.680814192339743,-0.03551750367220883,16.265543455871203,-6.152981982312917
44.275,-74.89635819995515,0.024549246908592736,0.13310812378647027,0.6786626087407307,-0.029515497294111733,16.065342221938042,-6.152807459986543
44.300000000000004,-74.89138696807642,0.023105149966022837,0.13553162957008966,0.6765204420888016,-0.025054213265095163,15.900950405313457,-6.151316090422925
44.325,-74.8828248307883,0.02189674533240688,0.13794620635033875,0.674387836824348,-0.02170363232340498,15.765153650114579,-6.148747449236488
44.35,-74.87131296394797,0.020887073089135767,0.14035146548290162,0.6722649036232708,-0.019164329763765697,15.652224631373185,-6.145293889184392
44.375,-74.8573666193935,0.020044884130555413,0.1427470968028431,0.670151726073342,-0.01722556008362251,15.557611758805166,-6.1411099858180505
44.4,-74.84140032420284,0.019343793221012786,0.14513285323188177,0.668048366012265,-0.015737311239652177,15.47769315787343,-6.1363200972608505
44.425000000000004,-74.82374800951627,0.01876154572796624,0.14750853844987835,0.6659548677969807,-0.014591551535906064,15.409582527626695,-6.131024402854879
44.45,-74.80467907159655,0.01827938688148496,0.14987399702158807,0.663871261720493,-0.013709552464516649,15.350976046726021,-6.125303721478965
44.475,-74.78441118164808,0.017881521953964877,0.15222910648700214,0.6617975667490548,-0.013033249797425168,15.300031664444942,-6.119223354494424
44.5,-74.76312050339978,0.017554656075721608,0.1545737710203566,0.6597337927175081,-0.01251930594684375,15.255273894720512,-6.112836151019932
44.525,-74.74094984697513,0.017287603158627093,0.15690791634179974,0.6576799420924263,-0.01213499221097893,15.2155186734031,-6.106184954092538
44.550000000000004,-74.71801518106,0.017070954369183423,0.15923148562943343,0.6556360113902553,-0.011855306548548173,15.179813993299879,-6.099304554317999
44.575,-74.69441083932864,0.016896797635010927,0.16154443623062772,0.653601992319777,-0.011660936944973862,15.14739294847847,-6.0922232517985915
44.6,-74.67021368807377,0.016758480700523562,0.16384673701243985,0.6515778727040061,-0.011536808332756558,15.117636543449033,-6.084964106422132
44.625,-74.64548646691846,0.0166504112206742,0.166138366223565,0.6495636372253883,-0.01147103566348321,15.090044192587648,-6.077545940075536
44.65,-74.6202804707011,0.01656788827153323,0.1684193097662233,0.6475592680292114,-0.011454162100566033,15.06421028228135,-6.069984141210331
44.675000000000004,-74.59463770589174,0.016506960453273413,0.17068955979699899,0.6455647452130732,-0.01147859911147881,15.039805518596705,-6.062291311767522
44.7,-74.56859262738264,0.016464306463964334,0.1729491135920342,0.6435800472246246,-0.011538210783270766,15.016562057535173,-6.054477788214792
44.725,-74.54217353971781,0.01643713463570551,0.1751979726250081,0.6416051511853427,-0.011628002072696379,14.994261629582233,-6.046552061915342
44.75,-74.51540372958983,0.016423098455065007,0.17743614181665254,0.6396400331545555,-0.011743882626173284,14.972726038279928,-6.03852111887695
44.775,-74.48830238278946,0.016420225545781136,0.17966362892280296,0.6376846683451091,-0.011882486042808222,14.95180954414264,-6.0303907148368365
44.800000000000004,-74.46088532798775,0.016426857981742454,0.18188044403451697,0.635739031299828,-0.012041030187113465,14.931392748378078,-6.022165598396326
44.825,-74.43316564116752,0.016441602130627907,0.18408659916900705,0.6338030960361334,-0.012217208177111732,14.911377671792748,-6.013849692350256
44.85,-74.40515413772488,0.01646328651092743,0.1862821079343093,0.6318768361647398,-0.012409102510886201,14.891683787827482,-6.005446241317463
44.875,-74.37685977386698,0.016490926384319256,0.18846698525390923,0.6299602249872287,-0.012615116811760183,14.872244818652918,-5.996957932160094
44.9,-74.34828997463926,0.01652369400772722,0.19064124714022695,0.6280532355763602,-0.01283392111626916,14.85300614262896,-5.988386992391777
44.925000000000004,-74.31945090249798,0.01656089364024567,0.19280491050798174,0.6261558408422586,-0.013064407669965587,14.833922692487658,-5.9797352707493925
44.95,-74.29034767761975,0.016601940544213538,0.19495799302016295,0.624268013587021,-0.013305654951674696,14.814957248123873,-5.971004303285924
44.975,-74.26098455896164,0.01664634334111336,0.19710051296072215,0.6223897265498052,-0.013556898199231815,14.796079047293219,-5.962195367688492
45.0,-74.23136509334594,0.01669368918515412,0.1992324891291821,0.6205209524440937,-0.013817505116570605,14.777262652893087,-5.953309528003783
45.025,-74.20149223844804,0.01674363130335413,0.20135394075327437,0.6186616639884973,-0.014086955743946842,14.758487027715777,-5.944347671534412
45.050000000000004,-74.17136846444726,0.01679587852320525,0.20346488741642133,0.6168118339322257,-0.01436482569888162,14.739734777268996,-5.935310539334176
45.075,-74.1409958382011,0.016850186469730792,0.2055653489974635,0.6149714350761442,-0.014650772165663436,14.720991528992364,-5.926198751460332
45.1,-74.11037609307888,0.0169063501647676,0.20765534562051544,0.6131404402901649,-0.01494452214069212,14.702245422369776,-5.9170128279236645
45.125,-74.0795106870076,0.016964197804150736,0.20973489761319544,0.6113188225276015,-0.01524586254020433,14.683486689364893,-5.907753206102279
45.15,-74.04840085081035,0.01702358552445709,0.21180402547180824,0.6095065548369886,-0.015554631853691952,14.664707308561079,-5.8984202552431055
45.175000000000004,-74.01704762853736,0.01708439300117146,0.21386274983229966,0.6077036103717904,-0.01587071308622455,14.64590071954558,-5.8890142885612065
45.2,-73.98545191117915,0.017146519745493534,0.21591109144601053,0.605909962398347,-0.016194027780015992,14.627061586629011,-5.879535573353746
45.225,-73.95361446490145,0.017209881988289762,0.21794907115943804,0.6041255843023391,-0.016524530942982642,14.60818560303403,-5.8699843394704345
45.25,-73.92153595473674,0.01727441005755907,0.21997670989733042,0.6023504495940188,-0.01686220674195999,14.589269328339064,-5.860360786421022
45.275,-73.88921696450134,0.01734004617077643,0.22199402864857493,0.600584531912398,-0.017207064842367562,14.570310053297135,-5.850665089350403
45.300000000000004,-73.85665801357156,0.017406742576066683,0.22400104845442115,0.5988278050285586,-0.017559137295703825,14.551305687224644,-5.840897404071468
45.325,-73.8238595710409,0.017474459986724596,0.22599779039865844,0.5970802428482274,-0.0179184758922609,14.532254664034404,-5.831057871312269
45.35,-73.79082206769037,0.017543166262468282,0.2279842755994407,0.5953418194137207,-0.018285149909626493,14.513155863691262,-5.821146620307111
45.375,-73.75754590612928,0.017612835298257943,0.22996052520248453,0.5936125089053637,-0.018659244198429705,14.494008546448608,-5.811163771838784
45.4,-73.7240314694026,0.017683446087764027,0.23192656037542983,0.5918922856424594,-0.019040857555846325,14.474812297693267,-5.801109440820781
45.425000000000004,-73.69027912831093,0.01775498193381791,0.2338824023031762,0.5901811240838749,-0.01943010134493754,14.455566981609836,-5.79098373849328
45.45,-73.65628924764789,0.01782742978258685,0.23582807218403845,0.5884789988283037,-0.019827098324233978,14.436272702187578,-5.780786774294367
45.475,-73.622062191525,0.01790077966191696,0.23776359122660054,0.5867858846142453,-0.02023198165730586,14.41692977035163,-5.770518657457501
45.5,-73.5875983279268,0.017975024207398754,0.239688980647148,0.5851017563197526,-0.020644894076555367,14.397538676208095,-5.760179498378039
45.525,-73.55289803261441,0.018050158262321193,0.24160426166759583,0.5834265889619701,-0.021065987179266055,14.378100065567853,-5.749769409784322
45.550000000000004,-73.51796169247753,0.01812617853987742,0.2435094555138317,0.5817603576964981,-0.02149542083716957,14.358614720053472,-5.739288507743258
45.575,-73.48278970841785,0.0182030833378288,0.24540458341440746,0.5801030378166065,-0.021933362703520386,14.3390835402128,-5.728736912525356
45.6,-73.4473824978339,0.01828087229738574,0.24728966659953044,0.5784546047523129,-0.0223799878039991,14.319507531158113,-5.718114749350169
45.625,-73.41174049676624,0.01835954619936637,0.2491647263002987,0.5768150340693516,-0.022835478199740092,14.299887790329581,-5.707422149029872
45.65,-73.37586416175246,0.018439106791791723,0.25102978374814783,0.5751843014680412,-0.023300022712473934,14.280225497048507,-5.696659248525738
45.675000000000004,-73.33975397143344,0.018519556643996668,0.2528848601744729,0.573562382782066,-0.023773816703210295,14.26052190358061,-5.685826191430031
45.7,-73.30341042794656,0.01860089902311216,0.2547299768103953,0.5719492539771839,-0.024257061897120492,14.240778327473661,-5.674923128383967
45.725,-73.2668340581351,0.018683137789426336,0.25656515488665604,0.5703448911498638,-0.02474996624832981,14.22099614497371,-5.66395021744053
45.75,-73.23002541459937,0.018766277307681153,0.2583904156336072,0.5687492705258687,-0.02525274383922764,14.201176785354267,-5.65290762437981
45.775,-73.19298507661067,0.018850322371823318,0.26020578028128843,0.5671623684587853,-0.02576561480967447,14.181321726019299,-5.6417955229832
45.800000000000004,-73.15571365090653,0.018935278141117617,0.2620112700595734,0.565584161428508,-0.026288805312143646,14.16143248826242,-5.63061409527196
45.825,-73.11821177238212,0.01902115008585726,0.2638069061983689,0.564014626039684,-0.026822547489394867,14.141510633585096,-5.6193635317146375
45.85,-73.08048010469125,0.019107943941183543,0.26559270992786416,0.5624537390201179,-0.027367079471768082,14.121557760488436,-5.608044031407374
45.875,-73.04251934076802,0.01919566566775756,0.26736870247881045,0.5609014772191483,-0.02792264539158934,14.101575501669599,-5.596655802230407
45.9,-73.00433020327864,0.019284321418224143,0.26913490508283006,0.5593578176059929,-0.02848949541254331,14.08156552156236,-5.585199060983592
45.925000000000004,-72.96591344501132,0.01937391750857249,0.27089133897274564,0.5578227372680672,-0.02906788577216644,14.061529514171497,-5.573674033503397
45.95,-72.92726984921161,0.019464460393637056,0.27263802538292115,0.5562962134092815,-0.029658078835874103,14.041469201157629,-5.562080954763483
45.975,-72.8884002298684,0.01955595664610068,0.2743749855496167,0.5547782233483114,-0.03026034316116442,14.021386330136972,-5.550420068960518
46.0,-72.84930543195644,0.019648412938458752,0.27610224071134354,0.553268744516854,-0.030874953570820627,14.001282673163729,-5.538691629586931
46.025,-72.8099863316391,0.019741836027489655,0.27781981210922146,0.5517677544578631,-0.03150219123411223,13.981160025369993,-5.526895899491728
46.050000000000004,-72.7704438364354,0.01983623274084462,0.2795277209873343,0.5502752308237674,-0.03214234375512361,13.96102020373952,-5.515033150930621
46.075,-72.73067888535459,0.019931609965430714,0.28122598859307785,0.548791151374677,-0.03279570526746284,13.940865045996834,-5.503103665606377
46.1,-72.6906924490006,0.020027974637312117,0.28291463617750484,0.5473154939765704,-0.03346257653471375,13.920696409595124,-5.4911077347001775
46.125,-72.65048552964919,0.020125333732894223,0.28459368499565557,0.5458482365994736,-0.03414326505606577,13.900516170789087,-5.479045658894756
46.15,-72.6100591612998,0.020223694261194483,0.28626315630687943,0.5443893573156243,-0.0348380851766504,13.880326223779933,-5.46691774838994
46.175000000000004,-72.56941440970341,0.020323063257031503,0.2879230713751439,0.542938834297627,-0.03554735820216332,13.860128479923706,-5.454724322911024
46.2,-72.52855237236857,0.02042344777499121,0.2895734514693271,0.5414966458165971,-0.036271412517414635,13.839924866992579,-5.442465711710569
46.225,-72.48747417854624,0.02052485488404967,0.29121431786350016,0.5400627702402939,-0.037010583708493444,13.819717328483078,-5.43014225356387
46.25,-72.44618098919528,0.02062729166275088,0.2928456918371888,0.5386371860312482,-0.037765214688273444,13.799507822963433,-5.417754296758585
46.275,-72.40467399692903,0.020730765194853305,0.29446759467562067,0.5372198717448788,-0.03853565582502167,13.779298323455455,-5.40530219907871
46.300000000000004,-72.36295442594395,0.0208352825653719,0.29608004766995644,0.5358108060276032,-0.03932226507390029,13.759090816846092,-5.392786327783186
46.325,-72.32102353193146,0.020940850856953783,0.29768307211749967,0.5344099676149423,-0.04012540811117704,13.738887303323812,-5.380207059579438
46.35,-72.27888260197287,0.021047477146535053,0.2992766893218949,0.5330173353296148,-0.04094545847098198,13.718689795837639,-5.36756478059186
46.375,-72.23653295441886,0.021155168502233816,0.300860920593302,0.5316328880796306,-0.04178279768446149,13.698500319574388,-5.3548598863256585
46.4,-72.19397593875328,0.021263931980442113,0.3024357872485553,0.530256604856376,-0.04263781542120199,13.678320911452854,-5.342092781625984
46.425000000000004,-72.15121293544205,0.021373774623084544,0.3040013106113042,0.5288884647326954,-0.04351090963280386,13.658153619631944,-5.329263880632614
46.45,-72.10824535576762,0.021484703455015883,0.30555751201213327,0.5275284468609683,-0.04440248669849374,13.638000503030865,-5.316373606730286
46.475,-72.065074641649,0.021596725481535912,0.30710441278866873,0.5261765304711822,-0.0453129615726843,13.617863630860535,-5.303422392494701
46.5,-72.02170226544808,0.021709847686000632,0.3086420342856622,0.5248326948690023,-0.04624275793437966,13.597745082163735,-5.290410679634425
46.525,-71.97812972976213,0.021824077027514138,0.310170397855059,0.5234969194338391,-0.04719230833834561,13.577646945363938,-5.277338918928639
46.550000000000004,-71.93435856720303,0.021939420438687202,0.3116895248560484,0.522169183616913,-0.04816205436796216,13.55757131782097,-5.26420757016091
46.575,-71.89039034016344,0.02205588482345034,0.31319943665509453,0.5208494669393178,-0.04915244678967682,13.537520305392976,-5.251017102049031
46.6,-71.84622664056961,0.022173477054911992,0.314700154625954,0.5195377489900801,-0.050163945708987516,13.51749602200446,-5.237767992170883
46.625,-71.801869089622,0.022292203973252864,0.31619170014967274,0.5182340094242216,-0.05119702072787604,13.497500589218749,-5.2244607268866
46.65,-71.75731933752283,0.022412072383650082,0.3176740946145679,0.5169382279608182,-0.052252151103624876,13.47753613581565,-5.211095801256849
46.675000000000004,-71.71257906319146,0.022533089054224652,0.31914735941619393,0.5156503843810593,-0.05332982590894093,13.457604797372815,-5.197673718957437
46.7,-71.66764997396754,0.02265526071400786,0.3206115159572903,0.5143704585263099,-0.05443054419331801,13.4377087158512,-5.184194992190262
46.725,-71.62253380530197,0.022778594050922425,0.3220665856477182,0.5130984302961696,-0.05555481514556614,13.41785003918388,-5.170660141590591
46.75,-71.57723232043583,0.022903095709774748,0.3235125899043779,0.5118342796465364,-0.056703158257431746,13.398030920868742,-5.157069696130748
46.775,-71.53174731006774,0.023028772290256242,0.3249495501511137,0.5105779865876705,-0.05787610348824173,13.378253519563726,-5.143424193020323
46.800000000000004,-71.48608059200944,0.02315563034495094,0.3263774878186041,0.5093295311822613,-0.05907419143049197,13.358519998685606,-5.129724177602832
46.825,-71.4402340108298,0.023283676377347965,0.32779642434423695,0.5080888935434985,-0.060297973476306756,13.338832526011911,-5.115970203248939
46.85,-71.39420943748749,0.023412916839857873,0.3292063811719751,0.5068560538331423,-0.06154801198469521,13.319193273285407,-5.102162831246247
46.875,-71.34800876895245,0.02354335813183121,0.3306073797522046,0.5056309922596024,-0.06282488044951957,13.299604415822078,-5.088302630685736
46.9,-71.30163392781625,0.023675006597579085,0.33199944154157357,0.5044136890760188,-0.06412916366809893,13.280068132121693,-5.074390178344876
46.925000000000004,-71.25508686189146,0.023807868524395346,0.3333825880028186,0.5032041245783476,-0.06546145791036538,13.260586603481642,-5.060426058567437
46.95,-71.20836954380025,0.023941950140580124,0.33475684060457767,0.502002279103454,-0.06682237108848729,13.241162013613783,-5.046410863140073
46.975,-71.1614839705523,0.0240772576134647,0.3361222208211967,0.5008081330272076,-0.06821252292687288,13.221796548264377,-5.032345191165689
47.0,-71.11443216311226,0.02421379704743793,0.33747875013252115,0.499621666762589,-0.06963254513246421,13.202492394837314,-5.018229648933676
47.025,-71.06721616595675,0.02435157448197457,0.3388264500236805,0.49844286075779914,-0.07108308156523083,13.183251742020598,-5.004064849787025
47.050000000000004,-71.01983804662132,0.024490595889666,0.34016534198486226,0.49727169549437894,-0.07256478840876911,13.164076779416181,-4.989851413986394
47.075,-70.97229989523717,0.024630867174253876,0.3414954475110762,0.4961081514853372,-0.07407833434091002,13.144969697173542,-4.975589968571151
47.1,-70.92460382405817,0.024772394168667677,0.3428167881019137,0.49495220927328465,-0.0756244007042405,13.125932685626555,-4.961281147217449
47.125,-70.87675196697808,0.024915182633066545,0.34412938526129466,0.49380384942857997,-0.07720368167643171,13.106967934934262,-4.946925590093422
47.15,-70.82874647903826,0.025059238252886362,0.34543326049721024,0.4926630525474848,-0.07881688444027328,13.088077634725588,-4.932523943711478
47.175000000000004,-70.78058953592608,0.025204566636893744,0.3467284353214574,0.49152979925032875,-0.08046472935331327,13.069263973747724,-4.918076860777824
47.2,-70.7322833334641,0.025351173315246382,0.34801493124936617,0.4904040701796873,-0.08214795011698138,13.050529139519067,-4.903585000039229
47.225,-70.6838300870902,0.025499063737563017,0.3492927697995237,0.4892858459985681,-0.08386729394510604,13.031875317985957,-4.88904902612706
47.25,-70.63523203132905,0.02564824327100201,0.3505619724934897,0.48817510738861297,-0.08562352173169141,13.013304693184159,-4.874469609398716
47.275,-70.58649141925497,0.02579871719835126,0.3518225608555089,0.48707183504831053,-0.08741740821785486,12.994819446904392,-4.859847425776491
47.300000000000004,-70.5376105219462,0.025950490716130002,0.3530745564122182,0.48597600969122334,-0.08924974215780158,12.976421758363017,-4.845183156583862
47.325,-70.48859162793133,0.026103568932703623,0.35431798069234816,0.4848876120442298,-0.09112132648371488,12.958113803877009,-4.830477488379398
47.35,-70.43943704262729,0.026257956866413926,0.3555528552264247,0.4838066228457783,-0.09303297846945398,12.939897756544143,-4.815731112788186
47.375,-70.39014908777,0.026413659443724223,0.3567792015464635,0.48273302284415937,-0.09498552989291535,12.921775785927984,-4.800944726330999
47.4,-70.3407301008372,0.02657068149738296,0.3579970411856634,0.48166679279579255,-0.0969798271969572,12.903750057748093,-4.786119030251162
47.425000000000004,-70.29118243446405,0.02672902776460529,0.35920639567809737,0.4806079134635301,-0.09901673164874081,12.885822733575587,-4.771254730339214
47.45,-70.24150845585164,0.026888702885275347,0.3604072865583994,0.4795563656149787,-0.10109711949737345,12.867995970533864,-4.756352536755493
47.475,-70.19171054616861,0.027049711400170266,0.36159973536145357,0.478512130020837,-0.10322188212972211,12.85027192100501,-4.741413163850582
47.5,-70.14179109994609,0.027212057749207205,0.3627837636220777,0.4774751874532539,-0.10539192622426173,12.832652732341796,-4.726437329983827
47.525,-70.09175252446636,0.027375746269715236,0.3639593928747083,0.4764455186842052,-0.10760817390283331,12.815140546585411,-4.711425757339907
47.550000000000004,-70.04159723914529,0.027540781194733594,0.3651266446530841,0.4754231044838893,-0.10987156288017796,12.797737500188921,-4.696379171743587
47.575,-69.99132767490893,0.027707166651337548,0.3662855404899282,0.4744079256191456,-0.11218304661111024,12.780445723746942,-4.681298302472679
47.6,-69.9409462735644,0.027874906658993927,0.36743610191663284,0.4733999628518904,-0.11454359443520425,12.763267341731057,-4.666183882069322
47.625,-69.8904554871655,0.028044005127947497,0.36857835046294174,0.4723991969375781,-0.11695419171885175,12.746204472231637,-4.651036646149649
47.65,-69.83985777737307,0.028214465857639762,0.36971230765663354,0.4714056086236827,-0.11941583999455949,12.729259226705791,-4.635857333211921
47.675000000000004,-69.78915561481065,0.028386292535162293,0.3708379950232069,0.4704191786482028,-0.12192955709735669,12.712433709731702,-4.620646684443195
47.7,-69.73835147841544,0.02855948873374519,0.3719554340855645,0.4694398877381915,-0.124496377298166,12.695730018769524,-4.605405443524631
47.725,-69.68744785478495,0.028734057911283768,0.37306464636370107,0.4684677166083077,-0.12711735143402414,12.679150243928554,-4.590134356435485
47.75,-69.63644723751973,0.028910003408903394,0.3741656533743902,0.4675026459593954,-0.12979354703499527,12.66269646774119,-4.57483417125592
47.775,-69.58535212656224,0.02908732844956547,0.37525847663087364,0.4665446564770867,-0.13252604844766425,12.64637076494356,-4.559505637968672
47.800000000000004,-69.53416502753223,0.029266036136715277,0.3763431376425526,0.4655937288304319,-0.13531595695506551,12.630175202262953,-4.544149508259667
47.825,-69.48288845105907,0.02944612945297361,0.3774196579146793,0.4646498436705565,-0.13816439089292232,12.61411183821195,-4.52876653531772
47.85,-69.43152491211097,0.02962761125887401,0.37848805894805326,0.46371298162934416,-0.14107248576206988,12.598182722889664,-4.513357473633292
47.875,-69.38007692932187,0.029810484291646885,0.3795483622387167,0.4627831233181497,-0.14404139433693172,12.582389897789637,-4.497923078796561
47.9,-69.32854702431577,0.029994751164052126,0.3806005892776535,0.46186024932653946,-0.14707228676992407,12.56673539561506,-4.48246410729473
47.925000000000004,-69.27693772102909,0.030180414363261777,0.38164476155049076,0.4609443402210614,-0.15016635069166592,12.551221240101007,-4.4669813163087255
47.95,-69.2252515450315,0.030367476249794537,0.3826809005372001,0.46003537654404575,-0.15332479130687637,12.535849445843668,-4.451475463509449
47.975,-69.17349102284507,0.030555939056503504,0.38370902771180493,0.4591333388124339,-0.1565488314858425,12.520622018136816,-4.435947306853521
48.0,-69.12165868126246,0.030745804887618355,0.38472916454208694,0.45823820751664096,-0.15983971185133508,12.505540952815617,-4.420397604378738
48.025,-69.06975704666422,0.030937075717844195,0.385741332489296,0.4573499631194482,-0.16319869086087468,12.49060823610756,-4.404827113999266
48.050000000000004,-69.01778864433571,0.031129753391517842,0.38674555300786206,0.45646858605492824,-0.1666270448842286,12.475825844490599,-4.389236593300713
48.075,-68.96575599778363,0.03132383962182321,0.38774184754510843,0.45559405672740366,-0.17012606827603752,12.461195744558944,-4.3736267993350895
48.1,-68.91366162805275,0.03151933599006769,0.38873023754096925,0.45472635551043666,-0.17369707344348212,12.446719892895846,-4.3579984884158245
48.125,-68.8615080530431,0.031716243945020255,0.3897107444277063,0.4538654627458551,-0.1773413909088813,12.43240023595393,-4.342352415912928
48.15,-68.80929778682776,0.0319145648023129,0.39068338962962934,0.4530113587428111,-0.18106036936713704,12.41823870994291,-4.326689336048326
48.175000000000004,-68.75703333897178,0.03211429974390719,0.39164819456281785,0.4521640237768753,-0.18485537573794755,12.40423724072469,-4.311010001691534
48.2,-68.7047172138524,0.03231544981762621,0.3926051806348428,0.45132343808916664,-0.1887277952126914,12.390397743715932,-4.2953151641557215
48.225,-68.6523519099809,0.032518015936754886,0.39355436924449305,0.45048958188551624,-0.19267903129593866,12.376722123797899,-4.279605572994268
48.25,-68.59993991932633,0.03272199887970764,0.3944957817815,0.44966243533566974,-0.19671050584148003,12.363212275233986,-4.263881975797899
48.275,-68.54748372664172,0.0329273992897668,0.3954294396262643,0.44884197857252484,-0.20082365908285085,12.349870081594439,-4.2481451179925145
48.300000000000004,-68.49498580879259,0.033134217674891386,0.39635536414958406,0.4480281916914066,-0.20501994965826917,12.336697415688645,-4.232395742637777
48.325,-68.44244863408858,0.033342454407598,0.39727357671238145,0.4472210547493809,-0.20930085462994602,12.323696139504841,-4.216634590226573
48.35,-68.38987466161795,0.03355210972491536,0.3981840986654331,0.4464205477646038,-0.21366786949774044,12.310868104157237,-4.200862398485385
48.375,-68.3372663405859,0.033763183728412166,0.39908695134909716,0.44562665071571156,-0.21812250820709453,12.29821514984046,-4.18507990217577
48.400000000000006,-68.28462610965641,0.0339756763843009,0.3999821560930424,0.44483934354124804,-0.2226663031512561,12.285739105791505,-4.1692878328969245
48.425000000000004,-68.23195639629836,0.03418958752361675,0.40086973421597455,0.44405860613913234,-0.22730080516773454,12.273441790259008,-4.153486918889507
48.45,-68.17925961613574,0.03440491684247465,0.40174970702536505,0.44328441836616417,-0.23202758352902206,12.261325010479942,-4.137677884840721
48.475,-68.12653817230284,0.034621663902402997,0.40262209581717556,0.4425167600375703,-0.2368482259275306,12.249390562663493,-4.121861451690853
48.5,-68.07379445480424,0.0348398281307565,0.40348692187558266,0.4417556109265909,-0.24176433845478845,12.237640231982414,-4.106038336441273
48.525000000000006,-68.02103083988,0.035059408821208386,0.4043442064727003,0.44100095076410556,-0.24677754557489695,12.226075792571566,-4.090209251963999
48.550000000000004,-67.96824968937652,0.03528040513432181,0.40519397086829917,0.44025275923830137,-0.2518894900922576,12.214699007533728,-4.074374906812956
48.575,-67.91545335012307,0.03550281609820272,0.4060362363095258,0.4395110159943795,-0.25710183311363843,12.203511628952631,-4.058536005036921
48.6,-67.86264415331455,0.03572664060923329,0.40687102403061653,0.4387757006343048,-0.26241625400458923,12.192515397913107,-4.042693245994364
48.625,-67.8098244139004,0.03595187743288682,0.407698355252609,0.4380467927165963,-0.26783445034027004,12.181712044528563,-4.02684732417012
48.650000000000006,-67.75699642998045,0.03617852520462502,0.4085182511830499,0.4373242717561582,-0.27335813785076574,12.171103287975253,-4.010998928994134
48.675000000000004,-67.70416248220734,0.03640658243087701,0.40933073301569806,0.43660811722415405,-0.27898905036093474,12.160690836533972,-3.9951487446622007
48.7,-67.65132483319628,0.036636047490101985,0.4101358219302243,0.43589830854792083,-0.28472893972491686,12.150476387638472,-3.979297449958885
48.725,-67.59848572694222,0.03686691863393375,0.41093353909190505,0.43519482511092633,-0.29057957575534227,12.140461627930987,-3.963445718082664
48.75,-67.54564738824449,0.037099193988408795,0.41172390565131095,0.43449764625276804,-0.2965427461473838,12.130648233324758,-3.9475942164733464
48.775000000000006,-67.49281202213957,0.037332871555277654,0.41250694274398997,0.43380675126921353,-0.3026202563977575,12.121037869073268,-3.931743606641872
48.800000000000004,-67.43998181334192,0.03756794921339912,0.413282671490143,0.4331221194122845,-0.30881392971878663,12.111632189846443,-3.9158945440025743
48.825,-67.38715892569299,0.037804424720218194,0.41405111299429515,0.4324437298903805,-0.31512560694768654,12.10243283981356,-3.900047677707896
48.85,-67.33434550161908,0.03804229571332652,0.4148122883449572,0.43177156186844656,-0.3215571464511916,12.093441452732934,-3.8842036504857247
48.875,-67.28154366159781,0.038281559712106346,0.41556621861428145,0.4311055944681829,-0.32811042402570995,12.084659652048364,-3.8683630984793425
48.900000000000006,-67.22875550363372,0.03852221411945714,0.4163129248577083,0.4304458067682956,-0.33478733279316153,12.07608905099195,-3.852526651090116
48.925000000000004,-67.17598310274299,0.03876425622360407,0.4170524281136044,0.4297921778047906,-0.34158978309266663,12.06773125269388,-3.8366949308228966
48.95,-67.12322851044765,0.03900768319998979,0.417784749402893,0.42914468657130833,-0.34851970236832436,12.05958785029831,-3.8208685531342934
48.975,-67.07049375427925,0.039252492113246974,0.4185099097286735,0.4285033120195007,-0.35557903505322713,12.051660427086116,-3.805048126283776
49.0,-67.01778083729253,0.03949867991925252,0.41922793007583176,0.42786803305945026,-0.36276974244996507,12.043950556603757,-3.78923425118776
49.025000000000006,-66.96509173758876,0.039746243467262396,0.41993883141064015,0.4272388285601299,-0.3700938026078308,12.03645980279872,-3.773427521276629
49.050000000000004,-66.91242840784948,0.03999517950212659,0.4206426346803457,0.42661567734990513,-0.37755321019696625,12.029189720161115,-3.7576285223548425
49.075,-66.85979277488016,0.04024548466658385,0.4213393608127493,0.4259985582170759,-0.38514997637970694,12.022141853871677,-3.741837832464048
49.1,-66.80718673916465,0.04049715550363467,0.4220290307157713,0.4253874499104605,-0.39288612867936373,12.015317739955803,-3.7260560217493945
49.125,-66.75461217442987,0.040750188458992885,0.42271166527700504,0.4247823311400203,-0.400763710846741,12.008718905443914,-3.7102836523289593
49.150000000000006,-66.70207092722124,0.04100457988361367,0.4233872853632593,0.4241831805775237,-0.4087847827246376,12.002346868537858,-3.6945212781663725
49.175000000000004,-66.6495648164891,0.04126032603629833,0.4240559118200855,0.42358997685725225,-0.4169514201106568,11.99620313878333,-3.678769444946731
49.2,-66.59709563318573,0.04151742308637454,0.42471756547129397,0.42300269857674383,-0.42526571461861984,11.990289217248256,-3.663028689955719
49.225,-66.54466513987352,0.041775867116450295,0.42537226711845466,0.42242132429757784,-0.43372977353887415,11.984606596707316,-3.647299541962054
49.25,-66.4922750703442,0.04203565412524167,0.4260200375403839,0.4218458325461983,-0.4423457196978518,11.97915676183221,-3.6315825211032617
49.275000000000006,-66.43992712924933,0.04229678003047255,0.42666089749261715,0.4212762018147759,-0.45111569131719814,11.973941189387778,-3.615878138774798
49.300000000000004,-66.38762299174178,0.04255924067184505,0.42729486770686503,0.4207124105621091,-0.46004184187280134,11.968961348434101,-3.6001868975225335
49.325,-66.33536430312876,0.04282303181408066,0.4279219688904567,0.4201544372145621,-0.4691263399541256,11.964218700534166,-3.5845092909386267
49.35,-66.28315267853604,0.04308814915002892,0.4285422217257642,0.41960226016704105,-0.4783713691241443,11.959714699967375,-3.568845803560812
49.375,-66.23098970258356,0.043354588303844095,0.42915564686961294,0.419055857784008,-0.48777912778030535,11.95545079394884,-3.5531969107750667
49.400000000000006,-66.17887692907242,0.043622344834227486,0.42976226495267433,0.4185152084005301,-0.4973518290168796,11.951428422854153,-3.5375630787217247
49.425000000000004,-66.12681588068347,0.0438914142377343,0.43036209657884134,0.4179802903233667,-0.5070917004890902,11.94764902044986,-3.5219447642050397
49.45,-66.07480804868698,0.04416179195214441,0.43095516232458775,0.41745108183209045,-0.5170009842794543,11.944114014129603,-3.506342414606092
49.475,-66.02285489266406,0.044433473359894095,0.43154148273830906,0.41692756118024493,-0.5270819367666922,11.94082482515566,-3.490756467799217
49.5,-65.97095784023925,0.04470645379156861,0.43212107833964486,0.4164097065965364,-0.5373368284976702,11.937782868906227,-3.475187352071775
49.525000000000006,-65.91911828682466,0.04498072852945361,0.4326939696187841,0.4158974962860598,-0.5477679440627845,11.934989555127972,-3.4596354860473966
49.550000000000004,-65.86733759537523,0.04525629281114358,0.43326017703575,0.41539090843155874,-0.5583775819752103,11.93244628819435,-3.4441012786125698
49.575,-65.81561709615549,0.045533141833206836,0.4338197210196681,0.4148899211947175,-0.5691680545544985,11.930154467369142,-3.4285851288466476
49.6,-65.76395808651738,0.045811270754904314,0.4343726219680133,0.41439451271748673,-0.5801416878149247,11.928115487075592,-3.413087425955213
49.625,-65.71236183068928,0.046090674701961376,0.4349189002458378,0.4139046611234403,-0.5913008213590735,11.926330737170979,-3.3976085492067822
49.650000000000006,-65.6608295595761,0.04637134877039074,0.4354585761849798,0.41342034451916365,-0.6026478082771174,11.924801603226573,-3.38214886787283
49.675000000000004,-65.60936247057036,0.046653288030364976,0.43599167008325085,0.41294154099567315,-0.6141850150522543,11.923529466813134,-3.366708741171108
49.7,-65.55796172737409,0.046936487530137495,0.4365182022036043,0.41246822862986465,-0.6259148214728067,11.92251570579165,-3.3512885182122276
49.725,-65.50662845983143,0.04722094230000977,0.43703819277328226,0.41200038548599244,-0.6378396205514396,11.921761694609787,-3.3358885379494296
49.75,-65.45536376377201,0.04750664735634357,0.4375516619829414,0.41153798961717675,-0.6499618184519995,11.921268804603535,-3.3205091291316036
49.775000000000006,-65.40416870086462,0.04779359770561663,0.43805862998575834,0.41108101906693895,-0.662283834424471,11.921038404304467,-3.3051506102593846
49.800000000000004,-65.35304429848135,0.04808178834851993,0.4385591168965131,0.4106294518707653,-0.674808100748546,11.921071859752395,-3.289813289544405
49.825,-65.30199154957181,0.048371214284096006,0.4390531427906517,0.41018326605769667,-0.6875370626863488,11.921370534813603,-3.274497464871543
49.85,-65.2510114125473,0.048661870513915226,0.43954072770332625,0.4097424396519447,-0.7004731784447694,11.921935791504568,-3.25920342376419
49.875,-65.200104811175,0.048953752046290065,0.4400218916284133,0.40930695067453415,-0.7136189191479884,11.922768990321154,-3.243931443352498
49.900000000000006,-65.14927263448143,0.049246853900524745,0.4404966545175103,0.4088767771449696,-0.7269767688206662,11.923871490573607,-3.2286817903444303
49.925000000000004,-65.09851573666579,0.049541171111199406,0.44096503627890876,0.40845189708292734,-0.7405492243823572,11.925244650726954,-3.2134547209997364
49.95,-65.04783493702195,0.049836698732487764,0.44142705677654653,0.40803228850996903,-0.7543387956536929,11.926889828747242,-3.1982504811065837
49.975,-64.99723101986984,0.050133431842505835,0.44188273582893545,0.4076179294512808,-0.7683480053748344,11.928808382453472,-3.1830693059609527
50.0,-64.94670473449538,0.050431365547691,0.4423320932080671,0.407208797937433,-0.7825793892367598,11.931001669875352,-3.167911420348615
50.025000000000006,-64.89625679509894,0.05073049498721052,0.44277514863829576,0.40680487200616217,-0.7970354959259599,11.933471049616811,-3.1527770385296803
50.050000000000004,-64.84588788075199,0.051030815337397395,0.4432119217951965,0.406406129704175,-0.8117188871830495,11.936217881225652,-3.137666364225596
50.075,-64.79559863536181,0.05133232181621327,0.4436424323044019,0.40601254908897066,-0.8266321378759051,11.939243525568948,-3.122579590608544
50.1,-64.74538966764375,0.05163500968773628,0.44406669974041396,0.4056241082306852,-0.8417778360878375,11.94254934521483,-3.1075169002931244
50.125,-64.695261551101,0.051938874266673915,0.44448474362539164,0.4052407852139536,-0.857158583221431,11.946136704820214,-3.092478465330299
50.150000000000006,-64.64521482401138,0.05224391092289897,0.4448965834279162,0.4048625581397916,-0.8727769941185772,11.950006971525012,-3.0774644472034125
50.175000000000004,-64.59524998942103,0.05255011508600748,0.4453022385617305,0.40448940512749465,-0.8886356971972746,11.9541615153526,-3.0624749968263103
50.2,-64.5453675151445,0.05285748224989949,0.44570172838445554,0.40412130431655435,-0.9047373346058684,11.958601709616847,-3.0475102545433512
50.225,-64.49556783377095,0.05316600797737954,0.4460950721962814,0.40375823386859244,-0.921084562395205,11.96332893133585,-3.032570350131284
50.25,-64.44585134267632,0.05347568790477766,0.44648228923863426,0.4034001719693104,-0.9376800507093742,11.968344561652284,-3.017655402802896
50.275000000000006,-64.39621840404084,0.05378651774658972,0.4468633986928182,0.4030470968304548,-0.9545264839956203,11.973649986260797,-3.002765521212251
50.300000000000004,-64.3466693448718,0.05409849330013671,0.44723841967863176,0.4026989866917989,-0.9716265612340416,11.979246595842362,-2.9879008034615393
50.325,-64.29720445703087,0.05441161045024291,0.44760737125295996,0.40235581982313684,-0.98898299618771,11.985135786505909,-2.9730613371092613
50.35,-64.2478239972661,0.05472586517393135,0.44797027240834036,0.4020175745262942,-1.0065985176737897,11.991318960237217,-2.9582471991798287
50.375,-64.19852818724766,0.0550412535451378,0.44832714207150326,0.4016842291371512,-1.024475869856353,11.99779752535551,-2.943458456174298
50.400000000000006,-64.14931721360742,0.05535777173944218,0.44867799910188666,0.40135576202767853,-1.042617812561496,12.004572896977615,-2.928695164082225
50.425000000000004,-64.10019122798164,0.05567541603881728,0.44902286229012445,0.40103215160798794,-1.0610271216154077,12.011646497490194,-2.9139573683944917
50.45,-64.05115034705655,0.055994182836395866,0.4493617503565088,0.4007133763283929,-1.079706589206106,12.019019757029973,-2.8992451041169645
50.475,-64.00219465261628,0.056314068641254954,0.4496946819494256,0.4003994146814828,-1.0986590242694434,12.026694113972452,-2.8845583957848846
50.5,-63.95332419159289,0.05663507008321859,0.45002167564376244,0.4000902452042083,-1.11788725290013,12.034671015429051,-2.869897257477867
50.525000000000006,-63.90453897611779,0.05695718391767885,0.450342749939291,0.39978584647997745,-1.1373941187884298,12.04295191775324,-2.855261692835337
50.550000000000004,-63.85583898357453,0.057280407030435784,0.45065792325901954,0.39948619714076394,-1.1571824836832592,12.051538287055541,-2.8406516950723586
50.575,-63.807224156652026,0.057604736442557834,0.4509672139475199,0.3991912758692245,-1.1772552278824682,12.060431599728007,-2.8260672469956076
50.6,-63.758694403398174,0.05793016931526157,0.4512706402692245,0.39890106140082754,-1.197615250750926,12.06963334297824,-2.811508321019452
50.625,-63.71024959727317,0.058256702954813645,0.45156822040669564,0.3986155325259919,-1.2182654712672962,12.079145015373305,-2.7969748791819504
50.650000000000006,-63.66188957720208,0.058584334817454835,0.4518599724588656,0.39833466809223517,-1.2392088286002085,12.088968127393901,-2.7824668731606246
50.675000000000004,-63.61361414762639,0.05891306251434741,0.45214591443924673,0.39805844700633203,-1.2604482827146144,12.099104201998937,-2.7679842442879177
50.7,-63.56542307855361,0.05924288381654833,0.45242606427411264,0.39778684823648175,-1.281986815009236,12.1095547752011,-2.7535269235660818
50.725,-63.51731610560496,0.05957379666000807,0.45270043980064817,0.39751985081448554,-1.3038274289858194,12.120321396653475,-2.7390948316814883
50.75,-63.46929293006025,0.059905799150597856,0.45296905876506877,0.3972574338379331,-1.3259731509511474,12.131405630247874,-2.724687879018074
50.775000000000006,-63.42135321889958,0.060238889569167,0.4532319388207084,0.3969995764723985,-1.3484270307526733,12.142809054724985,-2.7103059656698747
50.800000000000004,-63.37349660484143,0.06057306637663148,0.45348909752607486,0.3967462579536452,-1.3711921425486482,12.154533264296923,-2.6959489814524282
50.825,-63.32572268637631,0.06090832821909764,0.4537405523428737,0.396497457589841,-1.3942715856137982,12.166579869282579,-2.6816168059128924
50.85,-63.278031027795826,0.06124467393302115,0.45398632063399724,0.3962531547637812,-1.4176684851813712,12.178950496756055,-2.667309308338748
50.875,-63.23042115921632,0.06158210255040544,0.4542264196614806,0.3960133289351226,-1.441385993322688,12.191646791208859,-2.6530263477648957
50.900000000000006,-63.182892576596586,0.06192061330404135,0.4544608665844226,0.3957779596426262,-1.465427289865162,12.204670415226177,-2.6387677729789756
50.925000000000004,-63.13544474174924,0.062260205632790985,0.45468967845687064,0.39554702650641016,-1.4897955833498833,12.218023050177726,-2.6245334225247716
50.95,-63.088077082344874,0.06260087918691966,0.45491287222567045,0.3953205092302125,-1.5144941120299324,12.231706396923844,-2.610323124703462
50.975,-63.04078899190874,0.06294263383347774,0.4551304647282769,0.3950983876036645,-1.5395261449104864,12.245722176537175,-2.596136697572622
51.0,-62.9935798298091,0.06328546966173687,0.45534247269052774,0.39488064150457425,-1.5648949828319898,12.260072131040625,-2.58197394894273
51.025000000000006,-62.946448921236716,0.06362938698868402,0.45554891272437786,0.39466725090122134,-1.5906039595976174,12.274758024162146,-2.5678346763710143
51.050000000000004,-62.89939555717499,0.06397438636457668,0.4557498013255927,0.39445819585466374,-1.6166564431462949,12.289781642106995,-2.553718667152497
51.075,-62.852418994359795,0.06432046857856472,0.45594515487140147,0.3942534565210548,-1.6430558367727215,12.305144794348019,-2.539625698307938
51.1,-62.80551845522865,0.06466763466438123,0.45613498961810667,0.3940530131539746,-1.6698055803956642,12.320849314434826,-2.525555536568595
51.125,-62.75869312785851,0.06501588590610852,0.45631932169865064,0.39385684610677246,-1.6969091518760901,12.336897060822196,-2.511507938357552
51.150000000000006,-62.711942165891266,0.06536522384402335,0.45649816712013686,0.39366493583492435,-1.7243700683866325,12.353289917718962,-2.4974826497673797
51.175000000000004,-62.66526468844668,0.06571565028052613,0.45667154176130453,0.39347726289840396,-1.7521918878339344,12.370029795957603,-2.4834794065340047
51.2,-62.618659780021524,0.06606716728616074,0.45683946136995607,0.39329380796406815,-1.7803782103356551,12.387118633885704,-2.469497934006457
51.225,-62.5721264903747,0.06641977720572874,0.4570019415603347,0.39311455180805926,-1.808932679753728,12.404558398279969,-2.45553794711241
51.25,-62.52566383439722,0.06677348266450478,0.4571589978104512,0.39293947531822293,-1.837858985285757,12.422351085283678,-2.441599150319166
51.275000000000006,-62.479270791966506,0.06712828657455963,0.4573106454593587,0.3927685594965441,-1.8671608631164776,12.440498721368497,-2.4276812375899515
51.300000000000004,-62.43294630778416,0.06748419214119591,0.457456899704372,0.39260178546160085,-1.8968420981311511,12.459003364321509,-2.4137838923352466
51.325,-62.38668929119622,0.06784120286950546,0.4575977755982322,0.3924391344510382,-1.9269065256931577,12.477867104258706,-2.3999067873588658
51.35,-62.340498615995514,0.06819932257105256,0.4577332880462124,0.39228058782406205,-1.9573580334877267,12.49709206466558,-2.3860495847986543
51.375,-62.294373120204746,0.06855855537069272,0.4578634518031632,0.3921261270639552,-1.9882005634342619,12.516680403466253,-2.3722119360614236
51.400000000000006,-62.24831160583983,0.06891890571353348,0.45798828147049664,0.39197573378061573,-2.019438113669562,12.536634314122004,-2.358393481751949
51.425000000000004,-62.20231283865241,0.06928037837204519,0.45810779149310543,0.3918293897131204,-2.0510747406044105,12.556956026760586,-2.344593851595723
51.45,-62.15637554785056,0.06964297845333135,0.4582219961562153,0.3916870767323131,-2.083114561056274,12.577647809337408,-2.330812664355167
51.475,-62.110498425796955,0.07000671140656584,0.45833090958216843,0.39154877684342054,-2.1155617544606993,12.598711968829868,-2.317049527739086
51.5,-62.06468012768328,0.07037158303060674,0.45843454572713505,0.3914144721886967,-2.1484205651643724,12.620150852466306,-2.3033040383049843
51.525000000000006,-62.01891927118003,0.07073759948179668,0.45853291837775056,0.39128414505009734,-2.181695304802863,12.6419668489908,-2.289575781354009
51.550000000000004,-61.97321443606052,0.07110476728195893,0.45862604114767547,0.3911577778519871,-2.2153903547661735,12.664162389965462,-2.2758643308181568
51.575,-61.9275641637981,0.07147309332660083,0.45871392747407536,0.39103535316387905,-2.249510168755533,12.686739951111587,-2.2621692491394305
51.6,-61.88196695713549,0.07184258489333406,0.45879659061401734,0.3909168537032115,-2.2840592754347746,12.709702053691336,-2.2484900871406466
51.625,-61.83642127962493,0.07221324965052404,0.4588740436407802,0.3908022623381613,-2.319042281180098,12.733051265931692,-2.2348263838874787
51.650000000000006,-61.79092555513805,0.07258509566618032,0.4589462994400746,0.3906915620904974,-2.3544638729320346,12.756790204492338,-2.2211776665414154
51.675000000000004,-61.74547816734429,0.07295813141709939,0.4590133707061698,0.3905847361384762,-2.390328821153608,12.780921535979257,-2.207543450203286
51.7,-61.700077459156205,0.07333236579827482,0.45907526993792397,0.3904817678197814,-2.426641982899112,12.805447978506239,-2.193923237746861
51.725,-61.65472173214084,0.07370780813258591,0.4591320094347126,0.3903826406345097,-2.4634083049977997,12.830372303305904,-2.1803165196422527
51.75,-61.60940924589535,0.07408446818078096,0.4591836012922525,0.3902873382482069,-2.500632827357343,12.855697336392694,-2.166722773768605
51.775000000000006,-61.56413821738554,0.07446235615176842,0.4592300573983164,0.3901958444949544,-2.538320686391919,12.881425960279852,-2.1531414652156617
51.800000000000004,-61.51890682024591,0.07484148271323224,0.459271389428334,0.3901081433805116,-2.5764771185801947,12.90756111575275,-2.1395720460737726
51.825,-61.473713184039454,0.07522185900258783,0.45930760884087457,0.3900242190855145,-2.6151074641587506,12.934105803700977,-2.126013955211836
51.85,-61.42855539347562,0.07560349663829441,0.4593387268730063,0.38994405596873616,-2.6542171709566005,12.961063087011857,-2.1124666180426854
51.875,-61.38343148758486,0.07598640773154196,0.4593647545355277,0.38986763857040935,-2.693811798376971,12.988436092527657,-2.098929446275457
51.900000000000006,-61.33833945884771,0.07637060489833143,0.4593857026080649,0.3897949516156174,-2.733897021532748,13.016228013069862,-2.0854018376543135
51.925000000000004,-61.29327725227683,0.07675610127196686,0.4594015816340303,0.389725980017755,-2.7744786355422955,13.044442109532909,-2.0718831756830487
51.95,-61.24824276444963,0.07714291051598045,0.459412401915436,0.3896607088820628,-2.8155625599928467,13.073081713050804,-2.058372829334888
51.975,-61.203233842489986,0.07753104683751091,0.45941817350755587,0.3895991235092407,-2.857154843578876,13.10215022723966,-2.0448701527469955
52.0,-61.15824828299643,0.077920525001157,0.45941890621343084,0.38954120939914216,-2.899261668923334,13.131651130519543,-2.0313744848989295
52.025000000000006,-61.113283830914796,0.07831136034333054,0.45941460957820907,0.3894869522545552,-2.941889357590211,13.161587978519359,-2.0178851492744383
52.050000000000004,-61.06833817835295,0.07870356878713158,0.4594052928833156,0.3894363379850735,-2.985044375297015,13.191964406568255,-2.0044014535058854
52.075,-61.023408963335164,0.07909716685777278,0.45939096514044336,0.38938935271106245,-3.0287333373366656,13.222784132277637,-1.9909226890005491
52.1,-60.97849376849342,0.07949217169857802,0.45937163508535744,0.38934598276772486,-3.0729630142183484,13.254050958217835,-1.9774481305480265
52.125,-60.93359011969321,0.07988860108758392,0.4593473111715059,0.3893062147092716,-3.1177403375377883,13.285768774693812,-1.9639770359079618
52.150000000000006,-60.88869548459067,0.0802864734547736,0.4593180015634271,0.38927003531320215,-3.1630724060878115,13.317941562624409,-1.9505086453772007
52.175000000000004,-60.84380727111844,0.08068580789997265,0.45928371412994595,0.38923743158469987,-3.2089664922206262,13.350573396529846,-1.9370421813355327
52.2,-60.798922825896675,0.0810866242114408,0.4592444564371489,0.38920839076114977,-3.255430048474151,13.383668447632873,-1.9235768477690023
52.225,-60.75403943256637,0.0814889428851912,0.45920023574112856,0.3891829003167819,-3.3024707144749534,13.417230987078282,-1.9101118297699116
52.25,-60.70915431004132,0.08189278514507464,0.45915105898048775,0.389160947967449,-3.350096324131651,13.451265389276877,-1.896646293012396
52.275000000000006,-60.66426461067496,0.08229817296366473,0.4590969327685915,0.38914252167554375,-3.398314913132911,13.485776135379588,-1.8831793832024886
52.300000000000004,-60.61936741833865,0.08270512908398314,0.459037863385557,0.38912760965506327,-3.4471347267652446,13.520767816887858,-1.869710225501594
52.325,-60.574459746406866,0.08311367704210791,0.45897385676996866,0.3891162003768271,-3.496564228066847,13.556245139407,-1.8562379239220597
52.35,-60.529538535645614,0.0835238411907053,0.4589049185103062,0.38910828257385727,-3.5466121063341256,13.592212926549195,-1.8427615606936838
52.375,-60.484600651999074,0.08393564672353289,0.45883105383607337,0.38910384524692754,-3.5972872859991436,13.628676123993577,-1.829280195599722
52.400000000000006,-60.43964288427019,0.08434911970096108,0.4587522676086131,0.38910287767029117,-3.6485989358969206,13.665639803710986,-1.8157928652810575
52.425000000000004,-60.39466194169001,0.08476428707656286,0.4586685643115943,0.3891053693975944,-3.7005564789426484,13.703109168361374,-1.802298582507003
52.45,-60.34965445137055,0.08518117672482693,0.45857994804115676,0.38911131026798645,-3.7531696022404586,13.741089555872598,-1.788796335411164
52.475,-60.30461695563572,0.08559981747004752,0.4584864224956967,0.38912069041243474,-3.8064482676459845,13.77958644420944,-1.7752850866907166
52.5,-60.25954590922454,0.086020239116452,0.4583879909652771,0.3891335002602551,-3.860402722807034,13.818605456342349,-1.7617637727673625
52.525000000000006,-60.21443767636026,0.08644247247962775,0.4582846563206458,0.3891497305458691,-3.9150435127076877,13.858152365426152,-1.7482313029080785
52.550000000000004,-60.16928852767915,0.08686654941931354,0.45817642100184175,0.3891693723157974,-3.9703814917428026,13.898233100199066,-1.7346865583037447
52.575,-60.12409463701178,0.0872925028736261,0.4580632870063711,0.3891924169359031,-4.026427836351747,13.93885375061357,-1.7211283911035338
52.6,-60.078852078009795,0.08772036689479303,0.4579452558769323,0.38921885609889606,-4.0831940582415855,13.980020573710789,-1.7075556234029385
52.625,-60.03355682061026,0.08815017668647111,0.45782232868866846,0.38924868183211087,-4.140692018232247,14.021739999751011,-1.6939670461830771
52.650000000000006,-59.988204727329524,0.08858196864273075,0.4576945060359252,0.38928188650557366,-4.1989339407579465,14.064018638613792,-1.680361418198857
52.675000000000004,-59.942791549378,0.0890157803887924,0.4575617880184893,0.3893184628403707,-4.25793242906134,14.106863286481603,-1.6667374648134
52.7,-59.89731292258654,0.08945165082360805,0.457424174227283,0.389358403917334,-4.317700481119512,14.150280932822044,-1.6530938767759629
52.725,-59.85176436313492,0.08988962016438189,0.45728166372948853,0.3894017031860611,-4.378251506342813,14.194278767684542,-1.6394293089404754
52.75,-59.80614126307206,0.09032972999313421,0.45713425505307315,0.38944835447428366,-4.439599343090821,14.238864189328078,-1.6257423789216168
52.775000000000006,-59.760438885617035,0.09077202330541576,0.45698194617068716,0.3894983519976051,-4.501758277052175,14.284044812198195,-1.6120316656851101
52.800000000000004,-59.71465236022944,0.09121654456128712,0.4568247344829017,0.3895516903696234,-4.564743060538194,14.329828475271771,-1.5982957080688307
52.825,-59.66877667743661,0.09166333973868582,0.456662616800755,0.3896083646124614,-4.6285689327437085,14.376223250790073,-1.5845330032309832
52.85,-59.62280668340491,0.09211245638930779,0.45649558932757145,0.38966837016772216,-4.6932516410315595,14.423237453401006,-1.5707420050214729
52.875,-59.5767370742411,0.0925639436971416,0.4563236476400172,0.38973170290789483,-4.758807463301569,14.470879649733654,-1.5569211222723303
52.900000000000006,-59.530562390008974,0.09301785253979956,0.4561467866683524,0.38979835914823124,-4.8252532315085235,14.519158668428966,-1.543068717002692
52.925000000000004,-59.48427700844583,0.09347423555279899,0.4559650006758405,0.38986833565911966,-4.892606356398105,14.56808361065236,-1.5291831025337486
52.95,-59.437875138361875,0.0939331471969594,0.4557782832372696,0.3899416296789804,-4.960884853534866,14.617663861115524,-1.5152625415085623
52.975,-59.39135081270494,0.09439464382908562,0.45558662721654036,0.3900182389277116,-5.030107370700524,14.667909099636596,-1.5013052438114827
53.0,-59.344697881271735,0.09485878377612494,0.45539002474327184,0.3900981616207133,-5.100293216747455,14.7188293132694,-1.4873093643815203
53.025000000000006,-59.29791000304514,0.09532562741299229,0.45518846718837247,0.3901813964835214,-5.171462391997183,14.770434809035267,-1.4732730009135415
53.050000000000004,-59.25098063813668,0.09579523724427308,0.4549819451385228,0.3902679427670827,-5.243635620280629,14.822736227291982,-1.4591941914410043
53.075,-59.203903039310646,0.09626767799002758,0.4547704483695098,0.39035780026370737,-5.316834382723724,14.875744555778121,-1.4450709117931935
53.1,-59.156670243065975,0.09674301667593081,0.4545539658183528,0.39045096932373324,-5.391080953388873,14.92947114437227,-1.4309010729197922
53.125,-59.109275060249615,0.09722132272800338,0.45433248555415373,0.3905474508729425,-5.466398436891603,14.98392772061029,-1.4166825180748843
53.150000000000006,-59.06171006617356,0.09770266807220092,0.4541059947476032,0.39064724643077064,-5.54281080811971,15.039126406006247,-1.402413019852068
53.175000000000004,-59.013967590205915,0.09818712723914884,0.45387447963906774,0.3907503581293518,-5.620342954191822,15.095079733225882,-1.3880902770617745
53.2,-58.96603970480406,0.09867477747433201,0.45363792550517806,0.3908567887334471,-5.699020718802961,15.151800664165064,-1.373711911441218
53.225,-58.917918213956106,0.09916569885406208,0.45339631662383717,0.3909665416613046,-5.778870949114483,15.209302608989056,-1.3592754641868317
53.25,-58.86959464099408,0.09965997440757633,0.4531496362375562,0.39107962100650406,-5.859921545359149,15.267599446192609,-1.344778392298224
53.275000000000006,-58.82106021574006,0.10015769024563982,0.45289786651502484,0.3911960315608416,-5.942201513343946,15.32670554374517,-1.3302180647220183
53.300000000000004,-58.77230586094337,0.10065893569605074,0.4526409885108133,0.39131577883831387,-6.025741020047715,15.386635781389906,-1.3155917582830106
53.325,-58.72332217796405,0.10116380344647903,0.4523789821230985,0.39143886910026526,-6.110571452526229,15.447405574170734,-1.3008966533892148
53.35,-58.674099431654845,0.10167238969509378,0.4521118260492996,0.3915653093817649,-6.196725480353171,15.509030897266245,-1.2861298294964534
53.375,-58.62462753438993,0.10218479430947253,0.451839497739498,0.3916951075192859,-6.284237121844301,15.571528312216003,-1.2712882603169788
53.400000000000006,-58.57489602918516,0.10270112099431808,0.4515619733475119,0.3918282721797628,-6.373141814331251,15.634914994630627,-1.2563688087555482
53.425000000000004,-58.52489407185046,0.10322147746854748,0.4512792276794843,0.39196481289110985,-6.463476488772998,15.699208763483998,-1.2413682215551383
53.45,-58.474610412110216,0.10374597565236059,0.45099123413983244,0.39210474007428703,-6.555279649016526,15.764428112093782,-1.2262831236330647
53.475,-58.42403337362312,0.10427473186493671,0.45069796467440065,0.392248065077007,-6.648591456043142,15.83059224090396,-1.2111100120869351
53.5,-58.37315083282736,0.10480786703346127,0.4503993897106415,0.3923948002091834,-6.743453817565398,15.897721092192464,-1.1958452498482088
53.525000000000006,-58.32195019653129,0.10534550691423354,0.4500954780946418,0.3925449587802271,-6.83991048336953,15.965835386836453,-1.180485058959387
53.550000000000004,-58.27041837816374,0.105887782326664,0.44978619702479594,0.39269855513830465,-6.938007146831448,16.034956663277917,-1.1650255134491216
53.575,-58.21854177259101,0.10643482940103595,0.44947151198191215,0.3928556047116821,-7.037791553071544,16.10510731884449,-1.1494625317773028
53.6,-58.1663062294007,0.1069867898409658,0.44915138665552606,0.39301612405228525,-7.139313614251966,16.176310653591635,-1.1337918688202109
53.625,-58.11369702454395,0.10754381120157805,0.4488257828661743,0.39318013088161685,-7.242625532565319,16.24859091684704,-1.1180091073631857
53.650000000000006,-58.06069883021928,0.10810604718448512,0.4484946604833661,0.39334764413918377,-7.347781931510552,16.321973356652247,-1.102109649065784
53.675000000000004,-58.00729568287161,0.10867365795075093,0.44815797733896906,0.39351868403359475,-7.454839996104973,16.39648427231272,-1.086088704861482
53.7,-57.953470949169315,0.10924681045311438,0.44781568913570285,0.39369327209650523,-7.56385962273956,16.472151070285758,-1.0699412847507943
53.725,-57.89920728981126,0.10982567878884637,0.4474677493504139,0.3938714312395968,-7.674903579447532,16.549002323654417,-1.0536621869433773
53.75,-57.84448662100271,0.11041044457473338,0.4471141091317745,0.3940531858147928,-7.788037677427451,16.627067835457183,-1.0372459863008123
53.775000000000006,-57.789290073425676,0.11100129734579939,0.4467547171920253,0.39423856167793064,-7.90333095473882,16.706378706166664,-1.0206870220277025
53.800000000000004,-57.73359794851435,0.11159843497951465,0.4463895196923469,0.3944275862561232,-8.020855873173819,16.786967405635487,-1.0039793845543052
53.825,-57.67738967182916,0.11220206414738852,0.44601846012141366,0.39462028861906573,-8.140688529403457,16.868867849856684,-0.9871169015487481
53.85,-57.62064374330597,0.11281240079600148,0.44564147916664737,0.39481669955456056,-8.262908881600072,16.95211548291557,-0.9700931229917905
53.875,-57.56333768413603,0.11342967065971293,0.44525851457764737,0.3950168516485565,-8.387600992854441,17.036747364545366,-0.9529013052408088
53.900000000000006,-57.505447980011205,0.1140541098074743,0.44486950102122924,0.39522077937002376,-8.514853292833417,17.12280226373552,-0.9355343940033612
53.925000000000004,-57.44695002044444,0.11468596522638808,0.4444743699274591,0.39542851916101035,-8.64475885926556,17.210320758883416,-0.9179850061333319
53.95,-57.387818033849065,0.11532549544489568,0.44407304932601316,0.3956401095322565,-8.777415721001386,17.29934534502606,-0.9002454101547194
53.975,-57.32802501803147,0.115972971198725,0.44366546367214077,0.3958555911647743,-8.912927184567941,17.38992054873844,-0.8823075054094403
54.0,-57.267542665718906,0.1166286761430234,0.44325153366143943,0.39607500701783444,-9.051402186334725,17.482093051341575,-0.8641627997156718
54.025000000000006,-57.206341284708785,0.11729290761441026,0.44283117603258415,0.39629840244384124,-9.19295567262408,17.575911821125374,-0.8458023854126352
54.050000000000004,-57.14438971218603,0.1179659774470303,0.4424043033570765,0.3965258253106174,-9.33770901034195,17.671428255359743,-0.8272169136558097
54.075,-57.08165522271116,0.11864821284707625,0.44197082381499014,0.3967573261316683,-9.485790430976547,17.768696332944554,-0.8083965668133487
54.1,-57.018103429333344,0.1193399573306662,0.4415306409556015,0.3969929582050434,-9.637335511114204,17.867772778633054,-0.789331028800003
54.125,-56.953698177228176,0.12004157173043693,0.4410836534416856,0.3972327777614715,-9.792487692962093,17.96871723985886,-0.7700094531684527
54.150000000000006,-56.888401429200236,0.12075343527673084,0.440629754776144,0.39747684412250706,-9.95139884874725,18.07159247730157,-0.7504204287600708
54.175000000000004,-56.82217314232322,0.12147594675983173,0.4401688330095068,0.39772521986949144,-10.114229893288275,18.176464570443482,-0.7305519426969667
54.2,-56.75497113491577,0.12220952578034935,0.439700770426704,0.3979779710242131,-10.281151449516832,18.283403139502546,-0.710391340474731
54.225,-56.686750942968175,0.12295461409556042,0.43922544321135143,0.3982351672422285,-10.452344572265067,18.392481585272026,-0.6899252828904522
54.25,-56.61746566504179,0.12371167707031416,0.4387427210856162,0.39849688201990363,-10.6280015362455,18.503777348563872,-0.6691396995125373
54.275000000000006,-56.54706579455864,0.12448120524199326,0.43825246692353553,0.39876319291633633,-10.808326694836607,18.61737219113706,-0.6480197383675922
54.300000000000004,-56.47549903828247,0.1252637160100108,0.43775453633544503,0.39903418179143474,-10.993537417064694,18.73335250019988,-0.6265497114847413
54.325,-56.40271011966091,0.12605975546143272,0.43724877722092786,0.3993099350615555,-11.183865111053356,18.85180961880982,-0.6047130358982727
54.35,-56.32864056555193,0.12686990034554732,0.4367350292874304,0.3995905439742471,-11.379556343208137,18.9728402047575,-0.5824921696655785
54.375,-56.25322847469168,0.12769476021159767,0.4362131235313798,0.3998761049038023,-11.580874063538808,19.09654662081916,-0.5598685424075043
54.400000000000006,-56.17640826607436,0.12853497972544597,0.43568288167830227,0.4001667196695026,-11.788098948809512,19.223037359598816,-0.5368224798223081
54.425000000000004,-56.09811040520455,0.12939124118268935,0.4351441155780565,0.40046249587863425,-12.001530876675531,19.352427506561227,-0.5133331215613651
54.45,-56.01826110594374,0.13026426723772228,0.4345966265508625,0.40076354729658153,-12.221490545642606,19.484839245290196,-0.48937833178312284
54.475,-55.93678200540445,0.13115482387045224,0.43404020467932486,0.4010699942465495,-12.448321257598161,19.620402409495757,-0.4649346016213357
54.5,-55.853589809038944,0.13206372361489183,0.4334746280410939,0.40138196404175336,-12.682390881859822,19.75925508685381,-0.439976942711683
54.525000000000006,-55.76859590272333,0.13299182907667914,0.43289966187619044,0.4016995914532276,-12.924094022202096,19.901544280397534,-0.41447877081699785
54.550000000000004,-55.68170592824324,0.13394005676978854,0.4323150576823132,0.4020230192167646,-13.17385441121416,20.047426633907012,-0.38841177847297176
54.575,-55.592819318137295,0.13490938130634028,0.43172055223064515,0.4023523985829007,-13.432127559674088,20.197069228576236,-0.3617457954411883
54.6,-55.50182878534216,0.13590083997754088,0.43111586649377004,0.4026878899143216,-13.699403692463134,20.35065045918899,-0.33444863560264865
54.625,-55.40861976249552,0.1369155377685042,0.43050070447626465,0.4030296633355813,-13.976211006987839,20.50836099913193,-0.30648592874865555
54.650000000000006,-55.31306978508141,0.1379546528550596,0.4298747519373513,0.40337789944061964,-14.26311929521883,20.670404864832953,-0.2778209355244229
54.675000000000004,-55.21504781183083,0.1390194426367781,0.429237674993637,0.40373279006423285,-14.560743976423893,20.837000591667447,-0.2484143435492484
54.7,-55.114413474902676,0.14011125036745942,0.4285891185884044,0.40409453912442306,-14.869750594615876,21.008382535055745,-0.2182240424708027
54.725,-55.01101625134867,0.1412315124523402,0.4279287048121384,0.4044633635434239,-15.190859842823288,21.18480231242057,-0.18720487540460126
54.75,-54.904694546184395,0.14238176649051032,0.4272560310569037,0.4048394942562077,-15.524853185742788,21.366530403934206,-0.15530836385531827
54.775000000000006,-54.79527467602355,0.14356366015162184,0.42657066798481325,0.40522317731642943,-15.87257916339294,21.553857932613266,-0.12248240280706568
54.800000000000004,-54.68256974064897,0.1447789609881928,0.4258721572880755,0.40561467511108734,-16.23496047136635,21.747098647385286,-0.08867092219469157
54.825,-54.56637836805349,0.14602956729892752,0.4251600092149096,0.4060142676967106,-16.613001928542605,21.946591136337556,-0.05381351041604745
54.85,-54.44648331634234,0.1473175201747922,0.4244336998319156,0.40642225427164286,-17.007799461114068,22.15270130155776,-0.017844994902701215
54.875,-54.32264991338683,0.14864501687853288,0.4236926679891491,0.4068389548010399,-17.420550253043793,22.365825131916157,0.01930502598395023
54.900000000000006,-54.19462431219454,0.15001442573032198,0.4229363119491034,0.40726471181356694,-17.852564238263934,22.586391815954002,0.05771270634163769
54.925000000000004,-54.062131536530444,0.15142830269784624,0.4221639856348743,0.40769989239154175,-18.30527713984333,22.81486724391583,0.09746053904086693
54.95,-53.924873287290225,0.15288940991907005,0.4213749944458262,0.4081448903794887,-18.780265296984982,23.051757956105497,0.13863801381293256
54.975,-53.7825254753766,0.15440073642088745,0.4205685905808897,0.40860012883983293,-19.27926256325131,23.29761560441741,0.1813423573870196
55.0,-53.634735441213834,0.15596552133791916,0.4197439677999353,0.409066062788878,-19.80417961034888,23.5530420054231,0.2256793676358498
55.025000000000006,-53.48111881438745,0.15758727998392583,0.4189002555422114,0.4095431822514016,-20.357126032942695,23.818694877170714,0.27176435568376506
55.050000000000004,-53.32125595899958,0.1592698331851169,0.4180365123072185,0.410032015678324,-20.940435723571902,24.095294368375956,0.3197232123001264
55.075,-53.15468794092715,0.1610173403517288,0.4171517181871677,0.41053313377914336,-21.556696075594107,24.383630508557772,0.36969361772185605
55.1,-52.98091194194569,0.16283433684364848,0.41624476642080294,0.4110471538294136,-22.2087816796502,24.68457173165604,0.4218264174162925
55.125,-52.79937603223976,0.16472577628011476,0.4153144538151381,0.41157474452375564,-22.899893309745917,24.999074654720143,0.4762871903280711
55.150000000000006,-52.60947319668619,0.16669707855563926,0.4143594698537594,0.41211663145707955,-23.633603154062804,25.328195328560184,0.5332580409941435
55.175000000000004,-52.41053449087052,0.16875418445799295,0.4133783842767123,0.41267360333127906,-24.41390743978404,25.67310222031376,0.5929396527388447
55.2,-52.201821179343504,0.17090361794396605,0.4123696328763333,0.4132465190021862,-25.24528783900096,26.035091240601545,0.6555536461969488
55.225,-51.98251568023335,0.17315255732015447,0.41133150120412315,0.4138363155026729,-26.132783334738434,26.41560319272747,0.7213452959299956
55.25,-51.7517111058588,0.17550891680617148,0.4102621058238725,0.41444401720331053,-27.082074585658308,26.81624410130921,0.7905866682423592
55.275000000000006,-51.508399147030865,0.17798144023474774,0.4091593726733165,0.4150707463029404,-28.09958327181122,27.238808976721433,0.8635802558907407
55.300000000000004,-51.25145599752142,0.1805798089775188,0.4080210120075588,0.4157177348791763,-29.192589453022418,27.68530969485617,0.9406632007435746
55.325,-50.979625952519825,0.18331476658955012,0.4068444892886297,0.41638633877485076,-30.36937065264143,28.15800782546274,1.0222122142440526
55.35,-50.69150223806213,0.1861982631552496,0.40562699125228385,0.41707805365276013,-31.639367225717532,28.659453435148556,1.1086493285813617
55.375,-50.38550453398926,0.18924362291224764,0.40436538621994894,0.4177945336203317,-33.013379623813286,29.19253113396813,1.2004486398032213
55.400000000000006,-50.05985253675374,0.19246573945096423,0.4030561775240857,0.4185376129112393,-34.50380448029277,29.760514941672422,1.2981442389738789
55.425000000000004,-49.712534765126655,0.19588130366362358,0.40169544867152523,0.4193093312166247,-36.124918073650925,30.367133939827713,1.4023395704620036
55.45,-49.34127163516317,0.19950907068035734,0.4002787985732691,0.4201119633895933,-37.89321775946782,31.01665117366597,1.51371850945105
55.475,-48.943471612926864,0.20337017332011037,0.3988012648123769,0.4209480544095082,-39.82783448534751,31.713958904928862,1.633058516121941
55.5,-48.516178985230084,0.20748849114400864,0.39725723249695155,0.4218204606954709,-41.9510326223984,32.46469413661977,1.7612463044309747
55.525000000000006,-48.056011459388515,0.2118910860754883,0.39564032575056135,0.4227323991113382,-44.28881717357255,33.27537938845904,1.8992965621834457
55.550000000000004,-47.55908540099492,0.2166087177908917,0.3939432783359635,0.4236875053201672,-46.87167305947924,34.15359507172052,2.048374379701525
55.575,-47.02092603219738,0.2216764547225173,0.39215777931966034,0.42468990353912484,-49.73546670637545,35.10819159088845,2.209822190340786
55.6,-46.43635933225247,0.2271343995619887,0.3902742891364135,0.42574429023424776,-52.922546545503906,36.14955161371116,2.3851922003242585
55.625,-45.79938170399289,0.23302855155481916,0.3882818210535159,0.42685603489757507,-56.48308605218647,37.28991596431354,2.576285488802132
55.650000000000006,-45.103002705823656,0.23941183146907186,0.3861676831534541,0.4280313017867555,-60.47671998094884,38.543790513915326,2.7851991882529035
55.675000000000004,-44.33905534016227,0.24634529851445533,0.3839171770860213,0.4292771973948094,-64.97453011048395,39.92845652726131,3.0143833979513195
55.7,-43.49796763353503,0.253899590897353,0.38151325294644695,0.4306019494580636,-70.06143835181135,41.46461347236383,3.26670970993949
55.725,-42.56848874152358,0.26215662163180714,0.3789361263817752,0.4320151244765855,-75.8390573229392,43.177191640641986,3.5455533775429258
55.75,-41.537362946741986,0.2712115559730785,0.37616287720961256,0.4335278919266376,-82.42902208719488,45.096382333095654,3.854891115977404
55.775000000000006,-40.38894638965117,0.2811750816006873,0.3731670729213409,0.4351533443863535,-89.97676522852336,47.25894592437151,4.19941608310465
55.800000000000004,-39.10476541499004,0.29217594917981,0.36991850205564925,0.4369068832618417,-98.65557264295728,49.709872369720166,4.584670375502988
55.825,-37.66302414874223,0.3043636952879412,0.3663831700635309,0.4388066789129982,-108.67052254436393,52.504483030174065,5.017192755377331
55.85,-36.03808587462943,0.31791133937162175,0.36252381147433305,0.4408742103468066,-120.26148980566724,55.71107295769622,5.50467423761117
55.875,-34.199983670178526,0.3330176365696887,0.3583013041776896,0.44313488091418873,-133.70367519753444,59.414190065098786,6.056104898946442
55.900000000000006,-32.1140694930783,0.3499081192380081,0.35367749949919286,0.4456186888395102,-149.30292399333217,63.71861383077738,6.681879152076511
55.925000000000004,-29.741000612493067,0.3688336111108175,0.3486199999819693,0.4483608993137888,-167.38120784170263,68.7539967431613,7.39379981625208
55.95,-27.037405496249573,0.3900641003317234,0.34310911295745516,0.45140261081943245,-188.24484507461978,74.6799038239833,8.204878351125128
55.975,-23.957786021862752,0.41387484140269115,0.33714630784911664,0.45479102426358753,-212.12440533432206,81.6905243128757,9.128764193441175
56.0,-20.458500099259865,0.4405205804571676,0.3307619499668933,0.4585791050642593,-239.07204246139295,90.01748510027716,10.17854997022204
56.025000000000006,-16.50495932225532,0.4701936019556193,0.3240185648925143,0.4628241854720687,-268.80374693459805,99.92782983752926,11.364612203323405
56.050000000000004,-12.083216010626796,0.5029633398001315,0.3170060530106235,0.4675849315833883,-300.491367690399,111.71243693172693,12.69113519681196
56.075,-7.216320355434315,0.5387015481778595,0.30982846721005136,0.47291610441596266,-332.55781643262,125.65876309001702,14.151203893369706
56.1,-1.9833630668333626,0.5770084183558276,0.3025868508713696,0.47886086176039777,-362.6119552279512,142.00298125438542,15.721091079949991
56.125,3.465311424211949,0.6171682880646503,0.29536516561685083,0.48544117348696336,-387.7288709447283,160.86354422250835,17.355693427263585
56.150000000000006,8.90769244888785,0.6581690422948335,0.2882240028822558,0.4926482458939684,-405.2138436528055,182.172289985079,18.988407734666353
56.175000000000004,14.074883623679106,0.6988052815684658,0.2812018437058689,0.5004361386340339,-413.6815287516654,205.63440714856523,20.538565087103734
56.2,18.70113564378736,0.7378505609488069,0.2743203649622503,0.5087219265965474,-413.87873332439284,230.74984554255283,21.926440693136204
56.225,22.582451198472338,0.7742465204170251,0.2675902616496859,0.5173939065096134,-408.61844067239036,256.90381367712837,23.090835359541703
56.25,25.61746256923869,0.8072440592465315,0.26101575574799835,0.5263259767225952,-401.7366390965135,283.4934261861615,24.001338770771603
56.275000000000006,27.8128931819737,0.8364557677884058,0.254597491414495,0.5353935462698233,-396.7025398773399,310.0342952839971,24.65996795459211
56.300000000000004,29.256751607377765,0.8618221504446434,0.2483342012826359,0.5444861378644976,-395.68310416276944,336.2066858085578,25.093125482213328
56.325,30.077792186226038,0.8835263081707949,0.24222361253563277,0.5535141271075165,-399.3867440407891,361.8401438854888,25.33943765586781
56.35,30.409961413115376,0.9018973707948927,0.23626293080980443,0.562409894094791,-407.4585985797459,386.8644923602736,25.439088423934614
56.375,30.370826860651857,0.9173294350675079,0.2304491010954234,0.5711253358584929,-419.019522916169,411.2581373593957,25.42734805819556
56.400000000000006,30.053490637842167,0.9302255726093497,0.22477895209543142,0.5796278726085201,-433.0804872489501,435.01113970839685,25.33214719135265
56.425000000000004,29.52715548645871,0.9409650772198006,0.21924927864496377,0.5878964266853205,-448.76411690130493,458.1061406594472,25.17424664593761
56.45,28.84151125535246,0.9498877120114936,0.21385689010059244,0.5959180791097777,-465.3781046955515,480.5125980778052,24.968553376605737
56.475,28.031832901486204,0.9572886423975457,0.20859863932383693,0.6036855691067368,-482.40884226615583,502.1883371685013,24.725649870445864
56.5,27.123356608501776,0.9634193033830942,0.20347144025151132,0.6111955366323374,-499.4856765706459,523.0839046819764,24.453106982550533
56.525000000000006,26.134547774598563,0.9684911381203759,0.19847227861922476,0.6184473275847501,-516.3423221826574,543.1471914570662,24.156464332379567
56.550000000000004,25.079357409355087,0.9726804266437654,0.1935982185385945,0.6254421910946762,-532.7854661029854,562.3272458549156,23.839907222806524
56.575,23.968709832003814,0.976133253762291,0.18884640655894655,0.6321827375112259,-548.6722413910576,580.5770157064737,23.50671294960114
56.6,22.811458886230962,0.9789701546247905,0.18421407420814984,0.6386725658002549,-563.8950916041778,597.8551159586369,23.15953766586929
56.625,21.61499613048997,0.9812902472175243,0.1796985396214209,0.6449160004890018,-578.3719190932247,614.1268293061803,22.80059883914699
56.650000000000006,20.385638233709432,0.9831748028349848,0.17529720863119877,0.650917900114465,-592.0397183134155,629.3645464654467,22.431791470112827
56.675000000000004,19.128876665663224,0.9846902752126588,0.1710075755466437,0.656683513333318,-604.8504042845292,643.5478152126764,22.05476299969897
56.7,17.84954211092581,0.9858908397400613,0.16682722376235895,0.6622183677578795,-616.7679894560164,656.663125372169,21.670962633277743
56.725,16.551916072222,0.9868205045576326,0.16275382628086338,0.6675281820642341,-627.7665809094586,668.703521779739,21.2816748216666
56.75,15.239809591116686,0.9875148555099961,0.15878514619866368,0.6726187952700954,-637.828878816549,679.6681108056669,20.888042877335003
56.775000000000006,13.916621289510319,0.9880024923146298,0.1549190371835391,0.6774961091343515,-646.9449871676068,689.5615070264452,20.491086386853095
56.800000000000004,12.5853822167042,0.9883062067818839,0.15115344395584254,0.6821660409021659,-655.1114262565109,698.3932531743096,20.09171466501126
56.825,11.248792108837991,0.9884439469739444,0.1474864027762654,0.6866344844198972,-662.3302827882595,706.177236907601,19.690737632651395
56.85,9.909249907680303,0.9884296045510002,0.14391604193487134,0.6909072781588735,-668.6084604904544,712.9311210154373,19.28887497230409
56.875,8.568880304566946,0.9882736565523106,0.14044058223002429,0.6949901790273628,-673.9570096398124,718.6757985685979,18.886764091370082
56.900000000000006,7.229557407624938,0.9879836876122378,0.1370583374205558,0.6988888410822363,-678.3905227035583,723.4348807087829,18.48496722228748
56.925000000000004,5.892926216290141,0.9875648141186563,0.1337677146296226,0.7026087984159793,-681.9265881580004,727.2342218729847,18.083977864887043
56.95,4.5604223294659025,0.987020028030604,0.13056721467393267,0.7061554516151874,-684.5852971410299,730.1014850402903,17.68422669883977
56.975,3.233290153154777,0.9863504749071462,0.12745543228728232,0.7095340572783457,-686.3887988954649,732.065747901257,17.28608704594643
57.0,1.9125997732870905,0.9855556780772722,0.12443105620247395,0.7127497201529197,-687.3609015378196,733.1571495680274,16.889879931986126
57.025000000000006,0.599262596963807,0.984633718720674,0.12149286905080509,0.7158073875102269,-687.5267148756823,733.4065764792655,16.49587877908914
57.050000000000004,-0.7059541739881221,0.9835813798576367,0.1186397470334644,0.7187118454249855,-686.9123319906882,732.8453854405537,16.104313747803563
57.075,-2.002414198944109,0.9823942607976447,0.11587065931451723,0.7214677166672708,-685.5445462208303,731.5051612204189,15.715375740316766
57.1,-3.289599758912988,0.9810668674120262,0.11318466708115307,0.7240794599487045,-683.4506000147691,729.417505793781,15.329220072326104
57.125,-4.567100619191525,0.9795926826344666,0.11058092221336813,0.7265513702958389,-680.657962181759,726.6138559868475,14.945969814242543
57.150000000000006,-5.834603982946788,0.9779642207959789,0.10805866550382505,0.7288875803463348,-677.1941297360796,723.1253262990118,14.565718805115964
57.175000000000004,-7.091885550730574,0.9761730687584107,0.10561722436835123,0.7310920623876812,-673.0864507663323,718.9825734383817,14.188534334780828
57.2,-8.33880169648193,0.9742099162670925,0.10325600999055538,0.7331686309748052,-668.3619646165968,714.2156791996713,13.814459491055421
57.225,-9.575282780598249,0.9720645774908144,0.10097451385019297,0.735120945978729,-663.047255788276,708.8540483170717,13.443515165820525
57.25,-10.801327625386104,0.9697260053268499,0.09877230359530238,0.7369525159311188,-657.1683180855703,702.9263180129311,13.075701712384168
57.275000000000006,-12.016999182259662,0.9671822997038745,0.09664901823347244,0.7386667015401027,-650.7504257108658,696.4602760882796,12.711000245322102
57.300000000000004,-13.222421422354476,0.9644207108006072,0.09460436263842967,0.7402667192614834,-643.8180082663313,689.48278457003,12.349373573293658
57.325,-14.417777482175186,0.9614276377999872,0.09263810139477936,0.7417556448168007,-636.3945269403355,682.0197061453338,11.990766755347446
57.35,-15.603309092858543,0.9581886235074379,0.09075005203618178,0.7431364165560228,-628.5023495560848,674.0958308808412,11.635107272142436
57.375,-16.779317315090474,0.9546883448695211,0.08894007776984031,0.7444118385684413,-620.1626226359986,665.7348010479656,11.282304805472858
57.400000000000006,-17.946164591197412,0.950910599131292,0.0872080798217906,0.7455845834510443,-611.3951391860315,656.9590322583799,10.932250622640774
57.425000000000004,-19.104278111234972,0.9468382850651442,0.08555398958115813,0.7466571946497327,-602.2182015211976,647.7896295578176,10.584816566629508
57.45,-20.254154471044718,0.9424533783924988,0.08397776076470179,0.7476320882956751,-592.6484791236313,638.2462976284107,10.239853658686586
57.475,-21.39636557751962,0.9377369002077232,0.08247936186242721,0.7485115544672917,-582.7008622303288,628.3472448042272,9.897190326744115
57.5,-22.531565730316576,0.9326688769102465,0.08105876915720678,0.7492977578182008,-572.3883125696966,618.1090812005759,9.556630280905027
57.525000000000006,-23.6604997806499,0.9272282898693697,0.07971596063263174,0.7499927375232545,-561.7217133874642,607.5467118823926,9.217950065805029
57.550000000000004,-24.78401223733641,0.9213930128042439,0.07845091109047939,0.7505984065087846,-550.7097216141442,596.6732266363591,8.880896328799077
57.575,-25.90305715837373,0.91513973468097,0.07726358878983762,0.7511165499495766,-539.3586257336924,585.499788554037,8.54518285248788
57.6,-27.018708632825383,0.9084438658370448,0.07615395389306857,0.7515488230340299,-527.6722136444749,574.0355242750038,8.210487410152385
57.625,-28.132171621505563,0.9012794250735807,0.07512195895999545,0.7518967480207007,-515.6516556162576,562.2874193869343,7.876448513548331
57.650000000000006,-29.244792883200052,0.8936189056495323,0.07416755167351703,0.7521617106342328,-503.2954084344219,550.2602231591096,7.5426621350399845
57.675000000000004,-30.35807166138411,0.8854331185224749,0.07329067991161604,0.7523449558771411,-490.5991481187141,537.9563675438869,7.208678501584767
57.7,-31.47366973769084,0.8766910118768944,0.07249129920836077,0.7524475833668945,-477.5557403846752,525.3759062907907,6.873999078692748
57.725,-32.5934203631481,0.8673594670575088,0.07176938257704671,0.7524705423465833,-464.15526049960005,512.5164811822709,6.5380738910555705
57.75,-33.719335443963956,0.8574030726099449,0.07112493260953105,0.752414626564083,-450.3850776250299,499.3733239490748,6.200299366810813
57.775000000000006,-34.85361016985706,0.8467838804010239,0.0705579957243416,0.7522804692715717,-436.23002341518674,485.93930451291163,5.860016949042881
57.800000000000004,-35.99862401123736,0.835461150987543,0.07006867841851788,0.7520685386677385,-421.6726708414235,472.2050390086651,5.516512796628792
57.825,-37.15693665627543,0.823391099852713,0.06965716538889141,0.7517791341927672,-406.69375719394844,458.1590747364684,5.169019003117372
57.85,-38.33127698836575,0.8105266622671052,0.0693237394295809,0.7514123841952408,-391.2727951390099,443.7881739457084,4.816716903490275
57.875,-39.52452259868618,0.7968173029151553,0.06906880308202691,0.7509682456242405,-375.388927546366,429.0777242595199,4.458743220394145
57.900000000000006,-40.73966657388424,0.7822089077539898,0.06889290210452718,0.7504465065617898,-359.0220951323791,414.01231058879057,4.094200027834727
57.925000000000004,-41.97976739681847,0.766643810653097,0.06879675092402693,0.7498467926004798,-342.1545997040666,398.5764913114134,3.72216978095446
57.95,-43.247876779266775,0.7500610270694297,0.06878126030499544,0.7491685782840354,-324.77315775170246,382.75582967307986,3.3417369662199676
57.975,-44.54693919140143,0.7323967921025636,0.06884756747055695,0.7484112050524557,-306.8715454142709,366.53823854925895,2.952018242579572
58.0,-45.879655929744615,0.7135855310666623,0.06899706876485803,0.7475739073442983,-288.45392999982454,349.9157007010744,2.5522032210766157
58.025000000000006,-47.24830606862605,0.6935614264805717,0.06923145454409234,0.7466558486664739,-269.5389554276377,332.88642392193066,2.141608179412185
58.050000000000004,-48.654517049528,0.6722607833087362,0.06955274518052638,0.7456561694853857,-250.16458519729844,315.45747568995506,1.719744885141599
58.075,-50.098979695343616,0.6496254279117841,0.06996332568433115,0.7445740486369719,-230.39358886605632,297.6479077224773,1.2864060913969155
58.1,-51.581107070001266,0.6256073931338355,0.07046597432037764,0.7434087794887189,-210.3193670008774,279.49231788788086,0.8417678789996202
58.125,-53.098645009852945,0.6001751214431336,0.07106387762528411,0.7421598611917447,-190.07153054124672,261.0446953609172,0.38650649704411677
58.150000000000006,-54.64725544541514,0.573321328791448,0.07176062052192815,0.7408271039221379,-169.82028699427275,242.3822474772131,-0.07807663362454206
58.175000000000004,-56.22011230078634,0.5450724731184279,0.07256013628606867,0.7394107449625604,-149.77828119385634,223.60871525435854,-0.5499336902359019
58.2,-57.807572689569405,0.5154994210620006,0.07346659805657958,0.7379115698573084,-130.19820280617662,204.85646975077086,-1.0261718068708212
58.225,-59.397009280314286,0.4847283817465416,0.07448423326634829,0.7363310298978847,-111.36440333405602,186.28649481404452,-1.5030027840942857
58.25,-60.97290495267255,0.45295051150902205,0.0756170472902426,0.7346713443030017,-93.57722863404982,168.0852930649258,-1.975771485801765
58.275000000000006,-62.51730615545054,0.42042792629029313,0.07686845515500243,0.7329355733383462,-77.13001076881591,150.45792023142505,-2.439091846635162
58.300000000000004,-64.01069389966042,0.3874934620554027,0.07824084118011468,0.7311276481596761,-62.280699817905436,133.61686617488522,-2.887108169898127
58.325,-65.43325470980398,0.3545417676505946,0.07973509327568659,0.7292523452485555,-49.22252753787704,117.76737931960885,-3.3138764129411924
58.35,-66.76642763891151,0.3220105093566871,0.08135018386363667,0.7273151985113938,-38.05992394014739,103.09092052351404,-3.7138282916734524
58.375,-67.99449843568104,0.29035260750742947,0.08308288184034068,0.7253223502408224,-28.795972389585422,89.72937592706485,-4.082249530704311
58.400000000000006,-69.10595319151207,0.2600029864942851,0.0849276694021466,0.7232803518957122,-21.335308688905556,77.77300295201397,-4.415685957453621
58.425000000000004,-70.09432863511739,0.23134532494641652,0.08687690129132997,0.7211959346798461,-15.502089854103028,67.25452155130704,-4.712198590535217
58.45,-70.95840850496046,0.20468477380011382,0.08892119139968299,0.7190757754543713,-11.068255987436386,58.150371130546965,-4.971422551488137
58.475,-71.70177615190521,0.18023120800021686,0.0910499612393995,0.7169262836815787,-7.784808047794329,50.388428554098205,-5.194432845571562
58.5,-72.33187977249415,0.1580948324576786,0.09325205498419387,0.7147534297711635,-5.409191169168684,43.86009071637003,-5.383463931748244
58.525000000000006,-72.8588467585252,0.1382930112390126,0.09551632511349689,0.7125626262394776,-3.724482904266133,38.434033315866266,-5.54155402755756
58.550000000000004,-73.29428260863834,0.12076509907708635,0.0978321165211037,0.7103586633887347,-2.549352908523073,33.969215879809106,-5.6721847825915015
58.575,-73.65022896408556,0.10539130662641202,0.1001896122070347,0.708145693360473,-1.7402563741867743,30.32550886186729,-5.778968689225667
58.6,-73.9383719571331,0.0920120545372266,0.10258003688836792,0.7059272517873617,-1.1884586295683284,27.371255536352937,-5.8654115871399295
58.625,-74.16951801486798,0.08044533885771289,0.10499573784268018,0.7037063048824096,-0.8144615142144787,24.987837004166423,-5.934755404460392
58.650000000000006,-74.35330540549664,0.0705008098720473,0.10743017320120572,0.7014853108104092,-0.5617552933569608,23.071756328424563,-5.989891621648992
58.675000000000004,-74.49809732248148,0.0619902223828312,0.10987783917570675,0.6992662864693935,-0.3910422232920495,21.534920536817317,-6.033329196744445
58.7,-74.61099932981587,0.05473453049740748,0.11233416325172188,0.6970508734335251,-0.2754442248363062,20.303769538583314,-6.067199798944761
58.725,-74.69795193775619,0.048568203182007746,0.1147953836853573,0.6948403991838078,-0.19679819042271213,19.317776265025476,-6.093285581326856
58.75,-74.76386106130504,0.043341418152391724,0.11725842897817172,0.6926359316150039,-0.1429300271803188,18.52769339045705,-6.11305831839151
58.775000000000006,-74.81274092981734,0.038920744396135645,0.11972080549301353,0.6904383261147352,-0.10571903996703212,17.8937881327934,-6.127722278945201
58.800000000000004,-74.84785372731322,0.03518881889793737,0.12218049732776258,0.6882482653391037,-0.07975874021767196,17.384203127076088,-6.138256118193966
58.825,-74.87183736394216,0.03204340553407762,0.12463587986505381,0.6860662922739873,-0.06144758661329325,16.973509328766273,-6.1454512091826485
58.85,-74.88681756088934,0.02939611681453194,0.12708564677655787,0.6838928373855208,-0.04837981929845718,16.641471086822705,-6.149945268266802
58.875,-74.89450339087377,0.027170991344608954,0.12952874937385142,0.681728240719147,-0.03894100863257092,16.372017021700323,-6.152251017262129
58.900000000000006,-74.89626708573192,0.025303052853113586,0.13196434680525435,0.6795727697712562,-0.032041001681975476,16.152396864897014,-6.152780125719576
58.925000000000004,-74.89320974269128,0.0237369280102044,0.13439176550572876,0.6774266338759496,-0.026938057177847353,15.972499087644328,-6.151862922807385
58.95,-74.88621485860504,0.022425566417464595,0.13681046638182992,0.6752899957501889,-0.023123061575883588,15.824303533499162,-6.1497644575815125
58.975,-74.8759916207228,0.021329083481146212,0.13922001836991713,0.6731629807400331,-0.020243167322535203,15.701445123664337,-6.14669748621684
59.0,-74.8631097281063,0.020413732286227046,0.1416200771915172,0.6710456842173774,-0.01805125763057834,15.59886764077412,-6.142832918431888
59.025000000000006,-74.84802729779004,0.019651001642129254,0.14401036831549766,0.6689381774945393,-0.016372340474241902,15.512549818683462,-6.138308189337011
59.050000000000004,-74.83111317487645,0.019016832355700924,0.14639067330764816,0.6668405125541333,-0.015081065685348236,15.439289049015338,-6.133233952462935
59.075,-74.81266474274904,0.01849094119805636,0.14876081889806098,0.6647527258334656,-0.01408657832733693,15.376530763435236,-6.12769942282471
59.1,-74.79292213086408,0.018056241056545123,0.15112066822387418,0.6626748412549878,-0.013322235231753474,15.32223389769564,-6.121776639259225
59.125,-74.77207954722132,0.017698345778350704,0.1534701138107303,0.6606068726556502,-0.012738564841826585,15.274764792994533,-6.115523864166397
59.150000000000006,-74.75029432023442,0.017405148801745596,0.15580907194296167,0.658548825736885,-0.012298404904429464,15.232813479119978,-6.108988296070325
59.175000000000004,-74.72769411777556,0.01716646556286509,0.15813747814280438,0.6565006996320566,-0.011973513497631552,15.195327561927815,-6.102208235332666
59.2,-74.7043827162703,0.016973730686847224,0.16045528353555313,0.6544624881683629,-0.011742184684982055,15.161459956219202,-6.09521481488109
59.225,-74.68044461637119,0.016819742015674235,0.1627624519228792,0.6524341808844145,-0.011587554843762574,15.130527511442976,-6.088033384911356
59.25,-74.655948740683,0.01669844452841641,0.16505895742274046,0.6504157638521765,-0.01149638784081423,15.101978213133533,-6.0806846222049
59.275000000000006,-74.63095140039256,0.01660474813885755,0.1673447825631148,0.6484072203420391,-0.011458195046672734,15.075365142258377,-6.073185420117768
59.300000000000004,-74.60549867904658,0.01653437419492779,0.16961991673969823,0.646408531361905,-0.0114645915194643,15.050325766115213,-6.065549603713973
59.325,-74.5796283511187,0.01648372624952967,0.17188435496592805,0.6444196760949217,-0.011508820221390513,15.02656544099268,-6.057788505335609
59.35,-74.55337142877417,0.016449781325466283,0.17413809685812995,0.6424406322555548,-0.011585396841973296,15.00384424679266,-6.04991142863225
59.375,-74.5267534110611,0.0164299984642449,0.176381145810102,0.6404713763797346,-0.011689841957349281,14.981966461649584,-6.041926023318328
59.400000000000006,-74.49979529457613,0.016422241837348254,0.17861350832056955,0.6385118840616935,-0.01181847700159851,14.960772131672332,-6.033838588372839
59.425000000000004,-74.47251439263275,0.01642471611760484,0.1808351934442143,0.6365621301476173,-0.011968267287009447,14.940130306177302,-6.025654317789823
59.45,-74.44492500043481,0.016435912165954934,0.18304621234278065,0.6346220888942398,-0.012136700034138474,14.919933599170964,-6.017377500130442
59.475,-74.41703893620571,0.016454561393148527,0.18524657791735566,0.6326917340989381,-0.012321688696838324,14.900093808798452,-6.009011680861714
59.5,-74.38886598222683,0.01647959741400375,0.18743630450662538,0.6307710392066053,-0.012521497223278407,14.880538382252626,-6.00055979466805
59.525000000000006,-74.36041424497205,0.01651012383032259,0.18961540763884274,0.6288599773975714,-0.012734679575127965,14.861207557549534,-5.992024273491614
59.550000000000004,-74.33169044973273,0.01654538716316566,0.191783903827601,0.6269585216600282,-0.012960031035084892,14.842052048179843,-5.98340713491982
59.575,-74.30270018210351,0.016584754110960526,0.19394181040340905,0.6250666448497519,-0.01319654870703453,14.823031163970969,-5.974710054631052
59.6,-74.27344808628689,0.0166276924412096,0.19608914537456212,0.6231843197394096,-0.013443399250090174,14.804111283095374,-5.965934425886067
59.625,-74.24393802824521,0.01667375493412157,0.1982259273120448,0.6213115190592909,-0.013699892355310382,14.785264607271825,-5.957081408473563
59.650000000000006,-74.21417323018501,0.016722565889519213,0.2003521752541742,0.6194482155309798,-0.013965458819634822,14.766468145773146,-5.948151969055503
59.675000000000004,-74.18415638162014,0.016773809786607644,0.20246790862748623,0.6175943818951977,-0.014239632329236388,14.747702884641903,-5.9391469144860425
59.7,-74.1538897312655,0.01682722175194421,0.20457314718102182,0.6157499909348217,-0.014522034258036718,14.728953106095824,-5.930066919379648
59.725,-74.12337516321362,0.016882579546200913,0.20666791093166834,0.6139150154939134,-0.014812360933720852,14.710205829947862,-5.920912548964087
59.75,-74.09261426020119,0.016939696826717594,0.2087522201186553,0.612089428493428,-0.015110372935554029,14.691450354332709,-5.911684278060356
59.775000000000006,-74.06160835625259,0.01699841748181651,0.21082609516563297,0.6102732029441669,-0.015415886074563701,14.672677877400956,-5.902382506875777
59.800000000000004,-74.03035858056691,0.017058610865568778,0.2128895566490426,0.6084663119574328,-0.01572876377367913,14.65388118514937,-5.893007574170073
59.825,-73.99886589417368,0.017120167789174297,0.2149426252717255,0.6066687287537629,-0.016048910617967718,14.635054393367598,-5.883559768252103
59.85,-73.96713112060705,0.01718299714817405,0.21698532184088398,0.6048804266700604,-0.0163762668866382,14.616192733943526,-5.874039336182115
59.875,-73.93515497162292,0.017247023084070598,0.21901766724967903,0.603101379165381,-0.016710803911593065,14.597292377593629,-5.864446491486876
59.900000000000006,-73.90293806880113,0.017312182595178402,0.22103968246186334,0.601331559825588,-0.01705252013390845,14.57835028655343,-5.85478142064034
59.925000000000004,-73.8704809617255,0.01737842352516239,0.2230513884989499,0.5995709423670608,-0.01740143775114752,14.559364091955779,-5.845044288517651
59.95,-73.83778414331319,0.017445702869170528,0.2250528064295123,0.5978195006395984,-0.01775759986596264,14.540331991583345,-5.835235242993956
59.975,-73.80484806276519,0.01751398534707499,0.2270439573602623,0.5960772086286507,-0.018121068060832548,14.521252664465662,-5.825354418829556
60.0,-73.77167313652807,0.0175832422014028,0.2290248624286269,0.5943440404569753,-0.018491920335656328,14.502125199425386,-5.815401940958419
60.025,-73.9739617234356,0.017610716008752088,0.2310094807789474,0.5926141915582561,-0.018770358649117955,13.43584879914101,-5.876088517030678
60.05,-74.14993678168703,0.017568920894554484,0.23300966877214724,0.5908827703632542,-0.018825085332396428,12.507263517562357,-5.92888103450611
60.075,-74.3029874073722,0.01747730006725477,0.23502257565570966,0.5891509809696203,-0.01871524090875997,11.697468801741843,-5.974796222211659
60.1,-74.43603987319409,0.01735130412174246,0.23704569214579693,0.587419863156124,-0.01849080677423449,10.990267897549103,-6.014711961958227
60.125,-74.55162356748276,0.017203064256559424,0.23907681052694266,0.5856903160767953,-0.01819221278186154,10.371769694850183,-6.049387070244829
60.15,-74.65192727711793,0.017041981070431735,0.24111398897024247,0.5839631182601751,-0.01785101387047962,9.83004984609835,-6.07947818313538
60.175,-74.73884723362002,0.016875231069472547,0.24315551976680883,0.5822389445394238,-0.017491066453571888,9.354862520643037,-6.105554170086006
60.2,-74.81402814172917,0.016708196346924175,0.24519990115177853,0.5805183804234311,-0.017129853431897667,8.937395301960061,-6.12810844251875
60.225,-74.87889823394748,0.01654482474169736,0.24724581238909665,0.5788019343268436,-0.016779760676173473,8.570060773701147,-6.147569470184244
60.25,-74.934699241299,0.01638792856529409,0.24929209179414064,0.5770900480028903,-0.016449208673201196,8.246319265109916,-6.1643097723897
60.275,-74.9825120381017,0.016239430053396675,0.25133771738612254,0.5753831054631501,-0.016143604558581718,7.960528037811951,-6.17865361143051
60.3,-75.02327860476304,0.01610056131230925,0.25338178988214943,0.5736814406199028,-0.015866114369418923,7.707812900475519,-6.190883581428911
60.325,-75.05782085535323,0.01597202588449878,0.2554235177674626,0.5719853438471972,-0.015618272672289232,7.483958844536784,-6.201246256605968
60.35,-75.08685679389025,0.015854128286797768,0.25746220420009197,0.5702950676244063,-0.015400453609496633,7.28531681349664,-6.209957038167074
60.375,-75.11101439293232,0.015746877069747357,0.2594972355317939,0.5686108313994312,-0.015212228433371519,7.108724160824211,-6.217204317879696
60.4,-75.1308435284486,0.01565006616421941,0.2615280712498725,0.5669328257867771,-0.015052632650715084,6.951436727357475,-6.223153058534578
60.425,-75.14682625445228,0.015563338555239815,0.2635542351659141,0.5652612161975263,-0.014920362701622697,6.81107078757184,-6.2279478763356835
60.45,-75.15938565816111,0.015486235669855694,0.2655753076972452,0.563596145983141,-0.014813918614442593,6.685553383506365,-6.231715697448334
60.475,-75.16889350030966,0.015418235292077715,0.2675909191049886,0.5619377391624298,-0.014731705805491647,6.57307979281107,-6.234568050092899
60.5,-75.1756768146612,0.01535878032265817,0.26960074356891767,0.5602861027904865,-0.01467210634332073,6.4720770696468435,-6.23660304439836
60.525,-75.18002361488871,0.015307300279952574,0.2716044939939079,0.5586413290195964,-0.014633527632095779,6.381172759489181,-6.237907084466613
60.55,-75.18218783508043,0.015263227083431358,0.27360191745581997,0.5570034968946804,-0.01461443456633176,6.299168025917526,-6.238556350524128
60.575,-75.18239361155784,0.015226006365769302,0.27559279120616526,0.555372673919608,-0.014613369713483896,6.225014543165815,-6.238618083467352
60.6,-75.18083899794789,0.01519510531496905,0.2775769191650758,0.5537489174254391,-0.014628964924484091,6.157794605927819,-6.238151699384366
60.625,-75.177699192088,0.015170017847202438,0.27955412884105335,0.5521322757671845,-0.014659946889693168,6.09670399047542,-6.2372097576264
60.65,-75.17312934199136,0.015150267747159654,0.2815242686237945,0.5505227893719055,-0.014705138490876892,6.041037170951736,-6.2358388025974065
60.675,-75.167266988448,0.015135410279631617,0.28348720540327144,0.5489204916577467,-0.014763457300062564,5.990174553750561,-6.234080096534401
60.7,-75.1602341936232,0.01512503266854925,0.2854428224742307,0.5473254098407687,-0.014833912204122189,5.943571442883372,-6.2319702580869585
60.725,-75.15213939801721,0.015118753753258567,0.2873910176905036,0.5457375656441162,-0.01491559885859999,5.900748491581829,-6.2295418194051635
60.75,-75.14307904218283,0.015116223062605792,0.2893317018380929,0.5441569759220557,-0.015007694471560836,5.861283431291424,-6.226823712654849
60.775,-75.13313898450349,0.01511711949224902,0.29126479719995,0.5425836532097313,-0.015109452269659682,5.824803899677417,-6.223841695351046
60.8,-75.122395741982,0.015121149726842172,0.29319023628883617,0.5410176062080115,-0.015220195890256664,5.790981215140223,-6.220618722594601
60.825,-75.11091757726695,0.015128046514164864,0.29510796072765505,0.5394588402115542,-0.015339313864750253,5.759524967331584,-6.217175273180083
60.85,-75.09876545195586,0.015137566871095033,0.2970179202592654,0.537907357487146,-0.015466254301534343,5.730178311875081,-6.213529635586757
60.875,-75.08599386348186,0.015149490280072014,0.2989200718700683,0.5363631576084329,-0.015600519836291167,5.702713873430317,-6.2096981590445575
60.9,-75.0726515805465,0.015163616918179648,0.30081437901362734,0.5348262377523793,-0.01574166288839794,5.676930174821098,-6.205695474163951
60.925,-75.05878229004743,0.015179765948224717,0.30270081092232454,0.5332965929620876,-0.015889281241879136,5.652648521537369,-6.201534687014229
60.95,-75.04442516671898,0.015197773891414107,0.3045793419965457,0.5317742163800282,-0.01604301395523485,5.629710280815169,-6.197227550015694
60.975,-75.02961537521371,0.015217493093815,0.3064499512621946,0.5302590994552075,-0.016202537594899223,5.607974502958308,-6.192784612564112
61.0,-75.01438451306964,0.015238790293214403,0.30831262188849057,0.5287512321273578,-0.01636756278077913,5.587315839801791,-6.188215353920893
61.025,-74.99876100190106,0.015261545288872235,0.310167340758972,0.5272506029908522,-0.01653783102835911,5.567622721416451,-6.183528300570317
61.05,-74.98277043319554,0.01528564971366645,0.3120140980895195,0.5257571994407056,-0.01671311186956919,5.548795757466127,-6.178731129958662
61.075,-74.96643587427413,0.015311005906004182,0.31385288708795434,0.5242710078027316,-0.01689320023350059,5.530746334189574,-6.173830762282237
61.1,-74.9497781392579,0.015337525877417319,0.3156837036504278,0.5227920134496793,-0.01707791406776429,5.513395381893682,-6.1688334417773705
61.125,-74.93281602926588,0.015365130370815534,0.3175065460904075,0.52132020090494,-0.01726709218155943,5.496672291211994,-6.1637448087797635
61.15,-74.91556654553335,0.015393748003808655,0.31932141489654786,0.5198555539352373,-0.017460592292160407,5.480513959280033,-6.158569963660005
61.175,-74.89804507867525,0.015423314491236175,0.32112831251619656,0.5183980556335301,-0.01765828925741368,5.4648639494738225,-6.153313523602575
61.2,-74.88026557691573,0.015453771940978234,0.3229272431616605,0.5169476884932223,-0.017860073477856113,5.4496717505095305,-6.14797967307472
61.225,-74.86224069575418,0.015485068217209222,0.32471821263669626,0.5155044344746409,-0.0180658494531562,5.434892122559869,-6.142572208726254
61.25,-74.84398193123295,0.015517156365448809,0.3265012281809954,0.5140682750646265,-0.018275534478695524,5.4204845196462355,-6.137094579369884
61.275,-74.8254997387066,0.015549994094028373,0.3282762983306776,0.5126391913299929,-0.018489057469206975,5.40641257895254,-6.131549921611978
61.3,-74.80680363878074,0.015583543306899619,0.3300434327930526,0.511217163965514,-0.018706357897457615,5.3926436689071355,-6.12594109163422
61.325,-74.78790231188648,0.015617769683044373,0.331802642334101,0.509802173337028,-0.01892738483698173,5.379148488919161,-6.120270693565945
61.35,-74.76880368278044,0.015652642298087625,0.33355393867730143,0.508394199520181,-0.019152096098833178,5.3659007145568856,-6.1145411048341325
61.375,-74.7495149961058,0.015688133284057847,0.3352973344125981,0.5069932223352641,-0.019380457453227622,5.352876682737763,-6.108754498831741
61.4,-74.73004288401535,0.015724217523572434,0.3370328429144203,0.5055992213785656,-0.01961244192778033,5.340055112180252,-6.102912865204604
61.425,-74.71039342673905,0.01576087237504641,0.33876047826780586,0.5042121760505935,-0.019848029174819433,5.327416854957863,-6.097018028021713
61.45,-74.69057220687564,0.01579807742582648,0.34048025520177627,0.5028320655814953,-0.02008720490096569,5.314944675509644,-6.091071662062693
61.475,-74.67058435809675,0.015835814270437173,0.3421921890292044,0.5014588690539653,-0.020329960352820538,5.302623053909958,-6.085075307429023
61.5,-74.65043460887203,0.015874066311391093,0.34389629559251034,0.5000925654238915,-0.020576291853200424,5.290438010590638,-6.079030382661609
61.525,-74.63012732175494,0.01591281858026008,0.3455925912145771,0.49873313353897697,-0.020826200382895715,5.278376950048273,-6.072938196526482
61.55,-74.60966652870577,0.01595205757692995,0.34728109265435814,0.497380552155536,-0.021079691203427873,5.266428521368243,-6.066799958611732
61.575,-74.58905596287556,0.015991771125167045,0.34896181706669954,0.4960347999536491,-0.02133677351672292,5.254582493656085,-6.060616788862668
61.6,-74.5682990872261,0.01603194824281311,0.3506347819659486,0.49469585555084084,-0.021597460158025474,5.2428296446946705,-6.054389726167828
61.625,-74.54739912031958,0.016072579025096248,0.352300005192976,0.49336369751442316,-0.021861767318745656,5.231161661344235,-6.048119736095875
61.65,-74.52635905957408,0.0161136545396992,0.35395750488526284,0.49203830437263957,-0.02212971429625647,5.219571050377761,-6.0418077178722225
61.675,-74.50518170224831,0.01615516673236783,0.3556072994497563,0.49071965462472433,-0.022401323267965453,5.208051058596059,-6.035454510674492
61.7,-74.48386966439035,0.01619710834196707,0.35724940753821793,0.4894077267499815,-0.022676619087245574,5.196595601201967,-6.029060899317106
61.725,-74.46242539795907,0.01623947282400698,0.358883848024821,0.48810249921598103,-0.02295562909906025,5.185199197530944,-6.02262761938772
61.75,-74.44085120630461,0.01628225428176223,0.3605106399857823,0.4868039504859506,-0.023238382973329485,5.173856913338319,-6.016155361891384
61.775,-74.41914925817412,0.016325447404201138,0.3621298026808261,0.48551205902544714,-0.023524912554284027,5.162564308936044,-6.009644777452235
61.8,-74.39732160039084,0.01636904741002216,0.3637413555363085,0.4842268033083696,-0.02381525172423016,5.151317392550706,-6.003096480117251
61.825,-74.3753701693394,0.016413049997169884,0.3653453181298433,0.48294816182237826,-0.024109436280306484,5.140112578346459,-5.996511050801821
61.85,-74.35329680137565,0.016457451297268152,0.36694171017628396,0.4816761130737763,-0.024407503822955662,5.128946648618134,-5.989889040412694
61.875,-74.33110324226699,0.0165022478344678,0.36853055151494113,0.4804106355918985,-0.024709493654965258,5.117816719715554,-5.983230972680097
61.9,-74.3087911557584,0.01654743648825844,0.3701118620979099,0.47915170793306083,-0.025015446690041868,5.106720211308487,-5.976537346727519
61.925,-74.28636213134908,0.016593014459841883,0.37168566197941216,0.4778993086841035,-0.025325405369991224,5.095654818644334,-5.969808639404723
61.95,-74.26381769135602,0.016638979241706854,0.3732519713060552,0.476653416465569,-0.025639413589667707,5.0846184874895375,-5.963045307406807
61.975,-74.2411592973331,0.01668532859008181,0.3748108103079224,0.47541400993454785,-0.02595751662893775,5.07360939147855,-5.956247789199929
62.0,-74.21838835590697,0.016732060499977323,0.3763621992904247,0.47418106778721797,-0.0262797610909809,5.062625911624557,-5.949416506772089
62.025,-74.19550622408528,0.01677917318255917,0.3779061586268353,0.47295456876111225,-0.026606194846315923,5.051666617772487,-5.942551867225583
62.05,-74.1725142140867,0.016826665044619965,0.379442708751453,0.47173449163713227,-0.026936866982000363,5.040730251798233,-5.93565426422601
62.075,-74.14941359773756,0.016874534669942032,0.38097187015333367,0.4705208152413341,-0.027271827755508266,5.029815712378995,-5.9287240793212685
62.1,-74.12620561047541,0.01692278080236475,0.382493663370539,0.4693135184465065,-0.02761112855283576,5.018922041177992,-5.9217616831426225
62.125,-74.1028914549956,0.016971402330389643,0.38400810898486054,0.46811258017355617,-0.02795482185043175,5.008048410303601,-5.914767436498679
62.15,-74.07947230457388,0.017020398273173153,0.38551522761696977,0.4669179793927227,-0.028302961180587102,4.997194110917174,-5.9077416913721645
62.175,-74.05594930609438,0.017069767767772453,0.3870150399219627,0.46572969512463386,-0.028655601099952438,4.986358542877089,-5.900684791828312
62.2,-74.03232358280951,0.017119510057523622,0.388507566585262,0.46454770644121585,-0.02901279716088661,4.975541205318399,-5.893597074842853
62.225,-74.00859623685625,0.017169624481443557,0.38999282831884347,0.4633719924664747,-0.029374605885365616,4.964741688077331,-5.886478871056874
62.25,-73.98476835155009,0.017220110464557993,0.3914708458577644,0.46220253237715253,-0.029741084741208065,4.953959663879541,-5.879330505465026
62.275,-73.96084099347675,0.017270967509067994,0.3929416399569605,0.46103930540327837,-0.030112292120395973,4.9431948812191875,-5.872152298043025
62.3,-73.93681521439935,0.017322195186275743,0.394405231388293,0.45988229082861665,-0.03048828731928991,4.932447157863031,-5.864944564319804
62.325,-73.91269205299707,0.017373793129198737,0.395861640937823,0.4587314679910235,-0.03086913052055771,4.921716374920711,-5.8577076158991215
62.35,-73.88847253645025,0.017425761025808246,0.39731088940329296,0.45758681628272196,-0.0312548827766511,4.911002471428047,-5.850441760935075
62.375,-73.86415768188482,0.017478098612834544,0.3987529975918004,0.45644831515049644,-0.031645605994682045,4.900305439395366,-5.843147304565446
62.4,-73.83974849768845,0.017530805670086635,0.40018798631764335,0.4553159440958213,-0.0320413629225611,4.889625319278031,-5.835824549306534
62.425,-73.81524598470921,0.017583882015239454,0.4016158764003264,0.454189682674924,-0.0324422171362739,4.878962195829984,-5.828473795412762
62.45,-73.79065113734666,0.017637327499046732,0.4030366886627125,0.4530695104987892,-0.03284823302818608,4.868316194305473,-5.821095341203997
62.475,-73.76596494454458,0.017691142000940557,0.40445044392930696,0.45195540723311256,-0.03325947579627045,4.857687476977076,-5.813689483363373
62.5,-73.74118839069334,0.01774532542498368,0.4058571630246679,0.4508473525982022,-0.03367601143416648,4.847076239941581,-5.806256517208001
62.525,-73.7163224564496,0.017799877696142653,0.4072568667719246,0.4497453263688388,-0.034097906721983075,4.836482710187777,-5.7987967369348805
62.55,-73.69136811948009,0.017854798756854234,0.40864957599140134,0.44864930837409484,-0.03452522921777099,4.825907142902822,-5.791310435844026
62.575,-73.66632635513565,0.01791008856385892,0.41003531149933564,0.4475592784971161,-0.03495804724959085,4.815349818995898,-5.783797906540696
62.6,-73.64119813706141,0.01796574708527845,0.4114140941066808,0.4464752166748722,-0.0353964299081116,4.804811042820144,-5.776259441118422
62.625,-73.61598443774785,0.0180217742979168,0.4127859446179927,0.44539710289787343,-0.03584044703968331,4.794291140075499,-5.7686953313243565
62.65,-73.59068622902811,0.018078170184764784,0.41415088383038506,0.44432491720986306,-0.03629016923982474,4.783790455876538,-5.761105868708432
62.675,-73.56530448252524,0.018134934732691732,0.41550893253255433,0.4432586397074832,-0.0367456678470798,4.773309352971235,-5.75349134475757
62.7,-73.53984017005384,0.018192067930308087,0.41686011150386554,0.4421982505399183,-0.03720701493719469,4.762848210097568,-5.745852051016151
62.725,-73.51429426397938,0.018249569765984748,0.4182044415134937,0.4411437299085198,-0.037674283317573394,4.752407420466387,-5.738188279193814
62.75,-73.4886677375387,0.018307440226016537,0.41954194331962025,0.4400950580664091,-0.038147546521975155,4.741987390359541,-5.730500321261611
62.775,-73.46296156512469,0.018365679292917433,0.4208726376686745,0.4390522153180676,-0.03862687880541414,4.731588537833887,-5.722788469537406
62.8,-73.43717672253777,0.018424286943837402,0.4221965452946197,0.4380151820189099,-0.03911235513923176,4.721211291522227,-5.715053016761331
62.825,-73.41131418720713,0.01848326314909079,0.42351368691828106,0.4369839385748442,-0.03960405120630955,4.710856089523013,-5.707294256162137
62.85,-73.38537493838356,0.018542607870787296,0.424824083246708,0.43595846544182265,-0.04010204339639341,4.700523378371741,-5.699512481515069
62.875,-73.35935995730642,0.018602321061557875,0.42612775497257516,0.4349387431253779,-0.04060640880150661,4.690213612087215,-5.6917079871919265
62.9,-73.33327022734656,0.018662402663367675,0.4274247227736107,0.433924752180154,-0.04111722521142326,4.679927251286599,-5.683881068203967
62.925,-73.30710673412705,0.018722852606409664,0.42871500731205603,0.4329164732094277,-0.041634571109183005,4.669664762363811,-5.676032020238114
62.95,-73.28087046562334,0.01878367080807246,0.4299986292341518,0.43191388686462273,-0.042158525666623606,4.659426616726227,-5.668161139687001
62.975,-73.25456241224458,0.018844857171977092,0.4312756091696475,0.43091697384482036,-0.042689168739914365,4.649213290084932,-5.660268723673374
63.0,-73.22818356689723,0.018906411587077523,0.43254596773133663,0.4299257148962614,-0.04322658086507218,4.639025261794459,-5.652355070069168
63.025,-73.20173492503254,0.01896833392681985,0.4338097255146097,0.4289400908118476,-0.04377084325344082,4.628863014238113,-5.644420477509762
63.05,-73.17521748467898,0.019030624048356405,0.43506690309702867,0.4279600824306381,-0.04432203778712096,4.618727032255398,-5.636465245403694
63.075,-73.14863224646079,0.019093281791810676,0.43631752103791843,0.4269856706373435,-0.04488024701433586,4.608617802608229,-5.628489673938238
63.1,-73.12198021360365,0.019156306979589196,0.43756159987797394,0.4260168363618194,-0.045445554144716425,4.5985358134831795,-5.620494064081094
63.125,-73.09526239192844,0.019219699415737642,0.43879916013888576,0.42505356057855653,-0.04601804304449775,4.588481554026819,-5.612478717578533
63.15,-73.06847978983403,0.019283458885337584,0.4400302223229761,0.4240958243061721,-0.04659779823161011,4.578455513911927,-5.604443936950209
63.175,-73.04163341826978,0.019347585153941433,0.4412548069128501,0.4231436086069006,-0.04718490487065633,4.5684581829321615,-5.596390025480934
63.2,-73.01472429069872,0.01941207796704305,0.4424729343710585,0.42219689458608517,-0.04777944876776468,4.558490050623164,-5.588317287209617
63.225,-72.987753423052,0.019476937049581568,0.4436846251397708,0.4212556633916706,-0.048381516365306326,4.548551605908131,-5.580226026915599
63.25,-72.96072183367512,0.01954216210547653,0.44488989964046155,0.42031989621369564,-0.048991194736470574,4.538643336766259,-5.572116550102536
63.275,-72.93363054326694,0.019607752817191945,0.44608877827360316,0.4193895742837899,-0.04960857157968512,4.5287657299222985,-5.563989162980083
63.3,-72.90648057481162,0.01967370884532813,0.4472812814183693,0.4184646788746714,-0.05023373521287851,4.518919270555821,-5.555844172443487
63.325,-72.87927295350427,0.019740029828238803,0.44846742943234713,0.41754519129964707,-0.05086677456757094,4.509104442028868,-5.54768188605128
63.35,-72.8520087066708,0.01980671538167294,0.4496472426512547,0.41663109291211703,-0.051507779182792875,4.499321725630616,-5.5395026120012405
63.375,-72.82468886368223,0.019873765098439116,0.4508207413886704,0.41572236510508015,-0.05215683919881961,4.489571600338098,-5.531306659104668
63.4,-72.79731445586411,0.019941178548091472,0.4519879459357646,0.41481898931064537,-0.052814045350717015,4.479854542591754,-5.523094336759233
63.425,-72.7698865164014,0.020008955276636032,0.4531488765610402,0.413920946999546,-0.053479488961692946,4.470171026084937,-5.5148659549204195
63.45,-72.74240608023905,0.020077094806256482,0.4543035535100788,0.4130282196806575,-0.05415326193624976,4.460521521566401,-5.506621824071715
63.475,-72.71487418397882,0.02014559663505786,0.45545199700529093,0.41214078890052164,-0.05483545675312834,4.450906496655075,-5.498362255193646
63.5,-72.68729186577254,0.020214460236827825,0.4565942272456752,0.4112586362428721,-0.05552616645804375,4.4413264156661425,-5.49008755973176
63.525,-72.65966016521212,0.020283685060814415,0.4577302644065787,0.41038174332816796,-0.056225484656205284,4.431781739447979,-5.4817980495636345
63.55,-72.63198012321672,0.020353270531519398,0.45886012863946424,0.4095100918131303,-0.05693350550461633,4.422272925229083,-5.473494036965016
63.575,-72.60425278191727,0.020423216048506585,0.45998384007168164,0.4086436633902848,-0.057650323704150526,4.412800426474439,-5.46517583457518
63.6,-72.57647918453839,0.020493520986224395,0.4611014188062426,0.40778243978751,-0.058376034491399546,4.403364692751006,-5.456843755361516
63.625,-72.54866037527843,0.020564184693842295,0.46221288492160184,0.4069264027675893,-0.05911073363029198,4.393966169601286,-5.448498112583529
63.65,-72.52079739918739,0.02063520649510001,0.4633182584714393,0.40607553412777103,-0.05985451740347461,4.384605298425087,-5.440139219756216
63.675,-72.49289130204318,0.020706585688169535,0.4644175594844483,0.40522981569933264,-0.060607482603458156,4.3752825163685545,-5.431767390612952
63.7,-72.46494313022632,0.02077832154552899,0.4655108079641265,0.40438922934715116,-0.0613697265235207,4.365998256220403,-5.423382939067895
63.725,-72.43695393059339,0.02085041331384823,0.46659802388856947,0.4035537569692812,-0.062141346948368974,4.35675294631474,-5.414986179178016
63.75,-72.40892475034919,0.020922860213885557,0.4676792272102697,0.40272338049653594,-0.06292244214455352,4.347547010440221,-5.406577425104755
63.775,-72.38085663691801,0.020995661440395233,0.46875443785591736,0.4018980818920776,-0.0637131108506361,4.338380867755194,-5.398156991075403
63.8,-72.35275063781401,0.02106881616204516,0.46982367572620426,0.40107784315101247,-0.06451345226710466,4.329254932708581,-5.389725191344203
63.825,-72.324607800511,0.021142323521345117,0.47088696069563185,0.40026264629999303,-0.06532356604604113,4.320169614965988,-5.381282340153301
63.85,-72.29642917231156,0.021216182634584104,0.4719443126123204,0.3994524733968269,-0.0661435522805297,4.311125319341146,-5.3728287516934685
63.875,-72.26821580021586,0.021290392591777677,0.47299575129782395,0.3986473065300908,-0.06697351149381528,4.302122445732013,-5.364364740064756
63.9,-72.23996873079015,0.021364952456624117,0.47404129654694555,0.3978471278187533,-0.06781354462820229,4.293161389061628,-5.355890619237045
63.925,-72.21168901003513,0.021439861266469587,0.4750809681275568,0.39705191941180334,-0.06866375303369712,4.2842425392233965,-5.347406703010539
63.95,-72.18337768325421,0.021515118032282003,0.4761147857804196,0.3962616634878849,-0.06952423845639255,4.275366281030484,-5.338913304976262
63.975,-72.1550357949219,0.021590721738633096,0.4771427692190103,0.39547634225494027,-0.07039510302659069,4.266532994169347,-5.33041073847657
64.0,-72.1266643885524,0.021666671343689152,0.47816493812934835,0.39469593794985797,-0.07127644924667116,4.257743053156943,-5.32189931656572
64.025,-72.09826450656833,0.021742965779209252,0.4791813121698259,0.3939204328381292,-0.07216837997869388,4.248996827301772,-5.3133793519704975
64.05,-72.06983719017002,0.021819603950551474,0.48019191097103936,0.39314980921351217,-0.07307099843174283,4.2402946806682955,-5.304851157051005
64.075,-72.04138347920501,0.02189658473668717,0.481196754135628,0.392384049397699,-0.07398440814901451,4.23163697204477,-5.296315043761503
64.1,-72.01290441203837,0.021973906990221972,0.48219586123810804,0.3916231357399967,-0.07490871299463767,4.22302405491428,-5.287771323611509
64.125,-71.98440102542334,0.022051569537424712,0.4831892518247177,0.39086705061700755,-0.0758440171402405,4.214456277428822,-5.279220307627001
64.15,-71.95587435437292,0.02212957117826314,0.4841769454132571,0.3901157764323234,-0.0767904250512536,4.2059339823864175,-5.270662306311877
64.175,-71.9273254320321,0.022207910686446824,0.48515896149293564,0.3893692956162227,-0.07774804147295644,4.197457507210951,-5.262097629609632
64.2,-71.8987552895509,0.022286586809476996,0.48613531952422256,0.3886275906253746,-0.07871697141626696,4.189027183934776,-5.253526586865271
64.225,-71.87016495595844,0.022365598268702738,0.4871060389386942,0.3878906439425545,-0.07969732014326862,4.180643339183975,-5.244949486787533
64.25,-71.84155545803785,0.02244494375938444,0.4880711391388926,0.38715843807636047,-0.0806891931524901,4.172306294166012,-5.236366637411353
64.275,-71.81292782020228,0.022524621950762953,0.48903063949817815,0.3864309555609429,-0.0816926961639204,4.164016364659949,-5.227778346060682
64.3,-71.784283064372,0.02260463148613579,0.48998455936059,0.3857081789557372,-0.08270793510377863,4.155773861008842,-5.219184919311601
64.325,-71.7556222098526,0.022684970982939284,0.49093291804071,0.38499009084520375,-0.08373501608902917,4.147579088114409,-5.210586662955781
64.35,-71.72694627321442,0.022765639032836675,0.4918757348235228,0.3842766738385789,-0.08477404541164346,4.139432345433914,-5.201983881964327
64.375,-71.69825626817314,0.02284663420181292,0.49281302896428764,0.3835679105696271,-0.08582512952262249,4.1313339269790115,-5.193376880451941
64.4,-71.66955320547183,0.02292795503027452,0.4937448196884036,0.382863783696406,-0.08688837501576188,4.12328412131664,-5.184765961641548
64.425,-71.6408380927642,0.0230096000331558,0.4946711261912841,0.3821642759010352,-0.08796388861118119,4.115283211571815,-5.176151427829259
64.45,-71.61211193449917,0.02309156770003098,0.4955919676382329,0.38146936988947105,-0.0890517771386117,4.107331475432262,-5.16753358034975
64.475,-71.5833757318071,0.023173856495231324,0.49650736316431765,0.38077904839129373,-0.09015214752043882,4.099429185154858,-5.158912719542128
64.5,-71.55463048238718,0.023256464857968513,0.49741733187425485,0.38009329415949406,-0.09126510675451699,4.091576607573688,-5.1502891447161545
64.525,-71.5258771803966,0.023339391202462766,0.4983218928422885,0.37941208997027454,-0.09239076189674159,4.083774004109894,-5.141663154118981
64.55,-71.49711681634102,0.023422633918076807,0.4992210651120768,0.3787354186228526,-0.09352922004339702,4.076021630783007,-5.133035044902305
64.575,-71.46835037696665,0.02350619136945505,0.5001148676965821,0.3780632629392709,-0.09468058831327678,4.0683197382238125,-5.124405113089996
64.6,-71.43957884515412,0.02359006189666759,0.5010033195779574,0.3773956057642188,-0.09584497382957415,4.060668571688767,-5.115773653546235
64.625,-71.41080319981364,0.0236742438153598,0.5018864397074441,0.37673242996485473,-0.0970224837015594,4.053068371075721,-5.1071409599440925
64.65,-71.38202441578217,0.02375873541690636,0.5027642470052638,0.37607371843064097,-0.09821322500603182,4.045519370941115,-5.09850732473465
64.675,-71.35324346372195,0.02384353496857054,0.5036367603605185,0.3754194540731814,-0.09941730476856296,4.038021800518427,-5.089873039116585
64.7,-71.32446131002092,0.02392864071366838,0.5045039986310934,0.37476961982606666,-0.10063482994453118,4.030575883737886,-5.081238393006276
64.725,-71.29567891669485,0.024014050871736983,0.5053659806435563,0.3741241986447291,-0.10186590739994131,4.023181839247475,-5.072603675008456
64.75,-71.26689724129112,0.02409976363870833,0.5062227251930682,0.37348317350629906,-0.10311064389205506,4.015839880434987,-5.063969172387336
64.775,-71.2381172367944,0.02418577718708684,0.5070742510432892,0.3728465274094734,-0.10436914604981225,4.008550215451334,-5.055335171038318
64.8,-71.20933985153404,0.02427208966613171,0.5079205769262904,0.37221424337438674,-0.10564152035406289,4.001313047234837,-5.046701955460212
64.825,-71.1805660290932,0.02435869920204391,0.5087617215424702,0.3715863044424897,-0.10692787311761444,3.994128573536641,-5.038069808727959
64.85,-71.15179670822002,0.024445603898156733,0.5095977035604671,0.3709626936764366,-0.10822831046508379,3.986996986947066,-5.029439012466005
64.875,-71.12303282274034,0.024532801835131218,0.5104285416170824,0.3703433941599749,-0.10954293831257965,3.979918474922938,-5.020809846822102
64.9,-71.09427530147256,0.02462029107115525,0.5112542543171995,0.3697283889978459,-0.11087186234720305,3.972893219815858,-5.0121825904417685
64.925,-71.06552506814414,0.024708069642146797,0.5120748602337085,0.36911766131568813,-0.11221518800637949,3.9659213989013486,-5.003557520443242
64.95,-71.03678304131004,0.024796135561961228,0.5128903779074349,0.36851119425994766,-0.11357302045702874,3.9590031844087905,-4.994934912393013
64.975,-71.00805013427319,0.024884486822601953,0.5137008258470653,0.36790897099779746,-0.11494546457456617,3.952138743552272,-4.986315040281957
65.0,-70.97932725500655,0.02497312139443546,0.5145062225290835,0.367310974717058,-0.11633262492175936,3.9453282385621096,-4.977698176501965
65.025,-70.95061530607745,0.025062037226409425,0.5153065863977009,0.3667171886261291,-0.1177346057274262,3.9385718267171725,-4.969084591823235
65.05,-70.92191518457355,0.02515123224627444,0.5161019358647946,0.36612759595392447,-0.11915151086498993,3.931869660377879,-4.960474555372064
65.075,-70.8932277820308,0.025240704360809874,0.5168922893098484,0.36554217994981175,-0.12058344383090516,3.925221887019845,-4.951868334609242
65.1,-70.86455398436344,0.025330451456051808,0.517677665079891,0.3649609238835626,-0.12203050772293145,3.918628649268272,-4.9432661953090316
65.125,-70.8358946717957,0.025420471397525627,0.5184580814894435,0.36438381104530293,-0.12349280521830015,3.9120900849327853,-4.934668401538709
65.15,-70.80725071879573,0.02551076203048062,0.519233556820463,0.36381082474547416,-0.12497043855174164,3.9056063270429684,-4.926075215638718
65.175,-70.77862299401117,0.02560132118012841,0.5200041093222925,0.36324194831479695,-0.12646350949340776,3.899177503884432,-4.917486898203351
65.2,-70.75001236020681,0.02569214665188421,0.5207697572116134,0.36267716510424036,-0.12797211932668262,3.892803739035323,-4.908903708062042
65.225,-70.72141967420424,0.02578323623161038,0.5215305186723963,0.36211645848499996,-0.12949636882587892,3.8864851514034036,-4.900325902261272
65.25,-70.69284578682323,0.02587458768586378,0.5222864118558599,0.36155981184847646,-0.1310363582338529,3.880221855263551,-4.891753736046968
65.275,-70.6642915428253,0.02596619876214479,0.523037454880426,0.3610072086062647,-0.13259218723951047,3.8740139602956796,-4.883187462847588
65.3,-70.63575778085904,0.02605806718914964,0.5237836658316818,0.3604586321901445,-0.13416395495523947,3.8678615716231066,-4.874627334257711
65.325,-70.60724533340739,0.02615019067702509,0.5245250627623435,0.35991406605207754,-0.13575175989425958,3.8617647898512417,-4.866073600022217
65.35,-70.57875502673697,0.02624256691762492,0.5252616636922179,0.3593734936642113,-0.1373556999478898,3.855723711106685,-4.857526508021091
65.375,-70.55028768084911,0.026335193584769788,0.5259934866081737,0.3588368985188845,-0.13897587236276604,3.849738427076595,-4.8489863042547325
65.4,-70.52184410943306,0.02642806833450807,0.5267205494641064,0.3583042641286419,-0.14061237371797838,3.843809025048405,-4.840453232829918
65.425,-70.49342511982093,0.026521188805379726,0.5274428701809125,0.35777557402625065,-0.1422652999021695,3.8379355879497887,-4.831927535946278
65.45,-70.46503151294452,0.02661455261868191,0.5281604666464635,0.3572508117647219,-0.14393474609058127,3.8321181943888742,-4.823409453883356
65.475,-70.43666408329425,0.026708157378736008,0.5288733567155789,0.3567299609173403,-0.14562080672205188,3.826356918694751,-4.814899224988274
65.5,-70.40832361887969,0.026802000673157276,0.5295815582100066,0.356213005077693,-0.1473235754759925,3.820651830958061,-4.8063970856639076
65.525,-70.3800109011923,0.0268960800731254,0.5302850889184008,0.35569992785970866,-0.1490431452493218,3.815002997071906,-4.797903270357692
65.55,-70.35172670516978,0.02699039313365713,0.5309839665963041,0.3551907128976973,-0.1507796081333877,3.8094104787728376,-4.789418011550934
65.575,-70.32347179916233,0.02708493739388042,0.531678208966133,0.3546853438463952,-0.15253305539087467,3.803874333681992,-4.7809415397487
65.6,-70.29524694490095,0.027179710377309336,0.532367833717161,0.3541838043810166,-0.15430357743269033,3.7983946153464165,-4.772474083470286
65.625,-70.26705289746731,0.027274709592121388,0.5330528585055088,0.35368607819730546,-0.15609126379487198,3.7929713732803836,-4.764015869240192
65.65,-70.23889040526569,0.027369932531434795,0.5337333009541316,0.35319214901159607,-0.1578962031154744,3.7876046530068876,-4.755567121579707
65.675,-70.21076020999658,0.02746537667358766,0.534409178652812,0.3527020005608745,-0.15971848311148387,3.7822944960991753,-4.747128062998973
65.7,-70.18266304663213,0.0275610394824181,0.5350805091581537,0.3522156166028442,-0.16155819055575057,3.777040940222248,-4.738698913989638
65.725,-70.15459964339347,0.027656918407544674,0.5357473099935749,0.35173298091599847,-0.16341541125393355,3.771844019174517,-4.73027989301804
65.75,-70.12657072172964,0.027753010884648377,0.5364095986493077,0.3512540772996927,-0.16529023002149248,3.7667037629293514,-4.72187121651889
65.775,-70.0985769962985,0.02784931433575474,0.5370673925823946,0.35077888957422404,-0.16718273066070535,3.761620197676673,-4.713473098889551
65.8,-70.07061917494929,0.027945826169516658,0.5377207092166895,0.35030740158091256,-0.16909299593773394,3.7565933458645007,-4.705085752484785
65.825,-70.0426979587067,0.028042543781498095,0.5383695659428618,0.3498395971821855,-0.17102110755974706,3.751623226240475,-4.6967093876120085
65.85,-70.01481404175718,0.02813946455445737,0.5390139801183975,0.34937546026166844,-0.1729671461520861,3.746709853893295,-4.688344212527153
65.875,-69.98696811143641,0.028236585858631896,0.5396539690676073,0.34891497472427513,-0.17493119123551656,3.7418532402940725,-4.679990433430923
65.9,-69.95916084821886,0.028333905052021827,0.5402895500816317,0.3484581244963048,-0.17691332120352496,3.7370533933376238,-4.671648254465657
65.925,-69.93139292570875,0.0284314194806747,0.5409207404184504,0.3480048935255407,-0.17891361329971012,3.7323103173836487,-4.6633178777126245
65.95,-69.90366501063279,0.028529126478969935,0.5415475573028944,0.3475552657813508,-0.18093214359525486,3.727624013297739,-4.6549995031898375
65.975,-69.8759777628346,0.02862702336990286,0.5421700179266551,0.3471092252547949,-0.18296898696647923,3.7229944784923332,-4.646693328850378
66.0,-69.84833183527054,0.028725107465369108,0.5427881394483005,0.34666675595873053,-0.18502421707250086,3.718421706967442,-4.638399550581163
66.025,-69.82072787400747,0.028823376066448154,0.5434019389932878,0.34622784192792594,-0.18709790633298545,3.7139056893512628,-4.630118362202242
66.05,-69.79316651822175,0.028921826463686826,0.5440114336539812,0.3457924672191725,-0.1891901259060126,3.7094464129405984,-4.6218499554665256
66.075,-69.76564840019998,0.02902045593738259,0.5446166404896703,0.345360615911401,-0.1913009456660606,3.7050438617410686,-4.613594520059993
66.1,-69.7381741453413,0.029119261757865472,0.5452175765265871,0.34493227210580185,-0.19343043418209488,3.7006980165071637,-4.605352243602391
66.125,-69.71074437216112,0.0292182411857803,0.5458142587579298,0.34450741992594514,-0.195578658695803,3.696408854782028,-4.5971233116483345
66.15,-69.6833596922964,0.02931739147236735,0.5464067041438824,0.3440860435179062,-0.19774568509994334,3.69217635093708,-4.588907907688921
66.175,-69.65602071051245,0.029416709859742703,0.5469949296116386,0.34366812705039146,-0.1999315779168434,3.688000476211362,-4.580706213153735
66.2,-69.62872802471105,0.02951619358117775,0.5475789520554285,0.3432536547148659,-0.2021364002770429,3.683881198750605,-4.572518407413315
66.225,-69.60148222594022,0.029615839861376978,0.5481587883365414,0.3428426107256863,-0.20436021389807085,3.679818483646145,-4.5643446677820645
66.25,-69.57428389840517,0.029715645916755712,0.548734455283356,0.3424349793202315,-0.20660307906340003,3.6758122929734376,-4.556185169521551
66.275,-69.5471336194809,0.0298156089557156,0.5493059696913669,0.3420307447590396,-0.2088650546015383,3.6718625858304104,-4.548040085844271
66.3,-69.52003195972598,0.029915726178919747,0.5498733483232152,0.34162989132594396,-0.21114619786530492,3.6679693183754583,-4.539909587917795
66.325,-69.49297948289771,0.03001599477956612,0.5504366079087207,0.3412324033282111,-0.21344656471127033,3.6641324438651646,-4.531793844869313
66.35,-69.46597674596873,0.03011641194365913,0.5509957651449112,0.34083826509668286,-0.21576620947936206,3.660351912691738,-4.523693023790619
66.375,-69.43902429914479,0.030216974850280704,0.5515508366960591,0.3404474609859168,-0.2181051849726749,3.6566276724200963,-4.5156072897434365
66.4,-69.41212268588397,0.03031768067185872,0.5521018391937128,0.3400599753743313,-0.22046354243744298,3.652959667824647,-4.5075368057651914
66.425,-69.38527244291703,0.030418526574434456,0.5526487892367343,0.33967579266435033,-0.22284133154321875,3.649347840925767,-4.499481732875108
66.45,-69.35847410026899,0.03051950971792831,0.5531917033913357,0.3392948972825492,-0.2252386003632479,3.6457921310258885,-4.491442230080698
66.475,-69.3317281812821,0.030620627256402962,0.5537305981911157,0.33891727367980423,-0.2276553953550274,3.6422924747453207,-4.483418454384631
66.5,-69.30503520263979,0.030721876338325873,0.5542654901371,0.3385429063314402,-0.2300917613410974,3.6388488060576325,-4.475410560791936
66.525,-69.27839567439197,0.030823254106828662,0.5547963956977796,0.338171779737382,-0.23254774149001556,3.635461056324742,-4.467418702317592
66.55,-69.25181009998143,0.030924757699965087,0.5553233313091525,0.33780387842230575,-0.2350233772975598,3.6321291543316305,-4.459443029994428
66.575,-69.22527897627121,0.031026384250967192,0.555846313374766,0.3374391869357905,-0.23751870856815605,3.628853026320669,-4.4514836928813635
66.6,-69.19880279357344,0.031128130888498293,0.556365358265758,0.33707768985247316,-0.24003377339650417,3.6256325960255915,-4.44354083807203
66.625,-69.17238203567878,0.031229994736904954,0.5568804823209026,0.3367193717722008,-0.24256860814946,3.622467784705073,-4.435614610703634
66.65,-69.14601717988744,0.0313319729164657,0.5573917018466531,0.3363642173201875,-0.2451232474481235,3.61935851117593,-4.42770515396623
66.675,-69.11970869704076,0.031434062543637946,0.5578990331171887,0.33601221114716917,-0.24769772415017569,3.6163046918459534,-4.4198126091122285
66.7,-69.0934570515541,0.03153626073130259,0.5584024923744613,0.33566333792955916,-0.2502920693324549,3.613306240746296,-4.411937115466229
66.725,-69.06726270145062,0.03163856458900535,0.5589020958282412,0.33531758236960685,-0.2529063122737548,3.610363069563535,-4.404078810435185
66.75,-69.04112609839603,0.03174097122319687,0.5593978596561683,0.33497492919555294,-0.2555404804379003,3.60747508767123,-4.39623782951881
66.775,-69.01504768773434,0.03184347773746892,0.5598898000037983,0.3346353631617888,-0.25819459945703777,3.6046422021611955,-4.388414306320301
66.8,-68.98902790852438,0.03194608123278883,0.5603779329846543,0.3342988690490138,-0.2608686931151987,3.601864317874279,-4.380608372557313
66.825,-68.96306719357737,0.0320487788077312,0.5608622746802782,0.3339654316643929,-0.26356278333211747,3.5991413374307406,-4.372820158073211
66.85,-68.93716596949534,0.03215156755870614,0.5613428411402805,0.33363503584171633,-0.2662768901472871,3.596473161260253,-4.365049790848602
66.875,-68.91132465671024,0.03225444458018591,0.5618196483823952,0.33330766644155674,-0.2690110317043061,3.5938596876314453,-4.35729739701307
66.9,-68.88554366952411,0.03235740696492761,0.5622927123925306,0.3329833083514289,-0.27176522423545973,3.5913008126810495,-4.349563100857233
66.925,-68.85982341614992,0.03246045180419369,0.5627620491248249,0.3326619464859477,-0.2745394820465841,3.5887964304426134,-4.341847024844976
66.95,-68.83416429875312,0.032563576187969484,0.5632276745017011,0.3323435657869857,-0.27733381750219827,3.586346432874778,-4.334149289625937
66.975,-68.80856671349417,0.03266677720517738,0.5636896044139217,0.33202815122383283,-0.28014824101089497,3.5839507098891543,-4.326470014048252
67.0,-68.7830310505715,0.03277005194388865,0.5641478547206458,0.3317156877933529,-0.2829827610110213,3.5816091493777695,-4.318809315171448
67.025,-68.75755769426546,0.03287339749153153,0.5646024412494857,0.33140616052014227,-0.28583738395661773,3.579321637240049,-4.311167308279637
67.05,-68.73214702298284,0.03297681093509674,0.5650533797965644,0.33109955445668654,-0.28871211430364385,3.577088057409402,-4.303544106894853
67.075,-68.70679940930194,0.0330802893613401,0.5655006861265758,0.3307958546835171,-0.29160695449649193,3.5749082918793804,-4.29593982279058
67.1,-68.68151522001855,0.0331838298569812,0.5659443759728409,0.33049504630936816,-0.2945219049547558,3.572782220729343,-4.288354566005566
67.125,-68.65629481619224,0.033287429508899895,0.5663844650373709,0.3301971144713316,-0.29745696406031286,3.57070972214979,-4.280788444857673
67.15,-68.63113855319351,0.033391085404328794,0.5668209689909254,0.32990204433501286,-0.3004121281446637,3.5686906724671688,-4.2732415659580525
67.175,-68.60604678075134,0.033494794631043025,0.5672539034730745,0.329609821094685,-0.30338739147657345,3.5667249461682973,-4.265714034225402
67.2,-68.58101984300134,0.03359855427754692,0.5676832840922611,0.32932042997344196,-0.3063827462500028,3.5648124159243415,-4.258205952900402
67.225,-68.5560580785345,0.03370236143325675,0.5681091264258626,0.32903385622335246,-0.30939818257230867,3.5629529526143626,-4.250717423560351
67.25,-68.53116182044631,0.03380621318868099,0.5685314460202551,0.3287500851256106,-0.31243368845275593,3.5611464253484066,-4.243248546133894
67.275,-68.50633139638653,0.03391010663559677,0.5689502583908761,0.32846910199068835,-0.31548924979130594,3.559392701490201,-4.235799418915958
67.3,-68.48156712860927,0.03401403886722315,0.5693655790222895,0.32819089215848496,-0.3185648503676986,3.557691646679388,-4.228370138582781
67.325,-68.45686933402358,0.03411800697839135,0.5697774233682511,0.32791544099847575,-0.3216604718308361,3.556043124853344,-4.220960800207074
67.35,-68.4322383242445,0.03422200806571109,0.5701858068517736,0.3276427339098612,-0.32477609368844196,3.554446998268571,-4.213571497273348
67.375,-68.40767440564443,0.03432603922773435,0.5705907448651933,0.32737275632171264,-0.3279116932970379,3.5529031275216147,-4.206202321693328
67.4,-68.38317787940497,0.03443009756511494,0.5709922527702367,0.32710549369311903,-0.3310672458521881,3.5514113715696287,-4.19885336382149
67.425,-68.35874904156898,0.03453418018076528,0.571390345898088,0.32684093151333127,-0.3342427243790561,3.54997158775048,-4.191524712470695
67.45,-68.33438818309314,0.0346382841800099,0.571785039549458,0.32657905530190473,-0.3374380997232592,3.5485836318023773,-4.184216454927942
67.475,-68.31009558990071,0.03474240667073496,0.572176348994651,0.32631985060884244,-0.34065334054199975,3.547247357883172,-4.176928676970213
67.5,-68.28587154293463,0.034846544763535145,0.5725642894736362,0.3260633030147344,-0.3438884132955145,3.545962618589151,-4.169661462880389
67.525,-68.2617163182109,0.034950695571856656,0.5729488761961157,0.32580939813089804,-0.34714328223880203,3.544729264973481,-4.16241489546327
67.55,-68.23763018687225,0.03505485621213696,0.5733301243415951,0.32555812159951547,-0.35041790941365153,3.5435471465641815,-4.155189056061675
67.575,-68.21361341524192,0.035159023803941605,0.573708049059456,0.3253094590937692,-0.35371225464097966,3.5424161113816988,-4.147984024572577
67.6,-68.18966626487783,0.035263195470096764,0.574082665469025,0.325063396317978,-0.3570262755134342,3.5413360059560985,-4.140799879463349
67.625,-68.16578899262676,0.03536736833681964,0.5744539886596476,0.3248199190077292,-0.36035992738833084,3.5403066753438126,-4.1336366977880274
67.65,-68.14198185067895,0.03547153953384439,0.5748220336907596,0.3245790129300111,-0.36371316338085036,3.5393279631439754,-4.126494555203683
67.675,-68.11824508662262,0.0355757061945454,0.5751868155919606,0.32434066388334254,-0.36708593435755077,3.538399711514386,-4.119373525986786
67.7,-68.09457894349873,0.035679865456057246,0.575548349363088,0.3241048576979009,-0.370478188930175,3.537521761187063,-4.11227368304962
67.725,-68.07098365985597,0.03578401445939087,0.5759066499742894,0.3238715802356497,-0.373889873449736,3.536693951483357,-4.10519509795679
67.75,-68.04745946980563,0.03588815034954708,0.5762617323660997,0.3236408173904622,-0.3773209320009173,3.5359161203287175,-4.098137840941689
67.775,-68.02400660307676,0.03599227027562616,0.576613611449514,0.32341255508824585,-0.38077130639674406,3.535188104267077,-4.0911019809230265
67.8,-68.00062528507131,0.0360963713909348,0.5769623021060638,0.32318677928706285,-0.38424093617356586,3.534509738474776,-4.0840875855213925
67.825,-67.9773157369193,0.036200450853089615,0.5773078191878941,0.3229634759772496,-0.3877297585863266,3.5338808567741773,-4.077094721075788
67.85,-67.95407817553412,0.03630450582411705,0.5776501775178382,0.3227426311815349,-0.39123770860411095,3.5333012916468416,-4.070123452660236
67.875,-67.9309128136677,0.036408533470550904,0.5779893918894964,0.32252423095515503,-0.39476471890600723,3.532770874246388,-4.0631738441003105
67.9,-67.90781985996587,0.036512530963525795,0.5783254770673124,0.3223082613859684,-0.3983107198772329,3.532289434410907,-4.05624595798976
67.925,-67.88479951902357,0.03661649547886815,0.5786584477866515,0.32209470859456696,-0.4018756396055665,3.5318568006750293,-4.049339855707072
67.95,-67.86185199143998,0.03672042419718404,0.5789883187538799,0.32188355873438607,-0.40545940387807017,3.531472800281687,-4.042455597431993
67.975,-67.83897747387381,0.03682431430394336,0.5793151046464419,0.3216747979918132,-0.4090619361780769,3.5311372591934043,-4.035593242162143
68.0,-67.81617615909833,0.03692816298956173,0.5796388201129411,0.32146841258629305,-0.4126831576824923,3.5308500021033034,-4.0287528477295
68.025,-67.79344823605643,0.03703196744947886,0.5799594797732188,0.32126438877043234,-0.41632298725936145,3.530610852445738,-4.02193447081693
68.05,-67.77079388991552,0.037135724884233993,0.5802770982184347,0.32106271283010146,-0.41998134146572413,3.5304196324065753,-4.015138166974657
68.075,-67.74821330212237,0.0372394324995388,0.5805916900111479,0.320863371084534,-0.4236581345457675,3.530276162933104,-4.00836399063671
68.1,-67.72570665045781,0.03734308750634674,0.5809032696853975,0.3206663498864255,-0.4273532784292372,3.530180263743653,-4.001611995137343
68.125,-67.70327410909125,0.037446687120920204,0.5812118517467842,0.3204716356220281,-0.43106668273015586,3.530131753336824,-3.9948822327273756
68.15,-67.68091584863518,0.03755022856489402,0.5815174506725524,0.32027921471124504,-0.43479825474579203,3.5301304490004046,-3.988174754590554
68.175,-67.65863203619931,0.03765370906533699,0.5818200809116718,0.32008907360772215,-0.4385478994559387,3.530176166819974,-3.981489610859792
68.2,-67.63642283544468,0.037757125854810364,0.5821197568849213,0.3199011987989365,-0.4423155195224587,3.5302687216871287,-3.9748268506334026
68.225,-67.61428840663753,0.03786047617142306,0.5824164929849707,0.3197155768062847,-0.44610101528909013,3.5304079273074565,-3.968186521991258
68.25,-67.59222890670289,0.037963757258885254,0.5827103035764652,0.31953219418516715,-0.44990428478156325,3.530593596208159,-3.9615686720108654
68.275,-67.57024448927812,0.03806696636655832,0.5830012029961087,0.31935103752507177,-0.453725223707958,3.5308255397453374,-3.954973346783437
68.3,-67.54833530476607,0.03817010074950271,0.5832892055527477,0.31917209344965436,-0.45756372545935414,3.5311035681110265,-3.9484005914298206
68.325,-67.52650150038798,0.038273157668523565,0.5835743255274568,0.3189953486168171,-0.4614196811107656,3.5314274903398784,-3.9418504501163936
68.35,-67.50474322023628,0.03837613439021289,0.5838565771736223,0.3188207897187858,-0.46529297942231096,3.531797114315593,-3.935322966070883
68.375,-67.48306060532691,0.03847902818699041,0.5841359747170285,0.3186484034821831,-0.46918350684070004,3.532212246777017,-3.928818181598073
68.4,-67.46145379365156,0.038581836337141,0.5844125323559425,0.31847817666810146,-0.4730911475009496,3.532672693323983,-3.922336138095467
68.425,-67.43992292022945,0.03868455612485057,0.5846862642611999,0.3183100960721728,-0.47701578322840155,3.5331782584228555,-3.9158768760688343
68.45,-67.41846811715892,0.03878718484023939,0.5849571845762919,0.31814414852463596,-0.4809572935409983,3.533728745411787,-3.9094404351476766
68.475,-67.39708951366866,0.03888971977939262,0.5852253074174504,0.3179803208904027,-0.48491555565180694,3.5343239565057387,-3.903026854100598
68.5,-67.3757872361685,0.03899215824438971,0.5854906468737359,0.31781860006912055,-0.4888904444718487,3.534963692801214,-3.8966361708505515
68.525,-67.35456140830014,0.03909449754333067,0.5857532170071236,0.3176589729952345,-0.4928818326131607,3.5356477542807054,-3.8902684224900423
68.55,-67.33341215098727,0.03919673499036073,0.5860130318525908,0.3175014266380456,-0.49688959039213737,3.5363759398169154,-3.883923645296181
68.575,-67.31233958248536,0.03929886790569307,0.5862701054182049,0.31734594800176774,-0.5009135858331442,3.537148047176748,-3.877601874745609
68.6,-67.29134381843127,0.039400893615629075,0.5865244516852104,0.3171925241255827,-0.5049536846723738,3.5379638730249976,-3.8713031455293816
68.625,-67.27042497189223,0.03950280945257734,0.5867760846081173,0.3170411420836917,-0.5090097503619946,3.5388232129278316,-3.8650274915676675
68.65,-67.24958315341466,0.039604612755070025,0.5870250181147886,0.31689178898536696,-0.5130816440745288,3.5397258613560365,-3.8587749460243983
68.675,-67.22881847107242,0.03970630086777791,0.5872712661065297,0.31674445197499856,-0.517169224707515,3.540671611688031,-3.8525455413217244
68.7,-67.20813103051466,0.039807871141523954,0.587514842458176,0.316599118232141,-0.5212723488884407,3.541660256212659,-3.846339309154399
68.725,-67.18752093501344,0.03990932093329419,0.5877557610181816,0.31645577497155697,-0.5253908709798997,3.5426915861317543,-3.840156280504031
68.75,-67.16698828551068,0.0400106476062481,0.5879940356087091,0.3163144094432589,-0.5295246430850541,3.5437653915624865,-3.8339964856532047
68.775,-67.14653318066485,0.04011184852972656,0.5882296800257173,0.3161750089325486,-0.5336735150533224,3.5448814615395348,-3.827859954199454
68.8,-67.12615571689712,0.04021292107925868,0.5884627080390509,0.3160375607600546,-0.5378373344863433,3.546039584017011,-3.8217467150691347
68.825,-67.10585598843707,0.04031386263656726,0.58869313339253,0.3159020522817675,-0.5420159467442054,3.547239545870228,-3.8156567965311208
68.85,-67.08563408736809,0.04041467058957227,0.5889209698040393,0.31576847088907317,-0.5462091949519104,3.5484811328972303,-3.8095902262104273
68.875,-67.06549010367199,0.040515342332393935,0.589146230965617,0.31563680400878386,-0.550416920006135,3.549764129820212,-3.803547031101597
68.9,-67.0454241252735,0.04061587526535346,0.5893689305435448,0.31550703910316746,-0.5546389605822077,3.551088320286671,-3.7975272375820492
68.925,-67.02543623808405,0.04071626679497343,0.5895890821784368,0.31537916366997437,-0.5588751531413823,3.5524534868704434,-3.7915308714252163
68.95,-67.00552652604517,0.040816514333976706,0.5898066994853304,0.3152531652424624,-0.5631253319383553,3.5538594110725437,-3.785557957813552
68.975,-66.98569507117134,0.040916615301283904,0.5900217960537739,0.31512903138942006,-0.5673893290290285,3.555305873321871,-3.7796085213514004
69.0,-66.96594195359226,0.04101656712201056,0.5902343854479181,0.3150067497151871,-0.5716669742785632,3.5567926529757377,-3.773682586077679
69.025,-66.94626725159496,0.041116367227462675,0.590444481206604,0.314886307859674,-0.5759580953696645,3.558319528320216,-3.767780175478488
69.05,-66.92667104166489,0.041216013055131596,0.5906520968434532,0.3147676934983787,-0.5802625178111364,3.5598862765704204,-3.7619013124994662
69.075,-66.90715339852683,0.041315502048688335,0.5908572458469581,0.3146508943424016,-0.5845800649467089,3.5614926738705748,-3.756046019558049
69.1,-66.88771439518526,0.041414831657976416,0.5910599416805694,0.3145358981384591,-0.5889105579640971,3.5631384952939644,-3.7502143185555763
69.125,-66.868354102964,0.04151399933900481,0.5912601977827873,0.3144226926688943,-0.5932538159043536,3.5648235148427836,-3.744406230889201
69.15,-66.84907259154554,0.04161300255393965,0.5914580275672491,0.3143112657516868,-0.5976096556714589,3.566547505447844,-3.7386217774636603
69.175,-66.82986992900962,0.0417118387710954,0.5916534444228189,0.31420160524046015,-0.6019778920421779,3.5683102389681656,-3.732860978702885
69.2,-66.81074618187144,0.0418105054649261,0.5918464617136772,0.31409369902448725,-0.6063583376762017,3.5701114861904495,-3.7271238545614307
69.225,-66.79170141511922,0.041909000116015165,0.5920370927794077,0.3139875350286947,-0.610750803126511,3.571951016828467,-3.7214104245357658
69.25,-66.77273569225115,0.042007320211065714,0.592225350935088,0.3138831012136642,-0.6151550968500463,3.573828599522348,-3.7157207076753433
69.275,-66.75384907531196,0.04210546324288984,0.5924112494713759,0.31378038557563337,-0.6195710252186091,3.5757440018377262,-3.710054722593588
69.3,-66.73504162492873,0.04220342671039817,0.5925948016545985,0.3136793761464941,-0.623998392530053,3.5776969902648785,-3.7044124874786175
69.325,-66.71631340034612,0.04230120811858895,0.59277602072684,0.31358006099378916,-0.628437001019733,3.579687330217737,-3.6987940201038367
69.35,-66.69766445946131,0.04239880497853678,0.5929549199060286,0.31348242822070777,-0.6328866508722104,3.5817147860328076,-3.693199337838392
69.375,-66.67909485885792,0.04249621480738192,0.5931315123860241,0.31338646596607866,-0.637347140233258,3.5837791209680696,-3.6876284576573766
69.4,-66.66060465383977,0.042593435128318875,0.5933058113367045,0.3132921624043622,-0.6418182652220996,3.5858800972017666,-3.6820813961519305
69.425,-66.6421938984637,0.04269046347058529,0.5934778299040522,0.31319950574564037,-0.6462998199439403,3.5880174758311725,-3.6765581695391103
69.45,-66.62386264557206,0.04278729736945137,0.5936475812102409,0.3131084842356054,-0.6507915965027795,3.5901910168712776,-3.6710587936716177
69.475,-66.60561094682441,0.04288393436620859,0.5938150783537202,0.313019086155547,-0.6552933850144648,3.592400479253466,-3.6655832840473237
69.5,-66.5874388527288,0.04298037200815972,0.5939803344093016,0.31293129982233786,-0.6598049736200651,3.594645620824103,-3.6601316558186383
69.525,-66.56934641267222,0.04307660784860801,0.5941433624282434,0.3128451135884175,-0.6643261484994727,3.596926198343152,-3.654703923801665
69.55,-66.55133367495068,0.04317263944684769,0.5943041754383337,0.3127605158417751,-0.6688566938853232,3.599241967482711,-3.6493001024852045
69.575,-66.53340068679856,0.043268464368154555,0.5944627864439759,0.31267749500593034,-0.6733963920771853,3.6015926828255327,-3.6439202060395672
69.6,-66.5155474944173,0.043364080183776764,0.5946192084262704,0.3125960395399136,-0.6779450234560124,3.603978097863581,-3.638564248325191
69.625,-66.49777414300355,0.04345948447092673,0.5947734543430985,0.3125161379382437,-0.6825023664989096,3.606397964996524,-3.633232242901066
69.65,-66.48008067677677,0.04355467481277306,0.5949255371292035,0.3124377787309053,-0.687068197794155,3.6088520355302185,-3.627924203033029
69.675,-66.462467139006,0.043649648798433624,0.5950754696962727,0.3123609504833246,-0.69164229205653,3.611340059675257,-3.622640141701798
69.7,-66.44493357203616,0.04374440402296932,0.5952232649330182,0.31228564179634344,-0.6962244221429398,3.613861786545478,-3.6173800716108486
69.725,-66.42748001731385,0.0438389380873781,0.5953689357052567,0.31221184130619295,-0.7008143590682934,3.616416964156469,-3.612144005194156
69.75,-66.41010651541212,0.04393324859859075,0.5955124948559893,0.3121395376844649,-0.7054118720217245,3.6190053394241675,-3.606931954623637
69.775,-66.39281310605502,0.04402733316946663,0.5956539552054797,0.31206871963808297,-0.7100167283830584,3.621626658163424,-3.6017439318165043
69.8,-66.37559982814135,0.04412118941879118,0.5957933295513325,0.31199937590927207,-0.7146286937396128,3.624280665086594,-3.596579948442404
69.825,-66.3584667197677,0.04421481497127423,0.5959306306685702,0.3119314952755269,-0.7192475319032892,3.6269671038022397,-3.5914400159303113
69.85,-66.34141381825103,0.04430820745754895,0.5960658713097096,0.3118650665495794,-0.7238730049279388,3.629685716813804,-3.586324145475308
69.875,-66.32444116015044,0.044401364514172745,0.596199064204837,0.31180007857936515,-0.7285048731270759,3.632436245518362,-3.5812323480451327
69.9,-66.30754878128849,0.04449428378362863,0.5963302220616832,0.3117365202479886,-0.7331428950918544,3.63521843020543,-3.5761646343865463
69.925,-66.29073671677165,0.044586962914328475,0.5964593575656962,0.31167438047368756,-0.7377868277093845,3.6380320100558583,-3.571121015031494
69.95,-66.27400500101031,0.04467939956061715,0.5965864833801154,0.3116136482097964,-0.7424364261813386,3.6408767231407495,-3.5661015003030925
69.975,-66.25735366773807,0.044771591382778295,0.5967116121460418,0.31155431244470905,-0.7470914440428792,3.6437523064204957,-3.5611061003214215
70.0,-66.24078275003039,0.04486353604704149,0.5968347564825098,0.3114963622018401,-0.7517516331819015,3.6466584957438655,-3.556134825009117
70.025,-66.22429228032254,0.04495523122559081,0.596955928986556,0.3114397865395861,-0.7564167438585835,3.6495950258472094,-3.551187684096763
70.05,-66.20788229042705,0.045046674596574965,0.5970751422332884,0.3113845745512851,-0.7610865247252612,3.652561630353722,-3.546264687128115
70.075,-66.19155281155032,0.04513786384411942,0.5971924087759538,0.31133071536517637,-0.7657607228466404,3.6555580417728564,-3.5413658434650968
70.1,-66.17530387430881,0.04522879665833949,0.5973077411460038,0.31127819814435864,-0.7704390837202999,3.6585839914997744,-3.5364911622926427
70.125,-66.15913550874436,0.04531947073535591,0.5974211518531606,0.3112270120867479,-0.775121351297559,3.661639209814974,-3.5316406526233064
70.15,-66.143047744339,0.045409883777311456,0.5975326533854801,0.31117714642503497,-0.779807268004635,3.664723425884012,-3.5268143233017
70.175,-66.12704061002911,0.045500033492389756,0.5976422582094152,0.3111285904266416,-0.7844965747641541,3.6678363677573347,-3.5220121830087336
70.2,-66.11111413421888,0.04558991759483636,0.5977499787698772,0.3110813333936766,-0.7891890110170143,3.6709777623702444,-3.517234240265664
70.225,-66.09526834479311,0.045679533804980736,0.5978558274902959,0.3110353646628915,-0.7938843147445308,3.674147335543037,-3.5124805034379336
70.25,-66.07950326912943,0.04576887984926146,0.5979598167726782,0.3109906736056353,-0.7985822224909853,3.677344811981242,-3.5077509807388294
70.275,-66.06381893410985,0.04585795346025229,0.5980619589976655,0.3109472496278089,-0.8032824693864566,3.6805699152760085,-3.5030456802329537
70.3,-66.0482153661316,0.04594675237669094,0.5981622665245903,0.31090508216981927,-0.8079847891700263,3.683822367904686,-3.49836460983948
70.325,-66.03269259111741,0.046035274343510346,0.5982607516915299,0.31086416070653305,-0.8126889142133465,3.687101891231529,-3.493707777335223
70.35,-66.01725063452511,0.046123517111870946,0.5983574268153601,0.31082447474722985,-0.8173945755445028,3.69040820550857,-3.4890751903575334
70.375,-66.00188952135655,0.04621147843919645,0.5984523041918065,0.31078601383555526,-0.8221015028722845,3.6937410298766933,-3.4844668564069634
70.4,-65.98660927616588,0.046299156089210786,0.5985453960954944,0.31074876754947356,-0.8268094246107569,3.6971000823668607,-3.4798827828497636
70.425,-65.97140992306731,0.0463865478319782,0.5986367147799977,0.3107127255012201,-0.8315180679042311,3.700485079901506,-3.4753229769201934
70.45,-65.95629148574194,0.04647365144394546,0.5987262724778849,0.3106778773372535,-0.8362271586525748,3.7038957382961875,-3.4707874457225825
70.475,-65.94125398744436,0.046560464707985964,0.5988140814007652,0.310644212738208,-0.8409364215368623,3.707331772261328,-3.466276196233306
70.5,-65.9262974510081,0.04664698541344725,0.598900153739331,0.31061172141884535,-0.8456455800454303,3.7107928954042912,-3.4617892353024287
70.525,-65.9114218988509,0.04673321135619987,0.5989845016634002,0.31058039312800645,-0.8503543565002408,3.714278820231542,-3.457326569655271
70.55,-65.89662735297917,0.04681914033868974,0.5990671373219562,0.31055021764856344,-0.8550624720836625,3.7177892581510648,-3.45288820589375
70.575,-65.88191383499155,0.04690477016999268,0.5991480728431853,0.3105211847973714,-0.8597696468655934,3.7213239194750605,-3.4484741504974648
70.6,-65.86728136608238,0.04699009866587127,0.5992273203345138,0.31049328442522023,-0.8644755998309446,3.7248825134227426,-3.444084409824714
70.625,-65.8527299670439,0.04707512364883513,0.5993048918826422,0.3104665064167866,-0.8691800489075321,3.728464748123523,-3.4397189901131697
70.65,-65.83825965826838,0.04715984294820281,0.5993807995535777,0.3104408406905857,-0.8738827109942865,3.7320703306202536,-3.435377897480515
70.675,-65.82387045974924,0.04724425440016741,0.5994550553926645,0.31041627719892373,-0.8785833019898923,3.7356989668728686,-3.431061137924773
70.7,-65.80956239108167,0.04732835584786452,0.5995276714246127,0.31039280592785007,-0.8832815368217781,3.7393503617621873,-3.4267687173245007
70.725,-65.79533547146261,0.04741214514144259,0.5995986596535244,0.31037041689710976,-0.8879771294754693,3.7430242190939906,-3.422500641438782
70.75,-65.78118971969009,0.04749562013813697,0.5996680320629192,0.3103491001600962,-0.8926697930243624,3.7467202416033554,-3.4182569159070266
70.775,-65.76712515416196,0.04757877870234608,0.5997358006157552,0.3103288458038046,-0.897359239659844,3.750438130959267,-3.4140375462485877
70.8,-65.75314179287396,0.047661618705710604,0.5998019772544504,0.3103096439487849,-0.9020451807217974,3.7541775877694694,-3.4098425378621884
70.825,-65.7392396534172,0.047744138027196126,0.5998665739009003,0.3102914847490959,-0.9067273267295226,3.757938311585621,-3.40567189602516
70.85,-65.72541875297495,0.0478263345531778,0.5999296024564936,0.3102743583922592,-0.9114053874129904,3.761720000908726,-3.4015256258924835
70.875,-65.7116791083189,0.04790820617752897,0.5999910748021268,0.31025825509921395,-0.9160790717445365,3.7655223531948274,-3.397403732495671
70.9,-65.69802073580475,0.047989750801712014,0.6000510027982141,0.3102431651242718,-0.9207480879708962,3.7693450648610294,-3.3933062207414237
70.925,-65.68444365136718,0.048070966334872726,0.6001093982846978,0.3102290787550726,-0.9254121436456597,3.773187831291769,-3.389233095410152
70.95,-65.67094787051417,0.048151850693937515,0.6001662730810543,0.31021598631254044,-0.9300709456620965,3.7770503468454497,-3.3851843611542507
70.975,-65.65753340832084,0.048232401803713645,0.6002216389862984,0.3102038781508404,-0.9347242002863677,3.7809323048613166,-3.3811600224962532
71.0,-65.64420027942253,0.04831261759699299,0.600275507778986,0.3101927446573359,-0.9393716131911543,3.78483339766669,-3.37716008382676
71.025,-65.63094849800733,0.0483924960146582,0.6003278912172123,0.31018257625254675,-0.944012889489627,3.7887533165845078,-3.373184549402198
71.05,-65.61777807780804,0.048472035005792585,0.6003788010386096,0.3101733633901077,-0.948647733769844,3.7926917519411525,-3.3692334233424117
71.075,-65.60468903209349,0.04855123252779319,0.6004282489603419,0.31016509655672797,-0.9532758501295353,3.7966483930746646,-3.3653067096280465
71.1,-65.59168137365926,0.04863008654648661,0.6004762466790956,0.3101577662721514,-0.9578969422112517,3.800622928343249,-3.3614044120977766
71.125,-65.57875511481782,0.048708595036248456,0.6005228058710704,0.31015136308911745,-0.9625107132379306,3.804615045134114,-3.357526534445347
71.15,-65.56591026738809,0.048786755980125614,0.6005679381919646,0.3101458775933229,-0.9671168660488196,3.8086244298726815,-3.353673080216427
71.175,-65.55314684268438,0.048864567369962086,0.6006116552769596,0.31014130040338467,-0.9717151031358152,3.8126507680321016,-3.3498440528053153
71.2,-65.54046485150477,0.048942027206528106,0.6006539687407012,0.31013762217080326,-0.9763051266801832,3.816693744143162,-3.3460394554514292
71.225,-65.52786430411884,0.049019133499652166,0.6006948901772777,0.3101348335799273,-0.9808866385896472,3.8207530418045232,-3.3422592912356506
71.25,-65.51534521025499,0.049095884268356656,0.6007344311601964,0.3101329253479193,-0.9854593405358844,3.824828343693312,-3.338503563076497
71.275,-65.50290757908701,0.0491722775409965,0.6007726032423558,0.31013188822472154,-0.9900229339923821,3.8289193315760923,-3.3347722737261023
71.3,-65.49055141922011,0.049248311355401135,0.600809417956016,0.31013171299302417,-0.9945771202726832,3.8330256863202066,-3.3310654257660333
71.325,-65.47827673867648,0.0493239837590203,0.6008448868127659,0.3101323904682335,-0.9991216005690418,3.8371470879054668,-3.327383021602945
71.35,-65.46608354488026,0.04939929280907199,0.6008790213034878,0.3101339114984417,-1.003656075991387,3.841283215436226,-3.3237250634640785
71.375,-65.45397184464177,0.049474236572695056,0.6009118328983182,0.31013626696439783,-1.0081802476067456,3.8454337471538804,-3.320091553392531
71.4,-65.44194164414151,0.049548813127103984,0.6009433330466069,0.3101394477794795,-1.0126938164789674,3.8495983604496566,-3.3164824932424524
71.425,-65.42999294891332,0.04962302055974751,0.6009735331768716,0.3101434448896662,-1.0171964837088558,3.8537767318778826,-3.3128978846739967
71.45,-65.41812576382718,0.04969685696847074,0.6010024446967516,0.310148249273514,-1.0216879504746783,3.8579685371696013,-3.309337729148153
71.475,-65.40634009307132,0.049770320461679854,0.6010300789929555,0.31015385194213047,-1.0261679180729966,3.862173451246579,-3.305802027921396
71.5,-65.39463594013398,0.04984340915851079,0.6010564474312085,0.3101602439391524,-1.0306360879599015,3.866391148235728,-3.302290782040194
71.525,-65.38301330778445,0.04991612118900093,0.6010815613561954,0.31016741634072376,-1.0350921617925877,3.870621301483926,-3.2988039923353356
71.55,-65.37147219805374,0.0499884546942639,0.6011054320915002,0.31017536025547515,-1.0395358414712754,3.8748635835732324,-3.295341659416121
71.575,-65.3600126122146,0.05006040782666807,0.6011280709395437,0.31018406682450506,-1.043966829181502,3.8791176663365183,-3.291903783664381
71.6,-65.34863455076112,0.050131978750017736,0.6011494891815158,0.310193527221362,-1.0483848274367318,3.883383220873523,-3.2884903652283355
71.625,-65.3373380133878,0.05020316563973826,0.6011696980773067,0.31020373265202866,-1.0527895391213464,3.887659917567289,-3.2851014040163378
71.65,-65.32612299896805,0.0502739666830637,0.6011887088654342,0.3102146743549067,-1.0571806675339284,3.891947426101042,-3.2817368996904137
71.675,-65.31498950553237,0.05034438007922809,0.6012065327629668,0.3102263436008039,-1.0615579164309035,3.896245415475477,-3.2783968516597097
71.7,-65.30393753024579,0.05041440403965996,0.6012231809654444,0.3102387316929225,-1.0659209900705102,3.9005535540264864,-3.275081259073737
71.725,-65.29296706938501,0.05048403678817978,0.6012386646467959,0.3102518299668485,-1.0702695932570785,3.904871509443286,-3.271790120815504
71.75,-65.282078118315,0.050553276561200705,0.6012529949592522,0.3102656297905437,-1.0746034313856292,3.9091989487869885,-3.2685234354944996
71.775,-65.27127067146513,0.0506221216079324,0.6012661830332575,0.310280122564338,-1.0789222104867822,3.9135355385095827,-3.265281201439539
71.8,-65.26054472230486,0.050690570190587876,0.6012782399773753,0.3102952997209244,-1.0832256372719613,3.917880944473358,-3.262063416691457
71.825,-65.24990026331889,0.050758620584593905,0.6012891768781924,0.31031115272535514,-1.0875134191789253,3.9222348319707807,-3.2588700789956673
71.85,-65.23933728598203,0.05082627107880361,0.6012990048002194,0.3103276730750395,-1.0917852644175357,3.9265968657447528,-3.255701185794609
71.875,-65.22885578073335,0.05089351997571311,0.6013077347857864,0.31034485229974323,-1.0960408820158718,3.930966710009371,-3.2525567342200064
71.9,-65.2184557369502,0.05096036559168017,0.6013153778549369,0.3103626819615901,-1.1002799818665583,3.9353440284710666,-3.249436721085061
71.925,-65.20813714292159,0.05102680625714648,0.6013219450053171,0.3103811536550645,-1.1045022747734041,3.9397284843502063,-3.2463411428764757
71.95,-65.19789998582117,0.051092840316862606,0.6013274472120615,0.31040025900701645,-1.108707472498284,3.9441197404031527,-3.2432699957463496
71.975,-65.18774425167994,0.05115846613011579,0.6013318954276764,0.3104199896766679,-1.1128952878082707,3.9485174589447163,-3.240223275503983
72.0,-65.17766992535839,0.05122368207096083,0.6013353005819176,0.31044033735562104,-1.1170654345230249,3.9529213018711,-3.237200977607516
72.025,-65.16767699051827,0.0512884865284534,0.6013376735816671,0.3104612937678686,-1.1212176275623988,3.9573309306832543,-3.234203097155482
72.05,-65.15776542959406,0.05135287790688637,0.6013390253108034,0.310482850669805,-1.1253515829942746,3.961746006510669,-3.231229628878219
72.075,-65.14793522376395,0.051416854626028866,0.6013393666300706,0.31050499985024116,-1.1294670180826256,3.9661661901356493,-3.228280567129185
72.1,-65.13818635292056,0.051480415121367806,0.6013387083769428,0.3105277331304191,-1.133563651335773,3.970591142017963,-3.2253559058761665
72.125,-65.12851879564113,0.05154355784435227,0.6013370613654844,0.31055104236402986,-1.1376412025548452,3.9750205223200052,-3.222455638692338
72.15,-65.11893252915756,0.05160628126264016,0.6013344363862079,0.3105749194372329,-1.1416993928824153,3.979453990932355,-3.219579758747268
72.175,-65.10942752932593,0.05166858386034771,0.6013308442059268,0.31059935626867696,-1.145737944851326,3.983891207499782,-3.216728258797778
72.2,-65.10000377059573,0.05173046413830117,0.6013262955676061,0.31062434480952356,-1.1497565824336726,3.9883318314477205,-3.21390113117872
72.225,-65.0906612259789,0.051791920614291095,0.601320801190208,0.31064987704347186,-1.15375503108994,3.992775522009122,-3.2110983677936713
72.25,-65.0813998670183,0.05185295182332878,0.6013143717685345,0.3106759449867858,-1.1577330178182792,3.9972219382518235,-3.2083199601054915
72.275,-65.07221966375603,0.051913556317904994,0.6013070179730664,0.3107025406883228,-1.161690271203912,4.0016707391063,-3.205565899126809
72.3,-65.06312058470152,0.05197373266825112,0.6012987504497977,0.31072965622956517,-1.1656265214686679,4.006121583393845,-3.2028361754104564
72.325,-65.05410259679914,0.05203347946260241,0.6012895798200681,0.31075728372465244,-1.1695415005206202,4.010574129855235,-3.2001307790397417
72.35,-65.04516566539566,0.05209279530746294,0.6012795166803894,0.31078541532041654,-1.1734349420037993,4.015028037179778,-3.197449699618697
72.375,-65.03630975420742,0.05215167882787308,0.6012685716022702,0.31081404319641864,-1.1773065813480108,4.019482964034815,-3.1947929262622266
72.4,-65.02753482528725,0.052210128667678574,0.6012567551320359,0.310843159564988,-1.1811561558187051,4.023938569095638,-3.1921604475861742
72.425,-65.01884083899112,0.05226814348980161,0.6012440777906455,0.3108727566712625,-1.184983404566909,4.028394511075819,-3.189552251697337
72.45,-65.01022775394458,0.05232572197651387,0.6012305500735038,0.31090282679323206,-1.1887880686792065,4.032850448758008,-3.1869683261833726
72.475,-65.00169552700892,0.05238286282971063,0.6012161824502714,0.31093336224178303,-1.1925698912277056,4.037306041025102,-3.184408658102676
72.5,-64.99324411324721,0.0524395647711874,0.6012009853646693,0.31096435536074535,-1.196328617320076,4.041760946891851,-3.1818732339741644
72.525,-64.98487346589016,0.05249582654291738,0.6011849692342807,0.3109957985269411,-1.200063994149535,4.04621482553683,-3.179362039767048
72.55,-64.97658353630159,0.05255164690733065,0.6011681444503498,0.31102768415023585,-1.203775771044835,4.050667336334919,-3.1768750608904766
72.575,-64.96837427394394,0.0526070246475949,0.6011505213775752,0.3110600046735914,-1.2074636995202268,4.055118138890095,-3.1744122821831806
72.6,-64.96024562634352,0.05266195856789713,0.6011321103539011,0.3110927525731205,-1.2111275333253575,4.059566893068651,-3.1719736879030562
72.625,-64.95219753905572,0.052716447493726795,0.6011129216903041,0.31112592035814424,-1.2147670284951162,4.064013259032803,-3.169559261716715
72.65,-64.94422995562984,0.052770490272159895,0.6010929656705767,0.31115950057125075,-1.218381943399394,4.068456897274731,-3.1671689866889507
72.675,-64.93634281757406,0.05282408577214409,0.6010722525511069,0.31119348578835615,-1.221972038792744,4.0728974686509325,-3.164802845272217
72.7,-64.92853606432013,0.05287723288478505,0.6010507925606546,0.3112278686187679,-1.2255370778639558,4.077334634417034,-3.162460819296038
72.725,-64.92080963318807,0.052929930523633,0.6010285959001237,0.31126264170524953,-1.2290768262854552,4.0817680562629,-3.160142889956421
72.75,-64.9131634593507,0.05298217762497073,0.6010056727423315,0.3112977977240876,-1.2325910522626118,4.08619739634817,-3.1578490378052093
72.775,-64.9055974757981,0.053033973148101425,0.6009820332317736,0.311333329385161,-1.2360795265828237,4.090622317338143,-3.1555792427394307
72.8,-64.89811161330216,0.053085316075637705,0.600957687484386,0.3113692294320116,-1.23954202266448,4.095042482439982,-3.153333483990649
72.825,-64.8907058003808,0.053136205413790646,0.6009326455873036,0.3114054906419176,-1.242978316605686,4.099457555439356,-3.15111174011424
72.85,-64.88337996326247,0.05318664019265922,0.6009069175986148,0.3114421058259681,-1.2463881872327884,4.1038672007373265,-3.148913988978741
72.875,-64.87613402585042,0.0532366194665201,0.6008805135471125,0.3114790678291401,-1.2497714161486742,4.108271083387625,-3.1467402077551254
72.9,-64.8689679096871,0.0532861423141171,0.6008534434320428,0.3115163695303774,-1.2531277877807947,4.1126688691342554,-3.14459037290613
72.925,-64.86188153391848,0.053335207838951085,0.6008257172228489,0.3115540038426714,-1.2564570894289442,4.117060224449417,-3.142464460175543
72.95,-64.8548748152584,0.05338381516956941,0.6007973448589127,0.3115919637131435,-1.259759111312739,4.121444816571746,-3.1403624445775193
72.975,-64.84794766795312,0.05343196345985499,0.6007683362492916,0.3116302421231301,-1.2630336466187762,4.125822313544833,-3.138284300385936
73.0,-64.8411000037457,0.05347965188931563,0.6007387012724544,0.3116688320882685,-1.2662804915475108,4.1301923842560875,-3.136230001123708
73.025,-64.83433173184055,0.0535268796633719,0.6007084497760113,0.31170772665858587,-1.269499445359727,4.134554698475879,-3.1341995195521646
73.05,-64.82764275886821,0.05357364601364499,0.6006775915764425,0.3117469189185887,-1.2726903104226845,4.138908926896907,-3.1321928276604623
73.075,-64.82103298884996,0.05361995019824402,0.6006461364588223,0.3117864019873555,-1.2758528922558956,4.143254741173943,-3.130209896654989
73.1,-64.81450232316281,0.05366579150205162,0.6006140941765414,0.3118261690186301,-1.2789869995764434,4.1475918139637304,-3.1282506969488435
73.125,-64.8080506605044,0.053711169237009415,0.6005814744510249,0.3118662132009174,-1.2820924443439354,4.151919818965241,-3.1263151981513215
73.15,-64.80167789685832,0.05375608274240176,0.6005482869714479,0.3119065277575807,-1.2851690418049821,4.15623843096006,-3.1244033690574966
73.175,-64.79538392545929,0.05380053138513855,0.6005145413944475,0.311947105946941,-1.288216610537226,4.16054732585313,-3.122515177637787
73.2,-64.78916863675873,0.05384451456003648,0.6004802473438323,0.31198794106237737,-1.2912349724928878,4.164846180713643,-3.120650591027619
73.225,-64.78303191839056,0.053888031690098835,0.6004454144102891,0.3120290264324297,-1.2942239530418107,4.1691346738161235,-3.1188095755171688
73.25,-64.77697365513701,0.05393108222679365,0.6004100521510859,0.312070355420903,-1.2971833810139877,4.173412484681829,-3.1169920965411038
73.275,-64.77099372889488,0.05397366565033007,0.600374170089773,0.31211192142697275,-1.3001130887415464,4.177679294120199,-3.1151981186684634
73.3,-64.76509201864192,0.05401578146993254,0.6003377777158808,0.3121537178852926,-1.3030129121001572,4.181934784270595,-3.1134276055925767
73.325,-64.75926840040354,0.054057429224113426,0.6003008844846148,0.3121957382661033,-1.305882690549896,4.186178638644168,-3.1116805201210624
73.35,-64.75352274721975,0.054098608480942986,0.6002634998165485,0.312237976075343,-1.3087222671754724,4.190410542165886,-3.109956824165924
73.375,-64.74785492911246,0.054139318838317255,0.6002256330973125,0.3122804248547594,-1.3115314887258591,4.194630181216711,-3.108256478733739
73.4,-64.7422648130531,0.05417955992422318,0.6001872936772829,0.31232307818202304,-1.314310205653259,4.198837243675904,-3.106579443915929
73.425,-64.73675226293047,0.05421933139700149,0.6001484908712654,0.31236592967084253,-1.3170582721514377,4.203031418963475,-3.1049256788791397
73.45,-64.73131713951905,0.054258632945606726,0.600109233958178,0.3124089729710804,-1.3197755461933718,4.207212398082727,-3.1032951418557144
73.475,-64.72595930044771,0.054297464289863866,0.600069532180731,0.3124522017688711,-1.3224618895681601,4.2113798736628905,-3.1016877901343136
73.5,-64.72067860016864,0.05433582518072264,0.6000293947451049,0.3124956097867398,-1.3251171679172684,4.215533540001858,-3.100103580050592
73.525,-64.71547488992685,0.05437371540050825,0.5999888308206257,0.3125391907837227,-1.3277412507700048,4.219673093108991,-3.0985424669780555
73.55,-64.71034801773004,0.054411134763168736,0.5999478495394389,0.3125829385554886,-1.33033401157824,4.2237982307479545,-3.097004405319012
73.575,-64.70529782831882,0.05444808311451899,0.5999064599961798,0.31262684693446124,-1.3328953277503495,4.227908652479654,-3.095489348495646
73.6,-64.70032416313757,0.05448456033248099,0.5998646712476438,0.31267090978994394,-1.3354250806843548,4.232004059705147,-3.0939972489412697
73.625,-64.69542686030555,0.05452056632732064,0.5998224923124532,0.31271512102824367,-1.3379231558002738,4.2360841557086095,-3.092528058091663
73.65,-64.69060575458869,0.05455610104188011,0.5997799321707231,0.3127594745927978,-1.340389442571591,4.240148645700287,-3.0910817263766064
73.675,-64.68586067737182,0.054591164451806576,0.5997369997637251,0.31280396446430064,-1.3428238345559058,4.244197236859419,-3.089658203211546
73.7,-64.68119145663135,0.05462575656577669,0.5996937039935487,0.31284858466083176,-1.34522622942471,4.248229638377197,-3.0882574369894056
73.725,-64.67659791690862,0.05465987742571638,0.5996500537227629,0.3128933292379851,-1.3475965289922436,4.2522455614996195,-3.0868793750725856
73.75,-64.67207987928367,0.054693527107016665,0.5996060577740744,0.3129381922889983,-1.3499346392434795,4.25624471957033,-3.0855239637851013
73.775,-64.6676371613498,0.05472670571874443,0.5995617249299847,0.31298316794488384,-1.3522404703611568,4.260226828073344,-3.0841911484049405
73.8,-64.66326957718842,0.05475941340384843,0.5995170639324474,0.3130282503745605,-1.3545139367518657,4.2641916046757755,-3.0828808731565247
73.825,-64.65897693734482,0.054791650339360606,0.599472083482522,0.31307343378498503,-1.3567549570711905,4.2681387692703385,-3.081593081203445
73.85,-64.65475904880434,0.05482341673659222,0.5994267922400278,0.31311871242128547,-1.358963454247861,4.272068044017856,-3.080327714641301
73.875,-64.65061571496925,0.05485471284132469,0.599381198823197,0.3131640805668945,-1.3611393555069091,4.275979153389591,-3.0790847144907745
73.9,-64.64654673563642,0.05488553893399509,0.5993353118083253,0.31320953254368317,-1.3632825923918068,4.279871824209369,-3.077864020690926
73.925,-64.64255190697546,0.05491589532987613,0.5992891397294239,0.3132550627120957,-1.365393100785582,4.283745785695645,-3.0766655720926366
73.95,-64.63863102150762,0.05494578237925068,0.5992426910778679,0.31330066547128443,-1.3674708209308937,4.287600769503355,-3.075489306452286
73.975,-64.63478386808558,0.05497520046758033,0.5991959743020467,0.31334633525924505,-1.369515697449048,4.29143650976551,-3.074335160425673
74.0,-64.63101023187366,0.055004150015668156,0.5991489978070118,0.3133920665529523,-1.371527679357933,4.295252743134685,-3.0732030695620978
74.025,-64.62730989432899,0.05503263147981508,0.5991017699541252,0.3134378538684959,-1.373506720088849,4.299049208824212,-3.0720929682986964
74.05,-64.62368263318345,0.05506064535197052,0.5990542990607068,0.3134836917612167,-1.3754527775022691,4.302825648649136,-3.0710047899550346
74.075,-64.62012822242617,0.05508819215987643,0.5990065933996821,0.31352957482584315,-1.3773658139024592,4.306581807066966,-3.069938466727852
74.1,-64.61664643228711,0.055115272467204976,0.5989586611992285,0.3135754976966273,-1.3792457960509743,4.310317431218072,-3.0688939296861335
74.125,-64.61323702922118,0.055141886873689525,0.5989105106424233,0.3136214550474817,-1.3810926951790092,4.31403227096588,-3.0678711087663544
74.15,-64.60989977589337,0.055168036015248924,0.5988621498668901,0.3136674415921152,-1.3829064869985876,4.317726078936676,-3.06686993276801
74.175,-64.60663443116464,0.0551937205641051,0.5988135869644462,0.31371345208416973,-1.3846871517126011,4.321398610559146,-3.0658903293493904
74.2,-64.60344075007863,0.05521894122889336,0.5987648299807495,0.313759481317356,-1.3864346740236428,4.32504962410355,-3.0649322250235898
74.225,-64.6003184838493,0.05524369875476592,0.5987158869149468,0.3138055241255895,-1.388149043141672,4.328678880720564,-3.0639955451547918
74.25,-64.59726737984947,0.05526799392348796,0.5986667657193214,0.3138515753831261,-1.389830252790472,4.332286144479702,-3.0630802139548408
74.275,-64.59428718160004,0.055291827553526365,0.5986174742989422,0.313897630004697,-1.39147830121288,4.335871182407426,-3.062186154480011
74.3,-64.5913776287605,0.05531520050013118,0.5985680205113125,0.31394368294564373,-1.393093191174829,4.3394337645247525,-3.061313288628149
74.325,-64.58853845711998,0.05533811365540935,0.5985184121660204,0.31398972920205204,-1.3946749299681387,4.342973663884534,-3.060461537135994
74.35,-64.58576939858943,0.055360567948390574,0.5984686570243898,0.31403576381088566,-1.3962235294120613,4.3464906566082515,-3.0596308195768303
74.375,-64.58307018119478,0.05538256434508581,0.5984187627991322,0.3140817818501195,-1.397739005853614,4.34998452192235,-3.058821054358435
74.4,-64.58044052907088,0.0554041038485374,0.5983687371540001,0.3141277784388716,-1.3992213801666258,4.353455042194144,-3.058032158721265
74.425,-64.57788016245661,0.055425187498861474,0.598318587703441,0.3141737487375347,-1.4006706777495455,4.356902002967179,-3.0572640487369824
74.45,-64.57538879769086,0.055445816373282074,0.5982683220122531,0.3142196879479069,-1.40208692852198,4.360325192996135,-3.0565166393072585
74.475,-64.57296614720951,0.05546599158615725,0.5982179475952426,0.3142655913133214,-1.4034701669199705,4.363724404281217,-3.0557898441628537
74.5,-64.57061191954344,0.05548571428899649,0.5981674719168824,0.31431145411877487,-1.4048204318899764,4.367099432101974,-3.0550835758630313
74.525,-64.56832581931756,0.05550498567047019,0.5981169023909724,0.31435727169105554,-1.4061377668816053,4.370450075050604,-3.0543977457952693
74.55,-64.56610754725087,0.05552380695641013,0.5980662463803021,0.3144030393988691,-1.407422219839035,4.373776135064666,-3.0537322641752596
74.575,-64.5639568001575,0.055542179409801745,0.5980155111963142,0.3144487526529644,-1.4086738431911747,4.37707741745924,-3.053087040047249
74.6,-64.5618732709489,0.055560104330767704,0.5979647040987714,0.3144944069062571,-1.4098926938405403,4.380353730958473,-3.052461981284668
74.625,-64.55985664863694,0.05557758305654249,0.5979138322954245,0.31453999765395224,-1.411078833150824,4.383604887726526,-3.051856994591081
74.65,-64.5579066183383,0.05559461696143837,0.5978629029416832,0.31458552043366556,-1.4122323269331927,4.38683070339786,-3.051271985501488
74.675,-64.5560228612796,0.05561120745680231,0.5978119231402895,0.31463097082554287,-1.4133532454312883,4.390030997106959,-3.05070685838388
74.7,-64.55420505480404,0.05562735599096403,0.5977608999409931,0.31467634445237824,-1.4144416633049477,4.393205591517289,-3.050161516441213
74.725,-64.55245287237868,0.05564306404917515,0.5977098403402297,0.3147216369797302,-1.415497659612647,4.3963543128497,-3.049635861713604
74.75,-64.55076598360311,0.05565833315353893,0.5976587512808023,0.31476684411603656,-1.4165213177926406,4.3994769909100695,-3.0491297950809337
74.775,-64.5491440542192,0.055673164862931106,0.5976076396515653,0.3148119616127269,-1.4175127256428375,4.402573459116257,-3.0486432162657593
74.8,-64.54758674612178,0.05568756077291149,0.5975565122871115,0.3148569852643338,-1.4184719752993984,4.405643554524389,-3.048176023836534
74.825,-64.54609371737062,0.05570152251562616,0.5975053759674623,0.3149019109086017,-1.4193991632140492,4.408687117854376,-3.047728115211187
74.85,-64.54466462220351,0.05571505175970076,0.5974542374177612,0.31494673442659377,-1.4202943901301575,4.411703993514689,-3.0472993866610536
74.875,-64.54329911105026,0.055728150210123846,0.5974031033079703,0.3149914517427967,-1.4211577610575004,4.414694029626443,-3.0468897333150777
74.9,-64.54199683054811,0.0557408196081215,0.5973519802525713,0.3150360588252235,-1.4219893852458256,4.41765707804664,-3.046499049164434
74.925,-64.5407574235581,0.05575306173102214,0.5973008748102692,0.31508055168551374,-1.4227893761571355,4.420592994390682,-3.0461272270674313
74.95,-64.53958052918259,0.055764878392112104,0.5972497934836994,0.3151249263790318,-1.4235578514367424,4.423501638054097,-3.0457741587547758
74.975,-64.53846578278397,0.05577627144048159,0.5971987427191406,0.3151691790049622,-1.4242949328830832,4.426382872233422,-3.045439734835192
75.0,-64.53741281600446,0.055787242760861465,0.5971477289062294,0.31521330570640327,-1.4250007464163315,4.429236563946344,-3.0451238448013385
75.025,-64.53642125678704,0.055797794273450274,0.5970967583776798,0.3152573026704574,-1.4256754220457772,4.432062584050961,-3.044826377036111
75.05,-64.53549072939764,0.055807927933731995,0.5970458374090079,0.3153011661283193,-1.4263190938360206,4.434860807264203,-3.044547218819291
75.075,-64.53462085444824,0.05581764573228408,0.5969949722182594,0.31534489235536145,-1.4269318998719591,4.437631112179481,-3.04428625633447
75.1,-64.53381124892138,0.055826949694576314,0.5969441689657424,0.3153884776712164,-1.427513982222619,4.440373381283386,-3.044043374676414
75.125,-64.5330615261956,0.05583584188075992,0.5968934337537651,0.3154319184398569,-1.4280654869038016,4.443087500971603,-3.0438184578586784
75.15,-64.53237129607209,0.055844324385447425,0.5968427726263767,0.3154752110696726,-1.4285865638395958,4.445773361563904,-3.0436113888216254
75.175,-64.53174016480256,0.05585239933748308,0.5967921915691149,0.315518352013544,-1.42907736682275,4.4484308573182645,-3.0434220494407667
75.2,-64.53116773511806,0.05586006889970341,0.5967416965087569,0.31556133776891354,-1.429538053473893,4.451059886444124,-3.0432503205354178
75.225,-64.53065360625912,0.05586733526868921,0.5966912933130761,0.31560416487785325,-1.4299687851997074,4.453660351114693,-3.0430960818777364
75.25,-64.53019737400695,0.05587420067450729,0.5966409877906041,0.3156468299271295,-1.430369727149948,4.456232157478373,-3.0429592122020837
75.275,-64.5297986307156,0.05588066738044353,0.5965907856903969,0.3156893295482644,-1.4307410481734308,4.458775215669308,-3.042839589214681
75.3,-64.52945696534564,0.05588673768272644,0.5965406927018074,0.31573166041759376,-1.431082920772955,4.461289439816893,-3.042737089603693
75.325,-64.52917196349846,0.0558924139102413,0.5964907144542633,0.31577381925632236,-1.4313955210591722,4.4637747480545205,-3.0426515890495365
75.35,-64.528943207452,0.055897698424235434,0.5964408565170497,0.31581580283057487,-1.4316790287034502,4.46623106252725,-3.0425829622356004
75.375,-64.5287702761976,0.0559025936180142,0.5963911243990984,0.31585760795144396,-1.4319336268897414,4.468658309398579,-3.042531082859281
75.4,-64.5286527454777,0.05590710191662791,0.5963415235487818,0.3158992314750346,-1.4321595022654547,4.471056418856318,-3.0424958236433097
75.425,-64.5285901878248,0.05591122577654974,0.5962920593537139,0.3159406703025049,-1.4323568448913757,4.473425325117442,-3.042477056347441
75.45,-64.52858217260159,0.055914967685344666,0.5962427371405562,0.315981921380103,-1.4325258481906427,4.4757649664320045,-3.042474651780476
75.475,-64.52862826604184,0.05591833016132994,0.59619356217483,0.3160229816992006,-1.432666708896831,4.478075285086128,-3.04248847981255
75.5,-64.52872803129263,0.05592131575322617,0.596144539660735,0.3160638482963228,-1.432779627001098,4.48035622740401,-3.042518409387789
75.525,-64.52888102845759,0.05592392703980015,0.5960956747409736,0.31610451825317337,-1.4328648056984845,4.4826077437489165,-3.0425643085372767
75.55,-64.52908681464099,0.05592616662949905,0.5960469724965822,0.31614498869665714,-1.4329224513333667,4.4848297885232915,-3.042626044392297
75.575,-64.52934494399314,0.05592803716007601,0.5959984379467684,0.31618525679889764,-1.4329527733440692,4.487022320167799,-3.042703483197941
75.6,-64.52965496775653,0.05592954129820739,0.5959500760487545,0.31622531977725127,-1.4329559842066817,4.489185301159485,-3.042796490326958
75.625,-64.53001643431314,0.05593068173910186,0.5959018916976283,0.31626517489431727,-1.4329322993781082,4.491318698008914,-3.042904930293942
75.65,-64.53042888923281,0.05593146120610108,0.5958538897261997,0.3163048194579433,-1.4328819372383421,4.493422481256279,-3.0430286667698425
75.675,-64.53089187532231,0.05593188245027245,0.5958060749048645,0.3163442508212276,-1.4328051190320261,4.495496625466673,-3.043167562596693
75.7,-64.53140493267566,0.055931948249993944,0.5957584519414753,0.3163834663825162,-1.4327020688093137,4.497541109224257,-3.0433214798026964
75.725,-64.53196759872529,0.05593166141053131,0.595711025481218,0.31642246358539633,-1.4325730133660601,4.4995559151254785,-3.0434902796175862
75.75,-64.53257940829407,0.055931024763606986,0.5956638001064971,0.31646123991868563,-1.4324181821833277,4.501541029771383,-3.0436738224882203
75.775,-64.53323989364834,0.05593004116696233,0.5956167803368265,0.3164997929164168,-1.4322378073663318,4.503496443758885,-3.0438719680945026
75.8,-64.53394858455191,0.05592871350391165,0.5955699706287279,0.3165381201578179,-1.4320321235827265,4.505422151671065,-3.0440845753655723
75.825,-64.53470500832073,0.05592704468288949,0.5955233753756362,0.3165762192672887,-1.4318013680003676,4.507318152066558,-3.044311502496218
75.85,-64.53550868987863,0.05592503763699057,0.5954769989078129,0.31661408791437173,-1.431545780224517,4.509184447467919,-3.0445526069635873
75.875,-64.53635915181391,0.055922695323502906,0.5954308454922657,0.31665172381372003,-1.4312656022345456,4.5110210443490315,-3.044807745544173
75.9,-64.53725591443659,0.05592002072343372,0.5953849193326758,0.31668912472505945,-1.43096107832012,4.512827953121621,-3.0450767743309752
75.925,-64.53819849583662,0.05591701684102929,0.5953392245693331,0.3167262884531467,-1.4306324550169842,4.514605188120724,-3.0453595487509872
75.95,-64.53918641194296,0.055913686703287876,0.595293765279078,0.31676321284772324,-1.4302799810422777,4.516352767589265,-3.045655923582889
75.975,-64.54021917658318,0.05591003335946657,0.5952485454752511,0.31679989580346396,-1.4299039072294732,4.518070713661699,-3.0459657529749533
76.0,-64.54129630154405,0.0559060598805817,0.5952035691076508,0.3168363352599218,-1.429504486462927,4.519759052346681,-3.0462888904632153
76.025,-64.54241729663286,0.055901769358903515,0.5951588400624981,0.3168725292014671,-1.4290819736121079,4.521417813508793,-3.0466251889898586
76.05,-64.54358166973928,0.055897164907445014,0.5951143621624085,0.31690847565722313,-1.4286366254655092,4.523047030849425,-3.0469745009217846
76.075,-64.54478892689806,0.05589224965944502,0.595070139166373,0.31694417270099634,-1.4281687006642703,4.524646741886673,-3.0473366780694193
76.1,-64.54603857235246,0.0558870267678459,0.595026174769745,0.31697961845120176,-1.4276784596355554,4.526216987934306,-3.047711571705737
76.125,-64.54733010861813,0.05588149940476621,0.5949824726042365,0.31701481107078444,-1.4271661645257177,4.527757814079923,-3.0480990325854376
76.15,-64.54866303654782,0.05587567076096781,0.5949390362379215,0.31704974876713543,-1.4266320791332374,4.529269269162141,-3.0484989109643466
76.175,-64.55003685539666,0.055869544045318596,0.5948958691752471,0.31708442979200313,-1.4260764688415353,4.530751405746895,-3.0489110566189965
76.2,-64.55145106288788,0.055863122484250384,0.5948529748570517,0.3171188524414003,-1.4254996005516325,4.532204280102942,-3.049335318866363
76.225,-64.55290515527928,0.05585640932121198,0.5948103566605929,0.31715301505550597,-1.4249017426146833,4.533627952176432,-3.049771546583783
76.25,-64.55439862743019,0.055849407816118635,0.5947680178995817,0.3171869160185625,-1.4242831647644825,4.535022485564628,-3.0502195882290564
76.275,-64.55593097286886,0.055842121244796775,0.5947259618242251,0.3172205537587679,-1.4236441380498743,4.536387947488813,-3.0506792918606593
76.3,-64.55750168386047,0.05583455289842527,0.5946841916212766,0.3172539267481636,-1.4229849347671761,4.537724408766362,-3.0511505051581396
76.325,-64.5591102514755,0.055826706082972834,0.5946427104140946,0.3172870335025172,-1.4223058283925953,4.539031943781955,-3.0516330754426506
76.35,-64.56075616565865,0.05581858411863201,0.5946015212627088,0.31731987258120026,-1.421607093514693,4.540310630458035,-3.0521268496975935
76.375,-64.56243891529805,0.05581019033924997,0.5945606271638944,0.3173524425870618,-1.4208890057669143,4.541560550224431,-3.0526316745894135
76.4,-64.564157988295,0.055801528091756196,0.5945200310512541,0.3173847421662964,-1.4201518417602168,4.542781787987221,-3.053147396488498
76.425,-64.56591287163403,0.05579260073558734,0.5944797357953086,0.3174167700083081,-1.4193958790158172,4.543974432096787,-3.0536738614902075
76.45,-64.56770305145324,0.05578341164210954,0.594439744203594,0.31744852484556896,-1.4186213958980989,4.545138574315181,-3.0542109154359705
76.475,-64.56952801311503,0.05577396419403827,0.5944000590207689,0.3174800054534731,-1.4178286715476913,4.546274309782668,-3.0547584039345095
76.5,-64.57138724127718,0.05576426178485603,0.5943606829287267,0.3175112106501863,-1.4170179858147642,4.547381736983593,-3.0553161723831535
76.525,-64.57328021996402,0.05575430781822801,0.5943216185467186,0.3175421392964901,-1.416189619192543,4.548460957711516,-3.0558840659892055
76.55,-64.57520643263803,0.05574410570741625,0.5942828684314829,0.3175727902956218,-1.4153438527511117,4.549512077033637,-3.0564619297914075
76.575,-64.57716536227151,0.055733658874692,0.5942444350773821,0.3176031625931095,-1.414480968071477,4.5505352032545705,-3.0570496086814543
76.6,-64.57915649141864,0.055722970750746816,0.5942063209165491,0.3176332551766023,-1.4136012471799548,4.551530447879369,-3.0576469474255927
76.625,-64.58117930228741,0.05571204477410268,0.5941685283190397,0.31766306707569614,-1.4127049724828993,4.552497925576007,-3.058253790686223
76.65,-64.58323327681195,0.05570088439052135,0.5941310595929936,0.31769259736175476,-1.4117924267018076,4.553437754137129,-3.0588699830435857
76.675,-64.58531789672485,0.05568949305241274,0.5940939169848036,0.31772184514772567,-1.4108638928087902,4.554350054441214,-3.0594953690174536
76.7,-64.58743264362958,0.05567787421824313,0.5940571026792921,0.3177508095879525,-1.4099196539624754,4.555234950413132,-3.060129793088875
76.725,-64.58957699907305,0.05566603135194306,0.5940206187998947,0.31777948987798144,-1.4089599934443433,4.556092568984091,-3.0607730997219136
76.75,-64.59175044461799,0.05565396792231528,0.5939844674088525,0.31780788525436443,-1.4079851945955248,4.556923040051066,-3.0614251333853955
76.775,-64.5939524619156,0.055641687402442915,0.5939486505074115,0.3178359949944566,-1.4069955407540908,4.557726496435577,-3.0620857385746816
76.8,-64.59618253277812,0.05562919326909813,0.5939131700360301,0.3178638184162102,-1.405991315192848,4.558503073842004,-3.0627547598334344
76.825,-64.59844013925108,0.05561648900215129,0.5938780278745928,0.3178913548779635,-1.4049728010576545,4.5592529108153705,-3.0634320417753242
76.85,-64.60072476368592,0.055603578083981225,0.593843225842633,0.31791860377822523,-1.4039402813063084,4.559976148698579,-3.064117429105775
76.875,-64.60303588881216,0.055590463998886515,0.5938087656995625,0.31794556455545514,-1.402894038648001,4.5606729315892105,-3.0648107666436473
76.9,-64.60537299780967,0.05557715023249788,0.5937746491449084,0.31797223668783947,-1.4018343554833528,4.561343406295803,-3.0655118993429
76.925,-64.60773557438063,0.05556364027119239,0.5937408778185568,0.31799861969306287,-1.4007615138450846,4.56198772229374,-3.066220672314188
76.95,-64.6101231028214,0.05554993760150918,0.5937074533010049,0.3180247131280752,-1.3996757953393084,4.562606031680648,-3.066936930846421
76.975,-64.61253506809425,0.05553604570956733,0.5936743771136199,0.318050516588855,-1.3985774810874894,4.56319848913142,-3.0676605204282734
77.0,-64.61497095589871,0.055521968080485616,0.5936416507189044,0.31807602971016813,-1.3974668516690616,4.5637652518527965,-3.0683912867696135
77.025,-64.61743025274282,0.05550770819780474,0.5936092755207695,0.3181012521653223,-1.3963441870647402,4.564306479537628,-3.069129075822846
77.05,-64.61991244601401,0.05549326954291235,0.5935772528648148,0.31812618366591794,-1.395209766600564,4.564822334318723,-3.0698737338042035
77.075,-64.62241702404972,0.055478655594470176,0.5935455840386156,0.31815082396159466,-1.3940638688926135,4.565312980722401,-3.070625107214917
77.1,-64.62494347620773,0.05546386982784483,0.5935142702720161,0.3181751728397737,-1.3929067717925243,4.565778585621659,-3.0713830428623194
77.125,-64.62749129293609,0.055448915714541344,0.5934833127374305,0.3181992301253967,-1.391738752333728,4.566219318189104,-3.0721473878808254
77.15,-64.63005996584266,0.05543379672164017,0.59345271255015,0.3182229956806605,-1.3905600866784744,4.566635349849566,-3.0729179897527983
77.175,-64.63264898776437,0.0554185163112375,0.5934224707686571,0.31824646940474766,-1.3893710500656253,4.567026854232426,-3.073694696329311
77.2,-64.63525785283592,0.05540307793988976,0.5933925883949456,0.3182696512335542,-1.3881719167592816,4.567394007123744,-3.074477355850776
77.225,-64.63788605655814,0.05538748505806155,0.5933630663748478,0.31829254113941247,-1.3869629599981934,4.567736986418099,-3.0752658169674434
77.25,-64.6405330958659,0.05537174110957782,0.5933339055983682,0.3183151391308112,-1.3857444519460074,4.568055972070261,-3.076059928759771
77.275,-64.64319846919538,0.05535584953108049,0.5933051069000224,0.3183374452521117,-1.3845166636423651,4.5683511460466715,-3.0768595407586146
77.3,-64.64588167655104,0.05533981375148915,0.5932766710591834,0.3183594595832603,-1.3832798649548277,4.568622692276705,-3.0776645029653125
77.325,-64.64858221957194,0.055323637191466636,0.5932485988004339,0.31838118223949763,-1.3820343245316822,4.568870796603831,-3.0784746658715805
77.35,-64.65129960159749,0.05530732326288947,0.5932208907939238,0.3184026133710645,-1.380780309755622,4.569095646736608,-3.0792898804792457
77.375,-64.65403332773279,0.05529087536832275,0.5931935476557342,0.31842375316290406,-1.3795180866982761,4.569297432199532,-3.080109998319837
77.4,-64.65678290491313,0.05527429690050068,0.5931665699482472,0.3184446018343612,-1.3782479200756659,4.569476344283876,-3.0809348714739384
77.425,-64.6595478419681,0.055257591241812315,0.5931399581805219,0.31846515963887817,-1.3769700732045596,4.5696325759983285,-3.0817643525904317
77.45,-64.66232764968495,0.05524076176379223,0.5931137128086748,0.3184854268636879,-1.3756848079596917,4.5697663220196745,-3.082598294905486
77.475,-64.66512184087135,0.05522381182661733,0.5930878342362667,0.3185054038295031,-1.3743923847319444,4.5698777786433356,-3.083436552261405
77.5,-64.6679299304174,0.05520674477860894,0.5930623228146954,0.31852509089020353,-1.3730930623874138,4.5699671437339875,-3.08427897912522
77.525,-64.67075143535715,0.05518956395574115,0.5930371788435923,0.3185444884325194,-1.3717870982274292,4.570034616676036,-3.085125430607144
77.55,-64.6735858749291,0.055172272681154905,0.5930124025712254,0.31856359687571256,-1.3704747479494919,4.570080398324235,-3.0859757624787307
77.575,-64.67643277063632,0.05515487426467807,0.5929879941949077,0.3185824166712546,-1.3691562656091327,4.570104690954233,-3.0868298311908973
77.6,-64.67929164630556,0.055137372002352324,0.5929639538614085,0.31860094830250213,-1.3678319035827544,4.570107698213194,-3.087687493891667
77.625,-64.68216202814573,0.05511976917596568,0.5929402816673727,0.31861919228437,-1.3665019125313607,4.570089625070493,-3.0885486084437175
77.65,-64.68504344480561,0.05510206905259221,0.5929169776597424,0.3186371491630011,-1.3651665413652856,4.570050677768445,-3.089413033441684
77.675,-64.68793542743073,0.05508427488413794,0.5928940418361841,0.31865481951543445,-1.3638260372098334,4.569991063773179,-3.090280628229219
77.7,-64.69083750971946,0.055066389906893685,0.5928714741455205,0.3186722039492702,-1.362480645371892,4.56991099172555,-3.091151252915837
77.725,-64.69374922797827,0.05504841734109479,0.5928492744881673,0.3186893031023332,-1.3611306093074953,4.569810671392267,-3.0920247683934816
77.75,-64.69667012117618,0.0550303603904874,0.5928274427165723,0.3187061176423331,-1.3597761705903115,4.569690313617077,-3.092901036352855
77.775,-64.69959973099834,0.055012222241902616,0.5928059786356615,0.31872264826652347,-1.3584175688811428,4.569550130272149,-3.093779919299503
77.8,-64.7025376018988,0.054994006064836974,0.5927848820032875,0.318738895701358,-1.357055041898323,4.569390334209612,-3.094661280569639
77.825,-64.70548328115227,0.05497571501104046,0.5927641525306818,0.3187548607021451,-1.3556888253890782,4.5692111392133175,-3.0955449843456804
77.85,-64.7084363189052,0.05495735221411222,0.5927437898829121,0.3187705440527002,-1.354319153101875,4.5690127599507315,-3.09643089567156
77.875,-64.71139626822578,0.05493892078910316,0.5927237936793429,0.3187859465649968,-1.3529462567596746,4.568795411925125,-3.0973188804677347
77.9,-64.71436268515315,0.05492042383212622,0.5927041634940989,0.3188010690788148,-1.3515703660341443,4.568559311427927,-3.0982088055459442
77.925,-64.71733512874556,0.054901864419974335,0.5926848988565331,0.3188159124613882,-1.3501917085208233,4.568304675491397,-3.099100538623668
77.95,-64.72031316112782,0.054883245609745994,0.5926659992516978,0.31883047760705013,-1.3488105097152272,4.568031721841448,-3.0999939483383456
77.975,-64.72329634753754,0.054864570438478415,0.5926474641208189,0.3188447654368774,-1.3474269929898781,4.5677406688508775,-3.100888904261262
78.0,-64.72628425637063,0.054845841922788574,0.5926292928617728,0.3188587768983323,-1.3460413795722759,4.567431735492764,-3.1017852769111895
78.025,-64.72927645922573,0.05482706305852209,0.5926114848295679,0.3188725129649046,-1.3446538885237995,4.567105141294263,-3.1026829377677188
78.05,-64.73227253094772,0.054808236820409764,0.5925940393368271,0.3188859746357504,-1.3432647367195099,4.5667611062906195,-3.1035817592843173
78.075,-64.73527204967027,0.054789366161732383,0.5925769556542745,0.3188991629353317,-1.3418741388289,4.5663998509796,-3.1044816149010814
78.1,-64.73827459685734,0.054770454013993254,0.592560233011224,0.3189120789130532,-1.3404823072975323,4.566021596276191,-3.105382379057201
78.125,-64.74127975734376,0.05475150328659883,0.5925438705960708,0.3189247236428987,-1.3390894523295906,4.565626563467672,-3.1062839272031284
78.15,-64.7442871193748,0.05473251686654743,0.592527867556786,0.3189370982230671,-1.337695781871331,4.565214974169077,-3.107186135812441
78.175,-64.74729627464474,0.05471349761812586,0.5925122230014115,0.31894920377560615,-1.3363015015954074,4.564787050278967,-3.1080888823934214
78.2,-64.75030681833437,0.05469444838261436,0.5924969359985592,0.3189610414460467,-1.3349068148861005,4.56434301393566,-3.1089920455003095
78.225,-64.75331834914759,0.05467537197799961,0.5924820055779119,0.31897261240303515,-1.3335119228254149,4.563883087473782,-3.109895504744277
78.25,-64.75633046934699,0.05465627119869569,0.5924674307307244,0.3189839178379662,-1.3321170241800255,4.5634074933812725,-3.1107991408040974
78.275,-64.75934278478826,0.0546371488152735,0.5924532104103288,0.31899495896461405,-1.3307223153891066,4.562916454256791,-3.1117028354364775
78.3,-64.76235490495372,0.05461800757419813,0.5924393435326408,0.319005737018764,-1.3293279905529976,4.562410192767561,-3.1126064714861172
78.325,-64.76536644298487,0.054598850197574496,0.5924258289766662,0.3190162532578427,-1.3279342414227029,4.561888931607594,-3.113509932895461
78.35,-64.76837701571371,0.05457967938290124,0.5924126655850104,0.3190265089605491,-1.3265412573902424,4.561352893456445,-3.114413104714113
78.375,-64.77138624369329,0.05456049780283255,0.5923998521643894,0.319036505426484,-1.325149225479795,4.5608023009383185,-3.1153158731079853
78.4,-64.77439375122698,0.054541308104948436,0.5923873874861408,0.31904624397578024,-1.3237583303396727,4.5602373765817354,-3.116218125368094
78.425,-64.77739916639692,0.05452211291153299,0.5923752702867371,0.31905572594873244,-1.3223687542350888,4.55965834277959,-3.1171197499190755
78.45,-64.78040212109133,0.05450291481936087,0.592363499268299,0.31906495270542673,-1.3209806770417125,4.559065421749709,-3.118020636327398
78.475,-64.78340225103076,0.05448371639949192,0.5923520730991104,0.31907392562537046,-1.3195942762400064,4.558458835495925,-3.118920675309229
78.5,-64.78639919579346,0.05446452019707378,0.5923409904141346,0.31908264610712217,-1.318209726910325,4.557838805769584,-3.119819758738039
78.525,-64.78939259883953,0.05444532873115286,0.592330249815529,0.31909111556792147,-1.3168272017287834,4.557205554031595,-3.1207177796518577
78.55,-64.79238210753418,0.05442614449449315,0.592319849873163,0.3190993354433195,-1.3154468709638616,4.55655930141496,-3.121614632260254
78.575,-64.79536737316994,0.054406969953403,0.5923097891251352,0.31910730718680946,-1.314068902473731,4.5559002686878305,-3.1225102119509813
78.6,-64.7983480509878,0.05438780754757019,0.5923000660782903,0.31911503226945764,-1.3126934617043289,4.555228676217058,-3.123404415296339
78.625,-64.80132380019735,0.054368659689904564,0.5922906792087371,0.319122512179535,-1.3113207116881114,4.554544743932303,-3.1242971400592054
78.65,-64.80429428399597,0.054349528766389155,0.5922816269623667,0.31912974842214903,-1.3099508130435455,4.553848691290613,-3.1251882851987913
78.675,-64.8072591695869,0.054330417135938544,0.59227290775537,0.3191367425188766,-1.3085839239752417,4.553140737241599,-3.1260777508760698
78.7,-64.81021812819637,0.05431132713026543,0.5922645199747553,0.319143496007397,-1.3072202002747833,4.552421100193088,-3.1269654384589103
78.725,-64.81317083508971,0.054292261053754974,0.5922564619788665,0.3191500104411264,-1.3058597953222235,4.551689997977364,-3.127851250526912
78.75,-64.81611696958643,0.054273221183346695,0.5922487320979,0.3191562873888523,-1.304502860088207,4.550947647817921,-3.1287350908759293
78.775,-64.8190562150744,0.05425420976842426,0.592241328634421,0.3191623284343698,-1.3031495431367528,4.550194266296778,-3.129616864522319
78.8,-64.82198825902289,0.05423522903071278,0.5922342498638812,0.31916813517611786,-1.301799990628648,4.549430069322338,-3.130496477706866
78.825,-64.82491279299477,0.0542162811641834,0.5922274940351329,0.3191737092268173,-1.30045434632543,4.548655272097819,-3.1313738378984297
78.85,-64.82782951265763,0.05419736833496602,0.592221059370945,0.3191790522131096,-1.2991127515940182,4.547870089090213,-3.1322488537972886
78.875,-64.830738117794,0.05417849268126873,0.5922149440685169,0.31918416577519687,-1.2977753454118708,4.547074733999842,-3.1331214353381993
78.9,-64.83363831231057,0.05415965631330522,0.5922091462999913,0.31918905156648286,-1.2964422643727649,4.5462694197304225,-3.1339914936931703
78.925,-64.83652980424644,0.05414086131322899,0.5922036642129674,0.31919371125321583,-1.295113642693095,4.5454543583597715,-3.1348589412739316
78.95,-64.83941230578046,0.05412210973507503,0.5921984959310109,0.3191981465141318,-1.2937896122187367,4.54462976111099,-3.1357236917341367
78.975,-64.8422855332376,0.05410340360470865,0.5921936395541644,0.31920235904010025,-1.2924703024324418,4.543795838324284,-3.13658565997128
79.0,-64.84514920709441,0.05408474491978129,0.5921890931594562,0.3192063505337701,-1.2911558404617498,4.542952799429298,-3.137444762128322
79.025,-64.84800305198351,0.054066135649693245,0.5921848548014071,0.31921012270921867,-1.2898463510873983,4.54210085291808,-3.138300915595053
79.05,-64.85084679669721,0.05404757773556365,0.5921809225125362,0.31921367729160055,-1.2885419567522511,4.5412402063185455,-3.1391540390091635
79.075,-64.85368017419022,0.05402907309020663,0.5921772943038652,0.3192170160167996,-1.2872427775706636,4.540371066168569,-3.1400040522570647
79.1,-64.85650292158137,0.05401062359811502,0.592173968165421,0.3192201406310813,-1.2859489313383714,4.539493637990611,-3.14085087647441
79.125,-64.85931478015463,0.053992231115449936,0.5921709420667359,0.3192230528907481,-1.2846605335427768,4.538608126266918,-3.1416944340463897
79.15,-64.86211549535906,0.0539738974700376,0.5921682139573472,0.31922575456179547,-1.2833776973737299,4.537714734415308,-3.1425346486077186
79.175,-64.864904816808,0.05395562446137203,0.5921657817672936,0.3192282474195705,-1.282100533734689,4.536813664765511,-3.1433714450423977
79.2,-64.8676824982773,0.05393741386062464,0.5921636434076106,0.3192305332484321,-1.2808291512543393,4.535905118536078,-3.144204749483191
79.225,-64.87044829770291,0.053919267410659735,0.5921617967708237,0.31923261384141277,-1.2795636562985875,4.534989295811839,-3.145034489310872
79.25,-64.8732019771773,0.05390118682605643,0.5921602397314383,0.3192344909998835,-1.2783041529829564,4.534066395521991,-3.1458605931531904
79.275,-64.87594330294542,0.053883173793136625,0.5921589701464288,0.3192361665332191,-1.2770507431853637,4.533136615418633,-3.1466829908836247
79.3,-64.87867204539954,0.05386522996999896,0.5921579858557254,0.3192376422584673,-1.2758035265592584,4.532200152055989,-3.1475016136198617
79.325,-64.88138797907348,0.05384735698655865,0.592157284682697,0.3192389200000183,-1.274562600547112,4.53125720077009,-3.1483163937220437
79.35,-64.88409088263592,0.05382955644459319,0.5921568644346331,0.319240001589278,-1.2733280603942496,4.530307955659085,-3.1491272647907746
79.375,-64.88678053888302,0.05381182991779391,0.5921567229032231,0.3192408888643424,-1.2720999991630308,4.529352609564045,-3.1499341616649046
79.4,-64.8894567347302,0.053794178951822924,0.5921568578650318,0.31924158366967464,-1.2708785077473186,4.528391354050366,-3.1507370204190606
79.425,-64.89211926120323,0.05377660506437556,0.5921572670819737,0.3192420878557844,-1.2696636748872616,4.527424379389689,-3.15153577836097
79.45,-64.8947679134285,0.05375910974524844,0.5921579483017839,0.31924240327890946,-1.2684555871843826,4.526451874542382,-3.152330374028548
79.475,-64.89740249062251,0.053741694456412754,0.592158899258486,0.3192425318006999,-1.2672543291169374,4.5254740271405876,-3.1531207471867533
79.5,-64.90002279608088,0.053724360632092835,0.5921601176728574,0.3192424752879041,-1.2660599830555586,4.524491023471727,-3.1539068388242626
79.525,-64.9026286371663,0.053707109678849625,0.5921616012528922,0.3192422356120582,-1.2648726292791348,4.523503048462651,-3.1546885911498905
79.55,-64.90521982529611,0.053689942975669404,0.59216334769426,0.31924181464917695,-1.2636923459909615,4.522510285664219,-3.155465947588834
79.575,-64.90779617592891,0.05367286187405727,0.5921653546807628,0.31924121427944785,-1.2625192093351139,4.521512917236506,-3.156238852778672
79.6,-64.9103575085507,0.05365586769813548,0.5921676198847883,0.31924043638692745,-1.2613532934130536,4.520511123934417,-3.1570072525652106
79.625,-64.91290364666027,0.053638961744746395,0.5921701409677594,0.3192394828592405,-1.260194670300439,4.519505085093952,-3.1577710939980803
79.65,-64.91543441775393,0.05362214528356028,0.5921729155805822,0.3192383555872815,-1.2590434100641652,4.518494978618872,-3.1585303253261783
79.675,-64.91794965330966,0.05360541955718736,0.5921759413640887,0.31923705646491873,-1.2578995807795736,4.517480980967928,-3.1592848959928985
79.7,-64.92044918877059,0.053588785781294175,0.5921792159494785,0.31923558738870184,-1.2567632485478477,4.516463267142621,-3.160034756631177
79.725,-64.92293286352782,0.05357224514472457,0.5921827369587548,0.3192339502575706,-1.2556344775135968,4.515442010675407,-3.1607798590583456
79.75,-64.92540052090281,0.05355579880962455,0.5921865020051582,0.3192321469725682,-1.2545133298825908,4.5144173836184365,-3.1615201562708433
79.775,-64.92785200812901,0.0535394479115714,0.592190508693598,0.31923017943655546,-1.2533998659396577,4.513389556532761,-3.162255602438702
79.8,-64.93028717633298,0.053523193559706674,0.5921947546210777,0.3192280495539296,-1.2522941440667157,4.512358698478059,-3.162986152899894
79.825,-64.93270588051496,0.05350703683687317,0.592199237377119,0.31922575923034435,-1.2511962207609515,4.511324977002829,-3.1637117641544874
79.85,-64.93510797952891,0.05349097879975548,0.5922039545441815,0.3192233103724336,-1.2501061506531097,4.510288558135015,-3.164432393858672
79.875,-64.93749333606193,0.05347502047902446,0.5922089036980785,0.3192207048875382,-1.249023986525914,4.509249606373205,-3.1651480008185797
79.9,-64.93986181661332,0.05345916287948498,0.5922140824083896,0.31921794468343445,-1.2479497793325778,4.508208284678176,-3.1658585449839944
79.925,-64.94221329147288,0.05344340698022752,0.5922194882388692,0.319215031668067,-1.2468835782154368,4.507164754464998,-3.1665639874418643
79.95,-64.94454763469902,0.053427753734782604,0.5922251187478523,0.31921196774928334,-1.2458254305246403,4.5061191755955265,-3.167264290409706
79.975,-64.94686472409612,0.05341220407127907,0.5922309714886552,0.3192087548345721,-1.2447753818369587,4.50507170637138,-3.167959417228835
80.0,-64.9491644411916,0.05339675889260515,0.5922370440099728,0.31920539483080385,-1.2437334759746395,4.504022503527336,-3.168649332357479
80.025,-64.95144667121241,0.05338141907657264,0.5922433338562731,0.3192018896439749,-1.242699755024333,4.502971722225204,-3.1693340013637226
80.05,-64.95371130306117,0.05336618547608406,0.5922498385681865,0.31919824117895407,-1.2416742593560741,4.5019195160480665,-3.1700133909183505
80.075,-64.95595822929182,0.053351058919302904,0.5922565556828918,0.31919445133923297,-1.240657027642332,4.500866036995019,-3.170687468787547
80.1,-64.95818734608487,0.05333604020982634,0.5922634827344986,0.3191905220266781,-1.239648096877072,4.499811435476266,-3.171356203825461
80.125,-64.96039855322218,0.053321130126860725,0.5922706172544254,0.3191864551412872,-1.2386475023948709,4.498755860308689,-3.172019565966653
80.15,-64.96259175406153,0.053306329425399666,0.5922779567717738,0.319182252580948,-1.2376552778900487,4.497699458711751,-3.17267752621846
80.175,-64.96476685551059,0.05329163883640481,0.5922854988136984,0.31917791624119995,-1.236671455435842,4.496642376303875,-3.173330056653177
80.2,-64.96692376800064,0.05327705906698852,0.5922932409057742,0.3191734480149992,-1.2356960655035556,4.495584757099163,-3.173977130400192
80.225,-64.9690624054599,0.05326259080059945,0.5923011805723574,0.3191688497924866,-1.2347291369817568,4.494526743504552,-3.174618721637968
80.25,-64.97118268528652,0.05324823469720974,0.5923093153369446,0.3191641234607586,-1.2337706971954334,4.493468476317295,-3.1752548055859564
80.275,-64.97328452832129,0.05323399139350484,0.592317642722527,0.31915927090364155,-1.2328207719251822,4.492410094722882,-3.175885358496386
80.3,-64.97536785881985,0.053219861503074964,0.5923261602519403,0.31915429400146855,-1.2318793854263517,4.491351736293299,-3.176510357645955
80.325,-64.97743260442489,0.0532058456166089,0.5923348654482107,0.3191491946308597,-1.2309465604482004,4.490293536985609,-3.177129781327467
80.35,-64.97947869613773,0.05319194430208916,0.592343755834897,0.31914397466450567,-1.2300223182529897,4.4892356311410015,-3.1777436088413196
80.375,-64.98150606828986,0.05317815810498936,0.5923528289364285,0.3191386359709537,-1.2291066786350844,4.488178151484083,-3.178351820486958
80.4,-64.98351465851408,0.053164487548473006,0.592362082278439,0.3191331804143972,-1.2281996599399951,4.487121229122559,-3.1789543975542243
80.425,-64.9855044077154,0.05315093313359403,0.592371513388096,0.31912760985446825,-1.2273012790833913,4.486064993547288,-3.1795513223146186
80.45,-64.98747526004172,0.05313749533949869,0.5923811197944266,0.3191219261460332,-1.2264115515700582,4.485009572632587,-3.1801425780125157
80.475,-64.98942716285421,0.05312417462362902,0.5923908990286386,0.31911613113899123,-1.2255304915128078,4.483955092636959,-3.1807281488562635
80.5,-64.99136006669758,0.053110971421927555,0.5924008486244382,0.3191102266780763,-1.2246581116513366,4.482901678204053,-3.1813080200092743
80.525,-64.99327392526999,0.05309788614904343,0.5924109661183424,0.31910421460266186,-1.2237944233710185,4.481849452363994,-3.1818821775809965
80.55,-64.9951686953928,0.053084919198539485,0.5924212490499887,0.31909809674656875,-1.22293943672163,4.480798536535019,-3.1824506086178417
80.575,-64.99704433698024,0.05307207094310076,0.5924316949624395,0.31909187493787616,-1.2220931604360163,4.479749050525376,-3.1830133010940713
80.6,-64.99890081300867,0.05305934173474373,0.5924423014024826,0.31908555099873576,-1.2212556019486698,4.47870111253556,-3.183570243902602
80.625,-65.00073808948588,0.05304673190502664,0.5924530659209281,0.31907912674518885,-1.2204267674142368,4.477654839160836,-3.1841214268457634
80.65,-65.00255613542011,0.05303424176526078,0.5924639860729003,0.31907260398698617,-1.2196066617259447,4.476610345393986,-3.184666840626032
80.675,-65.00435492278895,0.05302187160672257,0.5924750594181263,0.31906598452741164,-1.2187952885339446,4.475567744628429,-3.1852064768366843
80.7,-65.00613442650811,0.05300962170086632,0.5924862835212195,0.31905927016310826,-1.2179926502635607,4.474527148661526,-3.1857403279524332
80.725,-65.00789462440001,0.052997492299537555,0.59249765595196,0.3190524626839075,-1.2171987481334363,4.473488667698208,-3.1862683873200024
80.75,-65.0096354971623,0.0529854836351872,0.5925091742855702,0.3190455638726617,-1.2164135821736044,4.472452410354822,-3.1867906491486875
80.775,-65.01135702833616,0.05297359592108624,0.5925208361029857,0.3190385755050793,-1.21563715124345,4.471418483663281,-3.187307108500849
80.8,-65.01305920427474,0.05296182935154069,0.5925326389911237,0.3190314993495633,-1.2148694530495638,4.47038699307539,-3.1878177612824214
80.825,-65.0147420141112,0.052950184102107035,0.5925445805431458,0.31902433716705275,-1.2141104841634904,4.469358042467473,-3.188322604233362
80.85,-65.01640544972688,0.052938660329808325,0.5925566583587175,0.31901709071086665,-1.2133602400393908,4.468331734145209,-3.1888216349180625
80.875,-65.01804950571925,0.05292725817334995,0.5925688700442626,0.3190097617265518,-1.212618715031554,4.467308168848712,-3.189314851715774
80.9,-65.01967417936997,0.05291597775333621,0.592581213213215,0.319002351951733,-1.2118859024118316,4.466287445757809,-3.189802253810991
80.925,-65.02127947061268,0.05290481917248665,0.5925936854862651,0.3189948631159661,-1.2111617943869324,4.4652696624975805,-3.190283841183805
80.95,-65.02286538200092,0.05289378251585275,0.5926062844916027,0.3189872969405943,-1.2104463821156113,4.464254915144051,-3.1907596146002746
80.975,-65.02443191867587,0.05288286785103449,0.592619007865156,0.31897965513860754,-1.2097396557257332,4.463243298230147,-3.1912295756027618
81.0,-65.02597908833422,0.052872075228397035,0.5926318532508258,0.31897193941450425,-1.2090416043312129,4.46223490475181,-3.1916937265002674
81.025,-65.0275069011958,0.052861404681287326,0.5926448183007164,0.3189641514641566,-1.2083522160488391,4.461229826174352,-3.1921520703587416
81.05,-65.02901536997142,0.05285085622625039,0.5926579006753622,0.318956292974678,-1.2076714780149536,4.4602281524389396,-3.1926046109914252
81.075,-65.03050450983046,0.05284042986324569,0.5926710980439504,0.31894836562429435,-1.206999376402019,4.4592299719693385,-3.1930513529491393
81.1,-65.03197433836876,0.05283012557586309,0.5926844080845391,0.31894037108221723,-1.2063358964350455,4.458235371678759,-3.1934923015106262
81.125,-65.0334248755762,0.05281994333153875,0.5926978284842731,0.31893231100852054,-1.2056810224078998,4.457244436976931,-3.1939274626728604
81.15,-65.03485614380456,0.052809883081770384,0.5927113569395928,0.3189241870540198,-1.20503473769946,4.4562572517773305,-3.194356843141368
81.175,-65.03626816773519,0.052799944762332574,0.5927249911564421,0.31891600086015404,-1.2043970247896632,4.455273898504567,-3.194780450320556
81.2,-65.03766097434689,0.05279012829349111,0.5927387288504709,0.31890775405887095,-1.2037678652753832,4.454294458101917,-3.195198292304067
81.225,-65.03903459288365,0.05278043358021748,0.592752567747234,0.3188994482725145,-1.203147239886208,4.453319010039074,-3.1956103778650955
81.25,-65.04038905482263,0.052770860512402325,0.5927665055823857,0.3188910851137153,-1.2025351285000494,4.452347632319943,-3.1960167164467874
81.275,-65.041724393842,0.052761408965068674,0.5927805401018719,0.3188826661852837,-1.2019315101586319,4.451380401490654,-3.1964173181526006
81.3,-65.04304064578898,0.05275207879858451,0.5927946690621155,0.31887419308010606,-1.2013363630828349,4.450417392647722,-3.196812193736693
81.325,-65.04433784864784,0.05274286985887459,0.5928088902302019,0.3188656673810427,-1.2007496646878935,4.449458679446264,-3.1972013545943523
81.35,-65.04561604250803,0.05273378197763173,0.5928232013840569,0.31885709066083,-1.2001713915984609,4.4485043341084545,-3.197584812752409
81.375,-65.04687526953238,0.05272481497252735,0.5928376003126234,0.31884846448198384,-1.1996015196635277,4.4475544274320065,-3.197962580859713
81.4,-65.04811557392539,0.0527159686474213,0.5928520848160335,0.3188397903967063,-1.1990400239712047,4.446609028798814,-3.198334672177616
81.425,-65.04933700190153,0.052707242792570726,0.5928666527057759,0.31883106994679505,-1.1984868788633452,4.445668206183732,-3.19870110057046
81.45,-65.05053960165378,0.05269863718483836,0.5928813018048619,0.318822304663555,-1.1979420579500448,4.444732026163419,-3.199061880496134
81.475,-65.05172342332209,0.052690151587899824,0.592896029947985,0.31881349606771303,-1.197405534123984,4.4438005539253425,-3.1994170269966262
81.5,-65.05288851896205,0.05268178575244998,0.5929108349816786,0.3188046456693348,-1.1968772795746265,4.442873853276843,-3.1997665556886146
81.525,-65.05403494251374,0.05267353941640867,0.5929257147644699,0.3187957549677443,-1.1963572658022916,4.441951986654291,-3.200110482754121
81.55,-65.0551627497705,0.052665412305125094,0.592940667167029,0.31878682545144615,-1.1958454636320524,4.441035015132395,-3.2004488249311507
81.575,-65.05627199834804,0.05265740413158156,0.5929556900723162,0.3187778585980499,-1.1953418432275191,4.440122998433524,-3.200781599504411
81.6,-65.05736274765344,0.0526495145965961,0.5929707813757239,0.3187688558741975,-1.194846374104461,4.439215994937188,-3.2011088242960324
81.625,-65.05843505885453,0.05264174338902373,0.5929859389852168,0.3187598187354923,-1.1943590251442715,4.43831406168953,-3.201430517656358
81.65,-65.05948899484915,0.05263409018595746,0.5930011608214665,0.3187507486264316,-1.1938797646073338,4.437417254412977,-3.201746698454744
81.675,-65.06052462023479,0.05262655465292735,0.5930164448179847,0.31874164698034074,-1.1934085601461917,4.4365256275158815,-3.202057386070436
81.7,-65.06154200127821,0.05261913644409893,0.5930317889212512,0.31873251521930995,-1.192945378818605,4.4356392341022834,-3.2023626003834633
81.725,-65.06254120588525,0.052611835202470425,0.5930471910908398,0.3187233547541336,-1.1924901871004574,4.434758125981745,-3.202662361765576
81.75,-65.06352230357082,0.05260465056006874,0.59306264929954,0.31871416698425165,-1.1920429508985166,4.433882353679203,-3.202956691071246
81.775,-65.06448536542898,0.05259758213814433,0.5930781615334753,0.3187049532976935,-1.191603635563053,4.433011966444941,-3.2032456096286936
81.8,-65.06543046410327,0.0525906295473648,0.5930937257922185,0.3186957150710243,-1.1911722059003156,4.432147012264564,-3.2035291392309815
81.825,-65.06635767375715,0.05258379238800742,0.5931093400889039,0.3186864536692933,-1.1907486261848719,4.431287537869056,-3.203807302127146
81.85,-65.0672670700446,0.05257707025015027,0.5931250024503356,0.3186771704459844,-1.1903328601717977,4.430433588744863,-3.204080121013378
81.875,-65.06815873008085,0.05257046271386215,0.5931407109170923,0.31866786674296943,-1.189924871108727,4.4295852091440695,-3.2043476190242557
81.9,-65.06903273241348,0.05256396934939121,0.5931564635436302,0.31865854389046305,-1.1895246217477653,4.428742442094553,-3.2046098197240425
81.925,-65.06988915699333,0.05255758971735239,0.5931722583983812,0.3186492032069802,-1.1891320743572629,4.427905329410244,-3.2048667470979977
81.95,-65.07072808514602,0.05255132336891354,0.5931880935638488,0.3186398459992957,-1.1887471907334557,4.427073911701361,-3.2051184255438043
81.975,-65.07154959954332,0.05254516984598002,0.5932039671367006,0.31863047356240576,-1.188369932211947,4.426248228384721,-3.205364879862995
82.0,-65.07235378417487,0.052539128681378035,0.5932198772278577,0.31862108717949195,-1.1880002596790662,4.425428317694071,-3.2056061352524594
82.025,-65.07314072432006,0.052533199399037035,0.5932358219625808,0.31861168812188695,-1.1876381335831068,4.424614216690423,-3.2058422172960164
82.05,-65.07391050652001,0.052527381514169885,0.5932517994805537,0.31860227764904253,-1.18728351394538,4.423805961272469,-3.206073151956002
82.075,-65.07466321854992,0.05252167453345261,0.5932678079359631,0.31859285700849965,-1.1869363603711913,4.4230035861869545,-3.2062989655649745
82.1,-65.07539894939144,0.052516077955202134,0.5932838454975762,0.3185834274358605,-1.1865966320606438,4.42220712503911,-3.206519684817432
82.125,-65.07611778920536,0.05251059126955279,0.5932999103488148,0.31857399015476234,-1.1862642878193193,4.421416610303091,-3.2067353367616063
82.15,-65.07681982930441,0.05250521395863143,0.5933160006878263,0.318564546376854,-1.185939286068823,4.420632073332436,-3.2069459487913234
82.175,-65.07750516212639,0.05249994549673114,0.5933321147275524,0.31855509730177317,-1.1856215848572058,4.419853544370498,-3.2071515486379156
82.2,-65.07817388120725,0.05249478535048357,0.5933482506957944,0.31854564411712705,-1.1853111418692515,4.419081052560987,-3.2073521643621743
82.225,-65.07882608115474,0.05248973297902966,0.593364406835276,0.3185361879984737,-1.1850079144366275,4.418314625958377,-3.207547824346423
82.25,-65.079461857622,0.05248478783418911,0.5933805814037028,0.318526730109306,-1.1847118595479151,4.417554291538425,-3.2077385572865977
82.275,-65.08008130728133,0.052479949360628164,0.5933967726738193,0.31851727160103693,-1.1844229338584988,4.4168000752086645,-3.2079243921843994
82.3,-65.08068452779848,0.05247521699602634,0.5934129789334639,0.31850781361298747,-1.184141093700358,4.416052001818869,-3.2081053583395445
82.325,-65.08127161780679,0.05247059017124127,0.5934291984856195,0.3184983572723753,-1.1838662950916978,4.415310095171543,-3.208281485342037
82.35,-65.0818426768817,0.05246606831047227,0.5934454296484626,0.31848890369430627,-1.1835984937464723,4.414574378032439,-3.2084528030645116
82.375,-65.08239780551561,0.05246165083142256,0.5934616707554099,0.31847945398176697,-1.1833376450837945,4.4138448721409675,-3.2086193416546833
82.4,-65.0829371050927,0.052457337145459644,0.5934779201551612,0.31847000922561924,-1.1830837042371924,4.413121598220703,-3.2087811315278087
82.425,-65.08346067786414,0.052453126657774636,0.5934941762117407,0.31846057050459664,-1.1828366260637808,4.4124045759898305,-3.2089382033592413
82.45,-65.0839686269235,0.05244901876753983,0.5935104373045353,0.31845113888530213,-1.1825963651532847,4.411693824171579,-3.2090905880770477
82.475,-65.08446105618229,0.05244501286806494,0.5935267018283302,0.318441715422208,-1.182362875836961,4.410989360504661,-3.2092383168546874
82.5,-65.08493807034583,0.05244110834695159,0.5935429681933424,0.3184323011576569,-1.1821361121963838,4.410291201753686,-3.2093814211037484
82.525,-65.08539977488928,0.05243730458624669,0.5935592348252513,0.318422897121865,-1.1819160280721317,4.409599363719539,-3.2095199324667845
82.55,-65.08584627603395,0.05243360096259407,0.5935755001652272,0.31841350433292626,-1.1817025770723495,4.4089138612497605,-3.209653882810184
82.575,-65.08627768072371,0.05242999684738466,0.5935917626699571,0.3184041237968188,-1.181495712581192,4.408234708248913,-3.209783304217113
82.6,-65.08669409660179,0.05242649160690525,0.5936080208116681,0.3183947565074124,-1.181295387767163,4.407561917688898,-3.2099082289805367
82.625,-65.0870956319877,0.052423084602485674,0.593624273078149,0.3183854034464777,-1.1811015555913345,4.406895501619259,-3.210028689596308
82.65,-65.08748239585432,0.05241977519064468,0.5936405179727687,0.318376065583697,-1.1809141688154619,4.406235471177485,-3.210144718756297
82.675,-65.08785449780545,0.052416562723234,0.5936567540144927,0.3183667438766766,-1.1807331800099754,4.405581836599241,-3.2102563493416354
82.7,-65.0882120480533,0.05241344654758123,0.5936729797378978,0.3183574392709601,-1.18055854156188,4.4049346072286,-3.210363614415988
82.725,-65.08855515739634,0.052410426006631136,0.5936891936931834,0.31834815270004396,-1.1803902056825364,4.404293791528244,-3.2104665472189025
82.75,-65.08888393719748,0.05240750043908533,0.5937053944461819,0.31833888508539376,-1.1802281244153319,4.40365939708962,-3.2105651811592435
82.775,-65.08919849936225,0.05240466917954066,0.5937215805783659,0.3183296373364623,-1.1800722496432559,4.403031430643073,-3.210659549808676
82.8,-65.08949895631737,0.05240193155862613,0.5937377506868539,0.3183204103507089,-1.1799225330963699,4.402409898067958,-3.2107496868952112
82.825,-65.08978542098951,0.05239928690313812,0.5937539033844133,0.3183112050136202,-1.179778926359164,4.401794804402684,-3.2108356262968543
82.85,-65.0900580067843,0.052396734536174445,0.5937700372994619,0.31830202219873205,-1.179641380877826,4.401186153854737,-3.210917402035291
82.875,-65.09031682756546,0.05239427377726662,0.593786151076067,0.3182928627676529,-1.179509847967392,4.4005839498106925,-3.2109950482696377
82.9,-65.0905619976343,0.052391903942510934,0.5938022433739425,0.31828372757008855,-1.179384278818814,4.399988194846142,-3.2110685992902885
82.925,-65.09079363170933,0.052389624344697926,0.5938183128684438,0.3182746174438679,-1.1792646245059175,4.399398890735622,-3.2111380895127994
82.95,-65.09101184490622,0.05238743429344039,0.5938343582505611,0.3182655332149704,-1.1791508359922644,4.398816038462471,-3.2112035534718655
82.975,-65.09121675271777,0.052385333095300086,0.5938503782269107,0.31825647569755416,-1.1790428641379285,4.39823963822869,-3.211265025815331
83.0,-65.09140847099442,0.052383320053912864,0.5938663715197238,0.31824744569398566,-1.1789406597061614,4.3976696894646805,-3.2113225412983266
83.025,-65.09158711592471,0.052381394470112363,0.5938823368668341,0.31823844399487067,-1.1788441733699728,4.39710619083903,-3.211376134777413
83.05,-65.09175280401605,0.05237955564205229,0.5938982730216636,0.318229471379086,-1.178753355718615,4.396549140268199,-3.211425841204816
83.075,-65.09190565207582,0.052377802865327304,0.5939141787532057,0.31822052861381284,-1.1786681572639761,4.395998534926166,-3.211471695622747
83.1,-65.09204577719252,0.0523761354330925,0.5939300528460072,0.31821161645457086,-1.1785885284468847,4.395454371254065,-3.2115137331577572
83.125,-65.09217329671728,0.0523745526361814,0.5939458941001484,0.31820273564525364,-1.1785144196433246,4.394916644969725,-3.211551989015183
83.15,-65.09228832824546,0.05237305376322251,0.5939617013312212,0.31819388691816497,-1.1784457811705489,4.394385351077206,-3.2115864984736375
83.175,-65.09239098959868,0.05237163810075471,0.5939774733703059,0.3181850709940565,-1.1783825632931335,4.393860483876248,-3.211617296879605
83.2,-65.09248139880688,0.05237030493334096,0.5939932090639461,0.3181762885821663,-1.178324716228917,4.393342036971702,-3.2116444196420644
83.225,-65.09255967409061,0.05236905354368074,0.5940089072741216,0.31816754038025813,-1.1782721901548665,4.392830003282911,-3.2116679022271826
83.25,-65.09262593384366,0.05236788321272115,0.5940245668782197,0.3181588270746625,-1.1782249352128622,4.392324375053026,-3.211687780153099
83.275,-65.09268029661585,0.05236679321976658,0.5940401867690059,0.31815014934031777,-1.1781829015153926,4.391825143858272,-3.2117040889847557
83.3,-65.092722881096,0.05236578284258705,0.5940557658545915,0.318141507840813,-1.1781460391511722,4.391332300617175,-3.2117168643287983
83.325,-65.0927538060951,0.052364851357525104,0.5940713030584005,0.31813290322843135,-1.178114298190673,4.3908458355997455,-3.211726141828531
83.35,-65.09277319052988,0.05236399803960158,0.5940867973191349,0.31812433614419433,-1.1780876286915858,4.390365738436574,-3.2117319571589644
83.375,-65.09278115340634,0.052363222162619794,0.5941022475907384,0.3181158072179073,-1.178065980704192,4.38989199812791,-3.2117343460219003
83.4,-65.09277781380362,0.05236252299926842,0.5941176528423583,0.31810731706820566,-1.1780493042766573,4.38942460305269,-3.2117333441410865
83.425,-65.09276329085817,0.05236189982122321,0.5941330120583066,0.31809886630260187,-1.178037549460258,4.38896354097747,-3.2117289872574517
83.45,-65.09273770374796,0.05236135189924726,0.594148324238019,0.3180904555175335,-1.1780306663145235,4.388508799065362,-3.211721311124387
83.475,-65.09270117167696,0.05236087850329,0.5941635883960128,0.31808208529841187,-1.1780286049123043,4.388060363884873,-3.211710351503089
83.5,-65.09265381385997,0.052360478902584946,0.5941788035618434,0.3180737562196717,-1.1780313153447748,4.387618221418704,-3.2116961441579903
83.525,-65.09259574950737,0.05236015236574604,0.5941939687800595,0.31806546884482156,-1.1780387477263465,4.387182357072517,-3.21167872485221
83.55,-65.0925270978104,0.052359898160862714,0.5942090831101566,0.31805722372649503,-1.178050852199519,4.386752755683601,-3.211658129343121
83.575,-65.09244797792644,0.05235971555559386,0.5942241456265298,0.3180490214065026,-1.1780675789396622,4.386329401529523,-3.2116343933779317
83.6,-65.09235850896452,0.05235960381726036,0.5942391554184245,0.31804086241588436,-1.1780888781597265,4.38591227833671,-3.211607552689357
83.625,-65.09225880997113,0.05235956221293652,0.5942541115898867,0.31803274727496356,-1.1781147001148853,4.385501369288968,-3.211577642991338
83.65,-65.0921489999161,0.05235959000953991,0.5942690132597115,0.3180246764934006,-1.1781449951070904,4.3850966570359615,-3.2115446999748314
83.675,-65.09202919767884,0.05235968647392042,0.5942838595613902,0.3180166505702479,-1.1781797134895908,4.384698123701618,-3.2115087593036518
83.7,-65.0918995220346,0.052359850872947714,0.594298649643057,0.3180086699940055,-1.1782188056713572,4.384305750892504,-3.2114698566103783
83.725,-65.09176009164104,0.052360082473597865,0.5943133826674338,0.31800073524267725,-1.178262222121468,4.38391951970613,-3.2114280274923104
83.75,-65.09161102502506,0.05236038054303834,0.5943280578117741,0.31799284678382744,-1.1783099133734025,4.383539410739167,-3.2113833075075178
83.775,-65.09145244056968,0.05236074434871199,0.5943426742678055,0.3179850050746385,-1.1783618300292829,4.383165404095664,-3.2113357321709044
83.8,-65.0912844565012,0.05236117315841994,0.594357231241672,0.317977210561969,-1.1784179227640583,4.382797479395178,-3.21128533695036
83.825,-65.09110719087654,0.0523616662404032,0.5943717279538737,0.3179694636824122,-1.178478142329621,4.382435615780845,-3.2112321572629625
83.85,-65.09092076157077,0.052362222863422986,0.5943861636392073,0.3179617648623555,-1.1785424395588526,4.382079791927409,-3.2111762284712313
83.875,-65.09072528626483,0.0523628422968401,0.5944005375467035,0.3179541145180403,-1.1786107653696243,4.381729986049194,-3.2111175858794483
83.9,-65.09052088243347,0.052363523810693084,0.5944148489395653,0.31794651305562205,-1.178683070768732,4.381386175907983,-3.21105626473004
83.925,-65.0903076673333,0.052364266675775054,0.5944290970951039,0.3179389608712317,-1.1787593068557616,4.381048338820915,-3.2109923001999916
83.95,-65.0900857579912,0.05236507016370966,0.5944432813046746,0.3179314583510366,-1.178839424826913,4.380716451668225,-3.210925727397361
83.975,-65.08985527119265,0.052365933547025796,0.5944574008736109,0.31792400587130276,-1.1789233759787565,4.380390490901029,-3.210856581357794
84.0,-65.08961632347048,0.052366856099231175,0.5944714551211582,0.3179166037984573,-1.179011111711932,4.3800704325489805,-3.210784897041144
84.025,-65.08936903109371,0.05236783709488475,0.5944854433804067,0.3179092524891513,-1.1791025835347895,4.379756252227907,-3.210710709328113
84.05,-65.08911351005659,0.052368875809668265,0.5944993649982229,0.31790195229032314,-1.1791977430669889,4.379447925147367,-3.2106340530169772
84.075,-65.08884987606777,0.05236997152045638,0.5945132193351805,0.31789470353926236,-1.1792965420430217,4.379145426118167,-3.2105549628203307
84.1,-65.08857824453973,0.05237112350538607,0.5945270057654908,0.317887506563674,-1.1793989323157033,4.3788487295598175,-3.2104734733619193
84.125,-65.08829873057836,0.05237233104392471,0.5945407236769314,0.31788036168174333,-1.1795048658595946,4.378557809507932,-3.2103896191735073
84.15,-65.08801144897267,0.05237359341693711,0.594554372470775,0.31787326920220077,-1.1796142947743715,4.378272639621556,-3.210303434691799
84.175,-65.08771651418468,0.05237490990675159,0.5945679515617168,0.3178662294243876,-1.1797271712881499,4.37799319319049,-3.210214954255403
84.2,-65.08741404033962,0.05237627979722511,0.5945814603778014,0.31785924263832155,-1.1798434477607629,4.377719443142469,-3.210124212101887
84.225,-65.08710414121614,0.05237770237380707,0.5945948983603487,0.3178523091247634,-1.179963076686972,4.377451362050367,-3.210031242364843
84.25,-65.08678693023674,0.0523791769236024,0.5946082649638798,0.3178454291552834,-1.180086010699643,4.3771889221393065,-3.209936079071022
84.275,-65.08646252045838,0.0523807027354333,0.5946215596560409,0.3178386029923281,-1.1802122025728552,4.376932095293718,-3.209838756137515
84.3,-65.08613102456327,0.05238227909990034,0.5946347819175278,0.3178318308892878,-1.1803416052249827,4.376680853064359,-3.2097393073689813
84.325,-65.08579255484983,0.05238390530944243,0.5946479312420088,0.317825113090564,-1.1804741717217204,4.376435166675237,-3.209637766454949
84.35,-65.08544722322377,0.052385580658395624,0.5946610071360473,0.3178184498316375,-1.1806098552790505,4.3761950070305335,-3.20953416696713
84.375,-65.08509514118937,0.05238730444305118,0.594674009119024,0.31781184133913626,-1.1807486092661743,4.375960344721423,-3.209428542356811
84.4,-65.08473641984094,0.05238907596171247,0.5946869367230582,0.3178052878309041,-1.180890387208389,4.375731150032868,-3.2093209259522806
84.425,-65.08437116985439,0.052390894514751124,0.5946997894929278,0.31779878951606944,-1.1810351427899306,4.375507392950338,-3.2092113509563176
84.45,-65.08399950147898,0.052392759404662134,0.5947125669859905,0.31779234659511396,-1.1811828298567626,4.375289043166504,-3.209099850443695
84.475,-65.08362152452929,0.05239466993611784,0.5947252687721026,0.3177859592599424,-1.1813334024193116,4.375076070087837,-3.208986457358787
84.5,-65.08323734837722,0.05239662541602132,0.5947378944335382,0.31777962769395135,-1.18148681465518,4.374868442841175,-3.208871204513167
84.525,-65.08284708194427,0.05239862515355867,0.5947504435649076,0.3177733520720994,-1.1816430209118007,4.374666130280253,-3.2087541245832796
84.55,-65.08245083369388,0.0524006684602503,0.5947629157730752,0.3177671325609768,-1.1818019757090463,4.374469100992133,-3.208635250108165
84.575,-65.08204871162401,0.05240275465000137,0.594775310677077,0.3177609693188756,-1.1819636337417947,4.374277323303639,-3.2085146134872033
84.6,-65.08164082325979,0.0524048830391515,0.5947876279080374,0.31775486249586,-1.1821279498824702,4.374090765287673,-3.2083922469779367
84.625,-65.08122727564638,0.05240705294652342,0.5947998671090858,0.3177488122338365,-1.182294879183525,4.37390939476952,-3.208268182693915
84.65,-65.08080817534193,0.052409263693470716,0.5948120279352725,0.317742818666625,-1.182464376879881,4.373733179333119,-3.2081424526025786
84.675,-65.08038362841069,0.05241151460392468,0.5948241100534839,0.3177368819200291,-1.1826363983913273,4.37356208632722,-3.2080150885232057
84.7,-65.07995374041636,0.05241380500444064,0.5948361131423581,0.3177310021119071,-1.1828108993249027,4.373396082871523,-3.207886122124907
84.725,-65.07951861641544,0.05241613422424298,0.5948480368921993,0.3177251793522432,-1.1829878354772045,4.3732351358627755,-3.2077555849246324
84.75,-65.0790783609508,0.05241850159526953,0.5948598810048925,0.31771941374321866,-1.1831671628366758,4.373079211980811,-3.2076235082852405
84.775,-65.07863307804543,0.052420906452215046,0.5948716451938167,0.31771370537928273,-1.1833488375858454,4.372928277694495,-3.207489923413628
84.8,-65.07818287119623,0.052423348132574044,0.5948833291837593,0.3177080543472246,-1.1835328161035437,4.372782299267688,-3.2073548613588696
84.825,-65.07772784336802,0.05242582597668259,0.5948949327108283,0.3177024607262443,-1.1837190549670626,4.372641242765104,-3.207218353010407
84.85,-65.07726809698765,0.05242833932775935,0.594906455522366,0.31769692458802457,-1.1839075109542871,4.372505074058132,-3.2070804290962953
84.875,-65.07680373393826,0.05243088753194581,0.5949178973768611,0.3176914459968024,-1.1840981410457825,4.372373758830618,-3.2069411201814786
84.9,-65.07633485555365,0.052433469938345856,0.5949292580438612,0.3176860250094407,-1.18429090242686,4.3722472625845885,-3.206800456666096
84.925,-65.07586156261284,0.0524360858990643,0.5949405373038841,0.31768066167550013,-1.1844857524895809,4.3721255506459045,-3.2066584687838526
84.95,-65.07538395533469,0.05243873476924487,0.5949517349483302,0.31767535603731095,-1.1846826488347495,4.372008588169913,-3.206515186600406
84.975,-65.07490213337267,0.05244141590710722,0.5949628507793935,0.31767010813004454,-1.1848815492738503,4.371896340146982,-3.206370640011802
85.0,-65.07441619580986,0.05244412867398329,0.5949738846099725,0.3176649179817856,-1.1850824118309589,4.371788771408043,-3.206224858742958
85.025,-65.07392624115387,0.05244687243435302,0.5949848362635815,0.31765978561360375,-1.1852851947446237,4.371685846630056,-3.2060778723461607
85.05,-65.0734323673321,0.052449646555878915,0.5949957055742607,0.3176547110396258,-1.1854898564696907,4.371587530341432,-3.2059297101996305
85.075,-65.07293467168701,0.05245245040944041,0.5950064923864873,0.31764969426710704,-1.1856963556791238,4.371493786927389,-3.2057804015061024
85.1,-65.07243325097149,0.05245528336916699,0.5950171965550849,0.31764473529650394,-1.1859046512657594,4.37140458063531,-3.2056299752914454
85.125,-65.07192820134446,0.0524581448124709,0.5950278179451344,0.3176398341215453,-1.186114702344052,4.371319875579978,-3.2054784604033384
85.15,-65.0714196183665,0.0524610341200791,0.5950383564318827,0.3176349907293044,-1.1863264682517751,4.371239635748829,-3.2053258855099513
85.175,-65.07090759699565,0.052463950676064346,0.5950488119006537,0.31763020510027085,-1.1865399085516877,4.371163825007103,-3.205172279098696
85.2,-65.07039223158328,0.05246689386787564,0.5950591842467567,0.31762547720842227,-1.1867549830331672,4.371092407102991,-3.205017669474985
85.225,-65.06987361587014,0.052469863086368126,0.5950694733753964,0.3176208070212961,-1.186971651713819,4.371025345672711,-3.2048620847610407
85.25,-65.06935184298246,0.052472857725831976,0.5950796792015817,0.31761619450006134,-1.1871898748410339,4.370962604245542,-3.204705552894737
85.275,-65.0688270054282,0.05247587718402094,0.5950898016500353,0.31761163959959005,-1.1874096128935394,4.370904146248808,-3.204548101628461
85.3,-65.06829919509347,0.05247892086218006,0.5950998406551025,0.3176071422685289,-1.1876308265829014,4.370849935012807,-3.2043897585280416
85.325,-65.06776850323892,0.05248198816507249,0.5951097961606597,0.31760270244937067,-1.1878534768549864,4.370799933775719,-3.2042305509716766
85.35,-65.06723502049638,0.05248507850100617,0.5951196681200239,0.3175983200785259,-1.188077524891423,4.370754105688438,-3.204070506148915
85.375,-65.06669883686554,0.05248819128185926,0.595129456495861,0.3175939950863937,-1.1883029321109941,4.370712413819374,-3.203909651059662
85.4,-65.06616004171073,0.05249132592310535,0.5951391612600946,0.31758972739743346,-1.188529660171029,4.3706748211592155,-3.203748012513219
85.425,-65.06561872375788,0.05249448184383776,0.5951487823938146,0.3175855169302356,-1.1887576709687424,4.370641290625616,-3.2035856171273633
85.45,-65.0650749710915,0.05249765846679345,0.5951583198871861,0.3175813635975928,-1.188986926642565,4.370611785067865,-3.2034224913274514
85.475,-65.06452887115185,0.052500855218376004,0.5951677737393575,0.3175772673065707,-1.1892173895734204,4.3705862672715,-3.2032586613455547
85.5,-65.06398051073208,0.052504071528678295,0.595177143958369,0.31757322795857873,-1.189449022385992,4.370564699962884,-3.2030941532196238
85.525,-65.06342997597565,0.052507306831504175,0.5951864305610616,0.3175692454494409,-1.189681787949942,4.3705470458137246,-3.202928992792695
85.55,-65.06287735237372,0.05251056056438986,0.5951956335729854,0.31756531966946583,-1.189915649381114,4.3705332674455475,-3.2027632057121154
85.575,-65.0623227247627,0.052513832168624666,0.5952047530283079,0.3175614505035177,-1.1901505700427086,4.370523327434138,-3.202596817428808
85.6,-65.06176617732186,0.05251712108927089,0.5952137889697228,0.317557637831086,-1.1903865135464118,4.370517188313934,-3.202429853196557
85.625,-65.06120779357109,0.05252042677518339,0.5952227414483585,0.3175538815263557,-1.190623443753512,4.370514812582374,-3.2022623380713253
85.65,-65.0606476563687,0.0525237486790284,0.5952316105236868,0.3175501814582772,-1.190861324775978,4.370516162704183,-3.20209429691061
85.675,-65.06008584790938,0.05252708625730192,0.5952403962634313,0.317546537490636,-1.1911001209775232,4.370521201115667,-3.201925754372813
85.7,-65.05952244972218,0.05253043897034727,0.5952490987434763,0.3175429494821222,-1.1913397969746125,4.370529890228891,-3.201756734916654
85.725,-65.05895754266868,0.05253380628237233,0.5952577180477757,0.31753941728639995,-1.1915803176374744,4.370542192435866,-3.2015872628006035
85.75,-65.05839120694111,0.05253718766146614,0.5952662542682619,0.3175359407521765,-1.1918216480910646,4.370558070112697,-3.2014173620823327
85.775,-65.05782352206073,0.052540582579614775,0.5952747075047538,0.3175325197232714,-1.1920637537160006,4.370577485623647,-3.2012470566182185
85.8,-65.05725456687621,0.05254399051271702,0.5952830778648672,0.317529154038685,-1.1923066001494906,4.370600401325175,-3.201076370062863
85.825,-65.05668441956205,0.052547410940598914,0.5952913654639234,0.3175258435326674,-1.1925501532861926,4.370626779569984,-3.2009053258686135
85.85,-65.05611315761722,0.052550843347028454,0.5952995704248578,0.3175225880347866,-1.1927943792790967,4.370656582710923,-3.2007339472851655
85.875,-65.05554085786379,0.0525542872197294,0.5953076928781302,0.3175193873699968,-1.1930392445403553,4.370689773104944,-3.200562257359137
85.9,-65.05496759644565,0.05255774205039422,0.5953157329616339,0.31751624135870615,-1.1932847157420627,4.370726313116964,-3.200390278933695
85.925,-65.05439344882737,0.05256120733469724,0.5953236908206049,0.31751314981684486,-1.1935307598170597,4.370766165123709,-3.2002180346482105
85.95,-65.05381848979312,0.05256468257230673,0.5953315666075325,0.31751011255593237,-1.193777343959673,4.370809291517487,-3.2000455469379347
85.975,-65.05324279344562,0.05256816726689648,0.5953393604820683,0.317507129383145,-1.1940244356264298,4.370855654709984,-3.1998728380336856
86.0,-65.05266643320527,0.05257166092615724,0.5953470726109369,0.31750420010138275,-1.1942720025367695,4.37090521713593,-3.1996999299615823
86.025,-65.0520894818093,0.052575163061807234,0.595354703167846,0.3175013245093361,-1.1945200126737052,4.370957941256799,-3.199526844542791
86.05,-65.05151201131099,0.05257867318960257,0.5953622523333967,0.31749850240155275,-1.1947684342844793,4.371013789564429,-3.199353603393297
86.075,-65.05093409307902,0.05258219082934672,0.595369720294994,0.31749573356850386,-1.1950172358811715,4.371072724584613,-3.1991802279237063
86.1,-65.05035579779687,0.052585715504899856,0.5953771072467579,0.3174930177966503,-1.1952663862412973,4.371134708880661,-3.1990067393390604
86.125,-65.04977719546228,0.05258924674418746,0.5953844133894337,0.31749035486850813,-1.1955158544083686,4.371199705056894,-3.198833158638685
86.15,-65.04919835538682,0.05259278407920875,0.5953916389303042,0.31748774456271445,-1.1957656096924512,4.3712676757621365,-3.198659506616046
86.175,-65.04861934619552,0.05259632704604417,0.5953987840830999,0.31748518665409264,-1.1960156216706583,4.37133858369313,-3.1984858038586563
86.2,-65.04804023582659,0.05259987518486298,0.5954058490679114,0.31748268091371734,-1.1962658601876677,4.3714123915979375,-3.198312070747977
86.225,-65.04746109153118,0.052603428039929886,0.5954128341111011,0.31748022710897916,-1.196516295356168,4.371489062279291,-3.1981383274593527
86.25,-65.04688197987323,0.05260698515961146,0.595419739445215,0.3174778250036494,-1.1967668975573111,4.371568558597919,-3.19796459396197
86.275,-65.04630296672946,0.05261054609638195,0.5954265653088949,0.317475474357944,-1.1970176374411183,4.371650843475808,-3.1977908900188368
86.3,-65.0457241172893,0.052614110406828916,0.5954333119467915,0.31747317492858756,-1.1972684859268845,4.371735879899443,-3.197617235186789
86.325,-65.04514549605497,0.05261767765165804,0.5954399796094765,0.317470926468877,-1.1975194142035341,4.371823630923023,-3.197443648816491
86.35,-65.04456716684167,0.05262124739569783,0.595446568553356,0.31746872872874476,-1.1977703937299742,4.371914059671601,-3.197270150052502
86.375,-65.04398919277776,0.05262481920790359,0.5954530790405835,0.3174665814548221,-1.1980213962353994,4.372007129344215,-3.1970967578333274
86.4,-65.04341163630498,0.05262839266136118,0.5954595113389739,0.3174644843905017,-1.1982723937195952,4.372102803216996,-3.196923490891494
86.425,-65.0428345591789,0.05263196733329026,0.595465865721917,0.317462437276,-1.1985233584532058,4.372201044646182,-3.1967503677536695
86.45,-65.04225802246927,0.05263554280504715,0.5954721424682916,0.31746043984841954,-1.198774262977984,4.372301817071145,-3.1965774067407806
86.475,-65.04168208656048,0.05263911866212704,0.5954783418623801,0.31745849184181074,-1.1990250801069968,4.372405084017376,-3.196404625968145
86.5,-65.04110681115218,0.05264269449416624,0.5954844641937829,0.3174565929872334,-1.1992757829248464,4.3725108090994,-3.1962320433456526
86.525,-65.04053225525978,0.05264626989494354,0.5954905097573335,0.3174547430128178,-1.1995263447878273,4.372618956023688,-3.1960596765779328
86.55,-65.0399584772152,0.0526498444623815,0.5954964788530143,0.317452941643826,-1.19977673932409,4.372729488591536,-3.195887543164558
86.575,-65.03938553466757,0.052653417798547056,0.5955023717858708,0.3174511886027119,-1.200026940433753,4.372842370701852,-3.1957156604002717
86.6,-65.03881348458405,0.05265698950965197,0.5955081888659293,0.3174494836091818,-1.2002769222890215,4.372957566353985,-3.195544045375216
86.625,-65.03824238325063,0.05266055920605284,0.5955139304081117,0.31744782638025426,-1.2005266593342667,4.3730750396504545,-3.1953727149751896
86.65,-65.0376722862731,0.05266412650225047,0.5955195967321528,0.3174462166303198,-1.2007761262860737,4.373194754799688,-3.1952016858819277
86.675,-65.03710324857796,0.052667691016889256,0.5955251881625169,0.31744465407119987,-1.2010252981332903,4.373316676118681,-3.1950309745733887
86.7,-65.03653532441353,0.052671252372755786,0.595530705028315,0.31744313841220634,-1.2012741501370277,4.373440768035678,-3.1948605973240602
86.725,-65.035968567351,0.05267481019677734,0.5955361476632225,0.3174416693601994,-1.2015226578306566,4.373566995092733,-3.1946905702053017
86.75,-65.03540303028556,0.05267836412001985,0.595541516405397,0.3174402466196464,-1.2017707970197693,4.37369532194833,-3.194520909085669
86.775,-65.03483876543761,0.05268191377768565,0.5955468115973966,0.31743886989267955,-1.202018543782133,4.373825713379908,-3.1943516296312837
86.8,-65.03427582435405,0.05268545880911073,0.5955520335860982,0.31743753887915344,-1.202265874467605,4.373958134286357,-3.194182747306216
86.825,-65.03371425790957,0.05268899885776161,0.5955571827226168,0.3174362532767024,-1.2025127656980366,4.3740925496905,-3.1940142773728692
86.85,-65.03315411630798,0.05269253357123188,0.5955622593622247,0.3174350127807972,-1.202759194367145,4.374228924741521,-3.1938462348923946
86.875,-65.03259544908371,0.05269606260123845,0.5955672638642714,0.31743381708480206,-1.2030051376403748,4.374367224717381,-3.193678634725114
86.9,-65.03203830510323,0.05269958560361729,0.595572196592103,0.31743266588003016,-1.203250572954725,4.374507415027161,-3.1935114915309684
86.925,-65.03148273256656,0.05270310223831915,0.5955770579129833,0.3174315588558,-1.2034954780185763,4.374649461213409,-3.1933448197699676
86.95,-65.03092877900889,0.05270661216940449,0.5955818481980144,0.3174304956994906,-1.203739830811466,4.374793328954439,-3.1931786337026664
86.975,-65.03037649130219,0.052710115065038324,0.5955865678220578,0.3174294760965968,-1.203983609583862,4.374938984066581,-3.1930129473906574
87.0,-65.02982591565689,0.05271361059748475,0.5955912171636557,0.31742849973078374,-1.204226792856915,4.375086392506427,-3.1928477746970656
87.025,-65.02927709762356,0.05271709844310107,0.5955957966049538,0.31742756628394175,-1.2044693594221807,4.375235520373021,-3.1926831292870688
87.05,-65.02873008209477,0.05272057828233143,0.5956003065316228,0.3174266754362398,-1.2047112883413198,4.375386333910018,-3.1925190246284303
87.075,-65.02818491330683,0.052724049799700454,0.5956047473327817,0.3174258268661796,-1.2049525589457883,4.375538799507812,-3.1923554739920488
87.1,-65.02764163484171,0.05272751268380641,0.5956091194009205,0.3174250202506486,-1.2051931508365075,4.375692883705639,-3.192192490452514
87.125,-65.02710028962895,0.05273096662731384,0.5956134231318245,0.3174242552649733,-1.2054330438834882,4.375848553193636,-3.192030086888684
87.15,-65.02656091994758,0.05273441132694626,0.5956176589244974,0.3174235315829714,-1.2056722182254713,4.376005774814865,-3.1918682759842754
87.175,-65.02602356742818,0.05273784648347821,0.5956218271810861,0.31742284887700406,-1.2059106542695142,4.376164515567317,-3.1917070702284547
87.2,-65.0254882730549,0.052741271801727135,0.5956259283068062,0.31742220681802824,-1.2061483326905766,4.376324742605877,-3.191546481916471
87.225,-65.02495507716756,0.05274468699054504,0.5956299627098655,0.3174216050756473,-1.2063852344310826,4.376486423244242,-3.191386523150268
87.25,-65.02442401946378,0.052748091762809673,0.5956339308013915,0.31742104331816273,-1.2066213407004582,4.3766495249568385,-3.1912272058391338
87.275,-65.02389513900118,0.05275148583541556,0.5956378329953566,0.31742052121262454,-1.206856632974656,4.3768140153806705,-3.191068541700355
87.3,-65.0233684741996,0.0527548689292645,0.5956416697085044,0.3174200384248816,-1.207091092995642,4.376979862317163,-3.19091054225988
87.325,-65.02284406284333,0.052758240769256226,0.5956454413602773,0.3174195946196316,-1.2073247027708967,4.377147033733967,-3.1907532188529997
87.35,-65.0223219420835,0.052761601084278145,0.5956491483727434,0.3174191894604706,-1.2075574445728532,4.3773154977667055,-3.190596582625048
87.375,-65.02180214844027,0.0527649496071953,0.5956527911705246,0.3174188226099423,-1.2077893009383485,4.377485222720763,-3.1904406445320816
87.4,-65.02128471780541,0.05276828607483995,0.5956563701807245,0.3174184937295866,-1.2080202546680505,4.377656177072928,-3.190285415341624
87.425,-65.02076968544456,0.05277161022800057,0.5956598858328576,0.3174182024799881,-1.2082502888258446,4.377828329473121,-3.1901309056333687
87.45,-65.02025708599977,0.05277492181141113,0.5956633385587778,0.31741794852082417,-1.2084793867382388,4.378001648746005,-3.1899771257999316
87.475,-65.019746953492,0.05277822057373939,0.595666728792609,0.31741773151091257,-1.2087075319937044,4.378176103892609,-3.189824086047601
87.5,-65.01923932132362,0.05278150626757547,0.595670056970674,0.31741755110825853,-1.2089347084420277,4.378351664091911,-3.189671796397087
87.525,-65.01873422228103,0.05278477864942007,0.595673323531426,0.31741740697010173,-1.2091609001936472,4.378528298702379,-3.1895202666843074
87.55,-65.01823168853721,0.05278803747967222,0.595676528915379,0.31741729875296293,-1.2093860916189498,4.378705977263506,-3.189369506561164
87.575,-65.01773175165442,0.05279128252261681,0.5956796735650394,0.3174172261126897,-1.2096102673475546,4.378884669497291,-3.189219525496327
87.6,-65.01723444258687,0.05279451354641223,0.5956827579248378,0.31741718870450214,-1.2098334122676053,4.379064345309674,-3.1890703327760606
87.625,-65.01673979168339,0.05279773032307708,0.5956857824410617,0.3174171861830385,-1.2100555115249971,4.379244974792003,-3.1889219375050173
87.65,-65.01624782869023,0.052800932628477265,0.595688747561788,0.3174172182023997,-1.2102765505226245,4.379426528222403,-3.1887743486070677
87.675,-65.0157585827538,0.05280412024231254,0.5956916537368161,0.31741728441619405,-1.2104965149195988,4.37960897606715,-3.1886275748261412
87.7,-65.01527208242355,0.05280729294810276,0.5956945014176023,0.3174173844775813,-1.2107153906304382,4.379792288982008,-3.1884816247270646
87.725,-65.01478835565472,0.05281045053317402,0.5956972910571935,0.31741751803931617,-1.2109331638242518,4.379976437813531,-3.1883365066964147
87.75,-65.01430742981127,0.052813592788644614,0.5957000231101623,0.31741768475379223,-1.2111498209239098,4.380161393600361,-3.18819222894338
87.775,-65.0138293316688,0.052816719509410484,0.595702698032542,0.31741788427308404,-1.2113653486051779,4.380347127574438,-3.1880487995006406
87.8,-65.01335408741747,0.05281983049413068,0.5957053162817624,0.3174181162489903,-1.2115797337958494,4.380533611162248,-3.1879062262252402
87.825,-65.01288172266497,0.0528229255452127,0.5957078783165854,0.3174183803330757,-1.2117929636748717,4.380720815985989,-3.1877645167994912
87.85,-65.01241226243951,0.052826004468797004,0.5957103845970427,0.31741867617671266,-1.2120050256714108,4.380908713864754,-3.1876236787318533
87.875,-65.01194573119287,0.052829067074742116,0.5957128355843719,0.3174190034311228,-1.2122159074639562,4.381097276815632,-3.18748371935786
87.9,-65.01148215280341,0.05283211317660893,0.595715231740955,0.3174193617474178,-1.2124255969793716,4.3812864770548385,-3.187344645841023
87.925,-65.0110215505792,0.052835142591645005,0.5957175735302553,0.3174197507766399,-1.2126340823919413,4.381476286998762,-3.18720646517376
87.95,-65.01056394726113,0.05283815514076857,0.5957198614167576,0.3174201701698023,-1.2128413521223942,4.381666679265016,-3.18706918417834
87.975,-65.010109365026,0.052841150648552354,0.595722095865906,0.31742061957792844,-1.213047394836919,4.381857626673461,-3.1869328095077987
88.0,-65.00965782548971,0.05284412894320731,0.5957242773440438,0.3174210986520918,-1.213252199446164,4.38204910224717,-3.186797347646913
88.025,-65.00920934971047,0.05284708985656595,0.5957264063183539,0.3174216070434546,-1.213455755104215,4.382241079213409,-3.186662804913142
88.05,-65.00876395819199,0.05285003322406566,0.5957284832567993,0.31742214440330657,-1.213658051207565,4.382433531004546,-3.186529187457597
88.075,-65.00832167088672,0.05285295888473151,0.5957305086280635,0.3174227103831029,-1.2138590773940494,4.382626431258967,-3.1863965012660143
88.1,-65.00788250719907,0.05285586668115923,0.595732482901493,0.317423304634502,-1.214058823541793,4.382819753821948,-3.186264752159721
88.125,-65.00744648598885,0.052858756459497905,0.5957344065470388,0.3174239268094032,-1.2142572797681335,4.383013472746469,-3.186133945796655
88.15,-65.00701362557437,0.052861628069432176,0.595736280035199,0.31742457655998313,-1.2144544364285077,4.38320756229408,-3.1860040876723117
88.175,-65.00658394373593,0.05286448136416472,0.5957381038369621,0.317425253538733,-1.2146502841153601,4.383401996935665,-3.1858751831207797
88.2,-65.0061574577191,0.05286731620039801,0.5957398784237502,0.31742595739849416,-1.2148448136569951,4.383596751352197,-3.1857472373157294
88.225,-65.00573418423811,0.05287013243831652,0.5957416042673633,0.31742668779249417,-1.2150380161164616,4.38379180043549,-3.185620255271432
88.25,-65.00531413947927,0.05287292994156817,0.5957432818399241,0.31742744437438214,-1.2152298827903787,4.383987119288896,-3.18549424184378
88.275,-65.00489733910436,0.05287570857724601,0.5957449116138224,0.3174282267982637,-1.215420405207783,4.384182683227994,-3.1853692017313078
88.3,-65.00448379825411,0.0528784682158694,0.5957464940616614,0.3174290347187356,-1.2156095751289335,4.38437846778123,-3.1852451394762338
88.325,-65.00407353155161,0.05288120873136536,0.5957480296562034,0.31742986779091986,-1.2157973845441288,4.38457444869056,-3.1851220594654834
88.35,-65.0036665531058,0.05288393000104932,0.5957495188703165,0.31743072567049757,-1.215983825672476,4.384770601912048,-3.1849999659317403
88.375,-65.00326287651501,0.05288663190560619,0.5957509621769215,0.3174316080137423,-1.21616889096069,4.384966903616427,-3.1848788629545024
88.4,-65.00286251487043,0.05288931432907093,0.5957523600489398,0.3174325144775531,-1.2163525730818479,4.385163330189654,-3.1847587544611287
88.425,-65.00246548075964,0.052891977158809014,0.5957537129592414,0.31743344471948726,-1.2165348649341339,4.385359858233455,-3.1846396442278917
88.45,-65.0020717862702,0.05289462028549696,0.5957550213805936,0.3174343983977922,-1.2167157596395932,4.3855564645657825,-3.184521535881062
88.475,-65.0016814429932,0.052897243603102266,0.5957562857856096,0.3174353751714375,-1.2168952505428343,4.385753126221308,-3.1844044328979604
88.5,-65.00129446202683,0.05289984700886368,0.595757506646699,0.3174363747001463,-1.2170733312097617,4.385949820451858,-3.18428833860805
88.525,-65.00091085398002,0.052902430403271,0.5957586844360175,0.3174373966444264,-1.2172499954262648,4.386146524726837,-3.1841732561940046
88.55,-65.000530628976,0.05290499369004478,0.5957598196254176,0.31743844066560073,-1.2174252371969065,4.386343216733622,-3.1840591886927982
88.575,-65.00015379665598,0.052907536776116086,0.5957609126863996,0.31743950642583774,-1.2175990507436059,4.386539874377924,-3.183946138996794
88.6,-64.99978036618279,0.05291005957160582,0.5957619640900638,0.3174405935881813,-1.2177714305042955,4.386736475784142,-3.183834109854837
88.625,-64.99941034624452,0.05291256198980419,0.5957629743070619,0.31744170181657994,-1.2179423711315795,4.386932999295669,-3.183723103873355
88.65,-64.9990437450582,0.05291504394714965,0.5957639438075507,0.3174428307759162,-1.218111867491364,4.387129423475191,-3.1836131235174605
88.675,-64.99868057037352,0.05291750536320838,0.5957648730611445,0.3174439801320351,-1.218279914661506,4.3873257271049555,-3.1835041711120566
88.7,-64.99832082947653,0.05291994616065277,0.595765762536869,0.3174451495517727,-1.2184465079304125,4.387521889187002,-3.1833962488429575
88.725,-64.99796452919328,0.05292236626524058,0.5957666127031159,0.31744633870298383,-1.218611642795662,4.38771788894341,-3.1832893587579845
88.75,-64.99761167589364,0.05292476560579347,0.5957674240275975,0.31744754725456953,-1.2187753149625995,4.387913705816473,-3.183183502768091
88.775,-64.99726227549499,0.052927144114175526,0.5957681969773019,0.3174487748765044,-1.218937520342917,4.388109319468867,-3.1830786826484965
88.8,-64.99691633346599,0.05292950172527184,0.5957689320184483,0.3174500212398634,-1.21909825505324,4.388304709783815,-3.1829749000397967
88.825,-64.99657385483032,0.05293183837696675,0.5957696296164442,0.3174512860168479,-1.2192575154136893,4.388499856865194,-3.1828721564490947
88.85,-64.99623484417046,0.05293415401012207,0.5957702902358417,0.3174525688808121,-1.2194152979464363,4.388694741037648,-3.1827704532511376
88.875,-64.9958993056315,0.05293644856855521,0.5957709143402947,0.31745386950628823,-1.2195715993742546,4.388889342846651,-3.182669791689449
88.9,-64.99556724292488,0.0529387219990172,0.5957715023925171,0.3174551875690122,-1.219726416619057,4.389083643058575,-3.182570172877463
88.925,-64.99523865933223,0.052940974251170635,0.5957720548542407,0.3174565227459481,-1.2198797468004254,4.3892776226607095,-3.182471597799669
88.95,-64.99491355770917,0.05294320527756728,0.5957725721861743,0.3174578747153128,-1.2200315872341234,4.38947126286127,-3.1823740673127503
88.975,-64.99459194048912,0.052945415033626084,0.5957730548479631,0.31745924315660007,-1.2201819354306223,4.389664545089384,-3.1822775821467344
89.0,-64.99427380968712,0.052947603477610426,0.5957735032981482,0.3174606277506044,-1.220330789093582,4.3898574509950645,-3.1821821429061345
89.025,-64.99395916690368,0.05294977057060595,0.5957739179941274,0.317462028179444,-1.220478146118367,4.390049962449121,-3.1820877500711036
89.05,-64.99364801332864,0.05295191627649776,0.5957742993921157,0.31746344412658434,-1.220624004590515,4.390242061543106,-3.181994403998591
89.075,-64.99334034974495,0.05295404056194788,0.595774647947107,0.3174648752768601,-1.220768362784226,4.390433730589196,-3.1819021049234864
89.1,-64.9930361765326,0.05295614339637245,0.5957749641128357,0.3174663213164979,-1.2209112191608253,4.390624952120064,-3.1818108529597793
89.125,-64.99273549367241,0.05295822475191888,0.5957752483417392,0.31746778193313774,-1.2210525723672243,4.390815708888737,-3.1817206481017237
89.15,-64.99243830074995,0.052960284603443056,0.5957755010849209,0.3174692568158549,-1.221192421234389,4.3910059838684194,-3.181631490224986
89.175,-64.9921445969594,0.05296232292848612,0.5957757227921133,0.3174707456551808,-1.221330764775765,4.3911957602523,-3.1815433790878216
89.2,-64.99185438110739,0.05296433970725166,0.5957759139116421,0.31747224814312375,-1.2214676021857398,4.391385021453358,-3.181456314332216
89.225,-64.99156765161693,0.05296633492258238,0.5957760748903905,0.31747376397318944,-1.221602932838061,4.391573751104088,-3.1813702954850798
89.25,-64.99128440653128,0.05296830855993708,0.5957762061737645,0.3174752928404009,-1.221736756284277,4.391761933056288,-3.181285321959383
89.275,-64.99100464351777,0.052970260607367085,0.5957763082056574,0.3174768344413181,-1.221869072252137,4.391949551380769,-3.1812013930553307
89.3,-64.9907283598718,0.05297219105549332,0.5957763814284167,0.31747838847405735,-1.2219998806440333,4.392136590367048,-3.1811185079615383
89.325,-64.99045555252064,0.05297409989748257,0.5957764262828098,0.3174799546383102,-1.2221291815353872,4.392323034523042,-3.1810366657561926
89.35,-64.99018621802742,0.052975987129024155,0.5957764432079912,0.31748153263536194,-1.2222569751730579,4.3925088685747244,-3.180955865408225
89.375,-64.98992035259492,0.05297785274830651,0.5957764326414696,0.3174831221681099,-1.2223832619737502,4.392694077465775,-3.1808761057784762
89.4,-64.98965795206955,0.052979696755993434,0.5957763950190763,0.3174847229410813,-1.2225080425223882,4.392878646357201,-3.1807973856208647
89.425,-64.98939901194522,0.05298151915520068,0.595776330774933,0.31748633466045073,-1.22263131757052,4.393062560626934,-3.180719703583567
89.45,-64.98914352736726,0.052983319951472166,0.595776240341421,0.3174879570340572,-1.2227530880346886,4.393245805869417,-3.1806430582101783
89.475,-64.98889149313628,0.05298509915275615,0.5957761241491505,0.3174895897714213,-1.2228733549948012,4.393428367895187,-3.1805674479408834
89.5,-64.98864290371212,0.052986856769381876,0.5957759826269302,0.3174912325837611,-1.2229921196925289,4.3936102327303885,-3.1804928711136355
89.525,-64.98839775321773,0.05298859281403538,0.5957758162017381,0.3174928851840087,-1.2231093835296452,4.393791386616319,-3.1804193259653175
89.55,-64.98815603544307,0.052990307301735894,0.595775625298692,0.31749454728682586,-1.2232251480664076,4.393971816008939,-3.1803468106329205
89.575,-64.98791774384904,0.052992000249811905,0.5957754103410206,0.31749621860861926,-1.2233394150199128,4.39415150757835,-3.1802753231547114
89.6,-64.98768287157135,0.05299367167787725,0.5957751717500358,0.31749789886755575,-1.2234521862624494,4.394330448208265,-3.180204861471405
89.625,-64.98745141142442,0.05299532160780727,0.5957749099451045,0.317499587783577,-1.2235634638198567,4.394508624995483,-3.1801354234273247
89.65,-64.98722335590527,0.05299695006371477,0.5957746253436218,0.3175012850784139,-1.2236732498698715,4.394686025249296,-3.1800670067715813
89.675,-64.98699869719746,0.05299855707192607,0.5957743183609837,0.31750299047560054,-1.2237815467404702,4.39486263649092,-3.179999609159239
89.7,-64.98677742717493,0.053000142660957074,0.5957739894105613,0.317504703700488,-1.2238883569082217,4.3950384464528955,-3.1799332281524784
89.725,-64.98655953740591,0.05300170686148915,0.5957736389036746,0.3175064244802576,-1.223993682996619,4.39521344307845,-3.179867861221773
89.75,-64.98634501915681,0.05300324970634519,0.5957732672495676,0.31750815254393416,-1.224097527774424,4.395387614520891,-3.1798035057470444
89.775,-64.9861338633961,0.05300477123046559,0.5957728748553827,0.3175098876223984,-1.2241998941540044,4.395560949142933,-3.1797401590188312
89.8,-64.98592606079816,0.05300627147088397,0.5957724621261371,0.31751162944839956,-1.2243007851896561,4.39573343551604,-3.179677818239449
89.825,-64.9857216017472,0.05300775046670335,0.5957720294646985,0.31751337775656735,-1.2244002040759476,4.395905062419726,-3.1796164805241602
89.85,-64.9855204763411,0.05300920825907202,0.5957715772717617,0.3175151322834236,-1.2244981541460498,4.39607581884086,-3.179556142902328
89.875,-64.98532267439526,0.053010644891159336,0.5957711059458252,0.31751689276739375,-1.2245946388700542,4.3962456939729435,-3.1794968023185786
89.9,-64.98512818544653,0.05301206040813174,0.5957706158831694,0.3175186589488179,-1.2246896618533103,4.396414677215382,-3.179438455633958
89.925,-64.98493699875695,0.05301345485712866,0.5957701074778341,0.3175204305699616,-1.2247832268347478,4.396582758172725,-3.179381099627085
89.95,-64.9847491033177,0.05301482828723841,0.595769581121597,0.31752220737502607,-1.2248753376852037,4.396749926653905,-3.1793247309953085
89.975,-64.98456448785286,0.053016180749474166,0.5957690372039522,0.3175239891101586,-1.2249659984057504,4.396916172671459,-3.1792693463558592
90.0,-64.98438314082333,0.05301751229674977,0.5957684761120903,0.3175257755234622,-1.2250552131260082,4.397081486440716,-3.1792149422469973
90.025,-64.98420505043056,0.05301882298385584,0.5957678982308772,0.3175275663650049,-1.2251429861024856,4.3972458583789935,-3.179161515129168
90.05,-64.98403020462045,0.05302011286743555,0.595767303942835,0.3175293613868293,-1.2252293217168893,4.397409279104769,-3.1791090613861357
90.075,-64.98385859108711,0.05302138200596073,0.5957666936281223,0.3175311603429612,-1.225314224474457,4.397571739436849,-3.179057577326134
90.1,-64.9836901972767,0.05302263045970777,0.5957660676645158,0.317532962989418,-1.2253976990022772,4.39773323039348,-3.17900705918301
90.125,-64.9835250103912,0.0530238582907337,0.5957654264273912,0.31753476908421735,-1.225479750047619,4.397893743191506,-3.178957503117361
90.15,-64.98336301739221,0.05302506556285206,0.5957647702897055,0.3175365783873847,-1.2255603824762482,4.398053269245484,-3.178908905217662
90.175,-64.98320420500472,0.05302625234160912,0.5957640996219797,0.3175383906609611,-1.2256396012707638,4.398211800166755,-3.1788612615014173
90.2,-64.98304855972088,0.05302741869425979,0.5957634147922813,0.31754020566901064,-1.225717411528915,4.39836932776257,-3.178814567916265
90.225,-64.98289606780381,0.053028564689743866,0.5957627161662078,0.31754202317762714,-1.2257938184619415,4.398525844035115,-3.178768820341142
90.25,-64.98274671529123,0.0530296903986621,0.5957620041068703,0.3175438429549414,-1.2258688273928957,4.398681341180631,-3.178724014587368
90.275,-64.98260048799932,0.05303079589325228,0.595761278974878,0.3175456647711272,-1.2259424437549722,4.398835811588409,-3.178680146399796
90.3,-64.98245737152641,0.05303188124736558,0.5957605411283223,0.31754748839840763,-1.22601467308985,4.398989247839843,-3.178637211457922
90.325,-64.98231735125667,0.05303294653644265,0.5957597909227628,0.3175493136110609,-1.2260855210460186,4.399141642707457,-3.1785952053770004
90.35,-64.98218041236385,0.053033991837489934,0.5957590287112114,0.3175511401854261,-1.2261549933771179,4.399292989153907,-3.1785541237091537
90.375,-64.98204653981497,0.053035017229056076,0.5957582548441197,0.3175529678999081,-1.226223095940285,4.399443280330968,-3.1785139619444918
90.4,-64.98191571837401,0.05303602279120812,0.5957574696693642,0.31755479653498314,-1.226289834694486,4.399592509578544,-3.1784747155122033
90.425,-64.98178793260557,0.053037008605508015,0.5957566735322333,0.3175566258732029,-1.2263552156988666,4.399740670423608,-3.178436379781671
90.45,-64.98166316687855,0.05303797475498904,0.5957558667754149,0.3175584556991994,-1.2264192451111005,4.399887756579183,-3.178398950063564
90.475,-64.98154140536977,0.05303892132413228,0.5957550497389835,0.317560285799689,-1.2264819291857363,4.400033761943289,-3.17836242161093
90.5,-64.98142263206765,0.05303984839884325,0.5957542227603885,0.31756211596347633,-1.2265432742725588,4.400178680597876,-3.1783267896202942
90.525,-64.9813068307758,0.05304075606642834,0.5957533861744422,0.3175639459814579,-1.226603286814934,4.400322506807749,-3.178292049232738
90.55,-64.98119398511663,0.05304164441557169,0.5957525403133089,0.31756577564662525,-1.2266619733481845,4.400465235019483,-3.1782581955349896
90.575,-64.98108407853499,0.0530425135363117,0.5957516855064944,0.3175676047540685,-1.2267193404979433,4.40060685986034,-3.178225223560497
90.6,-64.98097709430169,0.053043363520017935,0.5957508220808349,0.31756943310097857,-1.2267753949785252,4.400747376137148,-3.178193128290508
90.625,-64.98087301551715,0.05304419445936802,0.5957499503604874,0.31757126048665024,-1.22683014359131,4.400886778835186,-3.178161904655144
90.65,-64.98077182511484,0.05304500644832433,0.5957490706669202,0.3175730867124841,-1.2268835932230988,4.4010250631170775,-3.1781315475344525
90.675,-64.98067350586497,0.05304579958211114,0.5957481833189036,0.3175749115819886,-1.226935750844513,4.401162224321621,-3.178102051759491
90.7,-64.98057804037789,0.05304657395719165,0.5957472886325009,0.3175767349007821,-1.226986623508374,4.40129825796268,-3.1780734121133674
90.725,-64.98048541110768,0.05304732967124498,0.5957463869210604,0.317578556476594,-1.2270362183480905,4.401433159728,-3.1780456233323036
90.75,-64.98039560035556,0.05304806682314352,0.5957454784952069,0.3175803761192662,-1.2270845425760635,4.401566925478071,-3.178018680106669
90.775,-64.98030859027354,0.05304878551292997,0.5957445636628343,0.3175821936407541,-1.2271316034820727,4.401699551244909,-3.177992577082061
90.8,-64.98022436286767,0.05304948584179487,0.5957436427290985,0.31758400885512716,-1.2271774084316955,4.4018310332309305,-3.177967308860302
90.825,-64.98014290000167,0.05305016791205385,0.5957427159964102,0.3175858215785698,-1.2272219648647094,4.401961367807724,-3.1779428700005
90.85,-64.98006418340023,0.05305083182712522,0.5957417837644282,0.31758763162938114,-1.227265280293512,4.402090551514857,-3.177919255020069
90.875,-64.97998819465253,0.05305147769150748,0.5957408463300541,0.3175894388279755,-1.2273073623015434,4.402218581058683,-3.17789645839576
90.9,-64.97991491521562,0.05305210561075708,0.5957399039874255,0.3175912429968819,-1.2273482185417188,4.402345453311101,-3.1778744745646845
90.925,-64.97984432641773,0.053052715691465864,0.5957389570279114,0.3175930439607436,-1.2273878567348453,4.40247116530835,-3.17785329792532
90.95,-64.97977640946175,0.05305330804123924,0.5957380057401066,0.3175948415463175,-1.2274262846680837,4.402595714249774,-3.1778329228385247
90.975,-64.9797111454285,0.053053882768673906,0.5957370504098275,0.3175966355824732,-1.2274635101933824,4.402719097496577,-3.1778133436285487
91.0,-64.97964851528008,0.0530544399833358,0.5957360913201074,0.31759842590019177,-1.227499541225929,4.402841312570592,-3.1777945545840223
91.025,-64.9795884998632,0.05305497979573833,0.5957351287511927,0.3176002123325644,-1.2275343857426182,4.402962357153011,-3.177776549958959
91.05,-64.97953107991249,0.05305550231732048,0.5957341629805394,0.31760199471479084,-1.227568051780509,4.403082229083131,-3.177759323973747
91.075,-64.97947623605376,0.053056007660425,0.5957331942828094,0.31760377288417735,-1.2276005474352978,4.403200926357085,-3.1777428708161266
91.1,-64.97942394880725,0.05305649593827705,0.5957322229298682,0.3176055466801349,-1.2276318808598106,4.403318447126577,-3.1777271846421753
91.125,-64.9793741985909,0.05305696726496224,0.5957312491907818,0.3176073159441768,-1.227662060262464,4.403434789697602,-3.177712259577271
91.15,-64.97932696572357,0.053057421755405676,0.5957302733318149,0.317609080519916,-1.2276910939057888,4.403549952529145,-3.1776980897170715
91.175,-64.97928223042823,0.05305785952535027,0.5957292956164288,0.31761084025306263,-1.2277189901049084,4.403663934231908,-3.1776846691284675
91.2,-64.97923997283513,0.05305828069133573,0.5957283163052798,0.317612594991421,-1.2277457572260613,4.40377673356701,-3.177671991850539
91.225,-64.97920017298506,0.05305868537067723,0.5957273356562179,0.3176143445848864,-1.2277714036851022,4.40388834944467,-3.1776600518955176
91.25,-64.97916281083238,0.05305907368144466,0.5957263539242864,0.3176160888854418,-1.227795937946045,4.403998780922921,-3.177648843249713
91.275,-64.97912786624823,0.05305944574244152,0.5957253713617207,0.31761782774715414,-1.2278193685195802,4.404108027206271,-3.17763835987447
91.3,-64.97909531902361,0.05305980167318417,0.5957243882179484,0.31761956102617084,-1.2278417039616187,4.404216087644414,-3.177628595707084
91.325,-64.97906514887245,0.0530601415938811,0.5957234047395894,0.3176212885807157,-1.2278629528718348,4.404322961730898,-3.177619544661735
91.35,-64.97903733543477,0.05306046562541251,0.5957224211704564,0.3176230102710847,-1.227883123892236,4.4044286491017655,-3.1776112006304302
91.375,-64.97901185827958,0.05306077388930956,0.5957214377515551,0.31762472595964164,-1.227902225705704,4.404533149534281,-3.177603557483873
91.4,-64.97898869690803,0.05306106650773435,0.5957204547210858,0.31762643551081376,-1.2279202670345912,4.404636462945557,-3.1775966090724097
91.425,-64.9789678307564,0.0530613436034595,0.5957194723144446,0.31762813879108676,-1.2279372566392894,4.404738589391217,-3.1775903492269206
91.45,-64.97894923919905,0.05306160529984801,0.5957184907642247,0.317629835669,-1.2279532033168177,4.404839529064058,-3.1775847717597157
91.475,-64.9789329015514,0.0530618517208333,0.5957175103002188,0.3176315260151414,-1.2279681158994222,4.404939282292713,-3.177579870465421
91.5,-64.9789187970729,0.05306208299089933,0.5957165311494212,0.31763320970214204,-1.2279820032531845,4.405037849540291,-3.177575639121868
91.525,-64.9789069049699,0.05306229923506082,0.5957155535360302,0.31763488660467076,-1.2279948742766356,4.40513523140302,-3.177572071490971
91.55,-64.97889720439866,0.053062500578843756,0.595714577681451,0.3176365565994284,-1.228006737899391,4.4052314286088965,-3.1775691613195987
91.575,-64.97888967446812,0.05306268714826561,0.5957136038042988,0.3176382195651421,-1.2280176030807661,4.405326442016328,-3.1775669023404363
91.6,-64.97888429424282,0.05306285906981622,0.5957126321204026,0.3176398753825591,-1.2280274788084378,4.405420272612774,-3.177565288272845
91.625,-64.97888104274571,0.053063016470438276,0.5957116628428081,0.31764152393444073,-1.2280363740970797,4.40551292151337,-3.1775643128237134
91.65,-64.97887989896101,0.05306315947750842,0.5957106961817824,0.31764316510555585,-1.2280442979870418,4.40560438995958,-3.177563969688303
91.675,-64.97888084183695,0.053063288218818054,0.5957097323448182,0.31764479878267443,-1.228051259543008,4.405694679317809,-3.177564252551086
91.7,-64.97888385028863,0.05306340282255461,0.5957087715366377,0.31764642485456085,-1.2280572678526875,4.405783791078035,-3.177565155086587
91.725,-64.97888890320064,0.05306350341728258,0.5957078139591981,0.317648043211967,-1.2280623320254902,4.405871726852455,-3.177566670960192
91.75,-64.97889597942992,0.05306359013192513,0.5957068598116966,0.31764965374762527,-1.2280664611912437,4.4059584883740985,-3.1775687938289763
91.775,-64.9789050578084,0.05306366309574556,0.5957059092905751,0.31765125635624136,-1.2280696644988995,4.406044077495444,-3.177571517342521
91.8,-64.9789161171457,0.0530637224383288,0.5957049625895267,0.3176528509344869,-1.2280719511152416,4.406128496187061,-3.17757483514371
91.825,-64.97892913623178,0.05306376828956336,0.5957040198995008,0.3176544373809921,-1.2280733302236313,4.4062117465362185,-3.177578740869535
91.85,-64.9789440938396,0.053063800779623145,0.5957030814087099,0.31765601559633777,-1.2280738110227358,4.4062938307455175,-3.1775832281518803
91.875,-64.9789609687277,0.05306382003894966,0.5957021473026352,0.31765758548304796,-1.228073402725292,4.4063747511315094,-3.1775882906183113
91.9,-64.97897973964287,0.05306382619823392,0.595701217764034,0.3176591469455816,-1.228072114556847,4.406454510123308,-3.1775939218928597
91.925,-64.9790003853226,0.05306381938839906,0.5957002929729459,0.3176606998903247,-1.228069955754548,4.406533110261223,-3.177600115596782
91.95,-64.97902288449778,0.05306379974058271,0.5956993731067006,0.3176622442255819,-1.2280669355659166,4.40661055419537,-3.177606865349334
91.975,-64.97904721589506,0.053063767386119426,0.5956984583399247,0.31766377986156835,-1.2280630632476288,4.4066868446843035,-3.1776141647685194
92.0,-64.9790733582395,0.05306372245652368,0.5956975488445495,0.3176653067104009,-1.228058348064333,4.406761984593623,-3.1776220074718506
92.025,-64.97910129025693,0.05306366508347267,0.5956966447898187,0.31766682468608953,-1.228052799287456,4.406835976894604,-3.1776303870770803
92.05000000000001,-64.97913099067648,0.05306359539878935,0.5956957463422966,0.31766833370452874,-1.228046426194028,4.406908824662818,-3.177639297202944
92.075,-64.97916243823302,0.05306351353442549,0.5956948536658766,0.3176698336834884,-1.2280392380655079,4.406980531076732,-3.177648731469905
92.1,-64.97919561166947,0.05306341962244513,0.5956939669217893,0.3176713245426048,-1.2280312441866341,4.40705109941638,-3.17765868350084
92.125,-64.97923048973927,0.05306331379500798,0.5956930862686114,0.31767280620337157,-1.228022453844278,4.407120533061949,-3.1776691469217795
92.15,-64.97926705120874,0.053063196184353054,0.5956922118622747,0.3176742785891301,-1.2280128763263118,4.407188835492404,-3.177680115362621
92.17500000000001,-64.97930527485937,0.05306306692278248,0.5956913438560753,0.3176757416250605,-1.2280025209204863,4.407256010284138,-3.177691582457811
92.2,-64.97934513949018,0.05306292614264515,0.5956904824006828,0.31767719523817156,-1.227991396913304,4.40732206110957,-3.177703541847053
92.225,-64.97938662391996,0.05306277397632108,0.5956896276441501,0.3176786393572916,-1.2279795135889375,4.4073869917358,-3.177715987175989
92.25,-64.97942970698958,0.05306261055620539,0.5956887797319234,0.31768007391305847,-1.2279668802281243,4.4074508060232365,-3.1777289120968732
92.275,-64.9794743675642,0.05306243601469272,0.5956879388068514,0.31768149883790947,-1.227953506107093,4.407513507924209,-3.177742310269258
92.30000000000001,-64.97952058453549,0.053062250484161695,0.5956871050091966,0.31768291406607163,-1.2279394004964919,4.407575101481624,-3.177756175360648
92.325,-64.97956833682387,0.053062054096959625,0.5956862784766449,0.3176843195335514,-1.2279245726603358,4.407635590827589,-3.177770501047162
92.35,-64.97961760338062,0.053061846985387226,0.5956854593443163,0.31768571517812466,-1.2279090318549557,4.407694980182063,-3.177785281014185
92.375,-64.97966836319002,0.053061629281683544,0.5956846477447761,0.31768710093932606,-1.2278927873279608,4.407753273851494,-3.1778005089570045
92.4,-64.9797205952715,0.05306140111801106,0.5956838438080456,0.3176884767584388,-1.2278758483172167,4.407810476227466,-3.1778161785814505
92.42500000000001,-64.97977427868177,0.05306116262644097,0.5956830476616133,0.3176898425784842,-1.2278582240498352,4.4078665917853375,-3.177832283604532
92.45,-64.97982939251682,0.053060913938938546,0.5956822594304461,0.3176911983442108,-1.2278399237411686,4.407921625082905,-3.1778488177550455
92.475,-64.979885915914,0.053060655187348656,0.595681479237001,0.31769254400208374,-1.2278209565938192,4.407975580759046,-3.1778657747741987
92.5,-64.97994382805405,0.053060386503381414,0.595680707201237,0.31769387950027406,-1.2278013317966574,4.408028463532377,-3.177883148416214
92.525,-64.9800031081631,0.05306010801859821,0.5956799434406265,0.31769520478864766,-1.2277810585238638,4.408080278199917,-3.1779009324489307
92.55000000000001,-64.98006373551465,0.05305981986439753,0.5956791880701677,0.31769651981875435,-1.2277601459339629,4.408131029635759,-3.177919120654394
92.575,-64.98012568943147,0.05305952217200116,0.5956784412023968,0.31769782454381673,-1.2277386031688788,4.408180722789715,-3.177937706829442
92.6,-64.98018894928762,0.05305921507244051,0.5956777029474001,0.31769911891871894,-1.2277164393530033,4.408229362686001,-3.177956684786287
92.625,-64.98025349451025,0.053058898696543066,0.595676973412827,0.31770040289999557,-1.2276936635922728,4.408276954421918,-3.177976048353075
92.65,-64.98031930458154,0.053058573174918904,0.5956762527039021,0.3177016764458202,-1.2276702849732497,4.408323503166519,-3.1779957913744625
92.67500000000001,-64.98038635904054,0.05305823863794768,0.5956755409234388,0.31770293951599404,-1.227646312562238,4.408369014159302,-3.178015907712161
92.7,-64.980454637485,0.05305789521576539,0.5956748381718514,0.3177041920719344,-1.227621755404383,4.408413492708878,-3.1780363912454987
92.725,-64.98052411957316,0.0530575430382514,0.5956741445471692,0.3177054340766631,-1.2275966225227908,4.408456944191687,-3.178057235871948
92.75,-64.98059478502557,0.053057182235015855,0.595673460145049,0.3177066654947947,-1.2275709229176754,4.408499374050669,-3.178078435507672
92.775,-64.9806666136268,0.0530568129353869,0.5956727850587892,0.3177078862925252,-1.227544665565493,4.408540787793991,-3.178099984088038
92.80000000000001,-64.98073958522717,0.05305643526839832,0.5956721193793428,0.31770909643761985,-1.227517859418104,4.408581190993731,-3.178121875568151
92.825,-64.98081367974451,0.053056049362777136,0.5956714631953315,0.31771029589940125,-1.2274905134019354,4.408620589284593,-3.178144103923354
92.85,-64.98088887716581,0.05305565534693163,0.5956708165930596,0.3177114846487379,-1.2274626364171755,4.408658988362629,-3.1781666631497427
92.875,-64.98096515754887,0.05305525334893917,0.5956701796565278,0.31771266265803166,-1.2274342373369471,4.408696393983949,-3.1781895472646595
92.9,-64.98104250102392,0.05305484349653446,0.595669552467447,0.31771382990120617,-1.2274053250065198,4.4087328119634615,-3.178212750307176
92.92500000000001,-64.9811208877953,0.05305442591709779,0.5956689351052534,0.3177149863536945,-1.2273759082425195,4.408768248173589,-3.1782362663385895
92.95,-64.98120029814297,0.053054000737643665,0.5956683276471221,0.31771613199242693,-1.2273459958321622,4.408802708543003,-3.1782600894428894
92.975,-64.98128071242411,0.053053568084809294,0.5956677301679818,0.31771726679581896,-1.227315596532483,4.4088361990553775,-3.1782842137272325
93.0,-64.98136211107467,0.05305312808484328,0.5956671427405297,0.3177183907437589,-1.2272847190695773,4.408868725748126,-3.178308633322402
93.025,-64.98144447461085,0.05305268086359483,0.5956665654352458,0.31771950381759556,-1.2272533721378796,4.40890029471116,-3.178333342383256
93.05000000000001,-64.9815277836306,0.05305222654650263,0.5956659983204078,0.31772060600012597,-1.2272215643994173,4.408930912085655,-3.178358335089179
93.075,-64.98161201881511,0.05305176525858413,0.5956654414621064,0.3177216972755828,-1.2271893044830995,4.40896058406278,-3.178383605644534
93.1,-64.98169716093022,0.05305129712442504,0.5956648949242601,0.31772277762962203,-1.2271566009840118,4.408989316882517,-3.178409148279067
93.125,-64.98178319082788,0.05305082226816871,0.5956643587686301,0.31772384704931045,-1.2271234624627119,4.409017116832398,-3.178434957248365
93.15,-64.98187008944748,0.05305034081350604,0.5956638330548358,0.31772490552311305,-1.227089897444558,4.409043990246317,-3.1784610268342446
93.17500000000001,-64.98195783781729,0.05304985288366524,0.5956633178403704,0.3177259530408805,-1.2270559144190298,4.409069943503295,-3.178487351345187
93.2,-64.98204641705576,0.053049358601401864,0.5956628131806158,0.31772698959383655,-1.2270215218390668,4.409094983026292,-3.1785139251167265
93.225,-64.98213580837286,0.053048858088988946,0.5956623191288584,0.31772801517456517,-1.2269867281204159,4.409119115280999,-3.1785407425118577
93.25,-64.9822259930714,0.053048351468207355,0.5956618357363048,0.3177290297769981,-1.226951541640994,4.409142346774647,-3.1785677979214184
93.275,-64.98231695254825,0.053047838860336295,0.5956613630520976,0.317730033396402,-1.2269159707402604,4.40916468405484,-3.1785950857644734
93.30000000000001,-64.98240866829566,0.05304732038614386,0.5956609011233307,0.3177310260293657,-1.226880023718597,4.40918613370834,-3.178622600488698
93.325,-64.98250112190246,0.05304679616587801,0.5956604499950656,0.3177320076737875,-1.2268437088367108,4.409206702359932,-3.1786503365707373
93.35,-64.98259429505524,0.053046266319257206,0.5956600097103475,0.3177329783288623,-1.2268070343150224,4.409226396671249,-3.1786782885165707
93.375,-64.98268816953957,0.05304573096546182,0.5956595803102207,0.3177339379950687,-1.2267700083331035,4.409245223339597,-3.178706450861871
93.4,-64.98278272724117,0.05304519022312509,0.5956591618337452,0.3177348866741562,-1.2267326390290805,4.409263189096824,-3.1787348181723516
93.42500000000001,-64.98287795014699,0.05304464421032475,0.595658754318013,0.3177358243691324,-1.2266949344990945,4.40928030070818,-3.1787633850440953
93.45,-64.98297382034637,0.05304409304457443,0.5956583577981637,0.3177367510842499,-1.226656902796735,4.40929656497116,-3.1787921461039117
93.475,-64.98307032003214,0.053043536842815354,0.5956579723074014,0.31773766682499366,-1.2266185519325035,4.409311988714394,-3.178821096009642
93.5,-64.98316743150163,0.05304297572140823,0.5956575978770109,0.3177385715980677,-1.2265798898732851,4.4093265787965175,-3.178850229450488
93.525,-64.98326513715779,0.053042409796125345,0.5956572345363741,0.3177394654113825,-1.226540924541838,4.409340342105057,-3.1788795411473356
93.55000000000001,-64.98336341951014,0.053041839182142336,0.5956568823129864,0.3177403482740418,-1.2265016638162594,4.40935328555533,-3.178909025853042
93.575,-64.98346226117583,0.053041263994031036,0.5956565412324734,0.3177412201963298,-1.2264621155295259,4.409365416089338,-3.178938678352749
93.6,-64.9835616448806,0.053040684345751384,0.5956562113186072,0.31774208118969793,-1.2264222874689714,4.409376740674675,-3.178968493464178
93.625,-64.98366155345968,0.05304010035064438,0.5956558925933239,0.3177429312667522,-1.226382187375836,4.409387266303456,-3.1789984660379047
93.65,-64.98376196985883,0.053039512121424714,0.5956555850767389,0.31774377044123986,-1.2263418229447929,4.409396999991231,-3.1790285909576497
93.67500000000001,-64.98386287713515,0.0530389197701735,0.5956552887871649,0.3177445987280366,-1.2263012018234827,4.409405948775915,-3.1790588631405456
93.7,-64.98396425845802,0.053038323408331485,0.5956550037411281,0.31774541614313345,-1.2262603316120844,4.409414119716734,-3.1790892775374044
93.725,-64.98406609710996,0.0530377231466922,0.5956547299533851,0.3177462227036238,-1.2262192198628752,4.409421519893164,-3.1791198291329876
93.75,-64.98416837648746,0.05303711909539519,0.5956544674369397,0.3177470184276904,-1.2261778740798037,4.409428156403906,-3.179150512946238
93.775,-64.98427108010183,0.05303651136391952,0.5956542162030601,0.3177478033345923,-1.2261363017180797,4.409434036365822,-3.17918132403055
93.80000000000001,-64.98437419157997,0.05303590006107752,0.5956539762612955,0.31774857744465196,-1.2260945101837786,4.409439166912935,-3.179212257473992
93.825,-64.98447769466516,0.05303528529500828,0.595653747619493,0.31774934077924205,-1.2260525068334316,4.409443555195389,-3.1792433083995477
93.85,-64.98458157321782,0.053034667173171714,0.5956535302838152,0.31775009336077265,-1.226010298973656,4.409447208378442,-3.1792744719653467
93.875,-64.98468581121628,0.053034045802342666,0.5956533242587564,0.31775083521267816,-1.2259678938607863,4.409450133641466,-3.179305743364884
93.9,-64.98479039275742,0.05303342128860485,0.5956531295471604,0.3177515663594042,-1.2259252987004945,4.409452338176948,-3.179337117827225
93.92500000000001,-64.98489530205742,0.05303279373734536,0.595652946150237,0.31775228682639495,-1.2258825206474513,4.4094538291895065,-3.179368590617227
93.95,-64.98500052345244,0.05303216325324908,0.5956527740675793,0.3177529966400799,-1.2258395668049813,4.409454613894914,-3.179400157035732
93.975,-64.98510604139922,0.053031529940293295,0.595652613297181,0.317753695827861,-1.2257964442247293,4.409454699519125,-3.179431812419766
94.0,-64.98521184047577,0.05303089390174241,0.5956524638354531,0.3177543844180998,-1.2257531599063374,4.409454093297302,-3.179463552142731
94.025,-64.98531790538195,0.05303025524014283,0.5956523256772414,0.3177550624401044,-1.2257097207971301,4.4094528024728845,-3.179495371614584
94.05000000000001,-64.98542422094006,0.053029614057317966,0.5956521988158434,0.3177557299241166,-1.2256661337918147,4.409450834296625,-3.179527266282018
94.075,-64.98553077209542,0.05302897045436337,0.5956520832430258,0.31775638690129915,-1.2256224057321805,4.409448196025672,-3.1795592316286245
94.1,-64.98563754391691,0.05302832453164207,0.5956519789490411,0.3177570334037226,-1.2255785434068227,4.409444894922616,-3.1795912631750722
94.125,-64.98574452159751,0.053027676388780066,0.5956518859226454,0.31775766946435274,-1.2255345535508702,4.4094409382545985,-3.179623356479253
94.15,-64.98585169045481,0.05302702612466168,0.5956518041511151,0.3177582951170376,-1.2254904428457074,4.409436333292378,-3.179655507136442
94.17500000000001,-64.98595903593147,0.053026373837425374,0.5956517336202642,0.31775891039649484,-1.2254462179187264,4.40943108730945,-3.1796877107794415
94.2,-64.98606654359575,0.05302571962445961,0.5956516743144618,0.31775951533829877,-1.225401885343084,4.409425207581138,-3.179719963078726
94.225,-64.9861741991419,0.05302506358239869,0.5956516262166485,0.31776010997886767,-1.2253574516374552,4.40941870138371,-3.17975225974257
94.25,-64.98628198839062,0.05302440580711901,0.5956515893083543,0.3177606943554511,-1.2253129232658173,4.409411575993511,-3.1797845965171843
94.275,-64.98638989728946,0.053023746393735055,0.5956515635697156,0.31776126850611736,-1.2252683066372159,4.409403838686094,-3.1798169691868368
94.30000000000001,-64.98649791191323,0.05302308543659599,0.595651548979492,0.31776183246974055,-1.2252236081055705,4.409395496735357,-3.1798493735739695
94.325,-64.98660601846437,0.053022423029281875,0.5956515455150837,0.3177623862859881,-1.2251788339694571,4.409386557412698,-3.179881805539311
94.35,-64.98671420327327,0.05302175926460059,0.5956515531525487,0.31776292999530814,-1.2251339904719387,4.409377027986181,-3.1799142609819797
94.375,-64.98682245279863,0.05302109423458429,0.5956515718666195,0.31776346363891705,-1.2250890838003594,4.40936691571969,-3.17994673583959
94.4,-64.98693075362783,0.05302042803048634,0.595651601630721,0.3177639872587868,-1.225044120086182,4.409356227872113,-3.1799792260883493
94.42500000000001,-64.98703909247712,0.05301976074277834,0.5956516424169863,0.3177645008976324,-1.2249991054048182,4.409344971696533,-3.1800117277431355
94.45,-64.98714745619198,0.05301909246114729,0.5956516941962751,0.3177650045988997,-1.2249540457754797,4.40933315443942,-3.1800442368575927
94.475,-64.98725583174735,0.05301842327449256,0.5956517569381897,0.3177654984067528,-1.2249089471610102,4.409320783339833,-3.180076749524204
94.5,-64.98736420624789,0.053017753270923666,0.5956518306110928,0.31776598236606163,-1.2248638154677756,4.4093078656286435,-3.1801092618743665
94.525,-64.9874725669282,0.05301708253775744,0.5956519151821237,0.3177664565223897,-1.2248186565455108,4.409294408527729,-3.180141770078461
94.55000000000001,-64.98758090115304,0.05301641116151569,0.5956520106172157,0.31776692092198194,-1.2247734761871996,4.409280419249242,-3.180174270345911
94.575,-64.98768919641745,0.05301573922792283,0.5956521168811132,0.3177673756117521,-1.2247282801289563,4.4092659049948315,-3.1802067589252343
94.6,-64.98779744034704,0.05301506682190395,0.595652233937388,0.3177678206392709,-1.2246830740499322,4.409250872954879,-3.180239232104111
94.625,-64.98790562069804,0.05301439402758261,0.5956523617484566,0.3177682560527536,-1.2246378635722088,4.409235330307783,-3.1802716862094127
94.65,-64.98801372535752,0.053013720928278996,0.5956525002755969,0.3177686819010481,-1.224592654260711,4.409219284219206,-3.1803041176072555
94.67500000000001,-64.98812174234344,0.05301304760650795,0.5956526494789651,0.3177690982336228,-1.2245474516231138,4.4092027418413595,-3.180336522703031
94.7,-64.9882296598048,0.0530123741439775,0.5956528093176121,0.3177695051005544,-1.2245022611097847,4.409185710312284,-3.1803688979414404
94.725,-64.98833746602173,0.0530117006215871,0.5956529797495005,0.3177699025525162,-1.2244570881137034,4.40916819675514,-3.18040123980652
94.75,-64.98844514940552,0.053011027119426325,0.5956531607315212,0.31777029064076595,-1.2244119379704126,4.409150208277527,-3.180433544821656
94.775,-64.98855269849872,0.05301035371677333,0.59565335221951,0.31777066941713417,-1.2243668159579582,4.40913175197077,-3.1804658095496166
94.80000000000001,-64.98866010197517,0.0530096804920937,0.595653554168264,0.31777103893401215,-1.2243217272968476,4.409112834909255,-3.180498030592551
94.825,-64.98876734863998,0.05300900752303946,0.5956537665315589,0.31777139924434034,-1.224276677150025,4.409093464149764,-3.1805302045919945
94.85,-64.9888744274296,0.05300833488644771,0.5956539892621642,0.3177717504015965,-1.2242316706228198,4.409073646730804,-3.1805623282288775
94.875,-64.98898132741174,0.05300766265834009,0.5956542223118606,0.3177720924597841,-1.2241867127629498,4.409053389671952,-3.1805943982235205
94.9,-64.98908803778541,0.05300699091392178,0.5956544656314561,0.3177724254734207,-1.2241418085604963,4.409032699973224,-3.180626411335622
94.92500000000001,-64.98919454788086,0.0530063197275808,0.5956547191708023,0.31777274949752643,-1.2240969629478935,4.409011584614422,-3.1806583643642568
94.95,-64.98930084715951,0.05300564917288753,0.5956549828788107,0.31777306458761245,-1.2240521807999414,4.408990050554521,-3.1806902541478537
94.975,-64.98940692521388,0.05300497932259402,0.595655256703469,0.31777337079966955,-1.2240074669337941,4.408968104731056,-3.180722077564165
95.0,-64.98951277176751,0.05300431024863372,0.5956555405918571,0.31777366819015657,-1.2239628261089868,4.408945754059498,-3.1807538315302524
95.025,-64.98961837667485,0.05300364202212137,0.5956558344901633,0.3177739568159894,-1.2239182630274679,4.408923005432666,-3.1807855130024563
95.05000000000001,-64.98972372992118,0.05300297471335258,0.5956561383437007,0.3177742367345296,-1.2238737823336079,4.408899865720137,-3.180817118976354
95.075,-64.98982882162244,0.05300230839180377,0.5956564520969222,0.317774508003573,-1.2238293886142384,4.408876341767654,-3.1808486464867314
95.1,-64.98993364202508,0.05300164312613233,0.5956567756934377,0.31777477068133886,-1.2237850863987048,4.408852440396575,-3.1808800926075236
95.125,-64.99003818150594,0.053000978984176675,0.5956571090760289,0.31777502482645864,-1.223740880158906,4.408828168403286,-3.180911454451781
95.15,-64.99014243057206,0.05300031603295644,0.5956574521866658,0.31777527049796495,-1.223696774309351,4.4088035325586485,-3.180942729171619
95.17500000000001,-64.9902463798605,0.05299965433867281,0.5956578049665221,0.31777550775528063,-1.2236527732072209,4.40877853960747,-3.180973913958148
95.2,-64.99035002013807,0.052998993966709,0.595658167355991,0.31777573665820785,-1.2236088811524388,4.408753196267954,-3.1810050060414197
95.225,-64.99045334230125,0.05299833498163061,0.5956585392947006,0.3177759572669174,-1.223565102387739,4.408727509231165,-3.1810360026903752
95.25,-64.99055633737586,0.052997677447186343,0.5956589207215298,0.3177761696419377,-1.22352144109875,4.408701485160523,-3.181066901212759
95.275,-64.99065899651686,0.05299702142630872,0.5956593115746234,0.31777637384414437,-1.2234779014140853,4.408675130691278,-3.181097698955057
95.30000000000001,-64.99076131100804,0.05299636698111474,0.5956597117914076,0.31777656993474934,-1.2234344874054275,4.408648452430021,-3.1811283933024126
95.325,-64.99086327226185,0.052995714172906855,0.5956601213086057,0.31777675797529054,-1.223391203087633,4.408621456954184,-3.181158981678554
95.35,-64.99096487181905,0.05299506306217385,0.5956605400622526,0.3177769380276212,-1.2233480524188318,4.40859415081154,-3.1811894615457135
95.375,-64.99106610134844,0.052994413708592106,0.5956609679877104,0.31777711015389953,-1.2233050393005507,4.408566540519745,-3.181219830404531
95.4,-64.99116695264655,0.052993766171026455,0.5956614050196839,0.3177772744165784,-1.2232621675778124,4.408538632565864,-3.181250085793965
95.42500000000001,-64.99126741763733,0.052993120507531535,0.5956618510922349,0.31777743087839483,-1.2232194410392632,4.408510433405905,-3.181280225291199
95.45,-64.99136748837182,0.052992476775353216,0.5956623061387974,0.31777757960236014,-1.223176863417311,4.408481949464373,-3.181310246511546
95.475,-64.9914671570278,0.05299183503092975,0.5956627700921928,0.3177777206517495,-1.2231344383882394,4.40845318713383,-3.1813401471083393
95.5,-64.99156641590945,0.052991195329893506,0.595663242884644,0.3177778540900919,-1.2230921695723649,4.4084241527744465,-3.1813699247728335
95.525,-64.99166525744697,0.05299055772707228,0.5956637244477908,0.31777797998116036,-1.2230500605341634,4.4083948527135925,-3.18139957723409
95.55000000000001,-64.99176367419624,0.05298992227649123,0.5956642147127041,0.3177780983889617,-1.2230081147824383,4.408365293245401,-3.1814291022588703
95.575,-64.99186165883839,0.0529892890313743,0.5956647136099007,0.3177782093777269,-1.2229663357704565,4.408335480630373,-3.181458497651516
95.6,-64.99195920417944,0.05298865804414626,0.5956652210693575,0.3177783130119011,-1.2229247268961214,4.408305421094966,-3.181487761253831
95.625,-64.99205630314984,0.05298802936643443,0.5956657370205259,0.31777840935613433,-1.2228832915021295,4.408275120831221,-3.181516890944951
95.65,-64.99215294880412,0.05298740304907071,0.5956662613923466,0.31777849847527107,-1.222842032876143,4.408244585996332,-3.1815458846412352
95.67500000000001,-64.99224913432039,0.052986779142093585,0.595666794113263,0.31777858043434154,-1.222800954250964,4.408213822712327,-3.1815747402961163
95.7,-64.99234485299996,0.05298615769475032,0.5956673351112357,0.31777865529855176,-1.2227600588047178,4.408182837065653,-3.181603455899989
95.725,-64.99244009826685,0.05298553875549899,0.5956678843137568,0.3177787231332741,-1.2227193496610298,4.408151635106836,-3.181632029480056
95.75,-64.99253486366734,0.05298492237201088,0.5956684416478635,0.3177787840040382,-1.2226788298892202,4.408120222850131,-3.181660459100203
95.775,-64.9926291428695,0.05298430859117269,0.5956690070401519,0.3177788379765214,-1.2226385025044932,4.4080886062731635,-3.181688742860851
95.80000000000001,-64.9927229296627,0.05298369745908908,0.595669580416791,0.31777888511653984,-1.2225983704681425,4.408056791316606,-3.1817168788988113
95.825,-64.99281621795714,0.052983089021084985,0.5956701617035361,0.3177789254900391,-1.2225584366877429,4.408024783883842,-3.181744865387142
95.85,-64.99290900178333,0.0529824833217082,0.5956707508257428,0.3177789591630853,-1.2225187040173633,4.40799258984064,-3.1817727005349994
95.875,-64.99300127529159,0.052981880404732076,0.59567134770838,0.3177789862018561,-1.2224791752577828,4.407960215014854,-3.1818003825874768
95.9,-64.99309303275152,0.052981280313158054,0.5956719522760439,0.31777900667263176,-1.2224398531566956,4.407927665196112,-3.1818279098254547
95.92500000000001,-64.99318426855149,0.052980683089218474,0.5956725644529703,0.31777902064178654,-1.222400740408937,4.40789494613551,-3.181855280565446
95.95,-64.99327497719808,0.052980088774379465,0.595673184163049,0.31777902817577974,-1.2223618396567133,4.407862063545342,-3.1818824931594247
95.975,-64.9933651533156,0.052979497409343594,0.5956738113298361,0.31777902934114716,-1.2223231534898151,4.407829023098788,-3.181909545994678
96.0,-64.9934547916454,0.05297890903405299,0.5956744458765673,0.31777902420449244,-1.2222846844458604,4.407795830429667,-3.181936437493621
96.025,-64.99354388704546,0.05297832368769222,0.5956750877261707,0.31777901283247867,-1.222246435010526,4.407762491132163,-3.1819631661136385
96.05000000000001,-64.99363243448973,0.052977741408691374,0.5956757368012799,0.31777899529181997,-1.2222084076177855,4.407729010760555,-3.1819897303469173
96.075,-64.99372042906755,0.052977162234729216,0.5956763930242466,0.31777897164927305,-1.2221706046501588,4.407695394828974,-3.182016128720265
96.1,-64.99380786598313,0.05297658620273635,0.5956770563171527,0.31777894197162904,-1.2221330284389578,4.407661648811156,-3.1820423597949383
96.125,-64.99389474055486,0.05297601334889836,0.5956777266018239,0.3177789063257053,-1.2220956812645298,4.407627778140211,-3.1820684221664592
96.15,-64.9939810482148,0.05297544370865912,0.5956784037998413,0.3177788647783374,-1.2220585653565148,4.407593788208381,-3.182094314464442
96.17500000000001,-64.99406678450802,0.052974877316724234,0.5956790878325537,0.31777881739637087,-1.2220216828941088,4.407559684366829,-3.182120035352406
96.2,-64.99415194509197,0.0529743142070643,0.5956797786210908,0.31777876424665347,-1.2219850360063182,4.407525471925413,-3.1821455835275914
96.225,-64.9942365257359,0.05297375441291848,0.595680476086374,0.3177787053960273,-1.2219486267722306,4.407491156152491,-3.18217095772077
96.25,-64.9943205223202,0.05297319796679787,0.5956811801491293,0.31777864091132096,-1.2219124572212732,4.4074567422747055,-3.182196156696058
96.275,-64.99440393083574,0.05297264490048913,0.5956818907298992,0.3177785708593418,-1.2218765293334903,4.407422235476803,-3.1822211792507233
96.30000000000001,-64.99448674738332,0.05297209524505803,0.5956826077490541,0.31777849530686847,-1.2218408450398133,4.40738764090143,-3.182246024214996
96.325,-64.99456896817287,0.05297154903085329,0.5956833311268046,0.3177784143206433,-1.2218054062223485,4.407352963648981,-3.182270690451861
96.35,-64.99465058952292,0.052971006287509954,0.5956840607832127,0.3177783279673648,-1.221770214714637,4.4073182087774025,-3.1822951768568757
96.375,-64.99473160785988,0.052970467043953404,0.5956847966382033,0.31777823631368035,-1.2217352723019554,4.407283381302026,-3.1823194823579626
96.4,-64.99481201971737,0.052969931328403115,0.595685538611576,0.31777813942617883,-1.221700580721598,4.407248486195421,-3.1823436059152113
96.42500000000001,-64.99489182173555,0.05296939916837634,0.5956862866230161,0.3177780373713834,-1.2216661416631527,4.407213528387243,-3.182367546520665
96.45,-64.99497101066045,0.05296887059069217,0.5956870405921062,0.31777793021574446,-1.221631956768809,4.407178512764072,-3.1823913031981346
96.475,-64.99504958334326,0.052968345621475385,0.5956878004383366,0.3177778180256326,-1.221598027633642,4.407143444169295,-3.1824148750029777
96.5,-64.99512753673964,0.05296782428616053,0.595688566081117,0.31777770086733154,-1.221564355805917,4.407108327402956,-3.1824382610218933
96.525,-64.99520486790905,0.052967306609495675,0.5956893374397872,0.31777757880703117,-1.221530942787373,4.407073167221638,-3.1824614603727155
96.55000000000001,-64.995281574014,0.05296679261554677,0.5956901144336281,0.31777745191082096,-1.2214977900335418,4.4070379683383445,-3.1824844722042003
96.575,-64.99535765231937,0.05296628232770158,0.5956908969818717,0.317777320244683,-1.221464898954042,4.407002735422385,-3.1825072956958107
96.6,-64.99543310019168,0.052965775768673805,0.5956916850037125,0.3177771838744856,-1.221432270912884,4.406967473099271,-3.1825299300575023
96.625,-64.99550791509839,0.052965272960507424,0.5956924784183176,0.3177770428659764,-1.2213999072287904,4.406932185950605,-3.1825523745295157
96.65,-64.99558209460716,0.05296477392458068,0.5956932771448373,0.31777689728477615,-1.221367809175491,4.4068968785140035,-3.1825746283821474
96.67500000000001,-64.9956556363851,0.05296427868161039,0.5956940811024151,0.3177767471963722,-1.2213359779820376,4.406861555283011,-3.182596690915528
96.7,-64.9957285381981,0.052963787251656416,0.595694890210198,0.3177765926661122,-1.2213044148331358,4.4068262207069875,-3.182618561459428
96.725,-64.99580079791004,0.052963299654125766,0.5956957043873465,0.31777643375919773,-1.221273120869443,4.406790879191066,-3.1826402393730104
96.75,-64.99587241348205,0.05296281590777699,0.5956965235530451,0.3177762705406783,-1.2212420971878932,4.4067555350960745,-3.182661724044614
96.775,-64.99594338297177,0.0529623360307246,0.5956973476265114,0.31777610307544524,-1.2212113448420172,4.4067201927384705,-3.182683014891532
96.80000000000001,-64.99601370453264,0.05296186004044356,0.595698176527006,0.3177759314282256,-1.2211808648422724,4.4066848563902825,-3.1827041113597927
96.825,-64.99608337641308,0.052961387953773635,0.5956990101738425,0.31777575566357624,-1.2211506581563596,4.406649530279063,-3.1827250129239246
96.85,-64.99615239695578,0.052960919786923806,0.5956998484863971,0.3177755758458781,-1.2211207257095449,4.406614218587836,-3.1827457190867334
96.875,-64.9962207645969,0.052960455555476925,0.5957006913841175,0.3177753920393303,-1.2210910683849958,4.40657892545507,-3.1827662293790695
96.9,-64.99628847786535,0.05295999527439426,0.5957015387865326,0.3177752043079445,-1.2210616870241136,4.406543654974631,-3.1827865433596045
96.92500000000001,-64.996355535382,0.052959538958019914,0.5957023906132618,0.31777501271553926,-1.2210325824268522,4.406508411195765,-3.182806660614598
96.95,-64.99642193585888,0.05295908662008549,0.5957032467840238,0.3177748173257347,-1.2210037553520576,4.406473198123074,-3.182826580757663
96.975,-64.99648767809848,0.0529586382737148,0.5957041072186458,0.3177746182019468,-1.2209752065178043,4.406438019716489,-3.1828463034295424
97.0,-64.9965527609929,0.05295819393142836,0.5957049718370725,0.3177744154073821,-1.2209469366017247,4.4064028798912664,-3.1828658282978695
97.025,-64.99661718352311,0.05295775360514815,0.5957058405593747,0.3177742090050325,-1.2209189462413488,4.406367782517985,-3.1828851550569337
97.05000000000001,-64.99668094475817,0.052957317306202255,0.5957067133057582,0.31777399905767,-1.22089123603444,4.4063327314225385,-3.18290428342745
97.075,-64.99674404385439,0.05295688504532963,0.5957075899965721,0.3177737856278416,-1.2208638065393367,4.406297730386153,-3.182923213156317
97.1,-64.99680648005464,0.05295645683268482,0.5957084705523177,0.3177735687778641,-1.2208366582752916,4.406262783145376,-3.182941944016393
97.125,-64.99686825268748,0.05295603267784262,0.5957093548936564,0.31777334856981937,-1.2208097917228065,4.406227893392112,-3.182960475806243
97.15,-64.99692936116637,0.052955612589803094,0.5957102429414184,0.3177731250655492,-1.2207832073239913,4.406193064773637,-3.1829788083499095
97.17500000000001,-64.99698980498894,0.052955196576996044,0.5957111346166105,0.3177728983266508,-1.2207569054828846,4.406158300892617,-3.1829969414966826
97.2,-64.99704958373614,0.052954784647286146,0.5957120298404245,0.31777266841447155,-1.2207308865658184,4.406123605307147,-3.1830148751208425
97.225,-64.99710869707147,0.05295437680797753,0.5957129285342447,0.3177724353901049,-1.2207051509017497,4.406088981530779,-3.1830326091214403
97.25,-64.99716714474015,0.0529539730658188,0.5957138306196565,0.3177721993143855,-1.2206796987826132,4.406054433032575,-3.1830501434220437
97.275,-64.99722492656834,0.052953573427007794,0.5957147360184534,0.3177719602478846,-1.2206545304636638,4.406019963237144,-3.1830674779705004
97.30000000000001,-64.99728204246234,0.05295317789719654,0.5957156446526448,0.3177717182509059,-1.2206296461638293,4.40598557552469,-3.1830846127387034
97.325,-64.9973384924078,0.052952786481496095,0.595716556444464,0.3177714733834809,-1.2206050460660514,4.405951273231075,-3.1831015477223414
97.35,-64.99739427646888,0.05295239918448159,0.5957174713163749,0.3177712257053648,-1.2205807303176475,4.405917059647874,-3.183118282940664
97.375,-64.99744939478745,0.052952016010196896,0.59571838919108,0.3177709752760323,-1.2205566990306411,4.40588293802244,-3.1831348184362356
97.4,-64.99750384758232,0.052951636962159765,0.5957193099915272,0.3177707221546734,-1.220532952282123,4.405848911557975,-3.1831511542746966
97.42500000000001,-64.99755763514841,0.05295126204336686,0.5957202336409172,0.3177704664001893,-1.2205094901146112,4.405814983413596,-3.183167290544523
97.45,-64.99761075785592,0.052950891256298455,0.59572116006271,0.3177702080711886,-1.2204863125363818,4.405781156704429,-3.183183227356777
97.475,-64.99766321614955,0.05295052460292353,0.5957220891806327,0.3177699472259833,-1.220463419521828,4.405747434501683,-3.183198964844864
97.5,-64.99771501054767,0.05295016208470479,0.5957230209186853,0.3177696839225848,-1.2204408110118163,4.40571381983273,-3.1832145031642995
97.525,-64.99776614164152,0.05294980370260368,0.5957239552011482,0.31776941821870053,-1.2204184869140393,4.405680315681208,-3.1832298424924557
97.55000000000001,-64.99781661009443,0.052949449457085296,0.5957248919525883,0.31776915017172985,-1.2203964471033608,4.405646924987102,-3.1832449830283296
97.575,-64.99786641664095,0.0529490993481234,0.5957258310978656,0.3177688798387608,-1.2203746914221705,4.405613650646866,-3.1832599249922837
97.6,-64.99791556208605,0.05294875337520546,0.5957267725621401,0.3177686072765663,-1.2203532196807387,4.405580495513512,-3.1832746686258147
97.625,-64.99796404730436,0.05294841153733774,0.5957277162708773,0.3177683325416009,-1.2203320316575705,4.405547462396714,-3.183289214191309
97.65,-64.9980118732393,0.0529480738330501,0.5957286621498548,0.3177680556899972,-1.2203111270997475,4.405514554062938,-3.1833035619717918
97.67500000000001,-64.99805904090232,0.05294774026040134,0.5957296101251685,0.31776777677756274,-1.2202905057232998,4.405481773235535,-3.1833177122706955
97.7,-64.99810555137203,0.05294741081698398,0.5957305601232382,0.31776749585977654,-1.2202701672135405,4.405449122594878,-3.18333166541161
97.725,-64.99815140579345,0.05294708549992942,0.5957315120708141,0.317767212991786,-1.2202501112254305,4.405416604778478,-3.183345421738035
97.75,-64.99819660537715,0.052946764305912886,0.595732465894982,0.31776692822840397,-1.2202303373839198,4.405384222381118,-3.1833589816131433
97.775,-64.99824115139847,0.05294644723115868,0.5957334215231691,0.31776664162410545,-1.2202108452843192,4.405351977954972,-3.183372345419542
97.80000000000001,-64.99828504519671,0.052946134271444886,0.59573437888315,0.3177663532330249,-1.220191634492625,4.405319874009766,-3.1833855135590126
97.825,-64.99832828817429,0.052945825422108836,0.5957353379030516,0.3177660631089531,-1.2201727045459037,4.4052879130128915,-3.1833984864522873
97.85,-64.998370881796,0.05294552067805172,0.5957362985113589,0.31776577130533457,-1.2201540549526115,4.405256097389548,-3.1834112645388015
97.875,-64.99841282758814,0.05294522003374396,0.5957372606369203,0.3177654778752645,-1.2201356851929697,4.405224429522906,-3.183423848276442
97.9,-64.99845412713773,0.05294492348323015,0.5957382242089526,0.3177651828714865,-1.2201175947193084,4.405192911754245,-3.18343623814132
97.92500000000001,-64.99849478209171,0.052944631020134005,0.595739189157046,0.31776488634638955,-1.2200997829564109,4.405161546383116,-3.1834484346275134
97.95,-64.99853479415614,0.052944342637663504,0.5957401554111695,0.31776458835200583,-1.2200822493018717,4.405130335667481,-3.1834604382468425
97.975,-64.9985741650954,0.052944058328615956,0.5957411229016755,0.31776428894000797,-1.2200649931264471,4.405099281823885,-3.1834722495286214
98.0,-64.99861289673139,0.05294377808538295,0.5957420915593046,0.3177639881617068,-1.220048013774401,4.405068387027617,-3.183483869019416
98.025,-64.99865099094268,0.05294350189995551,0.5957430613151904,0.31776368606804895,-1.2200313105638607,4.405037653412874,-3.1834952972828034
98.05000000000001,-64.99868844966377,0.052943229763928894,0.5957440321008641,0.31776338270961446,-1.2200148827871502,4.405007083072936,-3.183506534899132
98.075,-64.99872527488432,0.05294296166850787,0.5957450038482592,0.3177630781366149,-1.219998729711156,4.404976678060325,-3.183517582465296
98.1,-64.99876146864825,0.0529426976045116,0.5957459764897155,0.3177627723988909,-1.2199828505776644,4.404946440386997,-3.183528440594476
98.125,-64.99879703305307,0.052942437562378694,0.5957469499579837,0.31776246554591014,-1.2199672446037126,4.4049163720245,-3.1835391099159196
98.15,-64.99883197024896,0.05294218153217218,0.5957479241862298,0.3177621576267655,-1.219951910981931,4.40488647490418,-3.183549591074687
98.17500000000001,-64.99886628243809,0.05294192950358452,0.5957488991080389,0.317761848690173,-1.219936848880889,4.404856750917349,-3.1835598847314257
98.2,-64.99889997187377,0.05294168146594266,0.5957498746574194,0.3177615387844698,-1.2199220574454457,4.404827201915474,-3.1835699915621305
98.225,-64.9989330408597,0.052941437408212784,0.5957508507688068,0.3177612279576125,-1.2199075357970768,4.404797829710363,-3.1835799122579087
98.25,-64.99896549174915,0.0529411973190057,0.5957518273770682,0.3177609162571757,-1.219893283034245,4.404768636074375,-3.1835896475247436
98.275,-64.9989973269442,0.05294096118658142,0.5957528044175052,0.3177606037303495,-1.2198792982327176,4.40473962274059,-3.1835991980832614
98.30000000000001,-64.999028548895,0.05294072899885429,0.595753781825858,0.31776029042393866,-1.2198655804459186,4.404710791403024,-3.183608564668499
98.325,-64.99905916009888,0.052940500743397866,0.595754759538309,0.3177599763843607,-1.2198521287052624,4.404682143716825,-3.183617748029664
98.35,-64.9990891630997,0.05294027640744999,0.5957557374914864,0.31775966165764435,-1.2198389420205067,4.404653681298477,-3.183626748929909
98.375,-64.999118560487,0.05294005597791755,0.5957567156224672,0.31775934628942815,-1.2198260193800765,4.404625405725994,-3.1836355681461015
98.4,-64.99914735489527,0.05293983944138142,0.5957576938687812,0.31775903032495917,-1.219813359751404,4.404597318539158,-3.183644206468581
98.42500000000001,-64.99917554900314,0.05293962678410145,0.5957586721684135,0.31775871380909154,-1.219800962081273,4.4045694212396915,-3.183652664700942
98.45,-64.99920314553266,0.052939417992021204,0.5957596504598082,0.31775839678628526,-1.2197888252961409,4.404541715291499,-3.183660943659798
98.475,-64.99923014724851,0.05293921305077308,0.5957606286818711,0.3177580793006049,-1.2197769483024912,4.404514202120861,-3.183669044174553
98.5,-64.99925655695728,0.05293901194568293,0.5957616067739728,0.31775776139571865,-1.2197653299871505,4.404486883116664,-3.183676967087183
98.525,-64.99928237750665,0.052938814661775004,0.5957625846759518,0.317757443114897,-1.219753969217626,4.404459759630614,-3.1836847132519934
98.55000000000001,-64.99930761178467,0.05293862118377674,0.5957635623281169,0.31775712450101185,-1.2197428648424335,4.404432832977464,-3.1836922835354016
98.575,-64.99933226271905,0.0529384314961237,0.5957645396712502,0.3177568055965354,-1.2197320156914355,4.4044061044352265,-3.183699678815715
98.6,-64.99935633327634,0.05293824558296423,0.5957655166466097,0.3177564864435395,-1.219721420576159,4.404379575245409,-3.1837068999829015
98.625,-64.99937982646122,0.05293806342816432,0.5957664931959317,0.3177561670836945,-1.219711078290128,4.40435324661324,-3.1837139479383665
98.65,-64.99940274531576,0.052937885015312526,0.5957674692614333,0.3177558475582685,-1.219700987609198,4.404327119707896,-3.1837208235947285
98.67500000000001,-64.9994250929187,0.052937710327724326,0.5957684447858151,0.31775552790812683,-1.2196911472918563,4.404301195662725,-3.1837275278756096
98.7,-64.99944687238465,0.0529375393484472,0.595769419712263,0.31775520817373104,-1.219681556079565,4.404275475575499,-3.1837340617153953
98.725,-64.99946808686346,0.052937372060265234,0.5957703939844509,0.3177548883951384,-1.2196722126970772,4.404249960508622,-3.1837404260590376
98.75,-64.99948873953937,0.052937208445703904,0.5957713675465421,0.3177545686120013,-1.2196631158527602,4.404224651489398,-3.1837466218618116
98.775,-64.99950883363041,0.052937048487034705,0.5957723403431924,0.3177542488635668,-1.2196542642389148,4.4041995495102375,-3.1837526500891244
98.80000000000001,-64.99952837238759,0.052936892166279705,0.595773312319551,0.317753929188676,-1.21964565653208,4.404174655528924,-3.183758511716276
98.825,-64.9995473590942,0.05293673946521646,0.5957742834212634,0.31775360962576377,-1.2196372913933717,4.404149970468837,-3.183764207728258
98.85,-64.9995657970651,0.05293659036538238,0.5957752535944724,0.31775329021285814,-1.219629167468777,4.404125495219209,-3.1837697391195303
98.875,-64.99958368964606,0.05293644484807947,0.5957762227858202,0.31775297098758026,-1.2196212833894748,4.404101230635357,-3.1837751068938176
98.9,-64.99960104021297,0.05293630289437902,0.5957771909424501,0.317752651987144,-1.21961363777216,4.404077177538939,-3.1837803120638895
98.92500000000001,-64.99961785217117,0.052936164485125926,0.595778158012008,0.3177523332483555,-1.2196062292193286,4.404053336718193,-3.183785355651351
98.95,-64.99963412895477,0.05293602960094342,0.5957791239426438,0.3177520148076135,-1.2195990563196055,4.404029708928201,-3.18379023868643
98.975,-64.99964987402593,0.05293589822223755,0.595780088683013,0.31775169670090875,-1.2195921176480433,4.404006294891113,-3.18379496220778
99.0,-64.9996650908742,0.05293577032920173,0.5957810521822781,0.3177513789638242,-1.2195854117664342,4.403983095296425,-3.1837995272622606
99.025,-64.99967978301576,0.05293564590182117,0.5957820143901095,0.3177510616315348,-1.219578937223607,4.403960110801219,-3.1838039349047293
99.05000000000001,-64.99969395399283,0.05293552491987743,0.5957829752566872,0.3177507447388077,-1.2195726925557364,4.403937342030414,-3.1838081861978496
99.075,-64.99970760737293,0.05293540736295276,0.5957839347327017,0.31775042832000217,-1.219566676286638,4.403914789577026,-3.1838122822118775
99.1,-64.99972074674818,0.05293529321043452,0.595784892769355,0.3177501124090698,-1.219560886928063,4.403892454002435,-3.1838162240244543
99.125,-64.99973337573472,0.0529351824415198,0.5957858493183615,0.31774979703955464,-1.2195553229800167,4.403870335836615,-3.183820012720416
99.15,-64.99974549797194,0.0529350750352194,0.5957868043319495,0.31774948224459343,-1.2195499829310203,4.403848435578423,-3.183823649391583
99.17500000000001,-64.9997571171219,0.05293497097036265,0.5957877577628612,0.3177491680569158,-1.2195448652584415,4.4038267536958315,-3.1838271351365703
99.2,-64.99976823686859,0.052934870225601324,0.595788709564354,0.3177488545088446,-1.2195399684287556,4.403805290626217,-3.1838304710605767
99.225,-64.99977886091735,0.05293477277941427,0.5957896596902013,0.3177485416322963,-1.2195352908978592,4.403784046776587,-3.1838336582752036
99.25,-64.99978899299414,0.05293467861011144,0.5957906080946925,0.3177482294587814,-1.2195308311113413,4.40376302252388,-3.183836697898242
99.275,-64.999798636845,0.052934587695838316,0.5957915547326346,0.3177479180194046,-1.2195265875047807,4.403742218215191,-3.1838395910535
99.30000000000001,-64.99980779623529,0.052934500014580124,0.5957924995593514,0.3177476073448656,-1.2195225585040317,4.403721634168063,-3.183842338870586
99.325,-64.9998164749491,0.05293441554416594,0.5957934425306852,0.3177472974654595,-1.2195187425254976,4.403701270670747,-3.1838449424847295
99.35,-64.99982467678866,0.05293433426227302,0.5957943836029964,0.31774698841107724,-1.219515137976425,4.403681127982446,-3.1838474030365984
99.375,-64.99983240557364,0.05293425614643088,0.5957953227331639,0.3177466802112065,-1.2195117432551752,4.403661206333616,-3.1838497216720922
99.4,-64.99983966514056,0.05293418117402543,0.5957962598785856,0.317746372894932,-1.2195085567515045,4.403641505926199,-3.1838518995421663
99.42500000000001,-64.99984645934215,0.05293410932230316,0.5957971949971783,0.3177460664909364,-1.2195055768468437,4.403622026933906,-3.1838539378026454
99.45,-64.99985279204677,0.052934040568375036,0.595798128047378,0.31774576102750096,-1.2195028019145597,4.403602769502493,-3.1838558376140296
99.475,-64.99985866713773,0.05293397488922078,0.5957990589881397,0.31774545653250635,-1.219500230320244,4.403583733750014,-3.1838576001413186
99.5,-64.99986408851277,0.05293391226169281,0.5957999877789376,0.31774515303343337,-1.219497860421975,4.403564919767093,-3.1838592265538295
99.525,-64.99986906008337,0.05293385266252022,0.595800914379765,0.31774485055736384,-1.2194956905705865,4.403546327617196,-3.1838607180250107
99.55000000000001,-64.99987358577421,0.052933796068312756,0.5958018387511342,0.31774454913098155,-1.2194937191099329,4.403527957336909,-3.183862075732263
99.575,-64.99987766952256,0.052933742455564876,0.595802760854076,0.317744248780573,-1.2194919443771617,4.403509808936187,-3.183863300856768
99.6,-64.99988131527768,0.05293369180065948,0.5958036806501398,0.3177439495320285,-1.2194903647029633,4.40349188239864,-3.1838643945833027
99.625,-64.99988452700025,0.05293364407987213,0.5958045981013931,0.3177436514108432,-1.2194889784118532,4.403474177681801,-3.183865358100074
99.65,-64.99988730866176,0.05293359926937444,0.5958055131704211,0.31774335444211793,-1.2194877838223972,4.403456694717398,-3.183866192598526
99.67500000000001,-64.99988966424398,0.05293355734523844,0.5958064258203262,0.31774305865056046,-1.2194867792475061,4.4034394334116165,-3.1838668992731938
99.7,-64.99989159773835,0.05293351828343999,0.5958073360147279,0.3177427640604865,-1.2194859629946615,4.403422393645387,-3.1838674793215063
99.725,-64.99989311314543,0.052933482059862765,0.5958082437177618,0.3177424706958209,-1.2194853333661804,4.403405575274647,-3.1838679339436298
99.75,-64.99989421447434,0.052933448650301966,0.5958091488940789,0.3177421785800986,-1.2194848886594682,4.403388978130601,-3.1838682643423013
99.775,-64.9998949057422,0.05293341803046818,0.5958100515088456,0.3177418877364662,-1.2194846271672708,4.403372602020009,-3.183868471722658
99.80000000000001,-64.99989519097356,0.05293339017599083,0.5958109515277423,0.31774159818768294,-1.2194845471779074,4.403356446725458,-3.183868557292068
99.825,-64.99989507419988,0.05293336506242197,0.595811848916963,0.31774130995612193,-1.2194846469755223,4.403340512005629,-3.183868522259965
99.85,-64.99989455945901,0.05293334266524007,0.5958127436432145,0.31774102306377167,-1.219484924840338,4.403324797595559,-3.1838683678377024
99.875,-64.99989365079456,0.05293332295985345,0.5958136356737148,0.3177407375322372,-1.2194853790488829,4.403309303206934,-3.1838680952383682
99.9,-64.99989235225546,0.05293330592160389,0.5958145249761935,0.3177404533827415,-1.2194860078742313,4.403294028528345,-3.183867705676637
99.92500000000001,-64.9998906678954,0.052933291525770323,0.5958154115188895,0.317740170636127,-1.2194868095862514,4.403278973225561,-3.1838672003686197
99.95,-64.99988860177228,0.052933279747572205,0.5958162952705508,0.31773988931285685,-1.2194877824518258,4.403264136941816,-3.183866580531685
99.975,-64.99988615794776,0.05293327056217313,0.5958171762004331,0.3177396094330165,-1.2194889247350942,4.403249519298055,-3.1838658473843267
100.0,-64.99988334048665,0.052933263944684165,0.5958180542782986,0.31773933101631496,-1.2194902346976737,4.403235119893221,-3.183865002145994
