time_ms,voltage_mV,m,h,n
0.0,-65.0,0.05293248525724958,0.5961207535084603,0.3176769140606974
0.025,-64.99989527857984,0.052932518669494014,0.5961207481233313,0.3176769177400438
0.05,-64.99979221460742,0.05293261369274779,0.5961207321044043,0.3176769286768136
0.07500000000000001,-64.99969069132979,0.0529327631547498,0.5961207056466119,0.31767694672598157
0.1,-64.99959060535488,0.05293296067069432,0.596120668933047,0.3176769717508823
0.125,-64.99949186516452,0.052933200556436376,0.5961206221362894,0.3176770036222893
0.15000000000000002,-64.99939438979163,0.05293347775127326,0.5961205654195839,0.3176770422175971
0.17500000000000002,-64.9992981076437,0.052933787749245266,0.5961204989378885,0.31767708742009443
0.2,-64.99920295545594,0.05293412653801618,0.5961204228388044,0.3176771391183179
0.225,-64.99910887736034,0.05293449054449622,0.5961203372634023,0.31767719720547877
0.25,-64.99901582405735,0.05293487658646422,0.5961202423469573,0.31767726157895265
0.275,-64.99892375207914,0.05293528182952664,0.5961201382195996,0.31767733213982746
0.30000000000000004,-64.99883262313419,0.05293570374882464,0.596120025006894,0.31767740879250106
0.325,-64.99874240352433,0.052936140094965466,0.5961199028303527,0.3176774914443249
0.35000000000000003,-64.99865306362612,0.05293658886371196,0.5961197718078913,0.31767758000528706
0.375,-64.9985645774296,0.052937048269015505,0.5961196320542329,0.3176776743877318
0.4,-64.99847692212795,0.052937516719023546,0.5961194836812663,0.3176777745061102
0.42500000000000004,-64.99839007775246,0.052937992794733574,0.5961193267983635,0.31767788027675914
0.45,-64.998304026848,0.05293847523100153,0.5961191615126614,0.31767799161770593
0.47500000000000003,-64.99821875418426,0.05293896289964499,0.5961189879293103,0.31767810844849464
0.5,-64.99813424649888,0.0529394547944097,0.596118806151695,0.31767823069003254
0.525,-64.9980504922691,0.05293995001759438,0.5961186162816293,0.3176783582644545
0.55,-64.99796748150867,0.05294044776815028,0.5961184184195287,0.3176784910950025
0.5750000000000001,-64.99788520558718,0.052940947331093384,0.5961182126645622,0.3176786291059196
0.6000000000000001,-64.99780365706947,0.05294144806808387,0.5961179991147866,0.31767877222235624
0.625,-64.99772282957274,0.05294194940904452,0.5961177778672649,0.31767892037028744
0.65,-64.99764271763962,0.05294245084470326,0.5961175490181709,0.3176790734764398
0.675,-64.99756331662527,0.05294295191995776,0.5961173126628797,0.3176792314682274
0.7000000000000001,-64.99748462259703,0.05294345222797164,0.5961170688960491,0.31767939427369535
0.7250000000000001,-64.99740663224514,0.05294395140492133,0.5961168178116895,0.31767956182147017
0.75,-64.9973293428036,0.05294444912532217,0.5961165595032255,0.3176797340407164
0.775,-64.99725275197953,0.05294494509786928,0.5961162940635503,0.31767991086109865
0.8,-64.99717685789075,0.052945439061737126,0.5961160215850714,0.3176800922127482
0.8250000000000001,-64.99710165901007,0.05294593078328636,0.5961157421597522,0.31768027802623433
0.8500000000000001,-64.99702715411595,0.052946420053133755,0.5961154558791466,0.3176804682325392
0.875,-64.99695334224863,0.052946906683544764,0.5961151628344294,0.3176806627630361
0.9,-64.9968802226712,0.0529473905061131,0.5961148631164223,0.3176808615494705
0.925,-64.99680779483505,0.05294787136969591,0.5961145568156152,0.31768106452394446
0.9500000000000001,-64.99673605834924,0.05294834913857612,0.5961142440221863,0.31768127161890247
0.9750000000000001,-64.99666501295327,0.052948823690827033,0.5961139248260163,0.31768148276712005
1.0,-64.99659465849305,0.052949294916856716,0.5961135993167027,0.3176816979016939
1.0250000000000001,-64.99652499489949,0.05294976271811254,0.596113267583569,0.3176819169560338
1.05,-64.99645602216964,0.05295022700592802,0.5961129297156744,0.3176821398638559
1.075,-64.99638774034992,0.052950687700496366,0.59611258580182,0.31768236655917714
1.1,-64.99632014952132,0.05295114472995675,0.5961122359305537,0.3176825969763112
1.125,-64.99625324978638,0.05295159802958078,0.5961118801901741,0.317682831049865
1.1500000000000001,-64.99618704125756,0.052952047541048125,0.5961115186687327,0.3176830687147364
1.175,-64.9961215240471,0.05295249321180177,0.5961111514540349,0.31768330990611243
1.2000000000000002,-64.99605669825809,0.05295293499447348,0.5961107786336406,0.31768355455946845
1.225,-64.99599256397646,0.0529533728463724,0.5961104002948633,0.3176838026105675
1.25,-64.99592912126417,0.05295380672902941,0.5961100165247688,0.31768405399546085
1.2750000000000001,-64.99586637015308,0.052954236607791166,0.5961096274101731,0.3176843086504882
1.3,-64.99580431063963,0.05295466245145834,0.5961092330376399,0.3176845665122788
1.3250000000000002,-64.99574294268021,0.05295508423196349,0.5961088334934769,0.31768482751775284
1.35,-64.99568226618712,0.05295550192408353,0.596108428863733,0.31768509160412317
1.375,-64.99562228102505,0.05295591550518359,0.5961080192341942,0.31768535870889675
1.4000000000000001,-64.99556298700809,0.05295632495498855,0.5961076046903786,0.31768562876987727
1.425,-64.99550438389704,0.05295673025537928,0.5961071853175326,0.31768590172516714
1.4500000000000002,-64.99544647139736,0.05295713139021065,0.596106761200626,0.31768617751316997
1.475,-64.99538924915709,0.052957528345149135,0.5961063324243467,0.31768645607259327
1.5,-64.99533271676535,0.05295792110752788,0.596105899073096,0.31768673734245106
1.5250000000000001,-64.99527687375101,0.05295830966621703,0.5961054612309828,0.31768702126206655
1.55,-64.99522171958164,0.05295869401150794,0.5961050189818188,0.3176873077710751
1.5750000000000002,-64.99516725366252,0.05295907413500944,0.5961045724091123,0.3176875968094272
1.6,-64.99511347533607,0.05295945002955524,0.5961041215960635,0.3176878883173913
1.625,-64.99506038388127,0.05295982168912061,0.5961036666255582,0.3176881822355568
1.6500000000000001,-64.99500797851326,0.05296018910874821,0.5961032075801629,0.31768847850483706
1.675,-64.99495625838314,0.052960552284481,0.5961027445421183,0.3176887770664724
1.7000000000000002,-64.99490522257783,0.052960911213302424,0.5961022775933343,0.31768907786203315
1.725,-64.99485487012005,0.0529612658930823,0.5961018068153843,0.31768938083342263
1.75,-64.99480519996838,0.05296161632252841,0.5961013322894994,0.31768968592288
1.7750000000000001,-64.99475621101743,0.05296196250114258,0.5961008540965629,0.31768999307298335
1.8,-64.99470790209801,0.05296230442918126,0.5961003723171051,0.3176903022266527
1.8250000000000002,-64.99466027197754,0.05296264210761985,0.596099887031297,0.31769061332715254
1.85,-64.99461331936023,0.052962975538120405,0.5960993983189459,0.31769092631809526
1.875,-64.99456704288761,0.05296330472300219,0.5960989062594891,0.31769124114344344
1.9000000000000001,-64.99452144113897,0.0529636296652151,0.5960984109319891,0.317691557747513
1.925,-64.99447651263173,0.05296395036831545,0.596097912415128,0.3176918760749757
1.9500000000000002,-64.99443225582213,0.05296426683644378,0.5960974107872026,0.3176921960708618
1.975,-64.9943886691056,0.05296457907430452,0.596096906126119,0.31769251768056306
2.0,-64.99434575081747,0.05296488708714757,0.5960963985093879,0.31769284084983496
2.025,-64.99430349923354,0.05296519088075104,0.5960958880141193,0.3176931655247993
2.0500000000000003,-64.99426191257069,0.052965490461405536,0.5960953747170173,0.3176934916519468
2.075,-64.99422098898755,0.05296578583589964,0.5960948586943763,0.31769381917813944
2.1,-64.99418072658511,0.052966077011506234,0.5960943400220752,0.3176941480506128
2.125,-64.99414112340749,0.0529663639959701,0.5960938187755731,0.31769447821697844
2.15,-64.99410217744251,0.05296664679749599,0.596093295029905,0.3176948096252261
2.1750000000000003,-64.99406388662251,0.052966925424737694,0.596092768859677,0.31769514222372597
2.2,-64.99402624882498,0.05296719988678761,0.5960922403390618,0.31769547596123066
2.225,-64.9939892618733,0.05296747019316706,0.5960917095417948,0.31769581078687736
2.25,-64.99395292353748,0.05296773635381698,0.5960911765411694,0.31769614665018997
2.275,-64.99391723153491,0.052967998379089234,0.596090641410033,0.3176964835010808
2.3000000000000003,-64.99388218353103,0.05296825627973812,0.5960901042207832,0.31769682128985277
2.325,-64.99384777714015,0.05296851006691254,0.5960895650453637,0.3176971599672009
2.35,-64.99381400992614,0.052968759752148355,0.59608902395526,0.3176974994842143
2.375,-64.99378087940322,0.052969005347360834,0.5960884810214961,0.3176978397923778
2.4000000000000004,-64.99374838303667,0.052969246864837775,0.5960879363146309,0.31769818084357376
2.4250000000000003,-64.99371651824366,0.05296948431723261,0.5960873899047537,0.31769852259008335
2.45,-64.99368528239388,0.05296971771755775,0.5960868418614821,0.3176988649845883
2.475,-64.99365467281042,0.05296994707917811,0.5960862922539569,0.3176992079801724
2.5,-64.99362468677046,0.05297017241580492,0.5960857411508402,0.3176995515303227
2.5250000000000004,-64.99359532150604,0.0529703937414896,0.5960851886203112,0.317699895588931
2.5500000000000003,-64.99356657420479,0.052970611070617735,0.5960846347300636,0.31770024011029524
2.575,-64.99353844201077,0.052970824417903205,0.5960840795473019,0.3177005850491204
2.6,-64.99351092202512,0.05297103379838262,0.5960835231387389,0.31770093036052016
2.625,-64.99348401130688,0.052971239227409456,0.5960829655705926,0.3177012760000174
2.6500000000000004,-64.9934577068737,0.052971440720648626,0.5960824069085834,0.3177016219235459
2.6750000000000003,-64.99343200570264,0.05297163829407105,0.5960818472179313,0.3177019680874509
2.7,-64.99340690473088,0.052971831963948245,0.5960812865633534,0.31770231444849006
2.725,-64.99338240085645,0.05297202174684698,0.5960807250090606,0.31770266096383465
2.75,-64.99335849093904,0.052972207659624126,0.5960801626187565,0.3177030075910701
2.7750000000000004,-64.99333517180071,0.05297238971942132,0.5960795994556335,0.31770335428819685
2.8000000000000003,-64.99331244022657,0.052972567943659954,0.5960790355823714,0.31770370101363105
2.825,-64.99329029296565,0.052972742350036094,0.5960784710611349,0.31770404772620536
2.85,-64.9932687267315,0.052972912956515406,0.5960779059535714,0.31770439438516934
2.875,-64.993247738203,0.052973079781328154,0.5960773403208087,0.31770474095019
2.9000000000000004,-64.99322732402504,0.052973242842964285,0.5960767742234537,0.31770508738135267
2.9250000000000003,-64.99320748080933,0.052973402160168534,0.5960762077215896,0.31770543363916093
2.95,-64.99318820513504,0.05297355775193551,0.5960756408747746,0.3177057796845374
2.975,-64.99316949354954,0.05297370963750488,0.59607507374204,0.3177061254788239
3.0,-64.99315134256915,0.052973857836356636,0.5960745063818886,0.3177064709837817
3.0250000000000004,-64.9931337486798,0.052974002368206166,0.596073938852293,0.3177068161615919
3.0500000000000003,-64.99311670833777,0.05297414325299967,0.5960733712106937,0.31770716097485563
3.075,-64.99310021797042,0.05297428051090936,0.5960728035139987,0.31770750538659387
3.1,-64.99308427397686,0.05297441416232893,0.5960722358185809,0.31770784936024793
3.125,-64.99306887272867,0.05297454422786861,0.5960716681802777,0.31770819285967933
3.1500000000000004,-64.99305401057056,0.05297467072835088,0.5960711006543892,0.3177085358491697
3.1750000000000003,-64.99303968382112,0.052974793684805704,0.5960705332956774,0.3177088782934208
3.2,-64.99302588877346,0.05297491311846595,0.5960699661583653,0.3177092201575545
3.225,-64.9930126216959,0.052975029050762845,0.596069399296135,0.3177095614071123
3.25,-64.99299987883269,0.05297514150332154,0.596068832762128,0.3177099020080557
3.2750000000000004,-64.99298765640465,0.05297525049795663,0.5960682666089433,0.31771024192676534
3.3000000000000003,-64.99297595060985,0.05297535605666756,0.5960677008886374,0.317710581130041
3.325,-64.99296475762428,0.05297545820163436,0.5960671356527231,0.3177109195851014
3.35,-64.99295407360252,0.05297555695521304,0.5960665709521688,0.3177112572595833
3.375,-64.9929438946784,0.052975652339931414,0.5960660068373984,0.3177115941215417
3.4000000000000004,-64.99293421696566,0.052975744378484554,0.5960654433582907,0.31771193013944893
3.4250000000000003,-64.99292503655862,0.05297583309373061,0.5960648805641783,0.31771226528219426
3.45,-64.99291634953275,0.05297591850868643,0.5960643185038481,0.3177125995190834
3.475,-64.99290815194543,0.05297600064652324,0.5960637572255407,0.3177129328198378
3.5,-64.9929004398365,0.05297607953056248,0.5960631967769497,0.3177132651545939
3.5250000000000004,-64.99289320922895,0.05297615518427149,0.5960626372052225,0.31771359649390274
3.5500000000000003,-64.99288645612951,0.052976227631259344,0.5960620785569591,0.317713926808729
3.575,-64.9928801765293,0.05297629689527271,0.5960615208782132,0.3177142560704503
3.6,-64.99287436640446,0.05297636300019164,0.5960609642144911,0.31771458425085625
3.625,-64.99286902171677,0.052976425970025415,0.5960604086107525,0.31771491132214785
3.6500000000000004,-64.99286413841422,0.05297648582890851,0.5960598541114108,0.31771523725693646
3.6750000000000003,-64.99285971243167,0.05297654260109654,0.5960593007603326,0.3177155620282427
3.7,-64.99285573969144,0.05297659631096222,0.5960587486008387,0.3177158856094959
3.725,-64.9928522161039,0.05297664698299121,0.5960581976757042,0.31771620797453254
3.75,-64.99284913756807,0.05297669464177826,0.5960576480271585,0.31771652909759585
3.7750000000000004,-64.99284649997223,0.052976739312023215,0.5960570996968865,0.3177168489533341
3.8000000000000003,-64.99284429919447,0.05297678101852707,0.5960565527260282,0.3177171675167999
3.825,-64.9928425311033,0.05297681978618806,0.5960560071551805,0.3177174847634489
3.85,-64.99284119155824,0.05297685563999778,0.5960554630243966,0.3177178006691386
3.875,-64.99284027641033,0.05297688860503734,0.5960549203731875,0.3177181152101271
3.9000000000000004,-64.9928397815028,0.05297691870647355,0.5960543792405226,0.31771842836307196
3.9250000000000003,-64.99283970267149,0.052976945969555066,0.59605383966483,0.3177187401050287
3.95,-64.99284003574556,0.05297697041960871,0.5960533016839983,0.3177190504134497
3.975,-64.99284077654796,0.05297699208203566,0.5960527653353764,0.31771935926618283
4.0,-64.99284192089601,0.05297701098230768,0.5960522306557757,0.3177196666414697
4.025,-64.99284346460188,0.05297702714596362,0.5960516976814701,0.31771997251794476
4.05,-64.99284540347321,0.05297704059860564,0.5960511664481974,0.31772027687463344
4.075,-64.99284773331362,0.05297705136589559,0.5960506369911608,0.3177205796909509
4.1000000000000005,-64.99285044992322,0.052977059473551406,0.5960501093450294,0.31772088094670037
4.125,-64.99285354909915,0.052977064947343555,0.5960495835439401,0.3177211806220717
4.15,-64.99285702663609,0.0529770678130916,0.5960490596214985,0.3177214786976398
4.175,-64.99286087832678,0.052977068096660515,0.5960485376107802,0.3177217751543628
4.2,-64.99286509996254,0.05297706582395728,0.5960480175443326,0.3177220699735807
4.2250000000000005,-64.99286968733378,0.05297706102092749,0.5960474994541757,0.31772236313701374
4.25,-64.99287463623047,0.05297705371355188,0.5960469833718041,0.31772265462676036
4.275,-64.99287994244264,0.05297704392784296,0.596046469328188,0.3177229444252958
4.3,-64.9928856017609,0.0529770316898416,0.5960459573537756,0.3177232325154703
4.325,-64.99289160997694,0.05297701702561377,0.5960454474784938,0.31772351888050715
4.3500000000000005,-64.99289796288392,0.05297699996124722,0.5960449397317504,0.31772380350400115
4.375,-64.99290465627702,0.05297698052284818,0.5960444341424358,0.31772408636991656
4.4,-64.99291168595393,0.05297695873653817,0.5960439307389243,0.31772436746258553
4.425,-64.99291904771523,0.052976934628450795,0.5960434295490763,0.317724646766706
4.45,-64.99292673736495,0.05297690822472851,0.5960429306002403,0.31772492426733967
4.4750000000000005,-64.99293475071096,0.05297687955151954,0.5960424339192542,0.31772519994991055
4.5,-64.99294308356541,0.05297684863497474,0.5960419395324476,0.31772547380020266
4.525,-64.99295173174524,0.052976815501244494,0.5960414474656437,0.31772574580435814
4.55,-64.99296069107258,0.052976780176475634,0.5960409577441613,0.3177260159488753
4.575,-64.99296995737518,0.05297674268680851,0.5960404703928167,0.3177262842206065
4.6000000000000005,-64.99297952648686,0.052976703058373854,0.596039985435926,0.3177265506067565
4.625,-64.99298939424791,0.05297666131729003,0.5960395028973068,0.31772681509487977
4.65,-64.99299955650555,0.052976617489659907,0.596039022800281,0.31772707767287905
4.675,-64.9930100091143,0.05297657160156807,0.5960385451676765,0.3177273383290029
4.7,-64.99302074793643,0.052976523679077875,0.5960380700218294,0.31772759705184367
4.7250000000000005,-64.99303176884233,0.05297647374822868,0.5960375973845865,0.3177278538303353
4.75,-64.99304306771094,0.05297642183503299,0.5960371272773074,0.3177281086537515
4.775,-64.99305464043016,0.05297636796547378,0.5960366597208671,0.31772836151170314
4.800000000000001,-64.99306648289718,0.05297631216550159,0.5960361947356577,0.31772861239413636
4.825,-64.99307859101894,0.05297625446103193,0.5960357323415919,0.3177288612913302
4.8500000000000005,-64.99309096071244,0.052976194877942556,0.5960352725581042,0.3177291081938947
4.875,-64.99310358790517,0.05297613344207087,0.5960348154041544,0.31772935309276823
4.9,-64.99311646853545,0.05297607017921118,0.5960343608982291,0.31772959597921546
4.925000000000001,-64.9931295985528,0.05297600511511229,0.5960339090583453,0.3177298368448252
4.95,-64.99314297391832,0.05297593827547476,0.5960334599020519,0.3177300756815079
4.9750000000000005,-64.99315659060503,0.05297586968594855,0.5960330134464329,0.3177303124814935
5.0,-64.99317044459822,0.05297579937213041,0.59603256970811,0.31773054723732924
5.025,-64.9931845318958,0.0529757273595614,0.596032128703245,0.31773077994187693
5.050000000000001,-64.99319884850865,0.05297565367372461,0.5960316904475425,0.317731010588311
5.075,-64.99321339046094,0.05297557834004256,0.5960312549562525,0.31773123917011603
5.1000000000000005,-64.99322815379045,0.05297550138387499,0.5960308222441737,0.3177314656810844
5.125,-64.99324313454898,0.05297542283051645,0.5960303923256554,0.3177316901153138
5.15,-64.99325832880251,0.052975342705193926,0.5960299652146007,0.3177319124672051
5.175000000000001,-64.9932737326317,0.05297526103306476,0.5960295409244695,0.31773213273145967
5.2,-64.99328934213206,0.052975177839214196,0.5960291194682807,0.3177323509030772
5.2250000000000005,-64.99330515341434,0.05297509314865334,0.5960287008586157,0.3177325669773531
5.25,-64.9933211626048,0.05297500698631676,0.5960282851076207,0.31773278094987617
5.275,-64.9933373658455,0.05297491937706057,0.59602787222701,0.31773299281652617
5.300000000000001,-64.99335375929464,0.05297483034566013,0.5960274622280688,0.31773320257347143
5.325,-64.99337033912674,0.0529747399168081,0.5960270551216558,0.31773341021716617
5.3500000000000005,-64.99338710153306,0.05297464811511223,0.5960266509182065,0.3177336157443482
5.375,-64.9934040427218,0.052974554965093366,0.5960262496277363,0.3177338191520365
5.4,-64.99342115891838,0.05297446049118359,0.596025851259843,0.31773402043752863
5.425000000000001,-64.9934384463657,0.052974364717724105,0.5960254558237101,0.31773421959839826
5.45,-64.99345590132442,0.052974267668963286,0.5960250633281101,0.3177344166324927
5.4750000000000005,-64.99347352007325,0.052974169369054885,0.5960246737814068,0.31773461153793026
5.5,-64.99349129890913,0.052974069842056076,0.5960242871915591,0.31773480431309803
5.525,-64.99350923414755,0.05297396911192564,0.5960239035661236,0.31773499495664914
5.550000000000001,-64.99352732212276,0.052973867202522014,0.5960235229122578,0.3177351834675003
5.575,-64.99354555918802,0.05297376413760173,0.5960231452367234,0.31773536984482925
5.6000000000000005,-64.99356394171583,0.05297365994081754,0.5960227705458893,0.3177355540880722
5.625,-64.99358246609815,0.05297355463571655,0.5960223988457345,0.3177357361969213
5.65,-64.99360112874665,0.052973448245738845,0.5960220301418518,0.31773591617132224
5.675000000000001,-64.99361992609293,0.05297334079421551,0.5960216644394506,0.3177360940114716
5.7,-64.99363885458874,0.05297323230436713,0.5960213017433598,0.3177362697178142
5.7250000000000005,-64.99365791070615,0.05297312279930217,0.5960209420580316,0.31773644329104067
5.75,-64.99367709093782,0.05297301230201543,0.5960205853875443,0.31773661473208487
5.775,-64.99369639179716,0.05297290083538644,0.5960202317356057,0.3177367840421213
5.800000000000001,-64.99371580981854,0.052972788422177855,0.5960198811055561,0.31773695122256257
5.825,-64.99373534155752,0.05297267508503419,0.5960195335003721,0.3177371162750569
5.8500000000000005,-64.99375498359097,0.05297256084648011,0.5960191889226689,0.31773727920148537
5.875,-64.99377473251734,0.05297244572891916,0.5960188473747045,0.31773744000395954
5.9,-64.99379458495676,0.05297232975463222,0.5960185088583824,0.31773759868481877
5.925000000000001,-64.99381453755127,0.0529722129457763,0.5960181733752551,0.31773775524662773
5.95,-64.993834586965,0.05297209532438309,0.5960178409265273,0.31773790969217375
5.9750000000000005,-64.99385472988426,0.05297197691235757,0.5960175115130594,0.31773806202446425
6.0,-64.99387496301783,0.0529718577314768,0.5960171851353703,0.3177382122467243
6.025,-64.993895283097,0.052971737803388735,0.5960168617936411,0.31773836036239395
6.050000000000001,-64.99391568687581,0.052971617149610795,0.5960165414877187,0.3177385063751255
6.075,-64.99393617113115,0.052971495791528767,0.5960162242171183,0.31773865028878134
6.1000000000000005,-64.99395673266295,0.05297137375039568,0.5960159099810274,0.31773879210743106
6.125,-64.99397736829428,0.05297125104733046,0.596015598778309,0.3177389318353489
6.15,-64.9939980748715,0.05297112770331699,0.5960152906075047,0.31773906947701125
6.175000000000001,-64.99401884926442,0.05297100373920298,0.5960149854668382,0.3177392050370942
6.2,-64.99403968836643,0.052970879175698767,0.5960146833542188,0.31773933852047076
6.2250000000000005,-64.99406058909457,0.052970754033376415,0.5960143842672444,0.3177394699322086
6.25,-64.99408154838976,0.052970628332668614,0.596014088203205,0.3177395992775671
6.275,-64.99410256321679,0.0529705020938677,0.5960137951590863,0.31773972656199523
6.300000000000001,-64.99412363056452,0.05297037533712469,0.5960135051315725,0.31773985179112857
6.325,-64.99414474744599,0.05297024808244835,0.5960132181170503,0.31773997497078715
6.3500000000000005,-64.99416591089847,0.052970120349704324,0.5960129341116119,0.31774009610697274
6.375,-64.99418711798364,0.05296999215861411,0.5960126531110583,0.31774021520586626
6.4,-64.9942083657876,0.05296986352875434,0.5960123751109028,0.3177403322738253
6.425000000000001,-64.99422965142107,0.05296973447955589,0.5960121001063743,0.31774044731738177
6.45,-64.99425097201937,0.05296960503030311,0.5960118280924207,0.317740560343239
6.4750000000000005,-64.9942723247426,0.05296947520013289,0.5960115590637123,0.31774067135826956
6.5,-64.99429370677566,0.05296934500803408,0.5960112930146448,0.3177407803695127
6.525,-64.99431511532838,0.05296921447284665,0.5960110299393435,0.31774088738417167
6.550000000000001,-64.99433654763554,0.05296908361326107,0.5960107698316657,0.31774099240961146
6.575,-64.99435800095702,0.05296895244781747,0.5960105126852044,0.317741095453356
6.6000000000000005,-64.99437947257779,0.05296882099490516,0.596010258493292,0.317741196523086
6.625,-64.99440095980799,0.05296868927276187,0.5960100072490032,0.31774129562663633
6.65,-64.99442245998307,0.052968557299473196,0.5960097589451583,0.3177413927719936
6.675000000000001,-64.99444397046375,0.05296842509297196,0.596009513574327,0.31774148796729346
6.7,-64.9944654886361,0.05296829267103765,0.5960092711288314,0.31774158122081847
6.7250000000000005,-64.99448701191164,0.052968160051296,0.5960090316007493,0.3177416725409954
6.75,-64.99450853772734,0.052968027251218276,0.5960087949819175,0.3177417619363931
6.775,-64.99453006354565,0.05296789428812093,0.5960085612639358,0.31774184941571965
6.800000000000001,-64.99455158685458,0.05296776117916508,0.596008330438169,0.3177419349878203
6.825,-64.99457310516775,0.052967627941356114,0.5960081024957515,0.31774201866167484
6.8500000000000005,-64.99459461602436,0.05296749459154314,0.5960078774275899,0.3177421004463953
6.875,-64.99461611698926,0.052967361146418625,0.5960076552243663,0.3177421803512233
6.9,-64.99463760565303,0.05296722762251818,0.5960074358765419,0.31774225838552816
6.925000000000001,-64.99465907963186,0.052967094036220005,0.5960072193743603,0.31774233455880413
6.95,-64.99468053656773,0.052966960403744615,0.5960070057078501,0.31774240888066796
6.9750000000000005,-64.99470197412832,0.0529668267411545,0.5960067948668294,0.3177424813608568
7.0,-64.99472339000705,0.052966693064354,0.5960065868409077,0.31774255200922585
7.025,-64.99474478192316,0.052966559389088716,0.59600638161949,0.3177426208357456
7.050000000000001,-64.9947661476216,0.05296642573094559,0.59600617919178,0.3177426878505001
7.075,-64.99478748487311,0.05296629210535248,0.5960059795467828,0.31774275306368416
7.1000000000000005,-64.99480879147421,0.05296615852757804,0.596005782673309,0.31774281648560126
7.125,-64.99483006524721,0.052966025012731406,0.5960055885599768,0.31774287812666124
7.15,-64.99485130404017,0.052965891575762244,0.5960053971952163,0.31774293799737796
7.175000000000001,-64.9948725057269,0.052965758231460464,0.5960052085672719,0.31774299610836687
7.2,-64.994893668207,0.052965624994456076,0.5960050226642061,0.3177430524703431
7.2250000000000005,-64.99491478940577,0.05296549187921914,0.596004839473902,0.317743107094119
7.25,-64.99493586727426,0.052965358900059704,0.5960046589840671,0.31774315999060176
7.275,-64.99495689978922,0.052965226071127705,0.596004481182236,0.31774321117079135
7.300000000000001,-64.99497788495304,0.052965093406412866,0.5960043060557738,0.31774326064577835
7.325,-64.99499882079385,0.05296496091974483,0.5960041335918793,0.31774330842674153
7.3500000000000005,-64.99501970536534,0.05296482862479296,0.5960039637775877,0.31774335452494584
7.375,-64.99504053674681,0.052964696535066524,0.5960037965997741,0.3177433989517401
7.4,-64.99506131304317,0.052964564663914575,0.5960036320451565,0.3177434417185549
7.425000000000001,-64.9950820323848,0.052964433024526116,0.5960034701002989,0.31774348283690035
7.45,-64.99510269292763,0.052964301629930134,0.5960033107516142,0.3177435223183641
7.4750000000000005,-64.99512329285301,0.05296417049299563,0.5960031539853674,0.317743560174609
7.5,-64.9951438303677,0.05296403962643181,0.5960029997876787,0.31774359641737104
7.525,-64.99516430370382,0.05296390904278813,0.5960028481445263,0.3177436310584573
7.550000000000001,-64.99518471111884,0.05296377875445452,0.5960026990417496,0.3177436641097439
7.575,-64.99520505089544,0.05296364877366145,0.5960025524650523,0.3177436955831738
7.6000000000000005,-64.99522532134156,0.05296351911248014,0.5960024084000051,0.3177437254907545
7.625,-64.99524552079026,0.05296338978282278,0.5960022668320487,0.3177437538445566
7.65,-64.99526564759974,0.05296326079644271,0.5960021277464974,0.31774378065671116
7.675000000000001,-64.99528570015316,0.052963132164934625,0.5960019911285408,0.317743805939408
7.7,-64.99530567685873,0.05296300389973489,0.596001856963248,0.31774382970489345
7.7250000000000005,-64.99532557614953,0.0529628760121217,0.5960017252355697,0.31774385196546856
7.75,-64.99534539648349,0.05296274851321538,0.5960015959303414,0.31774387273348703
7.775,-64.99536513634331,0.05296262141397877,0.5960014690322862,0.3177438920213532
7.800000000000001,-64.9953847942364,0.05296249472521735,0.5960013445260178,0.3177439098415201
7.825,-64.99540436869478,0.05296236845757976,0.5960012223960433,0.31774392620648745
7.8500000000000005,-64.99542385827502,0.05296224262155789,0.5960011026267658,0.31774394112879983
7.875,-64.99544326155817,0.05296211722748751,0.5960009852024873,0.3177439546210447
7.9,-64.99546257714964,0.052961992285548466,0.5960008701074122,0.31774396669585053
7.925000000000001,-64.9954818036792,0.0529618678057651,0.5960007573256488,0.31774397736588483
7.95,-64.9955009398008,0.052961743798006576,0.5960006468412132,0.31774398664385234
7.9750000000000005,-64.99551998419257,0.05296162027198741,0.5960005386380314,0.31774399454249314
8.0,-64.99553893555664,0.05296149723726782,0.5960004326999423,0.31774400107458084
8.025,-64.99555779261911,0.05296137470325411,0.5960003290107003,0.31774400625292065
8.05,-64.99557655412997,0.0529612526791993,0.5960002275539783,0.3177440100903477
8.075000000000001,-64.99559521886297,0.05296113117420337,0.5960001283133699,0.3177440125997251
8.1,-64.99561378561553,0.05296101019721385,0.5960000312723924,0.3177440137939422
8.125,-64.99563225320864,0.05296088975702635,0.5959999364144892,0.3177440136859129
8.15,-64.99565062048678,0.052960769862284963,0.5959998437230328,0.3177440122885737
8.175,-64.99566888631782,0.05296065052148289,0.5959997531813273,0.3177440096148822
8.200000000000001,-64.99568704959287,0.05296053174296282,0.5959996647726102,0.31774400567781513
8.225,-64.99570510922625,0.05296041353491761,0.5959995784800566,0.31774400049036683
8.25,-64.99572306415531,0.05296029590539079,0.5959994942867802,0.31774399406554743
8.275,-64.99574091334037,0.05296017886227705,0.5959994121758367,0.31774398641638124
8.3,-64.99575865576459,0.052960062413322975,0.5959993321302259,0.317743977555905
8.325000000000001,-64.99577629043387,0.05295994656612748,0.5959992541328946,0.31774396749716627
8.35,-64.99579381637672,0.052959831328142526,0.5959991781667385,0.31774395625322177
8.375,-64.99581123264414,0.05295971670667361,0.5959991042146054,0.3177439438371359
8.4,-64.99582853830958,0.05295960270888058,0.5959990322592972,0.3177439302619789
8.425,-64.9958457324687,0.052959489341778014,0.5959989622835721,0.31774391554082543
8.450000000000001,-64.99586281423935,0.052959376612236014,0.5959988942701474,0.31774389968675293
8.475,-64.9958797827614,0.052959264526980854,0.595998828201702,0.3177438827128401
8.5,-64.99589663719667,0.05295915309259569,0.5959987640608784,0.3177438646321652
8.525,-64.9959133767287,0.052959042315521045,0.595998701830285,0.3177438454578049
8.55,-64.99593000056275,0.0529589322020557,0.595998641492499,0.3177438252028322
8.575000000000001,-64.99594650792561,0.052958822758357296,0.595998583030068,0.3177438038803154
8.6,-64.99596289806549,0.05295871399044305,0.5959985264255128,0.31774378150331656
8.625,-64.99597917025186,0.05295860590419043,0.5959984716613292,0.3177437580848898
8.65,-64.99599532377536,0.05295849850533795,0.5959984187199909,0.31774373363808
8.675,-64.99601135794768,0.052958391799485846,0.5959983675839511,0.3177437081759214
8.700000000000001,-64.99602727210139,0.05295828579209684,0.5959983182356451,0.31774368171143613
8.725,-64.9960430655898,0.05295818048849681,0.5959982706574922,0.3177436542576328
8.75,-64.99605873778688,0.052958075893875745,0.5959982248318982,0.31774362582750504
8.775,-64.99607428808709,0.05295797201328827,0.5959981807412573,0.3177435964340304
8.8,-64.99608971590521,0.0529578688516546,0.5959981383679542,0.31774356609016857
8.825000000000001,-64.99610502067631,0.05295776641376116,0.5959980976943665,0.3177435348088605
8.85,-64.99612020185548,0.052957664704261616,0.5959980587028664,0.31774350260302664
8.875,-64.99613525891779,0.05295756372767741,0.5959980213758229,0.3177434694855661
8.9,-64.99615019135811,0.0529574634883987,0.5959979856956041,0.3177434354693548
8.925,-64.99616499869097,0.052957363990685125,0.5959979516445791,0.31774340056724476
8.950000000000001,-64.99617968045041,0.052957265238666715,0.5959979192051197,0.31774336479206233
8.975,-64.99619423618988,0.05295716723634457,0.5959978883596028,0.3177433281566074
9.0,-64.99620866548203,0.05295706998759179,0.595997859090412,0.31774329067365176
9.025,-64.99622296791864,0.05295697349615442,0.59599783137994,0.31774325235593825
9.05,-64.99623714311043,0.052956877765651965,0.5959978052105901,0.31774321321617927
9.075000000000001,-64.99625119068692,0.052956782799578536,0.5959977805647781,0.31774317326705576
9.1,-64.99626511029625,0.05295668860130365,0.5959977574249348,0.317743132521216
9.125,-64.99627890160512,0.052956595174073015,0.5959977357735069,0.3177430909912744
9.15,-64.99629256429859,0.05295650252100951,0.5959977155929597,0.3177430486898105
9.175,-64.9963060980799,0.052956410645113965,0.5959976968657783,0.31774300562936775
9.200000000000001,-64.99631950267036,0.05295631954926598,0.5959976795744699,0.3177429618224522
9.225,-64.99633277780922,0.05295622923622503,0.5959976637015654,0.317742917281532
9.25,-64.99634592325347,0.05295613970863122,0.5959976492296207,0.31774287201903556
9.275,-64.99635893877773,0.05295605096900611,0.5959976361412194,0.3177428260473512
9.3,-64.99637182417409,0.05295596301975378,0.5959976244189734,0.31774277937882567
9.325000000000001,-64.99638457925191,0.052955875863161604,0.5959976140455258,0.31774273202576314
9.35,-64.99639720383774,0.05295578950140124,0.5959976050035514,0.3177426840004244
9.375,-64.99640969777515,0.052955703936529486,0.5959975972757592,0.3177426353150257
9.4,-64.99642206092452,0.052955619170489264,0.5959975908448935,0.31774258598173793
9.425,-64.99643429316293,0.05295553520511045,0.595997585693736,0.3177425360126854
9.450000000000001,-64.99644639438407,0.05295545204211091,0.5959975818051069,0.31774248541994504
9.475,-64.99645836449793,0.05295536968309734,0.5959975791618669,0.3177424342155456
9.5,-64.99647020343079,0.05295528812956627,0.5959975777469186,0.31774238241146646
9.525,-64.99648191112499,0.052955207382904934,0.5959975775432081,0.3177423300196368
9.55,-64.99649348753881,0.05295512744439232,0.595997578533726,0.3177422770519349
9.575000000000001,-64.99650493264629,0.05295504831519994,0.5959975807015098,0.31774222352018705
9.600000000000001,-64.99651624643705,0.05295496999639294,0.5959975840296443,0.31774216943616673
9.625,-64.99652742891624,0.052954892488930955,0.5959975885012643,0.31774211481159376
9.65,-64.99653848010422,0.05295481579366915,0.5959975940995549,0.3177420596581336
9.675,-64.99654940003656,0.05295473991135904,0.5959976008077535,0.3177420039873965
9.700000000000001,-64.99656018876378,0.05295466484264961,0.5959976086091514,0.31774194781093634
9.725000000000001,-64.99657084635123,0.05295459058808813,0.5959976174870942,0.3177418911402504
9.75,-64.99658137287896,0.0529545171481212,0.5959976274249845,0.31774183398677824
9.775,-64.9965917684415,0.052954444523095716,0.595997638406282,0.317741776361901
9.8,-64.99660203314775,0.05295437271325982,0.5959976504145054,0.31774171827694064
9.825000000000001,-64.9966121671208,0.05295430171876381,0.5959976634332339,0.3177416597431593
9.850000000000001,-64.99662217049779,0.052954231539661216,0.595997677446108,0.3177416007717586
9.875,-64.99663204342973,0.052954162175909716,0.5959976924368309,0.3177415413738788
9.9,-64.99664178608137,0.05295409362737209,0.59599770838917,0.31774148156059806
9.925,-64.99665139863103,0.05295402589381723,0.5959977252869577,0.3177414213429322
9.950000000000001,-64.9966608812704,0.05295395897492111,0.5959977431140928,0.31774136073183346
9.975000000000001,-64.99667023420447,0.05295389287026777,0.5959977618545418,0.31774129973819026
10.0,-64.9966794576513,0.052953827579350216,0.5959977814923396,0.3177412383728265
10.025,-64.74875244383007,0.05303296642185861,0.5959850060770219,0.3177499132896156
10.05,-64.50475139425305,0.053258659277006605,0.5959467855275553,0.3177759181497832
10.075,-64.26439741348192,0.05361496231183499,0.5958833193204919,0.317819049417567
10.1,-64.02743725339603,0.054088092062397876,0.5957947830953064,0.3178791170432521
10.125,-63.79363739842691,0.05466611488683647,0.5956813305308081,0.3179559434028421
10.15,-63.56277947671938,0.055338686689523686,0.59554309471601,0.3180493625480939
10.175,-63.334656656718344,0.056096834089386066,0.5953801891150826,0.318159219700935
10.2,-63.109070781039826,0.05693276992548829,0.5951927082005791,0.318285370942998
10.225,-62.88583005490292,0.057839737341416654,0.5949807278103412,0.3184276830633471
10.25,-62.66474715313996,0.0588118777566714,0.5947443052694493,0.3185860335366925
10.275,-62.44563764346853,0.05984411888382206,0.5944834793079192,0.3187603106113563
10.3,-62.22831864813935,0.060932079633265725,0.5941982697966232,0.31895041349159897
10.325,-62.01260768391213,0.0620719892996221,0.5938886773174439,0.31915625260306996
10.35,-61.79832163340216,0.06326061887287304,0.5935546825784692,0.3193777499334431
10.375,-61.58527581047567,0.06449522268463104,0.5931962456807327,0.31961483944295854
10.4,-61.37328308946394,0.0657734889019397,0.5928133052393454,0.31986746754180145
10.425,-61.16215307316557,0.06709349763068341,0.5924057773586331,0.3201355936331267
10.45,-60.95169127837424,0.06845368559821906,0.5919735544579424,0.32041919072219055
10.475,-60.74169832033767,0.06985281655833499,0.5915165039419644,0.32071824609355626
10.5,-60.53196907935922,0.07128995670757976,0.5910344667066604,0.32103276205975373
10.525,-60.3222918338616,0.07276445452563506,0.5905272554690443,0.32136275678616044
10.55,-60.112447344760405,0.07427592455798486,0.5899946529061111,0.32170826519826373
10.575,-59.90220787601944,0.07582423475018173,0.5894364095849982,0.3220693399789162
10.6,-59.69133613582505,0.07740949702243466,0.588852241662955,0.3224460526647434
10.625,-59.47958412194692,0.07903206084350473,0.5882418283317598,0.32283849485254384
10.65,-59.266691853544366,0.08069250962610432,0.5876048089767782,0.3232467795283892
10.675,-59.0523859699135,0.08239165982398654,0.5869407800157582,0.3236710425342266
10.7,-58.83637817441076,0.08413056266534803,0.5862492913765753,0.3241114441891647
10.725,-58.6183634989744,0.08591050850957437,0.585529842566307,0.3245681710853561
10.75,-58.39801836121782,0.08773303386619741,0.5847818782760099,0.3250414380815403
10.775,-58.17499838188158,0.08959993116767391,0.5840047834561601,0.3255314905209769
10.8,-57.948935925371664,0.0915132614427235,0.5831978777865933,0.32603860670478674
10.825,-57.719437320011366,0.09347537009611111,0.5823604094515635,0.3265631006567523
10.85,-57.48607970728111,0.09548890606569953,0.5814915481147773,0.3271053252215738
10.875,-57.2484074604517,0.09755684470036709,0.5805903769703846,0.32766567554562326
10.9,-57.00592810229995,0.09968251478536734,0.5796558837231934,0.3282445929976262
10.925,-56.75810763861926,0.1018696302377101,0.5786869503239599,0.32884256959672276
10.95,-56.50436520848065,0.1041223271065839,0.5776823412523414,0.32946015302738757
10.975,-56.24406693300851,0.10644520664687623,0.5766406900996075,0.33009795233517597
11.0,-55.97651882098471,0.10884338539260083,0.57556048415368,0.33075664441478925
11.025,-55.70095856083505,0.11132255334790507,0.574440046628259,0.33143698142323996
11.05,-55.416545993153626,0.11388904164425649,0.5732775161027853,0.33213979927686005
11.075,-55.12235201417736,0.11654990129345696,0.5720708226470893,0.33286602742270477
11.1,-54.817345606352234,0.1193129950099903,0.5708176599889864,0.3336167001140421
11.125,-54.500378624520785,0.12218710449900881,0.5695154529386605,0.3343929694679948
11.15,-54.17016788166704,0.12518205612862,0.5681613191024237,0.33519612064348653
11.175,-53.82527397185957,0.12830886855341367,0.5667520236900191,0.3360275895526137
11.2,-53.464076133876674,0.1315799266643429,0.5652839259305662,0.3368889836125861
11.225,-53.08474228893089,0.13500918725192762,0.5637529152450568,0.33778210616387344
11.25,-52.68519316936804,0.13861242304195756,0.5621543348552762,0.3387089853303025
11.275,-52.26305917829794,0.14240751336892907,0.560482889910803,0.3396719082879938
11.3,-51.81562826449733,0.1464147917877036,0.5587325364497239,0.3406734621546827
11.325,-51.339782638423536,0.1506574635121213,0.5568963465273551,0.34171658302574826
11.35,-50.83192156189093,0.15516210887078724,0.5549663435920846,0.34280461509031357
11.375,-50.28786667392487,0.15995929319144728,0.5529333005896335,0.34394138228967824
11.4,-49.702745313623836,0.16508430892977705,0.5507864912625461,0.3451312756706487
11.425,-49.07084599651411,0.1705780827766059,0.548513382616457,0.3463793604907921
11.45,-48.38543850368613,0.17648828931247512,0.5460992535307663,0.3476915083212432
11.475,-47.638548842154876,0.18287072399527152,0.5435267211073683,0.3490745609572486
11.5,-46.82067650219088,0.1897910023473533,0.5407751529805813,0.3505365350052544
11.525,-45.92043784197796,0.19732666952555802,0.5378199414957171,0.3520868787147079
11.55,-44.92411497880314,0.2055698249776749,0.5346316167600366,0.35373679613325876
11.575,-43.81508429870955,0.2146303895270399,0.5311747850519368,0.3554996581573709
11.6,-42.57309299258433,0.22464016348894908,0.5274069069193104,0.35739152563659166
11.625,-41.173347037663305,0.2357578356440616,0.5232769945457029,0.35943181626890996
11.65,-39.58537256927423,0.24817508475902106,0.5187244446159724,0.3616441539636762
11.675,-37.77162080806715,0.26212382734751505,0.51367848525979,0.36405744481897745
11.7,-35.68581752817693,0.27788442648728695,0.5080591714691591,0.36670722355339236
11.725,-33.27113740874848,0.2957941326325289,0.5017815396380422,0.36963729902019316
11.75,-30.45846196157725,0.316253905205533,0.4947652365807199,0.3729016794820648
11.775,-27.165351472987002,0.3397296342564055,0.4869518850335481,0.37656664555762703
11.8,-23.29709047046662,0.3667401319422665,0.4783299193589902,0.38071260940146684
11.825,-18.752484591105983,0.39781896317489923,0.4689599193907062,0.3854349834891557
11.85,-13.439111805229452,0.43343190015680394,0.4589849337773913,0.39084262704993006
11.875,-7.304689642588766,0.4738327004790605,0.4486102845922796,0.3970516182527375
11.9,-0.38968709866552015,0.5188595152473611,0.43805536723196475,0.4041715861358918
11.925,7.105935147751895,0.5677236741699949,0.42750358273519307,0.4122828285029795
11.95,14.776659576055694,0.6189064339039382,0.4170777637878312,0.42140664650140836
11.975,22.046518574066415,0.6702951082124005,0.40684505211872035,0.4314789264204362
12.0,28.321095769056424,0.7195904369019895,0.39683559511459077,0.4423430508402175
12.025,33.195833594562366,0.7648329464830504,0.3870598344373928,0.45377331481627486
12.05,36.58193664891752,0.8047879428947655,0.3775191207753233,0.4655219513548449
12.075,38.66800226172897,0.8390257169151679,0.3682109174883243,0.47736663930011236
12.1,39.774269492620036,0.8677445394870907,0.35913106876840756,0.4891378752022047
12.125,40.21475878401242,0.8915030792576402,0.3502747544719621,0.5007224200404355
12.15,40.228633437860196,0.9109954801395249,0.3416369033159057,0.5120522183218456
12.175,39.97218156390461,0.9269131713306883,0.3332123831487927,0.5230897772108265
12.2,39.538351996074525,0.9398795925758566,0.32499609388621653,0.5338161321817712
12.225,38.97983606933518,0.950429178369775,0.3169830140893357,0.5442228675574013
12.25,38.32635746640362,0.9590080385073374,0.30916822395693466,0.5543074433817836
12.275,37.59532566683466,0.9659832752098545,0.3015469160451542,0.5640706434838147
12.3,36.79773435645458,0.9716546099749309,0.29411439966364583,0.5735152213248388
12.325,35.94123916649571,0.9762656543707161,0.28686610208665236,0.5826451759801047
12.35,35.0317199101939,0.9800138820240045,0.27979756820135615,0.5914653490108008
12.375,34.074069663726064,0.9830590944338143,0.27290445941475794,0.5999811843659476
12.4,33.072597416271876,0.985530459168203,0.2661825522306471,0.6081985730664264
12.425,32.03123712401883,0.9875322937225588,0.2596277367039286,0.6161237440060421
12.45,30.953657981318845,0.9891487855965179,0.25323601487878,0.6237631814337187
12.475,29.843322926452352,0.9904478269499468,0.24700349926714849,0.6311235590314904
12.5,28.70351930220828,0.9914841203283222,0.24092641139881055,0.6382116851371318
12.525,27.53737429122032,0.9923016884507408,0.2350010804609069,0.6450344560292328
12.55,26.34786205275041,0.9929358990772441,0.2292239420375206,0.6515988154480539
12.575,25.137806498256147,0.9934150966014965,0.22359153695550144,0.6579117192145517
12.6,23.90988199819089,0.993761915460931,0.21810051023994603,0.6639801041992001
12.625,22.666613365384578,0.9939943365661771,0.21274761018079752,0.6698108611167436
12.65,21.410375893852652,0.9941265364339795,0.20752968751050788,0.6754108107543567
12.675,20.143395883701768,0.9941695692362086,0.2024436946914584,0.6807866833182525
12.7,18.867751865626747,0.9941319142356042,0.19748668531067265,0.6859451006302593
12.725,17.585376602860347,0.9940199147798247,0.19265581357824121,0.6908925609344765
12.75,16.298059864904484,0.9938381299187394,0.1879483339247432,0.6956354260927325
12.775,15.007451917657102,0.993589615581828,0.18336160069172988,0.7001799109609003
12.8,13.715067646947345,0.9932761489232236,0.1788930679080366,0.7045320747488784
12.825,12.422291219283046,0.9928984067618524,0.17454028914322758,0.7086978141768134
12.85,11.130381179650394,0.9924561068899896,0.1703009174278498,0.7126828582496841
12.875,9.840475888005832,0.9919481192943803,0.16617270522833907,0.7164927644820824
12.9,8.553599201286758,0.9913725529475292,0.1621535044623266,0.7201329164150037
12.925,7.270666314736523,0.9907268227160391,0.15824126653774748,0.7236085222766374
12.95,5.992489683988992,0.9900077000438736,0.15443404239648564,0.7269246146494274
12.975,4.719784956947616,0.9892113503574959,0.1507299825403137,0.7300860510158661
13.0,3.4531768515375902,0.9883333595717828,0.14712733701359204,0.7330975150654645
13.025,2.193204921573572,0.9873687516220837,0.14362445531358026,0.7359635186549234
13.05,0.9403291580846111,0.9863119985858777,0.1402197861953614,0.7386884043226004
13.075,-0.3050646226530836,0.9851570246687056,0.1369118773343369,0.741276348266799
13.1,-1.5426596504500119,0.9838972050983376,0.1336993748051643,0.7437313637051126
13.125,-2.7722033765276057,0.9825253607861569,0.130581022332067,0.746057304538951
13.15,-3.993502997191926,0.9810337494652505,0.12755566026188334,0.7482578692534239
13.175,-5.206421371028814,0.9794140538920423,0.12462222420839827,0.7503366049878967
13.2,-6.410873376552154,0.9776573675950566,0.12177974331480063,0.7522969117167695
13.225,-7.606822759744826,0.9757541785639335,0.11902733808104356,0.7541420464833533
13.25,-8.794279523942855,0.9736943511882391,0.11636421770502332,0.7558751276321509
13.275,-9.973297917717685,0.9714671066733614,0.11378967689143771,0.757499138986454
13.3,-11.143975079439908,0.9690610020747584,0.11130309209061252,0.7590169339189882
13.325,-12.306450399631846,0.9664639079971481,0.10890391714207438,0.7604312392635147
13.35,-13.460905663563969,0.9636629848974583,0.10659167831473222,0.7617446590149339
13.375,-14.607566036310152,0.9606446578054517,0.10436596875753026,0.7629596777647203
13.4,-15.746701950152293,0.9573945891305806,0.10222644240137788,0.7640786638176623
13.425,-16.878631949334917,0.953897649055386,0.10017280738471773,0.7651038719351003
13.45,-18.003726539330476,0.9501378828234428,0.09820481911040341,0.7660374456494551
13.475,-19.12241307670894,0.946098474013917,0.09632227307924311,0.7668814190950818
13.5,-20.235181721294012,0.9417617026576413,0.09452499768366218,0.7676377183016946
13.525,-21.342592454594026,0.9371088967960421,0.09281284718094146,0.768308161899084
13.55,-22.445283147708455,0.9321203758218578,0.09118569509653383,0.7688944611858944
13.575,-23.543978638334945,0.9267753836801,0.08964342833097602,0.7693982195211195
13.6,-24.639500750361,0.9210520097635083,0.08818594225599817,0.7698209310049845
13.625,-25.732779160801023,0.9149270951273903,0.08681313708418878,0.7701639784262548
13.65,-26.824862986974228,0.9083761214978614,0.08552491578049609,0.7704286304660404
13.675,-27.91693293033034,0.9013730804853234,0.08432118375272013,0.7706160381641891
13.7,-29.010313769420645,0.893890320480574,0.08320185051324602,0.7707272306738651
13.725,-30.10648693855018,0.8858983689558532,0.0821668334485409,0.7707631103536112
13.75,-31.207102853672513,0.8773657283871329,0.08121606377092315,0.7707244472751555
13.775,-32.313992543290226,0.8682586448529672,0.08034949466474212,0.7706118732609563
13.8,-33.42917799630153,0.8585408496829054,0.07956711158334992,0.7704258756101513
13.825,-34.55488043389237,0.848173276511523,0.07886894461162007,0.7701667907280112
13.85,-35.69352542759232,0.837113759002793,0.07825508278882419,0.7698347979458724
13.875,-36.847743395299105,0.8253167187030348,0.07772569029534222,0.7694299139102931
13.9,-38.0203634828999,0.8127328584474879,0.0772810244494165,0.768951988036947
13.925,-39.21439815121171,0.7993088851363741,0.07692145553967963,0.7684006996719249
13.95,-40.43301490958897,0.7849872973527454,0.07664748863329784,0.7677755577855121
13.975,-41.67949055354576,0.7697062892611273,0.076459787637607,0.7670759042441462
14.0,-42.9571419857371,0.7533998437183239,0.0763592020302158,0.7663009219640712
14.025,-44.269226291360546,0.7359981158064478,0.07634679676119542,0.7654496495366777
14.05,-45.61880135615962,0.7174282440661617,0.07642388578974818,0.7645210042100519
14.075,-47.008537263818084,0.6976157706913242,0.07659206941854477,0.763513815374923
14.100000000000001,-48.440468523968605,0.6764869019592689,0.07685327484681154,0.7624268708716941
14.125,-49.91567871367186,0.6539718904114972,0.07720979793786943,0.7612589784122838
14.15,-51.4339136021962,0.6300098581502573,0.0776643418212298,0.7600090440646461
14.175,-52.99312787716393,0.6045553828094351,0.07822004441022772,0.7586761689178718
14.2,-54.58898593503694,0.5775870964751585,0.0788804822137835,0.7572597635612799
14.225000000000001,-56.21436004957687,0.5491183493925099,0.07964963242751283,0.7557596777356357
14.25,-57.85889898770813,0.519209602000889,0.08053177048269906,0.7541763394170212
14.275,-59.50877245113912,0.4879815827208148,0.0815312783801072,0.7525108938415707
14.3,-61.14672142746245,0.45562740083159614,0.08265234365123465,0.7507653290402654
14.325,-62.75254512236335,0.42242088493760493,0.08389854330233808,0.7489425711661002
14.350000000000001,-64.30411239086624,0.3887177748917637,0.08527233346073368,0.7470465314499425
14.375,-65.7788876674471,0.35494654404381554,0.0867745008024125,0.7450820883575271
14.4,-67.15581864463823,0.3215870488284606,0.08840366630651363,0.743054994479136
14.425,-68.41728783063577,0.2891379583665436,0.09015594966386348,0.7409717079171826
14.45,-69.55074824496326,0.2580773165538681,0.092024888791345,0.7388391608509501
14.475000000000001,-70.54970017223135,0.22882325925107133,0.09400165952993736,0.7366644902409312
14.5,-71.41382545942574,0.20170247118392315,0.09607556962949311,0.7344547632643897
14.525,-72.14831808514617,0.1769319561248213,0.09823473566748425,0.7322167301895091
14.55,-72.7626415478236,0.15461596190607763,0.10046681716277783,0.7299566299247621
14.575,-73.26903457438969,0.13475609757661222,0.10275968838300716,0.7276800612645837
14.600000000000001,-73.68106454262414,0.11727022705927005,0.1051019655832235,0.7253919201163843
14.625,-74.01243172043684,0.10201512016512286,0.10748335569436593,0.7230963932731723
14.65,-74.27611249949169,0.08880868977771211,0.10989483375194788,0.7207969941777422
14.675,-74.48383745239141,0.0774491540003484,0.1123286815651466,0.7184966252764396
14.7,-74.64584620810608,0.06772994709411145,0.1147784291438524,0.7161976535759119
14.725000000000001,-74.77084221875323,0.05945029686081465,0.11723873802679013,0.7139019893274706
14.75,-74.86607443645467,0.052422014429146215,0.11970525758250392,0.7116111611894178
14.775,-74.93748765792027,0.04647329421285027,0.12217447592446182,0.7093263841046512
14.8,-74.98990041174001,0.04145033343697855,0.12464357873443908,0.7070486182548061
14.825,-75.02718431952978,0.03721747087754716,0.127110322953386,0.7047786188473087
14.850000000000001,-75.0524302828527,0.033656393682103776,0.12957292800373205,0.7025169773054564
14.875,-75.06809465315595,0.030664813987129204,0.1320299845797363,0.7002641548331804
14.9,-75.07612341678163,0.028154893139818303,0.13448037961795023,0.6980205094621161
14.925,-75.0780551910808,0.02605159566067052,0.13692323542537785,0.6957863176692641
14.95,-75.07510519593647,0.02429108549135106,0.1393578607852794,0.6935617915539788
14.975000000000001,-75.06823287692677,0.02281922873811074,0.14178371196420467,0.6913470924306516
15.0,-75.05819588310925,0.021590234882052303,0.1442003617713564,0.689142341555764
15.025,-75.04559288231987,0.02056544777962683,0.14660747509104885,0.6869476285794571
15.05,-75.03089737378025,0.019712285166918708,0.14900478957592778,0.6847630181988746
15.075,-75.01448431286371,0.019003318172153706,0.15139210043084478,0.6825885553950162
15.100000000000001,-74.9966510379922,0.018415478654060204,0.15376924842626052,0.6804242695560991
15.125,-74.9776337033658,0.017929380721800243,0.15613611045467887,0.6782701777266055
15.15,-74.9576201789854,0.017528742681198955,0.1584925920864286,0.6761262871700977
15.175,-74.93676017980025,0.01719989631631427,0.16083862169615085,0.6739925973933704
15.2,-74.91517322424454,0.01693137148442682,0.16317414582309897,0.6718691017475217
15.225000000000001,-74.89295489329865,0.01671354524390348,0.1654991255009552,0.6697557886964355
15.25,-74.87018175892207,0.016538346007179957,0.1678135333500396,0.6676526428235052
15.275,-74.84691527017871,0.01639900443398883,0.17011735126966282,0.6655596456320578
15.3,-74.8232048222568,0.016289843909694627,0.1724105686034829,0.6634767761829472
15.325,-74.79909018425158,0.016206104470766498,0.1746931806782119,0.661404011603403
15.350000000000001,-74.77460342309209,0.016143794939084622,0.17696518763747215,0.6593413274939129
15.375,-74.74977043099558,0.016099568812399902,0.17922659350937586,0.6572886982541976
15.4,-74.72461214046415,0.016070620137866996,0.1814774054595238,0.6552460973448601
15.425,-74.69914549262727,0.01605459617929658,0.18371763319136178,0.653213497497806
15.45,-74.67338421053925,0.016049524187435806,0.18594728846388092,0.6511908708857679
15.475000000000001,-74.64733941796558,0.01605375000679451,0.18816638470293579,0.6491781892591288
15.5,-74.62102013554262,0.016065886612221317,0.19037493668739863,0.6471754240565415
15.525,-74.59443367943307,0.016084770972622297,0.19257296029526286,0.6451825464945001
15.55,-74.56758598230445,0.016109427895940307,0.19476047229785495,0.6431995276399821
15.575,-74.54048185230641,0.016139039725825168,0.1969374901927425,0.6412263384694337
15.600000000000001,-74.51312518246282,0.01617292094244637,0.19910403206782282,0.6392629499167222
15.625,-74.48551912033037,0.01621049687290543,0.20126011649058834,0.637309332912157
15.65,-74.45766620575515,0.016251285845209826,0.2034057624177674,0.6353654584142565
15.675,-74.42956848296433,0.016294884227625206,0.20554098912147803,0.633431297435626
15.7,-74.40122759197014,0.016340953885696216,0.20766581612880103,0.6315068210640277
15.725000000000001,-74.37264484326431,0.01638921166508544,0.20978026317227375,0.6295920004795298
15.75,-74.34382127899008,0.016439420571964476,0.2118843501492887,0.6276868069684477
15.775,-74.31475772314882,0.016491382375973168,0.21397809708877308,0.625791211934649
15.8,-74.28545482289728,0.016544931405400268,0.2160615241238228,0.6239051869086989
15.825,-74.25591308259168,0.016599929341630546,0.21813465146922514,0.6220287035552213
15.850000000000001,-74.22613289191547,0.016656260851221138,0.2201974994029968,0.6201617336787904
15.875,-74.19611454917113,0.016713829920197185,0.2222500882512244,0.6183042492286064
15.9,-74.165858280612,0.016772556777123006,0.22429243837563367,0.6164562223021606
15.925,-74.13536425652465,0.01683237530989856,0.22632457016340554,0.6146176251480645
15.95,-74.10463260463959,0.016893230896636535,0.22834650401885584,0.61278843016818
15.975000000000001,-74.07366342134117,0.01695507858387565,0.23035826035665669,0.6109686099191665
16.0,-74.04245678106093,0.0170178815561909,0.23235985959633512,0.6091581371135419
16.025,-74.0110127441685,0.017081609850311704,0.2343513221578371,0.6073569846203332
16.05,-73.97933136361742,0.017146239274438528,0.2363326684579723,0.6055651254653832
16.075,-73.9474126905573,0.017211750499799644,0.23830391890759353,0.6037825328313692
16.1,-73.91525677908542,0.017278128296809556,0.24026509390939174,0.6020091800575729
16.125,-73.88286369028145,0.017345360892648085,0.24221621385619604,0.6002450406394465
16.15,-73.8502334956426,0.017413439430815615,0.24415729912970416,0.5984900882279981
16.175,-73.81736628001705,0.017482357516349776,0.24608837009956352,0.596744296629029
16.2,-73.78426214411643,0.01755211083301394,0.24800944712274817,0.595007639802241
16.225,-73.75092120667365,0.017622696820967503,0.249920550543184,0.5932800918602317
16.25,-73.7173436063025,0.01769411440527302,0.25182170069157417,0.5915616270673969
16.275,-73.6835295031046,0.01776636376714188,0.2537129178853985,0.5898522198387468
16.3,-73.64947908006222,0.01783944615111798,0.25559422242904944,0.5881518447386529
16.325,-73.61519254424974,0.017913363702487133,0.2574656346140849,0.5864604764795319
16.35,-73.58067012788956,0.017988119330113465,0.25932717471957717,0.5847780899204729
16.375,-73.54591208927594,0.01806371659067025,0.2611788630125362,0.5831046600658193
16.4,-73.51091871358491,0.018140159590875848,0.26302071974839825,0.5814401620637043
16.425,-73.47569031358628,0.018217452904885776,0.26485276517156187,0.5797845712045511
16.45,-73.44022723027116,0.01829560150444491,0.26667501951596295,0.5781378629195391
16.475,-73.4045298334059,0.018374610699785267,0.268487503005682,0.5765000127790372
16.5,-73.36859852202195,0.018454486089573983,0.27029023585556966,0.5748709964910128
16.525,-73.33243372484974,0.018535233518485447,0.2720832382718911,0.573250789899413
16.55,-73.29603590070296,0.018616859041197246,0.2738665304529789,0.5716393689825253
16.575,-73.25940553881915,0.018699368891799285,0.27564013258988906,0.5700367098513169
16.6,-73.22254315916135,0.018782769457765247,0.27740406486706237,0.5684427887477536
16.625,-73.18544931268468,0.018867067257769706,0.2791583474629778,0.566857582043103
16.65,-73.1481245815715,0.018952268922747185,0.2809030005508047,0.5652810662362197
16.675,-73.110569579438,0.019038381179684205,0.2826380442990444,0.5637132179518158
16.7,-73.0727849515146,0.01912541083771567,0.28436349887216095,0.5621540139387187
16.725,-73.03477137480239,0.01921336477616388,0.2860793844312025,0.5606034310681115
16.75,-72.99652955820716,0.019302249934215275,0.2877857211344046,0.5590614463317656
16.775,-72.95806024265292,0.019392073301977782,0.28948252913778233,0.5575280368402575
16.8,-72.91936420117587,0.019482841912701554,0.2911698285957033,0.5560031798211763
16.825,-72.88044223899992,0.01957456283598012,0.2928476396614435,0.5544868526173208
16.85,-72.84129519359497,0.019667243171777222,0.2945159824877273,0.5529790326848846
16.875,-72.80192393471836,0.01976089004514865,0.29617487722724517,0.5514796975916341
16.9,-72.76232936444052,0.019855510601549234,0.29782434403315483,0.549988825015075
16.925,-72.72251241715519,0.01995111200263116,0.2994644030595615,0.5485063927406109
16.95,-72.68247405957463,0.020047701422455527,0.30109507446197653,0.5470323786596956
16.975,-72.64221529071057,0.02014528604405029,0.30271637839775917,0.5455667607679733
17.0,-72.6017371418408,0.02024387305625829,0.30432833502653306,0.5441095171634162
17.025,-72.5610406764621,0.020343469650828314,0.30593096451058627,0.5426606260444503
17.05,-72.52012699022957,0.020444083019708365,0.30752428701524787,0.5412200657080783
17.075,-72.47899721088254,0.020545720352507568,0.30910832270924316,0.5397878145479944
17.1,-72.43765249815748,0.020648388834098086,0.3106830917650313,0.5383638510526921
17.125,-72.39609404368777,0.020752095642332342,0.312248614359118,0.536948153803569
17.15,-72.35432307089071,0.020856847945855555,0.31380491067235106,0.5355407014730235
17.175,-72.31234083484193,0.02096265290199594,0.3153520008901936,0.5341414728225485
17.2,-72.27014862213689,0.02106951765471798,0.31688990520297644,0.5327504467008204
17.225,-72.22774775074018,0.021177449332626594,0.3184186438061329,0.5313676020417817
17.25,-72.18513956982225,0.021286455047011793,0.3199382369004101,0.5299929178627234
17.275,-72.14232545958392,0.021396541889924972,0.32144870469206477,0.5286263732623605
17.3,-72.09930683106839,0.021507716932279573,0.32295006739303644,0.5272679474189057
17.325,-72.05608512596137,0.021619987221969904,0.3244423452211025,0.525917619588142
17.35,-72.01266181637892,0.0217333597820034,0.3259255584000161,0.5245753691014893
17.375,-71.9690384046432,0.021847841608641384,0.32739972715962334,0.5232411753640727
17.4,-71.92521642304635,0.021963439669545413,0.32886487173596507,0.5219150178527867
17.425,-71.88119743360238,0.022080160901926063,0.33032101237135886,0.5205968761143597
17.45,-71.83698302778721,0.022198012210691773,0.33176816931446435,0.5192867297634169
17.475,-71.79257482626694,0.022317000466596085,0.3332063628203338,0.5179845584805433
17.5,-71.74797447861435,0.022437132504381552,0.3346356131504427,0.5166903420103465
17.525,-71.70318366301393,0.022558415120919478,0.33605594057270805,0.5154040601595203
17.55,-71.65820408595502,0.02268085507334426,0.3374673653614891,0.514125692794909
17.575,-71.61303748191386,0.022804459077182097,0.33886990779757264,0.5128552198415733
17.6,-71.56768561302384,0.022929233804473707,0.34026358816814634,0.5115926212808574
17.625,-71.5221502687347,0.023055185881890507,0.34164842676675433,0.5103378771484601
17.65,-71.47643326546053,0.023182321888844944,0.34302444389324277,0.5090909675325062
17.675,-71.43053644621634,0.023310648355594325,0.34439165985368964,0.5078518725716232
17.7,-71.38446168024396,0.023440171761339047,0.3457500949603224,0.5066205724530217
17.725,-71.33821086262677,0.023570898532315566,0.347099769531425,0.5053970474105779
17.75,-71.29178591389369,0.023702835039884306,0.34844070389123066,0.504181277722924
17.775,-71.24518877961256,0.02383598759861344,0.3497729183698058,0.5029732437115405
17.8,-71.19842142997277,0.02397036246435907,0.3510964333029216,0.5017729257388578
17.825,-71.15148585935762,0.024105965832342587,0.3524112690319157,0.5005803042063611
17.85,-71.10438408590623,0.024242803835226267,0.35371744590354504,0.49939535955270387
17.875,-71.05711815106535,0.024380882541187605,0.35501498426982736,0.4982180722518284
17.9,-71.00969011913108,0.0245202079519936,0.35630390448787663,0.4970484228110935
17.925,-70.9621020767807,0.024660786001076226,0.3575842269197281,0.4958863917694117
17.95,-70.91435613259485,0.024802622551609563,0.35885597193215524,0.4947319596953956
17.975,-70.86645441656998,0.024945723394590297,0.3601191598964819,0.4935851071855121
18.0,-70.81839907962151,0.02509009424692225,0.3613738111883841,0.4924458148622497
18.025,-70.77019229307777,0.02523574074950665,0.3626199461876883,0.4913140633722936
18.05,-70.72183624816468,0.025382668465338896,0.3638575852781619,0.4901898333847143
18.075000000000003,-70.67333315548171,0.02553088287761322,0.3650867488472987,0.48907310558916745
18.1,-70.6246852444692,0.025680389387836813,0.36630745728609887,0.4879638606941062
18.125,-70.57589476286691,0.025831193313954417,0.3675197309888456,0.4868620794250067
18.15,-70.5269639761645,0.025983299888484808,0.3687235903528756,0.4857677425226074
18.175,-70.47789516704374,0.026136714256670742,0.36991905577834705,0.4846808307411632
18.200000000000003,-70.42869063481297,0.026291441474643525,0.37110614766800265,0.48360132484671414
18.225,-70.37935269483371,0.026447486507603823,0.3722848864269314,0.4825292056153704
18.25,-70.32988367793988,0.026604854228020183,0.37345529246232684,0.48146445383161174
18.275,-70.28028592984967,0.02676354941384652,0.3746173861832421,0.4804070502866067
18.3,-70.23056181057059,0.02692357674676042,0.37577118800034426,0.4793569757765468
18.325000000000003,-70.18071369379743,0.027084940810423445,0.3769167183256658,0.4783142111010007
18.35,-70.13074396630394,0.027247646088765166,0.3780539975723554,0.4772787370612861
18.375,-70.08065502732794,0.027411696964292548,0.37918304615442827,0.47625053445886134
18.4,-70.03044928795057,0.027577097716426042,0.3803038844865141,0.47522958409373733
18.425,-69.9801291704696,0.027743852519864054,0.3814165329836057,0.47421586676291
18.450000000000003,-69.9296971077671,0.027911965442977332,0.38252101206080674,0.47320936325881474
18.475,-69.879155542672,0.02808144044623515,0.3836173421330798,0.47221005436780183
18.5,-69.82850692731738,0.028252281380664452,0.3847055436149951,0.4712179208686352
18.525,-69.77775372249309,0.02842449198634397,0.3857856369204784,0.4702329435310142
18.55,-69.72689839699382,0.028598075890934542,0.38685764246256055,0.46925510311412
18.575000000000003,-69.675943426963,0.028773036608247513,0.38792158065312704,0.4682843803651858
18.6,-69.62489129523252,0.02894937753685296,0.38897747190266907,0.4673207560180927
18.625,-69.57374449065902,0.02912710195872896,0.39002533662003547,0.46636421079199064
18.65,-69.52250550745659,0.02930621303795379,0.39106519521218563,0.46541472538994727
18.675,-69.47117684452637,0.029486713819442668,0.3920970680839439,0.46447228049762235
18.700000000000003,-69.41976100478344,0.02966860722773045,0.39312097563775455,0.4635368567819714
18.725,-69.36826049448105,0.029851896065802127,0.39413693827343904,0.4626084348899763
18.75,-69.31667782253253,0.030036583013972513,0.3951449763879548,0.46168699544740543
18.775,-69.26501549983146,0.030222670628816804,0.3961451103751544,0.4607725190576036
18.8,-69.21327603857002,0.030410161342153484,0.39713736062554694,0.45986498630031153
18.825000000000003,-69.16146195155599,0.03059905746008102,0.39812174752606033,0.45896437773051674
18.85,-69.10957575152882,0.030789361162070338,0.3990982914598056,0.4580706738773352
18.875,-69.05761995047472,0.030981074500113937,0.4000670128058419,0.4571838552429248
18.9,-69.00559705894153,0.031174199397933665,0.4010279319389433,0.4563039023014316
18.925,-68.95350958535333,0.03136873765024816,0.4019810692293661,0.4554307954979688
18.950000000000003,-68.90136003532523,0.03156469092210165,0.40292644504261704,0.45456451524762953
18.975,-68.8491509109786,0.03176206074825567,0.4038640797392233,0.45370504193453354
19.0,-68.79688471025712,0.031960848532644644,0.4047939936745027,0.4528523559109078
19.025,-68.74456392624391,0.03216105554789709,0.4057162071983342,0.452006437496203
19.05,-68.69219104648002,0.03236268293492337,0.40663074065492893,0.45116726697624565
19.075000000000003,-68.63976855228461,0.032565731702571536,0.40753761438260167,0.45033482460242547
19.1,-68.58729891807717,0.03277020272735247,0.4084368487135415,0.44950909059092015
19.125,-68.53478461070203,0.032976096753235526,0.4093284639735837,0.44869004512195576
19.15,-68.48222808875546,0.03318341439151562,0.410212480481979,0.4478776683391063
19.175,-68.42963180191575,0.03339215612075312,0.41108891855116375,0.4470719403486293
19.200000000000003,-68.37699819027637,0.03360232228678748,0.4119577984865279,0.44627284121884114
19.225,-68.32432968368289,0.03381391310282579,0.41281914058618174,0.4454803509795301
19.25,-68.27162870107345,0.034026928649607116,0.41367296514072194,0.4446944496214078
19.275,-68.21889764982353,0.034241368875643316,0.4145192924329939,0.4439151170956017
19.3,-68.16613892509498,0.03445723359753783,0.4153581427378529,0.4431423333131854
19.325000000000003,-68.11335490918998,0.03467452250038248,0.41618953632192135,0.4423760781447505
19.35,-68.06054797090964,0.034893235138233746,0.41701349344334443,0.44161633142001727
19.375,-68.00772046491822,0.03511337093466905,0.4178300343515409,0.4408630729274868
19.4,-67.95487473111268,0.03533492918342316,0.4186391792869508,0.44011628241413375
19.425,-67.90201309399808,0.03555790904910624,0.4194409484807784,0.4393759395851401
19.450000000000003,-67.84913786206923,0.03578230956800326,0.42023536215472984,0.4386420241036701
19.475,-67.79625132719848,0.03600812964895589,0.4210224405207473,0.43791451559068695
19.5,-67.74335576403034,0.036235368074326965,0.42180220378073635,0.43719339362481047
19.525,-67.69045342938293,0.03646402350104779,0.42257467212628747,0.4364786377422173
19.55,-67.63754656165646,0.03669409446174906,0.4233398657383912,0.4357702274365829
19.575000000000003,-67.58463738024938,0.03692557936597484,0.42409780478714626,0.43506814215906525
19.6,-67.53172808498181,0.03715847650148087,0.42484850943146063,0.43437236131833123
19.625,-67.47882085552716,0.037392784035616376,0.42559199981874474,0.4336828642806242
19.65,-67.42591785085168,0.037628500016789836,0.4263282960845961,0.4329996303698753
19.675,-67.37302120866238,0.037865622376018704,0.4270574183524755,0.4323226388678559
19.700000000000003,-67.32013304486357,0.03810414892856287,0.42777938673337357,0.4316518690143729
19.725,-67.26725545302199,0.03834407737564182,0.42849422132546794,0.43098730000750646
19.75,-67.21439050384107,0.03858540530623555,0.42920194221377056,0.4303289110038888
19.775,-67.1615402446443,0.03882813019896836,0.4299025694697637,0.4296766811190271
19.8,-67.10870669886783,0.03907224942407565,0.43059612315102513,0.4290305894276667
19.825000000000003,-67.05589186556284,0.0393177602454534,0.4312826233008416,0.4283906149641975
19.85,-67.00309771890734,0.0395646598227894,0.43196208994781043,0.42775673672310205
19.875,-66.95032620772797,0.039812945213776575,0.43263454310542865,0.4271289336594441
19.9,-66.89757925503187,0.040062613376406646,0.43330000277166836,0.42650718468940085
19.925,-66.84485875754854,0.04031366117134469,0.43395848892854,0.42589146869083455
19.950000000000003,-66.79216658528216,0.04056608536438287,0.4346100215416397,0.4252817645039067
19.975,-66.73950458107431,0.040819882628973826,0.4352546205596841,0.4246780509317324
20.0,-66.68687456017712,0.04107504954884131,0.4358923059140294,0.4240803067410749
20.025,-66.63427830983719,0.04133158262066887,0.4365230975181749,0.4234885106630819
20.05,-66.58171758889024,0.04158947825686444,0.4371470152672514,0.42290264139406053
20.075000000000003,-66.52919412736668,0.04184873278840045,0.4377640790374924,0.4223226775962931
20.1,-66.47670962610782,0.042109342467728426,0.43837430868569005,0.4217485978988915
20.125,-66.42426575639347,0.04237130347176697,0.4389777240486326,0.42118038089869103
20.15,-66.37186415958026,0.042634611904961976,0.43957434494252556,0.4206180051611827
20.175,-66.31950644675123,0.04289926380241779,0.44016419116239397,0.4200614492214842
20.200000000000003,-66.2671941983765,0.04316525513309852,0.44074728248146666,0.4195106915853484
20.225,-66.21492896398517,0.04343258180309803,0.44132363865054225,0.4189657107302094
20.25,-66.16271226184821,0.04370123965897753,0.4418932793973354,0.4184264851062653
20.275,-66.11054557867277,0.043971224491168914,0.44245622442580423,0.4178929931375978
20.3,-66.05843036930744,0.04424253203744365,0.4430124934154572,0.4173652132233281
20.325000000000003,-66.0063680564589,0.04451515798644443,0.4435621060206399,0.4168431237388077
20.35,-65.95436003041942,0.04478909798127964,0.44410508186980185,0.416326703036845
20.375,-65.90240764880573,0.045064347623178305,0.44464144056474203,0.41581592944896534
20.4,-65.85051223630869,0.04534090247520427,0.4451712016798326,0.4153107812867065
20.425,-65.79867508445402,0.0456187580660287,0.4456943847612221,0.4148112368429463
20.450000000000003,-65.74689745137402,0.045897909893758616,0.4462110093260158,0.4143172743932643
20.475,-65.69518056158991,0.046178353429820816,0.4467210948614343,0.413828872197335
20.5,-65.64352560580498,0.04646008412289943,0.4472246608239497,0.4133460085003528
20.525,-65.59193374070841,0.04674309740292537,0.4477217266383987,0.41286866153448865
20.55,-65.54040608878942,0.047027388685116765,0.44821231169707293,0.4123968095203771
20.575000000000003,-65.48894373816185,0.0473129533740684,0.4486964353587852,0.4119304306686334
20.6,-65.43754774239896,0.047599786867889175,0.449174116947913,0.4114695031813998
20.625,-65.38621912037827,0.04788788456238599,0.44964537575341784,0.4110140052539205
20.65,-65.3349588561362,0.048177241855292464,0.45011023102784,0.4105639150761456
20.675,-65.28376789873252,0.048467854150541494,0.45056870198626936,0.41011921083436154
20.700000000000003,-65.23264716212425,0.0487597168625797,0.4510208078052915,0.4096798707128493
20.725,-65.18159752504896,0.04905282542072316,0.4514665676219085,0.40924587289556863
20.75,-65.13061983091694,0.04934717527355267,0.45190600053243546,0.408817195567868
20.775,-65.07971488771261,0.0496427618933472,0.45233912559137096,0.4083938169182195
20.8,-65.02888346790418,0.04993958078055474,0.4527659618102423,0.40797571513997866
20.825000000000003,-64.97812630836208,0.05023762746829861,0.4531865281564244,0.40756286843316775
20.85,-64.92744411028521,0.05053689752691911,0.45360084355193375,0.40715525500628286
20.875,-64.87683753913528,0.050837386568548575,0.4540089268721953,0.40675285307812253
20.9,-64.82630722457863,0.05113909025171929,0.45441079694478315,0.4063556408796401
20.925,-64.77585376043544,0.0514420042860029,0.4548064725481344,0.40596359665581616
20.950000000000003,-64.72547770463585,0.05174612443668077,0.4551959724102366,0.4055766986675527
20.975,-64.67517957918295,0.05205144652944431,0.4555793152072876,0.4051949251935873
21.0,-64.6249598701219,0.05235796645512468,0.45595651956232847,0.40481825453242704
21.025,-64.5748190275153,0.05266568017445068,0.45632760404384837,0.40444666500430215
21.05,-64.52475746542427,0.0529745837228348,0.4566925871643624,0.40408013495313744
21.075000000000003,-64.47477556189475,0.05328467321518651,0.45705148737896056,0.40371864274854324
21.1,-64.42487365894887,0.05359594485075267,0.4574043230838292,0.4033621667878228
21.125,-64.37505206258098,0.05390839491798454,0.4577511126147436,0.40301068549799723
21.15,-64.32531104275789,0.05422201979943092,0.4580918742455315,0.40266417733784793
21.175,-64.27565083342293,0.054536815976657924,0.4584266261865082,0.4023226207999742
21.200000000000003,-64.22607163250362,0.054852780035194386,0.4587553865828818,0.4019859944128674
21.225,-64.17657360192216,0.05516990866950407,0.4590781735131289,0.4016542767430004
21.25,-64.12715686760869,0.05548819868798407,0.4593950049873407,0.40132744639693196
21.275,-64.07782151951676,0.055807647017989896,0.4597058989455381,0.4010054820234256
21.3,-64.02856761164044,0.05612825071088785,0.46001087325595674,0.40068836231558363
21.325000000000003,-63.97939516203288,0.056450006947134944,0.4603099457133009,0.4003760660129943
21.35,-63.93030415282563,0.05677291304138739,0.4606031340369656,0.400068571903893
21.375,-63.88129453024833,0.05709696644763834,0.46089045586922767,0.39976585882733706
21.4,-63.832366204648395,0.05742216476438554,0.4611719287734034,0.3994679056753937
21.425,-63.78351905051,0.05774850573983045,0.46144757023197486,0.39917469139534084
21.450000000000003,-63.734752906472124,0.05807598727710972,0.46171739764468156,0.3988861949918812
21.475,-63.68606757534485,0.05840460743956074,0.46198142832657946,0.39860239552936866
21.5,-63.63746282412367,0.05873436445602269,0.46223967950606526,0.3983232721340474
21.525,-63.58893838400114,0.05906525672617454,0.4624921683228658,0.39804880399630344
21.55,-63.54049395037527,0.05939728282591235,0.4627389118259919,0.3977789703729292
21.575000000000003,-63.49212918285439,0.059730441512767456,0.4629799269716564,0.39751375058940003
21.6,-63.443843705257535,0.060064731731368406,0.46321523062115466,0.3972531240421632
21.625,-63.395637105610035,0.06040015261894837,0.4634448395387084,0.3969970702009399
21.65,-63.34750893613378,0.06073670351090111,0.46366877038927046,0.3967455686110399
21.675,-63.299458713231296,0.06107438394638817,0.4638870397362906,0.3964985988956888
21.700000000000003,-63.25148591746335,0.061413193674000055,0.4640996640394411,0.39625614075836857
21.725,-63.20358999351915,0.06175313265747503,0.4643066596523017,0.3960181739851718
21.75,-63.1557703501788,0.06209420108147888,0.4645080428200026,0.3957846784471686
21.775,-63.10802636026713,0.0624363993574488,0.46470382967682344,0.3955556341027885
21.8,-63.060357360598395,0.06277972812950587,0.46489403624375025,0.3953310210002162
21.825000000000003,-63.012762651911146,0.06312418828043966,0.4650786784259847,0.3951108192798024
21.85,-62.96524149879252,0.06346978093776996,0.4652577720104092,0.39489500917648945
21.875,-62.91779312959125,0.06381650747988973,0.46543133266300246,0.3946835710222534
21.9,-62.87041673631883,0.06416436954229388,0.46559937592620754,0.39447648524856205
21.925,-62.82311147453787,0.06451336902389977,0.46576191721624816,0.39427373238885055
21.950000000000003,-62.7758764632371,0.06486350809346388,0.46591897182039377,0.3940752930810144
21.975,-62.72871078469206,0.06521478919610094,0.46607055489417104,0.3938811480699212
22.0,-62.68161348431087,0.0655672150599115,0.46621668145852,0.39369127820994193
22.025,-62.634583570464116,0.06592078870272342,0.46635736639689346,0.39350566446750235
22.05,-62.587620014298075,0.06627551343895459,0.4664926244522973,0.39332428792365587
22.075000000000003,-62.54072174953055,0.06663139288660329,0.46662247022427067,0.3931471297766789
22.1,-62.493887672228155,0.06698843097437386,0.4667469181658031,0.3929741713446892
22.125,-62.44711664056442,0.06734663194894476,0.4668659825801873,0.39280539406828896
22.15,-62.40040747455759,0.06770600038238678,0.4669796776178043,0.39264077951323406
22.175,-62.35375895578738,0.06806654117974062,0.46708801727283994,0.39248030937313044
22.200000000000003,-62.3071698270894,0.06842825958676105,0.4671910153799292,0.39232396547215853
22.225,-62.26063879222654,0.06879116119783817,0.4672886856107264,0.3921717297678286
22.25,-62.214164515535934,0.06915525196410431,0.46738104147039816,0.39202358435376716
22.275,-62.16774562155084,0.06952053820173669,0.4674680962940369,0.39187951146253686
22.3,-62.1213806945959,0.0698870266004664,0.46754986324299136,0.3917394934684915
22.325000000000003,-62.07506827835484,0.07025472423230411,0.467626355301111,0.39160351289066814
22.35,-62.028806875409366,0.07062363856049463,0.46769758527090194,0.39147155239571746
22.375,-61.982594946748016,0.07099377744871145,0.4677635657695895,0.3913435948008759
22.4,-61.93643091124366,0.07136514917050361,0.4678243092250856,0.39121962307698016
22.425,-61.89031314509833,0.07173776241900864,0.4678798278718558,0.3910996203515276
22.450000000000003,-61.84423998125394,0.07211162631694397,0.4679301337466824,0.39098356991178373
22.475,-61.798209708767544,0.07248675042689218,0.4679752386843208,0.3908714552079404
22.5,-61.75222057214954,0.07286314476189405,0.46801515431304236,0.39076325985632665
22.525,-61.70627077066329,0.07324081979636508,0.46804989205006203,0.39065896764267505
22.55,-61.660358457584586,0.0736197864773518,0.4680794630968438,0.3905585625254464
22.575000000000003,-61.61448173941917,0.07400005623614464,0.4681038784342802,0.39046202863921636
22.6,-61.56863867507662,0.07438164100026524,0.4681231488177409,0.390369350298126
22.625,-61.522827274998725,0.07476455320584698,0.46813728477198396,0.3902805119994007
22.65,-61.477045500240415,0.07514880581042717,0.4681462965859251,0.3901954984269404
22.675,-61.4312912615013,0.07553441230617233,0.46815019430725874,0.3901142944549846
22.700000000000003,-61.38556241810569,0.07592138673355714,0.4681489877369241,0.39003688515185664
22.725,-61.33985677692888,0.07630974369551963,0.4681426864234107,0.38996325578379054
22.75,-61.29417209126737,0.07669949837211579,0.4681312996568964,0.38989339181884447
22.775,-61.24850605965077,0.07709066653569807,0.4681148364632094,0.3898272789309063
22.8,-61.202856324592744,0.07748326456664338,0.4680933055976092,0.3897649030037943
22.825000000000003,-61.1572204712784,0.07787730946965735,0.46806671553837664,0.3897062501354592
22.85,-61.111596026185346,0.07827281889068326,0.4680350744802053,0.3896513066422913
22.875,-61.06598045563552,0.07866981113444506,0.467998390327387,0.3896000590635395
22.9,-61.02037116427482,0.07906830518265526,0.46795667068678,0.38955249416584564
22.925,-60.974765493477236,0.07946832071292043,0.46790992286055244,0.389508598947902
22.950000000000003,-60.92916071967021,0.07986987811837838,0.4678581538386905,0.3894683606452366
22.975,-60.88355405257763,0.08027299852810316,0.46780137029126057,0.38943176673513324
23.0,-60.83794263337685,0.08067770382831535,0.46773957856041454,0.3893988049416931
23.025,-60.792323532765685,0.08108401668443696,0.4676727846521273,0.3893694632410437
23.05,-60.746693748935485,0.08149196056403343,0.4676009942276542,0.38934372986670446
23.075000000000003,-60.70105020544576,0.08190155976068546,0.4675242125946953,0.38932159331511423
23.1,-60.65538974899591,0.08231283941883787,0.46744244469825375,0.38930304235133106
23.125,-60.609709147089234,0.08272582555967348,0.46735569511117425,0.3892880660149107
23.15,-60.564005085584206,0.08314054510806287,0.46726396802434716,0.3892766536259741
23.175,-60.51827416612757,0.0835570259206445,0.4671672672365623,0.3892687947914719
23.200000000000003,-60.472512903463745,0.08397529681509114,0.46706559614399656,0.3892644794116575
23.225,-60.426717722614505,0.0843953876006234,0.46695895772931856,0.38926369768677627
23.25,-60.38088495592267,0.08481732910983275,0.46684735455039206,0.3892664401239844
23.275,-60.335010839953156,0.08524115323188039,0.4667307887285597,0.389272697544507
23.3,-60.289091512244525,0.08566689294714304,0.46660926193648694,0.38928246109104736
23.325000000000003,-60.24312300790327,0.08609458236337882,0.4664827753855451,0.38929572223546105
23.35,-60.197101256033335,0.08652425675349261,0.4663513298127123,0.38931247278670666
23.375,-60.151022075992344,0.08695595259498291,0.46621492546696813,0.3893327048990879
23.4,-60.10488117346581,0.08738970761115783,0.46607356209515854,0.3893564110808009
23.425,-60.05867413635005,0.08782556081421304,0.4659272389273045,0.389383584202803
23.450000000000003,-60.012396430433746,0.08826355255026944,0.46577595466132754,0.3894142175080184
23.475,-59.96604339486792,0.08870372454647432,0.46561970744716374,0.3894483046208978
23.5,-59.91961023741292,0.08914611996027595,0.4654584948702351,0.38948583955735033
23.525,-59.87309202945101,0.08959078343098732,0.46529231393424747,0.3895268167350666
23.55,-59.82648370075153,0.0900377611337631,0.46512116104327994,0.3895712309842529
23.575000000000003,-59.77978003397587,0.09048710083611977,0.46494503198313125,0.38961907755879693
23.6,-59.73297565890767,0.0909388519571384,0.4647639219018849,0.38967035214788925
23.625,-59.68606504639346,0.09139306562949698,0.46457782528965225,0.38972505088812126
23.65,-59.63904250197781,0.09184979476448792,0.46438673595745306,0.3897831703760875
23.675,-59.59190215921571,0.09230909412018799,0.4641906470151872,0.3898447076815164
23.700000000000003,-59.54463797264441,0.09277102037295584,0.46398955084865096,0.3899096603609584
23.725,-59.49724371039517,0.09323563219244589,0.4637834390955477,0.3899780264720607
23.75,-59.44971294642455,0.09370299032033769,0.4635723026204385,0.39004980458846006
23.775,-59.40203905234324,0.09417315765299283,0.46335613148857874,0.3901249938153264
23.8,-59.354215188819154,0.09464619932826623,0.46313491493857767,0.3902035938055923
23.825000000000003,-59.30623429652976,0.09512218281671225,0.4629086413538202,0.39028560477690594
23.85,-59.2580890866371,0.09560117801744333,0.4626772982325812,0.3903710275293468
23.875,-59.20977203075705,0.0960832573589143,0.4624408721567618,0.39045986346394573
23.9,-59.161275350392444,0.09656849590492489,0.46219934875917057,0.3905521146020541
23.925,-59.112591005797526,0.09705697146615277,0.4619527126892695,0.3906477836056091
23.950000000000003,-59.063710684239055,0.09754876471755014,0.4617009475772968,0.39074687379834594
23.975,-59.01462578761673,0.09804395932196024,0.46144403599667566,0.39084938918801
24.0,-58.96532741940315,0.098542642060335,0.4611819594246107,0.39095533448962516
24.025,-58.91580637086061,0.0990449029689604,0.46091469820076736,0.39106471514988056
24.05,-58.866053106488806,0.09955083548412685,0.46064223148392286,0.39117753737269834
24.075000000000003,-58.816057748654494,0.10006053659471073,0.46036453720646975,0.3912938081460525
24.1,-58.76581006135019,0.10057410700316903,0.4600815920266452,0.39141353527011186
24.125,-58.715299433025166,0.10109165129548311,0.45979337127835007,0.39153672738678474
24.15,-58.66451485842813,0.10161327812062786,0.4594998489184121,0.39166339401074995
24.175,-58.61344491939569,0.10213910038018491,0.4592009974711396,0.3917935455620626
24.200000000000003,-58.56207776451643,0.10266923542876402,0.4588967879699977,0.3919271934004303
24.225,-58.510401087594325,0.10320380528594747,0.45858718989623004,0.39206434986126243
24.25,-58.45840210482993,0.10374293686052537,0.4582721711142344,0.3922050282936008
24.275,-58.40606753063106,0.10428676218784791,0.4579516978034894,0.39234924310004926
24.3,-58.35338355195754,0.10483541868118669,0.4576257343868101,0.3924970097788278
24.325000000000003,-58.30033580109755,0.10538904939806323,0.4572942434546991,0.39264834496808515
24.35,-58.24690932676408,0.10594780332258105,0.4569571856855378,0.39280326649261527
24.375,-58.193088563391676,0.10651183566487762,0.45661451976134604,0.3929617934131309
24.4,-58.138857298503275,0.10708130817890239,0.4562662022788172,0.39312394607826284
24.425,-58.0841986380064,0.10765638949982514,0.4559121876553119,0.39328974617946216
24.450000000000003,-58.02909496926623,0.10823725550248448,0.4555524280294698,0.39345921680900003
24.475,-57.97352792178975,0.10882408968240244,0.45518687315607315,0.3936323825212706
24.5,-57.91747832534162,0.10941708356101897,0.4548154702947634,0.3938092693976228
24.525,-57.86092616529649,0.11001643711693673,0.4544381640921845,0.3939899051149608
24.55,-57.80385053501561,0.11062235924512157,0.45405489645708896,0.39417431901837413
24.575000000000003,-57.746229585016714,0.11123506824616798,0.45366560642790354,0.39436254219807876
24.6,-57.68804046868586,0.11185479234792349,0.4532702300322142,0.3945546075709735
24.625,-57.629259284257046,0.11248177026196542,0.45286870013757924,0.3947505499671407
24.65,-57.5698610127605,0.11311625177764413,0.45246094629303274,0.39495040622164707
24.675,-57.509819451613126,0.11375849839664977,0.452046894560585,0.39515421527203226
24.700000000000003,-57.44910714349423,0.11440878401132588,0.4516264673359647,0.39536201826190237
24.725,-57.38769530011569,0.11506739563024868,0.4511995831577824,0.3955738586510851
24.75,-57.32555372045925,0.11573463415491418,0.4507661565042224,0.39578978233284007
24.775,-57.262650703011836,0.11641081521173417,0.45032609757628767,0.39600983775866183
24.8,-57.198952951484685,0.1170962700439394,0.44987931206653486,0.39623407607126215
24.825000000000003,-57.13442547345092,0.11779134646842551,0.4494257009121378,0.39646255124636876
24.85,-57.06903147128043,0.11849640990306509,0.4489651600310084,0.3966953202440373
24.875,-57.0027322246879,0.11921184447054688,0.4484975800395849,0.3969324431702378
24.9,-56.93548696414034,0.1199380541854018,0.44802284595076186,0.3971739834495443
24.925,-56.867252734292414,0.12067546423154253,0.4475408368502895,0.3974200080098406
24.950000000000003,-56.7979842465312,0.12142452233838212,0.44705142554980504,0.39767058748003636
24.975,-56.72763371961451,0.12218570026442456,0.44655447821447286,0.3979257964018878
25.0,-56.65615070727846,0.12295949539814018,0.4460498539630088,0.3981857134571236
25.025,-56.58348191156771,0.12374643248696703,0.4455374044376325,0.3984504217111949
25.05,-56.50957098050484,0.12454706550643319,0.4450169733412386,0.39872000887510234
25.075000000000003,-56.43435828856131,0.125361979682681,0.4444883959387886,0.3989945675869016
25.1,-56.35778069821912,0.12619179368312353,0.44395149851960697,0.3992741957146523
25.125,-56.279771300716476,0.127037161991586,0.4434060978169027,0.3995589966827639
25.15,-56.2002591338502,0.1278987774861118,0.4428520003804343,0.39984907982389595
25.175,-56.11916887445756,0.12877737423967273,0.44228900189777565,0.400144560758806
25.200000000000003,-56.03642050291722,0.12967373056634146,0.44171688645912993,0.4004455618067984
25.225,-55.95192893668802,0.13058867233811106,0.44113542576005016,0.40075221242972336
25.25,-55.86560362953906,0.1315230766005099,0.4405443782357693,0.4010646497128057
25.275,-55.77734813270919,0.13247787551852558,0.43994348812009165,0.4013830188859593
25.3,-55.68705961376,0.13345406068816953,0.43933248442094586,0.401707473889668
25.325000000000003,-55.59462832834486,0.1344526878533532,0.438711079803732,0.40203817798999286
25.35,-55.499937039496864,0.13547488207269193,0.438078969372486,0.4023753044478127
25.375,-55.40286037832781,0.13652184338649245,0.4374358293376222,0.40271903724802643
25.4,-55.30326413921372,0.13759485304062435,0.4367813155575646,0.40306957189515036
25.425,-55.20100450160252,0.13869528033136122,0.43611506193991295,0.40342711628255623
25.450000000000003,-55.09592716949533,0.13982459014373905,0.4354366786858756,0.4037918916435145
25.475,-54.98786641839923,0.14098435126571612,0.43474575035949253,0.40416413359327114
25.5,-54.8766440380984,0.14217624557161979,0.4340418337606204,0.404544093272603
25.525,-54.76206815790534,0.14340207818129574,0.4333244555776954,0.4049320386046948
25.55,-54.643931939093825,0.144663788716327,0.43259310979285437,0.4053282556788038
25.575000000000003,-54.52201211693015,0.14596346379200356,0.431847254807999,0.40573305027604395
25.6,-54.39606737204835,0.1473033509038361,0.4310863102557214,0.4061467495547931
25.625,-54.26583650778702,0.14868587389080026,0.4303096534535508,0.40656970391574654
25.65,-54.13103640643159,0.15011365018477998,0.4295166154535769,0.4070022890695757
25.675,-53.99135973298203,0.15158951008756882,0.4287064766319682,0.4074449083335823
25.700000000000003,-53.84647234996304,0.15311651835413884,0.42787846175401745,0.4078979951877548
25.725,-53.69601040075603,0.15469799840475146,0.42703173443982817,0.4083620161253524
25.75,-53.53957701177064,0.15633755954010883,0.426165390943282,0.4088374738386953
25.775,-53.37673855525439,0.15803912759465497,0.4252784531420811,0.409324910787403
25.8,-53.207020404379115,0.1598069795351862,0.4243698606189433,0.4098249132040926
25.825000000000003,-53.0299021000913,0.16164578259735093,0.4234384616928216,0.41033811560177846
25.85,-52.84481183464,0.16356063865417184,0.42248300323356197,0.4108652058582218
25.875,-52.65112013916792,0.16555713463173408,0.42150211906275536,0.4114069309656229
25.9,-52.448132641609845,0.16764139993176305,0.4204943167065185,0.41196410354982577
25.925,-52.23508173556885,0.16982017199398866,0.4194579622210881,0.41253760928217875
25.950000000000003,-52.01111696981966,0.17210087133911464,0.41839126275764654,0.41312841533010625
25.975,-51.77529393035017,0.1744916876834875,0.4172922464664541,0.4137375800201943
26.0,-51.52656134081914,0.17700167901850133,0.4161587392593791,0.4143662639213258
26.025000000000002,-51.263746051002755,0.17964088591287408,0.4149883378508349,0.41501574259653523
26.05,-50.98553551376111,0.18242046373830648,0.4137783783757121,0.4156874213226031
26.075,-50.690457266194535,0.18535283605601044,0.41252589973394366,0.4163828521382347
26.1,-50.37685482614003,0.18845187305434938,0.41122760062858166,0.41710375365784536
26.125,-50.04285928619831,0.19173309972220204,0.40987978904023165,0.41785203418213734
26.150000000000002,-49.686355728174554,0.19521393940973591,0.4084783226068201,0.4186298187534038
26.175,-49.304943383907535,0.1989139996051351,0.40701853804457,0.4194394809486453
26.2,-48.8958882251556,0.2028554081858352,0.4054951673444261,0.4202836803844915
26.225,-48.45606636506268,0.20706321013487056,0.40390223800080644,0.42116540713379325
26.25,-47.98189628469322,0.2115658367996244,0.4022329539752073,0.4220880345360947
26.275000000000002,-47.46925744704727,0.2163956622622069,0.40047955347827885,0.4230553822371432
26.3,-46.9133923148279,0.22158966432566546,0.3986331390105691,0.4240717917331874
26.325,-46.30878813690447,0.22719021100184833,0.3966834745273938,0.42514221724390966
26.35,-45.64903411015917,0.23324599714433372,0.39461874427907717,0.4262723354152249
26.375,-44.92664867517223,0.23981315978706907,0.3924252681938726,0.42746867818118806
26.400000000000002,-44.13287082055996,0.246956604336193,0.39008717030091444,0.4287387941082296
26.425,-43.257408477568255,0.25475157603227605,0.38758600085760203,0.4300914447030993
26.45,-42.28813663967885,0.2632855101848085,0.38490032166881366,0.43153684344795995
26.475,-41.21073822847201,0.27266018717679963,0.3820052810974929,0.4330869466137534
26.5,-40.008282834111625,0.2829941981215044,0.3788722360444909,0.4347558059300256
26.525000000000002,-38.66074385176762,0.2944256839364849,0.37546853075835535,0.43655999342141844
26.55,-37.14446589752336,0.30711522706845046,0.37175762637126114,0.43851910715807046
26.575,-35.43161619031159,0.32124862304140395,0.3676998970212635,0.4406563615381529
26.6,-33.489693045778125,0.3370389955120616,0.36325455755697966,0.4429992540508804
26.625,-31.28123291894446,0.35472728415684956,0.35838330551660225,0.4455802775597202
26.650000000000002,-28.763970804407858,0.3745794619514833,0.3530561929187329,0.4484376061717461
26.675,-25.89188803686239,0.3968778886329789,0.3472597183696811,0.45161561503410447
26.7,-22.61784437761543,0.42190307046625847,0.34100587499292717,0.4551649915818421
26.725,-18.898822794830533,0.4499011973513957,0.3343390661862583,0.4591420564692701
26.75,-14.705086511496933,0.48103323138829407,0.32733659617675553,0.4636067572433729
26.775000000000002,-10.034361877468644,0.5153049089602513,0.32009982143849613,0.468618696267595
26.8,-4.930727982260888,0.552485840246542,0.31273762886632744,0.4742306562566479
26.825,0.4956569309765802,0.5920397129981244,0.30534875025155694,0.4804796160929393
26.85,6.057156788960409,0.6331002129281091,0.29801005224704963,0.48737637419060886
26.875,11.498225203882049,0.6745260816393179,0.290773666961494,0.49489641920497485
26.900000000000002,16.533934492967923,0.7150436793598473,0.28367076812750414,0.5029757486498118
26.925,20.910082553787063,0.7534433737426555,0.2767178194342734,0.5115146721319397
26.95,24.460412210692986,0.7887636890426317,0.26992222613289324,0.5203897492545098
26.975,27.13404770966609,0.8204007512247775,0.26328627662701476,0.5294703114432985
27.0,28.983619459698062,0.8481194193594217,0.2568095097898088,0.5386340966866335
27.025000000000002,30.126961987544952,0.8719874128348745,0.25049002182843755,0.5477777060508899
27.05,30.704599598445707,0.8922757201840307,0.2443251612425354,0.556820637582311
27.075,30.848867953433558,0.9093630043353591,0.23831189726434568,0.5657042768164406
27.1,30.668799838787237,0.9236633517116771,0.2324470191023014,0.574388208403683
27.125,30.247094489842418,0.9355805661512298,0.22672724707290565,0.5828458475247428
27.150000000000002,29.64348886350788,0.9454838882399507,0.2211492965487723,0.5910605343559934
27.175,28.90017490033471,0.9536980617619877,0.21570991565458744,0.5990225020939463
27.2,28.046933037590488,0.9605017948951561,0.21040590782278223,0.6067267079911266
27.225,27.105143894674686,0.9661305470208279,0.2052341453914488,0.6141713522443208
27.25,26.090620141514805,0.9707811842858411,0.20019157782913907,0.6213568880064901
27.275000000000002,25.0154905615498,0.9746171505560242,0.19527523672226976,0.6282853609419254
27.3,23.8894116923238,0.9777734710250986,0.19048223881537174,0.6349599627076341
27.325,22.720334238314805,0.9803612835987663,0.1858097878878288,0.6413847215955321
27.35,21.51498626482595,0.9824717942005629,0.18125517594390977,0.6475642814523489
27.375,20.279180194756865,0.9841796531239777,0.17681578400632617,0.6535037383878591
27.400000000000002,19.018011317064627,0.9855457962426467,0.1724890826899211,0.6592085163584974
27.425,17.73598963248569,0.9866198130453073,0.16827263266257986,0.6646842698173892
27.45,16.437130574760207,0.9874419071296189,0.16416408505741542,0.6699368059345743
27.475,15.125020143941187,0.9880445114862445,0.16016118187324038,0.6749720215085385
27.5,13.80286391607462,0.9884536146002137,0.15626175638276807,0.6797958512911455
27.525000000000002,12.473525717558367,0.9886898461489493,0.15246373355614012,0.6844142254415182
27.55,11.139559521742166,0.9887693639189222,0.14876513049893303,0.6888330344534946
27.575,9.803236764325735,0.988704576979668,0.14516405689728237,0.6930581003099766
27.6,8.466570438473367,0.9885047343360459,0.1416587154574293,0.6970951528911233
27.625,7.131336814431585,0.9881764032650242,0.13824740232218746,0.7009498108530732
27.650000000000002,5.799095308254189,0.9877238572928514,0.1349285074422835,0.7046275663303699
27.675,4.471206825124871,0.9871493902081657,0.13170051487602938,0.7081337729172608
27.7,3.148850778846194,0.9864535695500306,0.128562002986165,0.7114736364620926
27.725,1.833040911962685,0.9856354405705816,0.1255116444980265,0.7146522082722065
27.75,0.5246399928957319,0.9846926896692434,0.1225482063783853,0.7176743803786355
27.775000000000002,-0.7756265637899953,0.9836217746571173,0.11967054948953382,0.7205448825533421
27.8,-2.0671581273766075,0.9824180278731269,0.11687762796865428,0.7232682808085573
27.825,-3.3494673178692396,0.981075737083644,0.11416848827842327,0.7258489771392964
27.85,-4.6221695060927015,0.979588208208555,0.111542267871643,0.728291210297087
27.875,-5.884973351198763,0.9779478131900025,0.10899819341085115,0.7305990574060477
27.900000000000002,-7.1376723866677985,0.9761460257224138,0.1065355784839889,0.7327764362521163
27.925,-8.38013767221672,0.9741734470659866,0.10415382075997615,0.7348271080928419
27.95,-9.61231153484296,0.97201982374687,0.10185239853415784,0.7367546808490937
27.975,-10.834202427288053,0.9696740585857545,0.09963086662388176,0.7385626125515874
28.0,-12.045880936117666,0.9671242161752965,0.0974888515895904,0.7402542149246623
28.025000000000002,-13.247476973833678,0.9643575236313092,0.09542604627738169,0.7418326569975864
28.05,-14.439178189352628,0.9613603671608967,0.09344220370533303,0.7433009686401956
28.075,-15.621229628217694,0.9581182847130183,0.09153713034790183,0.7446620439253083
28.1,-16.793934667463553,0.9546159546962477,0.0897106789099089,0.7459186442255044
28.125,-17.957657239738285,0.950837180460206,0.08796274072274086,0.747073400956975
28.150000000000002,-19.11282534684453,0.9467648699398294,0.08629323793864334,0.7481288178886972
28.175,-20.259935844310093,0.942381009557055,0.08470211574176686,0.7490872729415793
28.2,-21.39956045624053,0.9376666311679208,0.0831893348338004,0.7499510194099211
28.225,-22.53235295403584,0.9326017705437158,0.08175486448411835,0.7507221865468549
28.25,-23.65905740429277,0.9271654155957073,0.08039867645575699,0.751402779466729
28.275000000000002,-24.780517361006943,0.9213354423115703,0.07912074012605018,0.7519946783308992
28.3,-25.89768584543849,0.9150885361898141,0.07792101911202041,0.7524996367992862
28.325,-27.011635923520107,0.9084000968631479,0.07679946968452982,0.7529192797485584
28.35,-28.123571654212157,0.9012441236262003,0.07575604121235636,0.7532551002790828
28.375,-29.23483914010102,0.8935930797686186,0.07479067882015047,0.7535084560572336
28.400000000000002,-30.34693735917855,0.8854177340144938,0.073903328376924,0.7536805650677812
28.425,-31.461528387218298,0.8766869780532643,0.07309394386015361,0.7537725008838345
28.45,-32.580446523871636,0.8673676202099647,0.07236249707167602,0.7537851876005169
28.475,-33.70570569994696,0.8574241568734213,0.07170898962279268,0.7537193946251669
28.5,-34.839504352686006,0.8468185255575297,0.07113346706461836,0.7535757315739334
28.525000000000002,-35.98422669159677,0.8355098466571851,0.07063603502206804,0.753354643595438
28.55,-37.142438918521826,0.8234541654071886,0.07021687720066788,0.7530564075304864
28.575,-38.31687848997324,0.810604211698247,0.06987627517676481,0.7526811294267426
28.6,-39.51043389661022,0.7969092038168878,0.06961462995217389,0.7522287440627243
28.625,-40.726111669709304,0.7823147335623567,0.06943248534670632,0.7516990172992157
28.650000000000002,-41.96698640803375,0.7667627853860229,0.06933055340069226,0.7510915522684889
28.675,-43.23612858026682,0.7501919620910001,0.06930974203574235,0.7504058006281711
28.7,-44.536503779469015,0.7325380150141255,0.06937118522728355,0.7496410803350555
28.725,-45.870836153372096,0.713734807849558,0.06951627580122745,0.7487966016108052
28.75,-47.24142820569078,0.6937158796767805,0.06974670056881836,0.7478715029360005
28.775000000000002,-48.64992954484062,0.6724168115542888,0.07006447670903823,0.7468648989595855
28.8,-50.09704917685038,0.6497786357553389,0.07047198691728113,0.7457759420610144
28.825,-51.582210596981014,0.6257525448992676,0.0709720086846564,0.744603898841849
28.85,-53.10315743181403,0.6003061387695865,0.07156773005174431,0.7433482419272166
28.875,-54.65553087261844,0.5734313576688156,0.07226274039809807,0.742008756008216
28.900000000000002,-56.232459147788894,0.5451540510266406,0.0730609807897568,0.7405856549848367
28.925,-57.824222701842054,0.5155447751929648,0.07396663524418032,0.7390797044118148
28.95,-59.41808248001535,0.48472988091016644,0.07498394389571911,0.7374923404180705
28.975,-60.99837445259888,0.4529012725543477,0.07611692400457067,0.7358257733104814
29.0,-62.54696888083985,0.4203225382886126,0.07736899751606055,0.7340830618890334
29.025000000000002,-64.04415463128818,0.3873287419111937,0.07874254533066859,0.7322681439967899
29.05,-65.46993049369414,0.3543174128858958,0.08023843588810155,0.7303858109226387
29.075,-66.80557672104564,0.32172949028068426,0.08185560145056732,0.7284416185592147
29.1,-68.03527261677824,0.2900211646981789,0.08359074810942087,0.7264417365085125
29.125,-69.14746632420571,0.2596301779055084,0.08543827451597157,0.7243927462945667
29.150000000000002,-70.13572929976657,0.23094217988693366,0.08739043704331764,0.7223014090571271
29.175,-70.99894379641574,0.20426321515608312,0.08943774521141841,0.7201744287496592
29.200000000000003,-71.7408364881623,0.1798029556418173,0.09156951987850874,0.7180182369791609
29.225,-72.36902027231302,0.15767048174898834,0.09377451676017318,0.7158388201253668
29.25,-72.89378659980999,0.13788140742286403,0.09604151778844522,0.7136416001899629
29.275000000000002,-73.32688784836391,0.12037303804967195,0.09835981764595207,0.7114313709295559
29.3,-73.68048581381835,0.10502351960087414,0.10071956896677763,0.7092122828672817
29.325000000000003,-73.96635689535086,0.09167139502089879,0.10311198343046889,0.7069878661347119
29.35,-74.1953693632699,0.08013308370622958,0.10552940905836815,0.7047610787622308
29.375,-74.37719902415442,0.07021700046578241,0.10796531475117854,0.7025343691193048
29.400000000000002,-74.52022744965457,0.061733994580246025,0.11041421409052105,0.7003097435626809
29.425,-74.63156450242242,0.05450440403910369,0.11287155570661296,0.6980888330291088
29.450000000000003,-74.71714533947693,0.048362318321654586,0.11533360062039918,0.6958729547174323
29.475,-74.78186442196008,0.043157718543438695,0.11779730018683388,0.6936631668825258
29.5,-74.82972109913358,0.038757111519561085,0.12026018269881858,0.6914603160747917
29.525000000000002,-74.8639611570969,0.035043166008894386,0.12272025265136471,0.6892650769843561
29.55,-74.887205882526,0.03191373958780518,0.12517590397532719,0.6870779855080619
29.575000000000003,-74.90156497217002,0.029280576131339088,0.12762584692889423,0.6848994658652299
29.6,-74.90873255872926,0.027067865568385995,0.1300690474687486,0.6827298526381583
29.625,-74.91006726740981,0.025210790445851446,0.13250467754867493,0.6805694085730477
29.650000000000002,-74.90665801279319,0.0236541353115838,0.13493207471628102,0.6784183388917848
29.675,-74.89937752224023,0.022351001269072277,0.1373507094651141,0.6762768027629416
29.700000000000003,-74.88892555464314,0.02126164558759473,0.13976015896433694,0.6741449224777483
29.725,-74.8758636162398,0.02035245184544139,0.14216008597992447,0.672022790782165
29.75,-74.86064274596606,0.019595027295857586,0.14455022199138215,0.6699104767331434
29.775000000000002,-74.84362570134533,0.01896541915782808,0.14693035368174856,0.6678080303766843
29.8,-74.82510464834678,0.01844343904386169,0.14930031213027628,0.665715486486718
29.825000000000003,-74.80531525681806,0.018012083836412944,0.1516599641655238,0.6636328675559096
29.85,-74.78444793067952,0.01765704139517901,0.15400920544301502,0.6615601861907184
29.875,-74.76265675835732,0.017366270107307142,0.15634795489866582,0.659497447031862
29.900000000000002,-74.74006665115883,0.01712964221325997,0.15867615029960092,0.6574446482964652
29.925,-74.71677904190798,0.016938641882469834,0.1609937446706147,0.6554017830183498
29.950000000000003,-74.69287643954887,0.016786110070598975,0.16330070341980857,0.6533688400471865
29.975,-74.6684260742546,0.01666602920330968,0.1655970020230158,0.6513458048547697
30.0,-74.64348281893581,0.016573341667239328,0.16788262415534022,0.6493326601867759
30.025000000000002,-74.61809153446701,0.016503796932573294,0.170157560180909,0.6473293865905567
30.05,-74.59228895540966,0.016453822879432128,0.17242180593003673,0.6453359628433013
30.075000000000003,-74.56610520885866,0.016420417554982334,0.17467536170734924,0.6433523662999916
30.1,-74.53956503994372,0.016401058156069778,0.1769182314857943,0.6413785731766797
30.125,-74.51268880241926,0.016393624521319306,0.17915042225052802,0.6394145587815003
30.150000000000002,-74.48549326083622,0.016396334835686994,0.18137194346383814,0.63746029770339
30.175,-74.45799224133609,0.016407691607916188,0.18358280662799376,0.6355157639665059
30.200000000000003,-74.43019716061978,0.016426436285270435,0.18578302492746793,0.6335809311567746
30.225,-74.40211745670457,0.016451511127625048,0.18797261293560022,0.6316557725257645
30.25,-74.37376094036632,0.016482027181061662,0.19015158637368665,0.6297402610760566
30.275000000000002,-74.34513408241511,0.01651723737530785,0.19231996191278627,0.6278343696315044
30.3,-74.31624224896542,0.016556513924743343,0.19447775701040565,0.625938070895124
30.325000000000003,-74.28708989448234,0.016599329343618727,0.1966249897757127,0.6240513374968333
30.35,-74.25768072048298,0.016645240496350404,0.1987616788581205,0.6221741420328586
30.375,-74.22801780625218,0.016693875196475912,0.2008878433550629,0.6203064570982729
30.400000000000002,-74.19810371671218,0.016744920945807464,0.20300350273554596,0.6184482553138749
30.425,-74.16794059160902,0.016798115470830197,0.2051086767766974,0.6165995093483891
30.450000000000003,-74.13753021939196,0.01685323876842198,0.207203385511046,0.6147601919367889
30.475,-74.10687409852954,0.016910106419184102,0.20928764918266432,0.6129302758954099
30.5,-74.07597348849582,0.016968563965474102,0.21136148821065842,0.6111097341343891
30.525000000000002,-74.04482945224773,0.01702848218380277,0.21342492315874512,0.6092985396678805
30.55,-74.0134428916814,0.017089753108596662,0.21547797470988966,0.6074966656224177
30.575000000000003,-73.98181457728428,0.017152286687272724,0.21752066364515618,0.6057040852437201
30.6,-73.94994517298112,0.01721600796582763,0.21955301082606318,0.6039207719022063
30.625,-73.91783525699255,0.017280854720305733,0.22157503717987181,0.6021466990974117
30.650000000000002,-73.88548533938037,0.017346775463071264,0.22358676368731875,0.6003818404614932
30.675,-73.85289587683415,0.017413727764192997,0.2255882113723981,0.5986261697619621
30.700000000000003,-73.82006728515748,0.017481676837803294,0.22757940129386248,0.5968796609037614
30.725,-73.78699994983208,0.01755059435131115,0.2295603545381603,0.5951422879307967
30.75,-73.75369423497362,0.017620457422080665,0.2315310922135868,0.5934140250269961
30.775000000000002,-73.72015049093874,0.01769124777183639,0.23349163544544965,0.5916948465169756
30.8,-73.6863690607994,0.017762951013801646,0.23544200537208973,0.5899847268663655
30.825000000000003,-73.65235028586415,0.017835556051560147,0.2373822231416254,0.5882836406818485
30.85,-73.61809451039584,0.017909054571975756,0.23931230990929997,0.5865915627109526
30.875,-73.58360208565081,0.01798344061731689,0.241232286835344,0.5849084678416306
30.900000000000002,-73.54887337334378,0.01805871022409121,0.24314217508326655,0.5832343311016602
30.925,-73.51390874862597,0.018134861118080835,0.24504199581850952,0.5815691276578868
30.950000000000003,-73.47870860264953,0.01821189245673449,0.24693177020741042,0.57991283281533
30.975,-73.44327334477998,0.018289804611473778,0.24881151941641863,0.5782654220161759
31.0,-73.407603404508,0.01836859898364857,0.2506812646115321,0.5766268708386654
31.025000000000002,-73.37169923310451,0.018448277848866636,0.25254102695791275,0.5749971549958939
31.05,-73.3355613050555,0.01852884422525494,0.2543908276196536,0.5733762503345364
31.075000000000003,-73.29919011930751,0.018610301761910787,0.25623068775967534,0.5717641328335006
31.1,-73.26258620035007,0.018692654644389677,0.2580606285397243,0.5701607786025245
31.125,-73.22575009915738,0.018775907514572997,0.2598806711204608,0.5685661638807172
31.150000000000002,-73.18868239400769,0.018860065402675482,0.26169083666161663,0.5669802650350569
31.175,-73.15138369119659,0.01894513366950396,0.2634911463222099,0.5654030585588452
31.200000000000003,-73.11385462565767,0.01903111795737459,0.26528162126080923,0.5638345210701239
31.225,-73.076095861502,0.01911802414834467,0.26706228263583104,0.5622746293100618
31.25,-73.0381080924863,0.019205858328625362,0.2688331516058682,0.5607233601413073
31.275000000000002,-72.99989204241824,0.019294626758218074,0.27059424933003795,0.5591806905463177
31.3,-72.9614484655058,0.01938433584496635,0.2723455969683445,0.5576465976256632
31.325000000000003,-72.9227781466569,0.019474992122341286,0.2740872156820535,0.5561210585963077
31.35,-72.88388190173478,0.01956660223038343,0.27581912663406843,0.5546040507898715
31.375,-72.84476057777289,0.01965917289931445,0.27754135098931154,0.5530955516508734
31.400000000000002,-72.80541505315391,0.019752710935406568,0.27925390991510013,0.5515955387349581
31.425,-72.76584623775572,0.01984722320876187,0.28095682458151827,0.550103989707107
31.450000000000003,-72.7260550730673,0.019942716642707026,0.28265011616178326,0.5486208823398341
31.475,-72.68604253227674,0.020039198204554066,0.28433380583259893,0.5471461945113709
31.5,-72.64580962033392,0.020136674897517172,0.2860079147745013,0.5456799042038363
31.525000000000002,-72.6053573739892,0.02023515375360627,0.2876724641721896,0.5442219895013979
31.55,-72.56468686180983,0.020334641827346976,0.28932747521484237,0.5427724285884215
31.575000000000003,-72.52379918417556,0.020435146190198962,0.29097296909642184,0.5413311997476098
31.6,-72.48269547325434,0.020536673925564033,0.2926089670159582,0.5398982813581353
31.625,-72.44137689295935,0.02063923212429261,0.29423549017782086,0.5384736518937617
31.650000000000002,-72.39984463888808,0.020742827880610597,0.29585255979197056,0.5370572899209587
31.675,-72.35809993824427,0.020847468288400568,0.2974601970741935,0.5356491740970107
31.700000000000003,-72.31614404974337,0.020953160437781802,0.2990584232463197,0.5342492831681172
31.725,-72.27397826350209,0.02105991141194135,0.3006472595364198,0.5328575959674884
31.75,-72.23160390091253,0.02116772828417641,0.30222672717898724,0.5314740914134344
31.775000000000002,-72.1890223145013,0.021276618115113558,0.30379684741509894,0.5300987485074496
31.8,-72.14623488777411,0.02138658795007624,0.305357641492558,0.5287315463322944
31.825000000000003,-72.10324303504615,0.02149764481657618,0.3069091306660204,0.527372464050068
31.85,-72.0600482012584,0.021609795721907583,0.3084513361970991,0.5260214809002841
31.875,-72.01665186178049,0.021723047650827103,0.3099842793544543,0.5246785761979372
31.900000000000002,-71.97305552219989,0.021837407563304313,0.31150798141386266,0.5233437293315708
31.925,-71.92926071809818,0.021952882392330612,0.31302246365826913,0.5220169197613413
31.950000000000003,-71.88526901481413,0.022069479041775652,0.3145277473778232,0.5206981270170797
31.975,-71.8410820071941,0.022187204384282355,0.3160238538698949,0.5193873306963539
32.0,-71.7967013193298,0.02230606525919363,0.31751080443907664,0.5180845104625277
32.025000000000006,-71.75212860428353,0.02242606847050371,0.31898862039716697,0.516789646042821
32.05,-71.70736554380123,0.022547220784829465,0.32045732306313635,0.5155027172263718
32.075,-71.66241384801326,0.022669528929397546,0.3219169337630839,0.5142237038622917
32.1,-71.61727525512333,0.02279299959004276,0.32336747383016756,0.5129525858577335
32.125,-71.57195153108543,0.022917639409216334,0.32480896460453046,0.5116893431759494
32.150000000000006,-71.52644446926901,0.02304345498400026,0.3262414274332063,0.5104339558343579
32.175,-71.48075589011279,0.023170452864126636,0.32766488367000957,0.5091864039026119
32.2,-71.43488764076682,0.023298639550000885,0.32907935467542004,0.507946667500666
32.225,-71.38884159472342,0.023428021490726408,0.33048486181644227,0.5067147267968545
32.25,-71.3426196514369,0.023558605082131673,0.3318814264664632,0.5054905620059653
32.275000000000006,-71.29622373593217,0.02369039666479782,0.33326907000509126,0.5042741533873245
32.3,-71.24965579840253,0.02382340252208716,0.3346478138179839,0.5030654812428833
32.325,-71.20291781379653,0.02395762887817287,0.3360176792966697,0.5018645259153085
32.35,-71.15601178139453,0.02409308189606864,0.33737868783834934,0.5006712677860855
32.375,-71.10893972437441,0.024229767675660454,0.3387308608456971,0.49948568727361947
32.400000000000006,-71.06170368936725,0.024367692251739376,0.34007421972664553,0.49830776483135014
32.425,-71.01430574600272,0.024506861592036393,0.34140878589416196,0.49713748094587296
32.45,-70.9667479864444,0.024647281595260723,0.342734580766021,0.49597481613506383
32.475,-70.91903252491547,0.024788958089140552,0.3440516257645597,0.49481975094622116
32.5,-70.87116149721453,0.024931896828469302,0.3453599423164344,0.49367226595420927
32.525000000000006,-70.82313706022198,0.025076103493156438,0.3466595518523643,0.49253234175961613
32.55,-70.77496139139717,0.02522158368628471,0.3479504758068685,0.49139995898692224
32.575,-70.72663668826615,0.025368342932175256,0.34923273561800194,0.49027509828267524
32.6,-70.6781651679009,0.02551638667446015,0.3505063527270765,0.4891577403136849
32.625,-70.62954906638927,0.02566572027416574,0.35177134857838555,0.4880478657652222
32.650000000000006,-70.5807906382968,0.025816349007805998,0.35302774461891834,0.4869454553392359
32.675,-70.53189215611991,0.025968278065488185,0.3542755622980696,0.48585048975258355
32.7,-70.48285590973097,0.026121512549032437,0.35551482306735044,0.4847629497352706
32.725,-70.43368420581552,0.026276057470105113,0.35674554838008715,0.4836828160287138
32.75,-70.38437936730168,0.026431917748369237,0.35796775969112477,0.4826100693840107
32.775000000000006,-70.33494373278188,0.026589098209651964,0.35918147845652326,0.4815446905602309
32.8,-70.28537965592767,0.02674760358413085,0.36038672613325107,0.4804866603227238
32.825,-70.23568950489707,0.0269074385045413,0.36158352417888134,0.47943595944143885
32.85,-70.18587566173532,0.027068607504404762,0.3627718940512784,0.47839256868927144
32.875,-70.135940521769,0.02723111501628148,0.36395185720829126,0.4773564688404202
32.900000000000006,-70.08588649299362,0.027394965370047396,0.3651234351074409,0.4763276406687675
32.925,-70.03571599545539,0.027560162791197666,0.3662866492056069,0.47530606494628036
32.95,-69.98543146062687,0.027726711399178778,0.367441520958719,0.4742917224414273
32.975,-69.9350353307772,0.027894615205749086,0.36858807182143966,0.47328459391762345
33.0,-69.88453005833676,0.028063878113371785,0.36972632324685567,0.47228466013169046
33.025000000000006,-69.83391810525708,0.028234503913639793,0.37085629668616504,0.4712919018323434
33.05,-69.7832019423656,0.028406496285735144,0.3719780135883645,0.4703062997587002
33.075,-69.7323840487159,0.028579858794924973,0.3730914953999428,0.46932783463881134
33.1,-69.68146691093409,0.028754594891093846,0.3741967635645673,0.4683564871882202
33.125,-69.6304530225606,0.028930707907316517,0.3752938395227798,0.4673922381085421
33.150000000000006,-69.57934488338859,0.029108201058470742,0.3763827447116887,0.4664350680860725
33.175,-69.52814499879892,0.02928707743989242,0.3774635005646633,0.46548495779042215
33.2,-69.47685587909179,0.029467340026075563,0.37853612851103446,0.4645418878731747
33.225,-69.42548003881578,0.029648991669416522,0.37960064997578896,0.4636058389665784
33.25,-69.37401999609402,0.0298320350990067,0.38065708637927426,0.4626767916822598
33.275000000000006,-69.3224782719483,0.030016472919473285,0.3817054591369,0.4617547266099694
33.3,-69.27085738962116,0.030202307609870246,0.38274578965884226,0.4608396243163578
33.325,-69.2191598738961,0.030389541522621907,0.3837780993497538,0.45993146534377627
33.35,-69.16738825041688,0.030578176882518942,0.3848024096084697,0.4590302302091162
33.375,-69.11554504500506,0.03076821578577024,0.385818741827722,0.45813589940267135
33.400000000000006,-69.06363278297736,0.03095966019911069,0.3868271173938526,0.45724845338703707
33.425,-69.0116539884623,0.03115251195896674,0.38782755768652755,0.4563678725960409
33.45,-68.95961118371653,0.03134677277068224,0.3888200840784585,0.4554941374337027
33.475,-68.90750688844165,0.03154244420780363,0.3898047179351185,0.454627228273234
33.5,-68.85534361910115,0.03173952771142875,0.39078148061446666,0.45376712545606496
33.525000000000006,-68.80312388823825,0.03193802458961842,0.39175039346667073,0.45291380929090974
33.55,-68.75085020379484,0.03213793601687295,0.3927114778338313,0.45206726005286674
33.575,-68.69852506843164,0.032339263033675666,0.3936647550497109,0.45122745798255004
33.6,-68.64615097885022,0.03254200654610249,0.3946102464394585,0.4503943832852632
33.625,-68.59373042511689,0.032746167325501944,0.39554797331934133,0.44956801613020325
33.650000000000006,-68.54126588998888,0.03295174600824383,0.3964779569964737,0.44874833664970515
33.675,-68.48875984824323,0.033158743095539296,0.39740021876854653,0.44793532493852306
33.7,-68.43621476600838,0.03336715895333386,0.39831477992356124,0.44712896105314626
33.725,-68.38363310009925,0.033576993812272325,0.3992216617395574,0.4463292250111585
33.75,-68.33101729735556,0.03378824776773926,0.40012088548434677,0.4455360967906299
33.775000000000006,-68.27836979398413,0.03400092077997423,0.4010124724152427,0.4447495563295517
33.8,-68.22569301490527,0.03421501267426275,0.4018964437787898,0.4439695835253096
33.825,-68.17298937310346,0.034430523141205656,0.40277282081049537,0.44319615823419317
33.85,-68.12026126898289,0.03464745173706446,0.40364162473455417,0.44242926027095103
33.875,-68.06751108972789,0.03486579788418733,0.404502876763577,0.44166886940838024
33.900000000000006,-68.01474120866861,0.035085560871513044,0.4053565980983144,0.4409149653769596
33.925,-67.96195398465244,0.03530673985515534,0.4062028099273773,0.4401675278645235
33.95,-67.90915176142097,0.03552933385906857,0.4070415334269588,0.4394265365159731
33.975,-67.85633686699342,0.03575334177579323,0.40787278976054736,0.43869197093303464
34.0,-67.80351161305609,0.03597876236728447,0.4086966000786414,0.437963810674053
34.025000000000006,-67.7506782943588,0.03620559426582189,0.40951298551845766,0.43724203525383054
34.05,-67.6978391881181,0.03643383597500158,0.41032196720363434,0.43652662414350696
34.075,-67.64499655342746,0.036663485870812015,0.4111235662439333,0.43581755677047834
34.1,-67.59215263067537,0.0368945422027913,0.4119178037349319,0.43511481251836304
34.125,-67.53930964097064,0.03712700309526898,0.41270470075771387,0.4344183707270041
34.150000000000006,-67.48646978557588,0.03736086654869041,0.41348427837855156,0.4337282106925175
34.175,-67.43363524534908,0.03759613044102394,0.4142565576485819,0.4330443116673817
34.2,-67.38080818019344,0.03783279252925287,0.4150215596034779,0.4323666528605668
34.225,-67.32799072851613,0.03807085045094847,0.41577930526310847,0.4316952134377107
34.25,-67.27518500669545,0.03831030172592796,0.41652981563119473,0.4310299725213323
34.275000000000006,-67.22239310855734,0.03855114375799402,0.41727311169495557,0.43037090919108995
34.3,-67.16961710486103,0.03879337383675706,0.41800921442474454,0.4297180024840815
34.325,-67.11685904279393,0.039036989139540505,0.4187381447736801,0.42907123139518377
34.35,-67.06412094547652,0.03928198673336605,0.4194599236772618,0.42843057487743846
34.375,-67.0114048114766,0.03952836357702211,0.4201745720529811,0.4277960118424749
34.400000000000006,-66.95871261433372,0.03977611652321179,0.4208821107999184,0.4271675211609771
34.425,-66.90604630209387,0.04002524232078107,0.4215825607983298,0.42654508166319244
34.45,-66.85340779685401,0.04027573761702745,0.42227594290922466,0.42592867213947855
34.475,-66.8007989943175,0.04052759896008561,0.42296227797392694,0.42531827134089534
34.5,-66.7482217633597,0.04078082280139277,0.4236415868136286,0.4247138579798338
34.525000000000006,-66.69567794560444,0.04103540549823021,0.42431389022892774,0.4241154107306874
34.55,-66.64316935501137,0.04129134331634084,0.42497920899935315,0.4235229082305641
34.575,-66.59069777747378,0.04154863243262333,0.4256375638828785,0.4229363290800347
34.6,-66.53826497042807,0.04180726893789866,0.42628897561541756,0.42235565184392615
34.625,-66.48587266247365,0.042067248839751534,0.4269334649103095,0.42178085505214874
34.650000000000006,-66.43352255300444,0.04232856806544313,0.42757105245778665,0.4212119172005651
34.675,-66.38121631185145,0.04259122246489456,0.4282017589244271,0.42064881675189775
34.7,-66.32895557893654,0.04285520781374142,0.42882560495259414,0.4200915321366713
34.725,-66.27674196393777,0.04312051981645479,0.42944261115985527,0.4195400417541973
34.75,-66.22457704596575,0.04338715410953162,0.4300527981383889,0.41899432397359176
34.775000000000006,-66.1724623732517,0.043655106264749735,0.43065618645437237,0.41845435713483164
34.8,-66.12039946284688,0.04392437179248761,0.43125279664735156,0.4179201195498474
34.825,-66.06838980033304,0.04419494614510809,0.43184264922959664,0.4173915895036496
34.85,-66.01643483954486,0.04446682472040263,0.43242576468543514,0.4168687452554933
34.875,-65.96453600230332,0.044740002865097085,0.4330021634705712,0.4163515650400748
34.900000000000006,-65.91269467816059,0.0450144758784157,0.4335718660113835,0.4158400270687636
34.925,-65.86091222415625,0.04529023901570223,0.4341348927042044,0.4153341095308685
34.95,-65.80918996458459,0.045567287492098166,0.4346912639145829,0.4148337905949343
34.975,-65.7575291907734,0.04584561648627328,0.43524099997652316,0.41433904841007485
35.0,-65.70593116087355,0.04612522114421088,0.4357841211917077,0.4138498611073338
35.025000000000006,-65.65439709965983,0.04640609658304322,0.43632064782869834,0.41336620680107955
35.05,-65.60292819834268,0.04668823789493642,0.43685060012211674,0.41288806359043023
35.075,-65.55152561439058,0.04697164015102498,0.43737399827180623,0.4124154095607069
35.1,-65.50019047136347,0.04725629840539042,0.4378908624419694,0.4119482227849195
35.125,-65.44892385875636,0.04754220769908726,0.4384012127602885,0.4114864813252782
35.150000000000006,-65.39772683185372,0.04782936306421116,0.4389050693170217,0.41103016323473546
35.175,-65.34660041159393,0.048117759528008765,0.4394024521640786,0.41057924655855454
35.2,-65.29554558444386,0.04840739211702955,0.4398933813140752,0.41013370933590404
35.225,-65.2445633022836,0.04869825586131415,0.44037787673936396,0.4096935296014812
35.25,-65.19365448230062,0.048990345798622194,0.4408559583710452,0.4092586853871581
35.275000000000006,-65.1428200068938,0.04928365697869516,0.44132764609795366,0.408829154723654
35.3,-65.09206072358666,0.04957818446755334,0.4417929597656225,0.40840491564223286
35.325,-65.0413774449496,0.0498739233518275,0.4422519191752267,0.40798594617642214
35.35,-64.99077094853145,0.05017086874312005,0.44270454408250054,0.40757222436375773
35.375,-64.9402419767992,0.0504690157823989,0.443150854196634,0.4071637282475481
35.400000000000006,-64.8897912370865,0.050768359644419184,0.44359086917914536,0.40676043587866234
35.425,-64.83941940155023,0.051068895542173004,0.4440246086427292,0.40636232531733907
35.45,-64.78912710713476,0.05137061873136722,0.444452092150083,0.4059693746350139
35.475,-64.73891495554425,0.05167352451492502,0.4448733392127071,0.40558156191616984
35.5,-64.68878351322184,0.05197760824751396,0.4452883692896829,0.405198865260204
35.525000000000006,-64.63873331133608,0.05228286534009675,0.44569720178642586,0.4048212627833148
35.55,-64.58876484577415,0.052589291264504484,0.44609985605341357,0.4044487326204069
35.575,-64.53887857714115,0.05289688155803344,0.44649635138489135,0.404081252927012
35.6,-64.48907493076592,0.053205631828060596,0.44688670701754996,0.4037188018812296
35.625,-64.43935429671222,0.053515537756681934,0.4472709421291815,0.40336135768568054
35.650000000000006,-64.38971702979542,0.05382659510536925,0.44764907583730834,0.40300889856947913
35.675,-64.34016344960433,0.05413879971964628,0.44802112719778675,0.40266140279021945
35.7,-64.29069384052744,0.05445214753378518,0.44838711520338675,0.4023188486359753
35.725,-64.24130845178381,0.054766634575519335,0.44874705878234367,0.4019812144273169
35.75,-64.19200749745755,0.05508225697077664,0.44910097679688593,0.40164847851933894
35.775000000000006,-64.14279115653596,0.05539901094842999,0.4494488880417355,0.40132061930370316
35.8,-64.09365957295088,0.05571689284506554,0.4497908112425821,0.400997615210694
35.825,-64.04461285562249,0.056035899109771053,0.4501267650545315,0.40067944471128536
35.85,-63.99565107850577,0.05635602630894003,0.45045676806052526,0.4003660863192213
35.875,-63.946774280638536,0.056677271131097315,0.4507808387697349,0.40005751859310695
35.900000000000006,-63.89798246619106,0.056999630391742384,0.45109899561592787,0.3997537201385114
35.925,-63.84927560451669,0.0573231010382125,0.4514112569558046,0.39945466961008175
35.95,-63.8006536302029,0.057647680154567636,0.4517176410673098,0.3991603457136672
35.975,-63.752116443122695,0.05797336496649454,0.4520181661479121,0.39887072720845496
36.0,-63.703663908485325,0.05830015284623539,0.45231285031285745,0.3985857929091148
36.025000000000006,-63.655295856886376,0.058628041317538404,0.4526017115933912,0.3983055216879547
36.05,-63.607012084356505,0.058957028060633035,0.45288476793495114,0.3980298924770867
36.075,-63.558812352408154,0.059287110917232676,0.45316203719533066,0.39775888427060063
36.1,-63.5106963880803,0.05961828789556258,0.4534335371428095,0.39749247612675037
36.125,-63.462663883980035,0.05995055717541939,0.4536992854542551,0.39723064717014683
36.150000000000006,-63.414714498320954,0.06028391711326029,0.4539592997131909,0.39697337659396204
36.175,-63.36684785495773,0.060618366247325486,0.45421359740783146,0.3967206436621428
36.2,-63.319063543416036,0.060953903302797485,0.45446219592908677,0.3964724277116329
36.225,-63.27136111891783,0.061290527196995494,0.45470511256852947,0.3962287081546061
36.25,-63.22374010240086,0.06162823704461279,0.45494236451633063,0.3959894644807081
36.275000000000006,-63.17619998053221,0.06196703216299547,0.45517396885915795,0.3957546762593085
36.3,-63.12874020571523,0.06230691207746727,0.4553999425780387,0.39552432314176367
36.325,-63.08136019608903,0.06264787652670482,0.45562030254618624,0.39529838486368807
36.35,-63.034059335520446,0.06298992546816302,0.455835065526787,0.39507684124723913
36.375,-62.986836973587245,0.06333305908355848,0.45604424817075045,0.39485967220341006
36.400000000000006,-62.939692425552444,0.06367727778441147,0.456247867014418,0.3946468577343358
36.425,-62.892624972328946,0.06402258221765125,0.4564459384772312,0.3944383779356106
36.45,-62.8456338604336,0.06436897327129068,0.45663847885935854,0.3942342129986169
36.475,-62.79871830193062,0.06471645208017056,0.4568255043392778,0.39403434321286834
36.5,-62.75187747436295,0.06506502003178342,0.4570070309713151,0.39383874896836474
36.525000000000006,-62.7051105206715,0.06541467877217719,0.45718307468313746,0.3936474107579622
36.55,-62.65841654910126,0.065765430211946,0.4573536512731981,0.3934603091797573
36.575,-62.61179463309349,0.06611727653231468,0.4575187764081338,0.3932774249394862
36.6,-62.565243811163604,0.06647022019131844,0.45767846562011116,0.3930987388529418
36.625,-62.51876308676355,0.06682426393008926,0.4578327343041217,0.3929242318484054
36.650000000000006,-62.47235142812821,0.06717941077925058,0.457981597715223,0.3927538849690988
36.675,-62.426007768105066,0.06753566406542862,0.4581250709657251,0.39258767937565364
36.7,-62.37973100396586,0.06789302741788884,0.45826316902231923,0.3924255963486016
36.725,-62.33351999720017,0.06825150477530027,0.4583959067031475,0.3922676172908859
36.75,-62.28737357328926,0.06861110039264055,0.4585232986748117,0.3921137237303948
36.775000000000006,-62.24129052145982,0.0689718188482453,0.4586453594493186,0.3919638973225187
36.8,-62.19526959441656,0.06933366505101154,0.45876210338095924,0.39181811985273246
36.825,-62.14930950805252,0.06969664424776546,0.458873544663121,0.39167637323920396
36.85,-62.10340894113658,0.07006076203079893,0.4589796973250286,0.3915386395354309
36.875,-62.05756653497657,0.07042602434558962,0.4590805752284119,0.3914049009329062
36.900000000000006,-62.011780893057434,0.07079243749871017,0.45917619206409854,0.3912751397638153
36.925,-61.96605058065324,0.07116000816593832,0.4592665613485268,0.3911493385037665
36.95,-61.92037412441164,0.07152874340057988,0.4593516964201782,0.3910274797745548
36.975,-61.87475001191029,0.07189865064201177,0.4594316104359236,0.390909546346964
37.0,-61.82917669118324,0.07226973772446178,0.4595063163672825,0.39079552114360594
37.025000000000006,-61.78365257021673,0.07264201288603306,0.4595758269965898,0.39068538724180163
37.05,-61.73817601641277,0.07301548477798771,0.4596401549130678,0.3905791278765051
37.075,-61.692745356019145,0.07339016247430379,0.45969931250879953,0.390476726443272
37.1,-61.64735887352486,0.07376605548151581,0.459753311974598,0.39037816650127727
37.125,-61.60201481101906,0.0741431737488584,0.4598021652957698,0.3902834317763819
37.150000000000006,-61.55671136751229,0.0745215276787235,0.45984588424776596,0.39019250616425405
37.175,-61.511446698218556,0.07490112813744895,0.45988448039171786,0.39010537373354487
37.2,-61.4662189137962,0.07528198646645629,0.459917965069852,0.39002201872912406
37.225,-61.42102607954655,0.07566411449375073,0.4599463494007787,0.3899424255753772
37.25,-61.37586621456789,0.07604752454580649,0.45996964427465115,0.3898665788795683
37.275000000000006,-61.33073729086338,0.07643222945985254,0.45998786034818645,0.38979446343527063
37.3,-61.28563723240093,0.07681824259657918,0.46000100803954636,0.3897260642258702
37.325,-61.24056391412279,0.07720557785328856,0.46000909752306873,0.38966136642814464
37.35,-61.19551516090321,0.07759424967750575,0.46001213872384566,0.3896003554159225
37.375,-61.15048874645146,0.07798427308107861,0.46001014131214035,0.3895430167638255
37.400000000000006,-61.10548239215831,0.0783756636547858,0.46000311469763644,0.3894893362510993
37.425,-61.060493765883514,0.07876843758347887,0.459991068023513,0.38943929986553694
37.45,-61.01552048068147,0.07916261166178686,0.4599740101603367,0.3893928938074989
37.475,-60.97056009346294,0.07955820331040515,0.4599519496997644,0.3893501044940359
37.5,-60.92561010358961,0.07995523059300357,0.45992489494804667,0.38931091856311795
37.525000000000006,-60.88066795139875,0.08035371223377835,0.4598928539193253,0.3892753228779766
37.55,-60.83573101665509,0.0807536676356818,0.4598558343287136,0.3892433045315649
37.575,-60.79079661692633,0.08115511689936347,0.4598138435851521,0.3892148508511412
37.6,-60.745862005879424,0.08155808084285361,0.4597668887840284,0.389189949402983
37.625,-60.70092437149357,0.08196258102203048,0.4597149766995507,0.3891685879972373
37.650000000000006,-60.655980834186536,0.08236863975190502,0.45965811377686544,0.3891507546929141
37.675,-60.6110284448504,0.08277628012876503,0.45959630612390545,0.3891364378030298
37.7,-60.5660641827922,0.08318552605322246,0.45952955950295843,0.38912562589990857
37.725,-60.521084953575844,0.08359640225420363,0.45945787932194204,0.38911830782064866
37.75,-60.47608758675985,0.08400893431393484,0.45938127062537254,0.3891144726727622
37.775000000000006,-60.431068833526844,0.0844231486939679,0.4592997380850135,0.3891141098399973
37.8,-60.38602536419926,0.08483907276229859,0.4592132859901892,0.3891172089883502
37.825,-60.34095376563594,0.08525673482163508,0.45912191823774706,0.38912376007227867
37.85,-60.29585053850427,0.08567616413886829,0.4590256383216548,0.3891337533411244
37.875,-60.25071209442135,0.08609739097581103,0.4589244493222126,0.3891471793457568
37.900000000000006,-60.20553475295829,0.08652044662126462,0.4588183538948643,0.3891640289454474
37.925,-60.16031473850083,0.08694536342448275,0.45870735425858794,0.38918429331498705
37.95,-60.115048176958965,0.08737217483010472,0.45859145218384595,0.3892079639520582
37.975,-60.06973109231861,0.08780091541462884,0.4584706489800742,0.3892350326848738
38.0,-60.024359403026786,0.0882316209245113,0.4583449454826877,0.3892654916800974
38.025000000000006,-59.978928918202406,0.08866432831596885,0.4582143420395796,0.38929933345105755
38.05,-59.933435333663645,0.08909907579657667,0.4580788384970896,0.3893365508662712
38.075,-59.887874227762225,0.08953590286875619,0.45793843418541497,0.38937713715829275
38.1,-59.842241057015265,0.08997485037524737,0.4577931279034388,0.3894210859329026
38.125,-59.79653115152337,0.09041596054667685,0.45764291790294404,0.38946839117865556
38.150000000000006,-59.75073971016432,0.09085927705132747,0.45748780187218513,0.389519047276805
38.175,-59.70486179555028,0.09130484504722976,0.4573277769187855,0.3895730490116222
38.2,-59.658892328735654,0.09175271123670113,0.4571628395519244,0.38963039158113216
38.225,-59.612826083662654,0.09220292392346095,0.45699298566378077,0.3896910706082861
38.25,-59.566657681329794,0.09265553307246777,0.4568182105101938,0.38975508215259325
38.275000000000006,-59.520381583668524,0.09311059037262277,0.45663850869050093,0.38982242272223666
38.3,-59.47399208711173,0.09356814930250001,0.4564538741265125,0.38989308928669686
38.325,-59.427483315836774,0.09402826519927296,0.45626430004057444,0.3899670792899114
38.35,-59.380849214665254,0.09449099533101131,0.45606977893267653,0.39004439066399665
38.375,-59.334083541599405,0.09495639897254467,0.455870302556552,0.3901250218435634
38.400000000000006,-59.287179859974934,0.0954245374850899,0.4556658618947164,0.39020897178065694
38.425,-59.24013153020789,0.09589547439985927,0.4554564471323907,0.39029623996035445
38.45,-59.19293170111194,0.0963692755058809,0.4552420476302453,0.3903868264170569
38.475,-59.145573300761214,0.09684600894227002,0.45502265189590557,0.3904807317515106
38.5,-59.09804902687137,0.09732574529521835,0.45479824755414683,0.3905779571486008
38.525000000000006,-59.05035133667053,0.09780855769997342,0.4545688213157104,0.39067850439595736
38.55,-59.00247243622926,0.09829452194810638,0.45433435894466273,0.39078237590341924
38.575,-58.95440426921667,0.09878371660038669,0.4540948452242154,0.3908895747234042
38.6,-58.90613850504782,0.09927622310559545,0.4538502639209223,0.391000104572235
38.625,-58.85766652638452,0.09977212592564602,0.45360059774715855,0.3911139698524767
38.650000000000006,-58.8089794159494,0.10027151266739172,0.45334582832178527,0.39123117567634097
38.675,-58.760067942610206,0.10077447422153608,0.4530859361288948,0.3913517278902201
38.7,-58.710922546687634,0.10128110490909002,0.4528209004745239,0.39147563310041544
38.725,-58.66153332443785,0.10179150263584333,0.45255069944121823,0.39160289870012843
38.75,-58.611890011655376,0.10230576905536573,0.45227530984031733,0.391733532897791
38.775000000000006,-58.5619819663399,0.10282400974107563,0.4519947071618274,0.3918675447468115
38.8,-58.511798150365195,0.10334633436796262,0.45170886552173506,0.39200494417682263
38.825,-58.46132711008359,0.10387285690459354,0.4514177576066058,0.3921457420265209
38.85,-58.41055695579558,0.10440369581606886,0.4511213546153033,0.3922899500781934
38.875,-58.35947534000686,0.10493897427866145,0.45081962619764815,0.39243758109403626
38.900000000000006,-58.308069434390916,0.10547882040691042,0.4505125403898273,0.39258864885437467
38.925,-58.25632590536759,0.1060233674940105,0.4502000635463488,0.3927431681979017
38.95,-58.20423088820136,0.1065727542664019,0.4498821602683198,0.39290115506406553
38.975,-58.15176995951594,0.10712712515352807,0.4495587933278159,0.39306262653773694
39.0,-58.098928108112176,0.1076866305738176,0.4492299235880835,0.39322760089630665
39.025000000000006,-58.04568970396851,0.10825142723801762,0.4488955099193044,0.39339609765936756
39.05,-57.99203846529237,0.10882167847110323,0.4485555091096297,0.3935681376411497
39.075,-57.937957423479915,0.10939755455408791,0.44820987577116295,0.3937437430058902
39.1,-57.88342888583071,0.10997923308715765,0.44785856224055653,0.39392293732633243
39.125,-57.82843439584911,0.11056689937568497,0.447501518473848,0.3941057456455642
39.150000000000006,-57.77295469095156,0.11116074684079169,0.4471386919351428,0.3942921945424218
39.175,-57.71696965738228,0.11176097745628047,0.4467700274787135,0.3944823122007022
39.2,-57.66045828212271,0.11236780221390803,0.4463954672240488,0.3946761284824492
39.225,-57.603398601561835,0.11298144161913416,0.44601495042335493,0.3948736750055955
39.25,-57.545767646672665,0.11360212621967944,0.4456284133209598,0.3950749852262702
39.275000000000006,-57.48754138441826,0.11423009716941442,0.44523578900403515,0.39528009452610324
39.3,-57.42869465508491,0.11486560683033456,0.4448370072439938,0.395489040304887
39.325,-57.36920110521208,0.11550891941562247,0.44443199432786656,0.3957018620789882
39.35,-57.30903311575897,0.11616031167705906,0.4440206728789078,0.3959186015859289
39.375,-57.24816172511223,0.11682007364036046,0.4436029616656008,0.3961393028956023
39.400000000000006,-57.186556546503,0.11748850939232994,0.44317877539817396,0.3963640125286194
39.425,-57.12418567935926,0.11816593792408882,0.4427480245116487,0.39659277958233186
39.45,-57.061015614073234,0.1188526940350507,0.4423106149343525,0.3968256558651235
39.475,-56.99701112961318,0.11954912930273964,0.44186644784073903,0.3970626960396157
39.5,-56.932135183350695,0.1202556131240621,0.44141541938723544,0.3973039577754901
39.525000000000006,-56.866348792412694,0.12097253383417172,0.4409574204297284,0.3975495019127001
39.55,-56.799610905795845,0.12170029990968437,0.4404923362211616,0.3977993926359083
39.575,-56.73187826640261,0.12243934126367581,0.44002004608756484,0.3980536976610748
39.6,-56.66310526207088,0.12319011064063413,0.4395404230806803,0.39831248843519934
39.625,-56.59324376456968,0.12395308512039457,0.4390533336051537,0.3985758403503284
39.650000000000006,-56.52224295542478,0.124728767741001,0.4385586370180662,0.3988438329730372
39.675,-56.45004913731374,0.12551768925149143,0.4380561851983453,0.3991165502907249
39.7,-56.376605529631426,0.12632041000677427,0.43754582208333875,0.3993940809761914
39.725,-56.3018520466723,0.127137522018056,0.4370273831695535,0.39967651867211385
39.75,-56.22572505669877,0.1279696511737684,0.43650069497423166,0.3999639622972141
39.775000000000006,-56.148157119968815,0.12881745964756994,0.43596557445408396,0.4002565163760871
39.8,-56.06907670357174,0.12968164851186062,0.4354218283770883,0.40055429139487847
39.825,-55.988407870668404,0.13056296057733718,0.4348692526428043,0.4008574041852311
39.85,-55.90606994144708,0.13146218348145572,0.43430763154614466,0.401165978339184
39.875,-55.821977122779735,0.13238015305134881,0.4337367369789496,0.40148014465801163
39.900000000000006,-55.73603810319641,0.13331775696973241,0.4331563275630598,0.4018000416383182
39.925,-55.64815560937378,0.13427593877575927,0.43256614770782775,0.4021258159990907
39.95,-55.55822591985538,0.13525570223664654,0.4319659265841539,0.40245762325383844
39.975,-55.46613833117429,0.13625811613029032,0.43135537700617005,0.4027956283324328
40.0,-55.371774570920934,0.1372843194841145,0.4307341942105735,0.4031400062578197
40.025000000000006,-55.27500815158212,0.13833552732109378,0.43010205452235994,0.4034909428833976
40.05,-55.17570365815091,0.13941303697043722,0.4294586138942464,0.40384863569757634
40.075,-55.07371596155681,0.14051823500789998,0.42880350630540615,0.4042132947028483
40.1,-54.96888934887161,0.14165260489925216,0.4281363420032334,0.4045851433776346
40.125,-54.861056559977136,0.1428177354303192,0.4274567055696276,0.404964419730251
40.150000000000006,-54.750037718917135,0.14401533001833297,0.42676415379074895,0.4053513774555587
40.175,-54.63563914645172,0.1452472170124437,0.42605821330622984,0.40574628720629413
40.2,-54.51765203835229,0.14651536110638202,0.4253383780103882,0.40614943799270353
40.225,-54.39585099166848,0.14782187600377802,0.4246041061740016,0.40656113872599975
40.25,-54.26999235849829,0.14916903849703098,0.4238548172505158,0.4069817199233618
40.275000000000006,-54.13981240363614,0.1505593041442726,0.42308988832511724,0.40741153559473836
40.3,-54.0050252387628,0.15199532475659616,0.42230865015868585,0.4078509653346941
40.325,-53.86532050147579,0.15347996793998528,0.4215103827711053,0.4083004166460107
40.35,-53.72036074231027,0.15501633897413838,0.42069431049953876,0.40876032752580854
40.375,-53.56977847680449,0.15660780535477503,0.41985959645674414,0.4092311693497438
40.400000000000006,-53.413172852441996,0.1582580243781626,0.41900533630206166,0.4097134500954382
40.425,-53.25010587170843,0.15997097420818207,0.4181305512228615,0.4102077179529484
40.45,-53.08009810225607,0.1617509889390341,0.41723418000655327,0.4107145653779338
40.475,-52.90262379292403,0.1636027982529256,0.4163150700621036,0.41123463365251417
40.5,-52.7171052996733,0.16553157237461746,0.4153719672245896,0.41176861802993847
40.525000000000006,-52.52290670784653,0.16754297314675867,0.41440350414576466,0.41231727355246883
40.55,-52.31932651587663,0.16964321219573825,0.41340818703670773,0.4128814216478231
40.575,-52.105589219836524,0.17183911733229068,0.41238438048395787,0.4134619576286948
40.6,-51.88083560703082,0.17413820854043632,0.4113302900063509,0.41405985924298855
40.625,-51.64411152890165,0.17654878516021763,0.4102439419537906,0.41467619645043957
40.650000000000006,-51.39435487730023,0.17908002617319008,0.4091231602687757,0.4153121426353019
40.675,-51.13038043168165,0.18174210586633927,0.4079655395332054,0.4159689875062866
40.7,-50.85086217557583,0.18454632759388223,0.40676841360271526,0.4166481519856761
40.725,-50.55431259572796,0.18750527889435037,0.4055288189835364,0.41735120545180837
40.75,-50.23905837277993,0.19063301187343265,0.40424345192651095,0.41807988577580996
40.775000000000006,-49.90321174361184,0.19394525355625367,0.40290861799245986,0.41883612268813925
40.8,-49.54463665667431,0.1974596518765585,0.40152017257443257,0.41962206512779293
40.825,-49.160908645781326,0.20119606414024774,0.40007345053697496,0.4204401133726883
40.85,-48.749267106424526,0.20517689621804164,0.3985631827423768,0.4212929569309911
40.875,-48.30655836172547,0.2094275024327576,0.3969833967734696,0.42218361939915217
40.900000000000006,-47.82916754139945,0.2139766581580467,0.39532729863370547,0.42311551177430107
40.925,-47.312936854509395,0.21885711958104542,0.3935871316245511,0.42409249606023475
40.95,-46.75306730409271,0.2241062879275619,0.3917540080143884,0.42511896144385974
40.975,-46.14400026150243,0.22976699869143416,0.38981770862524484,0.4261999158613663
41.0,-45.479274592807975,0.2358884599532333,0.3877664452801741,0.4273410964407921
41.025000000000006,-44.75135423202495,0.2425273674611819,0.3855865815661634,0.42854910311847794
41.05,-43.95142029005783,0.24974922723020024,0.38326230928779453,0.42983156069240713
41.075,-43.06912111362331,0.25762991791837536,0.3807752825752036,0.43119731568709846
41.1,-42.092273440941355,0.26625752316706286,0.37810422102135444,0.4326566756121066
41.125,-41.006508455492074,0.2757344548571031,0.3752245110009797,0.43422169936586785
41.150000000000006,-39.79485904022514,0.28617986557337444,0.3721078659578039,0.4359065483801561
41.175,-38.43729049223136,0.2977323018077432,0.3687221596337277,0.4377279080532458
41.2,-36.910189099081926,0.3105524608985222,0.3650316296822129,0.4397054870444899
41.225,-35.18584579076954,0.3248257563025816,0.36099776730491523,0.44186259629075697
41.25,-33.232012709174484,0.3407641254794187,0.35658134702568683,0.4442267971659094
41.275000000000006,-31.011679863589166,0.3586060758942592,0.35174614593881526,0.44683058439830386
41.3,-28.48333252583491,0.3786132970803383,0.34646479840142025,0.4497120275961287
41.325,-25.602126579438107,0.4010612465154434,0.3407266702794197,0.4529152274060901
41.35,-22.322672356963768,0.4262200594360374,0.33454638986130786,0.45649034129515487
41.375,-18.604424788602373,0.45432139296444696,0.3279699731113109,0.46049280035039186
41.400000000000006,-14.420898587336676,0.48550746715319126,0.32107452854252166,0.4649811957195339
41.425,-9.77366100834094,0.5197624116367016,0.31395910787195686,0.4700132330049636
41.45,-4.710550048688438,0.5568348526574284,0.3067286927402037,0.47563928188366206
41.475,0.6559227395622091,0.596173833645775,0.29947761916301985,0.4818935945087421
41.5,6.138944650992128,0.6369112630835868,0.29227894852279235,0.48878436445756995
41.525000000000006,11.488314407311774,0.677921272823073,0.2851821430687167,0.49628521852873303
41.55,16.42861174655611,0.7179617009667382,0.27821681476911725,0.5043316372824118
41.575,20.71665666971039,0.7558632947443833,0.2713986564030884,0.512825038486821
41.6,24.19492485767678,0.7907035352820058,0.26473476049024414,0.5216444722303905
41.625,26.816298116986196,0.8219075070931121,0.2582273310470646,0.5306624625891504
41.650000000000006,28.632075997321266,0.8492555266597482,0.2518759244866793,0.5397598590049162
41.675,29.75562861568188,0.8728187365632785,0.2456786962695704,0.5488357414996835
41.7,30.322283920213025,0.8928635348092756,0.23963306964744857,0.5578112638439461
41.725,30.460061503053836,0.9097600886245745,0.23373609326441253,0.5666287339107456
41.75,30.275118293561533,0.923913016151899,0.227984636043516,0.5752481380716729
41.775000000000006,29.848578552386485,0.9357172871947258,0.2223754966260083,0.5836429851420262
41.8,29.239507293188012,0.9455345885281218,0.21690546673702135,0.5917965577290211
41.825,28.48994453694775,0.9536834972192734,0.2115713687768006,0.5996989755250922
41.85,27.62976847779085,0.9604378085526167,0.20637007847714617,0.6073450752186346
41.875,26.68054893283147,0.9660291150036444,0.20129853867896053,0.6147329498722065
41.900000000000006,25.658299947261945,0.970651254878687,0.1963537677548099,0.6218629646005218
41.925,24.575330697874282,0.9744653043781497,0.19153286478470338,0.6287370952134157
41.95,23.44144729185541,0.9776044355630439,0.18683301276526343,0.6353584785199591
41.975,22.264719515215656,0.9801783323062843,0.18225148063460045,0.6417310994878443
42.0,21.051967917426502,0.9822770551418938,0.17778562459179337,0.6478595671134862
42.025,19.809075326403246,0.9839743470174711,0.17343288900440482,0.6537489486934653
42.050000000000004,18.541189420591405,0.9853304194444897,0.16919080708348577,0.659404643545661
42.075,17.25285791981015,0.9863942775700234,0.1650570014353374,0.6648322842683154
42.1,15.948121979520081,0.987205647116113,0.16102918455550394,0.6700376579356672
42.125,14.630583457043024,0.9877965634337235,0.15710515930275964,0.6750266422633352
42.15,13.303455644837257,0.9881926770826507,0.15328281937270993,0.6798051533974804
42.175000000000004,11.96960336321581,0.9884143234624463,0.14956014977835064,0.6843791029921178
42.2,10.631576045531792,0.9884773971406781,0.14593522733609626,0.6887543628809929
42.225,9.29163606474709,0.9883940651572948,0.14240622114897128,0.6929367360686108
42.25,7.951783698003103,0.9881733479336017,0.13897139307305353,0.6969319330454892
42.275,6.613779598339503,0.9878215915304617,0.13562909814818103,0.7007455526274436
42.300000000000004,5.279165315032392,0.9873428508521517,0.1323777849691732,0.7043830666588404
42.325,3.9492822000027754,0.9867391999121073,0.12921599596908453,0.7078498080244967
42.35,2.6252889105873427,0.9860109823830905,0.12614236758120292,0.7111509614960263
42.375,1.308177639673619,0.9851570132643256,0.12315563024167404,0.7142915570031787
42.4,-0.0012108454514142553,0.9841747405340194,0.1202546081897105,0.7172764649738563
42.425000000000004,-1.3021733056059541,0.983060374047397,0.11743821901759226,0.7201103934308363
42.45,-2.5941312440806077,0.9818089876265488,0.11470547291823183,0.7227978865707676
42.475,-3.8766192173788716,0.9804145992160531,0.11205547157429896,0.7253433245830383
42.5,-5.149274237180446,0.9788702331023705,0.10948740663026103,0.72775092449343
42.525,-6.411826266747694,0.9771679674769967,0.10700055768763768,0.7300247418408472
42.550000000000004,-7.66408982224836,0.9752989700308475,0.10459428976503109,0.7321686730152176
42.575,-8.90595669599015,0.9732535237727276,0.10226805016873862,0.734186458101378
42.6,-10.137389824349986,0.9710210448445751,0.1000213647277588,0.7360816840877674
42.625,-11.358418327942928,0.9685900937405859,0.09785383335957618,0.7378577883103443
42.65,-12.569133754906517,0.9659483810093283,0.09576512495084268,0.7395180620117736
42.675000000000004,-13.769687559467975,0.9630827682134243,0.09375497156053055,0.741065653903908
42.7,-14.96028984662918,0.9599792646286275,0.0918231619824267,0.7425035736283513
42.725,-16.14120940924443,0.9566230198740834,0.08996953473869601,0.7438346950158816
42.75,-17.31277507545202,0.9529983123719089,0.08819397061585141,0.7450617590511436
42.775,-18.47537837204246,0.9490885332334369,0.08649638489724237,0.7461873764548177
42.800000000000004,-19.62947749274515,0.944876164861401,0.08487671948996135,0.7472140298018407
42.825,-20.775602539769352,0.9403427532452131,0.08333493518593739,0.7481440751016779
42.85,-21.914361982662644,0.9354688726173432,0.08187100433355293,0.7489797427755143
42.875,-23.04645025127838,0.9302340808437808,0.08048490422378113,0.7497231379758857
42.9,-24.17265635014987,0.9246168636556741,0.0791766115100484,0.7503762402070161
42.925000000000004,-25.293873350433344,0.918594565612235,0.07794609798094039,0.7509409022191474
42.95,-26.411108583036622,0.9121433055410464,0.07679332798763037,0.7514188481676579
42.975,-27.525494322005397,0.9052378741608036,0.07571825779319785,0.7518116710479156
43.0,-28.638298708867207,0.8978516116900999,0.07472083706031477,0.7521208294398654
43.025,-29.750936622992835,0.8899562635301446,0.07380101263042423,0.7523476436227187
43.050000000000004,-30.864980144501622,0.8815218126393094,0.07295873467667358,0.7524932911504724
43.075,-31.982168176743787,0.8725162880726153,0.07219396524095631,0.7525588020144284
43.1,-33.10441468404712,0.8629055504478311,0.07150668909977832,0.7525450535609843
43.125,-34.23381484331372,0.8526530569704702,0.0708969268517675,0.7524527653839457
43.15,-35.372648188362525,0.8417196113064188,0.07036475008833784,0.7522824944732952
43.175000000000004,-36.52337752405261,0.8300631073116506,0.06991029850389613,0.7520346309802459
43.2,-37.68864198183582,0.8176382807864275,0.06953379882649822,0.7517093950554006
43.225,-38.871242058076156,0.8043964905058639,0.06923558550444613,0.7513068353369684
43.25,-40.07411380329211,0.7902855594115518,0.06901612316491176,0.7508268298126483
43.275,-41.30028850632423,0.7752497197842342,0.06887603095643596,0.7502690899536927
43.300000000000004,-42.55283325469249,0.759229723308931,0.06881610897695019,0.7496331692210925
43.325,-43.834766701607776,0.7421631990402089,0.06883736703605624,0.748918477264133
43.35,-45.14894334663415,0.7239853699923721,0.06894105594542492,0.7481243013537238
43.375,-46.497898859601406,0.7046302723585149,0.06912870128473327,0.7472498367862197
43.4,-47.88364881854498,0.6840326586887613,0.06940213902647267,0.74629422810865
43.425000000000004,-49.30743427487747,0.662130803493725,0.0697635513595709,0.7452566229813243
43.45,-50.76941064031484,0.6388704578389859,0.07021549934928709,0.7441362402121369
43.475,-52.2682825946518,0.6142102026575748,0.07076094655956273,0.7429324528517823
43.5,-53.80089823596222,0.5881284032690238,0.07140326442062915,0.7416448861083508
43.525,-55.36183146145732,0.5606318338931422,0.07214620620983629,0.7402735281255206
43.550000000000004,-56.94300248688512,0.5317657776905618,0.0729938327824962,0.7388188493451993
43.575,-58.53341021008822,0.5016249781234839,0.07395037109511766,0.7372819233522692
43.6,-60.11907099003403,0.4703642186995334,0.07501998830366119,0.7356645390865205
43.625,-61.683266253042525,0.4382066161393954,0.07620647237495766,0.7339692916620507
43.65,-63.2071830993794,0.4054471254446801,0.07751282663900372,0.7321996375506784
43.675000000000004,-64.67097674951918,0.3724486027787664,0.07894081003047058,0.730359900482565
43.7,-66.05519098576463,0.33962842395484083,0.08049048214142945,0.7284552178894219
43.725,-67.34236186900101,0.3074353138376485,0.08215983312937643,0.7264914243431632
43.75,-68.51854016630169,0.2763184764792595,0.08394458144225506,0.7244748775589736
43.775,-69.57444412325611,0.2466935619959069,0.08583819962774225,0.722412242308448
43.800000000000004,-70.50602124615605,0.21891141462062982,0.08783218283154388,0.7203102553630872
43.825,-71.31433938242309,0.1932351582201089,0.08991652033270818,0.7181754978343504
43.85,-72.00488973045775,0.16982904113872369,0.09208028752143872,0.7160141988155799
43.875,-72.58650515423136,0.1487594653613219,0.09431225896655923,0.7138320869125546
43.9,-73.07013961889783,0.13000595872290466,0.09660145502723193,0.7116342965648478
43.925000000000004,-73.46772192882952,0.11347835385691453,0.09893756539221212,0.7094253269280557
43.95,-73.79122094908935,0.09903627688473242,0.10131122874192838,0.7072090446147118
43.975,-74.05197717742861,0.08650784077784415,0.10371417691510826,0.7049887185056525
44.0,-74.26029195639565,0.07570561526425508,0.10613926934035857,0.7027670746869638
44.025,-74.42522927999879,0.06643905135227574,0.10858044954055726,0.7005463612948567
44.050000000000004,-74.55457265137616,0.05852334305954793,0.11103265367110764,0.6983284155899538
44.075,-74.65488249576282,0.05178517273301348,0.1134916951984014,0.6961147281475433
44.1,-74.73161014134143,0.04606597580426516,0.11595414292705851,0.693906501210061
44.125,-74.7892366753768,0.04122337265787135,0.11841720335904965,0.6917046998541735
44.15,-74.8314159858037,0.037131334382499055,0.12087861351602336,0.6895100957010092
44.175000000000004,-74.86110983691471,0.033679534310691685,0.1233365469532123,0.687323303545724
44.2,-74.88070882931041,0.030772222362274677,0.12578953351702707,0.685144811619921
44.225,-74.89213697671906,0.028326860190883377,0.12823639213924246,0.6829750063322687
44.25,-74.8969399410428,0.02627267690595687,0.13067617532864367,0.6808141923397405
44.275,-74.89635819995493,0.024549246908596885,0.1331081237864676,0.6786626087407284
44.300000000000004,-74.89138696807623,0.023105149966026847,0.135531629570087,0.6765204420887992
44.325,-74.88282483078812,0.021896745332410573,0.13794620635033605,0.6743878368243457
44.35,-74.8713129639478,0.020887073089139074,0.14035146548289895,0.6722649036232686
44.375,-74.85736661939337,0.0200448841305584,0.14274709680284037,0.6701517260733398
44.4,-74.84140032420274,0.019343793221015412,0.14513285323187905,0.6680483660122628
44.425000000000004,-74.82374800951615,0.018761545727968492,0.1475085384498756,0.6659548677969785
44.45,-74.80467907159648,0.018279386881486892,0.14987399702158533,0.6638712617204908
44.475,-74.78441118164803,0.017881521953966525,0.1522291064869994,0.6617975667490525
44.5,-74.76312050339972,0.017554656075723,0.15457377102035388,0.6597337927175059
44.525,-74.74094984697508,0.017287603158628272,0.156907916341797,0.657679942092424
44.550000000000004,-74.71801518105995,0.017070954369184408,0.1592314856294307,0.655636011390253
44.575,-74.6944108393286,0.016896797635011795,0.16154443623062503,0.6536019923197747
44.6,-74.67021368807374,0.01675848070052429,0.16384673701243715,0.6515778727040037
44.625,-74.64548646691843,0.0166504112206748,0.16613836622356232,0.6495636372253859
44.65,-74.62028047070105,0.016567888271533722,0.16841930976622066,0.647559268029209
44.675000000000004,-74.5946377058917,0.01650696045327382,0.17068955979699635,0.6455647452130707
44.7,-74.56859262738261,0.016464306463964698,0.17294911359203158,0.6435800472246223
44.725,-74.54217353971777,0.01643713463570581,0.1751979726250055,0.6416051511853403
44.75,-74.51540372958979,0.016423098455065264,0.17743614181664993,0.6396400331545532
44.775,-74.4883023827894,0.016420225545781326,0.17966362892280038,0.6376846683451068
44.800000000000004,-74.4608853279877,0.016426857981742635,0.1818804440345144,0.6357390312998259
44.825,-74.43316564116746,0.01644160213062806,0.18408659916900447,0.6338030960361312
44.85,-74.40515413772481,0.016463286510927554,0.18628210793430677,0.6318768361647374
44.875,-74.37685977386693,0.016490926384319354,0.1884669852539067,0.6299602249872265
44.9,-74.3482899746392,0.016523694007727307,0.19064124714022443,0.628053235576358
44.925000000000004,-74.31945090249792,0.016560893640245763,0.19280491050797918,0.6261558408422564
44.95,-74.29034767761969,0.016601940544213635,0.19495799302016042,0.6242680135870188
44.975,-74.2609845589616,0.016646343341113447,0.19710051296071956,0.6223897265498031
45.0,-74.2313650933459,0.01669368918515421,0.19923248912917954,0.6205209524440917
45.025,-74.201492238448,0.016743631303354226,0.20135394075327182,0.6186616639884954
45.050000000000004,-74.17136846444721,0.016795878523205344,0.20346488741641874,0.6168118339322237
45.075,-74.14099583820106,0.01685018646973088,0.20556534899746096,0.6149714350761422
45.1,-74.11037609307887,0.01690635016476772,0.20765534562051285,0.6131404402901629
45.125,-74.07951068700757,0.016964197804150826,0.2097348976131929,0.6113188225275995
45.15,-74.04840085081032,0.017023585524457173,0.21180402547180574,0.6095065548369867
45.175000000000004,-74.01704762853731,0.01708439300117154,0.21386274983229717,0.6077036103717885
45.2,-73.98545191117911,0.01714651974549362,0.215911091446008,0.6059099623983452
45.225,-73.95361446490142,0.017209881988289877,0.21794907115943551,0.6041255843023371
45.25,-73.9215359547367,0.01727441005755916,0.2199767098973279,0.602350449594017
45.275,-73.88921696450132,0.017340046170776526,0.22199402864857237,0.6005845319123961
45.300000000000004,-73.85665801357153,0.01740674257606678,0.22400104845441862,0.5988278050285567
45.325,-73.82385957104087,0.017474459986724682,0.22599779039865592,0.5970802428482256
45.35,-73.79082206769033,0.01754316626246835,0.22798427559943818,0.5953418194137187
45.375,-73.75754590612925,0.017612835298258023,0.22996052520248206,0.5936125089053618
45.4,-73.72403146940258,0.017683446087764104,0.23192656037542736,0.5918922856424575
45.425000000000004,-73.6902791283109,0.017754981933818005,0.23388240230317373,0.5901811240838731
45.45,-73.65628924764785,0.017827429782586928,0.235828072184036,0.5884789988283019
45.475,-73.62206219152496,0.017900779661917065,0.2377635912265981,0.5867858846142435
45.5,-73.58759832792674,0.01797502420739887,0.23968898064714558,0.5851017563197509
45.525,-73.55289803261437,0.01805015826232132,0.24160426166759338,0.5834265889619684
45.550000000000004,-73.51796169247748,0.01812617853987753,0.2435094555138293,0.5817603576964965
45.575,-73.4827897084178,0.018203083337828926,0.24540458341440508,0.5801030378166049
45.6,-73.44738249783384,0.018280872297385863,0.24728966659952803,0.5784546047523113
45.625,-73.4117404967662,0.018359546199366476,0.2491647263002963,0.5768150340693499
45.65,-73.37586416175242,0.01843910679179181,0.2510297837481454,0.5751843014680396
45.675000000000004,-73.3397539714334,0.018519556643996765,0.2528848601744706,0.5735623827820644
45.7,-73.30341042794652,0.018600899023112252,0.254729976810393,0.5719492539771823
45.725,-73.26683405813506,0.01868313778942642,0.25656515488665377,0.5703448911498622
45.75,-73.23002541459931,0.018766277307681205,0.25839041563360493,0.5687492705258671
45.775,-73.19298507661063,0.018850322371823384,0.26020578028128616,0.5671623684587839
45.800000000000004,-73.15571365090649,0.018935278141117673,0.2620112700595711,0.5655841614285066
45.825,-73.1182117723821,0.01902115008585733,0.26380690619836655,0.5640146260396827
45.85,-73.08048010469122,0.019107943941183616,0.2655927099278619,0.5624537390201165
45.875,-73.042519340768,0.019195665667757635,0.26736870247880823,0.560901477219147
45.9,-73.0043302032786,0.01928432141822421,0.26913490508282784,0.5593578176059917
45.925000000000004,-72.96591344501128,0.019373917508572532,0.2708913389727434,0.557822737268066
45.95,-72.92726984921157,0.019464460393637133,0.27263802538291887,0.5562962134092803
45.975,-72.88840022986837,0.01955595664610075,0.2743749855496145,0.5547782233483102
46.0,-72.84930543195641,0.019648412938458853,0.2761022407113413,0.5532687445168529
46.025,-72.80998633163907,0.019741836027489763,0.27781981210921924,0.5517677544578621
46.050000000000004,-72.7704438364354,0.019836232740844686,0.27952772098733203,0.5502752308237665
46.075,-72.73067888535459,0.01993160996543079,0.28122598859307557,0.5487911513746762
46.1,-72.69069244900058,0.02002797463731218,0.2829146361775026,0.5473154939765695
46.125,-72.65048552964917,0.020125333732894286,0.28459368499565335,0.5458482365994726
46.15,-72.61005916129979,0.020223694261194552,0.28626315630687715,0.5443893573156234
46.175000000000004,-72.56941440970341,0.020323063257031607,0.2879230713751416,0.5429388342976261
46.2,-72.52855237236855,0.020423447774991308,0.2895734514693248,0.5414966458165962
46.225,-72.48747417854622,0.020524854884049766,0.29121431786349783,0.5400627702402931
46.25,-72.44618098919528,0.02062729166275096,0.2928456918371864,0.5386371860312474
46.275,-72.40467399692902,0.020730765194853357,0.2944675946756183,0.5372198717448781
46.300000000000004,-72.36295442594395,0.020835282565371954,0.29608004766995405,0.5358108060276024
46.325,-72.32102353193144,0.020940850856953835,0.2976830721174973,0.5344099676149414
46.35,-72.27888260197285,0.02104747714653508,0.2992766893218925,0.5330173353296139
46.375,-72.23653295441883,0.021155168502233836,0.30086092059329955,0.5316328880796298
46.4,-72.19397593875325,0.021263931980442186,0.3024357872485529,0.5302566048563754
46.425000000000004,-72.15121293544202,0.021373774623084596,0.30400131061130176,0.5288884647326946
46.45,-72.1082453557676,0.021484703455015956,0.3055575120121308,0.5275284468609676
46.475,-72.06507464164898,0.021596725481535992,0.3071044127886663,0.5261765304711813
46.5,-72.02170226544806,0.02170984768600069,0.3086420342856598,0.5248326948690014
46.525,-71.9781297297621,0.02182407702751421,0.3101703978550565,0.5234969194338382
46.550000000000004,-71.93435856720302,0.021939420438687282,0.31168952485604595,0.5221691836169121
46.575,-71.8903903401634,0.022055884823450424,0.31319943665509203,0.5208494669393169
46.6,-71.8462266405696,0.02217347705491206,0.3147001546259516,0.5195377489900791
46.625,-71.80186908962197,0.022292203973252923,0.3161917001496703,0.5182340094242207
46.65,-71.7573193375228,0.02241207238365013,0.31767409461456547,0.5169382279608172
46.675000000000004,-71.71257906319143,0.022533089054224704,0.31914735941619155,0.5156503843810584
46.7,-71.66764997396751,0.022655260714007936,0.3206115159572879,0.514370458526309
46.725,-71.62253380530193,0.022778594050922488,0.3220665856477158,0.5130984302961689
46.75,-71.57723232043577,0.02290309570977481,0.32351258990437554,0.5118342796465356
46.775,-71.5317473100677,0.023028772290256305,0.3249495501511113,0.5105779865876697
46.800000000000004,-71.4860805920094,0.023155630344950995,0.32637748781860165,0.5093295311822607
46.825,-71.44023401082977,0.02328367637734804,0.3277964243442346,0.5080888935434977
46.85,-71.39420943748746,0.023412916839857988,0.3292063811719727,0.5068560538331416
46.875,-71.34800876895243,0.023543358131831314,0.3306073797522022,0.5056309922596017
46.9,-71.30163392781624,0.023675006597579155,0.33199944154157124,0.5044136890760181
46.925000000000004,-71.25508686189143,0.023807868524395436,0.3333825880028162,0.5032041245783468
46.95,-71.2083695438002,0.023941950140580204,0.33475684060457533,0.5020022791034532
46.975,-71.16148397055225,0.024077257613464777,0.33612222082119436,0.500808133027207
47.0,-71.11443216311221,0.024213797047438018,0.3374787501325188,0.49962166676258835
47.025,-71.06721616595672,0.024351574481974652,0.3388264500236781,0.4984428607577985
47.050000000000004,-71.01983804662126,0.024490595889666095,0.34016534198485987,0.4972716954943783
47.075,-70.97229989523711,0.024630867174253963,0.3414954475110739,0.4961081514853366
47.1,-70.92460382405812,0.024772394168667784,0.34281678810191135,0.49495220927328404
47.125,-70.87675196697802,0.024915182633066628,0.34412938526129233,0.49380384942857936
47.15,-70.82874647903823,0.02505923825288651,0.3454332604972079,0.4926630525474842
47.175000000000004,-70.78058953592605,0.025204566636893883,0.34672843532145514,0.49152979925032814
47.2,-70.73228333346407,0.02535117331524653,0.3480149312493639,0.4904040701796867
47.225,-70.68383008709016,0.02549906373756315,0.34929276979952134,0.4892858459985675
47.25,-70.63523203132902,0.025648243271002135,0.3505619724934874,0.4881751073886123
47.275,-70.58649141925494,0.025798717198351376,0.3518225608555067,0.48707183504830986
47.300000000000004,-70.53761052194618,0.02595049071613009,0.3530745564122159,0.4859760096912227
47.325,-70.4885916279313,0.026103568932703748,0.3543179806923459,0.4848876120442292
47.35,-70.43943704262726,0.026257956866414016,0.35555285522642244,0.48380662284577763
47.375,-70.39014908776996,0.02641365944372433,0.35677920154646126,0.4827330228441587
47.4,-70.34073010083715,0.026570681497383054,0.35799704118566117,0.48166679279579194
47.425000000000004,-70.29118243446399,0.02672902776460541,0.3592063956780951,0.48060791346352943
47.45,-70.24150845585157,0.026888702885275492,0.36040728655839716,0.479556365614978
47.475,-70.19171054616855,0.027049711400170415,0.36159973536145124,0.4785121300208363
47.5,-70.14179109994603,0.027212057749207336,0.36278376362207543,0.47747518745325324
47.525,-70.0917525244663,0.02737574626971537,0.363959392874706,0.4764455186842045
47.550000000000004,-70.04159723914522,0.027540781194733764,0.3651266446530818,0.47542310448388864
47.575,-69.99132767490886,0.027707166651337708,0.3662855404899259,0.47440792561914497
47.6,-69.94094627356435,0.027874906658994107,0.36743610191663056,0.4733999628518898
47.625,-69.89045548716545,0.028044005127947663,0.3685783504629394,0.4723991969375775
47.65,-69.83985777737303,0.028214465857639932,0.3697123076566312,0.4714056086236821
47.675000000000004,-69.78915561481061,0.028386292535162432,0.37083799502320464,0.4704191786482022
47.7,-69.7383514784154,0.028559488733745312,0.3719554340855622,0.46943988773819095
47.725,-69.6874478547849,0.02873405791128389,0.37306464636369874,0.46846771660830716
47.75,-69.6364472375197,0.02891000340890355,0.3741656533743879,0.46750264595939484
47.775,-69.58535212656223,0.02908732844956565,0.37525847663087136,0.4665446564770862
47.800000000000004,-69.5341650275322,0.02926603613671548,0.37634313764255034,0.4655937288304314
47.825,-69.48288845105903,0.029446129452973785,0.377419657914677,0.464649843670556
47.85,-69.43152491211092,0.029627611258874146,0.37848805894805093,0.4637129816293437
47.875,-69.38007692932183,0.029810484291647024,0.3795483622387144,0.4627831233181492
47.9,-69.32854702431571,0.029994751164052254,0.3806005892776513,0.461860249326539
47.925000000000004,-69.27693772102903,0.030180414363261934,0.38164476155048854,0.4609443402210609
47.95,-69.22525154503145,0.03036747624979472,0.38268090053719783,0.4600353765440452
47.975,-69.17349102284501,0.030555939056503657,0.3837090277118027,0.4591333388124334
48.0,-69.1216586812624,0.030745804887618508,0.3847291645420848,0.4582382075166405
48.025,-69.06975704666418,0.03093707571784438,0.38574133248929376,0.4573499631194478
48.050000000000004,-69.01778864433567,0.03112975339151806,0.38674555300785984,0.45646858605492785
48.075,-68.96575599778359,0.03132383962182341,0.38774184754510627,0.45559405672740333
48.1,-68.9136616280527,0.0315193359900679,0.388730237540967,0.4547263555104363
48.125,-68.86150805304304,0.03171624394502044,0.3897107444277041,0.4538654627458547
48.15,-68.8092977868277,0.03191456480231306,0.3906833896296272,0.45301135874281073
48.175000000000004,-68.75703333897172,0.032114299743907365,0.3916481945628156,0.4521640237768749
48.2,-68.70471721385235,0.03231544981762644,0.3926051806348405,0.4513234380891663
48.225,-68.65235190998082,0.032518015936755115,0.3935543692444908,0.4504895818855159
48.25,-68.59993991932626,0.03272199887970789,0.3944957817814977,0.4496624353356694
48.275,-68.54748372664164,0.032927399289767026,0.39542943962626204,0.4488419785725245
48.300000000000004,-68.49498580879252,0.03313421767489158,0.3963553641495817,0.4480281916914063
48.325,-68.44244863408849,0.0333424544075982,0.3972735767123792,0.44722105474938056
48.35,-68.38987466161785,0.033552109724915534,0.3981840986654308,0.44642054776460344
48.375,-68.3372663405858,0.03376318372841239,0.3990869513490949,0.4456266507157113
48.400000000000006,-68.28462610965632,0.03397567638430114,0.3999821560930401,0.44483934354124777
48.425000000000004,-68.23195639629826,0.03418958752361705,0.4008697342159723,0.4440586061391321
48.45,-68.17925961613564,0.034404916842474965,0.4017497070253628,0.4432844183661639
48.475,-68.12653817230276,0.03462166390240333,0.40262209581717334,0.44251676003757007
48.5,-68.07379445480414,0.03483982813075686,0.4034869218755804,0.4417556109265906
48.525000000000006,-68.02103083987991,0.035059408821208754,0.40434420647269803,0.4410009507641053
48.550000000000004,-67.96824968937644,0.03528040513432216,0.40519397086829684,0.44025275923830115
48.575,-67.91545335012299,0.035502816098203105,0.40603623630952346,0.4395110159943793
48.6,-67.86264415331445,0.03572664060923365,0.4068710240306142,0.4387757006343047
48.625,-67.8098244139003,0.03595187743288717,0.40769835525260667,0.4380467927165962
48.650000000000006,-67.75699642998035,0.03617852520462535,0.4085182511830476,0.437324271756158
48.675000000000004,-67.70416248220724,0.03640658243087736,0.4093307330156957,0.4366081172241538
48.7,-67.65132483319618,0.03663604749010235,0.41013582193022197,0.43589830854792055
48.725,-67.59848572694212,0.0368669186339341,0.4109335390919027,0.43519482511092605
48.75,-67.54564738824439,0.037099193988409156,0.4117239056513087,0.43449764625276777
48.775000000000006,-67.49281202213947,0.037332871555278015,0.4125069427439877,0.43380675126921336
48.800000000000004,-67.43998181334182,0.03756794921339947,0.41328267149014075,0.43312211941228435
48.825,-67.38715892569289,0.03780442472021853,0.4140511129942928,0.43244372989038027
48.85,-67.33434550161898,0.038042295713326846,0.4148122883449549,0.4317715618684463
48.875,-67.28154366159772,0.038281559712106714,0.41556621861427917,0.43110559446818264
48.900000000000006,-67.22875550363364,0.038522214119457505,0.416312924857706,0.4304458067682953
48.925000000000004,-67.17598310274293,0.03876425622360443,0.41705242811360205,0.42979217780479034
48.95,-67.12322851044759,0.03900768319999015,0.4177847494028906,0.42914468657130805
48.975,-67.0704937542792,0.03925249211324734,0.41850990972867114,0.4285033120195004
49.0,-67.01778083729248,0.039498679919252856,0.4192279300758294,0.42786803305945004
49.025000000000006,-66.96509173758871,0.03974624346726271,0.4199388314106377,0.42723882856012974
49.050000000000004,-66.91242840784942,0.039995179502126894,0.4206426346803433,0.426615677349905
49.075,-66.8597927748801,0.04024548466658413,0.42133936081274703,0.42599855821707566
49.1,-66.8071867391646,0.040497155503634995,0.42202903071576897,0.4253874499104603
49.125,-66.75461217442981,0.04075018845899317,0.42271166527700277,0.4247823311400201
49.150000000000006,-66.70207092722119,0.04100457988361395,0.423387285363257,0.4241831805775235
49.175000000000004,-66.64956481648906,0.041260326036298596,0.4240559118200832,0.4235899768572521
49.2,-66.59709563318569,0.04151742308637478,0.4247175654712917,0.4230026985767437
49.225,-66.54466513987347,0.04177586711645052,0.4253722671184524,0.4224213242975778
49.25,-66.49227507034418,0.04203565412524188,0.42602003754038165,0.4218458325461982
49.275000000000006,-66.43992712924928,0.04229678003047272,0.4266608974926148,0.42127620181477576
49.300000000000004,-66.38762299174175,0.04255924067184525,0.42729486770686276,0.420712410562109
49.325,-66.33536430312874,0.04282303181408084,0.4279219688904544,0.4201544372145619
49.35,-66.28315267853603,0.04308814915002913,0.428542221725762,0.41960226016704094
49.375,-66.23098970258353,0.04335458830384425,0.4291556468696108,0.41905585778400783
49.400000000000006,-66.1788769290724,0.04362234483422762,0.42976226495267217,0.4185152084005299
49.425000000000004,-66.12681588068345,0.04389141423773443,0.43036209657883917,0.4179802903233666
49.45,-66.07480804868696,0.04416179195214452,0.4309551623245856,0.4174510818320903
49.475,-66.02285489266406,0.04443347335989423,0.4315414827383069,0.41692756118024477
49.5,-65.97095784023925,0.04470645379156875,0.4321210783396427,0.4164097065965363
49.525000000000006,-65.91911828682464,0.04498072852945372,0.4326939696187819,0.4158974962860597
49.550000000000004,-65.86733759537522,0.04525629281114364,0.4332601770357478,0.4153909084315586
49.575,-65.81561709615549,0.045533141833206885,0.433819721019666,0.41488992119471746
49.6,-65.76395808651739,0.04581127075490437,0.4343726219680112,0.4143945127174867
49.625,-65.71236183068929,0.04609067470196142,0.4349189002458357,0.41390466112344027
49.650000000000006,-65.6608295595761,0.046371348770390786,0.4354585761849777,0.4134203445191636
49.675000000000004,-65.60936247057036,0.046653288030364996,0.43599167008324874,0.41294154099567304
49.7,-65.55796172737409,0.04693648753013749,0.4365182022036022,0.41246822862986454
49.725,-65.50662845983142,0.047220942300009776,0.43703819277328015,0.4120003854859924
49.75,-65.455363763772,0.047506647356343565,0.4375516619829392,0.4115379896171767
49.775000000000006,-65.4041687008646,0.04779359770561663,0.43805862998575623,0.41108101906693884
49.800000000000004,-65.35304429848135,0.04808178834851992,0.438559116896511,0.4106294518707652
49.825,-65.3019915495718,0.048371214284095965,0.43905314279064966,0.4101832660576966
49.85,-65.2510114125473,0.048661870513915205,0.4395407277033242,0.4097424396519446
49.875,-65.200104811175,0.04895375204629001,0.44002189162841127,0.4093069506745341
49.900000000000006,-65.14927263448143,0.04924685390052466,0.4404966545175083,0.40887677714496956
49.925000000000004,-65.09851573666579,0.04954117111119933,0.44096503627890676,0.40845189708292723
49.95,-65.04783493702195,0.04983669873248772,0.44142705677654454,0.408032288509969
49.975,-64.99723101986984,0.05013343184250578,0.44188273582893345,0.4076179294512807
50.0,-64.94670473449537,0.05043136554769095,0.4423320932080651,0.4072087979374329
50.025000000000006,-64.8962567950989,0.05073049498721051,0.44277514863829376,0.4068048720061621
50.050000000000004,-64.84588788075197,0.0510308153373974,0.44321192179519453,0.4064061297041749
50.075,-64.79559863536178,0.05133232181621325,0.4436424323044,0.4060125490889706
50.1,-64.74538966764372,0.05163500968773629,0.44406669974041196,0.4056241082306851
50.125,-64.69526155110098,0.05193887426667396,0.4444847436253897,0.4052407852139536
50.150000000000006,-64.64521482401135,0.052243910922899026,0.44489658342791427,0.4048625581397916
50.175000000000004,-64.595249989421,0.05255011508600752,0.44530223856172857,0.4044894051274947
50.2,-64.54536751514449,0.052857482249899584,0.4457017283844536,0.4041213043165544
50.225,-64.49556783377093,0.05316600797737963,0.4460950721962795,0.4037582338685925
50.25,-64.4458513426763,0.053475687904777705,0.44648228923863237,0.40340017196931044
50.275000000000006,-64.39621840404084,0.05378651774658977,0.44686339869281627,0.40304709683045487
50.300000000000004,-64.34666934487178,0.054098493300136795,0.4472384196786298,0.402698986691799
50.325,-64.29720445703086,0.054411610450242995,0.4476073712529581,0.40235581982313695
50.35,-64.2478239972661,0.05472586517393143,0.4479702724083385,0.40201757452629444
50.375,-64.19852818724766,0.05504125354513789,0.44832714207150137,0.40168422913715135
50.400000000000006,-64.1493172136074,0.05535777173944227,0.44867799910188483,0.4013557620276787
50.425000000000004,-64.10019122798164,0.05567541603881733,0.4490228622901226,0.40103215160798805
50.45,-64.05115034705656,0.0559941828363959,0.44936175035650705,0.40071337632839304
50.475,-64.0021946526163,0.056314068641255,0.4496946819494238,0.40039941468148293
50.5,-63.95332419159289,0.05663507008321863,0.4500216756437607,0.4000902452042084
50.525000000000006,-63.90453897611779,0.05695718391767887,0.45034274993928924,0.39978584647997756
50.550000000000004,-63.85583898357453,0.057280407030435805,0.4506579232590178,0.3994861971407641
50.575,-63.807224156652026,0.05760473644255784,0.45096721394751815,0.39919127586922465
50.6,-63.75869440339818,0.05793016931526158,0.45127064026922276,0.39890106140082776
50.625,-63.71024959727316,0.05825670295481364,0.451568220406694,0.39861553252599213
50.650000000000006,-63.66188957720208,0.05858433481745483,0.45185997245886395,0.3983346680922354
50.675000000000004,-63.613614147626386,0.05891306251434739,0.45214591443924507,0.39805844700633225
50.7,-63.56542307855361,0.059242883816548325,0.452426064274111,0.39778684823648197
50.725,-63.517316105604955,0.05957379666000805,0.4527004398006465,0.3975198508144857
50.75,-63.46929293006024,0.059905799150597856,0.4529690587650671,0.3972574338379333
50.775000000000006,-63.42135321889957,0.06023888956916703,0.4532319388207067,0.3969995764723987
50.800000000000004,-63.373496604841414,0.06057306637663151,0.4534890975260732,0.39674625795364543
50.825,-63.325722686376295,0.060908328219097696,0.453740552342872,0.39649745758984123
50.85,-63.278031027795826,0.06124467393302123,0.4539863206339955,0.39625315476378137
50.875,-63.23042115921631,0.06158210255040549,0.45422641966147886,0.3960133289351228
50.900000000000006,-63.182892576596586,0.06192061330404141,0.4544608665844208,0.39577795964262635
50.925000000000004,-63.13544474174925,0.06226020563279103,0.4546896784568689,0.3955470265064103
50.95,-63.08807708234488,0.0626008791869197,0.45491287222566873,0.3953205092302127
50.975,-63.040788991908755,0.06294263383347781,0.4551304647282752,0.39509838760366467
51.0,-62.99357982980911,0.06328546966173691,0.455342472690526,0.39488064150457436
51.025000000000006,-62.94644892123672,0.06362938698868405,0.45554891272437614,0.3946672509012215
51.050000000000004,-62.899395557175,0.0639743863645767,0.45574980132559095,0.3944581958546639
51.075,-62.8524189943598,0.0643204685785647,0.4559451548713997,0.394253456521055
51.1,-62.80551845522866,0.06466763466438119,0.4561349896181049,0.3940530131539748
51.125,-62.758693127858514,0.06501588590610846,0.45631932169864897,0.39385684610677263
51.150000000000006,-62.71194216589127,0.06536522384402328,0.4564981671201352,0.39366493583492457
51.175000000000004,-62.66526468844668,0.06571565028052606,0.45667154176130287,0.3934772628984041
51.2,-62.61865978002153,0.0660671672861607,0.4568394613699545,0.3932938079640684
51.225,-62.57212649037471,0.06641977720572871,0.45700194156033314,0.39311455180805943
51.25,-62.52566383439723,0.06677348266450474,0.45715899781044966,0.39293947531822315
51.275000000000006,-62.47927079196652,0.06712828657455956,0.4573106454593571,0.3927685594965442
51.300000000000004,-62.43294630778417,0.06748419214119587,0.4574568997043704,0.392601785461601
51.325,-62.386689291196234,0.0678412028695054,0.45759777559823067,0.3924391344510384
51.35,-62.34049861599553,0.0681993225710525,0.45773328804621083,0.39228058782406233
51.375,-62.29437312020477,0.06855855537069266,0.45786345180316157,0.3921261270639555
51.400000000000006,-62.248311605839845,0.06891890571353343,0.45798828147049503,0.391975733780616
51.425000000000004,-62.202312838652425,0.0692803783720451,0.4581077914931038,0.3918293897131207
51.45,-62.15637554785057,0.06964297845333131,0.4582219961562137,0.39168707673231334
51.475,-62.11049842579697,0.07000671140656582,0.4583309095821668,0.39154877684342076
51.5,-62.06468012768331,0.07037158303060673,0.4584345457271334,0.39141447218869685
51.525000000000006,-62.01891927118005,0.0707375994817967,0.4585329183777489,0.39128414505009756
51.550000000000004,-61.97321443606054,0.07110476728195891,0.45862604114767386,0.3911577778519873
51.575,-61.927564163798124,0.07147309332660079,0.4587139274740738,0.3910353531638793
51.6,-61.88196695713551,0.07184258489333398,0.4587965906140158,0.3909168537032117
51.625,-61.83642127962494,0.07221324965052395,0.45887404364077866,0.39080226233816157
51.650000000000006,-61.79092555513807,0.07258509566618022,0.45894629944007304,0.39069156209049766
51.675000000000004,-61.745478167344295,0.07295813141709928,0.45901337070616827,0.3905847361384765
51.7,-61.70007745915621,0.07333236579827469,0.45907526993792247,0.39048176781978167
51.725,-61.65472173214086,0.07370780813258583,0.4591320094347111,0.39038264063450995
51.75,-61.60940924589537,0.07408446818078086,0.459183601292251,0.3902873382482071
51.775000000000006,-61.56413821738556,0.0744623561517683,0.4592300573983149,0.3901958444949546
51.800000000000004,-61.51890682024594,0.07484148271323207,0.45927138942833245,0.39010814338051175
51.825,-61.47371318403948,0.07522185900258765,0.459307608840873,0.39002421908551466
51.85,-61.42855539347565,0.07560349663829423,0.4593387268730048,0.3899440559687363
51.875,-61.383431487584886,0.07598640773154175,0.4593647545355262,0.38986763857040957
51.900000000000006,-61.33833945884774,0.07637060489833121,0.45938570260806344,0.3897949516156176
51.925000000000004,-61.29327725227686,0.07675610127196661,0.45940158163402883,0.3897259800177551
51.95,-61.24824276444966,0.07714291051598027,0.4594124019154345,0.3896607088820629
51.975,-61.203233842490015,0.07753104683751072,0.45941817350755443,0.3895991235092408
52.0,-61.15824828299646,0.07792052500115683,0.4594189062134294,0.3895412093991422
52.025000000000006,-61.11328383091482,0.0783113603433304,0.4594146095782076,0.3894869522545553
52.050000000000004,-61.06833817835298,0.07870356878713143,0.45940529288331416,0.3894363379850736
52.075,-61.023408963335186,0.07909716685777265,0.45939096514044186,0.38938935271106256
52.1,-60.97849376849345,0.07949217169857789,0.45937163508535594,0.3893459827677249
52.125,-60.933590119693235,0.07988860108758375,0.45934731117150446,0.3893062147092717
52.150000000000006,-60.88869548459069,0.08028647345477347,0.4593180015634257,0.3892700353132021
52.175000000000004,-60.843807271118465,0.08068580789997248,0.45928371412994456,0.3892374315846999
52.2,-60.798922825896696,0.08108662421144058,0.4592444564371475,0.3892083907611498
52.225,-60.7540394325664,0.08148894288519097,0.4592002357411272,0.38918290031678193
52.25,-60.70915431004135,0.08189278514507442,0.45915105898048636,0.389160947967449
52.275000000000006,-60.664264610675,0.08229817296366448,0.45909693276859015,0.38914252167554375
52.300000000000004,-60.61936741833868,0.08270512908398285,0.4590378633855557,0.38912760965506327
52.325,-60.57445974640691,0.08311367704210758,0.4589738567699673,0.38911620037682704
52.35,-60.52953853564564,0.08352384119070495,0.4589049185103049,0.38910828257385716
52.375,-60.4846006519991,0.08393564672353254,0.4588310538360721,0.3891038452469275
52.400000000000006,-60.439642884270214,0.08434911970096076,0.45875226760861176,0.38910287767029106
52.425000000000004,-60.39466194169004,0.08476428707656257,0.458668564311593,0.3891053693975943
52.45,-60.349654451370576,0.08518117672482664,0.4585799480411555,0.3891113102679864
52.475,-60.30461695563575,0.08559981747004722,0.4584864224956953,0.3891206904124347
52.5,-60.25954590922458,0.0860202391164517,0.45838799096527577,0.38913350026025506
52.525000000000006,-60.21443767636029,0.08644247247962746,0.45828465632064447,0.3891497305458691
52.550000000000004,-60.169288527679186,0.08686654941931324,0.4581764210018405,0.3891693723157974
52.575,-60.124094637011815,0.08729250287362578,0.45806328700636983,0.3891924169359032
52.6,-60.07885207800983,0.08772036689479269,0.457945255876931,0.38921885609889606
52.625,-60.03355682061029,0.08815017668647082,0.4578223286886672,0.38924868183211087
52.650000000000006,-59.98820472732957,0.08858196864273046,0.45769450603592393,0.3892818865055737
52.675000000000004,-59.94279154937804,0.08901578038879211,0.45756178801848807,0.38931846284037075
52.7,-59.89731292258658,0.08945165082360772,0.4574241742272819,0.38935840391733406
52.725,-59.851764363134954,0.08988962016438155,0.45728166372948736,0.38940170318606115
52.75,-59.80614126307209,0.09032972999313386,0.45713425505307204,0.3894483544742837
52.775000000000006,-59.76043888561707,0.09077202330541541,0.45698194617068605,0.38949835199760513
52.800000000000004,-59.71465236022947,0.09121654456128676,0.4568247344829006,0.3895516903696235
52.825,-59.66877667743665,0.09166333973868547,0.45666261680075393,0.3896083646124615
52.85,-59.62280668340496,0.09211245638930744,0.45649558932757045,0.38966837016772227
52.875,-59.57673707424115,0.09256394369714124,0.45632364764001615,0.3897317029078949
52.900000000000006,-59.530562390009024,0.09301785253979916,0.45614678666835135,0.38979835914823135
52.925000000000004,-59.48427700844588,0.09347423555279859,0.4559650006758394,0.3898683356591197
52.95,-59.43787513836192,0.09393314719695894,0.4557782832372685,0.38994162967898044
52.975,-59.39135081270499,0.09439464382908516,0.45558662721653925,0.3900182389277117
53.0,-59.344697881271784,0.09485878377612449,0.4553900247432708,0.3900981616207134
53.025000000000006,-59.297910003045196,0.0953256274129918,0.4551884671883714,0.39018139648352146
53.050000000000004,-59.25098063813674,0.09579523724427261,0.4549819451385218,0.3902679427670828
53.075,-59.2039030393107,0.09626767799002707,0.45477044836950886,0.3903578002637074
53.1,-59.15667024306603,0.0967430166759303,0.45455396581835184,0.3904509693237333
53.125,-59.10927506024968,0.09722132272800288,0.4543324855541528,0.39054745087294257
53.150000000000006,-59.061710066173625,0.09770266807220036,0.4541059947476024,0.39064724643077064
53.175000000000004,-59.01396759020599,0.09818712723914831,0.4538744796390669,0.39075035812935177
53.2,-58.96603970480414,0.09867477747433143,0.45363792550517723,0.39085678873344704
53.225,-58.91791821395618,0.09916569885406148,0.45339631662383634,0.39096654166130457
53.25,-58.86959464099416,0.09965997440757574,0.45314963623755544,0.39107962100650406
53.275000000000006,-58.82106021574015,0.1001576902456392,0.45289786651502406,0.3911960315608416
53.300000000000004,-58.772305860943455,0.1006589356960501,0.4526409885108125,0.3913157788383139
53.325,-58.723322177964135,0.10116380344647839,0.45237898212309774,0.3914388691002654
53.35,-58.67409943165493,0.10167238969509315,0.45211182604929884,0.391565309381765
53.375,-58.624627534390015,0.10218479430947183,0.4518394977394973,0.391695107519286
53.400000000000006,-58.57489602918525,0.10270112099431739,0.4515619733475113,0.3918282721797629
53.425000000000004,-58.524894071850554,0.10322147746854678,0.4512792276794837,0.39196481289111
53.45,-58.47461041211031,0.10374597565235986,0.4509912341398319,0.3921047400742872
53.475,-58.42403337362321,0.10427473186493597,0.4506979646744001,0.39224806507700716
53.5,-58.373150832827456,0.10480786703346054,0.450399389710641,0.3923948002091835
53.525000000000006,-58.32195019653139,0.10534550691423278,0.4500954780946413,0.3925449587802272
53.550000000000004,-58.27041837816384,0.10588778232666322,0.4497861970247954,0.3926985551383047
53.575,-58.21854177259111,0.10643482940103513,0.44947151198191165,0.3928556047116822
53.6,-58.16630622940081,0.10698678984096496,0.44915138665552556,0.3930161240522853
53.625,-58.11369702454407,0.10754381120157719,0.4488257828661738,0.3931801308816169
53.650000000000006,-58.060698830219394,0.10810604718448423,0.4484946604833656,0.3933476441391838
53.675000000000004,-58.00729568287173,0.10867365795075003,0.4481579773389686,0.3935186840335948
53.7,-57.953470949169436,0.10924681045311345,0.44781568913570247,0.39369327209650534
53.725,-57.89920728981138,0.10982567878884542,0.4474677493504135,0.39387143123959684
53.75,-57.84448662100282,0.11041044457473237,0.44711410913177413,0.3940531858147928
53.775000000000006,-57.789290073425796,0.11100129734579836,0.44675471719202503,0.3942385616779307
53.800000000000004,-57.73359794851448,0.1115984349795136,0.44638951969234664,0.39442758625612323
53.825,-57.67738967182929,0.11220206414738745,0.4460184601214134,0.3946202886190658
53.85,-57.6206437433061,0.11281240079600038,0.4456414791666471,0.3948166995545606
53.875,-57.563337684136165,0.11342967065971186,0.44525851457764715,0.39501685164855654
53.900000000000006,-57.50544798001135,0.11405410980747313,0.444869501021229,0.3952207793700238
53.925000000000004,-57.44695002044458,0.11468596522638688,0.44447436992745887,0.39542851916101035
53.95,-57.38781803384921,0.11532549544489443,0.44407304932601294,0.39564010953225653
53.975,-57.32802501803161,0.1159729711987237,0.4436654636721406,0.3958555911647743
54.0,-57.267542665719056,0.11662867614302208,0.44325153366143927,0.3960750070178344
54.025000000000006,-57.206341284708934,0.11729290761440891,0.442831176032584,0.39629840244384124
54.050000000000004,-57.14438971218619,0.11796597744702891,0.4424043033570763,0.3965258253106174
54.075,-57.081655222711326,0.11864821284707482,0.44197082381499,0.39675732613166825
54.1,-57.0181034293335,0.11933995733066471,0.4415306409556014,0.39699295820504327
54.125,-56.95369817722833,0.1200415717304354,0.4410836534416855,0.39723277776147137
54.150000000000006,-56.8884014292004,0.12075343527672928,0.4406297547761439,0.39747684412250683
54.175000000000004,-56.82217314232339,0.12147594675983009,0.44016883300950677,0.3977252198694912
54.2,-56.754971134915934,0.12220952578034766,0.43970077042670397,0.39797797102421295
54.225,-56.686750942968345,0.12295461409555868,0.4392254432113514,0.3982351672422283
54.25,-56.61746566504197,0.12371167707031236,0.4387427210856161,0.39849688201990346
54.275000000000006,-56.547065794558826,0.12448120524199141,0.43825246692353553,0.3987631929163362
54.300000000000004,-56.475499038282656,0.1252637160100089,0.4377545363354451,0.3990341817914345
54.325,-56.402710119661094,0.12605975546143078,0.437248777220928,0.3993099350615553
54.35,-56.32864056555212,0.12686990034554535,0.4367350292874305,0.39959054397424687
54.375,-56.25322847469188,0.12769476021159573,0.4362131235313799,0.3998761049038021
54.400000000000006,-56.17640826607457,0.12853497972544395,0.43568288167830244,0.40016671966950235
54.425000000000004,-56.098110405204764,0.12939124118268727,0.43514411557805666,0.400462495878634
54.45,-56.018261105943964,0.1302642672377201,0.43459662655086273,0.4007635472965812
54.475,-55.93678200540468,0.13115482387045005,0.43404020467932514,0.4010699942465491
54.5,-55.85358980903918,0.1320637236148896,0.4334746280410942,0.40138196404175297
54.525000000000006,-55.76859590272357,0.13299182907667678,0.4328996618761909,0.4016995914532272
54.550000000000004,-55.68170592824349,0.1339400567697861,0.4323150576823136,0.4020230192167642
54.575,-55.59281931813755,0.13490938130633778,0.4317205522306456,0.40235239858290034
54.6,-55.501828785342425,0.1359008399775383,0.4311158664937705,0.4026878899143212
54.625,-55.40861976249579,0.13691553776850157,0.4305007044762651,0.4030296633355809
54.650000000000006,-55.313069785081694,0.1379546528550569,0.4298747519373518,0.40337789944061925
54.675000000000004,-55.21504781183112,0.13901944263677526,0.4292376749936375,0.4037327900642324
54.7,-55.11441347490298,0.14011125036745647,0.428589118588405,0.40409453912442256
54.725,-55.011016251348984,0.14123151245233712,0.427928704812139,0.4044633635434234
54.75,-54.90469454618472,0.14238176649050713,0.42725603105690435,0.40483949425620713
54.775000000000006,-54.795274676023894,0.14356366015161853,0.42657066798481397,0.4052231773164288
54.800000000000004,-54.68256974064933,0.14477896098818938,0.42587215728807626,0.40561467511108673
54.825,-54.56637836805386,0.14602956729892397,0.42516000921491043,0.40601426769671
54.85,-54.446483316342714,0.1473175201747885,0.4244336998319165,0.4064222542716422
54.875,-54.322649913387224,0.14864501687852905,0.42369266798915006,0.4068389548010392
54.900000000000006,-54.194624312194954,0.150014425730318,0.42293631194910447,0.40726471181356627
54.925000000000004,-54.06213153653087,0.1514283026978421,0.4221639856348754,0.407699892391541
54.95,-53.92487328729067,0.15288940991906574,0.4213749944458274,0.4081448903794879
54.975,-53.782525475377064,0.15440073642088298,0.4205685905808909,0.40860012883983216
55.0,-53.634735441214325,0.1559655213379145,0.41974396779993656,0.40906606278887714
55.025000000000006,-53.48111881438796,0.157587279983921,0.4189002555422128,0.40954318225140074
55.050000000000004,-53.32125595900011,0.1592698331851118,0.41803651230722,0.41003201567832315
55.075,-53.154687940927694,0.16101734035172344,0.41715171818716923,0.41053313377914247
55.1,-52.980911941946275,0.1628343368436429,0.41624476642080455,0.4110471538294126
55.125,-52.79937603224037,0.1647257762801089,0.41531445381513976,0.41157474452375464
55.150000000000006,-52.60947319668682,0.16669707855563312,0.41435946985376115,0.41211663145707855
55.175000000000004,-52.410534490871186,0.16875418445798654,0.41337838427671414,0.412673603331278
55.2,-52.2018211793442,0.17090361794395928,0.41236963287633527,0.41324651900218506
55.225,-51.98251568023408,0.17315255732014734,0.4113315012041252,0.41383631550267175
55.25,-51.75171110585957,0.17550891680616396,0.4102621058238746,0.4144440172033093
55.275000000000006,-51.50839914703167,0.17798144023473983,0.40915937267331876,0.4150707463029391
55.300000000000004,-51.25145599752227,0.18057980897751044,0.4080210120075612,0.41571773487917496
55.325,-50.979625952520735,0.1833147665895413,0.40684448928863215,0.4163863387748494
55.35,-50.691502238063094,0.1861982631552402,0.4056269912522864,0.4170780536527586
55.375,-50.3855045339903,0.18924362291223773,0.4043653862199517,0.4177945336203301
55.400000000000006,-50.059852536754846,0.19246573945095372,0.4030561775240886,0.4185376129112376
55.425000000000004,-49.71253476512784,0.19588130366361234,0.40169544867152834,0.4193093312166229
55.45,-49.341271635164425,0.19950907068034532,0.4002787985732723,0.4201119633895912
55.475,-48.94347161292821,0.20337017332009752,0.3988012648123804,0.4209480544095061
55.5,-48.516178985231534,0.20748849114399479,0.39725723249695527,0.4218204606954687
55.525000000000006,-48.056011459390064,0.21189108607547338,0.39564032575056535,0.4227323991113358
55.550000000000004,-47.55908540099657,0.21660871779087565,0.3939432783359678,0.42368750532016464
55.575,-47.02092603219917,0.22167645472249997,0.39215777931966495,0.4246899035391221
55.6,-46.436359332254405,0.22713439956196993,0.39027428913641843,0.4257442902342448
55.625,-45.799381703994975,0.2330285515547987,0.38828182105352127,0.42685603489757196
55.650000000000006,-45.10300270582591,0.2394118314690494,0.38616768315345995,0.42803130178675225
55.675000000000004,-44.339055340164705,0.2463452985144306,0.3839171770860277,0.4292771973948058
55.7,-43.4979676335377,0.2538995908973255,0.38151325294645405,0.43060194945805974
55.725,-42.56848874152652,0.26215662163177617,0.37893612638178314,0.43201512447658125
55.75,-41.53736294674529,0.27121155597304314,0.37616287720962166,0.43352789192663277
55.775000000000006,-40.38894638965501,0.2811750816006461,0.3731670729213514,0.43515334438634806
55.800000000000004,-39.104765414994716,0.29217594917976075,0.3699185020556616,0.4369068832618353
55.825,-37.66302414874827,0.3043636952878805,0.36638317006354587,0.4388066789129904
55.85,-36.03808587463777,0.31791133937154364,0.36252381147435153,0.44087421034679675
55.875,-34.19998367019075,0.33301763656958405,0.358301304177713,0.44313488091417563
55.900000000000006,-32.11406949309675,0.34990811923786214,0.3536774994992238,0.44561868883949196
55.925000000000004,-29.741000612520725,0.3688336111106101,0.34861999998201265,0.44836089931376294
55.95,-27.037405496288788,0.390064100331438,0.3431091129575182,0.45140261081939625
55.975,-23.95778602191314,0.4138748414023504,0.3371463078492024,0.4547910242635422
56.0,-20.458500099318208,0.4405205804569031,0.3307619499669838,0.4585791050642184
56.025000000000006,-16.50495932232061,0.4701936019557142,0.32401856489256337,0.4628241854720662
56.050000000000004,-12.083216010697551,0.5029633398008444,0.31700605301059503,0.4675849315834648
56.075,-7.216320355461498,0.5387015481789169,0.30982846720997387,0.47291610441610626
56.1,-1.9833630666361959,0.5770084183560572,0.3025868508713166,0.47886086176047193
56.125,3.4653114248935895,0.6171682880628386,0.2953651656168607,0.48544117348675897
56.150000000000006,8.907692449947424,0.658169042291819,0.2882240028823019,0.49264824589347933
56.175000000000004,14.074883624072704,0.6988052815676802,0.28120184370590434,0.500436138633688
56.2,18.7011356419631,0.7378505609530115,0.27432036496225526,0.5087219265969033
56.225,22.582451194053384,0.7742465204250187,0.26759026164967104,0.5173939065107229
56.25,25.61746256377431,0.8072440592547208,0.26101575574798186,0.5263259767239281
56.275000000000006,27.81289317735027,0.8364557677945534,0.2545974914144862,0.5353935462708679
56.300000000000004,29.256751604115237,0.8618221504487664,0.24833420128263442,0.5444861378651656
56.325,30.077792183699774,0.8835263081736973,0.24222361253563499,0.553514127107986
56.35,30.409961410674,0.9018973707970969,0.2362629308098076,0.5624098940952185
56.375,30.37082685811337,0.9173294350691972,0.23044910109542652,0.5711253358589223
56.400000000000006,30.053490635315946,0.9302255726106062,0.22477895209543441,0.5796278726089354
56.425000000000004,29.527155484067084,0.940965077220718,0.2192492786449668,0.587896426685703
56.45,28.84151125312415,0.949887712012175,0.21385689010059547,0.5959180791101248
56.475,28.03183289937954,0.9572886423980778,0.20859863932383982,0.6036855691070575
56.5,27.123356606457634,0.963419303383537,0.20347144025151392,0.6111955366326427
56.525000000000006,26.134547772573658,0.9684911381207653,0.1984722786192269,0.6184473275850477
56.550000000000004,25.079357407331575,0.972680426644121,0.19359821853859602,0.6254421910949697
56.575,23.96870982998483,0.976133253762623,0.18884640655894744,0.6321827375115152
56.6,22.811458884232117,0.9789701546251046,0.18421407420815006,0.6386725658005383
56.625,21.614996128531924,0.9812902472178234,0.17969853962142046,0.6449160004892767
56.650000000000006,20.38563823181247,0.9831748028352711,0.17529720863119772,0.6509179001147288
56.675000000000004,19.128876663844704,0.9846902752129344,0.17100757554664203,0.6566835133335687
56.7,17.84954210919886,0.9858908397403272,0.16682722376235676,0.6622183677581152
56.725,16.551916070595436,0.9868205045578903,0.1627538262808607,0.6675281820644543
56.75,15.239809589595312,0.9875148555102464,0.1587851461986605,0.6726187952702996
56.775000000000006,13.91662128809577,0.9880024923148737,0.15491903718353547,0.6774961091345398
56.800000000000004,12.585382215395681,0.9883062067821222,0.15115344395583852,0.6821660409023386
56.825,11.248792107632617,0.9884439469741777,0.14748640277626096,0.6866344844200549
56.85,9.909249906573969,0.9884296045512285,0.14391604193486657,0.690907278159017
56.875,8.568880303554707,0.9882736565525345,0.1404405822300192,0.6949901790274927
56.900000000000006,7.2295574067014226,0.9879836876124573,0.1370583374205504,0.6988888410823536
56.925000000000004,5.892926215449593,0.9875648141188714,0.13376771462961695,0.702608798416085
56.95,4.560422328702763,0.9870200280308146,0.1305672146739268,0.7061554516152825
56.975,3.233290152463476,0.9863504749073524,0.12745543228727624,0.7095340572784309
57.0,1.912599772662233,0.9855556780774737,0.12443105620246772,0.7127497201529958
57.025000000000006,0.5992625964004468,0.9846337187208706,0.12149286905079872,0.7158073875102945
57.050000000000004,-0.7059541744948424,0.9835813798578281,0.11863974703345793,0.7187118454250455
57.075,-2.002414198901284,0.98239426079763,0.11587065931452213,0.7214677166672527
57.1,-3.2895997588746644,0.981066867412013,0.1131846670811578,0.7240794599486875
57.125,-4.567100619154924,0.9795926826344538,0.11058092221337275,0.7265513702958226
57.150000000000006,-5.834603982912672,0.9779642207959669,0.10805866550382953,0.7288875803463192
57.175000000000004,-7.091885550699146,0.9761730687583999,0.10561722436835556,0.7310920623876664
57.2,-8.338801696453274,0.9742099162670832,0.10325600999055955,0.7331686309747911
57.225,-9.575282780572335,0.9720645774908064,0.10097451385019694,0.7351209459787158
57.25,-10.801327625362832,0.9697260053268434,0.09877230359530616,0.7369525159311063
57.275000000000006,-12.016999182238871,0.9671822997038696,0.096649018233476,0.7386667015400908
57.300000000000004,-13.222421422335941,0.9644207108006041,0.09460436263843303,0.740266719261472
57.325,-14.417777482158781,0.9614276377999859,0.0926381013947825,0.7417556448167901
57.35,-15.603309092844114,0.9581886235074385,0.09075005203618469,0.7431364165560129
57.375,-16.779317315077925,0.9546883448695237,0.08894007776984297,0.7444118385684318
57.400000000000006,-17.946164591186527,0.9509105991312966,0.08720807982179303,0.7455845834510355
57.425000000000004,-19.104278111225685,0.9468382850651511,0.08555398958116031,0.7466571946497244
57.45,-20.254154471036898,0.9424533783925079,0.0839777607647037,0.7476320882956673
57.475,-21.396365577513148,0.9377369002077346,0.08247936186242885,0.7485115544672845
57.5,-22.53156573031132,0.9326688769102606,0.08105876915720814,0.7492977578181941
57.525000000000006,-23.660499780645797,0.9272282898693863,0.07971596063263285,0.749992737523248
57.550000000000004,-24.784012237333375,0.9213930128042632,0.07845091109048022,0.7505984065087785
57.575,-25.903057158371602,0.915139734680992,0.07726358878983816,0.7511165499495709
57.6,-27.0187086328241,0.9084438658370698,0.07615395389306884,0.7515488230340246
57.625,-28.132171621505,0.9012794250736087,0.07512195895999542,0.7518967480206958
57.650000000000006,-29.244792883200216,0.8936189056495634,0.07416755167351673,0.7521617106342284
57.675000000000004,-30.358071661384866,0.885433118522509,0.07329067991161546,0.7523449558771371
57.7,-31.47366973769212,0.8766910118769319,0.07249129920835992,0.7524475833668909
57.725,-32.59342036314982,0.8673594670575496,0.0717693825770456,0.75247054234658
57.75,-33.71933544396604,0.8574030726099893,0.07112493260952966,0.75241462656408
57.775000000000006,-34.853610169859465,0.846783880401072,0.07055799572433996,0.752280469271569
57.800000000000004,-35.99862401123997,0.8354611509875948,0.070068678418516,0.7520685386677362
57.825,-37.15693665627822,0.8233910998527684,0.06965716538888926,0.7517791341927651
57.85,-38.33127698836865,0.8105266622671646,0.06932373942957852,0.7514123841952389
57.875,-39.52452259868914,0.7968173029152188,0.0690688030820243,0.7509682456242388
57.900000000000006,-40.7396665738872,0.7822089077540574,0.06889290210452434,0.7504465065617885
57.925000000000004,-41.97976739682135,0.7666438106531688,0.06879675092402386,0.7498467926004788
57.95,-43.24787677926952,0.750061027069506,0.06878126030499214,0.7491685782840347
57.975,-44.54693919140399,0.7323967921026443,0.06884756747055341,0.7484112050524552
58.0,-45.879655929746995,0.7135855310667475,0.06899706876485426,0.7475739073442981
58.025000000000006,-47.24830606862822,0.6935614264806614,0.06923145454408833,0.7466558486664739
58.050000000000004,-48.654517049529886,0.6722607833088305,0.06955274518052214,0.7456561694853859
58.075,-50.09897969534518,0.6496254279118833,0.06996332568432666,0.7445740486369724
58.1,-51.58110707000255,0.6256073931339395,0.0704659743203729,0.7434087794887196
58.125,-53.09864500985395,0.6001751214432426,0.0710638776252791,0.7421598611917456
58.150000000000006,-54.64725544541592,0.5733213287915624,0.07176062052192285,0.7408271039221391
58.175000000000004,-56.220112300787,0.5450724731185479,0.07256013628606302,0.7394107449625619
58.2,-57.807572689570115,0.5154994210621272,0.07346659805657356,0.7379115698573101
58.225,-59.397009280315245,0.4847283817466756,0.07448423326634182,0.7363310298978868
58.25,-60.972904952673986,0.45295051150916477,0.07561704729023558,0.7346713443030041
58.275000000000006,-62.51730615545258,0.4204279262904457,0.07686845515499474,0.7329355733383488
58.300000000000004,-64.01069389966312,0.38749346205556506,0.07824084118010625,0.7311276481596791
58.325,-65.43325470980729,0.3545417676507654,0.07973509327567739,0.7292523452485589
58.35,-66.76642763891533,0.32201050935686343,0.08135018386362672,0.7273151985113975
58.375,-67.99449843568516,0.2903526075076068,0.08308288184033011,0.7253223502408261
58.400000000000006,-69.1059531915163,0.2600029864944578,0.08492766940213554,0.7232803518957162
58.425000000000004,-70.09432863512151,0.23134532494657906,0.08687690129131861,0.7211959346798501
58.45,-70.95840850496427,0.20468477380026107,0.0889211913996715,0.7190757754543754
58.475,-71.7017761519085,0.1802312080003456,0.09104996123938806,0.7169262836815828
58.5,-72.33187977249686,0.15809483245778752,0.0932520549841826,0.7147534297711675
58.525000000000006,-72.85884675852733,0.13829301123910276,0.09551632511348586,0.7125626262394814
58.550000000000004,-73.2942826086399,0.12076509907716003,0.09783211652109293,0.7103586633887384
58.575,-73.65022896408662,0.10539130662647214,0.1001896122070242,0.7081456933604765
58.6,-73.93837195713377,0.09201205453727607,0.10258003688835765,0.7059272517873653
58.625,-74.16951801486836,0.08044533885775405,0.10499573784267009,0.703706304882413
58.650000000000006,-74.35330540549683,0.07050080987208202,0.10743017320119579,0.7014853108104125
58.675000000000004,-74.49809732248154,0.06199022238286073,0.10987783917569692,0.6992662864693968
58.7,-74.61099932981587,0.05473453049743274,0.11233416325171212,0.6970508734335285
58.725,-74.69795193775617,0.04856820318202946,0.11479538368534759,0.6948403991838111
58.75,-74.76386106130504,0.043341418152410355,0.11725842897816205,0.6926359316150074
58.775000000000006,-74.81274092981732,0.038920744396151556,0.1197208054930039,0.6904383261147385
58.800000000000004,-74.84785372731324,0.035188818897950926,0.12218049732775299,0.688248265339107
58.825,-74.87183736394219,0.032043405534089124,0.12463587986504424,0.6860662922739906
58.85,-74.88681756088938,0.029396116814541635,0.12708564677654832,0.6838928373855242
58.875,-74.89450339087381,0.02717099134461712,0.1295287493738419,0.6817282407191503
58.900000000000006,-74.89626708573198,0.025303052853120442,0.13196434680524485,0.6795727697712597
58.925000000000004,-74.89320974269135,0.023736928010210122,0.13439176550571927,0.677426633875953
58.95,-74.88621485860511,0.022425566417469345,0.13681046638182046,0.6752899957501923
58.975,-74.87599162072286,0.02132908348115015,0.1392200183699077,0.6731629807400364
59.0,-74.86310972810634,0.020413732286230318,0.1416200771915078,0.6710456842173809
59.025000000000006,-74.84802729779008,0.019651001642131953,0.14401036831548827,0.6689381774945427
59.050000000000004,-74.83111317487648,0.019016832355703134,0.1463906733076388,0.6668405125541367
59.075,-74.81266474274906,0.018490941198058178,0.14876081889805168,0.6647527258334688
59.1,-74.79292213086411,0.018056241056546633,0.15112066822386488,0.662674841254991
59.125,-74.77207954722134,0.017698345778351943,0.15347011381072106,0.6606068726556535
59.150000000000006,-74.75029432023443,0.01740514880174661,0.15580907194295246,0.6585488257368883
59.175000000000004,-74.72769411777558,0.017166465562865937,0.15813747814279516,0.65650069963206
59.2,-74.70438271627033,0.016973730686847894,0.16045528353554397,0.6544624881683663
59.225,-74.68044461637122,0.016819742015674786,0.16276245192287006,0.6524341808844178
59.25,-74.65594874068304,0.01669844452841685,0.16505895742273138,0.6504157638521798
59.275000000000006,-74.63095140039259,0.016604748138857883,0.16734478256310575,0.6484072203420425
59.300000000000004,-74.60549867904662,0.016534374194928057,0.16961991673968924,0.6464085313619083
59.325,-74.57962835111874,0.016483726249529866,0.17188435496591906,0.644419676094925
59.35,-74.55337142877423,0.01644978132546643,0.17413809685812104,0.6424406322555583
59.375,-74.52675341106112,0.016429998464244984,0.17638114581009312,0.6404713763797379
59.400000000000006,-74.49979529457616,0.01642224183734829,0.17861350832056072,0.6385118840616967
59.425000000000004,-74.47251439263279,0.016424716117604873,0.1808351934442055,0.6365621301476204
59.45,-74.44492500043482,0.016435912165954965,0.18304621234277188,0.634622088894243
59.475,-74.41703893620574,0.016454561393148534,0.18524657791734692,0.6326917340989412
59.5,-74.38886598222687,0.01647959741400375,0.18743630450661666,0.6307710392066085
59.525000000000006,-74.36041424497209,0.01651012383032258,0.18961540763883403,0.6288599773975746
59.550000000000004,-74.33169044973276,0.016545387163165635,0.19178390382759233,0.6269585216600313
59.575,-74.30270018210355,0.0165847541109605,0.19394181040340042,0.6250666448497552
59.6,-74.27344808628693,0.016627692441209565,0.19608914537455352,0.6231843197394128
59.625,-74.24393802824527,0.01667375493412153,0.19822592731203623,0.6213115190592942
59.650000000000006,-74.21417323018505,0.016722565889519175,0.20035217525416563,0.6194482155309831
59.675000000000004,-74.1841563816202,0.0167738097866076,0.20246790862747768,0.6175943818952008
59.7,-74.15388973126556,0.01682722175194417,0.2045731471810133,0.6157499909348247
59.725,-74.12337516321368,0.016882579546200847,0.20666791093165987,0.6139150154939164
59.75,-74.09261426020123,0.016939696826717518,0.2087522201186469,0.6120894284934311
59.775000000000006,-74.06160835625263,0.016998417481816415,0.2108260951656246,0.61027320294417
59.800000000000004,-74.03035858056695,0.017058610865568685,0.21288955664903422,0.608466311957436
59.825,-73.9988658941737,0.017120167789174193,0.21494262527171717,0.6066687287537659
59.85,-73.96713112060708,0.017182997148173947,0.21698532184087568,0.6048804266700634
59.875,-73.93515497162296,0.017247023084070497,0.21901766724967078,0.6031013791653839
59.900000000000006,-73.90293806880116,0.01731218259517831,0.22103968246185515,0.6013315598255908
59.925000000000004,-73.87048096172552,0.017378423525162275,0.22305138849894174,0.5995709423670635
59.95,-73.8377841433132,0.017445702869170444,0.22505280642950418,0.5978195006396012
59.975,-73.8048480627652,0.01751398534707491,0.22704395736025423,0.5960772086286535
60.0,-73.77167313652808,0.017583242201402723,0.22902486242861886,0.594344040456978
60.025,-73.97396172343561,0.01761071600875204,0.23100948077893937,0.5926141915582587
60.05,-74.14993678168705,0.01756892089455447,0.23300966877213922,0.5908827703632568
60.075,-74.30298740737221,0.017477300067254776,0.23502257565570167,0.5891509809696227
60.1,-74.4360398731941,0.01735130412174247,0.23704569214578897,0.5874198631561264
60.125,-74.55162356748276,0.01720306425655949,0.23907681052693472,0.5856903160767978
60.15,-74.65192727711795,0.01704198107043183,0.24111398897023456,0.5839631182601774
60.175,-74.73884723362004,0.016875231069472658,0.2431555197668009,0.582238944539426
60.2,-74.8140281417292,0.016708196346924286,0.24519990115177062,0.5805183804234334
60.225,-74.87889823394752,0.01654482474169747,0.24724581238908877,0.5788019343268459
60.25,-74.93469924129903,0.016387928565294196,0.2492920917941328,0.5770900480028925
60.275,-74.98251203810173,0.016239430053396772,0.2513377173861147,0.5753831054631523
60.3,-75.02327860476304,0.016100561312309334,0.2533817898821416,0.5736814406199049
60.325,-75.05782085535326,0.01597202588449886,0.25542351776745487,0.5719853438471992
60.35,-75.08685679389028,0.01585412828679783,0.25746220420008425,0.5702950676244084
60.375,-75.11101439293236,0.01574687706974742,0.2594972355317862,0.5686108313994332
60.4,-75.13084352844862,0.01565006616421946,0.2615280712498649,0.5669328257867791
60.425,-75.14682625445231,0.01556333855523985,0.2635542351659065,0.5652612161975284
60.45,-75.15938565816114,0.015486235669855719,0.2655753076972376,0.5635961459831431
60.475,-75.1688935003097,0.015418235292077712,0.267590919104981,0.561937739162432
60.5,-75.17567681466123,0.015358780322658146,0.2696007435689101,0.5602861027904886
60.525,-75.18002361488874,0.015307300279952547,0.27160449399390035,0.5586413290195984
60.55,-75.18218783508047,0.015263227083431353,0.27360191745581236,0.5570034968946824
60.575,-75.18239361155788,0.015226006365769299,0.2755927912061577,0.55537267391961
60.6,-75.18083899794793,0.01519510531496906,0.27757691916506827,0.5537489174254411
60.625,-75.17769919208804,0.015170017847202417,0.2795541288410459,0.5521322757671865
60.65,-75.17312934199141,0.015150267747159624,0.28152426862378715,0.5505227893719074
60.675,-75.16726698844806,0.015135410279631578,0.2834872054032641,0.5489204916577485
60.7,-75.16023419362324,0.015125032668549221,0.28544282247422337,0.5473254098407706
60.725,-75.15213939801725,0.015118753753258505,0.28739101769049635,0.545737565644118
60.75,-75.14307904218286,0.015116223062605716,0.2893317018380857,0.5441569759220576
60.775,-75.13313898450352,0.015117119492248945,0.29126479719994286,0.5425836532097332
60.8,-75.12239574198205,0.015121149726842122,0.293190236288829,0.5410176062080134
60.825,-75.11091757726699,0.015128046514164804,0.29510796072764794,0.5394588402115562
60.85,-75.0987654519559,0.01513756687109496,0.2970179202592584,0.537907357487148
60.875,-75.0859938634819,0.015149490280071938,0.2989200718700613,0.5363631576084349
60.9,-75.07265158054655,0.015163616918179555,0.30081437901362035,0.5348262377523811
60.925,-75.05878229004747,0.015179765948224634,0.30270081092231765,0.5332965929620895
60.95,-75.04442516671902,0.01519777389141402,0.3045793419965388,0.5317742163800302
60.975,-75.02961537521374,0.015217493093814906,0.3064499512621878,0.5302590994552095
61.0,-75.01438451306967,0.015238790293214309,0.3083126218884838,0.5287512321273597
61.025,-74.9987610019011,0.015261545288872148,0.31016734075896524,0.5272506029908542
61.05,-74.9827704331956,0.015285649713666374,0.3120140980895128,0.5257571994407078
61.075,-74.96643587427415,0.015311005906004095,0.3138528870879477,0.5242710078027336
61.1,-74.94977813925793,0.015337525877417227,0.3156837036504212,0.5227920134496812
61.125,-74.93281602926591,0.015365130370815437,0.3175065460904009,0.521320200904942
61.15,-74.91556654553338,0.01539374800380854,0.31932141489654137,0.5198555539352393
61.175,-74.89804507867528,0.015423314491236068,0.32112831251619006,0.518398055633532
61.2,-74.88026557691579,0.015453771940978134,0.32292724316165405,0.5169476884932243
61.225,-74.86224069575422,0.015485068217209129,0.3247182126366899,0.5155044344746429
61.25,-74.84398193123299,0.015517156365448702,0.3265012281809891,0.5140682750646286
61.275,-74.82549973870664,0.015549994094028284,0.32827629833067123,0.5126391913299949
61.3,-74.80680363878079,0.015583543306899523,0.33004343279304627,0.511217163965516
61.325,-74.78790231188653,0.015617769683044288,0.3318026423340947,0.5098021733370302
61.35,-74.7688036827805,0.015652642298087546,0.3335539386772951,0.508394199520183
61.375,-74.74951499610586,0.01568813328405777,0.3352973344125918,0.5069932223352661
61.4,-74.7300428840154,0.015724217523572354,0.337032842914414,0.5055992213785677
61.425,-74.71039342673909,0.01576087237504632,0.33876047826779965,0.5042121760505957
61.45,-74.6905722068757,0.01579807742582639,0.3404802552017701,0.5028320655814974
61.475,-74.6705843580968,0.01583581427043709,0.34219218902919823,0.5014588690539674
61.5,-74.65043460887208,0.015874066311391013,0.3438962955925042,0.5000925654238935
61.525,-74.630127321755,0.01591281858026001,0.3455925912145709,0.49873313353897897
61.55,-74.60966652870584,0.015952057576929895,0.34728109265435203,0.49738055215553806
61.575,-74.58905596287562,0.015991771125166976,0.3489618170666935,0.4960347999536512
61.6,-74.56829908722614,0.016031948242813055,0.35063478196594255,0.49469585555084294
61.625,-74.54739912031962,0.01607257902509618,0.35230000519296994,0.4933636975144252
61.65,-74.52635905957412,0.01611365453969914,0.3539575048852568,0.4920383043726417
61.675,-74.50518170224836,0.01615516673236774,0.3556072994497502,0.49071965462472644
61.7,-74.4838696643904,0.01619710834196698,0.35724940753821194,0.48940772674998356
61.725,-74.46242539795911,0.01623947282400689,0.35888384802481504,0.48810249921598303
61.75,-74.44085120630464,0.016282254281762134,0.3605106399857764,0.4868039504859526
61.775,-74.41914925817414,0.01632544740420103,0.36212980268082023,0.48551205902544914
61.8,-74.39732160039085,0.016369047410022045,0.36374135553630266,0.48422680330837164
61.825,-74.37537016933945,0.016413049997169776,0.3653453181298375,0.4829481618223804
61.85,-74.35329680137569,0.01645745129726807,0.36694171017627825,0.48167611307377833
61.875,-74.33110324226703,0.01650224783446773,0.36853055151493536,0.4804106355919006
61.9,-74.30879115575844,0.01654743648825834,0.37011186209790414,0.47915170793306283
61.925,-74.28636213134912,0.01659301445984178,0.3716856619794064,0.4778993086841056
61.95,-74.26381769135607,0.01663897924170676,0.3732519713060494,0.476653416465571
61.975,-74.24115929733314,0.016685328590081722,0.3748108103079167,0.47541400993454985
62.0,-74.218388355907,0.016732060499977247,0.37636219929041903,0.47418106778721997
62.025,-74.19550622408532,0.016779173182559098,0.3779061586268296,0.47295456876111425
62.05,-74.17251421408675,0.0168266650446199,0.37944270875144726,0.47173449163713427
62.075,-74.14941359773762,0.016874534669941963,0.38097187015332806,0.47052081524133604
62.1,-74.12620561047545,0.016922780802364656,0.3824936633705335,0.4693135184465084
62.125,-74.10289145499564,0.01697140233038956,0.3840081089848551,0.4681125801735581
62.15,-74.07947230457393,0.017020398273173063,0.38551522761696433,0.46691797939272467
62.175,-74.05594930609442,0.017069767767772345,0.3870150399219573,0.46572969512463575
62.2,-74.03232358280955,0.017119510057523515,0.3885075665852566,0.4645477064412178
62.225,-74.0085962368563,0.01716962448144346,0.389992828318838,0.46337199246647653
62.25,-73.98476835155013,0.017220110464557917,0.39147084585775904,0.46220253237715436
62.275,-73.9608409934768,0.017270967509067932,0.39294163995695525,0.46103930540328025
62.3,-73.93681521439939,0.017322195186275677,0.39440523138828765,0.4598822908286185
62.325,-73.9126920529971,0.017373793129198654,0.3958616409378178,0.4587314679910254
62.35,-73.88847253645027,0.01742576102580817,0.39731088940328774,0.4575868162827238
62.375,-73.86415768188483,0.017478098612834475,0.39875299759179517,0.4564483151504983
62.4,-73.83974849768848,0.017530805670086552,0.4001879863176382,0.45531594409582316
62.425,-73.81524598470924,0.017583882015239374,0.40161587640032115,0.4541896826749258
62.45,-73.79065113734669,0.017637327499046646,0.4030366886627072,0.453069510498791
62.475,-73.76596494454462,0.017691142000940498,0.4044504439293017,0.45195540723311445
62.5,-73.7411883906934,0.01774532542498361,0.40585716302466257,0.4508473525982041
62.525,-73.71632245644965,0.017799877696142587,0.4072568667719193,0.4497453263688407
62.55,-73.69136811948015,0.017854798756854164,0.40864957599139606,0.44864930837409667
62.575,-73.66632635513571,0.017910088563858832,0.4100353114993303,0.44755927849711785
62.6,-73.64119813706147,0.01796574708527837,0.4114140941066755,0.44647521667487394
62.625,-73.6159844377479,0.018021774297916713,0.4127859446179874,0.44539710289787515
62.65,-73.59068622902817,0.018078170184764708,0.4141508838303798,0.4443249172098648
62.675,-73.5653044825253,0.018134934732691666,0.4155089325325491,0.4432586397074849
62.7,-73.53984017005389,0.018192067930308017,0.4168601115038603,0.44219825053992007
62.725,-73.51429426397944,0.01824956976598467,0.41820444151348846,0.4411437299085215
62.75,-73.48866773753875,0.018307440226016446,0.4195419433196151,0.44009505806641086
62.775,-73.46296156512471,0.018365679292917332,0.4208726376686693,0.4390522153180693
62.8,-73.43717672253779,0.018424286943837305,0.4221965452946146,0.43801518201891154
62.825,-73.41131418720715,0.01848326314909068,0.42351368691827596,0.43698393857484585
62.85,-73.38537493838356,0.018542607870787185,0.4248240832467029,0.4359584654418243
62.875,-73.35935995730642,0.01860232106155777,0.42612775497257005,0.4349387431253796
62.9,-73.33327022734656,0.018662402663367602,0.42742472277360566,0.4339247521801557
62.925,-73.30710673412703,0.0187228526064096,0.428715007312051,0.4329164732094294
62.95,-73.28087046562332,0.018783670808072413,0.4299986292341468,0.4319138868646244
62.975,-73.25456241224458,0.018844857171977078,0.4312756091696424,0.430916973844822
63.0,-73.22818356689724,0.018906411587077534,0.4325459677313315,0.4299257148962631
63.025,-73.20173492503254,0.018968333926819847,0.43380972551460467,0.42894009081184925
63.05,-73.175217484679,0.019030624048356398,0.4350669030970236,0.4279600824306397
63.075,-73.1486322464608,0.019093281791810645,0.4363175210379134,0.4269856706373451
63.1,-73.12198021360368,0.019156306979589168,0.43756159987796894,0.4260168363618211
63.125,-73.09526239192847,0.019219699415737618,0.43879916013888076,0.4250535605785582
63.15,-73.06847978983404,0.019283458885337567,0.4400302223229712,0.4240958243061737
63.175,-73.0416334182698,0.019347585153941402,0.44125480691284513,0.42314360860690226
63.2,-73.01472429069874,0.019412077967043005,0.44247293437105356,0.4221968945860868
63.225,-72.98775342305203,0.01947693704958152,0.4436846251397659,0.42125566339167214
63.25,-72.96072183367515,0.019542162105476463,0.4448898996404567,0.42031989621369714
63.275,-72.93363054326699,0.01960775281719189,0.44608877827359833,0.41938957428379137
63.3,-72.90648057481167,0.019673708845328042,0.4472812814183646,0.41846467887467287
63.325,-72.87927295350433,0.019740029828238716,0.44846742943234236,0.41754519129964857
63.35,-72.85200870667086,0.01980671538167285,0.44964724265124995,0.4166310929121185
63.375,-72.82468886368228,0.019873765098438998,0.4508207413886657,0.4157223651050816
63.4,-72.79731445586418,0.01994117854809133,0.4519879459357599,0.4148189893106469
63.425,-72.76988651640146,0.020008955276635897,0.45314887656103553,0.4139209469995475
63.45,-72.7424060802391,0.02007709480625635,0.4543035535100741,0.413028219680659
63.475,-72.71487418397886,0.020145596635057706,0.45545199700528627,0.4121407889005231
63.5,-72.68729186577258,0.020214460236827672,0.45659422724567056,0.4112586362428735
63.525,-72.65966016521217,0.020283685060814266,0.45773026440657405,0.41038174332816935
63.55,-72.63198012321678,0.020353270531519228,0.4588601286394595,0.40951009181313164
63.575,-72.60425278191731,0.020423216048506405,0.45998384007167703,0.4086436633902861
63.6,-72.57647918453843,0.020493520986224208,0.461101418806238,0.40778243978751133
63.625,-72.54866037527847,0.020564184693842122,0.4622128849215972,0.4069264027675907
63.65,-72.52079739918743,0.020635206495099832,0.46331825847143465,0.4060755341277724
63.675,-72.49289130204322,0.020706585688169344,0.4644175594844437,0.405229815699334
63.7,-72.46494313022637,0.020778321545528822,0.4655108079641219,0.40438922934715255
63.725,-72.43695393059346,0.020850413313848074,0.4665980238885648,0.40355375696928253
63.75,-72.40892475034924,0.020922860213885418,0.46767922721026517,0.4027233804965373
63.775,-72.38085663691807,0.02099566144039508,0.4687544378559128,0.40189808189207893
63.8,-72.35275063781408,0.021068816162045024,0.4698236757261997,0.4010778431510138
63.825,-72.32460780051106,0.02114232352134497,0.4708869606956274,0.4002626462999943
63.85,-72.29642917231162,0.021216182634583945,0.47194431261231595,0.39945247339682816
63.875,-72.26821580021593,0.02129039259177751,0.4729957512978195,0.39864730653009206
63.9,-72.23996873079024,0.02136495245662394,0.4740412965469412,0.39784712781875464
63.925,-72.2116890100352,0.021439861266469414,0.4750809681275524,0.3970519194118046
63.95,-72.18337768325426,0.021515118032281826,0.4761147857804153,0.39626166348788616
63.975,-72.15503579492196,0.021590721738632943,0.47714276921900595,0.39547634225494155
64.0,-72.12666438855246,0.02166667134368899,0.4781649381293441,0.39469593794985924
64.025,-72.09826450656838,0.021742965779209065,0.4791813121698217,0.39392043283813055
64.05,-72.06983719017008,0.021819603950551315,0.4801919109710351,0.3931498092135134
64.075,-72.04138347920507,0.02189658473668702,0.4811967541356238,0.3923840493977002
64.1,-72.01290441203842,0.02197390699022182,0.4821958612381039,0.3916231357399979
64.125,-71.9844010254234,0.022051569537424556,0.4831892518247136,0.3908670506170087
64.15,-71.95587435437298,0.02212957117826299,0.484176945413253,0.3901157764323246
64.175,-71.92732543203218,0.022207910686446657,0.48515896149293153,0.3893692956162239
64.2,-71.89875528955098,0.022286586809476826,0.48613531952421846,0.3886275906253757
64.225,-71.87016495595853,0.02236559826870257,0.4871060389386901,0.3878906439425556
64.25,-71.84155545803793,0.022444943759384252,0.4880711391388886,0.38715843807636163
64.275,-71.81292782020235,0.02252462195076278,0.48903063949817416,0.3864309555609441
64.3,-71.78428306437208,0.022604631486135607,0.48998455936058605,0.3857081789557384
64.325,-71.75562220985267,0.022684970982939097,0.49093291804070605,0.38499009084520497
64.35,-71.72694627321448,0.02276563903283652,0.4918757348235189,0.3842766738385801
64.375,-71.6982562681732,0.02284663420181275,0.49281302896428375,0.38356791056962825
64.4,-71.66955320547189,0.02292795503027432,0.4937448196883998,0.3828637836964072
64.425,-71.64083809276427,0.02300960003315557,0.49467112619128034,0.3821642759010364
64.45,-71.61211193449924,0.023091567700030752,0.49559196763822905,0.38146936988947233
64.475,-71.58337573180717,0.023173856495231092,0.4965073631643139,0.3807790483912949
64.5,-71.55463048238725,0.02325646485796828,0.49741733187425113,0.3800932941594952
64.525,-71.52587718039668,0.023339391202462517,0.4983218928422848,0.37941208997027576
64.55,-71.49711681634109,0.02342263391807655,0.49922106511207315,0.3787354186228537
64.575,-71.46835037696671,0.023506191369454817,0.5001148676965784,0.37806326293927206
64.6,-71.43957884515417,0.023590061896667364,0.5010033195779537,0.37739560576422
64.625,-71.41080319981369,0.023674243815359586,0.5018864397074405,0.37673242996485595
64.65,-71.38202441578221,0.023758735416906183,0.5027642470052602,0.3760737184306421
64.675,-71.353243463722,0.023843534968570373,0.5036367603605151,0.37541945407318256
64.7,-71.32446131002096,0.023928640713668202,0.50450399863109,0.3747696198260678
64.725,-71.2956789166949,0.0240140508717368,0.5053659806435529,0.3741241986447303
64.75,-71.26689724129116,0.024099763638708162,0.5062227251930649,0.3734831735063002
64.775,-71.23811723679444,0.024185777187086675,0.5070742510432857,0.37284652740947455
64.8,-71.20933985153408,0.024272089666131553,0.5079205769262869,0.3722142433743879
64.825,-71.18056602909324,0.024358699202043754,0.5087617215424668,0.3715863044424908
64.85,-71.15179670822006,0.024445603898156535,0.5095977035604636,0.3709626936764377
64.875,-71.12303282274038,0.024532801835131034,0.5104285416170791,0.3703433941599761
64.9,-71.09427530147259,0.02462029107115507,0.5112542543171962,0.36972838899784705
64.925,-71.06552506814417,0.02470806964214661,0.5120748602337052,0.3691176613156892
64.95,-71.03678304131007,0.024796135561961058,0.5128903779074315,0.3685111942599487
64.975,-71.00805013427322,0.02488448682260178,0.513700825847062,0.3679089709977985
65.0,-70.97932725500658,0.0249731213944353,0.5145062225290803,0.36731097471705904
65.025,-70.9506153060775,0.02506203722640924,0.5153065863976977,0.36671718862613023
65.05,-70.92191518457359,0.02515123224627428,0.5161019358647914,0.3661275959539255
65.075,-70.89322778203085,0.025240704360809694,0.5168922893098452,0.3655421799498128
65.1,-70.86455398436348,0.025330451456051613,0.5176776650798879,0.3649609238835636
65.125,-70.83589467179574,0.025420471397525426,0.5184580814894404,0.36438381104530393
65.15,-70.80725071879577,0.02551076203048045,0.5192335568204599,0.36381082474547516
65.175,-70.77862299401122,0.025601321180128263,0.5200041093222896,0.363241948314798
65.2,-70.75001236020685,0.025692146651884035,0.5207697572116106,0.3626771651042414
65.225,-70.72141967420427,0.025783236231610208,0.5215305186723934,0.36211645848500107
65.25,-70.69284578682326,0.02587458768586358,0.5222864118558569,0.3615598118484775
65.275,-70.66429154282532,0.025966198762144604,0.523037454880423,0.36100720860626573
65.3,-70.63575778085907,0.02605806718914947,0.5237836658316788,0.3604586321901456
65.325,-70.60724533340742,0.026150190677024926,0.5245250627623405,0.35991406605207865
65.35,-70.578755026737,0.026242566917624784,0.525261663692215,0.35937349366421234
65.375,-70.55028768084915,0.026335193584769635,0.5259934866081707,0.35883689851888556
65.4,-70.5218441094331,0.026428068334507917,0.5267205494641035,0.3583042641286429
65.425,-70.49342511982097,0.026521188805379573,0.5274428701809096,0.35777557402625165
65.45,-70.46503151294455,0.026614552618681755,0.5281604666464608,0.357250811764723
65.475,-70.43666408329426,0.026708157378735848,0.5288733567155761,0.3567299609173414
65.5,-70.4083236188797,0.026802000673157144,0.5295815582100039,0.35621300507769404
65.525,-70.3800109011923,0.026896080073125307,0.530285088918398,0.3556999278597097
65.55,-70.35172670516978,0.026990393133657073,0.5309839665963013,0.3551907128976984
65.575,-70.32347179916233,0.02708493739388035,0.5316782089661303,0.3546853438463963
65.6,-70.29524694490097,0.027179710377309294,0.5323678337171581,0.3541838043810176
65.625,-70.26705289746731,0.02727470959212134,0.5330528585055059,0.3536860781973065
65.65,-70.23889040526569,0.027369932531434733,0.5337333009541289,0.3531921490115971
65.675,-70.21076020999658,0.02746537667358758,0.5344091786528091,0.35270200056087553
65.7,-70.18266304663213,0.02756103948241801,0.5350805091581509,0.3522156166028452
65.725,-70.15459964339347,0.02765691840754459,0.5357473099935721,0.3517329809159996
65.75,-70.12657072172964,0.027753010884648318,0.5364095986493048,0.35125407729969377
65.775,-70.0985769962985,0.02784931433575468,0.5370673925823916,0.35077888957422515
65.8,-70.07061917494927,0.027945826169516616,0.5377207092166865,0.35030740158091356
65.825,-70.04269795870668,0.02804254378149804,0.5383695659428588,0.34983959718218655
65.85,-70.01481404175716,0.028139464554457354,0.5390139801183945,0.3493754602616695
65.875,-69.9869681114364,0.028236585858631907,0.5396539690676043,0.34891497472427613
65.9,-69.95916084821884,0.028333905052021845,0.5402895500816286,0.34845812449630587
65.925,-69.93139292570875,0.028431419480674708,0.5409207404184473,0.3480048935255417
65.95,-69.90366501063279,0.028529126478969942,0.5415475573028914,0.3475552657813518
65.975,-69.8759777628346,0.028627023369902846,0.5421700179266521,0.34710922525479593
66.0,-69.84833183527054,0.028725107465369097,0.5427881394482975,0.3466667559587316
66.025,-69.82072787400747,0.028823376066448133,0.5434019389932849,0.346227841927927
66.05,-69.79316651822175,0.028921826463686802,0.5440114336539783,0.34579246721917356
66.075,-69.76564840019996,0.029020455937382575,0.5446166404896673,0.345360615911402
66.1,-69.73817414534129,0.029119261757865455,0.5452175765265842,0.34493227210580285
66.125,-69.71074437216109,0.029218241185780303,0.545814258757927,0.34450741992594613
66.15,-69.68335969229638,0.029317391472367327,0.5464067041438796,0.3440860435179072
66.175,-69.65602071051244,0.029416709859742703,0.5469949296116359,0.34366812705039246
66.2,-69.62872802471104,0.02951619358117775,0.5475789520554258,0.3432536547148669
66.225,-69.6014822259402,0.029615839861376978,0.5481587883365386,0.3428426107256872
66.25,-69.57428389840516,0.029715645916755705,0.5487344552833532,0.3424349793202324
66.275,-69.54713361948089,0.029815608955715642,0.549305969691364,0.34203074475904055
66.3,-69.52003195972597,0.029915726178919803,0.5498733483232126,0.3416298913259449
66.325,-69.49297948289768,0.03001599477956616,0.550436607908718,0.34123240332821203
66.35,-69.4659767459687,0.030116411943659178,0.5509957651449084,0.3408382650966838
66.375,-69.43902429914478,0.03021697485028075,0.5515508366960562,0.34044746098591766
66.4,-69.41212268588397,0.030317680671858777,0.5521018391937099,0.3400599753743322
66.425,-69.38527244291704,0.030418526574434532,0.5526487892367314,0.3396757926643512
66.45,-69.35847410026899,0.030519509717928352,0.5531917033913328,0.33929489728255013
66.475,-69.33172818128212,0.030620627256402994,0.5537305981911127,0.3389172736798052
66.5,-69.30503520263981,0.03072187633832589,0.554265490137097,0.33854290633144113
66.525,-69.278395674392,0.03082325410682864,0.5547963956977766,0.33817177973738294
66.55,-69.25181009998145,0.030924757699965087,0.5553233313091496,0.3378038784223067
66.575,-69.22527897627123,0.031026384250967185,0.5558463133747631,0.33743918693579145
66.6,-69.19880279357346,0.031128130888498265,0.5563653582657551,0.33707768985247416
66.625,-69.17238203567882,0.031229994736904916,0.5568804823208997,0.3367193717722018
66.65,-69.1460171798875,0.03133197291646564,0.5573917018466504,0.3363642173201885
66.675,-69.1197086970408,0.03143406254363788,0.5578990331171859,0.3360122111471701
66.7,-69.09345705155414,0.03153626073130252,0.5584024923744585,0.33566333792956016
66.725,-69.06726270145067,0.0316385645890053,0.5589020958282385,0.3353175823696078
66.75,-69.04112609839609,0.03174097122319683,0.5593978596561655,0.3349749291955538
66.775,-69.0150476877344,0.03184347773746888,0.5598898000037955,0.3346353631617897
66.8,-68.98902790852442,0.03194608123278877,0.5603779329846516,0.33429886904901474
66.825,-68.96306719357742,0.0320487788077311,0.5608622746802755,0.33396543166439374
66.85,-68.93716596949538,0.03215156755870602,0.5613428411402778,0.33363503584171716
66.875,-68.91132465671028,0.03225444458018577,0.5618196483823925,0.33330766644155757
66.9,-68.88554366952414,0.03235740696492747,0.5622927123925279,0.33298330835142975
66.925,-68.85982341614995,0.032460451804193546,0.5627620491248221,0.33266194648594855
66.95,-68.83416429875317,0.03256357618796936,0.5632276745016984,0.3323435657869865
66.975,-68.80856671349422,0.03266677720517728,0.563689604413919,0.33202815122383367
67.0,-68.78303105057152,0.032770051943888545,0.5641478547206432,0.3317156877933538
67.025,-68.7575576942655,0.03287339749153139,0.5646024412494831,0.3314061605201431
67.05,-68.73214702298289,0.03297681093509661,0.565053379796562,0.33109955445668743
67.075,-68.70679940930198,0.03308028936133997,0.5655006861265732,0.3307958546835179
67.1,-68.68151522001861,0.03318382985698108,0.5659443759728384,0.33049504630936893
67.125,-68.65629481619231,0.033287429508899756,0.5663844650373684,0.3301971144713324
67.15,-68.63113855319358,0.03339108540432863,0.5668209689909229,0.32990204433501363
67.175,-68.6060467807514,0.033494794631042844,0.5672539034730719,0.3296098210946858
67.2,-68.58101984300139,0.03359855427754671,0.5676832840922585,0.32932042997344274
67.225,-68.55605807853455,0.03370236143325653,0.56810912642586,0.3290338562233532
67.25,-68.53116182044634,0.0338062131886808,0.5685314460202525,0.32875008512561127
67.275,-68.50633139638657,0.0339101066355966,0.5689502583908735,0.328469101990689
67.3,-68.48156712860931,0.03401403886722297,0.5693655790222869,0.3281908921584856
67.325,-68.45686933402362,0.03411800697839119,0.5697774233682487,0.32791544099847636
67.35,-68.43223832424457,0.034222008065710935,0.5701858068517711,0.32764273390986176
67.375,-68.4076744056445,0.03432603922773419,0.5705907448651909,0.3273727563217132
67.4,-68.38317787940503,0.03443009756511477,0.5709922527702344,0.3271054936931196
67.425,-68.35874904156904,0.0345341801807651,0.5713903458980857,0.3268409315133319
67.45,-68.33438818309318,0.03463828418000974,0.5717850395494557,0.3265790553019053
67.475,-68.31009558990074,0.0347424066707348,0.5721763489946488,0.32631985060884294
67.5,-68.28587154293466,0.03484654476353501,0.572564289473634,0.32606330301473496
67.525,-68.26171631821093,0.03495069557185652,0.5729488761961135,0.3258093981308986
67.55,-68.23763018687228,0.035054856212136824,0.573330124341593,0.325558121599516
67.575,-68.21361341524195,0.03515902380394143,0.5737080490594538,0.3253094590937697
67.6,-68.18966626487786,0.035263195470096605,0.5740826654690228,0.32506339631797854
67.625,-68.16578899262677,0.03536736833681948,0.5744539886596454,0.3248199190077297
67.65,-68.14198185067896,0.03547153953384424,0.5748220336907575,0.32457901293001157
67.675,-68.11824508662264,0.035575706194545254,0.5751868155919584,0.32434066388334304
67.7,-68.09457894349875,0.03567986545605713,0.5755483493630856,0.32410485769790137
67.725,-68.070983659856,0.03578401445939075,0.5759066499742872,0.32387158023565016
67.75,-68.04745946980566,0.03588815034954695,0.5762617323660976,0.3236408173904626
67.775,-68.02400660307677,0.03599227027562601,0.5766136114495118,0.32341255508824623
67.8,-68.00062528507134,0.03609637139093465,0.5769623021060617,0.3231867792870633
67.825,-67.97731573691931,0.036200450853089434,0.577307819187892,0.32296347597725006
67.85,-67.95407817553414,0.03630450582411688,0.5776501775178361,0.32274263118153534
67.875,-67.93091281366773,0.03640853347055073,0.5779893918894943,0.3225242309551555
67.9,-67.9078198599659,0.03651253096352561,0.5783254770673103,0.3223082613859688
67.925,-67.8847995190236,0.03661649547886797,0.5786584477866494,0.32209470859456735
67.95,-67.86185199143999,0.036720424197183875,0.5789883187538779,0.32188355873438645
67.975,-67.83897747387384,0.0368243143039432,0.5793151046464398,0.3216747979918136
68.0,-67.81617615909836,0.03692816298956159,0.579638820112939,0.32146841258629344
68.025,-67.79344823605643,0.03703196744947871,0.5799594797732166,0.32126438877043273
68.05,-67.77079388991554,0.037135724884233855,0.5802770982184324,0.32106271283010185
68.075,-67.74821330212238,0.03723943249953866,0.5805916900111459,0.3208633710845344
68.1,-67.72570665045782,0.037343087506346594,0.5809032696853955,0.32066634988642584
68.125,-67.70327410909127,0.03744668712092004,0.5812118517467824,0.3204716356220284
68.15,-67.68091584863521,0.03755022856489387,0.5815174506725506,0.3202792147112454
68.175,-67.65863203619936,0.03765370906533686,0.5818200809116699,0.3200890736077225
68.2,-67.63642283544472,0.03775712585481022,0.5821197568849195,0.3199011987989368
68.225,-67.61428840663757,0.037860476171422915,0.5824164929849688,0.31971557680628493
68.25,-67.59222890670293,0.03796375725888511,0.5827103035764633,0.3195321941851674
68.275,-67.57024448927817,0.03806696636655815,0.5830012029961067,0.319351037525072
68.3,-67.54833530476611,0.03817010074950256,0.5832892055527457,0.3191720934496546
68.325,-67.52650150038802,0.03827315766852342,0.5835743255274548,0.3189953486168174
68.35,-67.5047432202363,0.03837613439021272,0.5838565771736203,0.3188207897187861
68.375,-67.48306060532694,0.03847902818699022,0.5841359747170265,0.3186484034821834
68.4,-67.4614537936516,0.03858183633714081,0.5844125323559404,0.31847817666810174
68.425,-67.43992292022949,0.03868455612485036,0.5846862642611979,0.3183100960721731
68.45,-67.41846811715897,0.03878718484023918,0.5849571845762898,0.31814414852463624
68.475,-67.39708951366869,0.03888971977939239,0.5852253074174482,0.317980320890403
68.5,-67.37578723616853,0.038992158244389515,0.5854906468737338,0.3178186000691209
68.525,-67.35456140830017,0.03909449754333046,0.5857532170071215,0.31765897299523477
68.55,-67.3334121509873,0.039196734990360506,0.5860130318525888,0.3175014266380459
68.575,-67.31233958248538,0.03929886790569287,0.586270105418203,0.3173459480017681
68.6,-67.29134381843129,0.03940089361562893,0.5865244516852084,0.31719252412558296
68.625,-67.27042497189224,0.03950280945257719,0.5867760846081154,0.31704114208369205
68.65,-67.24958315341469,0.03960461275506987,0.5870250181147868,0.3168917889853673
68.675,-67.22881847107244,0.03970630086777776,0.5872712661065279,0.31674445197499884
68.7,-67.20813103051469,0.039807871141523773,0.5875148424581742,0.3165991182321412
68.725,-67.18752093501348,0.039909320933293996,0.5877557610181798,0.31645577497155725
68.75,-67.16698828551074,0.0400106476062479,0.5879940356087073,0.31631440944325917
68.775,-67.1465331806649,0.04011184852972636,0.5882296800257154,0.31617500893254885
68.8,-67.12615571689719,0.040212921079258446,0.588462708039049,0.3160375607600549
68.825,-67.10585598843714,0.04031386263656699,0.5886931333925283,0.3159020522817677
68.85,-67.08563408736816,0.040414670589572,0.5889209698040373,0.3157684708890734
68.875,-67.06549010367205,0.04051534233239364,0.589146230965615,0.315636804008784
68.9,-67.04542412527356,0.04061587526535317,0.5893689305435428,0.3155070391031676
68.925,-67.02543623808411,0.04071626679497316,0.589589082178435,0.3153791636699745
68.95,-67.00552652604524,0.040816514333976414,0.5898066994853286,0.3152531652424625
68.975,-66.98569507117139,0.040916615301283606,0.5900217960537721,0.31512903138942017
69.0,-66.96594195359233,0.041016567122010315,0.5902343854479163,0.3150067497151872
69.025,-66.94626725159502,0.041116367227462446,0.5904444812066022,0.3148863078596741
69.05,-66.92667104166495,0.041216013055131395,0.5906520968434515,0.31476769349837885
69.075,-66.90715339852689,0.041315502048688134,0.5908572458469564,0.3146508943424018
69.1,-66.88771439518531,0.041414831657976166,0.5910599416805677,0.3145358981384593
69.125,-66.86835410296406,0.04151399933900456,0.5912601977827856,0.3144226926688944
69.15,-66.84907259154558,0.04161300255393937,0.5914580275672474,0.3143112657516869
69.175,-66.82986992900967,0.041711838771095106,0.5916534444228174,0.31420160524046026
69.2,-66.81074618187148,0.04181050546492583,0.5918464617136756,0.31409369902448736
69.225,-66.79170141511928,0.04190900011601488,0.5920370927794062,0.31398753502869486
69.25,-66.77273569225122,0.04200732021106541,0.5922253509350864,0.3138831012136643
69.275,-66.75384907531203,0.042105463242889545,0.5924112494713744,0.3137803855756334
69.3,-66.73504162492878,0.042203426710397875,0.592594801654597,0.31367937614649416
69.325,-66.71631340034618,0.042301208118588646,0.5927760207268387,0.3135800609937892
69.35,-66.69766445946138,0.04239880497853646,0.5929549199060272,0.3134824282207079
69.375,-66.679094858858,0.04249621480738158,0.5931315123860228,0.3133864659660787
69.4,-66.66060465383984,0.042593435128318514,0.5933058113367032,0.31329216240436225
69.425,-66.64219389846377,0.042690463470584916,0.593477829904051,0.3131995057456404
69.45,-66.62386264557212,0.04278729736945098,0.5936475812102396,0.31310848423560544
69.475,-66.60561094682448,0.04288393436620823,0.5938150783537189,0.3130190861555472
69.5,-66.58743885272885,0.042980372008159344,0.5939803344093004,0.312931299822338
69.525,-66.56934641267227,0.043076607848607645,0.5941433624282422,0.3128451135884177
69.55,-66.55133367495074,0.04317263944684732,0.5943041754383325,0.31276051584177533
69.575,-66.53340068679861,0.0432684643681542,0.5944627864439747,0.3126774950059307
69.6,-66.51554749441735,0.04336408018377642,0.5946192084262691,0.31259603953991394
69.625,-66.4977741430036,0.04345948447092641,0.594773454343097,0.31251613793824407
69.65,-66.48008067677681,0.04355467481277275,0.594925537129202,0.31243777873090567
69.675,-66.46246713900602,0.04364964879843336,0.5950754696962713,0.312360950483325
69.7,-66.4449335720362,0.04374440402296907,0.5952232649330169,0.3122856417963439
69.725,-66.42748001731391,0.04383893808737788,0.5953689357052553,0.3122118413061934
69.75,-66.41010651541217,0.043933248598590505,0.5955124948559879,0.3121395376844653
69.775,-66.39281310605507,0.044027333169466394,0.5956539552054784,0.31206871963808336
69.8,-66.3755998281414,0.044121189418790965,0.5957933295513311,0.31199937590927246
69.825,-66.35846671976773,0.04421481497127404,0.5959306306685689,0.31193149527552727
69.85,-66.34141381825107,0.04430820745754875,0.5960658713097083,0.3118650665495798
69.875,-66.32444116015049,0.04440136451417253,0.5961990642048359,0.31180007857936554
69.9,-66.30754878128852,0.044494283783628436,0.5963302220616822,0.311736520247989
69.925,-66.29073671677168,0.044586962914328225,0.5964593575656953,0.31167438047368784
69.95,-66.27400500101032,0.044679399560616936,0.5965864833801144,0.3116136482097967
69.975,-66.2573536677381,0.0447715913827781,0.5967116121460408,0.3115543124447093
70.0,-66.24078275003042,0.04486353604704128,0.5968347564825088,0.31149636220184035
70.025,-66.22429228032257,0.044955231225590565,0.596955928986555,0.31143978653958626
70.05,-66.20788229042708,0.045046674596574715,0.5970751422332874,0.3113845745512852
70.075,-66.19155281155037,0.045137863844119205,0.5971924087759528,0.3113307153651764
70.1,-66.17530387430885,0.04522879665833931,0.5973077411460028,0.3112781981443587
70.125,-66.1591355087444,0.045319470735355735,0.5974211518531596,0.311227012086748
70.15,-66.14304774433903,0.045409883777311255,0.597532653385479,0.3111771464250351
70.175,-66.12704061002914,0.045500033492389534,0.5976422582094141,0.31112859042664165
70.2,-66.11111413421891,0.04558991759483613,0.5977499787698761,0.31108133339367666
70.225,-66.09526834479314,0.04567953380498051,0.5978558274902948,0.3110353646628916
70.25,-66.07950326912946,0.045768879849261236,0.5979598167726768,0.3109906736056354
70.275,-66.06381893410988,0.045857953460252024,0.5980619589976643,0.310947249627809
70.3,-66.04821536613163,0.04594675237669072,0.598162266524589,0.3109050821698194
70.325,-66.03269259111744,0.04603527434351014,0.5982607516915288,0.31086416070653317
70.35,-66.01725063452514,0.04612351711187073,0.5983574268153591,0.31082447474722996
70.375,-66.00188952135657,0.046211478439196214,0.5984523041918054,0.3107860138355554
70.4,-65.98660927616591,0.04629915608921055,0.5985453960954934,0.3107487675494736
70.425,-65.97140992306733,0.04638654783197795,0.5986367147799967,0.31071272550122014
70.45,-65.95629148574199,0.046473651443945226,0.598726272477884,0.31067787733725355
70.475,-65.94125398744438,0.04656046470798575,0.5988140814007642,0.3106442127382081
70.5,-65.92629745100811,0.046646985413447015,0.59890015373933,0.3106117214188454
70.525,-65.91142189885095,0.04673321135619961,0.5989845016633992,0.3105803931280065
70.55,-65.89662735297921,0.04681914033868945,0.599067137321955,0.3105502176485635
70.575,-65.8819138349916,0.04690477016999237,0.5991480728431842,0.3105211847973715
70.6,-65.86728136608241,0.04699009866587099,0.5992273203345126,0.3104932844252204
70.625,-65.85272996704394,0.047075123648834816,0.5993048918826411,0.3104665064167867
70.65,-65.83825965826843,0.04715984294820248,0.5993807995535767,0.3104408406905858
70.675,-65.8238704597493,0.047244254400167066,0.5994550553926634,0.31041627719892384
70.7,-65.80956239108173,0.047328355847864136,0.5995276714246115,0.3103928059278502
70.725,-65.79533547146266,0.04741214514144223,0.5995986596535233,0.3103704168971098
70.75,-65.78118971969013,0.04749562013813666,0.5996680320629181,0.3103491001600963
70.775,-65.767125154162,0.04757877870234574,0.599735800615754,0.31032884580380465
70.8,-65.753141792874,0.0476616187057103,0.5998019772544492,0.31030964394878496
70.825,-65.73923965341724,0.047744138027195814,0.5998665739008989,0.3102914847490959
70.85,-65.725418752975,0.04782633455317749,0.5999296024564924,0.31027435839225925
70.875,-65.71167910831895,0.04790820617752867,0.5999910748021254,0.31025825509921395
70.9,-65.6980207358048,0.047989750801711764,0.6000510027982128,0.3102431651242718
70.925,-65.68444365136723,0.04807096633487248,0.6001093982846964,0.31022907875507255
70.95,-65.67094787051421,0.04815185069393728,0.6001662730810531,0.31021598631254044
70.975,-65.6575334083209,0.04823240180371344,0.6002216389862973,0.3102038781508404
71.0,-65.64420027942259,0.04831261759699276,0.6002755077789848,0.3101927446573358
71.025,-65.63094849800738,0.048392496014657914,0.600327891217211,0.31018257625254664
71.05,-65.6177780778081,0.04847203500579231,0.6003788010386084,0.3101733633901076
71.075,-65.60468903209353,0.04855123252779294,0.6004282489603405,0.31016509655672786
71.1,-65.5916813736593,0.04863008654648635,0.6004762466790944,0.31015776627215136
71.125,-65.57875511481787,0.04870859503624818,0.6005228058710692,0.3101513630891174
71.15,-65.56591026738812,0.0487867559801253,0.6005679381919635,0.3101458775933228
71.175,-65.55314684268441,0.048864567369961746,0.6006116552769585,0.31014130040338456
71.2,-65.5404648515048,0.04894202720652777,0.6006539687407,0.3101376221708031
71.225,-65.52786430411886,0.049019133499651875,0.6006948901772766,0.31013483357992716
71.25,-65.51534521025502,0.049095884268356385,0.6007344311601952,0.3101329253479191
71.275,-65.50290757908702,0.04917227754099623,0.6007726032423545,0.31013188822472126
71.3,-65.49055141922013,0.049248311355400906,0.6008094179560147,0.31013171299302394
71.325,-65.47827673867651,0.04932398375902006,0.6008448868127647,0.31013239046823327
71.35,-65.46608354488026,0.04939929280907176,0.6008790213034866,0.31013391149844144
71.375,-65.45397184464179,0.04947423657269481,0.6009118328983171,0.31013626696439756
71.4,-65.44194164414151,0.04954881312710373,0.6009433330466056,0.3101394477794792
71.425,-65.42999294891332,0.04962302055974727,0.6009735331768705,0.310143444889666
71.45,-65.41812576382718,0.049696856968470496,0.6010024446967505,0.3101482492735137
71.475,-65.40634009307132,0.04977032046167957,0.6010300789929542,0.3101538519421302
71.5,-65.394635940134,0.04984340915851055,0.6010564474312072,0.31016024393915215
71.525,-65.38301330778447,0.04991612118900069,0.6010815613561942,0.31016741634072353
71.55,-65.37147219805377,0.04998845469426366,0.6011054320914991,0.31017536025547493
71.575,-65.36001261221462,0.0500604078266678,0.6011280709395425,0.31018406682450483
71.6,-65.34863455076115,0.050131978750017465,0.6011494891815145,0.3101935272213618
71.625,-65.33733801338784,0.050203165639738,0.6011696980773054,0.3102037326520284
71.65,-65.3261229989681,0.05027396668306342,0.6011887088654329,0.3102146743549064
71.675,-65.31498950553244,0.05034438007922781,0.6012065327629653,0.3102263436008037
71.7,-65.30393753024585,0.05041440403965974,0.601223180965443,0.31023873169292226
71.725,-65.29296706938506,0.05048403678817954,0.6012386646467944,0.3102518299668483
71.75,-65.28207811831506,0.050553276561200455,0.6012529949592509,0.3102656297905435
71.775,-65.27127067146517,0.05062212160793211,0.6012661830332561,0.3102801225643378
71.8,-65.2605447223049,0.050690570190587564,0.6012782399773738,0.31029529972092423
71.825,-65.24990026331893,0.05075862058459358,0.601289176878191,0.310311152725355
71.85,-65.23933728598207,0.05082627107880331,0.6012990048002179,0.3103276730750393
71.875,-65.22885578073338,0.05089351997571282,0.601307734785785,0.31034485229974307
71.9,-65.21845573695025,0.05096036559167992,0.6013153778549356,0.3103626819615899
71.925,-65.20813714292163,0.05102680625714619,0.6013219450053158,0.31038115365506425
71.95,-65.19789998582122,0.0510928403168623,0.6013274472120602,0.31040025900701623
71.975,-65.18774425168002,0.05115846613011549,0.6013318954276751,0.3104199896766677
72.0,-65.17766992535846,0.051223682070960556,0.6013353005819163,0.3104403373556208
72.025,-65.16767699051833,0.051288486528453144,0.6013376735816657,0.3104612937678683
72.05,-65.15776542959412,0.05135287790688607,0.601339025310802,0.31048285066980474
72.075,-65.14793522376402,0.05141685462602857,0.6013393666300693,0.3105049998502409
72.1,-65.13818635292061,0.05148041512136747,0.6013387083769415,0.31052773313041876
72.125,-65.1285187956412,0.051543557844351905,0.6013370613654831,0.3105510423640296
72.15,-65.11893252915762,0.05160628126263982,0.6013344363862065,0.31057491943723264
72.175,-65.109427529326,0.051668583860347346,0.6013308442059255,0.31059935626867674
72.2,-65.10000377059582,0.05173046413830085,0.6013262955676049,0.31062434480952333
72.225,-65.09066122597899,0.05179192061429074,0.6013208011902067,0.3106498770434716
72.25,-65.08139986701836,0.051852951823328386,0.6013143717685333,0.31067594498678547
72.275,-65.07221966375612,0.05191355631790458,0.6013070179730652,0.31070254068832254
72.3,-65.0631205847016,0.05197373266825074,0.6012987504497966,0.3107296562295649
72.325,-65.05410259679921,0.052033479462602054,0.601289579820067,0.31075728372465217
72.35,-65.04516566539571,0.05209279530746253,0.6012795166803883,0.31078541532041626
72.375,-65.03630975420748,0.05215167882787263,0.601268571602269,0.31081404319641837
72.4,-65.0275348252873,0.05221012866767812,0.6012567551320346,0.31084315956498765
72.425,-65.01884083899118,0.0522681434898012,0.6012440777906441,0.3108727566712622
72.45,-65.01022775394462,0.052325721976513445,0.6012305500735026,0.3109028267932317
72.475,-65.00169552700896,0.05238286282971024,0.6012161824502701,0.3109333622417827
72.5,-64.99324411324727,0.052439564771187046,0.6012009853646679,0.31096435536074496
72.525,-64.98487346589023,0.052495826542917005,0.6011849692342794,0.3109957985269407
72.55,-64.97658353630163,0.052551646907330274,0.6011681444503486,0.3110276841502355
72.575,-64.96837427394398,0.05260702464759455,0.6011505213775741,0.311060004673591
72.6,-64.96024562634358,0.05266195856789675,0.6011321103538999,0.31109275257312013
72.625,-64.95219753905577,0.05271644749372641,0.601112921690303,0.31112592035814385
72.65,-64.94422995562988,0.05277049027215948,0.6010929656705756,0.3111595005712503
72.675,-64.9363428175741,0.05282408577214367,0.6010722525511059,0.3111934857883557
72.7,-64.92853606432017,0.05287723288478464,0.6010507925606536,0.31122786861876744
72.725,-64.92080963318813,0.05292993052363265,0.6010285959001228,0.31126264170524903
72.75,-64.91316345935076,0.05298217762497041,0.6010056727423305,0.3112977977240871
72.775,-64.90559747579817,0.05303397314810112,0.6009820332317727,0.31133332938516045
72.8,-64.89811161330222,0.05308531607563737,0.6009576874843852,0.3113692294320111
72.825,-64.89070580038086,0.05313620541379031,0.6009326455873029,0.3114054906419172
72.85,-64.88337996326253,0.0531866401926589,0.6009069175986139,0.3114421058259676
72.875,-64.87613402585046,0.05323661946651977,0.6008805135471117,0.31147906782913964
72.9,-64.86896790968714,0.05328614231411681,0.6008534434320421,0.311516369530377
72.925,-64.8618815339185,0.05333520783895079,0.6008257172228483,0.31155400384267096
72.95,-64.85487481525844,0.05338381516956907,0.6007973448589119,0.31159196371314307
72.975,-64.84794766795315,0.0534319634598547,0.6007683362492909,0.3116302421231296
73.0,-64.84110000374572,0.053479651889315354,0.6007387012724538,0.311668832088268
73.025,-64.83433173184056,0.053526879663371586,0.6007084497760107,0.31170772665858537
73.05,-64.82764275886822,0.05357364601364479,0.6006775915764416,0.31174691891858824
73.075,-64.82103298884996,0.05361995019824388,0.6006461364588215,0.3117864019873551
73.1,-64.8145023231628,0.05366579150205153,0.6006140941765407,0.3118261690186297
73.125,-64.80805066050439,0.053711169237009346,0.6005814744510242,0.311866213200917
73.15,-64.8016778968583,0.05375608274240172,0.6005482869714471,0.3119065277575804
73.175,-64.79538392545925,0.05380053138513853,0.6005145413944467,0.3119471059469407
73.2,-64.7891686367587,0.05384451456003652,0.6004802473438314,0.31198794106237704
73.225,-64.78303191839055,0.05388803169009889,0.6004454144102883,0.31202902643242947
73.25,-64.776973655137,0.05393108222679374,0.6004100521510851,0.3120703554209027
73.275,-64.77099372889487,0.05397366565033014,0.6003741700897721,0.3121119214269725
73.3,-64.76509201864192,0.05401578146993259,0.6003377777158799,0.3121537178852924
73.325,-64.75926840040353,0.05405742922411347,0.6003008844846139,0.31219573826610303
73.35,-64.75352274721975,0.05409860848094302,0.6002634998165474,0.3122379760753427
73.375,-64.74785492911246,0.05413931883831726,0.6002256330973114,0.3122804248547591
73.4,-64.7422648130531,0.054179559924223214,0.6001872936772816,0.3123230781820228
73.425,-64.73675226293045,0.054219331397001545,0.6001484908712642,0.3123659296708423
73.45,-64.73131713951904,0.05425863294560674,0.6001092339581767,0.3124089729710803
73.475,-64.7259593004477,0.05429746428986388,0.6000695321807298,0.312452201768871
73.5,-64.72067860016861,0.054335825180722684,0.6000293947451039,0.31249560978673974
73.525,-64.71547488992684,0.05437371540050834,0.5999888308206248,0.3125391907837226
73.55,-64.71034801773001,0.05441113476316879,0.599947849539438,0.31258293855548847
73.575,-64.7052978283188,0.054448083114519014,0.5999064599961789,0.3126268469344612
73.6,-64.70032416313754,0.05448456033248102,0.5998646712476429,0.3126709097899439
73.625,-64.69542686030552,0.054520566327320705,0.5998224923124523,0.31271512102824367
73.65,-64.69060575458867,0.05455610104188017,0.5997799321707223,0.3127594745927978
73.675,-64.6858606773718,0.05459116445180661,0.5997369997637242,0.31280396446430053
73.7,-64.68119145663134,0.05462575656577673,0.5996937039935479,0.3128485846608317
73.725,-64.67659791690859,0.05465987742571643,0.5996500537227621,0.3128933292379849
73.75,-64.67207987928364,0.05469352710701676,0.5996060577740736,0.3129381922889981
73.775,-64.66763716134977,0.054726705718744495,0.599561724929984,0.31298316794488373
73.8,-64.6632695771884,0.054759413403848496,0.5995170639324469,0.31302825037456034
73.825,-64.6589769373448,0.05479165033936074,0.5994720834825213,0.3130734337849849
73.85,-64.6547590488043,0.054823416736592384,0.5994267922400273,0.31311871242128536
73.875,-64.65061571496922,0.05485471284132485,0.5993811988231963,0.3131640805668943
73.9,-64.6465467356364,0.05488553893399522,0.5993353118083247,0.31320953254368294
73.925,-64.64255190697543,0.05491589532987624,0.5992891397294232,0.31325506271209547
73.95,-64.6386310215076,0.05494578237925083,0.5992426910778672,0.31330066547128427
73.975,-64.63478386808555,0.05497520046758055,0.5991959743020461,0.3133463352592449
74.0,-64.63101023187362,0.055004150015668385,0.5991489978070111,0.31339206655295215
74.025,-64.62730989432896,0.055032631479815276,0.5991017699541246,0.31343785386849576
74.05,-64.6236826331834,0.05506064535197067,0.5990542990607063,0.31348369176121654
74.075,-64.62012822242615,0.05508819215987662,0.5990065933996814,0.313529574825843
74.1,-64.61664643228708,0.05511527246720513,0.5989586611992279,0.3135754976966272
74.125,-64.61323702922115,0.05514188687368969,0.5989105106424227,0.31362145504748157
74.15,-64.60989977589335,0.05516803601524908,0.5988621498668895,0.3136674415921151
74.175,-64.60663443116462,0.05519372056410524,0.5988135869644456,0.3137134520841696
74.2,-64.60344075007862,0.05521894122889354,0.598764829980749,0.31375948131735587
74.225,-64.60031848384929,0.05524369875476612,0.5987158869149461,0.3138055241255894
74.25,-64.59726737984946,0.055267993923488135,0.5986667657193208,0.31385157538312597
74.275,-64.59428718160002,0.05529182755352655,0.5986174742989415,0.31389763000469695
74.3,-64.59137762876048,0.05531520050013142,0.5985680205113117,0.3139436829456437
74.325,-64.58853845711997,0.05533811365540958,0.5985184121660196,0.313989729202052
74.35,-64.5857693985894,0.05536056794839082,0.5984686570243891,0.3140357638108856
74.375,-64.58307018119476,0.055382564345086045,0.5984187627991316,0.3140817818501194
74.4,-64.58044052907084,0.05540410384853762,0.5983687371539995,0.3141277784388715
74.425,-64.57788016245657,0.05542518749886168,0.5983185877034403,0.31417374873753456
74.45,-64.57538879769082,0.055445816373282324,0.5982683220122524,0.3142196879479068
74.475,-64.57296614720947,0.055465991586157504,0.5982179475952419,0.31426559131332127
74.5,-64.57061191954342,0.055485714288996776,0.5981674719168817,0.31431145411877476
74.525,-64.56832581931755,0.05550498567047044,0.5981169023909717,0.31435727169105543
74.55,-64.56610754725085,0.05552380695641031,0.5980662463803014,0.314403039398869
74.575,-64.56395680015748,0.05554217940980192,0.5980155111963136,0.3144487526529643
74.6,-64.56187327094887,0.05556010433076791,0.5979647040987707,0.31449440690625696
74.625,-64.55985664863691,0.05557758305654275,0.5979138322954237,0.31453999765395213
74.65,-64.55790661833825,0.055594616961438637,0.5978629029416824,0.3145855204336655
74.675,-64.55602286127957,0.05561120745680254,0.5978119231402887,0.31463097082554287
74.7,-64.55420505480402,0.05562735599096427,0.5977608999409922,0.31467634445237824
74.725,-64.55245287237864,0.05564306404917542,0.5977098403402289,0.3147216369797302
74.75,-64.55076598360309,0.05565833315353923,0.5976587512808015,0.3147668441160365
74.775,-64.54914405421916,0.05567316486293141,0.5976076396515645,0.31481196161272684
74.8,-64.54758674612174,0.055687560772911766,0.5975565122871107,0.3148569852643338
74.825,-64.54609371737061,0.055701522515626475,0.5975053759674616,0.3149019109086017
74.85,-64.54466462220348,0.05571505175970104,0.5974542374177604,0.31494673442659377
74.875,-64.54329911105025,0.05572815021012411,0.5974031033079694,0.31499145174279675
74.9,-64.5419968305481,0.055740819608121744,0.5973519802525704,0.31503605882522356
74.925,-64.54075742355809,0.055753061731022374,0.5973008748102683,0.3150805516855138
74.95,-64.53958052918257,0.05576487839211231,0.5972497934836984,0.3151249263790319
74.975,-64.53846578278394,0.055776271440481785,0.5971987427191398,0.3151691790049622
75.0,-64.53741281600443,0.05578724276086168,0.5971477289062285,0.3152133057064033
75.025,-64.53642125678702,0.055797794273450496,0.5970967583776788,0.31525730267045743
75.05,-64.53549072939762,0.05580792793373218,0.597045837409007,0.3153011661283194
75.075,-64.53462085444822,0.055817645732284246,0.5969949722182585,0.31534489235536145
75.1,-64.53381124892137,0.05582694969457646,0.5969441689657417,0.3153884776712164
75.125,-64.53306152619558,0.05583584188076007,0.5968934337537642,0.3154319184398569
75.15,-64.53237129607207,0.0558443243854476,0.5968427726263759,0.3154752110696726
75.175,-64.53174016480254,0.05585239933748319,0.596792191569114,0.315518352013544
75.2,-64.53116773511805,0.05586006889970355,0.596741696508756,0.3155613377689136
75.225,-64.53065360625912,0.05586733526868932,0.5966912933130752,0.3156041648778533
75.25,-64.53019737400692,0.05587420067450737,0.5966409877906033,0.31564682992712956
75.275,-64.5297986307156,0.05588066738044365,0.596590785690396,0.31568932954826434
75.3,-64.52945696534563,0.05588673768272652,0.5965406927018067,0.3157316604175937
75.325,-64.52917196349844,0.05589241391024139,0.5964907144542626,0.3157738192563223
75.35,-64.52894320745199,0.055897698424235545,0.596440856517049,0.3158158028305748
75.375,-64.52877027619758,0.055902593618014335,0.5963911243990977,0.31585760795144396
75.4,-64.52865274547766,0.05590710191662803,0.596341523548781,0.31589923147503457
75.425,-64.52859018782478,0.055911225776549826,0.5962920593537131,0.31594067030250483
75.45,-64.52858217260156,0.055914967685344805,0.5962427371405554,0.31598192138010295
75.475,-64.52862826604179,0.055918330161330104,0.5961935621748292,0.3160229816992006
75.5,-64.5287280312926,0.05592131575322633,0.5961445396607342,0.3160638482963228
75.525,-64.52888102845755,0.05592392703980029,0.5960956747409729,0.3161045182531734
75.55,-64.52908681464098,0.05592616662949917,0.5960469724965816,0.31614498869665714
75.575,-64.52934494399311,0.05592803716007611,0.5959984379467678,0.3161852567988977
75.6,-64.52965496775649,0.05592954129820753,0.5959500760487538,0.3162253197772513
75.625,-64.53001643431311,0.05593068173910202,0.5959018916976275,0.31626517489431727
75.65,-64.53042888923278,0.05593146120610124,0.5958538897261988,0.3163048194579433
75.675,-64.53089187532227,0.05593188245027262,0.5958060749048637,0.3163442508212275
75.7,-64.53140493267564,0.05593194824999416,0.5957584519414744,0.316383466382516
75.725,-64.53196759872526,0.055931661410531484,0.5957110254812171,0.31642246358539616
75.75,-64.53257940829404,0.05593102476360717,0.5956638001064963,0.31646123991868547
75.775,-64.53323989364833,0.05593004116696251,0.5956167803368257,0.3164997929164167
75.8,-64.5339485845519,0.055928713503911834,0.595569970628727,0.31653812015781785
75.825,-64.5347050083207,0.05592704468288968,0.5955233753756353,0.3165762192672886
75.85,-64.53550868987863,0.05592503763699079,0.595476998907812,0.3166140879143717
75.875,-64.5363591518139,0.05592269532350306,0.5954308454922649,0.31665172381372
75.9,-64.53725591443657,0.05592002072343384,0.5953849193326751,0.31668912472505945
75.925,-64.53819849583661,0.055917016841029406,0.5953392245693324,0.3167262884531467
75.95,-64.53918641194295,0.055913686703288015,0.5952937652790772,0.3167632128477233
75.975,-64.54021917658316,0.05591003335946668,0.5952485454752503,0.316799895803464
76.0,-64.54129630154407,0.055906059880581796,0.5952035691076502,0.31683633525992183
76.025,-64.54241729663286,0.05590176935890361,0.5951588400624973,0.31687252920146713
76.05,-64.54358166973927,0.05589716490744509,0.5951143621624078,0.31690847565722324
76.075,-64.54478892689805,0.055892249659445115,0.5950701391663722,0.3169441727009964
76.1,-64.54603857235246,0.055887026767846,0.5950261747697442,0.31697961845120187
76.125,-64.54733010861813,0.05588149940476626,0.5949824726042358,0.31701481107078455
76.15,-64.54866303654784,0.05587567076096786,0.5949390362379208,0.3170497487671355
76.175,-64.55003685539668,0.0558695440453187,0.5948958691752463,0.3170844297920032
76.2,-64.55145106288789,0.05586312248425041,0.5948529748570509,0.3171188524414004
76.225,-64.5529051552793,0.05585640932121203,0.5948103566605921,0.3171530150555061
76.25,-64.5543986274302,0.05584940781611867,0.5947680178995808,0.31718691601856264
76.275,-64.55593097286888,0.0558421212447968,0.5947259618242242,0.31722055375876806
76.3,-64.55750168386047,0.0558345528984253,0.5946841916212757,0.3172539267481638
76.325,-64.55911025147552,0.05582670608297286,0.5946427104140937,0.31728703350251736
76.35,-64.56075616565866,0.05581858411863203,0.5946015212627079,0.3173198725812004
76.375,-64.56243891529805,0.055810190339250006,0.5945606271638936,0.31735244258706197
76.4,-64.56415798829501,0.05580152809175623,0.5945200310512532,0.3173847421662966
76.425,-64.56591287163403,0.055792600735587394,0.5944797357953077,0.3174167700083082
76.45,-64.56770305145324,0.0557834116421096,0.5944397442035932,0.317448524845569
76.475,-64.56952801311505,0.05577396419403834,0.594400059020768,0.31748000545347316
76.5,-64.57138724127718,0.05576426178485608,0.5943606829287259,0.3175112106501864
76.525,-64.57328021996402,0.055754307818228065,0.5943216185467178,0.3175421392964902
76.55,-64.575206432638,0.05574410570741631,0.594282868431482,0.31757279029562185
76.575,-64.57716536227151,0.05573365887469202,0.5942444350773813,0.31760316259310956
76.6,-64.57915649141864,0.05572297075074682,0.5942063209165485,0.31763325517660235
76.625,-64.5811793022874,0.05571204477410273,0.594168528319039,0.31766306707569625
76.65,-64.58323327681194,0.05570088439052141,0.594131059592993,0.3176925973617548
76.675,-64.58531789672483,0.05568949305241284,0.5940939169848031,0.3177218451477257
76.7,-64.58743264362957,0.055677874218243224,0.5940571026792915,0.31775080958795254
76.725,-64.58957699907303,0.05566603135194314,0.594020618799894,0.31777948987798155
76.75,-64.59175044461797,0.05565396792231531,0.5939844674088517,0.3178078852543645
76.775,-64.59395246191559,0.05564168740244293,0.5939486505074109,0.3178359949944567
76.8,-64.5961825327781,0.05562919326909816,0.5939131700360295,0.31786381841621036
76.825,-64.59844013925107,0.05561648900215134,0.5938780278745922,0.31789135487796366
76.85,-64.60072476368589,0.055603578083981336,0.5938432258426325,0.3179186037782254
76.875,-64.60303588881214,0.055590463998886654,0.593808765699562,0.3179455645554553
76.9,-64.60537299780967,0.05557715023249803,0.5937746491449077,0.3179722366878397
76.925,-64.6077355743806,0.05556364027119252,0.5937408778185561,0.317998619693063
76.95,-64.61012310282138,0.05554993760150932,0.5937074533010043,0.31802471312807534
76.975,-64.61253506809422,0.0555360457095675,0.5936743771136194,0.31805051658885525
77.0,-64.61497095589867,0.05552196808048582,0.5936416507189038,0.31807602971016835
77.025,-64.61743025274278,0.05550770819780496,0.5936092755207689,0.31810125216532253
77.05,-64.61991244601397,0.055493269542912574,0.5935772528648142,0.31812618366591816
77.075,-64.62241702404968,0.05547865559447042,0.5935455840386149,0.3181508239615949
77.1,-64.62494347620769,0.05546386982784511,0.5935142702720155,0.3181751728397739
77.125,-64.62749129293606,0.055448915714541636,0.5934833127374299,0.31819923012539697
77.15,-64.63005996584265,0.0554337967216404,0.5934527125501495,0.3182229956806607
77.175,-64.63264898776436,0.0554185163112377,0.5934224707686566,0.3182464694047478
77.2,-64.6352578528359,0.05540307793988996,0.5933925883949451,0.31826965123355433
77.225,-64.63788605655814,0.05538748505806173,0.5933630663748474,0.3182925411394126
77.25,-64.6405330958659,0.05537174110957802,0.5933339055983677,0.31831513913081133
77.275,-64.64319846919537,0.055355849531080664,0.5933051069000218,0.3183374452521118
77.3,-64.64588167655103,0.05533981375148928,0.5932766710591829,0.3183594595832604
77.325,-64.64858221957192,0.05532363719146678,0.5932485988004335,0.3183811822394978
77.35,-64.65129960159749,0.05530732326288958,0.5932208907939233,0.3184026133710646
77.375,-64.65403332773279,0.05529087536832281,0.5931935476557336,0.3184237531629042
77.4,-64.65678290491313,0.05527429690050078,0.5931665699482467,0.31844460183436135
77.425,-64.6595478419681,0.05525759124181239,0.5931399581805215,0.3184651596388784
77.45,-64.66232764968495,0.05524076176379227,0.5931137128086743,0.3184854268636881
77.475,-64.66512184087135,0.05522381182661733,0.5930878342362664,0.31850540382950326
77.5,-64.6679299304174,0.0552067447786089,0.5930623228146951,0.31852509089020364
77.525,-64.67075143535713,0.055189563955741074,0.5930371788435921,0.31854448843251953
77.55,-64.6735858749291,0.05517227268115482,0.5930124025712252,0.3185635968757126
77.575,-64.67643277063632,0.055154874264678,0.5929879941949074,0.31858241667125464
77.6,-64.67929164630556,0.05513737200235223,0.5929639538614082,0.31860094830250224
77.625,-64.68216202814574,0.05511976917596563,0.5929402816673724,0.31861919228437013
77.65,-64.68504344480561,0.05510206905259216,0.592916977659742,0.3186371491630013
77.675,-64.68793542743074,0.05508427488413791,0.5928940418361838,0.31865481951543456
77.7,-64.69083750971947,0.055066389906893665,0.5928714741455202,0.31867220394927037
77.725,-64.69374922797829,0.05504841734109471,0.5928492744881669,0.31868930310233334
77.75,-64.6966701211762,0.05503036039048736,0.5928274427165718,0.3187061176423333
77.775,-64.69959973099836,0.05501222224190259,0.5928059786356612,0.31872264826652363
77.8,-64.70253760189878,0.05499400606483689,0.5927848820032872,0.31873889570135816
77.825,-64.70548328115225,0.05497571501104041,0.5927641525306814,0.31875486070214526
77.85,-64.70843631890519,0.05495735221411221,0.5927437898829118,0.31877054405270033
77.875,-64.71139626822577,0.05493892078910315,0.5927237936793425,0.31878594656499687
77.9,-64.71436268515313,0.054920423832126176,0.5927041634940984,0.3188010690788149
77.925,-64.71733512874556,0.0549018644199743,0.5926848988565326,0.3188159124613883
77.95,-64.72031316112783,0.05488324560974595,0.5926659992516975,0.3188304776070503
77.975,-64.72329634753756,0.05486457043847841,0.5926474641208185,0.31884476543687745
78.0,-64.72628425637065,0.054845841922788574,0.5926292928617725,0.3188587768983324
78.025,-64.72927645922574,0.054827063058522085,0.5926114848295675,0.31887251296490465
78.05,-64.73227253094772,0.054808236820409764,0.5925940393368268,0.3188859746357505
78.075,-64.73527204967027,0.05478936616173239,0.5925769556542739,0.31889916293533177
78.1,-64.73827459685734,0.05477045401399325,0.5925602330112234,0.31891207891305323
78.125,-64.74127975734376,0.05475150328659885,0.5925438705960703,0.3189247236428988
78.15,-64.7442871193748,0.05473251686654741,0.5925278675567854,0.3189370982230672
78.175,-64.74729627464474,0.05471349761812589,0.592512223001411,0.31894920377560626
78.2,-64.75030681833437,0.05469444838261442,0.5924969359985589,0.31896104144604676
78.225,-64.7533183491476,0.054675371977999696,0.5924820055779114,0.31897261240303526
78.25,-64.75633046934702,0.05465627119869578,0.5924674307307239,0.3189839178379663
78.275,-64.75934278478829,0.054637148815273553,0.5924532104103284,0.31899495896461416
78.3,-64.76235490495375,0.05461800757419819,0.5924393435326404,0.3190057370187641
78.325,-64.7653664429849,0.05459885019757455,0.5924258289766656,0.3190162532578429
78.35,-64.76837701571374,0.05457967938290127,0.5924126655850099,0.3190265089605493
78.375,-64.7713862436933,0.05456049780283258,0.592399852164389,0.3190365054264841
78.4,-64.77439375122698,0.05454130810494845,0.5923873874861405,0.31904624397578035
78.425,-64.77739916639693,0.054522112911533,0.5923752702867366,0.31905572594873255
78.45,-64.78040212109133,0.05450291481936086,0.5923634992682986,0.31906495270542684
78.475,-64.78340225103075,0.0544837163994919,0.59235207309911,0.3190739256253705
78.5,-64.78639919579346,0.054464520197073756,0.5923409904141341,0.31908264610712217
78.525,-64.78939259883953,0.05444532873115289,0.5923302498155284,0.31909111556792147
78.55,-64.7923821075342,0.054426144494493206,0.5923198498731626,0.3190993354433194
78.575,-64.79536737316997,0.05440696995340304,0.5923097891251347,0.3191073071868094
78.6,-64.79834805098781,0.05438780754757019,0.5923000660782898,0.31911503226945764
78.625,-64.80132380019738,0.05436865968990457,0.5922906792087366,0.319122512179535
78.65,-64.804294283996,0.05434952876638912,0.5922816269623662,0.31912974842214903
78.675,-64.80725916958694,0.05433041713593848,0.5922729077553693,0.3191367425188766
78.7,-64.81021812819641,0.05431132713026534,0.5922645199747547,0.31914349600739705
78.725,-64.81317083508975,0.05429226105375485,0.5922564619788658,0.3191500104411264
78.75,-64.81611696958649,0.05427322118334658,0.5922487320978993,0.3191562873888524
78.775,-64.81905621507445,0.05425420976842416,0.5922413286344205,0.3191623284343699
78.8,-64.82198825902296,0.054235229030712664,0.5922342498638807,0.3191681351761179
78.825,-64.82491279299482,0.054216281164183235,0.5922274940351324,0.31917370922681737
78.85,-64.82782951265769,0.054197368334965836,0.5922210593709446,0.3191790522131097
78.875,-64.83073811779406,0.05417849268126856,0.5922149440685164,0.3191841657751969
78.9,-64.83363831231061,0.05415965631330505,0.592209146299991,0.3191890515664829
78.925,-64.83652980424648,0.0541408613132288,0.592203664212967,0.3191937112532159
78.95,-64.8394123057805,0.05412210973507484,0.5921984959310105,0.3191981465141319
78.975,-64.84228553323764,0.05410340360470847,0.5921936395541639,0.31920235904010025
79.0,-64.84514920709444,0.054084744919781096,0.5921890931594558,0.31920635053377017
79.025,-64.84800305198354,0.05406613564969309,0.5921848548014065,0.3192101227092187
79.05,-64.85084679669724,0.054047577735563464,0.5921809225125356,0.3192136772916006
79.075,-64.85368017419023,0.05402907309020644,0.5921772943038647,0.3192170160167996
79.1,-64.85650292158141,0.05401062359811481,0.5921739681654205,0.3192201406310813
79.125,-64.85931478015468,0.053992231115449714,0.5921709420667354,0.31922305289074804
79.15,-64.86211549535912,0.053973897470037356,0.5921682139573465,0.31922575456179547
79.175,-64.86490481680805,0.05395562446137184,0.592165781767293,0.3192282474195705
79.2,-64.86768249827738,0.05393741386062443,0.59216364340761,0.31923053324843204
79.225,-64.87044829770296,0.05391926741065954,0.592161796770823,0.31923261384141277
79.25,-64.87320197717736,0.05390118682605625,0.5921602397314375,0.31923449099988344
79.275,-64.87594330294549,0.053883173793136424,0.5921589701464282,0.31923616653321907
79.3,-64.87867204539961,0.053865229969998735,0.5921579858557247,0.31923764225846724
79.325,-64.88138797907355,0.053847356986558376,0.5921572846826962,0.31923892000001824
79.35,-64.88409088263599,0.05382955644459295,0.5921568644346324,0.31924000158927796
79.375,-64.88678053888307,0.05381182991779372,0.5921567229032224,0.3192408888643423
79.4,-64.88945673473027,0.0537941789518227,0.5921568578650312,0.3192415836696746
79.425,-64.8921192612033,0.05377660506437532,0.5921572670819731,0.31924208785578434
79.45,-64.89476791342855,0.053759109745248126,0.5921579483017835,0.3192424032789094
79.475,-64.89740249062257,0.05374169445641244,0.5921588992584855,0.31924253180069984
79.5,-64.90002279608093,0.05372436063209252,0.592160117672857,0.31924247528790406
79.525,-64.90262863716639,0.05370710967884931,0.5921616012528919,0.3192422356120582
79.55,-64.90521982529619,0.05368994297566908,0.5921633476942598,0.31924181464917695
79.575,-64.90779617592898,0.05367286187405691,0.5921653546807628,0.3192412142794478
79.6,-64.91035750855077,0.05365586769813509,0.5921676198847882,0.31924043638692745
79.625,-64.91290364666034,0.053638961744746,0.5921701409677592,0.3192394828592405
79.65,-64.91543441775401,0.053622145283559894,0.5921729155805819,0.3192383555872814
79.675,-64.91794965330973,0.05360541955718693,0.5921759413640887,0.3192370564649187
79.7,-64.92044918877066,0.05358878578129373,0.5921792159494785,0.3192355873887018
79.725,-64.92293286352789,0.05357224514472408,0.5921827369587546,0.3192339502575706
79.75,-64.92540052090288,0.053555798809624036,0.5921865020051581,0.3192321469725681
79.775,-64.92785200812908,0.053539447911570864,0.5921905086935978,0.31923017943655535
79.8,-64.93028717633305,0.053523193559706174,0.5921947546210775,0.3192280495539294
79.825,-64.93270588051504,0.05350703683687266,0.592199237377119,0.3192257592303442
79.85,-64.93510797952901,0.05349097879975499,0.5922039545441815,0.31922331037243346
79.875,-64.93749333606203,0.053475020479023985,0.5922089036980784,0.319220704887538
79.9,-64.9398618166134,0.05345916287948454,0.5922140824083894,0.31921794468343423
79.925,-64.94221329147295,0.05344340698022705,0.592219488238869,0.31921503166806675
79.95,-64.94454763469909,0.05342775373478216,0.5922251187478523,0.31921196774928307
79.975,-64.9468647240962,0.053412204071278654,0.5922309714886551,0.3192087548345719
80.0,-64.9491644411917,0.05339675889260474,0.5922370440099728,0.3192053948308036
80.025,-64.95144667121252,0.05338141907657219,0.5922433338562731,0.31920188964397467
80.05,-64.95371130306128,0.05336618547608359,0.5922498385681864,0.31919824117895385
80.075,-64.95595822929194,0.05335105891930243,0.5922565556828917,0.3191944513392327
80.1,-64.95818734608497,0.05333604020982583,0.5922634827344985,0.31919052202667775
80.125,-64.9603985532223,0.053321130126860176,0.5922706172544253,0.31918645514128685
80.15,-64.96259175406166,0.053306329425399146,0.5922779567717736,0.3191822525809476
80.175,-64.96476685551072,0.05329163883640426,0.5922854988136983,0.3191779162411996
80.2,-64.96692376800077,0.05327705906698801,0.592293240905774,0.3191734480149988
80.225,-64.96906240546004,0.0532625908005989,0.5923011805723571,0.31916884979248616
80.25,-64.97118268528668,0.05324823469720916,0.5923093153369443,0.31916412346075823
80.275,-64.97328452832144,0.05323399139350418,0.5923176427225267,0.31915927090364116
80.3,-64.97536785882001,0.053219861503074256,0.5923261602519401,0.31915429400146816
80.325,-64.97743260442505,0.053205845616608134,0.5923348654482103,0.31914919463085933
80.35,-64.97947869613789,0.05319194430208838,0.5923437558348966,0.31914397466450534
80.375,-64.98150606829003,0.053178158104988535,0.5923528289364283,0.3191386359709533
80.4,-64.98351465851424,0.05316448754847217,0.5923620822784387,0.3191331804143968
80.425,-64.98550440771555,0.05315093313359322,0.5923715133880957,0.31912760985446786
80.45,-64.98747526004186,0.053137495339497895,0.5923811197944263,0.31912192614603274
80.475,-64.98942716285437,0.05312417462362824,0.5923908990286384,0.3191161311389908
80.5,-64.99136006669775,0.05311097142192679,0.592400848624438,0.31911022667807587
80.525,-64.99327392527015,0.05309788614904265,0.5924109661183423,0.3191042146026614
80.55,-64.99516869539296,0.05308491919853875,0.5924212490499886,0.31909809674656836
80.575,-64.9970443369804,0.053072070943100035,0.5924316949624393,0.3190918749378758
80.6,-64.99890081300882,0.053059341734742985,0.5924423014024824,0.3190855509987354
80.625,-65.000738089486,0.05304673190502587,0.5924530659209278,0.3190791267451884
80.65,-65.00255613542022,0.05303424176526004,0.5924639860729,0.3190726039869857
80.675,-65.00435492278906,0.05302187160672188,0.592475059418126,0.3190659845274112
80.7,-65.00613442650824,0.05300962170086561,0.5924862835212192,0.31905927016310776
80.725,-65.00789462440012,0.05299749229953683,0.5924976559519599,0.31905246268390697
80.75,-65.00963549716239,0.05298548363518649,0.5925091742855699,0.31904556387266114
80.775,-65.01135702833625,0.05297359592108552,0.5925208361029856,0.31903857550507875
80.8,-65.01305920427482,0.05296182935153995,0.5925326389911237,0.31903149934956276
80.825,-65.0147420141113,0.05295018410210634,0.592544580543146,0.3190243371670522
80.85,-65.01640544972696,0.052938660329807666,0.5925566583587175,0.3190170907108661
80.875,-65.01804950571933,0.05292725817334932,0.5925688700442626,0.31900976172655127
80.9,-65.01967417937004,0.052915977753335605,0.5925812132132151,0.31900235195173243
80.925,-65.02127947061277,0.052904819172486066,0.5925936854862651,0.3189948631159655
80.95,-65.022865382001,0.05289378251585217,0.5926062844916028,0.3189872969405937
80.975,-65.02443191867597,0.05288286785103392,0.5926190078651561,0.31897965513860693
81.0,-65.02597908833432,0.05287207522839647,0.5926318532508259,0.3189719394145037
81.025,-65.02750690119592,0.05286140468128676,0.5926448183007165,0.31896415146415596
81.05,-65.02901536997152,0.05285085622624984,0.5926579006753622,0.31895629297467737
81.075,-65.03050450983056,0.05284042986324508,0.5926710980439505,0.3189483656242937
81.1,-65.03197433836885,0.0528301255758625,0.5926844080845394,0.3189403710822166
81.125,-65.03342487557632,0.052819943331538145,0.5926978284842733,0.31893231100851993
81.15,-65.03485614380467,0.05280988308176979,0.5927113569395929,0.3189241870540191
81.175,-65.0362681677353,0.05279994476233192,0.5927249911564421,0.3189160008601533
81.2,-65.03766097434698,0.05279012829349044,0.592738728850471,0.31890775405887023
81.225,-65.03903459288374,0.05278043358021681,0.5927525677472341,0.31889944827251376
81.25,-65.04038905482273,0.05277086051240165,0.592766505582386,0.31889108511371456
81.275,-65.04172439384209,0.052761408965068014,0.592780540101872,0.318882666185283
81.3,-65.04304064578906,0.05275207879858384,0.5927946690621158,0.3188741930801053
81.325,-65.04433784864791,0.05274286985887393,0.5928088902302021,0.318865667381042
81.35,-65.04561604250812,0.05273378197763108,0.592823201384057,0.3188570906608293
81.375,-65.04687526953246,0.05272481497252672,0.5928376003126236,0.3188484644819831
81.4,-65.04811557392547,0.0527159686474207,0.5928520848160336,0.31883979039670557
81.425,-65.04933700190163,0.05270724279257016,0.5928666527057761,0.31883106994679433
81.45,-65.0505396016539,0.05269863718483778,0.5928813018048621,0.3188223046635543
81.475,-65.05172342332219,0.052690151587899185,0.5928960299479853,0.31881349606771237
81.5,-65.05288851896215,0.052681785752449355,0.592910834981679,0.31880464566933414
81.525,-65.05403494251382,0.05267353941640806,0.5929257147644702,0.3187957549677437
81.55,-65.0551627497706,0.052665412305124525,0.5929406671670293,0.3187868254514456
81.575,-65.05627199834814,0.05265740413158105,0.5929556900723164,0.31877785859804936
81.6,-65.05736274765354,0.052649514596595524,0.5929707813757242,0.3187688558741969
81.625,-65.05843505885461,0.052641743389023186,0.592985938985217,0.3187598187354917
81.65,-65.05948899484925,0.05263409018595693,0.5930011608214668,0.318750748626431
81.675,-65.06052462023489,0.05262655465292681,0.593016444817985,0.3187416469803401
81.7,-65.0615420012783,0.05261913644409838,0.5930317889212515,0.3187325152193093
81.725,-65.06254120588532,0.05261183520246988,0.5930471910908401,0.318723354754133
81.75,-65.06352230357089,0.052604650560068224,0.5930626492995402,0.31871416698425103
81.775,-65.06448536542906,0.052597582138143806,0.5930781615334755,0.31870495329769294
81.8,-65.06543046410336,0.05259062954736428,0.5930937257922189,0.31869571507102373
81.825,-65.06635767375725,0.0525837923880069,0.5931093400889044,0.3186864536692927
81.85,-65.0672670700447,0.052577070250149724,0.5931250024503361,0.3186771704459838
81.875,-65.06815873008097,0.05257046271386158,0.5931407109170928,0.3186678667429688
81.9,-65.06903273241358,0.05256396934939063,0.5931564635436306,0.3186585438904624
81.925,-65.06988915699343,0.05255758971735183,0.5931722583983816,0.3186492032069796
81.95,-65.0707280851461,0.052551323368912994,0.5931880935638493,0.31863984599929507
81.975,-65.07154959954342,0.052545169845979456,0.593203967136701,0.31863047356240515
82.0,-65.07235378417498,0.052539128681377514,0.5932198772278582,0.31862108717949134
82.025,-65.07314072432015,0.05253319939903646,0.5932358219625813,0.31861168812188634
82.05,-65.07391050652011,0.05252738151416929,0.5932517994805542,0.3186022776490419
82.075,-65.07466321855001,0.052521674533452,0.5932678079359636,0.31859285700849904
82.1,-65.07539894939156,0.05251607795520154,0.5932838454975767,0.3185834274358598
82.125,-65.07611778920547,0.05251059126955216,0.5932999103488154,0.3185739901547617
82.15,-65.07681982930453,0.05250521395863076,0.5933160006878269,0.3185645463768533
82.175,-65.07750516212647,0.05249994549673049,0.5933321147275531,0.3185550973017725
82.2,-65.07817388120735,0.05249478535048293,0.5933482506957951,0.3185456441171264
82.225,-65.07882608115484,0.05248973297902904,0.5933644068352767,0.31853618799847305
82.25,-65.07946185762209,0.052484787834188466,0.5933805814037034,0.3185267301093053
82.275,-65.08008130728143,0.05247994936062753,0.59339677267382,0.31851727160103627
82.3,-65.0806845277986,0.05247521699602569,0.5934129789334646,0.3185078136129868
82.325,-65.08127161780688,0.05247059017124061,0.5934291984856201,0.3184983572723747
82.35,-65.08184267688179,0.052466068310471604,0.5934454296484633,0.31848890369430566
82.375,-65.0823978055157,0.05246165083142187,0.5934616707554106,0.31847945398176636
82.4,-65.08293710509278,0.05245733714545894,0.593477920155162,0.31847000922561863
82.425,-65.08346067786424,0.05245312665777396,0.5934941762117415,0.31846057050459603
82.45,-65.08396862692359,0.052449018767539206,0.5935104373045361,0.3184511388853016
82.475,-65.08446105618236,0.052445012868064314,0.5935267018283311,0.31844171542220745
82.5,-65.08493807034588,0.05244110834695099,0.5935429681933433,0.3184323011576564
82.525,-65.08539977488934,0.05243730458624612,0.5935592348252522,0.3184228971218645
82.55,-65.085846276034,0.05243360096259352,0.5935755001652281,0.3184135043329258
82.575,-65.08627768072375,0.05242999684738413,0.593591762669958,0.3184041237968183
82.6,-65.08669409660183,0.05242649160690475,0.5936080208116691,0.3183947565074119
82.625,-65.08709563198772,0.05242308460248524,0.59362427307815,0.3183854034464772
82.65,-65.08748239585437,0.052419775190644266,0.5936405179727697,0.3183760655836965
82.675,-65.0878544978055,0.05241656272323361,0.5936567540144938,0.3183667438766761
82.7,-65.08821204805334,0.05241344654758088,0.5936729797378989,0.31835743927095955
82.725,-65.08855515739637,0.05241042600663078,0.5936891936931845,0.3183481527000434
82.75,-65.0888839371975,0.05240750043908497,0.593705394446183,0.31833888508539315
82.775,-65.08919849936227,0.05240466917954033,0.593721580578367,0.31832963733646163
82.8,-65.08949895631739,0.052401931558625776,0.593737750686855,0.31832041035070824
82.825,-65.08978542098953,0.052399286903137825,0.5937539033844144,0.31831120501361954
82.85,-65.09005800678432,0.052396734536174175,0.593770037299463,0.3183020221987314
82.875,-65.09031682756547,0.05239427377726635,0.5937861510760681,0.31829286276765223
82.9,-65.09056199763432,0.05239190394251068,0.5938022433739436,0.3182837275700879
82.925,-65.09079363170936,0.05238962434469767,0.593818312868445,0.3182746174438673
82.95,-65.09101184490623,0.05238743429344015,0.5938343582505624,0.3182655332149698
82.975,-65.0912167527178,0.05238533309529986,0.593850378226912,0.31825647569755355
83.0,-65.09140847099445,0.05238332005391267,0.593866371519725,0.3182474456939851
83.025,-65.09158711592474,0.05238139447011218,0.5938823368668353,0.31823844399487006
83.05,-65.0917528040161,0.05237955564205207,0.5938982730216649,0.31822947137908536
83.075,-65.09190565207587,0.052377802865327096,0.593914178753207,0.31822052861381217
83.1,-65.09204577719257,0.05237613543309231,0.5939300528460083,0.31821161645457025
83.125,-65.0921732967173,0.05237455263618116,0.5939458941001494,0.318202735645253
83.15,-65.09228832824549,0.05237305376322231,0.5939617013312222,0.3181938869181643
83.175,-65.09239098959874,0.05237163810075454,0.5939774733703069,0.31818507099405585
83.2,-65.09248139880692,0.052370304933340786,0.5939932090639471,0.3181762885821656
83.225,-65.09255967409065,0.052369053543680585,0.5940089072741226,0.31816754038025746
83.25,-65.0926259338437,0.052367883212720956,0.5940245668782208,0.31815882707466187
83.275,-65.0926802966159,0.05236679321976638,0.5940401867690069,0.31815014934031716
83.3,-65.09272288109602,0.052365782842586805,0.5940557658545925,0.3181415078408124
83.325,-65.09275380609515,0.05236485135752484,0.5940713030584015,0.31813290322843074
83.35,-65.09277319052993,0.05236399803960131,0.5940867973191359,0.3181243361441937
83.375,-65.09278115340638,0.052363222162619495,0.5941022475907394,0.31811580721790667
83.4,-65.09277781380368,0.05236252299926809,0.5941176528423594,0.318107317068205
83.425,-65.09276329085823,0.05236189982122284,0.5941330120583077,0.31809886630260126
83.45,-65.092737703748,0.052361351899246907,0.59414832423802,0.3180904555175329
83.475,-65.09270117167702,0.05236087850328966,0.5941635883960138,0.31808208529841125
83.5,-65.09265381386,0.05236047890258462,0.5941788035618444,0.3180737562196711
83.525,-65.0925957495074,0.052360152365745684,0.5941939687800605,0.318065468844821
83.55,-65.09252709781043,0.05235989816086236,0.5942090831101575,0.3180572237264945
83.575,-65.09244797792647,0.05235971555559354,0.5942241456265306,0.31804902140650204
83.6,-65.09235850896455,0.052359603817260125,0.5942391554184253,0.31804086241588375
83.625,-65.09225880997117,0.05235956221293629,0.5942541115898876,0.318032747274963
83.65,-65.09214899991615,0.052359590009539686,0.5942690132597124,0.31802467649340005
83.675,-65.09202919767887,0.052359686473920176,0.5942838595613911,0.31801665057024736
83.7,-65.09189952203461,0.05235985087294751,0.5942986496430579,0.318008669994005
83.725,-65.09176009164104,0.05236008247359766,0.5943133826674347,0.31800073524267675
83.75,-65.09161102502506,0.05236038054303813,0.594328057811775,0.31799284678382694
83.775,-65.09145244056967,0.0523607443487118,0.5943426742678064,0.31798500507463795
83.8,-65.0912844565012,0.0523611731584198,0.5943572312416728,0.3179772105619684
83.825,-65.09110719087654,0.05236166624040304,0.5943717279538745,0.31796946368241163
83.85,-65.09092076157076,0.05236222286342281,0.594386163639208,0.317961764862355
83.875,-65.09072528626481,0.05236284229683996,0.5944005375467042,0.3179541145180398
83.9,-65.09052088243344,0.05236352381069293,0.594414848939566,0.3179465130556216
83.925,-65.09030766733328,0.05236426667577489,0.5944290970951046,0.31793896087123125
83.95,-65.09008575799118,0.05236507016370952,0.5944432813046753,0.3179314583510361
83.975,-65.08985527119263,0.05236593354702568,0.5944574008736115,0.31792400587130226
84.0,-65.08961632347047,0.052366856099231085,0.5944714551211588,0.3179166037984569
84.025,-65.0893690310937,0.052367837094884684,0.5944854433804074,0.3179092524891509
84.05,-65.08911351005656,0.052368875809668196,0.5944993649982236,0.3179019522903227
84.075,-65.08884987606774,0.052369971520456346,0.5945132193351813,0.31789470353926186
84.1,-65.0885782445397,0.052371123505386086,0.5945270057654916,0.31788750656367354
84.125,-65.08829873057833,0.05237233104392474,0.5945407236769321,0.3178803616817429
84.15,-65.08801144897262,0.052373593416937134,0.5945543724707757,0.3178732692022004
84.175,-65.08771651418465,0.05237490990675166,0.5945679515617175,0.3178662294243872
84.2,-65.08741404033961,0.05237627979722519,0.594581460377802,0.3178592426383212
84.225,-65.08710414121613,0.052377702373807164,0.5945948983603494,0.31785230912476303
84.25,-65.08678693023673,0.052379176923602444,0.5946082649638806,0.317845429155283
84.275,-65.08646252045837,0.05238070273543333,0.5946215596560418,0.3178386029923277
84.3,-65.08613102456327,0.05238227909990038,0.5946347819175287,0.31783183088928735
84.325,-65.08579255484983,0.05238390530944247,0.5946479312420097,0.31782511309056355
84.35,-65.08544722322377,0.05238558065839568,0.5946610071360482,0.31781844983163704
84.375,-65.08509514118938,0.05238730444305122,0.5946740091190249,0.31781184133913576
84.4,-65.08473641984095,0.0523890759617125,0.594686936723059,0.3178052878309036
84.425,-65.08437116985439,0.05239089451475115,0.5946997894929286,0.31779878951606894
84.45,-65.08399950147898,0.05239275940466214,0.5947125669859912,0.3177923465951135
84.475,-65.08362152452929,0.052394669936117806,0.5947252687721034,0.3177859592599419
84.5,-65.08323734837722,0.0523966254160213,0.594737894433539,0.3177796276939508
84.525,-65.08284708194427,0.05239862515355866,0.5947504435649084,0.31777335207209884
84.55,-65.08245083369387,0.05240066846025027,0.5947629157730759,0.3177671325609762
84.575,-65.082048711624,0.052402754650001306,0.5947753106770777,0.31776096931887504
84.6,-65.08164082325978,0.05240488303915145,0.5947876279080381,0.3177548624958594
84.625,-65.08122727564637,0.05240705294652336,0.5947998671090865,0.3177488122338359
84.65,-65.08080817534191,0.05240926369347066,0.5948120279352732,0.3177428186666244
84.675,-65.08038362841067,0.05241151460392467,0.5948241100534846,0.31773688192002847
84.7,-65.07995374041633,0.05241380500444064,0.5948361131423587,0.31773100211190647
84.725,-65.0795186164154,0.05241613422424304,0.5948480368922,0.3177251793522426
84.75,-65.07907836095076,0.05241850159526959,0.5948598810048932,0.31771941374321805
84.775,-65.07863307804539,0.05242090645221512,0.5948716451938175,0.3177137053792822
84.8,-65.07818287119618,0.052423348132574196,0.59488332918376,0.3177080543472241
84.825,-65.07772784336797,0.052425825976682765,0.5948949327108289,0.3177024607262438
84.85,-65.0772680969876,0.05242833932775952,0.5949064555223668,0.31769692458802407
84.875,-65.0768037339382,0.052430887531946,0.5949178973768618,0.3176914459968019
84.9,-65.0763348555536,0.05243346993834608,0.5949292580438619,0.3176860250094402
84.925,-65.0758615626128,0.05243608589906454,0.5949405373038847,0.3176806616754997
84.95,-65.07538395533464,0.05243873476924512,0.5949517349483308,0.3176753560373105
84.975,-65.07490213337263,0.05244141590710745,0.594962850779394,0.3176701081300441
85.0,-65.07441619580982,0.05244412867398353,0.594973884609973,0.31766491798178514
85.025,-65.07392624115383,0.052446872434353226,0.5949848362635821,0.3176597856136033
85.05,-65.07343236733206,0.05244964655587911,0.5949957055742613,0.31765471103962534
85.075,-65.07293467168695,0.05245245040944056,0.5950064923864878,0.3176496942671066
85.1,-65.07243325097143,0.05245528336916713,0.5950171965550854,0.3176447352965035
85.125,-65.07192820134439,0.05245814481247105,0.5950278179451347,0.31763983412154484
85.15,-65.07141961836643,0.05246103412007929,0.5950383564318831,0.31763499072930396
85.175,-65.07090759699558,0.05246395067606455,0.5950488119006542,0.3176302051002704
85.2,-65.07039223158321,0.052466893867875876,0.5950591842467572,0.31762547720842177
85.225,-65.06987361587007,0.052469863086368355,0.5950694733753967,0.31762080702129564
85.25,-65.06935184298239,0.0524728577258322,0.595079679201582,0.3176161945000609
85.275,-65.06882700542816,0.05247587718402122,0.5950898016500356,0.31761163959958955
85.3,-65.06829919509343,0.052478920862180346,0.5950998406551027,0.3176071422685284
85.325,-65.0677685032389,0.05248198816507283,0.59510979616066,0.3176027024493701
85.35,-65.06723502049635,0.052485078501006505,0.5951196681200243,0.31759832007852534
85.375,-65.06669883686551,0.052488191281859574,0.5951294564958614,0.3175939950863932
85.4,-65.0661600417107,0.052491325923105625,0.5951391612600949,0.31758972739743296
85.425,-65.06561872375786,0.05249448184383802,0.5951487823938151,0.3175855169302351
85.45,-65.0650749710915,0.05249765846679367,0.5951583198871866,0.31758136359759237
85.475,-65.06452887115185,0.05250085521837624,0.5951677737393579,0.3175772673065703
85.5,-65.06398051073208,0.05250407152867851,0.5951771439583695,0.3175732279585784
85.525,-65.06342997597564,0.05250730683150438,0.5951864305610621,0.31756924544944054
85.55,-65.06287735237372,0.052510560564390074,0.5951956335729859,0.3175653196694655
85.575,-65.0623227247627,0.05251383216862487,0.5952047530283084,0.3175614505035174
85.6,-65.06176617732184,0.05251712108927106,0.5952137889697233,0.3175576378310857
85.625,-65.06120779357107,0.05252042677518356,0.595222741448359,0.31755388152635544
85.65,-65.06064765636869,0.05252374867902857,0.5952316105236872,0.3175501814582769
85.675,-65.06008584790936,0.05252708625730207,0.5952403962634317,0.3175465374906357
85.7,-65.05952244972218,0.05253043897034744,0.5952490987434768,0.3175429494821219
85.725,-65.05895754266868,0.0525338062823725,0.5952577180477762,0.31753941728639967
85.75,-65.05839120694111,0.052537187661466284,0.5952662542682622,0.3175359407521762
85.775,-65.05782352206074,0.05254058257961492,0.5952747075047541,0.31753251972327107
85.8,-65.05725456687621,0.05254399051271708,0.5952830778648676,0.3175291540386847
85.825,-65.05668441956205,0.052547410940598976,0.5952913654639238,0.31752584353266716
85.85,-65.05611315761722,0.05255084334702854,0.5952995704248583,0.3175225880347864
85.875,-65.05554085786379,0.05255428721972945,0.5953076928781307,0.3175193873699965
85.9,-65.05496759644566,0.05255774205039426,0.5953157329616343,0.3175162413587059
85.925,-65.05439344882738,0.05256120733469728,0.5953236908206053,0.3175131498168446
85.95,-65.05381848979312,0.052564682572306745,0.5953315666075328,0.31751011255593214
85.975,-65.05324279344562,0.05256816726689646,0.5953393604820686,0.31750712938314485
86.0,-65.05266643320527,0.0525716609261572,0.5953470726109373,0.3175042001013825
86.025,-65.05208948180929,0.052575163061807234,0.5953547031678466,0.31750132450933594
86.05,-65.05151201131098,0.05257867318960258,0.5953622523333972,0.3174985024015526
86.075,-65.05093409307901,0.05258219082934673,0.5953697202949946,0.31749573356850375
86.1,-65.05035579779685,0.052585715504899856,0.5953771072467584,0.3174930177966502
86.125,-65.04977719546227,0.052589246744187475,0.5953844133894343,0.31749035486850796
86.15,-65.0491983553868,0.05259278407920874,0.5953916389303048,0.3174877445627143
86.175,-65.04861934619551,0.05259632704604417,0.5953987840831004,0.3174851866540925
86.2,-65.04804023582658,0.05259987518486299,0.595405849067912,0.3174826809137172
86.225,-65.04746109153115,0.05260342803992993,0.5954128341111017,0.317480227108979
86.25,-65.04688197987319,0.05260698515961148,0.5954197394452155,0.31747782500364924
86.275,-65.04630296672943,0.052610546096381994,0.5954265653088955,0.3174754743579439
86.3,-65.04572411728927,0.052614110406828965,0.5954333119467922,0.31747317492858745
86.325,-65.04514549605494,0.052617677651658104,0.595439979609477,0.31747092646887687
86.35,-65.04456716684166,0.052621247395697915,0.5954465685533564,0.3174687287287446
86.375,-65.04398919277773,0.05262481920790367,0.595453079040584,0.317466581454822
86.4,-65.04341163630495,0.052628392661361253,0.5954595113389745,0.31746448439050157
86.425,-65.04283455917889,0.05263196733329036,0.5954658657219175,0.3174624372759999
86.45,-65.04225802246926,0.05263554280504722,0.5954721424682922,0.31746043984841943
86.475,-65.04168208656047,0.05263911866212712,0.5954783418623808,0.3174584918418106
86.5,-65.04110681115216,0.05264269449416634,0.5954844641937835,0.3174565929872332
86.525,-65.04053225525976,0.05264626989494365,0.5954905097573343,0.3174547430128177
86.55,-65.03995847721518,0.05264984446238158,0.5954964788530149,0.31745294164382587
86.575,-65.03938553466756,0.05265341779854711,0.5955023717858715,0.31745118860271176
86.6,-65.03881348458404,0.05265698950965204,0.5955081888659299,0.3174494836091816
86.625,-65.0382423832506,0.05266055920605293,0.5955139304081124,0.31744782638025415
86.65,-65.03767228627306,0.052664126502250615,0.5955195967321535,0.3174462166303197
86.675,-65.03710324857794,0.052667691016889395,0.5955251881625175,0.3174446540711998
86.7,-65.03653532441352,0.05267125237275591,0.5955307050283157,0.3174431384122062
86.725,-65.03596856735099,0.05267481019677744,0.5955361476632233,0.31744166936019924
86.75,-65.03540303028555,0.052678364120019944,0.5955415164053978,0.31744024661964626
86.775,-65.0348387654376,0.05268191377768575,0.5955468115973973,0.31743886989267944
86.8,-65.03427582435404,0.05268545880911085,0.595552033586099,0.3174375388791533
86.825,-65.03371425790955,0.052688998857761724,0.5955571827226176,0.31743625327670233
86.85,-65.03315411630797,0.05269253357123201,0.5955622593622255,0.31743501278079717
86.875,-65.0325954490837,0.05269606260123854,0.5955672638642721,0.317433817084802
86.9,-65.03203830510321,0.05269958560361742,0.5955721965921037,0.3174326658800301
86.925,-65.03148273256654,0.05270310223831932,0.595577057912984,0.31743155885579993
86.95,-65.03092877900889,0.052706612169404664,0.5955818481980152,0.31743049569949056
86.975,-65.03037649130219,0.05271011506503851,0.5955865678220585,0.31742947609659666
87.0,-65.02982591565687,0.05271361059748497,0.5955912171636565,0.3174284997307837
87.025,-65.02927709762353,0.052717098443101275,0.5955957966049545,0.3174275662839417
87.05,-65.02873008209474,0.052720578282331614,0.5956003065316235,0.3174266754362397
87.075,-65.0281849133068,0.05272404979970063,0.5956047473327825,0.3174258268661795
87.1,-65.0276416348417,0.05272751268380656,0.5956091194009213,0.3174250202506485
87.125,-65.02710028962895,0.05273096662731399,0.5956134231318253,0.3174242552649732
87.15,-65.02656091994757,0.0527344113269464,0.5956176589244981,0.31742353158297126
87.175,-65.02602356742818,0.052737846483478325,0.5956218271810869,0.317422848877004
87.2,-65.02548827305489,0.05274127180172721,0.5956259283068068,0.31742220681802813
87.225,-65.02495507716755,0.05274468699054509,0.5956299627098661,0.3174216050756472
87.25,-65.02442401946377,0.05274809176280974,0.5956339308013922,0.31742104331816257
87.275,-65.02389513900117,0.052751485835415585,0.5956378329953572,0.3174205212126244
87.3,-65.02336847419959,0.05275486892926454,0.5956416697085051,0.3174200384248814
87.325,-65.02284406284332,0.052758240769256254,0.5956454413602782,0.31741959461963143
87.35,-65.02232194208348,0.052761601084278145,0.5956491483727443,0.31741918946047043
87.375,-65.02180214844026,0.05276494960719533,0.5956527911705255,0.31741882260994214
87.4,-65.0212847178054,0.05276828607483997,0.5956563701807254,0.31741849372958636
87.425,-65.02076968544455,0.05277161022800065,0.5956598858328583,0.31741820247998787
87.45,-65.02025708599976,0.05277492181141121,0.5956633385587786,0.317417948520824
87.475,-65.01974695349199,0.052778220573739425,0.5956667287926097,0.3174177315109124
87.5,-65.01923932132361,0.05278150626757551,0.5956700569706749,0.3174175511082584
87.525,-65.01873422228101,0.052784778649420126,0.5956733235314269,0.31741740697010173
87.55,-65.01823168853718,0.05278803747967225,0.5956765289153799,0.3174172987529629
87.575,-65.0177317516544,0.05279128252261692,0.5956796735650403,0.31741722611268963
87.6,-65.01723444258684,0.052794513546412326,0.5956827579248387,0.31741718870450214
87.625,-65.01673979168336,0.05279773032307721,0.5956857824410626,0.31741718618303855
87.65,-65.0162478286902,0.05280093262847742,0.5956887475617888,0.31741721820239976
87.675,-65.01575858275378,0.0528041202423127,0.5956916537368169,0.3174172844161941
87.7,-65.01527208242352,0.052807292948102914,0.5956945014176032,0.3174173844775813
87.725,-65.01478835565469,0.05281045053317421,0.5956972910571944,0.3174175180393163
87.75,-65.01430742981123,0.05281359278864479,0.5957000231101632,0.31741768475379234
87.775,-65.01382933166875,0.05281671950941066,0.595702698032543,0.3174178842730842
87.8,-65.01335408741741,0.052819830494130894,0.5957053162817633,0.31741811624899047
87.825,-65.0128817226649,0.05282292554521288,0.5957078783165863,0.31741838033307584
87.85,-65.01241226243944,0.05282600446879723,0.5957103845970436,0.3174186761767128
87.875,-65.01194573119278,0.05282906707474236,0.5957128355843728,0.31741900343112295
87.9,-65.01148215280331,0.05283211317660921,0.5957152317409559,0.31741936174741797
87.925,-65.01102155057912,0.0528351425916453,0.5957175735302562,0.31741975077664014
87.95,-65.01056394726103,0.05283815514076886,0.5957198614167585,0.3174201701698025
87.975,-65.0101093650259,0.05284115064855268,0.5957220958659067,0.31742061957792866
88.0,-65.00965782548961,0.05284412894320766,0.5957242773440447,0.317421098652092
88.025,-65.00920934971037,0.052847089856566346,0.5957264063183548,0.31742160704345485
88.05,-65.00876395819189,0.052850033224066055,0.5957284832568001,0.31742214440330674
88.075,-65.00832167088662,0.05285295888473193,0.5957305086280643,0.31742271038310305
88.1,-65.007882507199,0.05285586668115971,0.5957324829014939,0.3174233046345022
88.125,-65.00744648598878,0.05285875645949839,0.5957344065470397,0.3174239268094034
88.15,-65.0070136255743,0.052861628069432676,0.5957362800351998,0.3174245765599834
88.175,-65.00658394373586,0.05286448136416519,0.5957381038369629,0.3174252535387333
88.2,-65.00615745771903,0.05286731620039849,0.5957398784237509,0.3174259573984945
88.225,-65.00573418423804,0.052870132438316966,0.595741604267364,0.3174266877924945
88.25,-65.0053141394792,0.05287292994156865,0.5957432818399246,0.3174274443743824
88.275,-65.0048973391043,0.05287570857724648,0.5957449116138229,0.317428226798264
88.3,-65.00448379825404,0.05287846821586989,0.5957464940616619,0.3174290347187359
88.325,-65.00407353155153,0.05288120873136582,0.595748029656204,0.31742986779092014
88.35,-65.00366655310573,0.05288393000104979,0.5957495188703171,0.31743072567049785
88.375,-65.00326287651494,0.05288663190560666,0.5957509621769221,0.3174316080137426
88.4,-65.00286251487034,0.05288931432907139,0.5957523600489404,0.3174325144775535
88.425,-65.00246548075955,0.05289197715880949,0.595753712959242,0.31743344471948765
88.45,-65.00207178627011,0.05289462028549742,0.595755021380594,0.3174343983977926
88.475,-65.0016814429931,0.05289724360310273,0.5957562857856099,0.31743537517143783
88.5,-65.00129446202675,0.05289984700886417,0.5957575066466992,0.3174363747001467
88.525,-65.00091085397993,0.05290243040327147,0.5957586844360178,0.3174373966444268
88.55,-65.00053062897591,0.052904993690045275,0.5957598196254178,0.3174384406656011
88.575,-65.0001537966559,0.0529075367761166,0.5957609126863999,0.3174395064258381
88.6,-64.99978036618269,0.052910059571606334,0.5957619640900641,0.3174405935881816
88.625,-64.99941034624442,0.05291256198980468,0.5957629743070623,0.3174417018165802
88.65,-64.9990437450581,0.05291504394715017,0.5957639438075509,0.31744283077591645
88.675,-64.99868057037344,0.05291750536320888,0.5957648730611447,0.3174439801320354
88.7,-64.99832082947644,0.05291994616065328,0.5957657625368692,0.317445149551773
88.725,-64.9979645291932,0.05292236626524111,0.5957666127031161,0.3174463387029841
88.75,-64.99761167589354,0.05292476560579401,0.5957674240275979,0.31744754725456986
88.775,-64.99726227549489,0.0529271441141761,0.5957681969773021,0.31744877487650475
88.8,-64.99691633346589,0.052929501725272436,0.5957689320184485,0.31745002123986377
88.825,-64.9965738548302,0.05293183837696734,0.5957696296164443,0.3174512860168483
88.85,-64.99623484417035,0.05293415401012268,0.5957702902358418,0.3174525688808125
88.875,-64.99589930563137,0.05293644856855585,0.5957709143402949,0.31745386950628873
88.9,-64.99556724292475,0.052938721999017904,0.5957715023925173,0.31745518756901275
88.925,-64.9952386593321,0.05294097425117136,0.5957720548542408,0.3174565227459486
88.95,-64.99491355770904,0.05294320527756805,0.5957725721861744,0.3174578747153133
88.975,-64.99459194048897,0.05294541503362684,0.5957730548479632,0.31745924315660057
89.0,-64.99427380968697,0.05294760347761121,0.5957735032981483,0.3174606277506049
89.025,-64.99395916690355,0.05294977057060674,0.5957739179941275,0.31746202817944463
89.05,-64.99364801332851,0.05295191627649856,0.5957742993921158,0.31746344412658495
89.075,-64.99334034974483,0.05295404056194865,0.5957746479471071,0.31746487527686074
89.1,-64.99303617653247,0.052956143396373216,0.5957749641128358,0.3174663213164985
89.125,-64.99273549367228,0.052958224751919636,0.5957752483417393,0.31746778193313835
89.15,-64.99243830074982,0.05296028460344379,0.5957755010849209,0.3174692568158555
89.175,-64.99214459695926,0.05296232292848686,0.5957757227921134,0.3174707456551814
89.2,-64.99185438110727,0.05296433970725244,0.5957759139116422,0.31747224814312436
89.225,-64.99156765161683,0.052966334922583215,0.5957760748903907,0.31747376397319005
89.25,-64.99128440653116,0.05296830855993788,0.5957762061737647,0.3174752928404015
89.275,-64.99100464351766,0.05297026060736791,0.5957763082056576,0.3174768344413187
89.3,-64.9907283598717,0.05297219105549412,0.5957763814284168,0.31747838847405796
89.325,-64.99045555252054,0.052974099897483334,0.5957764262828099,0.31747995463831075
89.35,-64.99018621802732,0.052975987129024925,0.5957764432079913,0.3174815326353625
89.375,-64.98992035259482,0.05297785274830727,0.5957764326414696,0.3174831221681105
89.4,-64.98965795206946,0.05297969675599422,0.5957763950190763,0.3174847229410819
89.425,-64.98939901194514,0.05298151915520147,0.595776330774933,0.3174863346604513
89.45,-64.98914352736716,0.052983319951472894,0.595776240341421,0.31748795703405785
89.475,-64.98889149313618,0.052985099152756905,0.5957761241491504,0.31748958977142194
89.5,-64.98864290371202,0.052986856769382626,0.5957759826269301,0.3174912325837618
89.525,-64.98839775321763,0.05298859281403614,0.595775816201738,0.3174928851840094
89.55,-64.98815603544298,0.05299030730173665,0.5957756252986919,0.3174945472868266
89.575,-64.98791774384894,0.052992000249812654,0.5957754103410206,0.31749621860862
89.6,-64.98768287157125,0.05299367167787799,0.5957751717500357,0.3174978988675565
89.625,-64.98745141142432,0.05299532160780796,0.5957749099451045,0.3174995877835778
89.65,-64.98722335590517,0.05299695006371542,0.5957746253436218,0.3175012850784147
89.675,-64.98699869719736,0.052998557071926716,0.5957743183609837,0.3175029904756013
89.7,-64.98677742717484,0.05300014266095771,0.5957739894105613,0.3175047037004888
89.725,-64.98655953740584,0.053001706861489785,0.5957736389036745,0.31750642448025845
89.75,-64.98634501915674,0.053003249706345845,0.5957732672495674,0.317508152543935
89.775,-64.98613386339602,0.05300477123046621,0.5957728748553824,0.3175098876223993
89.8,-64.98592606079809,0.05300627147088461,0.5957724621261369,0.3175116294484004
89.825,-64.98572160174713,0.053007750466704,0.5957720294646982,0.3175133777565682
89.85,-64.98552047634104,0.05300920825907265,0.5957715772717612,0.31751513228342443
89.875,-64.98532267439522,0.053010644891159926,0.5957711059458247,0.3175168927673946
89.9,-64.98512818544648,0.053012060408132285,0.595770615883169,0.31751865894881875
89.925,-64.98493699875691,0.053013454857129175,0.5957701074778338,0.31752043056996243
89.95,-64.98474910331765,0.053014828287238906,0.5957695811215966,0.3175222073750269
89.975,-64.98456448785282,0.053016180749474597,0.5957690372039519,0.31752398911015944
90.0,-64.98438314082328,0.05301751229675019,0.5957684761120899,0.317525775523463
90.025,-64.98420505043052,0.05301882298385623,0.5957678982308768,0.31752756636500573
90.05,-64.98403020462041,0.05302011286743594,0.5957673039428345,0.31752936138683013
90.075,-64.98385859108707,0.05302138200596109,0.595766693628122,0.31753116034296197
90.1,-64.98369019727666,0.05302263045970814,0.5957660676645155,0.31753296298941885
90.125,-64.98352501039116,0.053023858290734034,0.5957654264273908,0.3175347690842182
90.15,-64.98336301739218,0.053025065562852365,0.5957647702897052,0.3175365783873856
90.175,-64.9832042050047,0.053026252341609376,0.5957640996219795,0.317538390660962
90.2,-64.98304855972087,0.05302741869426002,0.5957634147922811,0.31754020566901153
90.225,-64.9828960678038,0.05302856468974409,0.5957627161662076,0.3175420231776281
90.25,-64.98274671529121,0.0530296903986623,0.5957620041068701,0.31754384295494237
90.275,-64.98260048799932,0.0530307958932525,0.5957612789748776,0.31754566477112817
90.3,-64.98245737152641,0.05303188124736576,0.595760541128322,0.3175474883984085
90.325,-64.98231735125667,0.0530329465364428,0.5957597909227623,0.3175493136110618
90.35,-64.98218041236385,0.053033991837490066,0.595759028711211,0.31755114018542696
90.375,-64.98204653981497,0.05303501722905619,0.5957582548441193,0.317552967899909
90.4,-64.98191571837401,0.0530360227912082,0.5957574696693637,0.317554796534984
90.425,-64.98178793260556,0.053037008605508085,0.5957566735322328,0.3175566258732037
90.45,-64.98166316687852,0.053037974754989115,0.5957558667754145,0.3175584556992002
90.475,-64.98154140536974,0.05303892132413239,0.5957550497389831,0.3175602857996898
90.5,-64.98142263206762,0.053039848398843306,0.595754222760388,0.3175621159634771
90.525,-64.98130683077576,0.053040756066428406,0.5957533861744417,0.31756394598145865
90.55,-64.9811939851166,0.05304164441557171,0.5957525403133085,0.317565775646626
90.575,-64.98108407853496,0.053042513536311724,0.5957516855064939,0.31756760475406925
90.6,-64.98097709430166,0.053043363520017976,0.5957508220808343,0.31756943310097935
90.625,-64.9808730155171,0.05304419445936805,0.5957499503604868,0.317571260486651
90.65,-64.98077182511481,0.053045006448324356,0.5957490706669197,0.31757308671248485
90.675,-64.98067350586494,0.0530457995821112,0.5957481833189031,0.3175749115819894
90.7,-64.98057804037786,0.05304657395719174,0.5957472886325005,0.3175767349007829
90.725,-64.98048541110765,0.05304732967124512,0.59574638692106,0.31757855647659483
90.75,-64.98039560035555,0.053048066823143655,0.5957454784952064,0.317580376119267
90.775,-64.98030859027352,0.05304878551293012,0.5957445636628339,0.31758219364075485
90.8,-64.98022436286766,0.05304948584179502,0.5957436427290982,0.31758400885512794
90.825,-64.98014290000164,0.05305016791205402,0.5957427159964097,0.31758582157857057
90.85,-64.9800641834002,0.05305083182712539,0.5957417837644278,0.3175876316293819
90.875,-64.97998819465249,0.053051477691507705,0.5957408463300536,0.31758943882797624
90.9,-64.97991491521557,0.0530521056107573,0.595739903987425,0.31759124299688263
90.925,-64.97984432641769,0.05305271569146609,0.5957389570279109,0.3175930439607443
90.95,-64.97977640946172,0.053053308041239505,0.5957380057401062,0.3175948415463182
90.975,-64.97971114542845,0.05305388276867417,0.595737050409827,0.31759663558247386
91.0,-64.97964851528003,0.053054439983336095,0.595736091320107,0.31759842590019244
91.025,-64.97958849986317,0.053054979795738616,0.5957351287511923,0.3176002123325651
91.05,-64.97953107991246,0.053055502317320744,0.5957341629805389,0.3176019947147915
91.075,-64.97947623605374,0.05305600766042527,0.5957331942828089,0.317603772884178
91.1,-64.97942394880724,0.05305649593827724,0.5957322229298677,0.3176055466801356
91.125,-64.97937419859089,0.05305696726496244,0.5957312491907814,0.3176073159441774
91.15,-64.97932696572356,0.053057421755405856,0.5957302733318145,0.3176090805199166
91.175,-64.97928223042821,0.053057859525350436,0.5957292956164285,0.31761084025306324
91.2,-64.97923997283512,0.05305828069133583,0.5957283163052794,0.31761259499142164
91.225,-64.97920017298503,0.05305868537067735,0.5957273356562176,0.3176143445848871
91.25,-64.97916281083235,0.05305907368144479,0.5957263539242861,0.3176160888854424
91.275,-64.9791278662482,0.05305944574244165,0.5957253713617203,0.31761782774715475
91.3,-64.97909531902359,0.05305980167318426,0.5957243882179479,0.31761956102617145
91.325,-64.97906514887245,0.053060141593881165,0.595723404739589,0.3176212885807163
91.35,-64.97903733543475,0.05306046562541255,0.5957224211704559,0.3176230102710853
91.375,-64.97901185827955,0.05306077388930966,0.5957214377515546,0.3176247259596423
91.4,-64.978988696908,0.05306106650773448,0.5957204547210853,0.31762643551081443
91.425,-64.97896783075637,0.053061343603459654,0.595719472314444,0.3176281387910874
91.45,-64.97894923919903,0.053061605299848165,0.5957184907642241,0.31762983566900066
91.475,-64.97893290155137,0.05306185172083342,0.5957175103002184,0.31763152601514205
91.5,-64.97891879707286,0.05306208299089941,0.5957165311494207,0.3176332097021427
91.525,-64.97890690496988,0.05306229923506091,0.5957155535360297,0.31763488660467143
91.55,-64.97889720439863,0.05306250057884385,0.5957145776814505,0.31763655659942913
91.575,-64.97888967446809,0.053062687148265696,0.5957136038042984,0.3176382195651428
91.6,-64.97888429424277,0.05306285906981631,0.5957126321204022,0.3176398753825599
91.625,-64.97888104274567,0.0530630164704384,0.5957116628428077,0.3176415239344415
91.65,-64.97887989896097,0.05306315947750855,0.5957106961817821,0.3176431651055567
91.675,-64.97888084183693,0.05306328821881823,0.5957097323448177,0.31764479878267526
91.7,-64.9788838502886,0.05306340282255477,0.5957087715366373,0.3176464248545617
91.725,-64.97888890320061,0.05306350341728272,0.5957078139591977,0.3176480432119678
91.75,-64.9788959794299,0.05306359013192529,0.5957068598116961,0.3176496537476261
91.775,-64.97890505780839,0.053063663095745665,0.5957059092905747,0.31765125635624225
91.8,-64.97891611714569,0.053063722438328895,0.5957049625895262,0.31765285093448786
91.825,-64.97892913623177,0.05306376828956346,0.5957040198995004,0.3176544373809931
91.85,-64.97894409383959,0.05306380077962328,0.5957030814087094,0.31765601559633877
91.875,-64.9789609687277,0.05306382003894978,0.5957021473026347,0.31765758548304895
91.9,-64.97897973964288,0.05306382619823405,0.5957012177640335,0.31765914694558256
91.925,-64.97900038532262,0.05306381938839921,0.5957002929729455,0.31766069989032564
91.95,-64.9790228844978,0.05306379974058279,0.5956993731067003,0.31766224422558287
91.975,-64.97904721589506,0.053063767386119495,0.5956984583399244,0.3176637798615693
92.0,-64.97907335823949,0.053063722456523764,0.5956975488445492,0.3176653067104018
92.025,-64.97910129025692,0.05306366508347279,0.5956966447898183,0.31766682468609037
92.05000000000001,-64.97913099067648,0.05306359539878946,0.5956957463422963,0.3176683337045295
92.075,-64.97916243823302,0.053063513534425566,0.5956948536658763,0.3176698336834891
92.1,-64.97919561166947,0.0530634196224452,0.595693966921789,0.3176713245426055
92.125,-64.97923048973927,0.05306331379500803,0.5956930862686112,0.31767280620337224
92.15,-64.97926705120874,0.053063196184353116,0.5956922118622744,0.3176742785891308
92.17500000000001,-64.97930527485937,0.0530630669227825,0.5956913438560749,0.31767574162506107
92.2,-64.97934513949018,0.05306292614264516,0.5956904824006825,0.31767719523817217
92.225,-64.97938662391996,0.053062773976321066,0.5956896276441498,0.31767863935729224
92.25,-64.97942970698958,0.05306261055620534,0.595688779731923,0.317680073913059
92.275,-64.9794743675642,0.053062436014692675,0.5956879388068511,0.31768149883791
92.30000000000001,-64.9795205845355,0.05306225048416167,0.5956871050091963,0.31768291406607224
92.325,-64.9795683368239,0.05306205409695961,0.5956862784766446,0.31768431953355203
92.35,-64.97961760338065,0.0530618469853872,0.595685459344316,0.3176857151781252
92.375,-64.97966836319004,0.05306162928168349,0.5956846477447758,0.31768710093932656
92.4,-64.97972059527152,0.05306140111801099,0.5956838438080453,0.3176884767584393
92.42500000000001,-64.97977427868177,0.05306116262644091,0.595683047661613,0.3176898425784847
92.45,-64.97982939251682,0.053060913938938484,0.5956822594304457,0.3176911983442112
92.475,-64.979885915914,0.05306065518734857,0.5956814792370007,0.31769254400208413
92.5,-64.97994382805406,0.05306038650338139,0.5956807072012367,0.31769387950027445
92.525,-64.98000310816312,0.05306010801859823,0.5956799434406261,0.31769520478864804
92.55000000000001,-64.98006373551468,0.053059819864397575,0.5956791880701674,0.31769651981875474
92.575,-64.98012568943152,0.05305952217200121,0.5956784412023965,0.31769782454381706
92.6,-64.98018894928767,0.053059215072440546,0.5956777029473999,0.31769911891871927
92.625,-64.9802534945103,0.053058898696543066,0.5956769734128268,0.3177004028999959
92.65,-64.98031930458157,0.05305857317491889,0.595676252703902,0.31770167644582054
92.67500000000001,-64.98038635904057,0.05305823863794765,0.5956755409234387,0.3177029395159944
92.7,-64.98045463748502,0.05305789521576531,0.5956748381718513,0.31770419207193473
92.725,-64.9805241195732,0.053057543038251304,0.5956741445471692,0.31770543407666335
92.75,-64.98059478502562,0.05305718223501575,0.595673460145049,0.317706665494795
92.775,-64.98066661362682,0.05305681293538675,0.5956727850587892,0.3177078862925255
92.80000000000001,-64.9807395852272,0.05305643526839812,0.5956721193793428,0.31770909643762013
92.825,-64.98081367974456,0.05305604936277694,0.5956714631953316,0.3177102958994016
92.85,-64.98088887716585,0.05305565534693142,0.5956708165930598,0.3177114846487382
92.875,-64.98096515754891,0.05305525334893893,0.5956701796565278,0.317712662658032
92.9,-64.98104250102396,0.05305484349653419,0.595669552467447,0.31771382990120656
92.92500000000001,-64.98112088779534,0.05305442591709756,0.5956689351052534,0.3177149863536949
92.95,-64.98120029814301,0.05305400073764345,0.5956683276471221,0.3177161319924273
92.975,-64.98128071242417,0.05305356808480905,0.5956677301679818,0.3177172667958194
93.0,-64.98136211107472,0.05305312808484301,0.5956671427405297,0.31771839074375935
93.025,-64.9814444746109,0.053052680863594555,0.5956665654352458,0.31771950381759606
93.05000000000001,-64.98152778363064,0.05305222654650233,0.5956659983204078,0.31772060600012647
93.075,-64.98161201881516,0.05305176525858383,0.5956654414621063,0.3177216972755833
93.1,-64.98169716093027,0.05305129712442471,0.59566489492426,0.31772277762962253
93.125,-64.98178319082793,0.053050822268168416,0.59566435876863,0.317723847049311
93.15,-64.98187008944753,0.053050340813505764,0.5956638330548357,0.3177249055231136
93.17500000000001,-64.98195783781733,0.053049852883664976,0.5956633178403703,0.3177259530408811
93.2,-64.9820464170558,0.053049358601401614,0.5956628131806156,0.3177269895938371
93.225,-64.9821358083729,0.0530488580889887,0.5956623191288583,0.3177280151745657
93.25,-64.98222599307144,0.05304835146820712,0.5956618357363047,0.3177290297769987
93.275,-64.9823169525483,0.05304783886033604,0.5956613630520975,0.3177300333964026
93.30000000000001,-64.98240866829572,0.05304732038614361,0.5956609011233306,0.3177310260293663
93.325,-64.98250112190252,0.05304679616587772,0.5956604499950655,0.3177320076737881
93.35,-64.98259429505529,0.053046266319256914,0.5956600097103473,0.3177329783288629
93.375,-64.98268816953964,0.053045730965461495,0.5956595803102204,0.31773393799506927
93.4,-64.98278272724123,0.05304519022312478,0.5956591618337449,0.3177348866741568
93.42500000000001,-64.98287795014704,0.05304464421032444,0.5956587543180126,0.31773582436913295
93.45,-64.98297382034642,0.0530440930445741,0.5956583577981633,0.3177367510842505
93.475,-64.98307032003218,0.05304353684281502,0.595657972307401,0.3177376668249942
93.5,-64.98316743150168,0.05304297572140792,0.5956575978770106,0.31773857159806823
93.525,-64.98326513715784,0.05304240979612499,0.5956572345363738,0.31773946541138304
93.55000000000001,-64.9833634195102,0.05304183918214201,0.5956568823129861,0.31774034827404235
93.575,-64.98346226117589,0.05304126399403069,0.595656541232473,0.3177412201963303
93.6,-64.98356164488065,0.05304068434575108,0.5956562113186069,0.31774208118969843
93.625,-64.98366155345974,0.05304010035064413,0.5956558925933235,0.3177429312667527
93.65,-64.98376196985889,0.05303951212142443,0.5956555850767385,0.3177437704412403
93.67500000000001,-64.98386287713521,0.05303891977017319,0.5956552887871646,0.317744598728037
93.7,-64.98396425845809,0.053038323408331166,0.5956550037411277,0.3177454161431339
93.725,-64.98406609711002,0.05303772314669185,0.5956547299533846,0.31774622270362424
93.75,-64.98416837648752,0.0530371190953948,0.5956544674369392,0.3177470184276908
93.775,-64.98427108010189,0.05303651136391913,0.5956542162030596,0.31774780333459274
93.80000000000001,-64.98437419158003,0.05303590006107712,0.5956539762612949,0.3177485774446524
93.825,-64.98447769466522,0.05303528529500788,0.5956537476194924,0.3177493407792425
93.85,-64.9845815732179,0.053034667173171374,0.5956535302838146,0.3177500933607731
93.875,-64.98468581121635,0.05303404580234229,0.595653324258756,0.31775083521267855
93.9,-64.98479039275749,0.053033421288604464,0.59565312954716,0.3177515663594046
93.92500000000001,-64.9848953020575,0.053032793737344965,0.5956529461502365,0.31775228682639534
93.95,-64.9850005234525,0.0530321632532487,0.5956527740675788,0.3177529966400803
93.975,-64.98510604139928,0.053031529940292935,0.5956526132971804,0.31775369582786134
94.0,-64.98521184047584,0.053030893901742066,0.5956524638354526,0.3177543844181001
94.025,-64.98531790538202,0.05303025524014244,0.5956523256772408,0.31775506244010465
94.05000000000001,-64.98542422094013,0.05302961405731754,0.5956521988158427,0.3177557299241169
94.075,-64.98553077209549,0.053028970454362945,0.595652083243025,0.31775638690129937
94.1,-64.98563754391698,0.05302832453164169,0.5956519789490403,0.3177570334037228
94.125,-64.9857445215976,0.053027676388779664,0.5956518859226446,0.3177576694643529
94.15,-64.9858516904549,0.05302702612466126,0.5956518041511143,0.31775829511703785
94.17500000000001,-64.98595903593157,0.05302637383742496,0.5956517336202635,0.3177589103964951
94.2,-64.98606654359585,0.05302571962445914,0.595651674314461,0.317759515338299
94.225,-64.98617419914201,0.053025063582398196,0.5956516262166477,0.3177601099788679
94.25,-64.98628198839073,0.05302440580711848,0.5956515893083536,0.31776069435545135
94.275,-64.98638989728957,0.05302374639373452,0.5956515635697149,0.3177612685061176
94.30000000000001,-64.98649791191335,0.053023085436595445,0.5956515489794914,0.31776183246974077
94.325,-64.98660601846449,0.053022423029281354,0.595651545515083,0.3177623862859883
94.35,-64.98671420327338,0.05302175926460006,0.595651553152548,0.31776292999530836
94.375,-64.98682245279875,0.053021094234583704,0.5956515718666189,0.3177634636389173
94.4,-64.98693075362795,0.053020428030485706,0.5956516016307203,0.31776398725878696
94.42500000000001,-64.98703909247723,0.053019760742777707,0.5956516424169856,0.3177645008976326
94.45,-64.98714745619209,0.05301909246114661,0.5956516941962744,0.3177650045988999
94.475,-64.98725583174748,0.053018423274491924,0.5956517569381892,0.317765498406753
94.5,-64.98736420624803,0.05301775327092305,0.5956518306110923,0.3177659823660618
94.525,-64.98747256692835,0.0530170825377568,0.5956519151821231,0.3177664565223899
94.55000000000001,-64.98758090115318,0.05301641116151497,0.5956520106172153,0.3177669209219821
94.575,-64.98768919641759,0.05301573922792211,0.5956521168811129,0.3177673756117523
94.6,-64.98779744034718,0.05301506682190322,0.5956522339373876,0.3177678206392711
94.625,-64.98790562069819,0.05301439402758191,0.5956523617484563,0.31776825605275383
94.65,-64.98801372535766,0.05301372092827827,0.5956525002755967,0.31776868190104834
94.67500000000001,-64.98812174234357,0.053013047606507206,0.5956526494789649,0.317769098233623
94.7,-64.98822965980493,0.05301237414397677,0.5956528093176119,0.3177695051005546
94.725,-64.98833746602185,0.05301170062158639,0.5956529797495002,0.3177699025525163
94.75,-64.98844514940565,0.05301102711942559,0.5956531607315209,0.317770290640766
94.775,-64.98855269849885,0.053010353716772575,0.5956533522195097,0.31777066941713417
94.80000000000001,-64.9886601019753,0.053009680492092974,0.5956535541682639,0.31777103893401215
94.825,-64.98876734864011,0.05300900752303871,0.5956537665315588,0.3177713992443403
94.85,-64.9888744274297,0.05300833488644698,0.5956539892621641,0.31777175040159644
94.875,-64.98898132741185,0.05300766265833939,0.5956542223118605,0.31777209245978405
94.9,-64.98908803778552,0.05300699091392111,0.595654465631456,0.31777242547342066
94.92500000000001,-64.98919454788097,0.05300631972758015,0.5956547191708021,0.31777274949752643
94.95,-64.98930084715963,0.053005649172886866,0.5956549828788106,0.31777306458761245
94.975,-64.989406925214,0.0530049793225933,0.5956552567034689,0.31777337079966944
95.0,-64.98951277176764,0.05300431024863302,0.595655540591857,0.3177736681901564
95.025,-64.98961837667498,0.05300364202212064,0.5956558344901633,0.3177739568159892
95.05000000000001,-64.98972372992131,0.05300297471335179,0.5956561383437007,0.31777423673452937
95.075,-64.98982882162257,0.05300230839180296,0.5956564520969223,0.31777450800357276
95.1,-64.9899336420252,0.053001643126131544,0.5956567756934378,0.3177747706813387
95.125,-64.99003818150608,0.053000978984175884,0.595657109076029,0.3177750248264585
95.15,-64.99014243057219,0.05300031603295564,0.595657452186666,0.3177752704979648
95.17500000000001,-64.99024637986062,0.052999654338672035,0.5956578049665223,0.3177755077552804
95.2,-64.9903500201382,0.05299899396670821,0.5956581673559912,0.31777573665820763
95.225,-64.99045334230138,0.05299833498162984,0.5956585392947008,0.31777595726691715
95.25,-64.99055633737599,0.052997677447185594,0.59565892072153,0.31777616964193744
95.275,-64.99065899651698,0.052997021426307966,0.5956593115746236,0.3177763738441441
95.30000000000001,-64.99076131100817,0.05299636698111398,0.5956597117914079,0.31777656993474906
95.325,-64.99086327226198,0.05299571417290609,0.5956601213086059,0.31777675797529026
95.35,-64.99096487181919,0.05299506306217313,0.5956605400622527,0.3177769380276209
95.375,-64.99106610134858,0.0529944137085914,0.5956609679877105,0.31777711015389926
95.4,-64.9911669526467,0.052993766171025726,0.595661405019684,0.31777727441657805
95.42500000000001,-64.99126741763747,0.05299312050753086,0.5956618510922349,0.3177774308783945
95.45,-64.99136748837196,0.052992476775352494,0.5956623061387974,0.3177775796023598
95.475,-64.99146715702794,0.052991835030929,0.5956627700921927,0.31777772065174914
95.5,-64.99156641590959,0.05299119532989275,0.595663242884644,0.31777785409009157
95.525,-64.99166525744711,0.052990557727071536,0.5956637244477908,0.31777797998116
95.55000000000001,-64.99176367419638,0.05298992227649048,0.5956642147127041,0.3177780983889613
95.575,-64.99186165883853,0.05298928903137353,0.5956647136099008,0.3177782093777265
95.6,-64.99195920417957,0.05298865804414548,0.5956652210693576,0.31777831301190074
95.625,-64.99205630314997,0.05298802936643364,0.5956657370205259,0.31777840935613383
95.65,-64.99215294880423,0.0529874030490699,0.5956662613923466,0.3177784984752707
95.67500000000001,-64.9922491343205,0.05298677914209281,0.5956667941132628,0.31777858043434115
95.7,-64.99234485300006,0.052986157694749556,0.5956673351112356,0.31777865529855137
95.725,-64.99244009826695,0.052985538755498246,0.5956678843137567,0.31777872313327377
95.75,-64.99253486366744,0.05298492237201015,0.5956684416478635,0.31777878400403786
95.775,-64.9926291428696,0.052984308591172,0.5956690070401519,0.3177788379765211
95.80000000000001,-64.9927229296628,0.052983697459088396,0.595669580416791,0.3177788851165395
95.825,-64.99281621795724,0.052983089021084284,0.595670161703536,0.3177789254900387
95.85,-64.99290900178342,0.052982483321707505,0.5956707508257428,0.3177789591630849
95.875,-64.99300127529166,0.05298188040473141,0.5956713477083802,0.3177789862018557
95.9,-64.99309303275159,0.05298128031315741,0.5956719522760439,0.31777900667263137
95.92500000000001,-64.99318426855156,0.05298068308921788,0.5956725644529702,0.31777902064178615
95.95,-64.99327497719815,0.05298008877437888,0.5956731841630489,0.3177790281757793
95.975,-64.99336515331566,0.052979497409343025,0.5956738113298361,0.31777902934114666
96.0,-64.99345479164548,0.05297890903405242,0.5956744458765673,0.31777902420449194
96.025,-64.99354388704553,0.05297832368769166,0.5956750877261707,0.31777901283247817
96.05000000000001,-64.9936324344898,0.05297774140869083,0.59567573680128,0.3177789952918194
96.075,-64.99372042906762,0.05297716223472873,0.5956763930242467,0.31777897164927243
96.1,-64.9938078659832,0.052976586202735855,0.5956770563171528,0.3177789419716284
96.125,-64.99389474055494,0.05297601334889786,0.5956777266018242,0.31777890632570477
96.15,-64.99398104821488,0.05297544370865867,0.5956784037998415,0.3177788647783369
96.17500000000001,-64.9940667845081,0.05297487731672379,0.5956790878325541,0.31777881739637037
96.2,-64.99415194509206,0.052974314207063895,0.595679778621091,0.31777876424665297
96.225,-64.99423652573599,0.052973754412918045,0.5956804760863742,0.31777870539602676
96.25,-64.99432052232028,0.05297319796679742,0.5956811801491295,0.31777864091132035
96.275,-64.99440393083584,0.052972644900488676,0.5956818907298994,0.31777857085934125
96.30000000000001,-64.99448674738342,0.05297209524505761,0.5956826077490543,0.3177784953068679
96.325,-64.99456896817297,0.052971549030852806,0.5956833311268049,0.3177784143206428
96.35,-64.99465058952302,0.052971006287509434,0.595684060783213,0.3177783279673644
96.375,-64.99473160785998,0.05297046704395288,0.5956847966382037,0.3177782363136799
96.4,-64.99481201971747,0.05296993132840256,0.5956855386115765,0.31777813942617833
96.42500000000001,-64.99489182173566,0.05296939916837574,0.5956862866230166,0.3177780373713829
96.45,-64.99497101066056,0.05296887059069157,0.5956870405921066,0.31777793021574396
96.475,-64.99504958334337,0.0529683456214748,0.595687800438337,0.3177778180256321
96.5,-64.99512753673976,0.05296782428615991,0.5956885660811175,0.317777700867331
96.525,-64.99520486790917,0.05296730660949503,0.5956893374397878,0.3177775788070306
96.55000000000001,-64.9952815740141,0.05296679261554613,0.5956901144336286,0.3177774519108204
96.575,-64.99535765231947,0.05296628232770094,0.5956908969818722,0.31777732024468247
96.6,-64.99543310019178,0.05296577576867322,0.595691685003713,0.31777718387448506
96.625,-64.99550791509849,0.05296527296050685,0.5956924784183181,0.31777704286597586
96.65,-64.99558209460724,0.05296477392458009,0.5956932771448378,0.31777689728477565
96.67500000000001,-64.9956556363852,0.05296427868160983,0.5956940811024156,0.31777674719637167
96.7,-64.9957285381982,0.052963787251655854,0.5956948902101986,0.31777659266611163
96.725,-64.99580079791012,0.05296329965412517,0.5956957043873472,0.3177764337591971
96.75,-64.99587241348213,0.0529628159077764,0.5956965235530458,0.31777627054067775
96.775,-64.99594338297186,0.052962336030724026,0.5956973476265119,0.3177761030754447
96.80000000000001,-64.99601370453273,0.052961860040443016,0.5956981765270064,0.317775931428225
96.825,-64.99608337641317,0.05296138795377304,0.595699010173843,0.3177757556635757
96.85,-64.99615239695586,0.05296091978692321,0.5956998484863976,0.3177755758458775
96.875,-64.99622076459698,0.05296045555547634,0.595700691384118,0.3177753920393297
96.9,-64.99628847786543,0.052959995274393684,0.5957015387865331,0.31777520430794387
96.92500000000001,-64.99635553538208,0.05295953895801932,0.5957023906132624,0.3177750127155387
96.95,-64.99642193585896,0.0529590866200849,0.5957032467840244,0.31777481732573415
96.975,-64.99648767809856,0.05295863827371419,0.5957041072186464,0.31777461820194625
97.0,-64.99655276099298,0.05295819393142776,0.5957049718370732,0.31777441540738155
97.025,-64.9966171835232,0.05295775360514754,0.5957058405593754,0.31777420900503195
97.05000000000001,-64.99668094475824,0.052957317306201665,0.5957067133057589,0.31777399905766945
97.075,-64.99674404385448,0.052956885045329055,0.5957075899965728,0.31777378562784103
97.1,-64.99680648005473,0.05295645683268421,0.5957084705523183,0.31777356877786356
97.125,-64.99686825268756,0.05295603267784206,0.5957093548936571,0.31777334856981887
97.15,-64.99692936116647,0.052955612589802505,0.595710242941419,0.3177731250655487
97.17500000000001,-64.99698980498903,0.05295519657699544,0.5957111346166112,0.3177728983266503
97.2,-64.99704958373623,0.05295478464728553,0.5957120298404252,0.31777266841447105
97.225,-64.99710869707155,0.05295437680797693,0.5957129285342454,0.3177724353901044
97.25,-64.99716714474022,0.052953973065818206,0.5957138306196572,0.317772199314385
97.275,-64.99722492656839,0.05295357342700723,0.595714736018454,0.3177719602478841
97.30000000000001,-64.99728204246239,0.052953177897195974,0.5957156446526455,0.3177717182509054
97.325,-64.99733849240783,0.05295278648149556,0.5957165564444646,0.3177714733834804
97.35,-64.99739427646891,0.05295239918448106,0.5957174713163755,0.3177712257053643
97.375,-64.99744939478748,0.0529520160101964,0.5957183891910807,0.3177709752760318
97.4,-64.99750384758235,0.05295163696215935,0.595719309991528,0.31777072215467295
97.42500000000001,-64.99755763514844,0.05295126204336648,0.595720233640918,0.3177704664001889
97.45,-64.99761075785595,0.052950891256298066,0.5957211600627108,0.3177702080711882
97.475,-64.99766321614958,0.05295052460292312,0.5957220891806335,0.3177699472259829
97.5,-64.9977150105477,0.05295016208470442,0.5957230209186861,0.3177696839225845
97.525,-64.99776614164155,0.05294980370260332,0.5957239552011491,0.3177694182187002
97.55000000000001,-64.99781661009446,0.052949449457084956,0.5957248919525892,0.3177691501717296
97.575,-64.99786641664096,0.05294909934812308,0.5957258310978665,0.3177688798387605
97.6,-64.99791556208606,0.05294875337520519,0.595726772562141,0.31776860727656603
97.625,-64.99796404730438,0.05294841153733744,0.5957277162708782,0.31776833254160064
97.65,-64.99801187323934,0.05294807383304982,0.5957286621498556,0.317768055689997
97.67500000000001,-64.99805904090236,0.05294774026040106,0.5957296101251693,0.3177677767775625
97.7,-64.99810555137208,0.05294741081698369,0.5957305601232392,0.3177674958597762
97.725,-64.9981514057935,0.05294708549992912,0.5957315120708151,0.3177672129917856
97.75,-64.9981966053772,0.052946764305912636,0.595732465894983,0.3177669282284036
97.775,-64.99824115139852,0.05294644723115841,0.5957334215231701,0.31776664162410506
97.80000000000001,-64.99828504519675,0.05294613427144466,0.5957343788831511,0.3177663532330245
97.825,-64.99832828817435,0.052945825422108586,0.5957353379030527,0.31776606310895267
97.85,-64.99837088179606,0.05294552067805147,0.59573629851136,0.31776577130533407
97.875,-64.9984128275882,0.05294522003374372,0.5957372606369215,0.31776547787526405
97.9,-64.99845412713778,0.05294492348322989,0.5957382242089537,0.31776518287148603
97.92500000000001,-64.99849478209177,0.05294463102013372,0.5957391891570472,0.3177648863463891
97.95,-64.9985347941562,0.05294434263766322,0.5957401554111706,0.3177645883520054
97.975,-64.99857416509546,0.052944058328615665,0.5957411229016766,0.3177642889400075
98.0,-64.99861289673144,0.05294377808538267,0.5957420915593056,0.3177639881617063
98.025,-64.99865099094274,0.05294350189995518,0.5957430613151914,0.3177636860680484
98.05000000000001,-64.99868844966385,0.05294322976392855,0.5957440321008651,0.31776338270961396
98.075,-64.99872527488439,0.05294296166850753,0.5957450038482602,0.31776307813661436
98.1,-64.99876146864834,0.05294269760451128,0.5957459764897165,0.31776277239889034
98.125,-64.99879703305315,0.052942437562378354,0.5957469499579847,0.3177624655459096
98.15,-64.99883197024904,0.052942181532171805,0.5957479241862308,0.31776215762676496
98.17500000000001,-64.99886628243816,0.05294192950358414,0.5957488991080399,0.31776184869017243
98.2,-64.99889997187384,0.05294168146594224,0.5957498746574204,0.3177615387844692
98.225,-64.99893304085975,0.0529414374082124,0.595750850768808,0.317761227957612
98.25,-64.99896549174922,0.052941197319005324,0.5957518273770693,0.3177609162571752
98.275,-64.99899732694429,0.052940961186581044,0.5957528044175062,0.317760603730349
98.30000000000001,-64.99902854889508,0.052940728998853895,0.595753781825859,0.31776029042393816
98.325,-64.99905916009897,0.0529405007433975,0.5957547595383101,0.3177599763843602
98.35,-64.99908916309978,0.052940276407449624,0.5957557374914875,0.3177596616576438
98.375,-64.99911856048708,0.05294005597791718,0.5957567156224683,0.3177593462894276
98.4,-64.99914735489533,0.05293983944138105,0.5957576938687823,0.3177590303249586
98.42500000000001,-64.99917554900318,0.052939626784101065,0.5957586721684147,0.317758713809091
98.45,-64.9992031455327,0.05293941799202082,0.5957596504598094,0.31775839678628465
98.475,-64.99923014724855,0.05293921305077271,0.5957606286818722,0.3177580793006043
98.5,-64.9992565569573,0.05293901194568253,0.5957616067739739,0.31775776139571804
98.525,-64.99928237750666,0.05293881466177458,0.5957625846759529,0.3177574431148964
98.55000000000001,-64.99930761178469,0.05293862118377631,0.595763562328118,0.31775712450101123
98.575,-64.99933226271907,0.0529384314961233,0.5957645396712513,0.3177568055965348
98.6,-64.99935633327634,0.05293824558296387,0.5957655166466108,0.3177564864435389
98.625,-64.99937982646121,0.05293806342816406,0.5957664931959328,0.31775616708369386
98.65,-64.99940274531576,0.05293788501531227,0.5957674692614344,0.3177558475582679
98.67500000000001,-64.99942509291868,0.052937710327724055,0.5957684447858164,0.3177555279081263
98.7,-64.99944687238464,0.05293753934844692,0.5957694197122643,0.31775520817373043
98.725,-64.99946808686344,0.052937372060264984,0.5957703939844521,0.31775488839513777
98.75,-64.99948873953937,0.05293720844570367,0.5957713675465433,0.31775456861200063
98.775,-64.99950883363043,0.0529370484870345,0.5957723403431935,0.3177542488635661
98.80000000000001,-64.9995283723876,0.052936892166279566,0.5957733123195522,0.31775392918867534
98.825,-64.9995473590942,0.052936739465216334,0.5957742834212646,0.3177536096257631
98.85,-64.9995657970651,0.05293659036538225,0.5957752535944736,0.3177532902128575
98.875,-64.99958368964606,0.05293644484807939,0.5957762227858214,0.3177529709875796
98.9,-64.99960104021297,0.052936302894378943,0.5957771909424513,0.31775265198714325
98.92500000000001,-64.99961785217117,0.05293616448512582,0.5957781580120092,0.3177523332483548
98.95,-64.99963412895477,0.052936029600943284,0.595779123942645,0.3177520148076128
98.975,-64.99964987402593,0.052935898222237404,0.5957800886830142,0.317751696700908
99.0,-64.9996650908742,0.0529357703292016,0.5957810521822793,0.31775137896382344
99.025,-64.99967978301576,0.05293564590182105,0.5957820143901107,0.31775106163153405
99.05000000000001,-64.99969395399285,0.05293552491987731,0.5957829752566884,0.31775074473880693
99.075,-64.99970760737294,0.05293540736295264,0.5957839347327029,0.3177504283200014
99.1,-64.9997207467482,0.05293529321043443,0.5957848927693561,0.31775011240906903
99.125,-64.99973337573473,0.052935182441519686,0.5957858493183628,0.31774979703955386
99.15,-64.99974549797196,0.0529350750352193,0.5957868043319507,0.31774948224459265
99.17500000000001,-64.99975711712192,0.05293497097036255,0.5957877577628624,0.317749168056915
99.2,-64.9997682368686,0.052934870225601255,0.5957887095643553,0.3177488545088438
99.225,-64.99977886091736,0.05293477277941416,0.5957896596902026,0.3177485416322956
99.25,-64.99978899299417,0.05293467861011134,0.5957906080946939,0.3177482294587807
99.275,-64.99979863684503,0.05293458769583822,0.5957915547326359,0.31774791801940383
99.30000000000001,-64.99980779623532,0.05293450001458,0.5957924995593528,0.3177476073448648
99.325,-64.99981647494913,0.05293441554416581,0.5957934425306867,0.31774729746545866
99.35,-64.99982467678868,0.05293433426227289,0.5957943836029979,0.31774698841107646
99.375,-64.99983240557366,0.05293425614643075,0.5957953227331654,0.3177466802112057
99.4,-64.99983966514057,0.05293418117402533,0.5957962598785871,0.31774637289493124
99.42500000000001,-64.99984645934217,0.05293410932230305,0.5957971949971798,0.3177460664909357
99.45,-64.99985279204678,0.05293404056837491,0.5957981280473794,0.31774576102750024
99.475,-64.99985866713774,0.05293397488922066,0.5957990589881411,0.31774545653250563
99.5,-64.99986408851278,0.05293391226169268,0.595799987778939,0.31774515303343265
99.525,-64.99986906008338,0.05293385266252007,0.5958009143797666,0.3177448505573631
99.55000000000001,-64.99987358577422,0.05293379606831263,0.5958018387511358,0.3177445491309808
99.575,-64.99987766952258,0.05293374245556476,0.5958027608540777,0.3177442487805722
99.6,-64.99988131527769,0.0529336918006594,0.5958036806501414,0.3177439495320277
99.625,-64.99988452700025,0.05293364407987199,0.5958045981013946,0.3177436514108424
99.65,-64.99988730866176,0.05293359926937436,0.5958055131704225,0.31774335444211715
99.67500000000001,-64.99988966424397,0.05293355734523835,0.5958064258203276,0.31774305865055974
99.7,-64.99989159773833,0.052933518283439895,0.5958073360147292,0.3177427640604858
99.725,-64.9998931131454,0.052933482059862695,0.5958082437177631,0.3177424706958202
99.75,-64.99989421447431,0.052933448650301966,0.5958091488940802,0.3177421785800979
99.775,-64.99989490574215,0.05293341803046819,0.5958100515088469,0.3177418877364655
99.80000000000001,-64.9998951909735,0.05293339017599083,0.5958109515277437,0.31774159818768216
99.825,-64.99989507419984,0.052933365062422036,0.5958118489169645,0.31774130995612115
99.85,-64.99989455945897,0.052933342665240184,0.5958127436432159,0.3177410230637709
99.875,-64.99989365079452,0.05293332295985358,0.5958136356737163,0.3177407375322364
99.9,-64.99989235225542,0.05293330592160408,0.5958145249761949,0.31774045338274076
99.92500000000001,-64.99989066789536,0.05293329152577051,0.595815411518891,0.3177401706361263
99.95,-64.99988860177224,0.05293327974757239,0.5958162952705522,0.3177398893128562
99.975,-64.99988615794771,0.052933270562173285,0.5958171762004344,0.31773960943301577
100.0,-64.9998833404866,0.05293326394468431,0.5958180542782998,0.31773933101631424
