time_ms,voltage_mV,m,h,n,INa_uA_cm2,IK_uA_cm2,IL_uA_cm2
0.0,-65.0,0.05293248525724958,0.5961207535084603,0.3176769140606974,-0.6100285882327167,4.399733467282938,-3.1839
0.025,-65.01501976148113,0.052927693260553015,0.5961215257294344,0.31767638642647106,-0.609943367178851,4.394197361343819,-3.1884059284443382
0.05,-65.02979581953039,0.05291406854509761,0.5961238219024794,0.3176748185958546,-0.6095530984271518,4.388693198307846,-3.192838745859117
0.07500000000000001,-65.04433790144651,0.052892649425932414,0.596127612169341,0.3176722325511966,-0.6088940115525506,4.383218835294257,-3.197201370433953
0.1,-65.05865475531216,0.052864365837544,0.5961328677518846,0.3176686495018883,-0.6079987550413296,4.3777724351346645,-3.2014964265936485
0.125,-65.07275424984128,0.05283005048680407,0.5961395608507337,0.31766408995457557,-0.6068967039554561,4.372352434354838,-3.2057262749523843
0.15000000000000002,-65.08664346526987,0.052790448871917445,0.5961476645543384,0.3176585737761776,-0.6056142501090929,4.36695751394482,-3.2098930395809617
0.17500000000000002,-65.10032877587639,0.052746228280176395,0.5961571527575048,0.3176521202503788,-0.6041750735916903,4.3615865727542005,-3.2139986327629173
0.2,-65.11381592472924,0.0526979858665658,0.5961680000884867,0.31764474812821303,-0.6026003951784674,4.35623870334047,-3.218044777418771
0.225,-65.12711009125431,0.05264625590544405,0.5961801818438114,0.3176364756733109,-0.6009092096920172,4.350913170095588,-3.2220330273762925
0.25,-65.1402159522006,0.05259151629857551,0.5961936739300778,0.31762732070233485,-0.5991185007567753,4.345609389477235,-3.2259647856601816
0.275,-65.15313773655843,0.052534194414654845,0.5962084528120308,0.3176173006210819,-0.5972434376529318,4.340326912175977,-3.2298413209675303
0.30000000000000004,-65.16587927495685,0.05247467232807394,0.5962244954662761,0.31760643245669185,-0.5952975551532929,4.33506540705628,-3.233663782487055
0.325,-65.17844404403533,0.05241329151798305,0.5962417793400585,0.31759473288635953,-0.5932929173361288,4.329824646717711,-3.237433213210599
0.35000000000000003,-65.19083520625189,0.052350357082629015,0.5962602823145801,0.3175822182629125,-0.5912402664253814,4.324604494531731,-3.2411505618755667
0.375,-65.20305564555635,0.05228614151846351,0.5962799826723824,0.31756890463758053,-0.5891491577296906,4.319404893019122,-3.244816693666904
0.4,-65.21510799932435,0.05222088810855225,0.5963008590683662,0.3175548077802536,-0.5870280817437284,4.314225853442853,-3.2484323997973035
0.42500000000000004,-65.22699468691572,0.052154813960335215,0.5963228905040616,0.3175399431974941,-0.5848845744472355,4.309067446500734,-3.2519984060747147
0.45,-65.23871793518977,0.05208811272874333,0.5963460563048004,0.3175243261485441,-0.5827253167950907,4.303929794011664,-3.2555153805569303
0.47500000000000003,-65.25027980128131,0.05202095705703175,0.596370336099478,0.31750797165954264,-0.5805562243406189,4.298813061498061,-3.2589839403843923
0.5,-65.2616821929135,0.05195350076440283,0.5963957098026237,0.31749089453614854,-0.578382527877595,4.293717451575693,-3.262404657874049
0.525,-65.27292688649828,0.0518858808065332,0.5964221575985282,0.3174731093747415,-0.5762088459269737,4.288643198070004,-3.2657780659494846
0.55,-65.28401554325174,0.051818219032453504,0.5964496599272001,0.3174546305723584,-0.5740392498341149,4.283590560785386,-3.269104662975522
0.5750000000000001,-65.29494972352944,0.05175062375883387,0.5964781974719511,0.3174354723355045,-0.5718773221828602,4.2785598208608695,-3.272384917058832
0.6000000000000001,-65.30573089956741,0.05168319118056934,0.5965077511484271,0.3174156486879646,-0.569726209175066,4.273551276651908,-3.275619269870222
0.625,-65.31636046679569,0.051616006634622555,0.5965383020949245,0.3173951734777262,-0.5675886675690953,4.268565240083816,-3.2788081400387057
0.65,-65.32683975387508,0.05154914573233736,0.5965698316638455,0.31737406038311455,-0.5654671067185375,4.263602033427711,-3.281951926162523
0.675,-65.33717003159221,0.05148267537387113,0.5966023214141636,0.3173523229182294,-0.5633636262034878,4.258661986454738,-3.2850510094776624
0.7000000000000001,-65.34735252073457,0.05141665465698749,0.5966357531047848,0.31732997443776284,-0.5612800495011459,4.25374543392868,-3.288105756220372
0.7250000000000001,-65.3573883990547,0.05135113569118678,0.5966701086886995,0.3173070281412693,-0.5592179541002664,4.248852713401132,-3.2911165197164096
0.75,-65.3672788074212,0.05128616432701912,0.596705370307835,0.317283497076952,-0.5571786984251886,4.243984163277081,-3.29408364222636
0.775,-65.37702485524449,0.05122178080940482,0.5967415202885257,0.3172593941450212,-0.5551634458994429,4.239140121121935,-3.2970074565733456
0.8,-65.38662762525574,0.051158020362874916,0.5967785411375285,0.31723473210067565,-0.5531731864464206,4.234320922184092,-3.299888287576722
0.8250000000000001,-65.39608817770949,0.05109491371582345,0.5968164155385185,0.31720952355675186,-0.5512087556948433,4.229526898109782,-3.3027264533128458
0.8500000000000001,-65.40540755407262,0.05103248757012812,0.596855126349007,0.31718378098608074,-0.5492708521298062,4.224758375829349,-3.305522266221787
0.875,-65.4145867802563,0.05097076502183566,0.5968946565976301,0.3171575167235876,-0.5473600524056792,4.220015676596312,-3.30827603407689
0.9,-65.4236268694409,0.050909765938017035,0.5969349894817635,0.31713074296816685,-0.5454768250150235,4.215299115162462,-3.310988060832268
0.925,-65.43252882453919,0.05084950729436635,0.5969761083654211,0.3171034717843593,-0.5436215424876499,4.2106089990740285,-3.313658647361757
0.9500000000000001,-65.44129364033772,0.050790003477641316,0.5970179967774026,0.3170757151038577,-0.5417944922758907,4.20594562807559,-3.3162880921013156
0.9750000000000001,-65.44992230535236,0.05073126655661697,0.5970606384096575,0.3170474847268613,-0.5399958864659169,4.201309293609668,-3.3188766916057078
1.0,-65.45841580343013,0.050673306524841435,0.5971040171158376,0.31701879232330055,-0.538225870440275,4.1967002784013445,-3.321424741029038
1.0250000000000001,-65.4667751151257,0.05061613151814008,0.5971481169100125,0.31698964943394836,-0.5364845306036918,4.192118856118347,-3.3239325345377098
1.05,-65.4750012188783,0.050559748009506446,0.5971929219655251,0.31696006747143335,-0.534771901272346,4.187565291097994,-3.326400365663491
1.075,-65.48309509201165,0.05050416098374373,0.5972384166139694,0.3169300577211692,-0.5330879708162434,4.1830398381334,-3.3288285276034952
1.1,-65.49105771157721,0.050449374093973175,0.5972845853442706,0.3168996313422117,-0.5314326871347973,4.17854274231208,-3.3312173134731635
1.125,-65.49889005505896,0.050395389801905166,0.5973314128018542,0.31686879936805445,-0.5298059625372217,4.174074238900895,-3.3335670165176894
1.1500000000000001,-65.5065931009557,0.05034220950357011,0.5973788837878884,0.31683757270737223,-0.5282076780916946,4.169634553271842,-3.335877930286709
1.175,-65.51416782925531,0.05028983364202923,0.5974269832585904,0.3168059621447208,-0.5266376875004375,4.165223900863864,-3.338150348776594
1.2000000000000002,-65.52161522181387,0.05023826180842636,0.5974756963245836,0.3167739783412,-0.5250958205517461,4.1608424871763185,-3.340384566544162
1.225,-65.52893626265082,0.050187492832598574,0.5975250082502974,0.31674163183508697,-0.5235818861945124,4.156490507790252,-3.342580878795245
1.25,-65.53613193817054,0.05013752486433758,0.5975749044534018,0.31670893304244424,-0.5220956752759554,4.152168148413981,-3.344739581451162
1.2750000000000001,-65.54320323731936,0.05008835544627773,0.5976253705042686,0.316675892257709,-0.5206369629788336,4.147875584949951,-3.346860971195808
1.3,-65.55015115168584,0.05003998157928551,0.5976763921254543,0.3166425196542666,-0.5192055109905773,4.143612983580104,-3.348945345505751
1.3250000000000002,-65.55697667555182,0.04999239978113315,0.5977279551911978,0.31660882528501283,-0.5178010694332484,4.139380500867262,-3.350993002665547
1.35,-65.56368080590035,0.04994560613915698,0.5977800457269288,0.3165748190829076,-0.5164233785801438,4.135178283870417,-3.353004241770104
1.375,-65.57026454238621,0.04989959635752808,0.5978326499087832,0.3165405108615235,-0.5150721703820779,4.131006470271905,-3.3549793627158633
1.4000000000000001,-65.5767288872742,0.04985436579969623,0.5978857540631208,0.3165059103155914,-0.5137471698238799,4.126865188514793,-3.35691866618226
1.425,-65.58307484534946,0.0498099095265104,0.5979393446660437,0.31647102702154495,-0.5124480961294602,4.122754557948884,-3.358822453604837
1.4500000000000002,-65.58930342380394,0.049766222330465085,0.5979934083429106,0.3164358704380663,-0.5111746638317811,4.118674688983994,-3.360691027141182
1.475,-65.59541563210252,0.04972329876647566,0.5980479318678472,0.31640044990663424,-0.5099265837223436,4.114625683249275,-3.3625246896307543
1.5,-65.60141248183177,0.04968113317954285,0.598102902163249,0.316364774652076,-0.5087035636931929,4.110607633757492,-3.3643237445495315
1.5250000000000001,-65.60729498653443,0.04963971972962905,0.5981583062992756,0.31632885378312425,-0.5075053094830644,4.106620625073267,-3.366088495960328
1.55,-65.61306416153158,0.049599052414035595,0.5982141314933344,0.3162926962929796,-0.5063315253380298,4.102664733484504,-3.3678192484594747
1.5750000000000002,-65.61872102373528,0.04955912508753899,0.5982703651095544,0.31625631105988,-0.5051819145958839,4.098740027176117,-3.3695163071205827
1.6,-65.62426659145295,0.04951993148051805,0.5983269946582469,0.3162197068476769,-0.5040561802025194,4.094846566405507,-3.3711799774358853
1.625,-65.62970188418578,0.04948146521527844,0.5983840077953535,0.3161828923064194,-0.5029540251676384,4.090984403679097,-3.372810565255733
1.6500000000000001,-65.63502792242218,0.049443719820760824,0.5984413923218812,0.31614587597294624,-0.5018751529663776,4.08715358392947,-3.3744083767266546
1.675,-65.64024572742792,0.049406688745797796,0.5984991361833236,0.31610866627148626,-0.5008192678926807,4.083354144692588,-3.375973718228377
1.7000000000000002,-65.64535632103396,0.049370365371068786,0.5985572274690678,0.31607127151426706,-0.4997860753696589,4.079586116284697,-3.3775068963101873
1.725,-65.65036072542298,0.04933474301988599,0.5986156544117871,0.3160336999021324,-0.4987752822215992,4.075849521978579,-3.3790082176268954
1.75,-65.65525996291565,0.049299814967930004,0.5986744053868195,0.31599595952516835,-0.4977865969117655,4.072144378178797,-3.380477988874695
1.7750000000000001,-65.66005505575716,0.04926557445204221,0.5987334689115317,0.3159580583633377,-0.496819729749714,4.068470694595691,-3.3819165167271463
1.8,-65.664747025905,0.049232014678169365,0.5987928336446688,0.3159200042871232,-0.4958743930714345,4.064828474417815,-3.3833241077715
1.8250000000000002,-65.6693368948183,0.049199128828545685,0.59885248838569,0.31588180505817925,-0.4949503013952595,4.061217714482726,-3.38470106844549
1.85,-65.67382568324942,0.04916691006818984,0.5989124220740898,0.31584346832999194,-0.4940471715562081,4.057638405445805,-3.386047704974825
1.875,-65.67821441103817,0.04913535155078421,0.5989726237887057,0.3158050016485468,-0.4931647228210761,4.054090531947014,-3.3873643233114508
1.9000000000000001,-65.68250409690903,0.04910444642399927,0.5990330827470128,0.3157664124530051,-0.49230267698641444,4.050574072775488,-3.388651229072708
1.925,-65.68669575827174,0.049074187834317336,0.5990937883044045,0.31572770807638734,-0.4914607584612483,4.047089001031762,-3.3899087274815214
1.9500000000000002,-65.69079041102545,0.049044568931405186,0.5991547299534604,0.3156888957462649,-0.4906386943362104,4.04363528428763,-3.3911371233076335
1.975,-65.69478906936678,0.04901558287208028,0.599215897323202,0.315649982585458,-0.48983621444060216,4.040212884743434,-3.392336720810033
2.0,-65.69869274560187,0.048987222823909826,0.599277280178336,0.3156109756127415,-0.4890530513887014,4.036821759382862,-3.393507823680562
2.025,-65.70250244996264,0.04895948196847819,0.5993388684184856,0.31557188174355666,-0.4882889406165047,4.033461860125069,-3.3946507349887907
2.0500000000000003,-65.70621919042736,0.04893235350435533,0.5994006520774107,0.31553270779073006,-0.48754362040999544,4.030133133974141,-3.3957657571282085
2.075,-65.70984397254567,0.048905830649794084,0.5994626213222168,0.3154934604651979,-0.48681683192586045,4.026835523165879,-3.3968531917637006
2.1,-65.71337779926807,0.0488799066451823,0.599524766452554,0.3154541463767366,-0.4861083192055142,4.023568965311829,-3.397913339780422
2.125,-65.71682167077996,0.048854574755273335,0.5995870778998045,0.3154147720346987,-0.48541782918320336,4.020333393540593,-3.398946501233989
2.15,-65.72017658434032,0.04882982827121479,0.5996495462262615,0.31537534384875415,-0.4847451116888415,4.017128736636361,-3.3999529753020963
2.1750000000000003,-65.72344353412493,0.04880566051239514,0.5997121621242987,0.3153358681296364,-0.48408991944621327,4.0139549191747195,-3.4009330602374774
2.2,-65.72662351107424,0.048782064828124166,0.5997749164155299,0.31529635108989296,-0.483452008067063,4.0108118616556805,-3.401887053322271
2.225,-65.72971750274587,0.048759034599162664,0.5998378000499616,0.3152567988446409,-0.4828311360415633,4.007699480633995,-3.402815250823761
2.25,-65.73272649317167,0.04873656323911514,0.5999008041051359,0.31521721741232567,-0.4822270647256029,4.004617688846702,-3.4037179479515003
2.275,-65.73565146271936,0.048714644195697085,0.5999639197852671,0.3151776127154839,-0.4816395583252592,4.001566395337972,-3.4045954388158077
2.3000000000000003,-65.73849338795868,0.048693270951888565,0.6000271384203703,0.31513799058151004,-0.4810683838788279,3.99854550558128,-3.405448016387605
2.325,-65.74125324153205,0.04867243702698349,0.6000904514653832,0.3150983567434256,-0.4805133112366975,3.9955549215988646,-3.4062759724596146
2.35,-65.74393199202963,0.048652135977543816,0.6001538504992822,0.31505871684065184,-0.47997411303935894,3.99259454207857,-3.4070795976088886
2.375,-65.7465306038688,0.04863236139826658,0.6002173272241909,0.3150190764197845,-0.4794505646937901,3.989664262488048,-3.4078591811606413
2.4000000000000004,-65.74905003717794,0.04861310692277116,0.6002808734644846,0.3149794409353715,-0.4789424443484401,3.986763975186394,-3.408615011153381
2.4250000000000003,-65.75149124768443,0.048594366224313214,0.6003444811658887,0.31493981575069224,-0.4784495328670067,3.983893569533178,-3.409347374305328
2.45,-65.7538551866069,0.048576133016431315,0.600408142394572,0.31490020613853914,-0.47797161380118725,3.9810529319950207,-3.4100565559820692
2.475,-65.75614280055159,0.04855840105353193,0.6004718493362358,0.31486061728200043,-0.4775084733625649,3.9782419462496015,-3.410742840165476
2.5,-65.75835503141268,0.04854116413141708,0.6005355942951988,0.31482105427524454,-0.47705990039375895,3.9754604932872746,-3.4114065094238026
2.5250000000000004,-65.76049281627667,0.048524416087759724,0.6005993696934779,0.3147815221243055,-0.4766256863389811,3.97270845151024,-3.412047844883
2.5500000000000003,-65.76255708733062,0.04850815080253035,0.6006631680698661,0.3147420257478691,-0.47620562521409576,3.969985696829326,-3.4126671261991857
2.575,-65.76454877177426,0.048492362198379095,0.6007269820790058,0.31470256997806,-0.4757995135763033,3.9672921027584445,-3.4132646315322774
2.6,-65.76646879173572,0.048477044240975785,0.6007908044904612,0.3146631595612291,-0.4754071504935097,3.9646275405067466,-3.4138406375207153
2.625,-65.76831806419106,0.04846219093931207,0.6008546281877867,0.3146237991587408,-0.475028337513497,3.9619918790684854,-3.414395419257319
2.6500000000000004,-65.7700975008873,0.048447796345967374,0.6009184461675934,0.3145844933477609,-0.4746628786329333,3.959384985310698,-3.4149292502661908
2.6750000000000003,-65.77180800826895,0.04843385455734197,0.600982251538614,0.3145452466220439,-0.47431058026631107,3.9568067240586675,-3.4154424024806844
2.7,-65.77345048740803,0.04842035971385905,0.6010460375207658,0.31450606339271997,-0.47397125121485884,3.9542569581792435,-3.415935146222408
2.725,-65.77502583393735,0.04840730600013804,0.6011097974442123,0.31446694798908126,-0.47364470263547626,3.9517355486620804,-3.4164077501812042
2.75,-65.77653493798715,0.04839468764514124,0.6011735247484239,0.3144279046593677,-0.47333074800974806,3.9492423546987814,-3.416860481396145
2.7750000000000004,-65.77797868412486,0.04838249892229543,0.6012372129812373,0.3143889375715517,-0.47302920311306795,3.946777233760035,-3.417293605237458
2.8000000000000003,-65.77935795129798,0.0483707341495898,0.6013008557979151,0.31435005081412143,-0.4727398859839015,3.9443400416707597,-3.4177073853893942
2.825,-65.78067361278005,0.048359387689652616,0.6013644469602045,0.3143112483968635,-0.4724626168932477,3.941930632683293,-3.4181020838340146
2.85,-65.78192653611951,0.04834845394980705,0.6014279803353959,0.3142725342516435,-0.47219721831429445,3.9395488595486965,-3.4184779608358538
2.875,-65.78311758309151,0.04833792738210788,0.6014914498953822,0.31423391223318536,-0.4719435148923108,3.937194573586169,-3.418835274927453
2.9000000000000004,-65.7842476096525,0.04832780248336046,0.6015548497157177,0.3141953861198489,-0.47170133341479803,3.9348676247506287,-3.4191742828957485
2.9250000000000003,-65.78531746589755,0.04831807379512246,0.6016181739746785,0.3141569596144051,-0.47147050278190544,3.932567861698528,-3.4194952397692644
2.95,-65.78632799602038,0.04830873590369035,0.601681416952323,0.3141186363448101,-0.47125085397715183,3.9302951318518926,-3.4197983988061122
2.975,-65.78728003827592,0.04829978344007044,0.6017445730295538,0.31408041986497603,-0.4710422200384367,3.928049281460652,-3.420084011482777
3.0,-65.78817442494552,0.048291211079936364,0.6018076366871805,0.3140423136555405,-0.47084443602938136,3.9258301556632786,-3.420352327483657
3.0250000000000004,-65.78901198230444,0.048283013543573304,0.6018706025049846,0.3140043211246328,-0.47065733901099516,3.923637598545814,-3.420603594691333
3.0500000000000003,-65.78979353059192,0.04827518559580991,0.6019334651607853,0.3139664456086384,-0.47048076801368344,3.9214714531992585,-3.4208380591775764
3.075,-65.79051988398344,0.048267722045938356,0.6019962194295071,0.31392869037295995,-0.4703145640095944,3.9193315617753988,-3.4210559651950305
3.1,-65.79119185056531,0.04826061774762389,0.6020588601822502,0.3138910586127761,-0.47015856988533256,3.917217765541107,-3.421257555169593
3.125,-65.79181023231148,0.04825386759880365,0.6021213823853621,0.31385355345379706,-0.4700126304150199,3.9151299049311343,-3.4214430696934426
3.1500000000000004,-65.79237582506238,0.04824746654157605,0.6021837810995117,0.3138161779530174,-0.469876592233728,3.9130678195994357,-3.4216127475187137
3.1750000000000003,-65.79288941850596,0.04824140956208089,0.6022460514787662,0.31377893509946564,-0.46975030381127497,3.911031348469065,-3.421766825551789
3.2,-65.79335179616068,0.048235691690370903,0.6023081887696706,0.3137418278149506,-0.46963361542639287,3.9090203297806725,-3.421905538848203
3.225,-65.79376373536044,0.04823030800027522,0.6023701883103294,0.3137048589548046,-0.46952637914126844,3.9070346011396238,-3.4220291206081326
3.25,-65.79412600724147,0.04822525360925504,0.6024320455294916,0.31366803130862336,-0.46942844877645473,3.905073999561811,-3.422137802172442
3.2750000000000004,-65.794439376731,0.0482205236782523,0.6024937559456386,0.31363134760100214,-0.4693396798861592,3.903138361518127,-3.4222318130193017
3.3000000000000003,-65.79470460253778,0.048216113411531515,0.6025553151660754,0.31359481049226856,-0.4692599297339076,3.9012275229776914,-3.422311380761333
3.325,-65.79492243714424,0.04821201805651526,0.602616718886025,0.31355842257921185,-0.4691890572685813,3.899341319449824,-3.4223767311432707
3.35,-65.79509362680047,0.0482082329036135,0.6026779628877259,0.31352218639580826,-0.4691269231008222,3.8974795860248044,-3.422428088040139
3.375,-65.79521891151968,0.04820475328604753,0.6027390430395335,0.313486104413943,-0.46907338947981786,3.8956421574134716,-3.4224656734559047
3.4000000000000004,-65.79529902507537,0.048201574579668366,0.602799955295025,0.31345017904412786,-0.4690283202704482,3.893828867985639,-3.4224897075226095
3.4250000000000003,-65.79533469499988,0.04819869220277052,0.6028606956921075,0.31341441263621567,-0.46899158093081267,3.8920395518074073,-3.422500408499964
3.45,-65.7953266425846,0.048196101615900634,0.6029212603521313,0.3133788074801101,-0.46896303849010756,3.8902740426773788,-3.422497992775379
3.475,-65.79527558288146,0.04819379832166223,0.6029816454790053,0.3133433658064719,-0.4689425615268815,3.888532174161779,-3.4224826748644372
3.5,-65.7951822247059,0.04819177786451606,0.6030418473583177,0.3133080897874209,-0.4689300201476438,3.886813779628571,-3.422454667411769
3.5250000000000004,-65.79504727064113,0.04819003583057662,0.6031018623564601,0.31327298153723426,-0.4689252859658279,3.885118692280528,-3.42241418119234
3.5500000000000003,-65.79487141704375,0.048188567847405335,0.6031616869197566,0.31323804311303993,-0.46892823208111883,3.883446745187327,-3.422361425113125
3.575,-65.79465535405052,0.04818736958380018,0.6032213175735958,0.3132032765155065,-0.46893873305912304,3.881797771316672,-3.4222966062151556
3.6,-65.79439976558648,0.04818643674958229,0.6032807509215686,0.3131686836895286,-0.4689566649113898,3.8801716035644747,-3.4222199296759426
3.625,-65.79410532937412,0.04818576509537967,0.6033399836446097,0.3131342665249079,-0.4689819050757755,3.8785680747841282,-3.4221315988122356
3.6500000000000004,-65.7937727169438,0.04818535041240817,0.6033990125001429,0.31310002685703003,-0.4690143323971457,3.87698701781487,-3.4220318150831415
3.6750000000000003,-65.79340259364515,0.04818518853225013,0.6034578343212326,0.3130659664675371,-0.46905382710841864,3.87542826550931,-3.421920778093546
3.7,-65.7929956186596,0.04818527532663058,0.603516446015738,0.3130320870849955,-0.4691002708119361,3.8738916507600587,-3.4217986855978806
3.725,-65.7925524450139,0.048185606707191374,0.6035748445654735,0.31299839038555993,-0.4691535464611621,3.8723770065255905,-3.421665733504169
3.75,-65.79207371959464,0.04818617862526354,0.603633027025373,0.31296487799363226,-0.4692135383427122,3.870884165855255,-3.4215221158783917
3.7750000000000004,-65.79156008316373,0.04818698707163754,0.6036909905226594,0.3129315514825165,-0.4692801320586906,3.869412961913537,-3.421368024949119
3.8000000000000003,-65.79101217037477,0.048188028076332275,0.603748732256018,0.31289841237506905,-0.4693532145093553,3.8679632280035374,-3.421203651112431
3.825,-65.79043060979028,0.04818929770836242,0.6038062494947761,0.3128654621443443,-0.46943267387608495,3.866534797589737,-3.421029182937083
3.85,-65.78981602389983,0.048190792075504384,0.6038635395780867,0.312832702214236,-0.46951839960465447,3.8651275043200144,-3.4208448071699493
3.875,-65.789169029139,0.04819250732406134,0.6039205999141168,0.3128001339601137,-0.46961028238881775,3.8637411820469647,-3.4206507087417006
3.9000000000000004,-65.78849023590904,0.048194439638626976,0.603977427979242,0.312767758709455,-0.469708214154181,3.862375664848567,-3.420447070772711
3.9250000000000003,-65.78778024859734,0.048196585241848534,0.6040340213172445,0.31273557774247296,-0.46981208804237856,3.8610307870481515,-3.4202340745792026
3.95,-65.78703966559868,0.048198940394188684,0.6040903775385174,0.31270359229273886,-0.46992179839552367,3.8597063832337386,-3.4200118996796047
3.975,-65.78626907933706,0.04820150139368712,0.6041464943192731,0.3126718035478007,-0.4700372407409577,3.858402288276761,-3.419780723801118
4.0,-65.7854690762883,0.04820426457572144,0.6042023694007583,0.31264021264979663,-0.4701583117762758,3.8571183373501494,-3.419540722886488
4.025,-65.78464023700325,0.048207226312767304,0.604258000588472,0.312608820696064,-0.47028490935461964,3.85585436594584,-3.419292071100973
4.05,-65.7837831361316,0.04821038301415855,0.6043133857513907,0.31257762873974365,-0.4704169324702527,3.8546102098917125,-3.419034940839481
4.075,-65.78289834244636,0.04821373112584704,0.6043685228211975,0.3125466377903799,-0.4705542812444015,3.853385705367958,-3.4187695027339076
4.1000000000000005,-65.78198641886874,0.04821726713016182,0.604423409791517,0.3125158488145152,-0.470696856911346,3.852180688922902,-3.418495925660622
4.125,-65.7810479224938,0.04822098754556877,0.6044780447171552,0.3124852627362808,-0.47084456180478396,3.8509949974882876,-3.418214376748139
4.15,-65.78008340461642,0.04822488892642991,0.6045324257133445,0.31245488043798236,-0.47099729934444123,3.8498284683940778,-3.4179250213849257
4.175,-65.77909341075788,0.048228967862762824,0.6045865509549948,0.31242470276068113,-0.4711549740229328,3.848680939382729,-3.417628023227364
4.2,-65.77807848069291,0.04823322098000016,0.6046404186759484,0.3123947305047702,-0.47131749139286727,3.8475522486229665,-3.4173235442078735
4.2250000000000005,-65.77703914847713,0.04823764493874936,0.6046940271682417,0.3123649644305464,-0.47148475805419227,3.8464422347231375,-3.4170117445431387
4.25,-65.77597594247497,0.04824223643455276,0.604747374781371,0.3123354052587774,-0.4716566816417812,3.8453507367440545,-3.416692782742491
4.275,-65.77488938538804,0.04824699219764778,0.6048004599215643,0.312306053671264,-0.471833170813244,3.8442775942114187,-3.4163668156164104
4.3,-65.77377999428376,0.04825190899272775,0.6048532810510584,0.31227691031139815,-0.47201413523697344,3.8432226471278197,-3.4160339982851267
4.325,-65.77264828062455,0.04825698361870299,0.6049058366873807,0.3122479757847158,-0.4721994855804105,3.8421857359842817,-3.415694484187365
4.3500000000000005,-65.77149475029722,0.04826221290846244,0.6049581254026374,0.31221925065944583,-0.47238913349853046,3.8411667017714475,-3.4153484250891664
4.375,-65.77031990364277,0.04826759372863587,0.6050101458228054,0.3121907354670535,-0.4725829916225446,3.840165385990318,-3.4149959710928313
4.4,-65.76912423548649,0.04827312297935665,0.6050618966270315,0.31216243070278005,-0.4727809735488154,3.839181630662654,-3.414637270645946
4.425,-65.76790823516835,0.048278797594025265,0.6051133765469351,0.31213433682617714,-0.47298299382797865,3.8382152783409755,-3.4142724705505043
4.45,-65.76667238657373,0.04828461453907318,0.6051645843659175,0.312106454261637,-0.4731889679542627,3.837266172118206,-3.413901715972119
4.4750000000000005,-65.76541716816436,0.04829057081372791,0.6052155189184757,0.312078783398918,-0.473398812355019,3.8363341556369708,-3.4135251504493085
4.5,-65.76414305300953,0.048296663449778655,0.6052661790895222,0.3120513245936651,-0.47361244438044414,3.835419073098548,-3.41314291590286
4.525,-65.76285050881756,0.048302889511342435,0.6053165638137094,0.3120240781679267,-0.4738297822934844,3.8345207692714975,-3.412755152645269
4.55,-65.76153999796747,0.04830924609463151,0.6053666720747597,0.31199704441066606,-0.4740507452599415,3.8336390894999597,-3.4123619993902423
4.575,-65.76021197754089,0.04831573032772145,0.6054165029048011,0.3119702235782686,-0.4742752533387575,3.8327738797116506,-3.411963593262267
4.6000000000000005,-65.7588668993541,0.0483223393703201,0.6054660553837075,0.3119436158950446,-0.47450322747247947,3.831924986425557,-3.4115600698062307
4.625,-65.75750520999038,0.048329070413537484,0.6055153286384447,0.3119172215537273,-0.4747345894779016,3.8310922567593204,-3.411151562997115
4.65,-65.75612735083236,0.04833592067965666,0.6055643218424216,0.3118910407159666,-0.4749692620368811,3.8302755384363723,-3.4107382052497073
4.675,-65.75473375809469,0.048342887421905595,0.6056130342148467,0.31186507351281834,-0.47520716868732593,3.829474679792754,-3.410320127428406
4.7,-65.75332486285674,0.04834996792422995,0.6056614650200896,0.31183932004522885,-0.47544823381434514,3.8286895297837065,-3.409897458857023
4.7250000000000005,-65.75190109109553,0.0483571595010671,0.6057096135670478,0.31181378038451535,-0.475692382641569,3.8279199379899715,-3.4094703273286595
4.75,-65.75046286371868,0.048364459497120725,0.6057574792085192,0.31178845457284177,-0.4759395412226151,3.8271657546238607,-3.4090388591156042
4.775,-65.74901059659754,0.04837186528713703,0.605805061340579,0.3117633426236901,-0.47618963643272705,3.8264268305350764,-3.408603178979263
4.800000000000001,-65.74754470060043,0.0483793742756817,0.6058523594019624,0.31173844452232746,-0.4764425959605561,3.8257030172162927,-3.4081634101801286
4.825,-65.7460655816259,0.04838698389691787,0.6058993728734522,0.31171376022626884,-0.4766983483000896,3.8249941668085214,-3.4077196744877694
4.8500000000000005,-65.74457364063615,0.04839469161438553,0.6059461012772719,0.3116892896657352,-0.4769568227427368,3.8243001321062366,-3.407272092190844
4.875,-65.7430692736905,0.04840249492078183,0.6059925441764832,0.3116650327441076,-0.4772179493695488,3.8236207665622945,-3.406820782107148
4.9,-65.74155287197885,0.04841039133774233,0.6060387011743895,0.31164098933837675,-0.4774816590435767,3.8229559242926623,-3.406365861593656
4.925000000000001,-65.74002482185536,0.04841837841562391,0.6060845719139439,0.31161715929958833,-0.47774788340237717,3.8223054600809068,-3.405907446556607
4.95,-65.73848550487193,0.04842645373328822,0.6061301560771627,0.3115935424532841,-0.47801655485063943,3.821669229382528,-3.405445651461579
4.9750000000000005,-65.73693529781195,0.048434614897886766,0.6061754533845434,0.31157013859993854,-0.4782876065529509,3.821047088329086,-3.404980589343586
5.0,-65.73537457272397,0.04844285954464685,0.6062204635944884,0.31154694751539164,-0.4785609724266877,3.8204388937321285,-3.404512371817191
5.025,-65.73380369695535,0.04845118533665891,0.6062651865027336,0.31152396895127704,-0.4788365871350316,3.819844503086976,-3.4040411090866045
5.050000000000001,-65.73222303318602,0.04845958996466489,0.6063096219417815,0.31150120263544634,-0.4791143860801082,3.819263774576313,-3.403566909955805
5.075,-65.73063293946218,0.048468071146847785,0.6063537697803398,0.3114786482723889,-0.4793943053962422,3.818696567073607,-3.4030898818386546
5.1000000000000005,-65.72903376923004,0.04847662662862245,0.606397629922765,0.31145630554364784,-0.47967628194333173,3.818142740146382,-3.4026101307690126
5.125,-65.72742587136949,0.04848525418242749,0.6064412023085104,0.3114341741082315,-0.4799602533003343,3.8176021540593235,-3.402127761410847
5.15,-65.7258095902278,0.048493951607518404,0.6064844869115797,0.31141225360302127,-0.4802461577588636,3.8170746697772535,-3.401642877068339
5.175000000000001,-65.7241852656533,0.04850271672976206,0.6065274837399852,0.311390543643175,-0.48053393431690056,3.8165601489679206,-3.401155579695991
5.2,-65.72255323302903,0.04851154740143199,0.6065701928352106,0.3113690438225263,-0.48082352267259887,3.8160584540046907,-3.4006659699087094
5.2250000000000005,-65.72091382330632,0.048520441501005304,0.6066126142716793,0.3113477537139802,-0.4811148632182051,3.815569447969069,-3.4001741469918954
5.25,-65.71926736303838,0.04852939693296043,0.606654748156227,0.3113266728699044,-0.4814078970340694,3.815092994653099,-3.399680208911515
5.275,-65.71761417441382,0.04853841162757627,0.6066965946275793,0.3113058008225166,-0.48170256588276195,3.814628958561642,-3.3991842523241473
5.300000000000001,-65.71595457529011,0.04854748354073252,0.6067381538558341,0.31128513708426797,-0.48199881220328183,3.8141772049145195,-3.3986863725870333
5.325,-65.71428887922701,0.04855661065371107,0.6067794260419487,0.3112646811482228,-0.4822965791053603,3.813737599648534,-3.3981866637681035
5.3500000000000005,-65.71261739551994,0.0485657909729987,0.606820411417232,0.31124443248843386,-0.4825958103638526,3.8133100094193786,-3.3976852186559823
5.375,-65.71094042923326,0.048575022530090835,0.6068611102428406,0.3112243905603141,-0.48289645041322066,3.8128943016034316,-3.397182128769978
5.4,-65.70925828123347,0.04858430338129661,0.6069015228092808,0.31120455480100445,-0.48319844434210246,3.8124903442994467,-3.396677484370042
5.425000000000001,-65.70757124822244,0.048593631607545006,0.6069416494359137,0.31118492462973785,-0.48350173788796347,3.8120980063301153,-3.396171374466731
5.45,-65.70587962277035,0.04860300531419221,0.6069814904704666,0.3111654994481992,-0.48380627743183213,3.811717157243562,-3.3956638868311058
5.4750000000000005,-65.70418369334885,0.04861242263083011,0.6070210462885478,0.31114627864088185,-0.48411200999311427,3.8113476673146973,-3.3951551080046554
5.5,-65.70248374436383,0.04862188171109589,0.6070603172931669,0.31112726157543996,-0.4844188832244826,3.8109894075465087,-3.3946451233091492
5.525,-65.7007800561883,0.048631380732483034,0.6070993039142586,0.31110844760303746,-0.4847268454068517,3.8106422496712447,-3.3941340168564875
5.550000000000001,-65.69907290519508,0.04864091789615301,0.6071380066082123,0.31108983605869295,-0.48503584544440964,3.8103060661514987,-3.393621871558524
5.575,-65.6973625637895,0.048650491426748654,0.6071764258574049,0.31107142626162104,-0.4853458328597405,3.8099807301812194,-3.3931087691368487
5.6000000000000005,-65.69564930044183,0.04866009957220814,0.6072145621697397,0.3110532175155702,-0.4856567577889991,3.809666115686635,-3.3925947901325486
5.625,-65.6939333797198,0.04866974060358059,0.6072524160781877,0.3110352091091565,-0.4859685709771691,3.809362097327074,-3.392080013915938
5.65,-65.69221506232086,0.04867941281484238,0.6072899881403355,0.3110174003161942,-0.486281223773374,3.809068550495736,-3.3915645186962564
5.675000000000001,-65.69049460510445,0.04868911452271479,0.6073272789379363,0.3109997903960223,-0.48659466812626,3.8087853513203545,-3.391048381531334
5.7,-65.68877226112404,0.04869884406648271,0.6073642890764651,0.31098237859382805,-0.4869088565794384,3.8085123766638227,-3.390531678337213
5.7250000000000005,-65.6870482796592,0.04870859980781444,0.6074010191846797,0.3109651641409661,-0.48722374226698784,3.808249504124697,-3.390014483897758
5.75,-65.68532290624738,0.048718380130582675,0.6074374699141845,0.31094814625527506,-0.4875392789090221,3.80799661203768,-3.3894968718742136
5.775,-65.68359638271576,0.04872818344068631,0.607473641938999,0.3109313241413897,-0.48785542080730093,3.807753579473986,-3.3889789148147287
5.800000000000001,-65.68186894721286,0.04873800816587366,0.6075095359551318,0.31091469699105023,-0.4881721228409122,3.8075202862416817,-3.3884606841638587
5.825,-65.68014083424002,0.04874785275556647,0.6075451526801569,0.31089826398340786,-0.4884893404619952,3.807296612885935,-3.387942250272006
5.8500000000000005,-65.67841227468283,0.048757715680685196,0.6075804928527955,0.3108820242853269,-0.48880702969152523,3.8070824406892143,-3.387423682404848
5.875,-65.6766834958424,0.04876759543347513,0.6076155572325023,0.3108659770516837,-0.4891251471151418,3.806877651671414,-3.386905048752719
5.9,-65.67495472146646,0.048777490527333836,0.6076503465990546,0.3108501214256617,-0.48944364987903344,3.806682128589943,-3.386386416439939
5.925000000000001,-65.67322617178044,0.04878739949663932,0.6076848617521471,0.3108344565390439,-0.48976249568586144,3.8064957549397263,-3.3858678515341323
5.95,-65.67149806351826,0.048797320896579434,0.6077191035109896,0.31081898151250104,-0.4900816427907363,3.8063184149531772,-3.3853494190554767
5.9750000000000005,-65.66977060995313,0.04880725330298228,0.6077530727139097,0.3108036954558772,-0.4904010499972383,3.8061499936000933,-3.38483118298594
6.0,-65.66804402092816,0.04881719531214756,0.6077867702179589,0.31078859746847176,-0.49072067665347924,3.8059903765875194,-3.384313206278449
6.025,-65.66631850288682,0.04882714554067882,0.6078201968985236,0.31077368663931815,-0.49104048264820305,3.805839450359542,-3.383795550866047
6.050000000000001,-65.66459425890329,0.048837102625317146,0.607853353648939,0.31075896204745945,-0.491360428406941,3.8056971020970414,-3.3832782776709878
6.075,-65.66287148871264,0.048847065222775196,0.6078862413801079,0.31074442276222053,-0.49168047488818645,3.8055632197174005,-3.3827614466137916
6.1000000000000005,-65.66115038874091,0.048857032009572636,0.6079188610201236,0.3107300678434773,-0.4920005835796216,3.805437691874155,-3.382245116622272
6.125,-65.65943115213503,0.04886700168187253,0.6079512135138955,0.3107158963419224,-0.49232071649437903,3.8053204079566005,-3.381729345640508
6.15,-65.6577139687926,0.04887697295531847,0.6079832998227802,0.3107019072993283,-0.49264083616733395,3.805211258089359,-3.3812141906377815
6.175000000000001,-65.65599902539155,0.04888694456487285,0.6080151209242158,0.31068809974880646,-0.492960905651436,3.8051101331319015,-3.3806997076174654
6.2,-65.65428650541956,0.04889691526465602,0.6080466778113596,0.3106744727150642,-0.4932808885140718,3.8050169246780245,-3.3801859516258688
6.2250000000000005,-65.65257658920352,0.04890688382778638,0.6080779714927304,0.310661025214658,-0.4936007488334618,3.8049315250552733,-3.379672976761056
6.25,-65.65086945393864,0.04891684904622134,0.6081090029918544,0.31064775625624386,-0.49392045119508443,3.8048538273243633,-3.3791608361815917
6.275,-65.64916527371759,0.04892680973059935,0.6081397733469152,0.3106346648408246,-0.4942399606881366,3.8047837252785026,-3.3786495821152753
6.300000000000001,-65.64746421955934,0.04893676471008251,0.6081702836104064,0.31062174996199415,-0.4945592429020117,3.804721113442739,-3.3781392658678016
6.325,-65.645766459438,0.048946712832200596,0.6082005348487896,0.31060901060617896,-0.4948782639228227,3.804665887073218,-3.3776299378313976
6.3500000000000005,-65.64407215831137,0.048956652962695524,0.6082305281421548,0.3105964457528762,-0.49519699032993664,3.804617942156435,-3.377121647493412
6.375,-65.64238147814953,0.04896658398536686,0.6082602645838858,0.3105840543748893,-0.495515389192543,3.80457717540843,-3.376614443444859
6.4,-65.64069457796303,0.04897650480191819,0.6082897452803275,0.3105718354385602,-0.49583342806624336,3.8045434842739687,-3.3761083733889095
6.425000000000001,-65.63901161383116,0.048986414331804534,0.6083189713504586,0.31055978790399913,-0.4961510749896731,3.80451676692567,-3.375603484149347
6.45,-65.63733273892996,0.04899631151208022,0.6083479439255671,0.3105479107253112,-0.49646829848113255,3.8044969222631115,-3.3750998216789867
6.4750000000000005,-65.63565810356008,0.04900619529724808,0.6083766641489293,0.31053620285082006,-0.4967850675352563,3.8044838499118945,-3.3745974310680222
6.5,-65.63398785517455,0.04901606465910905,0.6084051331754927,0.31052466322328914,-0.4971013516196895,3.804477450222675,-3.3740963565523656
6.525,-65.63232213840634,0.04902591858661287,0.6084333521715625,0.3105132907801396,-0.49741712067179394,3.8044776242701825,-3.373596641521901
6.550000000000001,-65.63066109509579,0.04903575608570972,0.6084613223144912,0.3105020844536659,-0.49773234509537667,3.804484273852171,-3.3730983285287364
6.575,-65.6290048643179,0.049045576179202265,0.6084890447923726,0.3104910431712481,-0.4980469957574263,3.804497301488381,-3.3726014592953715
6.6000000000000005,-65.62735358240951,0.04905537790659899,0.6085165208037379,0.31048016585556204,-0.49836104398487996,3.8045166104194292,-3.3721060747228533
6.625,-65.62570738299618,0.049065160323967835,0.6085437515572564,0.31046945142478616,-0.49867446156139633,3.8045421046057064,-3.3716122148988545
6.65,-65.62406639701913,0.04907492250379128,0.6085707382714394,0.31045889879280614,-0.49898722072416124,3.804573688726223,-3.37111991910574
6.675000000000001,-65.62243075276189,0.04908466353482152,0.6085974821743475,0.31044850686941644,-0.49929929416069285,3.8046112681774287,-3.3706292258285657
6.7,-65.62080057587679,0.049094382521936764,0.6086239845033008,0.3104382745605194,-0.49961065500566804,3.8046547490720126,-3.3701401727630356
6.7250000000000005,-65.61917598941142,0.04910407858599853,0.6086502465045931,0.3104282007683219,-0.4999212768377749,3.804704038237671,-3.369652796823425
6.75,-65.61755711383482,0.04911375086370932,0.6086762694332093,0.31041828439152863,-0.5002311336765647,3.804759043215841,-3.369167134150446
6.775,-65.61594406706358,0.049123398507471154,0.6087020545525458,0.3104085243255338,-0.5005401999793223,3.8048196722604186,-3.368683220119074
6.800000000000001,-65.61433696448778,0.04913302068524499,0.6087276031341345,0.31039891946260945,-0.5008484506379529,3.8048858343364413,-3.3682010893463326
6.825,-65.61273591899675,0.04914261658041096,0.6087529164573702,0.3103894686920916,-0.5011558609758838,3.804957439118753,-3.367720775699024
6.8500000000000005,-65.61114104100476,0.04915218539162897,0.6087779958092406,0.3103801709005637,-0.5014624067449672,3.8050343969906235,-3.367242312301427
6.875,-65.60955243847646,0.04916172633270047,0.6088028424840607,0.31037102497203767,-0.5017680641224067,3.8051166190423773,-3.3667657315429365
6.9,-65.60797021695222,0.04917123863243063,0.6088274577832088,0.3103620297881323,-0.5020728097076865,3.8052040170699626,-3.3662910650856674
6.925000000000001,-65.6063944795734,0.04918072153449155,0.6088518430148672,0.3103531842282495,-0.5023766205195194,3.80529650357351,-3.3658183438720184
6.95,-65.60482532710725,0.04919017429728579,0.6088759994937653,0.31034448716974744,-0.5026794739927928,3.805393991755874,-3.3653475981321748
6.9750000000000005,-65.60326285797196,0.04919959619381106,0.6088999285409258,0.3103359374881121,-0.5029813479755402,3.8054963955211303,-3.3648788573915867
7.0,-65.60170716826129,0.04920898651152528,0.6089236314834144,0.3103275340571257,-0.5032822207259083,3.8056036294730675,-3.3644121504783855
7.025,-65.60015835176921,0.049218344552212495,0.6089471096540924,0.31031927574903306,-0.5035820709091415,3.8057156089136526,-3.3639475055307626
7.050000000000001,-65.5986165000144,0.04922766963184949,0.6089703643913718,0.3103111614347055,-0.503880877594571,3.8058322498414463,-3.3634849500043202
7.075,-65.59708170226446,0.04923696108047298,0.6089933970389747,0.3103031899838024,-0.504178620252612,3.805953468950048,-3.363024510679338
7.1000000000000005,-65.59555404556015,0.04924621824204766,0.6090162089456949,0.31029536026493054,-0.5044752787517721,3.8060791836264554,-3.3625662136680448
7.125,-65.59403361473935,0.04925544047433467,0.6090388014651622,0.3102876711458008,-0.50477083335566,3.8062093119494564,-3.3621100844218033
7.15,-65.59252049246093,0.049264627148761175,0.6090611759556106,0.3102801214933829,-0.5050652647200129,3.80634377268796,-3.3616561477382803
7.175000000000001,-65.59101475922853,0.049273777650290125,0.6090833337796486,0.3102727101740577,-0.505358553889719,3.806482485299321,-3.361204427768558
7.2,-65.58951649341402,0.049282891377291,0.6091052763040331,0.31026543605376716,-0.5056506822958524,3.80662536992764,-3.360754948024207
7.2250000000000005,-65.58802577128107,0.049291967741411105,0.6091270048994457,0.3102582979981622,-0.5059416317527143,3.806772347402033,-3.36030773138432
7.25,-65.5865426670083,0.04930100616744763,0.6091485209402725,0.3102512948727484,-0.5062313844548806,3.8069233392349036,-3.3598628001024906
7.275,-65.58506725271253,0.04931000609322009,0.609169825804386,0.31024442554302917,-0.5065199229742493,3.8070782676201533,-3.35942017581376
7.300000000000001,-65.58359959847171,0.04931896696944365,0.6091909208729305,0.31023768887464714,-0.5068072302570987,3.8072370554314117,-3.358979879541512
7.325,-65.58213977234777,0.049327888259603214,0.6092118075301101,0.3102310837335231,-0.5070932896211552,3.807399626220219,-3.3585419317043317
7.3500000000000005,-65.58068784040938,0.04933676943982775,0.6092324871629794,0.3102246089859928,-0.5073780847526543,3.807565904214193,-3.3581063521228143
7.375,-65.57924386675448,0.04934560999876558,0.6092529611612373,0.31021826349894177,-0.5076615997034157,3.8077358143151714,-3.3576731600263443
7.4,-65.57780791353272,0.04935440943746029,0.6092732309170231,0.310212046139938,-0.5079438188879234,3.8079092820973455,-3.3572423740598167
7.425000000000001,-65.57638004096773,0.04936316726922703,0.6092932978247161,0.3102059557773624,-0.5082247270804019,3.8080862338053576,-3.3568140122903203
7.45,-65.57496030737927,0.049371883019529675,0.6093131632807368,0.31019999128053716,-0.5085043094119053,3.8082665963523956,-3.356388092213781
7.4750000000000005,-65.57354876920525,0.04938055622585851,0.6093328286833523,0.31019415151985236,-0.5087825513674061,3.8084502973182315,-3.3559646307615734
7.5,-65.57214548102354,0.049389186437608486,0.6093522954324827,0.3101884353668902,-0.5090594387828878,3.808637264947293,-3.355543644307062
7.525,-65.57075049557376,0.04939777321595826,0.6093715649295117,0.31018284169454735,-0.5093349578424465,3.8088274281466568,-3.3551251486721285
7.550000000000001,-65.5693638637788,0.049406316133749725,0.6093906385770991,0.31017736937715523,-0.5096090950753915,3.809020716484074,-3.354709159133641
7.575,-65.56798563476632,0.04941481477536806,0.6094095177789955,0.3101720172905984,-0.5098818373533475,3.8092170601859237,-3.3542956904298946
7.6000000000000005,-65.56661585588996,0.04942326873662252,0.609428203939861,0.3101667843124309,-0.5101531718873649,3.8094163901351985,-3.353884756766989
7.625,-65.56525457275063,0.04943167762462792,0.6094466984650846,0.3101616693219907,-0.5104230862250362,3.8096186378694257,-3.3534763718251894
7.65,-65.56390182921743,0.04944004105768643,0.6094650027606082,0.31015667120051205,-0.5106915682476063,3.8098237355785955,-3.353070548765228
7.675000000000001,-65.5625576674486,0.04944835866517021,0.6094831182327515,0.3101517888312363,-0.5109586061670947,3.8100316161030565,-3.35266730023458
7.7,-65.56122212791225,0.04945663008740454,0.6095010462880402,0.31014702109952014,-0.5112241885234169,3.8102422129313984,-3.3522666383736732
7.7250000000000005,-65.55989524940698,0.049464854975551635,0.6095187883330369,0.31014236689294283,-0.5114883041815125,3.810455460198309,-3.351868574822093
7.75,-65.55857706908238,0.04947303299149483,0.6095363457741736,0.3101378251014107,-0.5117509423284703,3.81067129268241,-3.3514731207247124
7.775,-65.55726762245932,0.049481163807723647,0.6095537200175879,0.31013339461726047,-0.5120120924706639,3.810889645804094,-3.3510802867377962
7.800000000000001,-65.55596694345023,0.04948924710721927,0.6095709124689604,0.3101290743353603,-0.5122717444308873,3.81111045562331,-3.3506900830350688
7.825,-65.55467506437913,0.04949728258334052,0.6095879245333559,0.31012486315320925,-0.5125298883454896,3.811333658837347,-3.3503025193137375
7.8500000000000005,-65.55339201600157,0.049505269939710606,0.6096047576150653,0.3101207599710349,-0.5127865146615196,3.8115591927786032,-3.3499176048004697
7.875,-65.55211782752446,0.04951320889010455,0.6096214131174517,0.310116763691889,-0.5130416141338755,3.8117869954123242,-3.3495353482573362
7.9,-65.55085252662573,0.04952109915833667,0.6096378924427976,0.3101128732217418,-0.5132951778224438,3.8120170053343285,-3.3491557579877194
7.925000000000001,-65.54959613947388,0.04952894047814916,0.6096541969921553,0.31010908746957394,-0.5135471970892552,3.812249161768716,-3.348778841842163
7.95,-65.54834869074735,0.049536732593101165,0.6096703281651985,0.3101054053474674,-0.513797663595643,3.812483404565557,-3.3484046072242037
7.9750000000000005,-65.54711020365386,0.04954447525645813,0.6096862873600778,0.31010182577069395,-0.5140465692993953,3.8127196741985427,-3.348033061096157
8.0,-65.5458806999495,0.04955216823108206,0.6097020759732771,0.3100983476578026,-0.51429390645192,3.81295791176266,-3.3476642099848517
8.025,-65.54466019995779,0.049559811289322186,0.6097176953994731,0.3100949699307048,-0.5145396675954101,3.8131980589718073,-3.3472980599873368
8.05,-65.5434487225885,0.049567404212906126,0.6097331470313967,0.3100916915147583,-0.514783845560008,3.8134400581564094,-3.3469346167765477
8.075000000000001,-65.54224628535644,0.049574946792831906,0.6097484322596971,0.3100885113388493,-0.5150264334609845,3.81368385226102,-3.346573885606932
8.1,-65.54105290440012,0.04958243882926008,0.6097635524728073,0.31008542833547265,-0.5152674246959054,3.8139293848418787,-3.346215871320035
8.125,-65.53986859450016,0.049589880131407006,0.6097785090568126,0.31008244144081104,-0.5155068129418211,3.814176600064494,-3.345860578350049
8.15,-65.53869336909773,0.04959727051743805,0.609793303395321,0.310079549594812,-0.5157445921524401,3.8144254427011686,-3.3455080107293185
8.175,-65.53752724031271,0.04960460981436183,0.6098079368693359,0.3100767517412635,-0.5159807565553199,3.814675858128528,-3.3451581720938135
8.200000000000001,-65.53637021896189,0.049611897857924886,0.6098224108571304,0.31007404682786815,-0.5162153006490612,3.8149277923250233,-3.3448110656885675
8.225,-65.53522231457687,0.04961913449250684,0.6098367267341247,0.3100714338063156,-0.5164482192004985,3.815181191868417,-3.344466694373061
8.25,-65.53408353542196,0.04962631957101607,0.6098508858727648,0.31006891163235334,-0.5166795072418991,3.815436003933256,-3.344125060626587
8.275,-65.53295388851186,0.04963345295478626,0.6098648896424039,0.31006647926585634,-0.5169091600681722,3.815692176288331,-3.3437861665535564
8.3,-65.53183337962929,0.04964053451347295,0.6098787394091854,0.3100641356708948,-0.517137173234068,3.815949657294113,-3.343450013888787
8.325000000000001,-65.53072201334248,0.04964756412495129,0.6098924365359278,0.3100618798158004,-0.5173635425513975,3.8162083959001545,-3.343116604002745
8.35,-65.52961979302248,0.04965454167521384,0.609905982382013,0.3100597106732314,-0.5175882640862461,3.816468341642517,-3.3427859379067426
8.375,-65.52852672086038,0.049661467058269265,0.6099193783032747,0.3100576272202359,-0.5178113341561986,3.81672944464114,-3.342458016258115
8.4,-65.52744279788446,0.04966834017604131,0.6099326256518904,0.31005562843831375,-0.518032749327562,3.8169916555972203,-3.342132839365338
8.425,-65.5263680239771,0.04967516093826852,0.6099457257762746,0.31005371331347725,-0.518252506412599,3.8172549257905617,-3.3418104071931296
8.450000000000001,-65.52530239789166,0.04968192926240452,0.6099586800209739,0.31005188083630997,-0.5184706024667672,3.81751920707691,-3.341490719367499
8.475,-65.5242459172692,0.04968864507351867,0.6099714897265647,0.31005013000202447,-0.5186870347859571,3.8177844518852866,-3.341173775180759
8.5,-65.52319857865507,0.04969530830419752,0.6099841562295525,0.3100484598105186,-0.5189018009037452,3.818050613215274,-3.3408595735965205
8.525,-65.52216037751542,0.0497019188944466,0.6099966808622729,0.31004686926643027,-0.5191148985886418,3.818317644634323,-3.3405481132546258
8.55,-65.52113130825353,0.04970847679159291,0.6100090649527947,0.310045357379191,-0.5193263258413553,3.818585500275019,-3.3402393924760587
8.575000000000001,-65.52011136422603,0.049714981950187954,0.6100213098248254,0.31004392316307794,-0.5195360808920558,3.8188541348323515,-3.3399334092678075
8.6,-65.51910053775904,0.04972143433191123,0.6100334167976175,0.31004256563726473,-0.5197441621976456,3.819123503560941,-3.339630161327713
8.625,-65.51809882016417,0.04972783390547428,0.6100453871858776,0.31004128382587093,-0.519950568439035,3.8193935622722917,-3.3393296460492508
8.65,-65.51710620175436,0.049734180646525496,0.6100572222996774,0.31004007675801,-0.5201552985184316,3.819664267331976,-3.3390318605263074
8.675,-65.51612267185963,0.04974047453755531,0.6100689234443654,0.3100389434678362,-0.5203583515566281,3.819935575656866,-3.3387368015578898
8.700000000000001,-65.51514821884274,0.04974671556780182,0.6100804919204816,0.31003788299459023,-0.5205597268902971,3.8202074447123007,-3.3384444656528216
8.725,-65.51418283011466,0.04975290373315723,0.6100919290236739,0.3100368943826431,-0.520759424069298,3.82047983250926,-3.3381548490343986
8.75,-65.51322649215001,0.049759039036074676,0.6101032360446155,0.31003597668153954,-0.5209574428539873,3.8207526976015256,-3.337867947645003
8.775,-65.51227919050228,0.04976512148547582,0.6101144142689245,0.3100351289460394,-0.5211537832125415,3.821025999082821,-3.337583757150685
8.8,-65.51134090981901,0.0497711510966586,0.6101254649770861,0.31003435023615833,-0.521348445318276,3.821299696583952,-3.337302272945703
8.825000000000001,-65.51041163385682,0.04977712789120589,0.6101363894443744,0.31003363961720687,-0.5215414295469823,3.8215737502699096,-3.3370234901570455
8.85,-65.50949134549631,0.04978305189689461,0.6101471889407787,0.31003299615982854,-0.5217327364742699,3.821848120836981,-3.336747403648894
8.875,-65.5085800267569,0.04978892314760538,0.6101578647309288,0.3100324189400368,-0.5219223668729146,3.8221227695098436,-3.3364740080270705
8.9,-65.50767765881146,0.04979474168323275,0.6101684180740241,0.31003190703925054,-0.522110321710218,3.8223976580386356,-3.3362032976434377
8.925,-65.5067842220009,0.04980050754959586,0.6101788502237632,0.31003145954432876,-0.5222966021453688,3.8226727486960295,-3.3359352666002704
8.950000000000001,-65.50589969584863,0.04980622079834993,0.6101891624282754,0.3100310755476036,-0.522481209526822,3.82294800427428,-3.335669908754588
8.975,-65.50502405907484,0.049811881486897976,0.610199355930054,0.3100307541469129,-0.5226641453896779,3.8232233880822686,-3.335407217722452
9.0,-65.5041572896108,0.04981748967830333,0.6102094319658914,0.3100304944456309,-0.5228454114530752,3.8234988639425316,-3.3351471868832405
9.025,-65.50329936461287,0.04982304544120269,0.6102193917668151,0.3100302955526984,-0.5230250096175936,3.823774396188279,-3.3348898093838613
9.05,-65.50245026047655,0.049828548849719545,0.6102292365580257,0.31003015658265143,-0.5232029419626597,3.8240499496603992,-3.334635078142965
9.075000000000001,-65.50160995285032,0.04983399998337843,0.6102389675588374,0.3100300766556491,-0.5233792107439709,3.8243254897044556,-3.3343829858550946
9.1,-65.50077841664938,0.04983939892701953,0.610248585982618,0.3100300548975001,-0.523553818390922,3.824600982167677,-3.3341335249948143
9.125,-65.49995562606937,0.04984474577071379,0.6102580930367325,0.31003009043968827,-0.5237267675040397,3.8248763933959116,-3.3338866878208093
9.15,-65.49914155459977,0.0498500406096789,0.6102674899224869,0.31003018241939734,-0.523898060852438,3.82515169023062,-3.333642466379932
9.175,-65.49833617503745,0.04985528354419556,0.6102767778350742,0.3100303299795341,-0.5240677013712721,3.8254268400058042,-3.333400852511235
9.200000000000001,-65.49753945949986,0.049860474679524404,0.6102859579635216,0.310030532268751,-0.5242356921592106,3.8257018105449645,-3.3331618378499583
9.225,-65.49675137943828,0.04986561412582342,0.6102950314906394,0.3100307884414674,-0.5244020364759102,3.8259765701580277,-3.3329254138314837
9.25,-65.49597190565089,0.049870701998066036,0.610303999592971,0.3100310976578902,-0.5245667377395088,3.82625108763827,-3.3326915716952668
9.275,-65.49520100829572,0.04987573841595971,0.6103128634407449,0.310031459084033,-0.5247297995241251,3.826525332259232,-3.3324603024887165
9.3,-65.49443865690351,0.049880723503865014,0.6103216241978275,0.31003187189173464,-0.5248912255573693,3.8267992737716336,-3.332231597071053
9.325000000000001,-65.49368482039046,0.049885657390715404,0.6103302830216782,0.31003233525867663,-0.5250510197178654,3.8270728824002562,-3.3320054461171367
9.35,-65.4929394670708,0.049890540209937544,0.6103388410633048,0.3100328483683996,-0.5252091860327878,3.8273461288408566,-3.331781840121239
9.375,-65.49220256466943,0.04989537209937211,0.6103472994672211,0.31003341041031884,-0.5253657286754054,3.8276189842570107,-3.3315607694008276
9.4,-65.4914740803342,0.049900153201195036,0.6103556593714058,0.3100340205797389,-0.5255206519626334,3.8278914202770262,-3.33134222410026
9.425,-65.49075398064831,0.04990488366183976,0.6103639219072624,0.3100346780778671,-0.5256739603526102,3.8281634089907755,-3.331126194194492
9.450000000000001,-65.4900422316424,0.04990956363191953,0.610372088199581,0.3100353821118266,-0.5258256584422717,3.8284349229465793,-3.3309126694927214
9.475,-65.48933879880676,0.049914193266150576,0.6103801593665009,0.31003613189466783,-0.525975750964947,3.828705935148038,-3.3307016396420264
9.5,-65.48864364710316,0.04991877272327586,0.6103881365194748,0.31003692664537985,-0.5261242427879647,3.828976419050885,-3.3304930941309476
9.525,-65.48795674097683,0.049923302165989066,0.6103960207632341,0.3100377655889001,-0.526271138910264,3.8292463485598254,-3.330287022293048
9.55,-65.48727804436814,0.04992778176085962,0.610403813195756,0.31003864795612374,-0.526416444460033,3.8295156980253564,-3.3300834133104416
9.575000000000001,-65.48660752072426,0.049932211678257975,0.6104115149082313,0.31003957298391194,-0.5265601646923471,3.8297844422406153,-3.3298822562172785
9.600000000000001,-65.48594513301073,0.049936592092281365,0.6104191269850339,0.31004053991509944,-0.5267023049868216,3.8300525564381798,-3.3296835399032187
9.625,-65.48529084372286,0.04994092318068055,0.6104266505036909,0.3100415479985012,-0.5268428708452875,3.830320016286883,-3.3294872531168593
9.65,-65.48464461489708,0.04994520512478666,0.6104340865348553,0.3100425964889181,-0.5269818678894671,3.830586797888628,-3.3292933844691235
9.675,-65.48400640812211,0.04994943810943892,0.6104414361422779,0.310043684647142,-0.5271193018586735,3.8308528777751887,-3.329101922436634
9.700000000000001,-65.48337618455014,0.04995362232291277,0.6104487003827823,0.3100448117399601,-0.5272551786075159,3.8311182329050175,-3.3289128553650413
9.725000000000001,-65.48275390490777,0.04995775795684859,0.6104558803062404,0.31004597704015835,-0.5273895041036232,3.8313828406600328,-3.3287261714723297
9.75,-65.48213952950697,0.04996184520618113,0.6104629769555484,0.31004717982652374,-0.5275222844253817,3.8316466788424006,-3.32854185885209
9.775,-65.4815330182558,0.04996588426906923,0.6104699913666052,0.3100484193838466,-0.527653525759682,3.831909725671347,-3.3283599054767405
9.8,-65.48093433066921,0.04996987534682639,0.6104769245682911,0.31004969500292145,-0.5277832343996866,3.8321719597799158,-3.328180299200764
9.825000000000001,-65.48034342587951,0.049973818643851746,0.6104837775824478,0.3100510059805475,-0.5279114167426054,3.832433360211767,-3.328003027763853
9.850000000000001,-65.4797602626469,0.04997771436756162,0.6104905514238598,0.3100523516195282,-0.5280380792874898,3.832693906417949,-3.3278280787940715
9.875,-65.4791847993699,0.04998156272832166,0.6104972471002367,0.3100537312286701,-0.5281632286330379,3.832953578253663,-3.327655439810971
9.9,-65.47861699409552,0.04998536393937951,0.6105038656121966,0.3100551441227809,-0.5282868714754152,3.8332123559750535,-3.3274850982286552
9.925,-65.4780568045295,0.049989118216798224,0.6105104079532507,0.31005658962266736,-0.5284090146060955,3.833470220235968,-3.32731704135885
9.950000000000001,-65.47750418804638,0.049992825779389946,0.6105168751097888,0.31005806705513156,-0.528529664909706,3.8337271520847285,-3.3271512564139143
9.975000000000001,-65.47695910169944,0.049996486848650525,0.610523268061066,0.3100595757529672,-0.5286488293619006,3.833983132960896,-3.3269877305098303
10.0,-65.47642150223055,0.050000101648694284,0.6105295877791906,0.3100611150549551,-0.5287665150272344,3.834238144692041,-3.326826450669165
10.025,-65.22785565289207,0.050080654110519075,0.6105232522386564,0.310071321882233,-0.5301770412902055,3.9174592029631974,-3.2522566958676222
10.05,-64.98312243831313,0.05030345241989488,0.6104918120047061,0.3100987003686126,-0.5361157541337828,4.000312519756821,-3.178836731493939
10.075,-64.74207791455301,0.05065276151123681,0.6104354583188379,0.31014305417373444,-0.5461640314879348,4.082889203038087,-3.106523374365902
10.1,-64.50459037829816,0.051114936712283864,0.6103543720525507,0.3102041911424617,-0.5600150389180498,4.165274651248101,-3.0352771134894483
10.125,-64.27053770562019,0.0516781199343808,0.6102487248577659,0.3102819228495322,-0.5774475173544765,4.247549574472732,-2.9650613116860556
10.15,-64.03980529651912,0.05233198395820117,0.6101186800807354,0.3103760642814221,-0.5983063860957274,4.329790805877235,-2.8958415889557356
10.175,-63.81228447148464,0.053067516633614684,0.6099643934855459,0.3104864336252192,-0.6224882657196098,4.412071956761678,-2.827585341445391
10.2,-63.58787120837592,0.0538768383190159,0.6097860138220637,0.3106128521417452,-0.649930585896618,4.494463953993238,-2.7602613625127765
10.225,-63.36646513772433,0.05475304709013437,0.6095836832649179,0.3107551441056222,-0.6806033294230146,4.577035488248785,-2.6938395413172995
10.25,-63.1479687358647,0.05569008721746665,0.6093575377440285,0.31091313679901594,-0.7145027325185267,4.659853394136809,-2.6282906207594103
10.275,-62.932286670655856,0.05668263719526337,0.6091077071826422,0.31108666054880446,-0.7516464500054394,4.742982977969181,-2.5635860011967564
10.3,-62.71932526571194,0.057726014241945095,0.6088343156554178,0.31127554879919295,-0.7920698274514532,4.826488305109121,-2.499697579713581
10.325,-62.50899205724162,0.05881609271167724,0.608537481476496,0.31147963821352664,-0.835823017620007,4.910432456012079,-2.436597617172486
10.35,-62.30119542362679,0.05994923428280201,0.6082173172254889,0.311698768800382,-0.882968747127133,4.99487775800757,-2.374258627088036
10.375,-62.09584427235801,0.06112222813913425,0.6078739297177631,0.3119327840600519,-0.9335805889399668,5.07988599833781,-2.312653281707402
10.4,-61.89284777229988,0.062332239649194494,0.6075074199241617,0.3121815311483503,-0.9877416327217455,5.16551862282772,-2.251754331689964
10.425,-61.69211512178641,0.06357676628773315,0.6071178828443289,0.3124448610553082,-1.0455434718312389,5.251836923707538,-2.1915345365359222
10.45,-61.4935553449584,0.06485359974257186,0.6067054073369996,0.31272262879685514,-1.1070854456905326,5.338902219469788,-2.13196660348752
10.475,-61.29707711020902,0.06616079331520804,0.6062700759099556,0.3130146936180038,-1.1724740911329747,5.426776029163133,-2.073023133062705
10.5,-61.102588565713596,0.06749663386174462,0.6058119644717879,0.31332091920641464,-1.2418227675806892,5.515520243167703,-2.0146765697140787
10.525,-60.909997187868534,0.06885961763633695,0.6053311420471211,0.3136411739155141,-1.315251429447418,5.605197292231812,-1.95689915636056
10.55,-60.7192096391148,0.07024842949639878,0.6048276704565256,0.31397533099660513,-1.3928865257187872,5.695870316357081,-1.8996628917344403
10.575,-60.53013163211888,0.07166192501048643,0.6043016039619481,0.31432326883963546,-1.474861011741421,5.787603334983139,-1.842939489635664
10.6,-60.342667797662585,0.07309911507869139,0.6037529888781304,0.31468487122249966,-1.561314462231252,5.880461419832657,-1.7867003392987755
10.625,-60.15672155387939,0.07455915273366648,0.6031818631501339,0.31506002756894164,-1.6523932776697965,5.974510871724202,-1.7309164661638177
10.65,-59.97219497468655,0.07604132183986484,0.6025882558967425,0.31544863321530653,-1.7482509788050629,6.069819402638571,-1.6755584924059654
10.675,-59.78898865541537,0.07754502745063281,0.6019721869191818,0.31585058968656526,-1.8490485860688095,6.166456324329199,-1.6205965966246119
10.7,-59.6070015737461,0.07906978761869182,0.601333666174238,0.3162658049822052,-1.954955082486205,6.264492744796275,-1.5660004721238308
10.725,-59.42613094411743,0.08061522648626683,0.6006726932105074,0.3166941938727545,-2.066147960180954,6.364001773995686,-1.5117392832352294
10.75,-59.246272063809776,0.08218106850751103,0.5999892565661306,0.3171356782078777,-2.182813851942905,6.465058740226022,-1.4577816191429327
10.775,-59.06731814889905,0.08376713367864314,0.599283333125972,0.31759018723716126,-2.3051492505859477,6.56774141873076,-1.4040954446697143
10.8,-58.889160158248345,0.08537333367093415,0.5985548874357853,0.31805765794489244,-2.433361320030042,6.672130274167239,-1.3506480474745033
10.825,-58.71168660364814,0.0869996687788599,0.5978038709704506,0.31853803540033004,-2.5676688032349952,6.778308718731415,-1.2974059810944418
10.85,-58.53478334413368,0.08864622561078787,0.5970302213528872,0.3190312731251746,-2.708303033331314,6.886363387888642,-1.2443350032401035
10.875,-58.358333362399996,0.0903131754628482,0.5962338615197078,0.3195373334801649,-2.855509055568663,6.996384435847757,-1.1914000087199987
10.9,-58.182216521099605,0.0920007733284613,0.595414698829109,0.3200561880729706,-3.0095468690677314,7.108465853132262,-1.1385649563298812
10.925,-58.00630929664441,0.09370935750661251,0.5945726241058479,0.3205878181898069,-3.170692798847503,7.222705808850336,-1.085792788993323
10.95,-57.83048448793815,0.09543934978161575,0.5937075106174597,0.32113221525348445,-3.3392410102405368,7.339207020550612,-1.033045346381445
10.975,-57.65461089723688,0.09719125615599397,0.5928192129750933,0.32168938131091596,-3.515505179638662,7.458077154876249,-0.9802832691710633
11.0,-57.4785529800683,0.09896566812640034,0.5919075659514753,0.32225932955344627,-3.6998203375678003,7.579429262603006,-0.9274658940204901
11.025,-57.30217046083089,0.10076326450038649,0.590972383207558,0.3228420848737517,-3.892544902417323,7.7033822520740465,-0.8745511382492658
11.05,-57.125317910336584,0.10258481375943172,0.5900134559183223,0.32343768446347837,-4.0940629257930174,7.830061405533162,-0.821495373100975
11.075,-56.94784428114864,0.10443117698113612,0.5890305512870062,0.32404617845625944,-4.30478657348,7.959598943418647,-0.768253284344592
11.1,-56.7695923960913,0.10630331134098621,0.588023410935662,0.3246676306212821,-4.525158869456355,8.092134642323703,-0.7147777188273892
11.125,-56.590398384762395,0.10820227422175947,0.5869917491584163,0.32530211911316725,-4.755656734364162,8.227816513068822,-0.6610195154287183
11.15,-56.41009106225111,0.11012922796659742,0.5859352510220593,0.3259497372845956,-4.996794354411086,8.366801546183376,-0.6069273186753336
11.175,-56.228491243540546,0.11208544532017664,0.5848535702966203,0.3266105945688712,-5.2491269219442005,8.5092565330757,-0.5524473730621636
11.2,-56.045410986241876,0.1140723156114164,0.5837463271963319,0.32728481744046994,-5.513254795032143,8.655358972305773,-0.49752329587256267
11.225,-55.86065275334746,0.11609135174094155,0.5826131059088175,0.3279725504625979,-5.789828130456111,8.805298071688574,-0.4420958260042376
11.25,-55.67400848658359,0.11814419804725822,0.5814534518873975,0.3286739574318932,-6.079552052716516,8.959275858479632,-0.3861025459750763
11.275,-55.48525857966488,0.12023263913751914,0.5802668688780301,0.3293892226316769,-6.383192431217407,9.117508411666275,-0.32947757389946375
11.3,-55.29417073927413,0.12235860978207508,0.5790528156485293,0.33011855220660724,-6.701582348937534,9.280227232451226,-0.27215122178223866
11.325,-55.10049871987916,0.12452420598702384,0.5778107023832186,0.3308621756732622,-7.035629358932285,9.447680771424906,-0.2140496159637486
11.35,-54.90398091651164,0.12673169737597675,0.5765398867010151,0.3316203475830902,-7.38632364028432,9.620136133742635,-0.15509427495349257
11.375,-54.704338797325335,0.12898354103163642,0.5752396692489438,0.3323933493563779,-7.754747183057423,9.797880986930481,-0.09520163919760023
11.4,-54.501275155064256,0.13128239696995112,0.5739092888161295,0.3331814913084395,-8.142084152918986,9.98122569983436,-0.03428254651927674
11.425,-54.294472153438925,0.13363114544506483,0.5725479169052211,0.3339851148921862,-8.54963261099526,10.170505745812928,0.02775835396832278
11.45,-54.083589140748884,0.13603290631261988,0.5711546516887686,0.33480459518466527,-8.978817793956777,10.366084408697034,0.09102325777533479
11.475,-53.86826019880519,0.1384910607128742,0.5697285112670438,0.335640343649152,-9.431207194199835,10.568355836464908,0.15562194035844357
11.5,-53.64809139018235,0.14100927537438332,0.5682684261308844,0.33649281120902813,-9.908527721386758,10.77774849522007,0.22167258294529474
11.525,-53.42265766092295,0.14359152988464777,0.5667732307179784,0.33736249167512417,-10.41268527586423,10.994729085164131,0.2893027017231148
11.55,-53.191499348864724,0.14624214732726587,0.5652416539331894,0.33824992557457306,-10.945787123208264,11.21980699113939,0.3586501953405829
11.575,-52.954118239553324,0.14896582874714356,0.563672308482518,0.3391557044367083,-11.510167529319581,11.453539353366011,0.4298645281340029
11.6,-52.70997310200129,0.15176769197780038,0.5620636788455053,0.3400804756003501,-12.108417199512147,11.696536859692493,0.5031080693996124
11.625,-52.45847462505853,0.1546533154496982,0.5604141076815801,0.34102494761722413,-12.743417165829499,11.949470379612155,0.5785576124824416
11.65,-52.19897966151314,0.1576287876981021,0.5587217804311451,0.34198989633855764,-13.418377887962167,12.213078583214818,0.6564061015460574
11.675,-51.930784670812734,0.1607007634059528,0.5569847078310584,0.34297617178649126,-14.136884478977775,12.488176716069445,0.7368645987561798
11.7,-51.653118231959574,0.1638765269548217,0.555200706015352,0.3439847059292928,-14.902949142923182,12.77566673493638,0.8201645304121278
11.725,-51.36513247505677,0.16716406461902192,0.5533673738140888,0.3450165215000351,-15.721072123664436,13.076549050653393,0.9065602574829696
11.75,-51.06589325240197,0.17057214672883253,0.5514820667944883,0.34607274202310434,-16.59631272090887,13.391936175382128,0.9963320242794089
11.775,-50.754368837018205,0.17411042135381424,0.5495418675069113,0.347154603242485,-17.534372239634013,13.723068633989527,1.0897893488945385
11.8,-50.42941689697564,0.1777895213224062,0.5475435513018018,0.3482634661812701,-18.541691114403037,14.071333576657818,1.1872749309073085
11.825,-50.08976944647104,0.18162118670640306,0.5454835469698772,0.349400832104538,-19.625562903650163,14.438286625674115,1.2891691660586886
11.85,-49.734015417833106,0.1856184052663671,0.5433578913243469,0.3505683597091822,-20.794268396560774,14.825677608614713,1.3958953746500682
11.875,-49.36058043058204,0.1897955737851793,0.5411621766885829,0.35176788492635497,-22.05723373444031,15.235480979045866,1.5079258708253882
11.9,-48.96770325228309,0.1941686837209123,0.5388914900740586,0.35300144379719983,-23.425217239056302,15.669931912430085,1.6257890243150739
11.925,-48.55340834883558,0.1987555351959449,0.5365403426317914,0.3542712989732447,-24.91053058267808,16.131569299462225,1.7500774953493254
11.95,-48.115473806480374,0.20357598401439272,0.5341025877394544,0.3555799705025114,-26.527301047317533,16.623287154848267,1.8814578580558878
11.975,-47.65139377162679,0.2086522271687432,0.5315713258549899,0.35693027169494046,-28.291782917238745,17.148396333695235,2.020681868511962
12.0,-47.158334395348966,0.2140091331564406,0.5289387940453083,0.3583253510205856,-30.22272752929158,17.710698922231856,2.1685996813953103
12.025,-46.63308208575912,0.2196746243628903,0.5261962379217601,0.3597687411861638,-32.34182314415764,18.314578272820857,2.326175374272264
12.05,-46.07198266410889,0.22568011974169483,0.5233337636470601,0.3612644167651597,-34.674217524446995,18.96510842131458,2.494505200767334
12.075,-45.470869793867955,0.23206104696168386,0.5203401678316945,0.3628168620286889,-37.24913775517057,19.668187603626983,2.6748390618396134
12.1,-44.82498081746,0.23885743395805142,0.5172027436959655,0.364431150942273,-40.10062311818841,20.430701835441297,2.8686057547619996
12.125,-44.128857915771086,0.2461145901872201,0.5139070631377574,0.3661130416577966,-43.268387197605946,21.260726104944684,3.077442625268674
12.15,-43.37623234352677,0.2538838874490678,0.5104367367970384,0.36786908823374376,-46.79882392452458,22.1677727377228,3.303230296941968
12.175,-42.55988946375048,0.2622236482626805,0.5067731585973534,0.3697067727413731,-50.74616742603164,23.163099021059008,3.548133160874856
12.2,-41.67151253282367,0.27120014542964577,0.5028952487100675,0.37163466131881484,-55.17380481376553,24.260089320466996,3.814646240152899
12.225,-40.70150388144213,0.280888707960011,0.4987792210799973,0.37366258804074765,-60.15572042929911,25.47473076602426,4.1056488355673615
12.25,-39.63878362888669,0.291374913437935,0.49439842080911084,0.3758018705383055,-65.77801332049891,26.826206153064902,4.424464911333993
12.275,-38.4705688812712,0.3027558213192754,0.489723305498912,0.37806556089377585,-72.1403673832288,28.337632874397453,4.774929335618641
12.3,-37.182141300497804,0.3151411598973182,0.4847216854986382,0.3804687340571435,-79.35725172075698,30.03698207232565,5.161457609850658
12.325,-35.75661918565572,0.3286543136793361,0.4793593909976356,0.38302881327142585,-87.55846762904626,31.958216800836475,5.589114244303283
12.35,-34.1747635070551,0.34343285694350706,0.47360159245845085,0.38576592682127564,-96.88841187428321,34.14268982497193,6.0636709478834705
12.375,-32.41486804844917,0.35962823051143955,0.4674150439170882,0.388703281501275,-107.50306156980298,36.64083694524597,6.5916395854652485
12.4,-30.452814986662855,0.3774039504659495,0.46077150000494654,0.3918675237594491,-119.56317222307452,39.51418353998742,7.180255504001144
12.425,-28.262422272651968,0.396931466892131,0.45365239961954906,0.39528903739756616,-133.2215050389822,42.837638565716674,7.83737331820441
12.45,-25.816270652454122,0.4183824812737103,0.4460545206711543,0.3990020950158118,-148.60112157418686,46.70196253316564,8.571218804263763
12.475,-23.087274489603747,0.4419162639406917,0.4379956589674917,0.403044738332887,-165.76116075918242,51.21613624673188,9.389917653118875
12.5,-20.051337977666403,0.4676604714273271,0.42951863436230747,0.4074582128384889,-184.64675706465226,56.509092093144844,10.300698606700077
12.525,-16.691475267935257,0.495684475028951,0.4206915494613998,0.41228573500620086,-205.02240036802195,62.72987757073402,11.308657419619422
12.55,-13.003677960466304,0.5259657266521315,0.4116028440824916,0.417570348180176,-226.3955343517286,70.04483598159852,12.414996611860108
12.575,-9.004435227140577,0.5583525843041489,0.40235150892091825,0.42335166591118695,-247.95172516196658,78.6299824057624,13.614769431857827
12.6,-4.7389931972355095,0.5925311254196854,0.3930350511952977,0.42966146196060295,-268.5423865996896,88.65681319579964,14.894402040829346
12.625,-0.28819628595948554,0.6280074307601443,0.3837389415460179,0.4365183869914957,-286.779121426504,100.27088823956537,16.229641114212153
12.65,4.229452376070992,0.6641179014158834,0.3745304112332134,0.4439225538659958,-301.27285778667965,113.56509467355502,17.5849357128213
12.675,8.66402304100827,0.7000754972364964,0.36545725940858315,0.4518511955947482,-310.9930492241793,128.5531462352023,18.91530691230248
12.7,12.85022302485101,0.7350489131201305,0.35655033923168034,0.46025679443755024,-315.6290982073186,145.15182272741126,20.1711669074553
12.725,16.630794619792912,0.7682586123143469,0.3478276577693529,0.46906873545146544,-315.77921444693675,163.18008631304625,21.305338385937873
12.75,19.880638677990316,0.7990653649994721,0.33929843895248996,0.4781986109688207,-312.84253107354505,182.3781202116476,22.280291603397096
12.775,22.523789857398683,0.8270288767790263,0.3309663353242571,0.48754813968402017,-308.64121656376733,202.44144144710194,23.073236957219603
12.8,24.53825716746458,0.8519255426424409,0.3228316444992887,0.49701785144280797,-304.94421216633066,223.05920807676094,23.677577150239372
12.825,25.949005815956586,0.8737288070361021,0.31489271276994074,0.5065146421456164,-303.09366430338133,243.9454234775694,24.100801744786974
12.85,26.813630523684257,0.8925656458212344,0.3071467795655663,0.5159569626948614,-303.8438637764765,264.85659415763587,24.360189157105275
12.875,27.206469313495166,0.908665021662066,0.29959047290749036,0.5252773321702982,-307.3988812323191,285.5958029878363,24.47804079404855
12.9,27.205407915215375,0.9223104777451765,0.29222009853506414,0.534422600906953,-313.5628370607096,306.00746701246754,24.47772237456461
12.925,26.883162407743004,0.9338031868313088,0.2850318101820209,0.5433527264143061,-321.9134024792084,325.968072965837,24.381048722322898
12.95,26.30286184883471,0.9434368152102198,0.27802171184648006,0.5520388149184652,-331.9436172728087,345.37692098765564,24.206958554650413
12.975,25.51679265665795,0.9514826573907894,0.2711859208909545,0.5604609883879316,-343.1542089116849,364.1489521177633,23.971137796997386
13.0,24.5670212467086,0.9581824269382483,0.2645206082347127,0.5686064087008388,-355.1015732312525,382.21015130214863,23.68620637401258
13.025,23.486879162358335,0.963746136310052,0.2580220248757626,0.5764676070575531,-367.4149558690594,399.495133053786,23.3621637487075
13.05,22.30266124883126,0.9683530212001822,0.25168652007507863,0.5840411492842296,-379.79599847080505,415.94621419630266,23.006898374649378
13.075,21.035194649866988,0.9721540704969661,0.24551055434992486,0.5913266066874511,-392.01016482101807,431.5133121011051,22.626658394960092
13.1,19.701141518369433,0.9752752363045959,0.23949070917865692,0.5983257788465156,-403.8757504104289,446.15417441142984,22.22644245551083
13.125,18.31401375315426,0.977820774025003,0.23362369459283464,0.6050421123886363,-415.25335176373125,459.8346289907597,21.810304125946278
13.15,16.884931975153457,0.9798764132584676,0.22790635539489393,0.6114802668977478,-426.03693289094787,472.5286903752086,21.381579592546036
13.175,15.423178939956092,0.9815122168613506,0.22233567646691987,0.6176457890550544,-436.14670697890745,484.2184602966368,20.943053681986825
13.2,13.936597495644598,0.9827850777073208,0.21690878746003045,0.6235448656782601,-445.523644023489,494.8938210637868,20.49707924869338
13.225,12.43187568193083,0.9837408536591564,0.21162296703633773,0.6291841342799425,-454.12528603384584,504.5519526898512,20.04566270457925
13.25,10.914752215914378,0.9844161670353763,0.20647564675431868,0.6345705358768683,-461.92255376187296,513.1967178140608,19.59052566477431
13.275,9.390166953675529,0.9848399058974451,0.20146441463048226,0.639711199257107,-468.8972812492444,520.8379603882273,19.13315008610266
13.3,7.862373843194556,0.9850344672893538,0.19658701836732959,0.6446133490880429,-475.04027685770495,527.4907600125332,18.674812152958367
13.325,6.335028492770779,0.9850167810420706,0.19184136820449557,0.6492842324577099,-480.3497650551475,533.1746769950263,18.216608547831235
13.35,4.811258550855069,0.9847991491929031,0.18722553932324135,0.6537310599601155,-484.8301069693868,537.9130156155354,17.75947756525652
13.375,3.2937223213921167,0.9843899317533469,0.18273777371189856,0.6579609584729872,-488.4907297202586,541.7321257635676,17.304216696417633
13.4,1.7846591312690911,0.9837941051852198,0.17837648138002016,0.6619809334864319,-491.3452168261985,544.6607566189805,16.85149773938073
13.425,0.2859336814686433,0.9830137158642275,0.17414024079116372,0.6657978393303726,-493.4105269332764,546.7294705624121,16.401880104440593
13.45,-1.2009242351370368,0.9820482471749359,0.17002779836819226,0.6694183559906232,-494.7063178421516,547.9701210669584,15.955822729458887
13.475,-2.6746838157811403,0.9808949157338729,0.16603806691110293,0.6728489714472804,-495.2543589712864,548.4153948641069,15.513694855265658
13.5,-4.1343806440009025,0.9795489095621751,0.1621701227565601,0.6760959686473726,-495.07801921412283,548.0984160804973,15.075785806799729
13.525,-5.579287129417009,0.9780035787812835,0.15842320150190425,0.6791654163578315,-494.2018194833735,547.0524081773533,14.642313861174896
13.55,-7.008885849170215,0.9762505875284171,0.15479669211636463,0.6820631632487487,-492.6510406732755,545.3104082631661,14.213434245248935
13.575,-8.422845722888006,0.9742800342241469,0.1512901292708329,0.6847948346396369,-490.4513787008573,542.9050275760368,13.789246283133599
13.6,-9.821000992437,0.9720805460160346,0.14790318373750738,0.687365831408941,-487.6286389650664,539.868251545285,13.3697997022689
13.625,-11.203332995618155,0.9696393521185133,0.14463565074469714,0.6897813306233221,-484.20846315239476,536.2312727613005,12.955100101314553
13.65,-12.569954727146342,0.9669423398244139,0.14148743622251508,0.6920462874910083,-480.2160819240356,532.0243503449881,12.545113581856098
13.675,-13.921098174955258,0.9639740961387999,0.13845854094386545,0.6941654382848158,-475.6760877077619,527.2766895669465,12.139770547513422
13.7,-15.257104407069445,0.9607179372487792,0.1355490426525505,0.6961433039169391,-470.6122226255773,522.0163360888371,11.738968677879166
13.725,-16.578416364570174,0.9571559273686547,0.13275907637525472,0.6979841938807092,-465.04717753356135,516.270079862878,11.342575090628948
13.75,-17.885574289441987,0.9532688878706025,0.13008881323306995,0.6996922103055299,-459.0023992340192,510.06336451430207,10.950427713167402
13.775,-19.179213682050776,0.949036397017611,0.12753843819489497,0.7012712519013761,-452.49790412778594,503.420198932948,10.562335895384768
13.8,-20.46006564157373,0.944436780057012,0.12510812734060114,0.702725017599689,-445.5520978783428,496.36306880015854,10.17808030752788
13.825,-21.728959394270095,0.9394470889181297,0.1227980253150374,0.7040570097293128,-438.18160202076245,488.9128468583135,9.797412181718972
13.85,-22.9868267599478,0.9340430703046992,0.1206082237420724,0.7052705366001322,-430.40108982361403,481.0887018699987,9.42005197201566
13.875,-24.234708247701793,0.9281991206099858,0.11853874141820933,0.7063687144040074,-422.2231350601945,472.9080073846874,9.045687525689463
13.9,-25.473760409464056,0.9218882258482155,0.11658950710689751,0.7073544683829192,-413.6580786400988,464.38625260322743,8.673971877160783
13.925,-26.705264015228288,0.9150818847385325,0.1147603457003534,0.7082305332582004,-404.7139192930901,455.53695877770446,8.304520795431513
13.95,-27.930632547099492,0.9077500132562873,0.11305096840388217,0.7089994529624768,-395.39623572239475,446.37160568877607,7.936910235870152
13.975,-29.151420438903294,0.8998608294523411,0.11146096743358899,0.7096635797675102,-385.7081489388409,436.89957380375137,7.570673868329012
14.0,-30.36933040985307,0.8913807182204543,0.10998981551431021,0.7102250729567182,-375.65033498521666,427.12810875960054,7.2053008770440785
14.025,-31.58621914763313,0.8822740770719489,0.10863687023918348,0.7106858972511242,-365.22110014068903,417.06231588708476,6.840234255710061
14.05,-32.8041004779475,0.872503145989613,0.10740138312851628,0.711047821262675,-354.4165331662211,406.7051936757612,6.47486985661575
14.075,-34.025145000977155,0.8620278272509933,0.10628251302810368,0.7113124163205138,-343.23075242441695,396.05771647876514,6.108556499706854
14.100000000000001,-35.25167496510856,0.8508055049570036,0.10527934333895284,0.711481056095629,-331.6562699552574,385.1189784869914,5.740597510467431
14.125,-36.486152869205085,0.8387908791607014,0.10439090248982551,0.7115549175392515,-319.6844998945352,373.88641317137717,5.370254139238474
14.15,-37.73116192331087,0.8259358363221511,0.10361618706186695,0.711534983752195,-307.30644489527344,362.3561050666275,4.996751423006739
14.175,-38.989376047004214,0.8121893867527152,0.10295418705164612,0.7114220495167609,-294.5136010834355,350.5232139339932,4.619287185898735
14.2,-40.26351655003276,0.7974977112467866,0.10240391290375606,0.7112167303485605,-281.29912873784207,338.3825348352471,4.237045034990172
14.225000000000001,-41.556292047908954,0.7818043737254838,0.10196442413079443,0.7109194760575607,-267.6593408647093,325.92922109110924,3.8492123856273137
14.25,-42.87031757634845,0.7650507748156796,0.10163485952373352,0.7105305899350832,-253.5955627321511,313.15969976883633,3.455004727095466
14.275,-44.20800839468066,0.7471769429059983,0.10141446907541406,0.7100502547874019,-239.11640855240745,300.0728100621615,3.0536974815958016
14.3,-45.57144379507777,0.7281227836952155,0.1013026477066364,0.7094785670872914,-224.24050155538674,286.6711918885594,2.644666861476669
14.325,-46.962196645457084,0.7078299345993581,0.10129897058682674,0.7088155804698246,-208.99962362425015,272.96294266906193,2.227441006362875
14.350000000000001,-48.38112579214543,0.6862443924325728,0.10140322915129497,0.7080613596019519,-193.44221195463115,258.96354119386115,1.8017622623563703
14.375,-49.82813135834302,0.6633200939641974,0.10161546570926734,0.7072160450402063,-177.63701423827652,244.69800468103523,1.3676605924970935
14.4,-51.30187799960415,0.6390236170242883,0.10193600272924622,0.7062799289877812,-161.67656507219317,230.20319453489535,0.9255366001187546
14.425,-52.799498872578035,0.6133401168573216,0.10236546051042338,0.7052535408146325,-145.67995789977383,215.53011516066593,0.47625033822658974
14.45,-54.31630368051788,0.5862804952518044,0.10290475423776141,0.7041377397928288,-129.7941797720157,200.74595951962098,0.02120889584463512
14.475000000000001,-55.84552717269835,0.5578895939101008,0.10355505892631969,0.7029338107740379,-114.19310005324859,185.9355533420528,-0.4375581518095039
14.5,-57.37816806101926,0.5282548917623874,0.10431772943254797,0.7016435566490332,-99.07314479560115,171.20175714620103,-0.8973504183057777
14.525,-58.90297877083727,0.4975147766513702,0.10519416384991856,0.7002693796579426,-84.64486329824155,156.6643362110385,-1.3547936312511815
14.55,-60.40666810137594,0.4658650115525834,0.10618560361750201,0.6988143423636748,-71.12011942362078,142.45685096855152,-1.8059004304127824
14.575,-61.874365115287425,0.43356164968142147,0.10729287348611492,0.6972821988333883,-58.69556547204602,128.72130258979215,-2.246209534586227
14.600000000000001,-63.29035846621119,0.40091856384981284,0.10851607872294655,0.6956773877436296,-47.534265901141026,115.60061629522376,-2.671007539863356
14.625,-64.63907166959429,0.3682981530605511,0.10985429307912081,0.6940049820117467,-37.74848858282806,103.22952799082678,-3.075621500878286
14.65,-65.90617163289176,0.336094793369038,0.11130528430220875,0.6922705940960787,-29.38725009099848,91.72494931972723,-3.4557514898675263
14.675,-67.07965460208817,0.3047121092120972,0.11286532844779969,0.6904802417600322,-22.43170953809179,81.17724660974439,-3.8077963806264505
14.7,-68.15073330022561,0.27453676719540226,0.11452915550711475,0.6886401848277398,-16.79984505532522,71.64390220050117,-4.129119990067683
14.725000000000001,-69.11437610269931,0.24591265600591908,0.11629004688107118,0.686756747938494,-12.359491914719326,63.14664801828468,-4.418212830809793
14.75,-69.96942005767336,0.21911950366076388,0.1181400755951792,0.6848361463113997,-8.946685289008098,55.67245214153298,-4.6747260173020075
14.775,-70.71827152915156,0.1943590485049795,0.12007045226571858,0.6828843304414492,-6.385202841007229,49.177930693117155,-4.899381458745469
14.8,-71.36628946563914,0.1717501483498935,0.12207192259727075,0.6809068617575147,-4.503565380937022,43.59612333163476,-5.0937868396917425
14.825,-71.92099190928006,0.15133231636428868,0.12413515987907961,0.6789088257038953,-3.147165520000439,38.84429317633758,-5.260197572784018
14.850000000000001,-72.39122896886926,0.13307572564226502,0.1262511068014492,0.6768947829507332,-2.1849085752733526,34.8315098742249,-5.4012686906607765
14.875,-72.78643482659992,0.11689505081793983,0.1284112390321695,0.6748687547787934,-1.5110994541898104,31.465127994445186,-5.519830447979975
14.9,-73.11602563482505,0.10266458801727187,0.1306077417171456,0.6728342358129678,-1.043991022823467,28.65571055443467,-5.618707690447515
14.925,-73.38896622311998,0.09023265700663641,0.13283360468496053,0.6707942262401447,-0.7224815679904725,26.320329074613486,-5.700589866935993
14.95,-73.61349627768426,0.07943403222071439,0.135082650798662,0.6687512760345125,-0.5021535544121347,24.384426895599148,-5.767948883305278
14.975000000000001,-73.79698860444631,0.07009983690392513,0.13734951507074225,0.6667075349509147,-0.35143052708343175,22.782555571618698,-5.822996581333894
15.0,-73.94590594855241,0.06206484697415927,0.139629591455352,0.6646648036083885,-0.24825498084804284,21.458315954218502,-5.867671784565722
15.025,-74.0658244919063,0.055172465047620675,0.14191896143469335,0.6626245825026461,-0.1774234440885749,20.36379717753664,-5.903647347571889
15.05,-74.16149768824931,0.04927777245463672,0.14421431502146853,0.6605881170591225,-0.12855819552689648,19.45874297504649,-5.932349306474793
15.075,-74.23694073546648,0.04424909925368542,0.14651287147259068,0.6585564378002403,-0.09462177323829236,18.709608474211077,-5.954982220639942
15.100000000000001,-74.29552213394987,0.03996851748472122,0.1488123042628075,0.6565303953657602,-0.0708597627585848,18.08861360697862,-5.972556640184962
15.125,-74.3400537534197,0.03633159742493125,0.151110672808298,0.6545106905455056,-0.05406434183065409,17.572855556976066,-5.985916126025908
15.15,-74.37287450234759,0.03324669359400431,0.15340636200297336,0.652497899721202,-0.04206933778424867,17.143511876887718,-5.995762350704275
15.175,-74.39592521528408,0.030633959380074217,0.15569802971089167,0.6504924962251365,-0.03340795701879161,16.78514578104346,-6.002677564585224
15.2,-74.4108139923974,0.028424231970500525,0.15798456181395587,0.6484948681529432,-0.02708259331755912,16.48511293575595,-6.007144197719218
15.225000000000001,-74.41887219153821,0.026557884083672982,0.16026503412882795,0.6465053331491601,-0.02241076616235762,16.23306239079248,-6.009561657461464
15.25,-74.42120179493189,0.024983704933753348,0.16253868039033526,0.6445241506399139,-0.018922255315044198,16.020521197049312,-6.010260538479566
15.275,-74.4187151084303,0.02365784814331761,0.16480486548508327,0.6425515319317703,-0.016290436106695783,15.840551347244324,-6.009514532529091
15.3,-74.41216781323797,0.022542866988145668,0.16706306316367503,0.6405876485383245,-0.014286373286860311,15.687468012741034,-6.007550343971391
15.325,-74.4021863535177,0.021606845617049623,0.1693128375337221,0.638632639041399,-0.012748035325297651,15.556609020385473,-6.0045559060553115
15.350000000000001,-74.38929055666172,0.020822627239160996,0.17155382772052796,0.6366866147442862,-0.011559557975741111,15.444146744315288,-6.000687166998516
15.375,-74.3739122759525,0.020167135531840092,0.17378573516732856,0.634749664331206,-0.01063719993584221,15.346934862446085,-5.9960736827857515
15.4,-74.3564107350753,0.019620782801785013,0.17600831312652215,0.6328218577101005,-0.009919769947384352,15.2623836298365,-5.99082322052259
15.425,-74.33708514977957,0.019166957074401983,0.178221357964664,0.6309032491846677,-0.00936205507047635,15.188358397201279,-5.98502554493387
15.45,-74.31618510833302,0.018791579821811573,0.18042470196630433,0.6289938800754695,-0.008930274339615867,15.123097034413828,-5.978755532499904
15.475000000000001,-74.29391911079841,0.01848272613774681,0.18261820737510046,0.627093780888377,-0.008598907818508765,15.065142707738294,-5.972075733239524
15.5,-74.27046159750915,0.018230299600615063,0.18480176145575214,0.6252029731108507,-0.008348466067719874,15.013289117551452,-5.965038479252746
15.525,-74.24595873852155,0.018025754680796136,0.18697527239810746,0.6233214707019624,-0.00816390731498026,14.966535846346515,-5.957687621556465
15.55,-74.22053320702068,0.017861860243894707,0.1891386659162111,0.6214492813301387,-0.008033504141530303,14.924051911588762,-5.950059962106203
15.575,-74.1942881193041,0.017732498413710447,0.19129188242110978,0.6195864074028393,-0.007948024601844326,14.885145980357226,-5.942186435791231
15.600000000000001,-74.16731029076784,0.017632493747736493,0.19343487466769696,0.6177328469244188,-0.007900135058155292,14.849241996848326,-5.934093087230353
15.625,-74.13967293009989,0.017557468321529286,0.19556760579355548,0.6158885942119133,-0.007883960627026643,14.815859211979102,-5.925801879029967
15.65,-74.11143787162358,0.01750371890496178,0.1976900476822926,0.6140536404931739,-0.007894758591421799,14.784595796856308,-5.917331361487073
15.675,-74.08265742755017,0.01746811293904341,0.1998021795957768,0.6122279744074378,-0.007928673450628627,14.755115377381946,-5.908697228265052
15.7,-74.05337592706297,0.017448000487017924,0.20190398702948736,0.6104115824248687,-0.007982551461637651,14.727135952809023,-5.899912778118892
15.725000000000001,-74.0236309970521,0.017441139740858824,0.2039954607532125,0.6086044491986977,-0.008053798899087368,14.700420762423994,-5.8909892991156285
15.75,-73.99345462944508,0.017445634018539838,0.2060765960059271,0.6068065578612215,-0.00814027271635082,14.674770746401505,-5.881936388833524
15.775,-73.96287407202227,0.017459878493689154,0.20814739181910125,0.6050178902729543,-0.008240195426612588,14.650018313028548,-5.872762221606682
15.8,-73.93191257302665,0.01748251516271284,0.21020785044712959,0.6032384272326397,-0.008352088245608024,14.626022178003318,-5.863473771907995
15.825,-73.90059000450255,0.017512394780317228,0.21225797688724185,0.6014681486545035,-0.008474718123789885,14.602663084822957,-5.854077001350764
15.850000000000001,-73.86892338490152,0.017548544687360723,0.21429777847426038,0.5997070337180487,-0.008607055435031942,14.579840250369369,-5.844577015470456
15.875,-73.83692731789426,0.017590141619493137,0.2163272645380518,0.5979550609948022,-0.008748239912867908,14.557468408275161,-5.834978195368279
15.9,-73.80461436137786,0.017636488725016143,0.21834644611357582,0.5962122085556806,-0.008897553025019538,14.535475345775351,-5.825284308413357
15.925,-73.77199533824762,0.01768699613929105,0.2203553356951119,0.5944784540620396,-0.009054395416502282,14.51379984855652,-5.815498601474286
15.95,-73.73907959851381,0.01774116456386967,0.22235394702765648,0.5927537748429607,-0.009218268375913769,14.492389983431382,-5.805623879554143
15.975000000000001,-73.7058752407088,0.017798571383976315,0.22434229492963215,0.5910381479609148,-0.009388758520480947,14.47120166115065,-5.795662572212642
16.0,-73.67238929918265,0.017858858930309005,0.22632039514201124,0.589331550267597,-0.009565525075762455,14.450197431862957,-5.785616789754796
16.025,-73.63862790277423,0.017921724552324488,0.2282882641997598,0.5876339584514284,-0.009748289261829302,14.429345474068757,-5.775488370832269
16.05,-73.60459640942786,0.017986912221910425,0.23024591932215932,0.5859453490779967,-0.009936825400976642,14.408618744741124,-5.765278922828356
16.075,-73.57029952056645,0.01805420543007009,0.23219337831912254,0.5842656986244912,-0.010130953441020309,14.387994263882964,-5.754989856169935
16.1,-73.53574137840411,0.018123421176178996,0.2341306595110806,0.5825949835090298,-0.010330532649162154,14.367452511386745,-5.744622413521233
16.125,-73.50092564886005,0.018194404880563682,0.23605778166039143,0.5809331801156342,-0.01053545627877104,14.34697691784192,-5.734177694658014
16.15,-73.4658555923034,0.01826702607748804,0.23797476391255498,0.5792802648154891,-0.010745647048534493,14.326553434046554,-5.723656677691019
16.175,-73.43053412399856,0.01834117476786364,0.2398816257457752,0.5776362139850292,-0.010961053302733734,14.306170166547451,-5.713060237199566
16.2,-73.39496386582135,0.018416758329766574,0.24177838692764125,0.5760010040213082,-0.011181645744706451,14.285817068650788,-5.702389159746406
16.225,-73.35914719056669,0.01849369890068276,0.24366506747789035,0.574374611355039,-0.011407414654246528,14.265485678098738,-5.691644157170006
16.25,-73.32308625995968,0.01857193115877104,0.2455416876363633,0.572757012461638,-0.011638367514768929,14.245168894059065,-5.680825877987904
16.275,-73.28678305730821,0.01865140044171898,0.24740826783541145,0.5711481838705494,-0.011874526988327957,14.224860787277363,-5.669934917192464
16.3,-73.25023941558877,0.018732061151288948,0.24926482867611244,0.5695481021730923,-0.012115929186595919,14.204556438242065,-5.658971824676629
16.325,-73.21345704163512,0.01881387539969314,0.2511113909077552,0.5679567440290345,-0.01236262219415565,14.184251799043217,-5.647937112490537
16.35,-73.1764375369968,0.018896811860723128,0.2529479754101356,0.566374086172065,-0.012614664807276868,14.163943575298038,-5.63683126109904
16.375,-73.13918241594794,0.01898084479429026,0.2547746031782617,0.5648001054143177,-0.01287212545701087,14.143629125093533,-5.625654724784383
16.4,-73.1016931210544,0.01906595321787254,0.25659129530914115,0.56323477865007,-0.013135081290167593,14.123306372378694,-5.614407936316319
16.425,-73.06397103664592,0.01915212020245062,0.25839807299035444,0.5616780828587299,-0.013403617385700548,14.102973732641216,-5.6030913109937766
16.45,-73.02601750048849,0.019239332273967444,0.2601949574901725,0.5601299951072043,-0.013677826087356928,14.082630049041569,-5.591705250146547
16.475,-72.98783381390805,0.019327578904263353,0.26198197014900787,0.5585904925517264,-0.013957806436261955,14.062274537459515,-5.580250144172416
16.5,-72.94942125058039,0.019416852077902006,0.2637591323720126,0.5570595524392185,-0.014243663689481297,14.041906739146258,-5.568726375174116
16.525,-72.91078106417017,0.01950714592338657,0.2655264656226745,0.5555371521082413,-0.014535508912624152,14.021526479873838,-5.557134319251049
16.55,-72.87191449497591,0.0195984563990255,0.26728399141727094,0.5540232689895905,-0.014833458636259324,14.001133834642934,-5.545474348492773
16.575,-72.83282277571502,0.01969078102519699,0.26903173132006764,0.5525178806065807,-0.015137634567376821,13.98072909715014,-5.533746832714504
16.6,-72.79350713656385,0.01978411865601996,0.27076970693916497,0.551020964575053,-0.015448163348369785,13.96031275333573,-5.521952140969153
16.625,-72.75396880955164,0.019878469284504787,0.27249793992289917,0.5495324986031478,-0.015765176357072228,13.939885458434318,-5.5100906428654906
16.65,-72.71420903239292,0.019973833876158486,0.2742164519567328,0.5480524604908623,-0.016088809542296807,13.919448017035082,-5.4981627097178745
16.675,-72.67422905183146,0.020070214226781995,0.2759252647605623,0.5465808281294267,-0.01641920329009221,13.899001365731477,-5.486168715549438
16.7,-72.63403012655871,0.02016761284084332,0.27762440008639155,0.5451175795005149,-0.016756502316606157,13.87854655800027,-5.474109037967613
16.725,-72.59361352976055,0.02026603282735694,0.279313879716323,0.5436626926753109,-0.01710085558400893,13.858084751003366,-5.461984058928164
16.75,-72.55298055133945,0.020365477810663564,0.28099372546082135,0.5422161458134505,-0.01745241623642228,13.83761719404861,-5.449794165401833
16.775,-72.51213249985233,0.02046595185389705,0.28266395915721826,0.5407779171618465,-0.01781134155321893,13.817145218483661,-5.437539749955698
16.8,-72.47107070419897,0.020567459393257815,0.28432460266842247,0.5393479850534175,-0.018177792917417456,13.796670228829912,-5.425221211259689
16.825,-72.42979651509125,0.020670005181494405,0.28597567788180883,0.5379263279057261,-0.018551935797207746,13.776193694989594,-5.412838954527376
16.85,-72.3883113063297,0.02077359423923481,0.28761720670826546,0.5365129242195376,-0.01893393973891045,13.755717145382508,-5.400393391898909
16.875,-72.34661647590968,0.020878231813010694,0.28924921108137297,0.5351077525773104,-0.01932397836989838,13.735242160890127,-5.387884942772905
16.9,-72.30471344697736,0.020983923338991885,0.2908717129567032,0.5337107916416216,-0.019722229410210224,13.714770369500167,-5.375314034093208
16.925,-72.26260366865253,0.02109067441159355,0.29248473431121724,0.5323220201535381,-0.020128874691752913,13.694303441559848,-5.362681100595759
16.95,-72.22028861673327,0.021198490756242985,0.29408829714275103,0.5309414169309373,-0.02054410018413538,13.673843085559332,-5.349986585019981
16.975,-72.17776979429536,0.021307378205698904,0.2956824234695785,0.5295689608667814,-0.020968096026303194,13.65339104437654,-5.337230938288607
17.0,-72.1350487321982,0.02141734267940561,0.29726713533003646,0.5282046309273544,-0.021401056563250403,13.632949091923974,-5.32441461965946
17.025,-72.09212698950668,0.0215283901654404,0.29884245478220867,0.5268484061504597,-0.021843180387177554,13.612519030146986,-5.311538096852004
17.05,-72.04900615383816,0.021640526704678285,0.3004084039036565,0.525500265643588,-0.02229467038254664,13.592102686328218,-5.298601846151449
17.075,-72.00568784164189,0.02175375837685227,0.3019650047911899,0.524160188582055,-0.02275573377454935,13.5717019106604,-5.285606352492565
17.1,-71.9621736984176,0.021868091288235525,0.30351227956067656,0.5228281542071123,-0.02322658218056815,13.55131857405346,-5.27255210952528
17.125,-71.91846539887925,0.021983531560710763,0.3050502503468775,0.521504141824036,-0.023707431664255995,13.530954566147393,-5.259439619663774
17.15,-71.8745646470689,0.022100085322027393,0.3065789393033116,0.5201881308001933,-0.024198502791909077,13.510611793504937,-5.2462693941206675
17.175,-71.83047317642527,0.02221775869707455,0.30809836860213935,0.5188801005630903,-0.024700020690838466,13.490292177962875,-5.233041952927581
17.2,-71.78619274981119,0.022336557800024807,0.30960856043406554,0.5175800305984039,-0.025212215109485434,13.469997655121936,-5.219757824943358
17.225,-71.74172515950303,0.022456488727222803,0.3111095370082588,0.5162879004479958,-0.025735320479047245,13.449730172959134,-5.20641754785091
17.25,-71.69707222714567,0.02257755755071203,0.3126013205522808,0.5150036897079163,-0.02626957597640593,13.42949169054776,-5.1930216681437
17.275,-71.6522358036754,0.022699770312308055,0.31408393331203,0.5137273780263932,-0.02681522558817293,13.409284176872317,-5.179570741102618
17.3,-71.60721776921348,0.022823133018140183,0.31555739755169143,0.5124589451018114,-0.02737251817567989,13.389109609727136,-5.1660653307640425
17.325,-71.5620200329323,0.022947651633593483,0.31702173555369423,0.5111983706806835,-0.027941707540757005,13.368969974689255,-5.152506009879688
17.35,-71.51664453289612,0.023073332078594983,0.31847696961867733,0.5099456345556099,-0.028523052492159924,13.348867264156647,-5.138893359868836
17.375,-71.4710932358782,0.02320018022319319,0.31992312206545676,0.5087007165632353,-0.02911681691250634,13.328803476444904,-5.12522797076346
17.4,-71.4253681371557,0.023328201883390028,0.3213602152310004,0.5074635965821954,-0.02972326982560297,13.308780614935124,-5.11151044114671
17.425,-71.37947126028385,0.02345740281718819,0.32278827147040384,0.5062342545310613,-0.030342685464042344,13.288800687268097,-5.097741378085154
17.45,-71.33340465685059,0.023587788720823066,0.3242073131568694,0.5050126703662786,-0.030975343336959015,13.268865704579067,-5.083921397055176
17.475,-71.28717040621268,0.02371936522515312,0.325617362681689,0.5037988240801031,-0.03162152829784086,13.24897768076926,-5.070051121863804
17.5,-71.24077061521442,0.02385213789218511,0.32701844245422657,0.502592695698535,-0.03228153061228932,13.229138631810084,-5.056131184564324
17.525,-71.1942074178898,0.02398611221171551,0.32841057490190506,0.50139426527925,-0.032955646025633514,13.20935057507643,-5.04216222536694
17.55,-71.14748297514899,0.024121293598071216,0.3297937824701933,0.5002035129095309,-0.03364417583029979,13.189615528706538,-5.028144892544696
17.575,-71.10059947444975,0.02425768738693479,0.3311680876225945,0.49902041870419955,-0.03434742693284052,13.169935510985677,-5.014079842334925
17.6,-71.05355912945465,0.02439529883224325,0.3325335128406383,0.497844962803547,-0.03506571192053314,13.150312539751008,-4.999967738836396
17.625,-71.00636417967459,0.0245341331031488,0.3338900806238723,0.49667712537126885,-0.035799349127451675,13.130748631816383,-4.985809253902377
17.65,-70.95901689009918,0.02467419528103373,0.3352378134898575,0.495516886592399,-0.036548662699923115,13.111245802414599,-4.971605067029754
17.675,-70.91151955081467,0.02481549035657151,0.3365767339741646,0.49436422667124863,-0.0373139826612746,13.091806064655986,-4.957355865244402
17.7,-70.86387447660982,0.024958023226827872,0.3379068646303728,0.4932191258293485,-0.038095644975779414,13.07243142900196,-4.943062342982946
17.725,-70.81608400657012,0.02510179869239704,0.3392282280300725,0.4920815643033938,-0.03889399161171204,13.053123902752075,-4.928725201971036
17.75,-70.76815050366099,0.02524682145456798,0.340540846762869,0.4909515223431961,-0.03970937060341533,13.033885489543986,-4.9143451510982965
17.775,-70.72007635430008,0.025393096112517676,0.34184474343639126,0.4898289802096391,-0.040542136112289864,13.014718188865197,-4.899922906290023
17.8,-70.67186396791942,0.025540627160528292,0.34313994067630343,0.4887139181726409,-0.0413926484866097,12.995623995575583,-4.885459190375826
17.825,-70.62351577651755,0.025689418985225445,0.34442646112631936,0.4876063165091246,-0.04226127432006745,12.976604899440535,-4.870954732955265
17.85,-70.57503423420196,0.025839475862836355,0.34570432744822444,0.48650615550099346,-0.04314838650895555,12.957662884673546,-4.856410270260589
17.875,-70.52642181672242,0.025990801956465484,0.3469735623218981,0.4854134154331174,-0.04405436430788065,12.938799929488274,-4.841826545016725
17.9,-70.47768102099519,0.026143401313387632,0.34823418844534554,0.4843280765913253,-0.04497959338391817,12.920018005659154,-4.827204306298557
17.925,-70.42881436461883,0.026297277862356864,0.349486228534732,0.483250119260409,-0.045924465869101504,12.901319078090475,-4.812544309385649
17.95,-70.37982438538154,0.02645243541093108,0.3507297053244236,0.4821795237221363,-0.046889380411145896,12.882705104393516,-4.797847315614462
17.975,-70.33071364076058,0.026608877642812216,0.3519646415670363,0.481116270253274,-0.047874742222304915,12.864178034471287,-4.783114092228173
18.0,-70.28148470741405,0.02676660811520168,0.35319106003348855,0.48006033912362434,-0.048880963126252695,12.845739810110826,-4.768345412224215
18.025,-70.23214018066511,0.02692563025617152,0.3544089835130642,0.47901171059407055,-0.04990846160288796,12.82739236458284,-4.753542054199533
18.05,-70.18268267397919,0.02708594736205163,0.3556184348134807,0.477970364914637,-0.05095766283095169,12.809137622248315,-4.738704802193756
18.075000000000003,-70.13311481843434,0.02724756259483326,0.3568194367609657,0.4769362823225627,-0.05202899872834914,12.790977498172156,-4.723834445530301
18.1,-70.08343926218505,0.027410478979589967,0.3580120122003425,0.475909443040387,-0.053122907990068594,12.772913897743488,-4.708931778655516
18.125,-70.03365866991972,0.027574699401916404,0.35919618399512426,0.4748898272740512,-0.05423983612358397,12.75494871630284,-4.693997600975915
18.15,-69.98377572231217,0.027740226605385908,0.36037197502761603,0.4738774152110147,-0.055380235481629125,12.7370838387757,-4.679032716693652
18.175,-69.9337931154675,0.02790706318902801,0.3615394081990275,0.47287218701838696,-0.0565445652922321,12.719321139312713,-4.664037934640248
18.200000000000003,-69.88371356036232,0.02807521160482662,0.3626985064295942,0.4718741228410764,-0.05773329168589235,12.701662480936315,-4.649014068108697
18.225,-69.83353978228,0.028244674155240318,0.3638492926587097,0.47088320279995577,-0.05894688771978826,12.684109715193811,-4.633961934684
18.25,-69.7832745202408,0.02841545299074596,0.36499178984506786,0.46989940699004457,-0.06018583339889846,12.666664681816643,-4.6188823560722385
18.275,-69.73292052642759,0.028587550107406462,0.36612602096681535,0.46892271547871134,-0.06145061569391786,12.649329208386078,-4.603776157928277
18.3,-69.68248056560704,0.02876096734446459,0.36725200902171523,0.46795310830389375,-0.06274172855585422,12.632105110005288,-4.5886441696821105
18.325000000000003,-69.63195741454679,0.028935706381963456,0.36836977702732154,0.46699056547233875,-0.06405967292718277,12.614994188977473,-4.573487224364037
18.35,-69.58135386142882,0.029111768738396,0.3694793480211652,0.4660350669578626,-0.0654049567494466,12.59799823449041,-4.558306158428647
18.375,-69.53067270525922,0.029289155768383923,0.3705807450609522,0.46508659269963165,-0.06677809496717764,12.58111902230714,-4.543101811577766
18.4,-69.47991675527476,0.029467868660388096,0.3716739912247724,0.46414512260046503,-0.06817960952802281,12.56435831446291,-4.527875026582427
18.425,-69.42908883034637,0.029647908434451847,0.3727591096113212,0.4632106365251589,-0.06961002937895623,12.547717858968408,-4.512626649103912
18.450000000000003,-69.37819175838013,0.029829275939978285,0.3738361233401321,0.4622831142988341,-0.071069890458456,12.531199389518985,-4.497357527514038
18.475,-69.32722837571545,0.03001197185354354,0.3749050555518233,0.4613625357053062,-0.07255973568452957,12.514804625210417,-4.482068512714634
18.5,-69.2762015265215,0.030195996676747522,0.3759659294083551,0.4604488804854798,-0.07408011493846993,12.49853527026045,-4.466760457956451
18.525,-69.22511406219145,0.030381350734103,0.37701876809330054,0.4595421283357673,-0.07563158504421962,12.48239301373692,-4.451434218657435
18.55,-69.17396884073523,0.03056803417096539,0.37806359481212815,0.4586422589065333,-0.0772147097432315,12.46637952929182,-4.436090652220568
18.575000000000003,-69.122768726171,0.030756046951504138,0.37910043279249717,0.4577492518005641,-0.07883005966470534,12.450496474901595,-4.420730617851301
18.6,-69.07151658791551,0.03094538885671774,0.3801293052845657,0.4568630865715634,-0.08047821229108866,12.43474549261368,-4.405354976374653
18.625,-69.02021530017369,0.031136059482493598,0.3811502355613119,0.45598374272267506,-0.08215975191872564,12.419128208299053,-4.389964590052107
18.65,-68.96886774132781,0.03132805823771414,0.38216324691886644,0.4551111997050334,-0.08387526961353967,12.403646231411043,-4.374560322398343
18.675,-68.91747679332643,0.031521384342411085,0.38316836267685894,0.4542454369163412,-0.08562536316164243,12.388301154750248,-4.359143037997929
18.700000000000003,-68.86604534107342,0.03171603682596907,0.3841656061787752,0.4533864336994769,-0.08741063701475636,12.373094554235468,-4.343713602322024
18.725,-68.81457627181729,0.031912014525380006,0.38515500079232873,0.4525341693411299,-0.0892317022303434,12.35802798868097,-4.328272881545186
18.75,-68.76307247454127,0.03210931608355016,0.3861365699098437,0.4516886230704658,-0.09108917640633739,12.343102999579488,-4.312821742362382
18.775,-68.71153683935424,0.032307939947660735,0.38711033694864955,0.45084977405782245,-0.09298368361037224,12.328321110891618,-4.297361051806271
18.8,-68.65997225688285,0.032507884367583964,0.38807632535148856,0.4500176014134358,-0.0949158543034093,12.31368382884099,-4.281891677064856
18.825000000000003,-68.6083816176653,0.032709147394355445,0.3890345585869344,0.44919208418619755,-0.0968863252576606,12.299192641715496,-4.26641448529959
18.85,-68.5567678115466,0.032911726878704944,0.3899850601498232,0.44837320136244396,-0.09889573946871899,12.284849019674619,-4.250930343463982
18.875,-68.50513372707616,0.03311562046964631,0.39092785356169574,0.44756093186477697,-0.10094474606179805,12.270654414562495,-4.235440118122846
18.9,-68.45348225090753,0.033320825613128165,0.3918629623712504,0.446755254550918,-0.10303400019199437,12.256610259726955,-4.219944675272258
18.925,-68.40181626720086,0.03352733955074627,0.39279041015480826,0.44595614821259477,-0.10516416293848409,12.242717969844454,-4.204444880160257
18.950000000000003,-68.3501386570282,0.03373515931851936,0.3937102205167871,0.4451635915744618,-0.10733590119257547,12.22897894075077,-4.1889415971084585
18.975,-68.29845229778194,0.033944281745729374,0.3946224170901877,0.44437756329305433,-0.10954988753953793,12.215394549277457,-4.17343568933458
19.0,-68.24676006258673,0.034154703453827207,0.39552702353708924,0.44359804195577707,-0.11180680013413186,12.20196615309403,-4.157928018776019
19.025,-68.19506481971511,0.03436642085540491,0.3964240635491548,0.4428250060799274,-0.11410732256976722,12.188695090555838,-4.142419445914534
19.05,-68.14336943200712,0.03457943015323612,0.3973135608481461,0.4420584341117537,-0.11645214374123249,12.175582680557463,-4.126910829602136
19.075000000000003,-68.09167675629418,0.03479372733938483,0.39819553918644707,0.4412983044255498,-0.11884195770092255,12.162630222391751,-4.111403026888253
19.1,-68.03998964282741,0.0350093081943842,0.39907002234759686,0.4405445953227839,-0.12127746350851738,12.149838995614353,-4.095896892848222
19.125,-67.98831093471088,0.035226168286486254,0.3999370341468309,0.4397972850312649,-0.12375936507405794,12.137210259913589,-4.080393280413264
19.15,-67.93664346733983,0.03544430297098283,0.40079659843162946,0.4390563517043448,-0.12628837099436785,12.12474525498575,-4.06489304020195
19.175,-67.88499006784417,0.035663707389599335,0.40164873908227394,0.43832177342015727,-0.1288651943827867,12.1124452004157,-4.049397020353251
19.200000000000003,-67.83335355453767,0.03588437646996143,0.4024934800124101,0.43759352818089464,-0.13149055269217294,12.100311295562653,-4.0339060663613
19.225,-67.78173673637284,0.03610630492513605,0.4033308451696182,0.4368715939121207,-0.13416516753115199,12.088344719451165,-4.01842102091185
19.25,-67.73014241240202,0.03632948725324679,0.404160858535989,0.4361559484621219,-0.1368897644735799,12.076546630667115,-4.002942723720605
19.275,-67.6785733712447,0.03655391773716474,0.4049835441287054,0.435446569601296,-0.1396650728612071,12.064918167258785,-3.9874720113734083
19.3,-67.62703239056145,0.03677959044427488,0.4057989260006291,0.4347434350215789,-0.14249182559952678,12.05346044664278,-3.9720097171684356
19.325000000000003,-67.57552223653477,0.037006499226318976,0.4066070282408922,0.4340465223359096,-0.14537075894680423,12.042174565514786,-3.9565566709604294
19.35,-67.52404566335676,0.03723463771931522,0.4074078749754923,0.43335580907773313,-0.14830261229628733,12.031061599765131,-3.9411136990070275
19.375,-67.4726054127243,0.03746399934355483,0.4082014903678929,0.43267127270054206,-0.15128812795160076,12.020122604398983,-3.9256816238172916
19.4,-67.42120421334171,0.037694577303676216,0.4089878986196243,0.4319928905774567,-0.15432805089534157,12.00935861346105,-3.9102612640025125
19.425,-67.36984478043101,0.0379263645888165,0.40976712397088977,0.431320640000844,-0.15742312855088908,11.99877063996491,-3.8948534341293026
19.450000000000003,-67.31852981525039,0.03815935397284088,0.4105391907011711,0.43065449818197504,-0.1605741105374603,11.988359675826576,-3.8794589445751155
19.475,-67.26726200462062,0.03839353801465028,0.411304123129838,0.42999444225072103,-0.16378174841844712,11.978126691802496,-3.8640786013861854
19.5,-67.21604402046005,0.03862890905856642,0.41206194561675713,0.4293404492552886,-0.16704679544306458,11.968072637431648,-3.8487132061380134
19.525,-67.16487851932807,0.038865459234794904,0.4128126825629016,0.4286924961619933,-0.17037000628136437,11.958198440981779,-3.833363555798421
19.55,-67.11376814197747,0.03910318045996629,0.41355635841096083,0.42805055985507273,-0.1737521367526688,11.948505009399696,-3.818030442593242
19.575000000000003,-67.06271551291579,0.03934206443775438,0.4142929976459487,0.42741461713653767,-0.1771939435474778,11.938993228265357,-3.8027146538747356
19.6,-67.01172323997577,0.03958210265957218,0.41502262479581137,0.42678464472606215,-0.1806961839429272,11.929663961749883,-3.7874169719927293
19.625,-66.96079391389527,0.039823286405344833,0.41574526443203325,0.42616061926091214,-0.18425961551186623,11.920518052577208,-3.7721381741685818
19.65,-66.90993010790677,0.04006560674435907,0.41646094117023946,0.42554251729591264,-0.1878849958256383,11.91155632198929,-3.756879032372032
19.675,-66.85913437733645,0.040309054536188896,0.4171696796707966,0.4249303153034534,-0.19157308215065363,11.90277956971495,-3.7416403132009335
19.700000000000003,-66.8084092592133,0.040553620431696774,0.417871504639409,0.4243239896735326,-0.19532463113884924,11.894188573941928,-3.7264227777639913
19.725,-66.75775727188828,0.04079929487411028,0.41856644082771144,0.42372351671383873,-0.19914039851214693,11.885784091292408,-3.7112271815664837
19.75,-66.70718091466355,0.041046068100172736,0.41925451303385725,0.42312887264986987,-0.20302113874100877,11.877566856801522,-3.6960542743990654
19.775,-66.65668266743222,0.04129393014136776,0.419935746103101,0.4225400336250914,-0.20696760471721545,11.869537583899133,-3.680904800229666
19.8,-66.60626499032847,0.04154287082521631,0.4206101649283757,0.4219569757011302,-0.21098054742098626,11.861696964394431,-3.6657794970985407
19.825000000000003,-66.55593032338844,0.041792879776646044,0.42127779445086294,0.4213796748580069,-0.21506071558257783,11.854045668463392,-3.650679097016531
19.85,-66.50568108622166,0.0420439464194315,0.4219386596605576,0.42080810699440413,-0.21920885533849546,11.846584344639151,-3.6356043258664967
19.875,-66.45551967769357,0.04229605997770452,0.4225927855968245,0.4202422479279712,-0.22342570988246652,11.83931361980474,-3.6205559033080714
19.9,-66.4054484756189,0.04254920947753323,0.4232401973489472,0.4196820733956661,-0.22771201911131794,11.83223409918863,-3.605534542685669
19.925,-66.35546983646614,0.04280338374856919,0.42388092005666844,0.41912755905413185,-0.2320685192659267,11.825346366362504,-3.5905409509398423
19.950000000000003,-66.30558609507328,0.043058571425760625,0.42451497891072226,0.4185786804801095,-0.23649594256739567,11.818650983241483,-3.575575828521984
19.975,-66.25579956437474,0.043314760951131785,0.4251423991533564,0.4180354131708856,-0.2409950168486434,11.812148490086452,-3.5606398693124217
20.0,-66.20611253513967,0.04357194057562556,0.4257632060788453,0.41749773254477385,-0.2455664651815617,11.805839405508543,-3.5457337605419
20.025,-66.15652727572171,0.04383009836100906,0.42637742503399284,0.4169656139416321,-0.2502110054999393,11.799724226475636,-3.530858182716514
20.05,-66.10704603182029,0.04408922218184041,0.42698508141862374,0.4164390326234119,-0.254929350218335,11.793803428320652,-3.5160138095460867
20.075000000000003,-66.05767102625332,0.04434929972749483,0.4275862006860652,0.4159179637747424,-0.2597222058470883,11.788077464751797,-3.501201307875995
20.1,-66.00840445874172,0.04461031850424935,0.42818080834361577,0.41540238250354583,-0.2645902726036782,11.782546767864243,-3.4864213376225166
20.125,-65.9592485057054,0.044872265837423785,0.4287689299530036,0.41489226384168604,-0.2695342440206244,11.777211748153615,-3.471674551711621
20.15,-65.91020532007101,0.04513512887357645,0.4293505911308311,0.4143875827456485,-0.27455480655014036,11.77207279453082,-3.456961596021304
20.175,-65.86127703109142,0.04539889458275332,0.42992581754900827,0.4138883140972514,-0.2796526391657585,11.767130274338243,-3.4422831093274255
20.200000000000003,-65.81246574417682,0.04566354976078819,0.43049463493517154,0.4133944327043874,-0.28482841296113487,11.76238453336732,-3.4276397232530456
20.225,-65.7637735407377,0.0459290810316528,0.43105706907309066,0.41290591330179516,-0.2900827907462674,11.757835895877108,-3.4130320622213106
20.25,-65.7152024780395,0.04619547484985472,0.43161314580306154,0.41242273055186046,-0.2954164266413487,11.753484664614025,-3.39846074341185
20.275,-65.66675458906896,0.04646271750288084,0.43216289102228467,0.4119448590454459,-0.300829965668478,11.749331120832526,-3.3839263767206873
20.3,-65.6184318824122,0.04673079511368498,0.43270633068522946,0.41147227330274894,-0.30632404334147123,11.745375524316715,-3.3694295647236587
20.325000000000003,-65.5702363421446,0.04699969364321764,0.43324349080398455,0.411004947774187,-0.31189928525400973,11.741618113402568,-3.354970902643379
20.35,-65.52216992773216,0.04726939889299558,0.4337743974485925,0.41054285684131003,-0.317556306666355,11.738059105001073,-3.340550978319649
20.375,-65.47423457394466,0.04753989650770972,0.43429907674737045,0.4100859748177381,-0.3232957120908883,11.734698694621724,-3.326170372183397
20.4,-65.42643219078025,0.047811171977868744,0.4348175548872148,0.40963427595012564,-0.3291180948767007,11.731537056396668,-3.3118296572340737
20.425,-65.37876466340171,0.048083210642476754,0.43532985811389047,0.4091877344191495,-0.3350240367934941,11.728574343105215,-3.297529399020513
20.450000000000003,-65.33123385208404,0.0483559976917428,0.43583601273230504,0.40874632434052155,-0.3410141076150369,11.725810686198665,-3.2832701556252117
20.475,-65.28384159217359,0.04862951816982025,0.4363360451067665,0.40831001976602427,-0.3470888647024267,11.723246195825324,-3.269052477652076
20.5,-65.23658969405828,0.04890375697757361,0.4368299816612258,0.4078787946845685,-0.35324885258740457,11.72088096085576,-3.254876908217484
20.525,-65.18947994314928,0.04917869887537095,0.4373178488795026,0.4074526230232741,-0.3594946025559797,11.71871504890813,-3.240743982944784
20.55,-65.14251409987367,0.04945432848589973,0.43779967330549524,0.4070314786485703,-0.36582663223261647,11.71674850637338,-3.2266542299620995
20.575000000000003,-65.09569389967817,0.049730630297003614,0.4382754815433745,0.4066153353673174,-0.37224544516522917,11.714981358440513,-3.21260816990345
20.6,-65.04902105304384,0.050007588664538694,0.4387453002577605,0.40620416692794736,-0.37875153041125204,11.71341360912159,-3.1986063159131533
20.625,-65.00249724551153,0.05028518781524645,0.4392091561738842,0.405797947021623,-0.3853453621250262,11.712045241276506,-3.1846491736534603
20.65,-64.95612413771798,0.05056341184964151,0.43966707607773153,0.40539664928341573,-0.39202739914676,11.710876216637557,-3.1707372413153934
20.675,-64.90990336544256,0.05084224474491179,0.4401190868161716,0.40500024729349987,-0.398798084593308,11.709906475833474,-3.1568710096327677
20.700000000000003,-64.8638365396644,0.051121670357829344,0.44056521529706794,0.40460871457836367,-0.40565784545103206,11.709135938413157,-3.143050961899321
20.725,-64.81792524662971,0.05140167242766965,0.441005488489374,0.4042220246120358,-0.412607092170988,11.708564502868892,-3.129277573988914
20.75,-64.77217104792932,0.05168223457913691,0.44143993342321186,0.40384015081732616,-0.4196462182666823,11.708192046658844,-3.1155513143787954
20.775,-64.72657548058609,0.05196334032529329,0.44186857718993455,0.4034630665670814,-0.42677559991464126,11.708018426229184,-3.1018726441758275
20.8,-64.68114005715225,0.052244973070490745,0.44229144694217193,0.40309074518545307,-0.4339955955580584,11.708043477035275,-3.0882420171456744
20.825000000000003,-64.63586626581616,0.05252711611330221,0.4427085698938608,0.40272315994917823,-0.44130654551373005,11.70826701356234,-3.0746598797448486
20.85,-64.59075557051875,0.05280975264945118,0.4431199733202585,0.40236028408887187,-0.4487087715825481,11.708688829345203,-3.0611266711556255
20.875,-64.54580941107905,0.053092865774736854,0.44352568455794067,0.4020020907903296,-0.45620257666376296,11.709308696987252,-3.0476428233237143
20.9,-64.50102920332888,0.053376438487953516,0.44392573100478294,0.4016485531958406,-0.46378824437326915,11.71012636817849,-3.034208760998665
20.925,-64.45641633925645,0.053660453693801645,0.44432014011992715,0.4012996444055098,-0.4714660386661279,11.711141573712727,-3.0208249017769346
20.950000000000003,-64.41197218715853,0.05394489420578928,0.4447089394237316,0.40095533747858825,-0.4792362034635663,11.71235402350376,-3.0074916561475575
20.975,-64.36769809180132,0.054229742749121276,0.44509215649770595,0.4006156054348112,-0.48709896228466354,11.713763406600489,-2.9942094275403943
21.0,-64.32359537458932,0.05451498196357543,0.44546981898443105,0.4002804212557424,-0.49505451788296395,11.715369391201152,-2.980978612376795
21.025,-64.27966533374251,0.05480059440636268,0.44584195458746356,0.3999497578861259,-0.5031030518882099,11.71717162466637,-2.967799600122754
21.05,-64.23590924448126,0.05508656255497025,0.44620859107122557,0.399623588235241,-0.5112447244534181,11.719169733531094,-2.9546727733443787
21.075000000000003,-64.19232835921885,0.05537286880998575,0.4465697562608794,0.39930188517826354,-0.519479673907502,11.721363323515495,-2.9415985077656543
21.1,-64.1489239077614,0.055659495497901,0.4469254780421883,0.39898462155762976,-0.5278080164136548,11.723751979534695,-2.9285771723284197
21.125,-64.10569709751503,0.05594642487389344,0.4472757843613629,0.39867177018440386,-0.5362298456336773,11.726335265707286,-2.9156091292545097
21.15,-64.06264911369993,0.05623363912458392,0.44762070322489295,0.398363303839647,-0.5447452323984534,11.729112725362631,-2.90269473410998
21.175,-64.01978111957104,0.05652112037076901,0.44796026269936634,0.3980591952757886,-0.553354224384753,11.732083881047098,-2.8898343358713103
21.200000000000003,-63.97709425664526,0.05680885067012671,0.4482944909112736,0.39775941721799823,-0.5620568457985574,11.735248234529022,-2.8770282769935775
21.225,-63.93458964493496,0.05709681201989443,0.44862341604679973,0.39746394236555715,-0.5708530970650916,11.738605266802344,-2.8642768934804876
21.25,-63.892268383187265,0.05738498635951706,0.448947066351603,0.3971727433932295,-0.5797429545257181,11.742154438089168,-2.8515805149561793
21.275,-63.85013154912921,0.05767335557326455,0.4492654701305806,0.3968857929526324,-0.5887263701418777,11.745895187841045,-2.8389394647387625
21.3,-63.80818019971828,0.0579619014928177,0.44957865574762224,0.39660306367360393,-0.597803271206243,11.749826934739055,-2.8263540599154835
21.325000000000003,-63.76641537139828,0.058250605899820736,0.44988665162535124,0.39632452816556835,-0.6069735600612345,11.753949076692548,-2.8138246114194843
21.35,-63.724838080360044,0.05853945052839988,0.4501894862448541,0.3960501590188982,-0.6162371138250637,11.758260990836844,-2.801351424108013
21.375,-63.683449322806844,0.058828417067646924,0.4504871881453979,0.3957799288062722,-0.6255937841254532,11.762762033529643,-2.788934796842053
21.4,-63.642250075224396,0.05911748716406656,0.4507797859241367,0.39551381008402936,-0.6350433968411712,11.76745154034622,-2.7765750225673185
21.425,-63.60124129465488,0.05940664242398675,0.45106730823580693,0.39525177539351686,-0.6445857518515229,11.772328826073513,-2.764272388396465
21.450000000000003,-63.56042391897504,0.0596958644159315,0.4513497837924115,0.39499379726243333,-0.6542206227939422,11.777393184702992,-2.7520271756925117
21.475,-63.51979886717779,0.05998513467295498,0.4516272413628938,0.39473984820616526,-0.663947756829802,11.782643889422491,-2.739839660153337
21.5,-63.47936703965737,0.060274434694936915,0.45189970977280164,0.39448990072911644,-0.6737668744185882,11.788080192606836,-2.7277101118972102
21.525,-63.439129318497564,0.060563745950837605,0.45216721790394077,0.39424392732603064,-0.6836776691005244,11.79370132580747,-2.715638795549269
21.55,-63.39908656776281,0.06085304988091328,0.4524297946940189,0.3940019004833057,-0.6936798072878056,11.799506499741016,-2.7036259703288423
21.575000000000003,-63.359239633792,0.061142327898890264,0.4526874691362802,0.3937637926803,-0.7037729280645124,11.805494904276815,-2.6916718901376
21.6,-63.319589345494514,0.06143156139409833,0.4529402702791311,0.3935295763906294,-0.7139566429953432,11.811665708423567,-2.679776803648354
21.625,-63.280136514648426,0.06172073173356278,0.4531882272257566,0.3932992240834552,-0.7242305359432607,11.818018060314975,-2.6679409543945276
21.65,-63.240881936200545,0.062009820264054556,0.4534313691337286,0.39307270822476237,-0.7345941628961332,11.82455108719459,-2.656164580860163
21.675,-63.20182638856802,0.0622988083140988,0.45366972521460514,0.39285000127862724,-0.7450470518024899,11.83126389539973,-2.6444479165704067
21.700000000000003,-63.16297063394125,0.06258767719594137,0.4539033247335223,0.3926310757084751,-0.7555887024164608,11.838155570344746,-2.6327911901823744
21.725,-63.12431541858785,0.06287640820747363,0.45413219700877744,0.39241590397832654,-0.7662185861520063,11.845225176503506,-2.6211946255763543
21.75,-63.085861473157394,0.06316498263411552,0.4543563714114056,0.39220445855403213,-0.7769361459465131,11.852471757391227,-2.609658441947218
21.775,-63.047609512986796,0.06345338175065651,0.4545758773647478,0.39199671190449603,-0.78774079613382,11.859894335545711,-2.5981828538960383
21.8,-63.00956023840584,0.06374158682305538,0.4547907443440127,0.3917926365028872,-0.7986319223267753,11.867491912508118,-2.586768071521752
21.825000000000003,-62.971714335042854,0.06402957911019862,0.45500100187583037,0.3915922048278382,-0.8096088813093826,11.875263468803169,-2.5754143005128562
21.85,-62.934072474130154,0.06431733986561804,0.4552066795378007,0.3913953893646316,-0.8206710009386137,11.883207963919052,-2.564121742239046
21.875,-62.89663531280895,0.06460485033916782,0.45540780695803385,0.39120216260637325,-0.8318175800559505,11.891324336287015,-2.5528905938426836
21.9,-62.85940349443361,0.06489209177866165,0.45560441381468464,0.39101249705515256,-0.8430478884087229,11.899611503260683,-2.541721048330082
21.925,-62.822377648875,0.06517904543147009,0.45579652983548125,0.39082636522318953,-0.8543611665812982,11.908068361095282,-2.530613294662499
21.950000000000003,-62.78555839282254,0.06546569254607955,0.45598418479724684,0.39064373963396787,-0.8657566259361996,11.916693784926775,-2.519567517846761
21.975,-62.748946330084905,0.06575201437361267,0.45616740852541615,0.3904645928233545,-0.8772334485651859,11.925486628750992,-2.508583899025471
22.0,-62.71254205188901,0.06603799216931165,0.4563462308935454,0.39028889734070543,-0.8887907872503779,11.934445725403009,-2.4976626155667025
22.025,-62.67634613717708,0.0663236071939846,0.45652068182281696,0.3901166257499569,-0.900427765435451,11.943569886536599,-2.486803841153123
22.05,-62.640359152901645,0.06660884071541642,0.4566907912815382,0.38994775063070297,-0.9121434772069821,11.952857902604068,-2.4760077458704934
22.075000000000003,-62.60458165431811,0.06689367400974454,0.45685658928463496,0.3897822445792584,-0.9239369872859641,11.962308542836567,-2.4652744962954327
22.1,-62.5690141852748,0.06717808836280115,0.4570181058931389,0.38962008020970756,-0.9358073310295763,11.971920555224811,-2.4546042555824408
22.125,-62.533657278500094,0.06746206507142265,0.45717537121367047,0.38946123015493794,-0.947753514443237,11.981692666500544,-2.443997183550028
22.15,-62.498511455886636,0.067745585444727,0.45732841539791574,0.3893056670676607,-0.9597745142029743,11.991623582118725,-2.4334534367659906
22.175,-62.46357722877226,0.06802863080536113,0.45747726864209787,0.38915336362141484,-0.9718692776881973,12.00171198624051,-2.4229731686316773
22.200000000000003,-62.42885509821744,0.06831118249071844,0.45762196118644366,0.38900429251155866,-0.9840367230248706,12.01195654171735,-2.4125565294652316
22.225,-62.39434555527914,0.06859322185412875,0.4577625233146444,0.38885842645624547,-0.9962757391391798,12.022355890076087,-2.402203666583741
22.25,-62.36004908128067,0.06887473026602148,0.4578989853533116,0.3887157381973849,-1.0085851858217099,12.032908651505338,-2.391914724384201
22.275,-62.325966148077654,0.06915568911506316,0.4580313776714271,0.38857620050159064,-1.0209638938021734,12.043613424843214,-2.381689844423296
22.3,-62.292097218319554,0.06943607980927138,0.45815973067978805,0.3884397861611129,-1.033410664834761,12.054468787566602,-2.371529165495866
22.325000000000003,-62.25844274570685,0.069715883777106,0.45828407483044575,0.3883064679947571,-1.0459242717941297,12.065473295781963,-2.361432823712055
22.35,-62.225003175243515,0.06999508246853955,0.4584044406161399,0.3881762188487881,-1.0585034587821027,12.076625484218015,-2.351400952573054
22.375,-62.19177894348466,0.07027365735610833,0.45852085856972596,0.38804901159782085,-1.0711469412451053,12.087923866220265,-2.341433683045397
22.4,-62.15877047877919,0.07055158993594544,0.458633359263598,0.3879248191456966,-1.0838534061023934,12.099366933747595,-2.3315311436337565
22.425,-62.12597820150719,0.07082886172879775,0.4587419733091045,0.38780361442634576,-1.09662151188511,12.1109531573711,-2.321693460452156
22.450000000000003,-62.09340252431205,0.07110545428102831,0.45884673135595844,0.3876853704046373,-1.1094498888862336,12.122680986275212,-2.311920757293614
22.475,-62.06104385232691,0.071381349165606,0.45894766409164156,0.3875700600772146,-1.122337139321456,12.13454884826143,-2.302213155698073
22.5,-62.028902583395514,0.07165652798308415,0.45904480224080174,0.38745765647331804,-1.1352818375010425,12.146555149754588,-2.2925707750186537
22.525,-61.996979108287086,0.07193097236256972,0.45913817656464356,0.38734813265559526,-1.1482825300127162,12.158698275812103,-2.2829937324861254
22.55,-61.965273810905266,0.07220466396268498,0.4592278178603127,0.387241461720898,-1.161337735915623,12.170976590136027,-2.2734821432715795
22.575000000000003,-61.9337870684908,0.0724775844725234,0.4593137569602727,0.3871376168010677,-1.1744459469454234,12.18338843508845,-2.26403612054724
22.6,-61.90251925181791,0.07274971561260186,0.4593960247316745,0.3870365710637076,-1.1876056277305729,12.195932131710066,-2.254655775545372
22.625,-61.871470725384135,0.0730210391358111,0.4594746520757187,0.38693829771294436,-1.2008152160198446,12.208605979742329,-2.2453412176152403
22.65,-61.84064184759364,0.07329153682836533,0.4595496699270096,0.3868427699901773,-1.2140731229211146,12.221408257653215,-2.236092554278091
22.675,-61.81003297093361,0.07356119051075456,0.4596211092529012,0.38674996117481725,-1.2273777331515183,12.234337222666912,-2.2269098912800835
22.700000000000003,-61.77964444214395,0.0738299820387,0.45968900105283494,0.3866598445850137,-1.2407274052989827,12.24739111079736,-2.217793332643184
22.725,-61.74947660237971,0.07409789330411552,0.45975337635766816,0.3865723935783724,-1.2541204720952226,12.260568136886212,-2.2087429807139123
22.75,-61.719529787366504,0.0743649062360768,0.4598142662289942,0.38648758155266255,-1.2675552407002508,12.273866494645043,-2.199758936209951
22.775,-61.68980432754865,0.07463100280179992,0.459871701758452,0.38640538194651386,-1.281029992998443,12.287284356702115,-2.1908412982645946
22.8,-61.66030054822981,0.07489616500763174,0.45992571406702687,0.38632576824010506,-1.2945429859062403,12.300819874653996,-2.1819901644689437
22.825000000000003,-61.63101876970623,0.07516037490005362,0.4599763343043404,0.3862487139558432,-1.308092451691512,12.314471179122046,-2.173205630911869
22.85,-61.60195930739225,0.07542361456670102,0.4600235936479295,0.38617419265903435,-1.3216765983046812,12.328236379814088,-2.1644877922176744
22.875,-61.57312247193817,0.07568586613740066,0.4600675233025154,0.38610217795854634,-1.3352936097216432,12.342113565591356,-2.1558367415814508
22.9,-61.54450856934021,0.0759471117852271,0.46010815449926,0.3860326435074643,-1.348941646298529,12.356100804541084,-2.1472525708020624
22.925,-61.51611790104262,0.076207333727581,0.46014551849501095,0.38596556300373835,-1.362618845138395,12.370196144054654,-2.138735370312786
22.950000000000003,-61.487950764031694,0.07646651422729085,0.46017964657153426,0.3859009101908256,-1.3763233204698724,12.38439761091186,-2.130285229209508
22.975,-61.46000745092172,0.07672463559374049,0.4602105700347339,0.38583865885832486,-1.3900531640378595,12.398703211371094,-2.1219022352765164
23.0,-61.43228825003271,0.07698168018402389,0.4602383202138582,0.3857787828426066,-1.4038064455062855,12.41311093126604,-2.1135864750098134
23.025,-61.40479344545988,0.07723763040412966,0.46026292846069233,0.3857212560274371,-1.417581212873025,12.427618736108748,-2.1053380336379637
23.05,-61.37752331713471,0.07749246871015679,0.4602844261487368,0.38566605234459855,-1.4313754928969928,12.442224571199576,-2.0971569951404128
23.075000000000003,-61.350478140877684,0.07774617760956389,0.4603028446723704,0.38561314577450395,-1.4451872915374924,12.45692636174392,-2.089043442263305
23.1,-61.323658188442465,0.07799873966245381,0.46031821544599877,0.3855625103468096,-1.4590145944058635,12.471722012976212,-2.080997456532739
23.125,-61.29706372755152,0.07825013748289544,0.4603305699031862,0.38551412014102326,-1.4728553672294675,12.48660941029116,-2.073019118265455
23.15,-61.27069502192315,0.0785003537402846,0.46033993949577146,0.38546794928711076,-1.4867075563280707,12.50158641938262,-2.0651085065769457
23.175,-61.24455233128986,0.07874937116074593,0.4603463556929666,0.38542397196609973,-1.5005690891026569,12.51665088639018,-2.057265699386958
23.200000000000003,-61.21863591140798,0.07899717252857748,0.46034984998043815,0.3853821624106824,-1.5144378745367124,12.531800638053696,-2.0494907734223937
23.225,-61.192946014058556,0.07924374068774005,0.46035045385937023,0.3853424949058172,-1.5283118037100303,12.547033481876035,-2.0417838042175664
23.25,-61.16748288703943,0.07948905854339311,0.46034819884550887,0.38530494378932967,-1.5421887503250693,12.562347206294113,-2.0341448661118275
23.275,-61.14224677414844,0.07973310906347832,0.4603431164681875,0.3852694834525145,-1.5560665712458601,12.577739580858655,-2.0265740322445316
23.3,-61.11723791515782,0.07997587528035355,0.460335238269332,0.38523608834073686,-1.5699431070495502,12.593208356422522,-2.0190713745473468
23.325000000000003,-61.09245654577967,0.08021734029247789,0.4603245958024456,0.3852047329540366,-1.5838161825905341,12.608751265338242,-2.0116369637339004
23.35,-61.06790289762246,0.08045748726615015,0.4603112206315731,0.385175391847733,-1.597683607577248,12.624366021664514,-2.0042708692867377
23.375,-61.043577198138685,0.08069629943730218,0.4602951443302427,0.3851480396330328,-1.6115431771616044,12.640050321382303,-1.9969731594416054
23.4,-61.01947967056352,0.0809337601133484,0.4602763984803862,0.38512265097764103,-1.6253926725410848,12.655801842620308,-1.9897439011690556
23.425,-60.995610533844484,0.08116985267509308,0.4602550146712362,0.3850992006063755,-1.6392298615734642,12.67161824589041,-1.982583160153345
23.450000000000003,-60.97197000256225,0.08140456057869704,0.46023102449819986,0.38507766330178494,-1.6530524994041942,12.687497174332858,-1.9754910007686752
23.475,-60.94855828684241,0.08163786735770498,0.46020445956170836,0.3850580139047732,-1.6668583291064032,12.70343625397184,-1.9684674860527238
23.5,-60.92537559225833,0.08186975662513518,0.4601753514660422,0.38504022731522736,-1.6806450823335144,12.71943309398127,-1.9615126776774978
23.525,-60.90242211972502,0.08210021207563217,0.4601437318181308,0.3850242784926526,-1.6944104799844162,12.735485286961094,-1.9546266359175049
23.55,-60.879698065384204,0.08232921748768411,0.4601096322263263,0.3850101424568136,-1.7081522328811638,12.751590409224406,-1.947809419615261
23.575000000000003,-60.85720362048039,0.08255675672590612,0.46007308429915117,0.38499779428838254,-1.7218680424591755,12.76774602109535,-1.941061086144117
23.6,-60.83493897122813,0.08278281374339044,0.4600341196440183,0.3849872091295955,-1.7355556014698421,12.783949667218165,-1.9343816913684377
23.625,-60.81290429867038,0.0830073725841247,0.4599927698659237,0.38497836218491616,-1.7492125946955053,12.800198876877399,-1.9277712896011145
23.65,-60.79109977852825,0.08323041738547887,0.4599490665661109,0.3849712287217093,-1.7628366996766893,12.816491164329577,-1.9212299335584744
23.675,-60.769525581041805,0.0834519323807625,0.45990304134070625,0.384965784070923,-1.7764255874515502,12.83282402914636,-1.9147576743125412
23.700000000000003,-60.7481818708023,0.08367190190185234,0.45985472577932524,0.38496200362778105,-1.789976923307384,12.849194956569482,-1.9083545612406894
23.725,-60.7270688065758,0.08389031038189175,0.45980415146364834,0.38495986285248585,-1.8034883675441336,12.865601417877498,-1.9020206419727401
23.75,-60.70618654111818,0.08410714235806245,0.45975134996596617,0.3849593372709321,-1.816957576249745,12.882040870764511,-1.8957559623354534
23.775,-60.685535220981656,0.08432238247442866,0.45969635284769433,0.3849604024754326,-1.8303822020872214,12.8985107597311,-1.8895605662944965
23.8,-60.66511498631288,0.08453601548485502,0.45963919165785544,0.38496303412545574,-1.843759895093256,12.915008516487516,-1.8834344958938636
23.825000000000003,-60.64492597064278,0.0847480262559984,0.45957989793152987,0.38496720794837547,-1.8570883034882748,12.931531560369118,-1.877377791192834
23.85,-60.6249683006681,0.08495839977037362,0.4595185031882731,0.38497289974023524,-1.8703650744976879,12.94807729876451,-1.8713904902004301
23.875,-60.60524209602475,0.08516712112949408,0.45945503893049994,0.3849800853665247,-1.8835878551841891,12.964643127556153,-1.8654726288074257
23.9,-60.58574746905326,0.08537417555708678,0.45938953664183546,0.3849887407629713,-1.896754293290877,12.981226431573717,-1.8596242407159778
23.925,-60.56648452455617,0.08557954840238231,0.4593220277854307,0.3849988419363461,-1.9098620380949838,12.997824585060243,-1.8538453573668496
23.950000000000003,-60.54745335954763,0.0857832251434795,0.4592525438022447,0.38501036496528485,-1.9229087412719656,13.014434952151152,-1.8481360078642892
23.975,-60.52865406299545,0.08598519139078509,0.4591811161092906,0.38502328600112506,-1.935892057769735,13.031054887366214,-1.842496218898635
24.0,-60.51008671555539,0.08618543289052767,0.4591077760978464,0.3850375812687584,-1.9488096466927172,13.0476817361145,-1.8369260146666164
24.025,-60.49175138929816,0.08638393552834593,0.45903255513162994,0.3850532270675006,-1.9616591721954761,13.064312835212467,-1.8314254167894475
24.05,-60.47364814742917,0.08658068533295084,0.4589554845449367,0.3850701997719775,-1.9744383043856084,13.080945513415045,-1.8259944442287497
24.075000000000003,-60.45577704400108,0.08677566847986092,0.45887659564074174,0.3850884758330286,-1.9871447202355592,13.097577091959861,-1.8206331132003242
24.1,-60.43813812361949,0.08696887129521053,0.4587959196887638,0.385108031778629,-1.9997761045030547,13.114204885124714,-1.8153414370858463
24.125,-60.42073142114173,0.08716028025963014,0.45871348792349215,0.38512884421482907,-2.012330150659783,13.130826200798092,-1.810119426342519
24.15,-60.40355696136921,0.08734988201219757,0.45862933154217567,0.38515088982671214,-2.0248045618279336,13.147438341062834,-1.8049670884107634
24.175,-60.386614758733174,0.08753766335445946,0.4585434817027737,0.38517414537937233,-2.037197051724218,13.16403860279304,-1.799884427619952
24.200000000000003,-60.36990481697437,0.08772361125452223,0.4584559695218689,0.38519858771891036,-2.049505345610974,13.180624278263892,-1.7948714450923104
24.225,-60.35342712881663,0.08790771285121061,0.45836682607254087,0.3852241937734498,-2.061727181253891,13.197192655774694,-1.789928138644988
24.25,-60.337181675634596,0.08808995545829315,0.4582760823822019,0.38525094055417286,-2.073860309885937,13.213741020284855,-1.7850545026903788
24.275,-60.32116842711598,0.08827032656877273,0.45818376943039296,0.38527880515637597,-2.0859024971769973,13.230266654062683,-1.7802505281347933
24.3,-60.30538734091829,0.08844881385924114,0.45808991814654115,0.3853077647605465,-2.0978515242087683,13.246766837347216,-1.775516202275486
24.325000000000003,-60.289838362320545,0.08862540519429511,0.4579945594076775,0.38533779663345963,-2.109705188454341,13.263238849022617,-1.7708515086961631
24.35,-60.27452142387007,0.08880008863101324,0.4578977240361162,0.3853688781292959,-2.1214613047620303,13.279679967305219,-1.7662564271610208
24.375,-60.25943644502455,0.08897285242349082,0.45779944279709345,0.3854009866907804,-2.1331177063428326,13.296087470443165,-1.761730933507364
24.4,-60.24458333178987,0.08914368502743104,0.457699746396368,0.38543409985034277,-2.1446722457609915,13.312458637428215,-1.7572749995369605
24.425,-60.22996197635369,0.08931257510479043,0.4575986654777817,0.3854681952312989,-2.1561227959270672,13.328790748719877,-1.7528885929061075
24.450000000000003,-60.2155722567153,0.08947951152847576,0.4574962306207812,0.38550325054905343,-2.1674672510929067,13.345081086981379,-1.7485716770145892
24.475,-60.2014140363118,0.08964448338709068,0.4573924723379002,0.385539243612325,-2.1787035278479165,13.3613269378276,-1.7443242108935408
24.5,-60.18748716364116,0.08980747998972882,0.45728742107220277,0.38557615232439235,-2.1898295661159652,13.377525590584476,-1.7401461490923473
24.525,-60.17379147188218,0.08996849087081116,0.4571811071946877,0.38561395468436216,-2.200843330152275,13.393674339059736,-1.7360374415646547
24.55,-60.16032677851194,0.09012750579496462,0.4570735610016547,0.38565262878845935,-2.2117428095396416,13.409770482324868,-1.731998033553581
24.575000000000003,-60.1470928849208,0.0902845147619388,0.4569648127120314,0.3856921528313385,-2.2225260201832353,13.425811325507757,-1.7280278654762404
24.6,-60.13408957602552,0.09043950801155798,0.45685489246466293,0.3857325051074172,-2.233191005303335,13.441794180595998,-1.7241268728076549
24.625,-60.12131661988055,0.09059247602870535,0.4567438303155632,0.38577366401223123,-2.2437358364252344,13.457716367250425,-1.7202949859641656
24.65,-60.10877376728824,0.09074340954833536,0.45663165623512936,0.3858156080438113,-2.254158614365561,13.473575213628518,-1.7165321301864722
24.675,-60.096460751407804,0.09089229956051154,0.45651840010531863,0.38585831580408125,-2.26445747021427,13.48936805721748,-1.712838225422341
24.700000000000003,-60.084377287363886,0.09103913731546563,0.45640409171678914,0.38590176600027737,-2.2746305663115316,13.505092245676483,-1.7092131862091655
24.725,-60.07252307185479,0.0911839143286747,0.4562887607660047,0.3859459374463895,-2.2846760972187217,13.520745137687815,-1.7056569215564366
24.75,-60.060897782760826,0.09132662238595182,0.45617243685230374,0.38599080906462246,-2.2945922906826826,13.536324103816469,-1.7021693348282476
24.775,-60.04950107875324,0.09146725354854691,0.456055149474934,0.38603635988687873,-2.3043774085924826,13.551826527377793,-1.6987503236259711
24.8,-60.03833259890394,0.09160580015825326,0.4559369280300523,0.38608256905626104,-2.3140297479278025,13.567249805312736,-1.6953997796711824
24.825000000000003,-60.02739196229667,0.09174225484251532,0.4558178018076919,0.386129415828596,-2.3235476416981085,13.582591349070313,-1.6921175886890005
24.85,-60.0166787676397,0.09187661051953414,0.4556977999886956,0.3861768795739767,-2.3329294598717896,13.597848585496736,-1.688903630291911
24.875,-60.0061925928808,0.09200886040336514,0.4555769516416183,0.3862249397783253,-2.3421736102943593,13.61301895773076,-1.68575777786424
24.9,-59.99593299482461,0.09213899800900396,0.45545528571959804,0.3862735760449745,-2.3512785395948494,13.628099926104724,-1.6826798984473819
24.925,-59.98589950875302,0.09226701715745574,0.45533283105719596,0.386322768096268,-2.3602427340795327,13.64308896905086,-1.6796698526259064
24.950000000000003,-59.97609164804897,0.09239291198078294,0.4552096163672082,0.3863724957751787,-2.369064720612071,13.657983584012118,-1.6767274944146913
24.975,-59.96650890382391,0.09251667692712685,0.45508567023744895,0.386422739046945,-2.3777430674792046,13.672781288357207,-1.673852671147172
25.0,-59.957150744549665,0.0926383067656977,0.4549610211275059,0.3864734780007241,-2.3862763852410676,13.68747962029903,-1.6710452233648994
25.025,-59.948016615694904,0.09275779659172824,0.45483569736547025,0.38652469285126206,-2.394663327565244,13.702076139816137,-1.668304984708471
25.05,-59.93910593936677,0.09287514183138537,0.4547097271446411,0.3865763639405797,-2.4029025920436253,13.716568429576414,-1.6656317818100306
25.075000000000003,-59.930418113958034,0.09299033824663522,0.45458313852020615,0.3866284717396741,-2.4109929209912155,13.730954095862485,-1.66302543418741
25.1,-59.92195251380043,0.09310338194005535,0.45445595940590017,0.3866809968502346,-2.418933102225924,13.745230769498093,-1.660485754140128
25.125,-59.91370848882429,0.09321426935958939,0.4543282175706413,0.3867339200063734,-2.4267219698284777,13.759396106774984,-1.658012546647287
25.15,-59.905685364225334,0.09332299730323809,0.4541999406351481,0.38678722207636856,-2.4343584048815265,13.773447790379311,-1.6556056092676001
25.175,-59.89788244013869,0.09342956292368142,0.4540711560685379,0.38684088406442046,-2.4418413361870623,13.787383530317241,-1.653264732041606
25.200000000000003,-59.89029899132094,0.0935339637328259,0.4539418911849076,0.3868948871124195,-2.4491697409612487,13.801201064838716,-1.6509896973962817
25.225,-59.88293426684044,0.09363619760627166,0.4538121731398989,0.38694921250172476,-2.4563426455057824,13.814898161358913,-1.6487802800521307
25.25,-59.875787489776414,0.09373626278769341,0.4536820289272498,0.38700384165495305,-2.4633591258549306,13.828472617376523,-1.646636246932924
25.275,-59.86885785692741,0.09383415789312895,0.4535514853753326,0.38705875613777657,-2.4702183083973166,13.841922261388152,-1.6445573570782237
25.3,-59.86214453852942,0.0939298819151704,0.4534205691436819,0.3871139376607295,-2.476919370471694,13.855244953798127,-1.642543361558826
25.325000000000003,-59.85564667798421,0.09402343422705135,0.4532893067195125,0.3871693680810211,-2.4834615409357843,13.868438587822865,-1.640594003395263
25.35,-59.84936339159828,0.09411481458662455,0.4531577244142302,0.38722502940435577,-2.489844100707423,13.881501090389149,-1.6387090174794843
25.375,-59.843293768333034,0.09420402314022405,0.4530258483599362,0.38728090378675806,-2.496066383277164,13.894430423025371,-1.6368881304999099
25.4,-59.83743686956639,0.09429106042640589,0.4528937045059283,0.38733697353640184,-2.502127775191569,13.907224582745117,-1.6351310608699166
25.425,-59.83179172886649,0.09437592737956152,0.45276131861519875,0.3873932211154427,-2.5080277165064317,13.919881602922175,-1.6334375186599472
25.450000000000003,-59.82635735177788,0.09445862533339773,0.4526287162609325,0.3874496291418525,-2.5137657012091523,13.932399554156218,-1.6318072055333637
25.475,-59.82113271562053,0.0945391560242778,0.45249592282300677,0.38750618039125423,-2.5193412776095867,13.944776545128331,-1.6302398146861583
25.5,-59.81611676930224,0.09461752159441753,0.45236296348449434,0.38756285779875765,-2.5247540486986506,13.957010723445666,-1.628735030790672
25.525,-59.811308433144845,0.0946937245949303,0.45222986322817177,0.3876196444607922,-2.5300036724739954,13.969100276474155,-1.6272925299434533
25.55,-59.80670659872454,0.09476776798871599,0.4520966468330355,0.38767652363693816,-2.5350898622321463,13.981043432158804,-1.6259119796173613
25.575000000000003,-59.80231012872687,0.09483965515318717,0.4519633388708277,0.3877334787517533,-2.5400123868264677,13.992838459830466,-1.6245930386180618
25.6,-59.798117856816695,0.09490938988282789,0.45182996370257317,0.38779049339659466,-2.544771070890393,14.004483670998459,-1.6233353570450084
25.625,-59.79412858752358,0.0949769763915787,0.4516965454751307,0.3878475513314336,-2.5493657950253534,14.015977420128051,-1.622138576257074
25.65,-59.79034109614295,0.09504241931504273,0.4515631081177597,0.38790463648666323,-2.553796495952905,14.027318105402193,-1.6210023288428856
25.675,-59.78675412865348,0.09510572371250779,0.451429675338705,0.38796173296489633,-2.558063166630595,14.038504169466444,-1.6199262385960431
25.700000000000003,-59.783366401650866,0.0951668950687785,0.4512962706218025,0.3880188250427532,-2.5621658563310783,14.04953410015656,-1.6189099204952597
25.725,-59.78017660229869,0.09522593929581379,0.4511629172231063,0.38807589717263746,-2.5661046706841404,14.060406431207689,-1.6179529806896062
25.75,-59.777183388296265,0.09528286273416495,0.4510296381675412,0.3881329339844985,-2.569879771681244,14.071119742944557,-1.6170550164888795
25.775,-59.774385387864235,0.09533767215420849,0.45089645624558206,0.38818992028757926,-2.573491377642263,14.081672662951748,-1.6162156163592705
25.8,-59.77178119974785,0.09539037475716998,0.45076339400996196,0.38824684107214813,-2.576939763144154,14.092063866723402,-1.6154343599243546
25.825000000000003,-59.76936939323851,0.0954409781759336,0.4506304737724123,0.38830368151121325,-2.580225258911323,14.102292078291486,-1.6147108179715537
25.85,-59.76714850821367,0.0954894904756334,0.45049771760043644,0.3883604269622176,-2.583348251667492,14.112356070831911,-1.6140445524641016
25.875,-59.76511705519546,0.09553592015402182,0.4503651473141194,0.3884170629687143,-2.586309183948941,14.122254667247788,-1.613435116558638
25.9,-59.76327351542818,0.0955802761416113,0.45023278448297577,0.38847357526201926,-2.589108553879001,14.131986740729076,-1.6128820546284544
25.925,-59.76161634097505,0.09562256780158541,0.4501006504228385,0.38852994976284116,-2.591746914903788,14.141551215287897,-1.6123849022925156
25.950000000000003,-59.76014395483421,0.09566280492947556,0.44996876619279064,0.3885861725828866,-2.59422487548914,14.150947066268936,-1.6119431864502636
25.975,-59.7588547510744,0.0957009977525997,0.44983715259214213,0.3886422300264382,-2.596543098778818,14.160173320833984,-1.6115564253223205
26.0,-59.757747094990236,0.09573715692926037,0.4497058301574542,0.38869810859190657,-2.5987023022140874,14.169229058420472,-1.6112241284970708
26.025000000000002,-59.75681932327749,0.09577129354769845,0.4495748191596136,0.3887537949733512,-2.6007032571148057,14.178113411172749,-1.6109457969832468
26.05,-59.756069744228256,0.09580341912480002,0.44944413960095914,0.3888092760619721,-2.6025467882222024,14.186825564346028,-1.6107209232684767
26.075,-59.755496637946344,0.09583354560455407,0.4493138112124623,0.38886453894756856,-2.604233773203641,14.195364756682128,-1.6105489913839028
26.1,-59.75509825658276,0.09586168535625846,0.44918385345096445,0.388919570919965,-2.6057651421196124,14.203730280756584,-1.6104294769748286
26.125,-59.754872824591565,0.09588785117247225,0.44905428549647336,0.3889743594704008,-2.607141876853344,14.211921483296468,-1.6103618473774695
26.150000000000002,-59.75481853900592,0.09591205626671287,0.44892512624952013,0.3890288922928849,-2.6083650105034137,14.219937765468625,-1.610345561701775
26.175,-59.754933569734575,0.0959343142708961,0.4487963943285798,0.38908315728551124,-2.6094356267397942,14.227778583137614,-1.6103800709203724
26.2,-59.755216059878556,0.09595463923251848,0.44866810806755725,0.389137142551736,-2.610354859123875,14.235443447093152,-1.6104648179635668
26.225,-59.75566412606826,0.09597304561158049,0.44854028551334035,0.3891908364016132,-2.611123890392957,14.242931923246386,-1.610599237820478
26.25,-59.756275858820715,0.09598954827725065,0.44841294442342317,0.3892442273529892,-2.611743951709877,14.250243632794879,-1.6107827576462141
26.275000000000002,-59.757049322916984,0.0960041625042695,0.44828610226360044,0.38929730413265257,-2.6122163218783436,14.257378252355773,-1.611014796875095
26.3,-59.75798255779972,0.09601690396909399,0.448159776205736,0.3893500556774403,-2.6125423265247223,14.264335514066884,-1.6112947673399163
26.325,-59.75907357799054,0.0960277887457826,0.4480339831256067,0.3894024711352972,-2.6127233372470227,14.271115205655473,-1.6116220733971622
26.35,-59.7603203735273,0.09603683330162165,0.4479087396008238,0.3894545398662882,-2.612760770731825,14.277717170474375,-1.6119961120581898
26.375,-59.76172091042087,0.09604405449249363,0.4477840619088342,0.389506251443562,-2.612656087840034,14.284141307505372,-1.6124162731262608
26.400000000000002,-59.76327313113143,0.09604946955798911,0.44765996602500285,0.38955759565426445,-2.6124107926622737,14.290387571329491,-1.612881939339428
26.425,-59.764974955063806,0.09605309611626378,0.447536467620778,0.38960856250040143,-2.6120264315449226,14.296455972064328,-1.6133924865191418
26.45,-59.76682427908193,0.09605495215864257,0.4474135820619415,0.38965914219964903,-2.6115045920876954,14.302346575268006,-1.613947283724579
26.475,-59.7688189780418,0.09605505604397274,0.4472913244069458,0.3897093251861105,-2.610846902113764,14.308059501809947,-1.6145456934125397
26.5,-59.77095690534286,0.09605342649272886,0.44716970940533873,0.38975910211101855,-2.610055028613493,14.313594927708316,-1.615187071602857
26.525000000000002,-59.773235893497464,0.0960500825808727,0.44704875149627815,0.3898084638433822,-2.6091306766628604,14.318953083934156,-1.615870768049239
26.55,-59.775653754717965,0.09604504373347059,0.4469284648071378,0.3898574014705769,-2.6080755883176243,14.324134256182337,-1.6165961264153892
26.575,-59.7782082815212,0.09603832971807272,0.44680886315220575,0.3899059062988774,-2.6068915414844773,14.329138784609297,-1.6173624844563605
26.6,-59.780897247349834,0.09602996063785725,0.44668996003147643,0.38995396985393155,-2.6055803487702414,14.333967063537871,-1.6181691742049502
26.625,-59.783718407210294,0.09601995692454422,0.4465717686295388,0.39000158388117506,-2.6041438563104244,14.33861954112915,-1.6190155221630882
26.650000000000002,-59.78666949832673,0.09600833933108294,0.4464543018145601,0.39004874034618586,-2.60258394257826,14.343096719021831,-1.6199008494980192
26.675,-59.78974824081059,0.09599512892411868,0.44633757213736763,0.3900954314349774,-2.600902517175612,14.347399151939161,-1.6208244722431764
26.7,-59.79295233834539,0.09598034707624249,0.44622159183062937,0.3901416495542301,-2.5991015196068865,14.351527447263738,-1.621785701503616
26.725,-59.796279478886014,0.0959640154580307,0.4461063728081337,0.3901873873314601,-2.5971829180373684,14.355482264580603,-1.622783843665804
26.75,-59.79972733537225,0.09594615602987884,0.44599192666417037,0.39023263761512494,-2.595148708037225,14.359264315188877,-1.623818200611676
26.775000000000002,-59.80329356645581,0.09592679103363659,0.44587826467301234,0.39027739347466545,-2.593000911312547,14.362874361582433,-1.6248880699367418
26.8,-59.80697581724029,0.09590594298404972,0.4457653977885004,0.39032164820048315,-2.590741574424784,14.366313216900059,-1.6259927451720877
26.825,-59.810771720033756,0.09588363466001532,0.44565333664372997,0.39036539530385267,-2.588372767499884,14.369581744345378,-1.6271315160101267
26.85,-59.81467889511295,0.09585988909565746,0.44554209155084185,0.39040862851676916,-2.5858965829285703,14.372680856577354,-1.6283036685338843
26.875,-59.818694951498784,0.09583472957123014,0.4454316725009166,0.3904513417917296,-2.5833151340590863,14.375611515071682,-1.6295084854496351
26.900000000000002,-59.8228174877425,0.09580817960385464,0.4453220891639732,0.3904935293014483,-2.580630553883814,14.378374729453736,-1.6307452463227492
26.925,-59.8270440927216,0.0957802629380988,0.44521335088907293,0.39053518543850607,-2.5778449937211168,14.380971556803688,-1.6320132278164798
26.95,-59.83137234644522,0.09575100353640625,0.4451054667045275,0.39057630481493244,-2.574960621893838,14.383403100934428,-1.633311703933566
26.975,-59.83579982086802,0.09572042556938294,0.4449984453182127,0.39061688226172175,-2.571979622405775,14.385670511642978,-1.6346399462604053
27.0,-59.840324080711966,0.09568855340594952,0.4448922951179867,0.39065691282828185,-2.5689041936175423,14.387774983936099,-1.6359972242135896
27.025000000000002,-59.84494268429549,0.09565541160336757,0.4447870241722145,0.39069639178181653,-2.565736546923165,14.389717757230837,-1.6373828052886465
27.05,-59.849653184369025,0.0956210248971485,0.44468264023039594,0.3907353146066402,-2.56247890542878,14.391500114530698,-1.6387959553107072
27.075,-59.8544531289564,0.0955854181908531,0.4445791507239,0.3907736770034266,-2.5591335026347424,14.393123381578443,-1.64023593868692
27.1,-59.85934006220139,0.09554861654579153,0.4444765627668023,0.39081147488839046,-2.555702581122535,14.394588925986042,-1.641702018660417
27.125,-59.86431152521854,0.09551064517063128,0.4443748831568281,0.3908487043924027,-2.5521883912476975,14.395898156342888,-1.6431934575655618
27.150000000000002,-59.869365056947686,0.0954715294109235,0.4442741183763979,0.3908853618600393,-2.5485931898401515,14.39705252130295,-1.6447095170843056
27.175,-59.874498195011306,0.09543129473855587,0.44417427459377695,0.39092144384856453,-2.5449192389131348,14.398053508651929,-1.6462494585033915
27.2,-59.879708476574116,0.09538996674114152,0.4440753576643268,0.3909569471268481,-2.541168804382002,14.398902644355049,-1.6478125429722346
27.225,-59.88499343920398,0.09534757111135336,0.44397737313185937,0.39099186867421754,-2.5373441547941216,14.399601491586756,-1.6493980317611943
27.25,-59.89035062173353,0.09530413363621351,0.4438803262300912,0.391026205679246,-2.5334475600710764,14.400151649743027,-1.6510051865200595
27.275000000000002,-59.89577756512171,0.09525968018634581,0.4437842218841988,0.39105995553847533,-2.5294812902642376,14.400554753437266,-1.6526332695365133
27.3,-59.90127181331449,0.09521423670520311,0.44368906471247227,0.3910931158550762,-2.5254476143249986,14.400812471480887,-1.654281543994346
27.325,-59.90683091410396,0.09516782919827656,0.443594859028068,0.39112568443744494,-2.521348798890615,14.40092650584945,-1.6559492742311888
27.35,-59.91245241998523,0.09512048372229774,0.44350160884085804,0.39115765929773816,-2.517187107086804,14.400898590635398,-1.6576357259955685
27.375,-59.91813388901018,0.09507222637444268,0.4434093178593751,0.39118903865034604,-2.5129647973481086,14.400730490988343,-1.6593401667030534
27.400000000000002,-59.92387288563751,0.0950230832815469,0.4433179894928525,0.39121982091030494,-2.5086841222570064,14.400424002044034,-1.6610618656912521
27.425,-59.92966698157827,0.09497308058934137,0.44322762685335754,0.39125000469165017,-2.504347327402733,14.399980947842927,-1.6628000944734815
27.45,-59.9355137566362,0.09492224445171796,0.4431382327580163,0.3912795888057095,-2.499956650260701,14.399403180239347,-1.664554126990859
27.475,-59.94141079954215,0.09487060102003446,0.44304980973132885,0.39130857225933935,-2.495514319093425,14.39869257780238,-1.666323239862644
27.5,-59.947355708781906,0.09481817643246775,0.4429623600075739,0.39133695425310344,-2.491022551873764,14.397851044709482,-1.6681067126345717
27.525000000000002,-59.953346093416734,0.09476499680342428,0.4428758855332998,0.3913647341793958,-2.4864835552312585,14.39688050963375,-1.66990382802502
27.55,-59.95937957389591,0.09471108821301681,0.4427903879699017,0.3913919116205092,-2.481899523422309,14.39578292462605,-1.6717138721687725
27.575,-59.965453782860685,0.09465647669661643,0.44270586869628226,0.391418486346649,-2.477272637324918,14.394560263992787,-1.6735361348582052
27.6,-59.97156636593895,0.09460118823448829,0.44262232881159436,0.3914444583138955,-2.4726050634586283,14.393214523170585,-1.675369909781684
27.625,-59.97771498252998,0.09454524874151941,0.44253976913806387,0.3914698276621145,-2.4678989530302498,14.391747717598706,-1.6772144947589942
27.650000000000002,-59.98389730657869,0.09448868405704747,0.442458190223891,0.391494594712818,-2.463156441005983,14.39016188159035,-1.679069191973607
27.675,-59.99011102733873,0.09443151993479819,0.4423775923462275,0.39151875996697555,-2.458379645210428,14.388459067203577,-1.680933308201618
27.7,-59.996353850123874,0.09437378203293964,0.44229797551422817,0.3915423241027791,-2.4535706654529443,14.386641343113222,-1.6828061550371622
27.725,-60.002623497047175,0.09431549590426115,0.44221933947217507,0.39156528797336126,-2.448731582681819,14.38471079348442,-1.6846870491141523
27.75,-60.008917707747166,0.09425668698648434,0.44214168370267115,0.39158765260446876,-2.4438644581665834,14.382669516848903,-1.6865753123241496
27.775000000000002,-60.015234240100874,0.09419738059271389,0.4420650074299021,0.3916094191920932,-2.438971332708858,14.380519624984904,-1.688470272030262
27.8,-60.02157087092284,0.09413760190203486,0.44198930962296434,0.3916305891000593,-2.4340542258819755,14.378263241801617,-1.690371261276851
27.825,-60.02792539664978,0.09407737595026361,0.441914588999256,0.39165116385757354,-2.4291151352996434,14.375902502229186,-1.6922776189949331
27.85,-60.034295634010476,0.09401672762085912,0.44184084402792956,0.3916711451567331,-2.4241560359138568,14.37343955111502,-1.6941886902031427
27.875,-60.040679420680334,0.09395568163600082,0.44176807293340353,0.39169053484999883,-2.419178879342191,14.370876542127386,-1.6961038262041
27.900000000000002,-60.04707461592022,0.09389426254783935,0.441696273698931,0.39170933494763077,-2.4141855932246217,14.36821563666702,-1.698022384776067
27.925,-60.05347910119923,0.09383249472992593,0.44162544407022186,0.391727547615091,-2.4091780806099057,14.365459002787729,-1.6999437303597686
27.95,-60.05989078080088,0.09377040236882607,0.44155558155911834,0.39174517517041285,-2.4041582193715847,14.362608814126641,-1.701867234240263
27.975,-60.06630758241251,0.09370800945592284,0.4414866834473191,0.39176222008153994,-2.399127861653571,14.359667248845042,-1.7037922747237537
28.0,-60.07272745769742,0.09364533977941483,0.44141874679015125,0.3917786849636347,-2.394088833345286,14.356636488580378,-1.7057182373092252
28.025000000000002,-60.07914838284949,0.09358241691651357,0.44135176842038704,0.3917945725763602,-2.389042933586246,14.353518717410292,-1.7076445148548465
28.05,-60.085568359130036,0.09351926422584474,0.44128574495210326,0.3918098858211351,-2.3839919342999707,14.350316120829401,-1.7095705077390106
28.075,-60.09198541338651,0.0934559048400575,0.4412206727845804,0.39182462773836424,-2.3789375797570522,14.347030884739368,-1.711495624015953
28.1,-60.098397598552914,0.09339236165864583,0.44115654810623994,0.3918388015046467,-2.373881586167179,14.343665194453108,-1.713419279565874
28.125,-60.10480299413164,0.09332865734098526,0.4410933668986165,0.3918524104299619,-2.36882564129988,14.340221233713564,-1.7153408982394913
28.150000000000002,-60.111199706656535,0.09326481429958844,0.4410311249403628,0.39186545795483635,-2.363771404133709,14.33670118372782,-1.7172599119969603
28.175,-60.11758587013706,0.09320085469358257,0.44096981781128536,0.3918779476474929,-2.3587205045335984,14.333107222217018,-1.7191757610411187
28.2,-60.123959646483364,0.09313680042241124,0.44090944089640793,0.391889883200983,-2.3536745429560186,14.329441522482668,-1.721087893945009
28.225,-60.130319225912075,0.09307267311976315,0.44084998939006026,0.39190126843030443,-2.348635090181596,14.32570625248982,-1.7229957677736223
28.25,-60.13666282733284,0.09300849414772992,0.44079145829999067,0.39191210726950615,-2.3436036870748174,14.321903573967678,-1.7248988481998524
28.275000000000002,-60.142988698715406,0.09294428459119437,0.44073384245149894,0.39192240376878146,-2.338581844370367,14.318035641528,-1.7267966096146217
28.3,-60.14929511743722,0.09288006525245147,0.44067713649158746,0.39193216209155163,-2.333571042485707,14.31410460180181,-1.7286885352311656
28.325,-60.15558039061154,0.09281585664606243,0.44062133489312905,0.39194138651154076,-2.3285727313593925,14.310112592594711,-1.7305741171834619
28.35,-60.16184285539595,0.09275167899394349,0.440566431959048,0.39195008140984455,-2.3235883303146805,14.306061742061333,-1.7324528566187858
28.375,-60.168080879281405,0.09268755222068949,0.44051242182651235,0.39195825127199374,-2.3186192279478712,14.30195416789908,-1.7343242637844212
28.400000000000002,-60.17429286036168,0.09262349594913317,0.4404592984711362,0.3919659006850139,-2.31366678204093,14.297791976561596,-1.7361878581085044
28.425,-60.18047722758342,0.0925595294961399,0.4404070557111877,0.3919730343344838,-2.308732319497788,14.293577262492281,-1.7380431682750248
28.45,-60.186632440976695,0.09249567186863782,0.44035568721180246,0.39197965700159254,-2.3038171363037967,14.289312107377874,-1.7398897322930083
28.475,-60.192756991866375,0.09243194175988279,0.44030518648919903,0.3919857735601983,-2.298922497507744,14.284998579422647,-1.7417270975599124
28.5,-60.19884940306404,0.09236835754595787,0.44025554691489466,0.39199138897388974,-2.2940496372258683,14.280638732643244,-1.7435548209192113
28.525000000000002,-60.20490822904103,0.09230493728250591,0.440206761719919,0.39199650829305116,-2.2891997586672526,14.276234606184296,-1.745372468712309
28.55,-60.21093205608237,0.09224169870169426,0.4401588239990242,0.392001136651933,-2.284374034180001,14.271788223655044,-1.747179616824711
28.575,-60.216919502421916,0.09217865920941047,0.4401117267148881,0.3920052792657295,-2.2795736053175895,14.267301592487074,-1.7489758507265747
28.6,-60.22286921835891,0.09211583588268675,0.44006546270230984,0.3920089414276647,-2.2747995829247354,14.262776703313259,-1.7507607655076725
28.625,-60.22877988635601,0.09205324546735184,0.4400200246723955,0.3920121285060878,-2.270053047242197,14.258215529367918,-1.7525339659068024
28.650000000000002,-60.234650221119146,0.09199090437590801,0.4399754052167307,0.39201484594158,-2.265335048029834,14.253620025908353,-1.7542950663357437
28.675,-60.24047896965931,0.09192882868563078,0.43993159681153987,0.3920170992440728,-2.2606466047073,14.24899212965761,-1.7560436908977919
28.7,-60.246264911336525,0.09186703413688901,0.43988859182182954,0.3920188939899808,-2.255988706511718,14.244333758268663,-1.757779473400957
28.725,-60.25200685788637,0.09180553613168274,0.4398463825055135,0.3920202358193489,-2.2513623126717066,14.239646809809834,-1.7595020573659113
28.75,-60.25770365342912,0.09174434973239583,0.4398049610175184,0.3920211304330155,-2.246768352597107,14.234933162271442,-1.7612110960287353
28.775000000000002,-60.263354174461945,0.09168348966076018,0.43976431941386845,0.3920215835897934,-2.242207726083748,14.230194673093681,-1.7629062523385832
28.8,-60.26895732983436,0.09162297029702884,0.4397244496557466,0.3920216011036684,-2.2376813035326415,14.225433178715491,-1.764587198950307
28.825,-60.27451206070726,0.09156280567935411,0.4396853436135309,0.39202118884101833,-2.2331899261829293,14.220650494144463,-1.7662536182121775
28.85,-60.280017340495846,0.09150300950336727,0.43964699307080535,0.39202035271785196,-2.228734406357969,14.215848412547523,-1.7679052021487536
28.875,-60.28547217479676,0.09144359512195674,0.4396093897283419,0.3920190986970702,-2.2243155277239315,14.211028704862304,-1.7695416524390275
28.900000000000002,-60.290875601299724,0.09138457554524011,0.43957252520805346,0.3920174327857499,-2.219934045560254,14.206193119429058,-1.7711626803899172
28.925,-60.296226689684076,0.0913259634407269,0.43953639105691616,0.3920153610324511,-2.2155906870413653,14.201343381642795,-1.7727680069052225
28.95,-60.30152454150053,0.09126777113366744,0.43950097875085914,0.3920128895245493,-2.2112861515290287,14.196481193625594,-1.7743573624501578
28.975,-60.30676829003841,0.09121001060758441,0.4394662796986203,0.3920100243855937,-2.207021110874753,14.19160823391884,-1.7759304870115236
29.0,-60.311957100178944,0.09115269350498191,0.4394322852455679,0.3920067717726909,-2.2027962097315994,14.186726157195011,-1.777487130053683
29.025000000000002,-60.317090168234714,0.09109583112822899,0.439398986677485,0.39200313787391766,-2.1986120658748836,14.181836593988969,-1.779027050470414
29.05,-60.32216672177584,0.09103943444061185,0.439366375224317,0.3919991289057602,-2.1944692705311017,14.176941150448304,-1.7805500165327508
29.075,-60.32718601944313,0.09098351406755176,0.4393344420638797,0.3919947511105837,-2.1903683887146053,14.172041408102604,-1.7820558058329397
29.1,-60.33214735074875,0.0909280802979828,0.43930317832552884,0.39199001075413104,-2.186309959571389,14.16713892365126,-1.7835442052246242
29.125,-60.337050035864486,0.090873143085886,0.43927257509378737,0.39198491412305236,-2.182294496729502,14.162235228769585,-1.7850150107593457
29.150000000000002,-60.34189342539839,0.09081871205197442,0.4392426234119314,0.39197946752246576,-2.1783224886555086,14.157331829932858,-1.7864680276195166
29.175,-60.34667690015983,0.09076479648552518,0.43921331428553345,0.39197367727354954,-2.1743943990165073,14.152430208258023,-1.7879030700479481
29.200000000000003,-60.35139987091358,0.09071140534635323,0.43918463868596147,0.3919675497111673,-2.1705106670471794,14.14753181936269,-1.7893199612740744
29.225,-60.3560617781232,0.09065854726692266,0.4391565875538331,0.39196109118152617,-2.1666717079213833,14.142638093241171,-1.7907185334369593
29.25,-60.360662091684176,0.09060623055459034,0.43912915180242434,0.39195430803986825,-2.162877913127795,14.137750434157045,-1.7920986275052526
29.275000000000002,-60.36520031064716,0.09055446319397766,0.4391023223210324,0.39194720664819654,-2.1591296508491475,14.132870220552114,-1.7934600931941482
29.3,-60.36967596293173,0.09050325284946517,0.43907608997829073,0.39193979337303575,-2.1554272663445913,14.127998804971236,-1.7948027888795188
29.325000000000003,-60.374088605031055,0.09045260686780586,0.4390504456254363,0.3919320745832273,-2.1517710823347476,14.123137514002664,-1.7961265815093164
29.35,-60.378437821707855,0.09040253228085185,0.4390253800995289,0.3919240566477609,-2.1481613993890107,14.118287648233675,-1.7974313465123564
29.375,-60.382723225682064,0.09035303580839044,0.4390008842266207,0.3919157459336413,-2.144598496314715,14.113450482220918,-1.7987169677046189
29.400000000000002,-60.386944457310484,0.09030412386108398,0.4389769488248768,0.39190714880379185,-2.141082630547705,14.108627264475338,-1.799983337193145
29.425,-60.391101184258986,0.09025580254351005,0.4389535647076452,0.3918982716149941,-2.137614038544016,14.103819217461012,-1.8012303552776956
29.450000000000003,-60.395193101167465,0.09020807765729616,0.43893072268647587,0.3918891207158648,-2.134192936172185,14.099027537607787,-1.802457930350239
29.475,-60.399219929308046,0.09016095470434522,0.43890841357408955,0.39187970244487,-2.1308195191059243,14.09425339533718,-1.8036659787924136
29.5,-60.403181416236876,0.09011443889014678,0.43888662818729424,0.39187002312837627,-2.127493963216742,14.089497935101155,-1.8048544248710625
29.525000000000002,-60.40707733543981,0.09006853512716992,0.43886535734985044,0.3918600890787396,-2.124216424966242,14.084762275433508,-1.8060232006319423
29.55,-60.41090748597246,0.09002324803833309,0.43884459189528363,0.3918499065924325,-2.1209870417977377,14.080047509013383,-1.8071722457917374
29.575000000000003,-60.41467169209491,0.08997858196054642,0.4388243226696451,0.39183948194820883,-2.1178059325268883,14.075354702740524,-1.8083015076284736
29.6,-60.418369802901516,0.0899345409483227,0.4388045405342195,0.3918288214053064,-2.114673197731094,14.070684897821891,-1.8094109408704546
29.625,-60.422001691945944,0.08989112877745212,0.4387852363681798,0.39181793120168834,-2.111588920137334,14.066039109869395,-1.810500507583783
29.650000000000002,-60.42556725686209,0.08984834894873699,0.4387664010711888,0.39180681755232233,-2.1085531650082134,14.061418329008111,-1.811570177058626
29.675,-60.429066418980995,0.08980620469178241,0.4387480255659486,0.3917954866474985,-2.1055659805259688,14.056823519994845,-1.812619925694298
29.700000000000003,-60.43249912294417,0.0897646989688381,0.4387301008006955,0.39178394465118527,-2.102627398174147,14.052255622346502,-1.8136497368832514
29.725,-60.43586533631369,0.08972383447868862,0.4387126177516425,0.3917721976994236,-2.0997374331168275,14.047715550477944,-1.8146596008941067
29.75,-60.43916504917923,0.08968361366058701,0.438695567425368,0.39176025189876024,-2.0968960845750786,14.043204193849094,-1.815649514753769
29.775000000000002,-60.44239827376262,0.08964403869822857,0.4386789408611516,0.3917481133247182,-2.0941033362005093,14.03872241712065,-1.816619482128786
29.8,-60.44556504401995,0.0896051115237609,0.4386627291332563,0.39173578802030634,-2.0913591564457024,14.034271060318297,-1.817569513205985
29.825000000000003,-60.44866541524174,0.0895668338218266,0.43864692335315775,0.3917232819945666,-2.088663498931363,14.029850939004927,-1.8184996245725222
29.85,-60.451699463651316,0.08952920703363501,0.43863151467172,0.3917106012211594,-2.0860163028100103,14.025462844460602,-1.8194098390953946
29.875,-60.45466728600178,0.08949223236105958,0.438616494281319,0.3916977516369871,-2.0834174931260705,14.021107543869787,-1.8203001858005337
29.900000000000002,-60.45756899917181,0.08945591077075732,0.4386018534179126,0.391684739140855,-2.0808669811722127,14.016785780515702,-1.8211706997515433
29.925,-60.460404739760634,0.08942024299830735,0.43858758336305803,0.3916715695921698,-2.078364664841808,14.012498273981178,-1.8220214219281898
29.950000000000003,-60.46317466368225,0.08938522955236491,0.4385736754458776,0.3916582488096759,-2.0759104289773807,14.008245720356031,-1.8228523991046757
29.975,-60.46587894575944,0.08935087071882819,0.4385601210449714,0.3916447825702286,-2.073504145714958,14.004028792450335,-1.8236636837278324
30.0,-60.46851777931758,0.08931716656501446,0.43854691159027825,0.39163117660760427,-2.0711456748241837,13.999848140013432,-1.8244553337952736
30.025000000000002,-60.47109137577865,0.08928411694384283,0.4385340385648856,0.3916174366113474,-2.068834864044124,13.99570438995828,-1.8252274127335943
30.05,-60.47359996425555,0.089251721498021,0.43852149350678726,0.39160356822565423,-2.066571549414695,13.991598146590968,-1.8259799892766644
30.075000000000003,-60.476043791147106,0.08921997966423265,0.43850926801059065,0.3915895770482923,-2.0643555556035955,13.987529991844877,-1.8267131373441314
30.1,-60.47842311973384,0.08918889067732337,0.43849735372917314,0.3915754686295562,-2.0621866962287188,13.983500485519436,-1.8274269359201518
30.125,-60.48073822977484,0.08915845357448242,0.4384857423752883,0.3915612484712593,-2.06006477417597,13.979510165522983,-1.8281214689324528
30.150000000000002,-60.48298941710582,0.08912866719941745,0.4384744257231218,0.3915469220257599,-2.0579895819124134,13.975559548119616,-1.8287968251317457
30.175,-60.48517699323868,0.08909953020652042,0.4384633956097982,0.39153249469502355,-2.0559609017947555,13.971649128179571,-1.8294530979716042
30.200000000000003,-60.48730128496272,0.08907104106502203,0.43845264393683836,0.3915179718297195,-2.053978506373092,13.967779379433134,-1.8300903854888153
30.225,-60.48936263394765,0.08904319806313235,0.43844216267156844,0.3915033587283513,-2.0520421586898907,13.963950754727454,-1.8307087901842947
30.25,-60.491361396348665,0.08901599931216574,0.43843194384848005,0.3914886606364221,-2.0501516125741905,13.960163686286373,-1.8313084189045994
30.275000000000002,-60.493297942413655,0.08898944275064825,0.4384219795705436,0.3914738827456333,-2.048306612931035,13.956418585972813,-1.8318893827240963
30.3,-60.495172656092784,0.08896352614840486,0.4384122620104732,0.3914590301931161,-2.0465068960260564,13.952715845553517,-1.8324517968278349
30.325000000000003,-60.496985934650596,0.08893824711062528,0.43840278341194583,0.391444108060697,-2.044752189765278,13.949055836965936,-1.8329957803951784
30.35,-60.4987381882808,0.0889136030819065,0.4383935360907734,0.39142912137419467,-2.043042213970101,13.945438912586985,-1.8335214564842388
30.375,-60.50042983972376,0.08888959135026984,0.4383845124360294,0.3914140751027498,-2.041376680647465,13.941865405503592,-1.8340289519171271
30.400000000000002,-60.50206132388706,0.08886620905115171,0.4383757049111301,0.3913989741581864,-2.039755294255249,13.938335629784603,-1.8345183971661185
30.425,-60.50363308746907,0.08884345317136587,0.43836710605487117,0.3913838233944046,-2.0381777519628685,13.934849880754026,-1.8349899262407205
30.450000000000003,-60.50514558858571,0.08882132055303595,0.43835870848242,0.391368627606804,-2.036643743907121,13.93140843526532,-1.8354436765757134
30.475,-60.50659929640057,0.08879980789749677,0.43835050488626404,0.39135339153173815,-2.0351529534432844,13.928011551976583,-1.8358797889201717
30.5,-60.507994690758416,0.08877891176916362,0.4383424880371169,0.3913381198459984,-2.0337050573915425,13.92465947162642,-1.8362984072275246
30.525000000000002,-60.509332261822266,0.08875862859936744,0.4383346507847809,0.3913228171663283,-2.032299726278694,13.921352417310326,-1.8366996785466796
30.55,-60.51061250971413,0.0887389546901554,0.43832698605896836,0.3913074880489661,-2.030936624575252,13.918090594757379,-1.8370837529142383
30.575000000000003,-60.51183594415939,0.08871988621805547,0.43831948687008115,0.3912921369892174,-2.0296154109279203,13.914874192607206,-1.8374507832478157
30.6,-60.51300308413508,0.08870141923780413,0.43831214630994964,0.3912767684210549,-2.028335738387523,13.911703382686849,-1.8378009252405234
30.625,-60.51411445752206,0.08868354968603602,0.4383049575525313,0.3912613867167469,-2.0270972546324106,13.908578320287532,-1.8381343372566183
30.650000000000002,-60.515170600761145,0.08866627338493499,0.43829791385456973,0.39124599618651273,-2.0258996021873976,13.905499144441196,-1.8384511802283434
30.675,-60.516172058513305,0.08864958604584539,0.4382910085562147,0.39123060107820573,-2.0247424186382847,13.902465978196487,-1.8387516175539913
30.700000000000003,-60.51711938332396,0.08863348327284286,0.43828423508160363,0.3912152055770224,-2.0236253368419903,13.899478928894332,-1.8390358149971873
30.725,-60.51801313529149,0.08861796056626436,0.4382775869394054,0.3911998138052377,-2.022547985132404,13.896538088442682,-1.8393039405874467
30.75,-60.518853881739965,0.08860301332619609,0.4382710577233268,0.3911844298219664,-2.0215099875219393,13.893643533590534,-1.8395561645219891
30.775000000000002,-60.519642196896186,0.08858863685591915,0.4382646411125827,0.39116905762294896,-2.020510963898902,13.890795326200918,-1.8397926590688556
30.8,-60.520378661571016,0.08857482636531247,0.43825833087232935,0.391153701140363,-2.0195505302207115,13.88799351352296,-1.8400135984713044
30.825000000000003,-60.52106386284513,0.08856157697421212,0.4382521208540636,0.3911383642426585,-2.0186282987030277,13.885238128462685,-1.8402191588535395
30.85,-60.52169839375918,0.08854888371572699,0.43824600499598615,0.391123050734417,-2.01774387800486,13.882529189852605,-1.840409518127754
30.875,-60.52228285300839,0.08853674153951023,0.43823997732333103,0.3911077643562343,-2.016896873409705,13.879866702719934,-1.8405848559025173
30.900000000000002,-60.522817844641686,0.0885251453149861,0.43823403194866184,0.3910925087846261,-2.0160868870027877,13.877250658553356,-1.8407453533925056
30.925,-60.52330397776523,0.08851408983453216,0.43822816307213447,0.39107728763195604,-2.015313517844469,13.87468103556827,-1.840891193329569
30.950000000000003,-60.52374186625061,0.08850356981661597,0.4382223649817278,0.39106210444638584,-2.0145763621398536,13.872157798970369,-1.8410225598751828
30.975,-60.52413212844747,0.08849357990888711,0.43821663205344247,0.39104696271184725,-2.0138750134047263,13.8696809012176,-1.8411396385342407
31.0,-60.52447538690077,0.08848411469122336,0.43821095875146865,0.39103186584803484,-2.0132090626278223,13.867250282280281,-1.8412426160702302
31.025000000000002,-60.5247722680726,0.08847516867873127,0.43820533962832314,0.39101681721041975,-2.0125780984295094,13.864865869899376,-1.8413316804217805
31.05,-60.52502340206856,0.08846673632470141,0.4381997693249566,0.3910018200902836,-2.0119817072169788,13.862527579842926,-1.8414070206205686
31.075000000000003,-60.52522942236871,0.08845881202351757,0.4381942425708311,0.39098687771477225,-2.011419473335969,13.860235316160448,-1.8414688267106127
31.1,-60.525390965563155,0.0884513901135205,0.43818875418396963,0.3909719932469691,-2.010890979219122,13.857988971435349,-1.8415172896689462
31.125,-60.525508671092176,0.0884444648798258,0.4381832990709765,0.3909571697859871,-2.010395805531009,13.855788427035247,-1.8415526013276526
31.150000000000002,-60.525583180990964,0.0884380305570961,0.4381778722270308,0.39094241036707966,-2.0099335313099047,13.853633553360138,-1.8415749542972888
31.175,-60.52561513963888,0.08843208133226801,0.43817246873585286,0.3909277179617693,-2.009503734106393,13.851524210088463,-1.8415845418916639
31.200000000000003,-60.525605193513314,0.08842661134723313,0.43816708376964364,0.39091309547799413,-2.0091059901188193,13.849460246420893,-1.841581558053994
31.225,-60.52555399094811,0.08842161470147403,0.4381617125889991,0.39089854576027183,-2.008739874325708,13.847441501321859,-1.8415661972844333
31.25,-60.52546218189646,0.08841708545465506,0.4381563505427986,0.39088407158988,-2.008404960615179,13.845467803758861,-1.8415386545689372
31.275000000000002,-60.525330417698356,0.08841301762916803,0.4381509930680691,0.3908696756850534,-2.0081008219114276,13.843538972939383,-1.8414991253095065
31.3,-60.525159350852576,0.08840940521263327,0.4381456356898246,0.3908553607011969,-2.0078270302983383,13.841654818545473,-1.8414478052557726
31.325000000000003,-60.52494963479303,0.08840624216035597,0.4381402740208828,0.39084112923111436,-2.0075831571402896,13.839815140965978,-1.8413848904379093
31.35,-60.524701923669674,0.08840352239773847,0.4381349037616577,0.3908269838052523,-2.0073687732002172,13.838019731526362,-1.8413105771009022
31.375,-60.52441687213376,0.0884012398226482,0.43812952069993066,0.39081292689195885,-2.0071834487549816,13.836268372716082,-1.8412250616401287
31.400000000000002,-60.52409513512757,0.08839938830774227,0.43812412071059886,0.39079896089775673,-2.007026753708119,13.83456083841355,-1.8411285405382698
31.425,-60.52373736767843,0.08839796170274841,0.4381186997554024,0.3907850881676305,-2.006898257700026,13.832896894108579,-1.8410212103035284
31.450000000000003,-60.52334422469711,0.08839695383670274,0.43811325388263084,0.3907713109853276,-2.006797530215617,13.831276297122496,-1.8409032674091335
31.475,-60.522916360780535,0.08839635852014491,0.4381077792268089,0.39075763157367205,-2.0067241406895446,13.829698796825618,-1.8407749082341602
31.5,-60.52245443001871,0.08839616954727098,0.43810227200836266,0.3907440520948918,-2.006677658609031,13.828164134852315,-1.8406363290056134
31.525000000000002,-60.52195908580598,0.08839638069804384,0.43809672853326626,0.39073057465095823,-2.0066576536143286,13.826672045313588,-1.8404877257417942
31.55,-60.521430980656376,0.08839698574026235,0.4380911451926696,0.39071720128393755,-2.006663695596919,13.825222255007107,-1.8403292941969127
31.575000000000003,-60.520870766023194,0.08839797843158896,0.43808551846250815,0.3907039339763547,-2.0066953547954642,13.823814483624787,-1.8401612298069578
31.6,-60.52027909212271,0.08839935252153658,0.4380798449030943,0.39069077465156793,-2.006752201889584,13.82244844395778,-1.8399837276368138
31.625,-60.51965660776193,0.08840110175341494,0.4380741211586919,0.39067772517415494,-2.00683380809149,13.821123842099073,-1.8397969823285791
31.650000000000002,-60.51900396017039,0.08840321986623698,0.43806834395707334,0.39066478735030963,-2.006939745235557,13.819840377643485,-1.839601188051116
31.675,-60.518321794835984,0.08840570059658524,0.4380625101090611,0.39065196292824905,-2.0070695858658283,13.81859774388521,-1.8393965384507949
31.700000000000003,-60.51761075534476,0.0884085376804397,0.43805661650805233,0.39063925359863083,-2.007222903321577,13.817395628012864,-1.8391832266034285
31.725,-60.516871483224605,0.0884117248549661,0.43805066012952876,0.39062666099497995,-2.007399271820892,13.816233711302031,-1.8389614449673815
31.75,-60.516104617792784,0.08841525586026662,0.43804463803055105,0.390614186694125,-2.007598266542398,13.815111669305347,-1.838731385337835
31.775000000000002,-60.51531079600741,0.08841912444109222,0.43803854734923925,0.3906018322166437,-2.0078194637051117,13.814029172040064,-1.8384932388022235
31.8,-60.51449065232255,0.08842332434851774,0.43803238530423816,0.3905895990273167,-2.0080624406464933,13.812985884173228,-1.8382471956967648
31.825000000000003,-60.5136448185472,0.08842784934158002,0.43802614919416993,0.3905774885355905,-2.0083267758987433,13.811981465204335,-1.8379934455641596
31.85,-60.5127739237079,0.08843269318887952,0.4380198363970729,0.3905655020960477,-2.0086120492633746,13.811015569645578,-1.837732177112369
31.875,-60.51187859391498,0.08843784967014577,0.43801344436982803,0.39055364100888584,-2.0089178418840934,13.810087847199696,-1.8374635781744935
31.900000000000002,-60.51095945223247,0.08844331257776747,0.4380069706475722,0.3905419065204033,-2.0092437363180546,13.809197942935363,-1.8371878356697406
31.925,-60.5100171185515,0.08844907571828722,0.4380004128431005,0.3905302998234925,-2.009589316605502,13.808345497460197,-1.8369051355654504
31.950000000000003,-60.50905220946726,0.08845513291386173,0.437993768646256,0.39051882205814,-2.009954168337838,13.807530147091406,-1.8366156628401766
31.975,-60.50806533815939,0.08846147800368763,0.4379870358233091,0.39050747431193333,-2.0103378787241613,13.806751524024017,-1.836319601447817
32.0,-60.50705711427582,0.08846810484539402,0.4379802122163256,0.3904962576205744,-2.010740036656329,13.80600925649686,-1.836017134282745
32.025000000000006,-60.506028143819925,0.08847500731640111,0.4379732957425246,0.39048517296839846,-2.011160232772515,13.80530296895609,-1.8357084431459774
32.05,-60.50497902904109,0.08848217931524652,0.4379662843936262,0.3904742212888996,-2.0115980595193745,13.80463228221651,-1.8353937087123262
32.075,-60.503910368328434,0.08848961476287905,0.43795917623519004,0.3904634034652607,-2.012053111212785,13.80399681362049,-1.8350731104985298
32.1,-60.502822756107896,0.08849730760392058,0.4379519694059438,0.39045272033089035,-2.0125249840972335,13.803396177194747,-1.8347468268323688
32.125,-60.50171678274239,0.08850525180789641,0.4379446621171035,0.390442172669963,-2.0130132764038455,13.802829983804719,-1.8344150348227173
32.150000000000006,-60.50059303443515,0.08851344137043496,0.4379372526516849,0.3904317612179652,-2.013517588407126,13.802297841306821,-1.8340779103305442
32.175,-60.49945209313615,0.08852187031443659,0.4379297393638071,0.39042148666224574,-2.014037522480405,13.801799354698431,-1.8337356279408445
32.2,-60.49829453645158,0.08853053269121246,0.4379221206779873,0.39041134964257035,-2.0145726831500195,13.801334126265674,-1.8333883609354742
32.225,-60.49712093755633,0.0885394225815938,0.43791439508842955,0.39040135075168014,-2.015122677148278,13.800901755729013,-1.8330362812668994
32.25,-60.49593186510935,0.08854853409701188,0.437906561158305,0.3903914905358543,-2.0156871134652077,13.800501840386778,-1.8326795595328043
32.275000000000006,-60.49472788317198,0.0885578613805494,0.43789861751902615,0.39038176949547604,-2.016265603399127,13.800133975256434,-1.8323183649515946
32.3,-60.49350955112918,0.08856739860796327,0.43789056286951406,0.39037218808560203,-2.0168577606060514,13.79979775321383,-1.8319528653387536
32.325,-60.49227742361345,0.08857713998867987,0.43788239597545986,0.390362746716535,-2.017463201147975,13.799492765130289,-1.8315832270840353
32.35,-60.49103205043162,0.08858707976676235,0.4378741156685799,0.39035344575439906,-2.0180815435400046,13.799218600007686,-1.8312096151294859
32.375,-60.489773976494334,0.0885972122218514,0.4378657208458658,0.3903442855217181,-2.018712408796443,13.7989748451114,-1.8308321929483
32.400000000000006,-60.48850374174821,0.08860753167007905,0.4378572104688286,0.39033526629799636,-2.019355420475757,13.798761086101313,-1.830451122524463
32.425,-60.487221881110635,0.08861803246495628,0.43784858356273865,0.39032638832030114,-2.020010204724506,13.79857690716072,-1.8300665643331904
32.45,-60.48592892440715,0.08862870899823495,0.43783983921586034,0.3903176517838484,-2.0206763903202285,13.798421891123361,-1.829678677322144
32.475,-60.484625396311415,0.08863955570074425,0.4378309765786826,0.3903090568425893,-2.0213536087133064,13.798295619598335,-1.8292876188934244
32.5,-60.48331181628764,0.08865056704320193,0.4378219948631451,0.390300603609799,-2.022041494067813,13.798197673093206,-1.8288935448862915
32.525000000000006,-60.481988698535496,0.08866173753700127,0.4378128933418612,0.39029229215866673,-2.022739683301389,13.798127631135094,-1.8284966095606485
32.55,-60.48065655193748,0.08867306173497347,0.43780367134733633,0.3902841225228873,-2.0234478161241243,13.798085072389872,-1.8280969655812433
32.575,-60.479315880008606,0.08868453423212644,0.437794328271184,0.39027609469725383,-2.0241655350764987,13.798069574779534,-1.8276947640025816
32.6,-60.477967180848495,0.08869614966635983,0.4377848635633382,0.39026820863825123,-2.024892485566352,13.798080715597619,-1.8272901542545483
32.625,-60.476610947095715,0.08870790271915718,0.43777527673126343,0.39026046426465055,-2.025628315904941,13.798118071622833,-1.8268832841287141
32.650000000000006,-60.47524766588442,0.08871978811625518,0.4377655673391618,0.390252861458104,-2.026372677342064,13.798181219230827,-1.826474299765325
32.675,-60.47387781880318,0.08873180062829046,0.43775573500717796,0.3902454000637404,-2.0271252241002697,13.798269734504188,-1.8260633456409543
32.7,-60.47250188185607,0.08874393507142463,0.4377457794106022,0.3902380798907609,-2.02788561340819,13.798383193340598,-1.8256505645568204
32.725,-60.47112032542576,0.08875618630794722,0.43773570027907166,0.39023090071303496,-2.0286535055329558,13.798521171559308,-1.8252360976277273
32.75,-60.46973361423886,0.08876854924685748,0.4377254973957695,0.39022386226969563,-2.0294285638117464,13.79868324500572,-1.8248200842716584
32.775000000000006,-60.46834220733326,0.08878101884442521,0.43771517059662346,0.3902169642657359,-2.0302104546824866,13.798868989654405,-1.8244026621999772
32.8,-60.46694655802749,0.0887935901047307,0.4377047197695029,0.39021020637260345,-2.030998847713654,13.799077981710289,-1.823983967408246
32.825,-60.46554711389214,0.08880625808018458,0.4376941448534149,0.39020358822879575,-2.0317934156332687,13.799309797708158,-1.8235641341676425
32.85,-60.4641443167232,0.08881901787202728,0.4376834458376997,0.39019710944045405,-2.03259383435701,13.799564014610537,-1.8231432950169597
32.875,-60.46273860251728,0.08883186463080901,0.43767262276122576,0.39019076958195675,-2.0333997830155166,13.799840209903863,-1.8227215807551829
32.900000000000006,-60.46133040144881,0.08884479355685015,0.43766167571158465,0.3901845681965121,-2.034210943980854,13.800137961693025,-1.8222991204346435
32.925,-60.45992013784907,0.08885779990068274,0.4376506048242856,0.39017850479674937,-2.035027002892165,13.800456848794276,-1.8218760413547201
32.95,-60.45850823018697,0.08887087896347276,0.4376394102819503,0.39017257886530926,-2.0358476486804933,13.800796450826526,-1.8214524690560914
32.975,-60.457095091051734,0.08888402609742435,0.43762809231350813,0.3901667898554329,-2.0366725735928193,13.801156348301085,-1.82102852731552
33.0,-60.45568112713723,0.08889723670616541,0.43761665119339177,0.39016113719154927,-2.0375014732152765,13.801536122709754,-1.8206043381411696
33.025000000000006,-60.45426673922813,0.0889105062451153,0.43760508724073366,0.3901556202698613,-2.038334046495571,13.801935356611413,-1.8201800217684392
33.05,-60.45285232218766,0.08892383022183514,0.4375934008185632,0.3901502384589297,-2.03916999576463,13.802353633716999,-1.8197556966562978
33.075,-60.45143826494708,0.08893720419636027,0.43758159233300503,0.3901449911002563,-2.0400090267574327,13.802790538973056,-1.8193314794841235
33.1,-60.45002495049676,0.08895062378151576,0.43756966223247895,0.39013987750886386,-2.040850848633076,13.803245658643663,-1.8189074851490281
33.125,-60.44861275587889,0.08896408464321513,0.43755761100690055,0.390134896973875,-2.0416951739940625,13.803718580390878,-1.818483826763667
33.150000000000006,-60.4472020521817,0.08897758250074232,0.4375454391868841,0.3901300487590886,-2.0425417189048085,13.804208893353751,-1.8180606156545103
33.175,-60.4457932045353,0.08899111312701731,0.43753314734294674,0.3901253321035539,-2.0433902029093853,13.804716188225784,-1.8176379613605895
33.2,-60.44438657210894,0.0890046723488456,0.437520736084715,0.3901207462221425,-2.0442403490484873,13.805240057330996,-1.8172159716326817
33.225,-60.44298250810983,0.08901825604715183,0.4375082060601329,0.3901162903061176,-2.0450918838756404,13.805780094698472,-1.8167947524329484
33.25,-60.441581359783385,0.08903186015719769,0.43749555795467293,0.390111963523701,-2.045944537472648,13.806335896135518,-1.8163744079350153
33.275000000000006,-60.44018346841489,0.08904548066878466,0.4374827924905487,0.39010776502063715,-2.0467980434642854,13.8069070592994,-1.8159550405244658
33.3,-60.438789169332544,0.08905911362644112,0.43746991042593086,0.39010369392075495,-2.0476521390322198,13.807493183767646,-1.815536750799763
33.325,-60.43739879191197,0.089072755129595,0.437456912554165,0.39009974932652597,-2.048506564928206,13.808093871106927,-1.8151196375735899
33.35,-60.43601265958193,0.08908640133273141,0.4374437997029931,0.39009593031962053,-2.0493610654865084,13.808708724940617,-1.8147037978745777
33.375,-60.43463108983148,0.08910004844553579,0.43743057273377717,0.39009223596146014,-2.0502153886355843,13.809337351014905,-1.814289326949443
33.400000000000006,-60.43325439421837,0.08911369273302283,0.43741723254072684,0.3900886652937674,-2.0510692859090223,13.809979357263597,-1.8138763182655118
33.425,-60.431882878378744,0.08912733051565137,0.4374037800501294,0.3900852173391122,-2.0519225124557394,13.81063435387151,-1.813464863513623
33.45,-60.43051684203801,0.08914095816942527,0.4373902162195839,0.3900818911014552,-2.0527748270494333,13.811301953336578,-1.8130550526114027
33.475,-60.42915657902302,0.08915457212598062,0.4373765420372382,0.39007868556668723,-2.053625992097291,13.811981770530588,-1.8126469737069064
33.5,-60.42780237727542,0.08916816887265959,0.43736275852103007,0.39007559970316613,-2.0544757736479697,13.81267342275859,-1.8122407131826257
33.525000000000006,-60.426454518866144,0.08918174495257104,0.4373488667179317,0.39007263246224944,-2.055323941398844,13.813376529817,-1.8118363556598431
33.55,-60.425113280011104,0.08919529696463781,0.4373348677031985,0.39006978277882387,-2.0561702687025036,13.81409071405044,-1.8114339840033309
33.575,-60.42377893108798,0.08920882156363143,0.4373207625796214,0.39006704957183097,-2.057014532572547,13.814815600407183,-1.811033679326394
33.6,-60.42245173665411,0.08922231546019378,0.4373065524767836,0.3900644317447892,-2.057856513688611,13.815550816493452,-1.810635520996233
33.625,-60.42113195546549,0.08923577542084665,0.4372922385503217,0.3900619281863122,-2.0586959964007066,13.816295992626316,-1.810239586639647
33.650000000000006,-60.419819840496835,0.08924919826798859,0.4372778219811903,0.390059537770623,-2.0595327687328133,13.817050761885374,-1.8098459521490504
33.675,-60.418515638962646,0.0892625808798798,0.4372633039749325,0.39005725935806485,-2.0603666223857453,13.817814760163204,-1.8094546916887935
33.7,-60.417219592339336,0.08927592019061499,0.4372486857609533,0.3900550917956072,-2.0611973527393066,13.818587626214486,-1.8090658777018005
33.725,-60.41593193638834,0.0892892131900845,0.43723396859179897,0.39005303391734897,-2.0620247588537284,13.819369001704,-1.8086795809165017
33.75,-60.4146529011802,0.08930245692392359,0.43721915374244036,0.39005108454501625,-2.062848643470371,13.820158531253274,-1.808295870354059
33.775000000000006,-60.41338271111961,0.08931564849345053,0.4372042425095615,0.39004924248845696,-2.063668813011735,13.82095586248606,-1.8079148133358827
33.8,-60.412121584971416,0.08932878505559325,0.4371892362108529,0.39004750654613085,-2.0644850775807484,13.82176064607261,-1.8075364754914247
33.825,-60.410869735887516,0.08934186382280479,0.43717413618430995,0.3900458755055953,-2.065297250959336,13.822572535772709,-1.8071609207662547
33.85,-60.409627371434674,0.08935488206296799,0.4371589437875364,0.3900443481439867,-2.066105150606299,13.823391188477501,-1.806788211430402
33.875,-60.40839469362318,0.08936783709928915,0.43714366039705327,0.390042923228498,-2.0669085976544705,13.824216264250184,-1.8064184080869536
33.900000000000006,-60.40717189893644,0.08938072631018106,0.4371282874076127,0.39004159951685097,-2.0677074169071763,13.825047426365416,-1.8060515696809318
33.925,-60.40595917836135,0.08939354712913575,0.4371128262315176,0.39004037575776496,-2.0685014368340044,13.825884341347635,-1.8056877535084048
33.95,-60.40475671741953,0.08940629704458672,0.43709727829794615,0.3900392506914204,-2.0692904895658653,13.82672667900815,-1.805327015225859
33.975,-60.40356469619934,0.08941897359976092,0.4370816450522827,0.39003822304991836,-2.0700744108893585,13.827574112481097,-1.8049694088598016
34.0,-60.4023832893887,0.08943157439252078,0.43706592795545346,0.3900372915577349,-2.070853040240447,13.828426318258202,-1.8046149868166104
34.025000000000006,-60.401212666308695,0.08944409707519654,0.43705012848326835,0.3900364549321715,-2.07162622069747,13.829282976222437,-1.804263799892608
34.05,-60.40005299094791,0.08945653935440852,0.4370342481257685,0.3900357118838002,-2.072393798973429,13.830143769680493,-1.8039158972843736
34.075,-60.39890442199754,0.08946889899087992,0.43701828838657963,0.3900350611169045,-2.0731556254076233,13.831008385394119,-1.8035713265992626
34.1,-60.397767112887166,0.08948117379924021,0.43700225078227123,0.39003450132991535,-2.0739115539565915,13.831876513610384,-1.8032301338661496
34.125,-60.396641211821276,0.08949336164781932,0.43698613684172183,0.3900340312158422,-2.0746614421844036,13.832747848090714,-1.8028923635463825
34.150000000000006,-60.395526861816485,0.0895054604584324,0.4369699481054903,0.3900336494626996,-2.075405151252251,13.833622086138915,-1.8025580585449452
34.175,-60.394424200739394,0.0895174682061559,0.43695368612519303,0.39003335475392864,-2.076142545907403,13.834498928627998,-1.802227260221818
34.2,-60.393333361345114,0.08952938291909443,0.43693735246288784,0.3900331457688137,-2.076873494471478,13.835378080025952,-1.801900008403534
34.225,-60.39225447131645,0.08954120267813918,0.4369209486904632,0.3900330211828944,-2.0775978688280743,13.836259248420436,-1.8015763413949344
34.25,-60.39118765330368,0.08955292561671767,0.4369044763890348,0.3900329796683722,-2.078315544409747,13.837142145542279,-1.8012562959911043
34.275000000000006,-60.39013302496497,0.08956454992053485,0.43688793714834745,0.39003301989451256,-2.0790264001843286,13.838026486788024,-1.80093990748949
34.3,-60.389090699007355,0.08957607382730619,0.4368713325661841,0.3900331405280419,-2.07973031864062,13.838911991241305,-1.8006272097022062
34.325,-60.388060783228326,0.08958749562648245,0.43685466424778086,0.39003334023353947,-2.0804271857734458,13.839798381693189,-1.8003182349684976
34.35,-60.38704338055796,0.08959881365896631,0.43683793380524893,0.3900336176738244,-2.081116891068061,13.840685384661429,-1.8000130141673885
34.375,-60.386038589101595,0.08961002631682127,0.43682114285700246,0.39003397151033736,-2.0817993274839566,13.841572730408686,-1.7997115767304783
34.400000000000006,-60.38504650218305,0.08962113204297273,0.4368042930271935,0.3900344004035177,-2.08247439143803,13.842460152959676,-1.7994139506549154
34.425,-60.38406720838839,0.08963212933090138,0.4367873859451534,0.3900349030131751,-2.083141982787149,13.843347390117284,-1.799120162516516
34.45,-60.3831007916101,0.08964301672432913,0.4367704232448409,0.390035477998856,-2.083802004810104,13.844234183477628,-1.798830237483029
34.475,-60.38214733109187,0.08965379281689774,0.4367534065642969,0.39003612402020543,-2.084454364188963,13.845120278444098,-1.7985441993275615
34.5,-60.38120690147378,0.08966445625184002,0.4367363375451059,0.39003683973732317,-2.0850989709898258,13.846005424240376,-1.7982620704421344
34.525000000000006,-60.380279572837935,0.08967500572164429,0.43671921783186435,0.39003762381111506,-2.0857357386430078,13.84688937392242,-1.7979838718513803
34.55,-60.3793654107546,0.08968543996771149,0.4367020490716558,0.39003847490363924,-2.0863645839226166,13.847771884389465,-1.7977096232263803
34.575,-60.37846447632874,0.08969575778000569,0.43668483291353266,0.39003939167844687,-2.086985426925578,13.848652716393977,-1.797439342898621
34.6,-60.37757682624695,0.08970595799669785,0.43666757100800535,0.39004037280091786,-2.0875981910500796,13.849531634550647,-1.7971730478740853
34.625,-60.37670251282486,0.0897160395038031,0.43665026500653786,0.39004141693859146,-2.0882028029734734,13.85040840734437,-1.796910753847459
34.650000000000006,-60.37584158405485,0.08972600123481138,0.43663291656105047,0.3900425227614916,-2.088799192629607,13.851282807137276,-1.7966524752164539
34.675,-60.374994083654165,0.08973584217031198,0.4366155273234293,0.39004368894244695,-2.0893872931856183,13.852154610174727,-1.7963982250962494
34.7,-60.37416005111347,0.0897455613376119,0.43659809894504303,0.3900449141574059,-2.089967041018207,13.853023596590404,-1.796148015334041
34.725,-60.37333952174564,0.08975515781034807,0.43658063307626666,0.3900461970857461,-2.0905383756893645,13.853889550410393,-1.7959018565236924
34.75,-60.372532526734936,0.0897646307080938,0.4365631313660119,0.3900475364105792,-2.0911012399215876,13.85475225955636,-1.7956597580204807
34.775000000000006,-60.371739093186534,0.08977397919595928,0.4365455954612651,0.3900489308190497,-2.0916555795725778,13.855611515847698,-1.79542172795596
34.8,-60.37095924417631,0.08978320248418678,0.436528027006632,0.3900503790026291,-2.092201343609463,13.85646711500285,-1.7951877732528934
34.825,-60.37019299880096,0.08979229982773992,0.4365104276438896,0.390051879657405,-2.0927384840824836,13.857318856639617,-1.7949578996402877
34.85,-60.369440372228375,0.0898012705258879,0.43649279901154514,0.39005343148436405,-2.093266956098234,13.85816654427456,-1.7947321116685124
34.875,-60.36870137574833,0.08981011392178449,0.4364751427444021,0.39005503318967066,-2.0937867177924163,13.85900998532151,-1.7945104127244988
34.900000000000006,-60.367976016823356,0.08981882940204164,0.4364574604731334,0.39005668348494,-2.094297730302115,13.85984899108916,-1.7942928050470066
34.925,-60.36726429913995,0.08982741639629835,0.4364397538238619,0.3900583810875058,-2.094799957737632,13.860683376777759,-1.794079289741984
34.95,-60.36656622265991,0.08983587437678482,0.43642202441774786,0.3900601247206831,-2.095293367153879,13.861512961474926,-1.7938698667979736
34.975,-60.365881783672016,0.08984420285788151,0.4364042738705833,0.39006191311402555,-2.0957779285213114,13.862337568150558,-1.7936645351016047
35.0,-60.365210974843784,0.08985240139567402,0.436386503792394,0.39006374500357777,-2.0962536146964585,13.863157023650896,-1.7934632924531348
35.025000000000006,-60.36455378527352,0.08986046958750334,0.4363687157870486,0.3900656191321222,-2.0967204013920293,13.863971158691701,-1.7932661355820563
35.05,-60.36391020054248,0.08986840707151172,0.4363509114518742,0.3900675342494211,-2.0971782671465977,13.864779807850631,-1.7930730601627431
35.075,-60.36328020276725,0.08987621352618473,0.43633309237728013,0.3900694891124531,-2.0976271932939237,13.865582809558681,-1.7928840608301748
35.1,-60.36266377065226,0.08988388866988879,0.43631526014638794,0.39007148248564477,-2.098067163931854,13.866380006090886,-1.7926991311956784
35.125,-60.362060879542426,0.08989143226040525,0.4362974163346693,0.39007351314109684,-2.0984981658908755,13.867171243556133,-1.7925182638627277
35.150000000000006,-60.36147150147596,0.0898988440944603,0.4362795625095904,0.3900755798588055,-2.0989201887022775,13.86795637188617,-1.7923414504427881
35.175,-60.36089560523728,0.08990612400725179,0.436261700230264,0.3900776814268781,-2.0993332245659984,13.868735244823803,-1.7921686815711844
35.2,-60.360333156410015,0.0899132718719718,0.43624383104710845,0.3900798166417447,-2.099737268318082,13.869507719910352,-1.7919999469230041
35.225,-60.3597841174301,0.08992028759932658,0.43622595650151363,0.39008198430836327,-2.100132317397843,13.870273658472241,-1.7918352352290305
35.25,-60.35924844763901,0.08992717113705284,0.4362080781255143,0.3900841832404208,-2.1005183718146925,13.871032925606842,-1.791674534291703
35.275000000000006,-60.358726103337,0.08993392246943102,0.4361901974414705,0.3900864122605288,-2.100895434114653,13.871785390167561,-1.7915178310010993
35.3,-60.358217037836404,0.08994054161679564,0.43617231596175476,0.3900886702004139,-2.1012635093465817,13.87253092474816,-1.791365111350921
35.325,-60.357721201515055,0.08994702863504285,0.436154435188447,0.3900909559011033,-2.1016226050281075,13.873269405666322,-1.7912163604545164
35.35,-60.35723854186964,0.08995338361513516,0.4361365566130357,0.39009326821310575,-2.1019727311112812,13.874000712946504,-1.7910715625608922
35.375,-60.35676900356916,0.08995960668260383,0.4361186817161268,0.3900956059965866,-2.102313899947984,13.874724730302038,-1.7909307010707487
35.400000000000006,-60.356312528508354,0.08996569799704851,0.4361008119671592,0.39009796812153874,-2.102646126255052,13.875441345116535,-1.7907937585525062
35.425,-60.35586905586113,0.08997165775163493,0.4360829488241276,0.39010035346794797,-2.102969427079189,13.876150448424573,-1.7906607167583382
35.45,-60.35543852213399,0.08997748617259019,0.436065093733312,0.39010276092595386,-2.1032838217616323,13.876851934891697,-1.790531556640196
35.475,-60.355020861219465,0.08998318351869616,0.4360472481290143,0.3901051893960056,-2.103589331902608,13.877545702793732,-1.7904062583658393
35.5,-60.35461600444945,0.08998875008078089,0.43602941343330204,0.3901076377890127,-2.103885981325577,13.878231653995453,-1.790284801334834
35.525000000000006,-60.354223880648526,0.08999418618120837,0.43601159105575865,0.3901101050264913,-2.1041737960412905,13.878909693928538,-1.7901671641945576
35.55,-60.35384441618725,0.08999949217336656,0.435993782393241,0.3901125900407052,-2.104452804211655,13.879579731568935,-1.790053324856175
35.575,-60.353477535035324,0.09000466844115396,0.4359759888296435,0.3901150917748024,-2.1047230361134366,13.88024167941355,-1.7899432605105972
35.6,-60.35312315881474,0.09000971539846483,0.43595821173566923,0.39011760918294686,-2.1049845241017953,13.880895453456326,-1.7898369476444216
35.625,-60.352781206852775,0.09001463348867327,0.43594045246860774,0.3901201412304451,-2.105237302573684,13.88154097316371,-1.7897343620558324
35.650000000000006,-60.35245159623494,0.09001942318411599,0.4359227123721197,0.3901226868938687,-2.1054814079311015,13.88217816144952,-1.7896354788704827
35.675,-60.352134241857804,0.09002408498557435,0.4359049927760283,0.3901252451611718,-2.1057168785442277,13.882806944649209,-1.789540272557341
35.7,-60.351829056481634,0.09002861942175527,0.4358872949961172,0.3901278150318037,-2.1059437547144344,13.883427252493554,-1.78944871694449
35.725,-60.35153595078302,0.09003302704877188,0.43586962033393556,0.39013039551681744,-2.1061620786372233,13.884039018081799,-1.789360785234905
35.75,-60.351254833407225,0.09003730844962311,0.435851970076609,0.39013298563897314,-2.1063718943650422,13.884642177854225,-1.7892764500221674
35.775000000000006,-60.35098561102049,0.09004146423367317,0.4358343454966578,0.3901355844328373,-2.106573247770046,13.885236671564188,-1.789195683306147
35.8,-60.350728188362105,0.09004549503613053,0.4358167478518214,0.39013819094487734,-2.106766186506783,13.885822442249621,-1.7891184565086313
35.825,-60.350482468296306,0.09004940151752691,0.43579917838488946,0.3901408042335516,-2.1069507599748363,13.886399436204034,-1.7890447404888916
35.85,-60.35024835186405,0.09005318436319594,0.4357816383235393,0.3901434233693949,-2.1071270192814073,13.886967602946976,-1.7889745055592157
35.875,-60.35002573833454,0.09005684428275214,0.43576412888017974,0.39014604743510006,-2.107295017203886,13.887526895194059,-1.788907721500361
35.900000000000006,-60.34981452525651,0.09006038200956992,0.43574665125180173,0.3901486755255944,-2.1074548081523905,13.888077268826454,-1.7888443575769535
35.925,-60.34961460850942,0.09006379830026295,0.43572920661983466,0.3901513067481124,-2.1076064481322967,13.88861868285995,-1.7887843825528258
35.95,-60.34942588235426,0.09006709393416404,0.43571179615000966,0.39015394022226363,-2.1077499947067824,13.889151099413535,-1.788727764706278
35.975,-60.349248239484275,0.0900702697128056,0.43569442099222855,0.39015657508009705,-2.1078855069593865,13.889674483677576,-1.7886744718452825
36.0,-60.349081571075324,0.09007332645940057,0.4356770822804394,0.39015921046616037,-2.1080130454565724,13.890188803881534,-1.788624471322597
36.025000000000006,-60.348925766836075,0.09007626501832433,0.43565978113251813,0.3901618455375556,-2.108132672210346,13.89069403126126,-1.7885777300508223
36.05,-60.34878071505786,0.09007908625459768,0.4356425186501562,0.3901644794639905,-2.1082444506409264,13.891190140025946,-1.7885342145173588
36.075,-60.348646302664335,0.0900817910533707,0.43562529591875426,0.3901671114278257,-2.108348445539468,13.891677107324607,-1.7884938907993002
36.1,-60.348522415260774,0.09008438031940766,0.4356081140073221,0.39016974062411774,-2.108444723030836,13.892154913212257,-1.7884567245782321
36.125,-60.34840893718315,0.09008685497657347,0.4355909739683841,0.39017236626065854,-2.1085333505364896,13.89262354061567,-1.7884226811549453
36.150000000000006,-60.34830575154688,0.09008921596732156,0.4355738768378911,0.39017498755801017,-2.108614396737445,13.893082975298814,-1.7883917254640642
36.175,-60.348212740295246,0.09009146425218303,0.4355568236351377,0.3901776037495362,-2.108687931537329,13.893533205827946,-1.7883638220885736
36.2,-60.34812978424754,0.09009360080925762,0.4355398153626855,0.39018021408142917,-2.1087540260255544,13.893974223536409,-1.7883389352742618
36.225,-60.34805676314683,0.0900956266337064,0.4355228530062922,0.39018281781273373,-2.1088127524406204,13.894406022489065,-1.7883170289440484
36.25,-60.34799355570747,0.09009754273724645,0.4355059375348461,0.39018541421536646,-2.1088641841335347,13.894828599446441,-1.7882980667122403
36.275000000000006,-60.34794003966219,0.09009935014764714,0.4354890699003067,0.3901880025741317,-2.108908395531379,13.89524195382864,-1.788282011898657
36.3,-60.34789609180888,0.09010104990822912,0.43547225103765014,0.3901905821867338,-2.1089454621010395,13.895646087678935,-1.788268827542663
36.325,-60.347861588056986,0.09010264307736482,0.4354554818648208,0.3901931523637853,-2.108975460313071,13.8960410056271,-1.7882584764170957
36.35,-60.3478364034736,0.09010413072798179,0.43543876328268805,0.3901957124288122,-2.1089984676057627,13.896426714852531,-1.7882509210420798
36.375,-60.347820412329106,0.09010551394706821,0.4354220961750085,0.39019826171825467,-2.1090145623493615,13.896803225047067,-1.7882461236987317
36.400000000000006,-60.34781348814248,0.090106793835181,0.43540548140839336,0.3902007995814653,-2.1090238238104977,13.89717054837769,-1.7882440464427432
36.425,-60.3478155037262,0.09010797150595634,0.4353889198322814,0.39020332538070307,-2.109026332116791,13.897528699448932,-1.7882446511178607
36.45,-60.347826331230785,0.09010904808562334,0.4353724122789167,0.39020583849112406,-2.109022168221691,13.897877695265102,-1.7882478993692352
36.475,-60.34784584218886,0.09011002471252015,0.435355959563332,0.3902083383007691,-2.1090114138695126,13.898217555192401,-1.788253752656658
36.5,-60.3478739075589,0.09011090253661316,0.4353395624833367,0.3902108242105476,-2.1089941515607,13.898548300920746,-1.7882621722676695
36.525000000000006,-60.347910397768494,0.09011168271901913,0.4353232218195102,0.3902132956342183,-2.108970464517324,13.89886995642555,-1.788273119330548
36.55,-60.34795518275723,0.09011236643153056,0.43530693833519984,0.3902157519983669,-2.108940436648824,13.899182547929295,-1.7882865548271696
36.575,-60.34800813201912,0.09011295485614419,0.4352907127765241,0.3902181927423802,-2.1089041525179995,13.899486103862989,-1.788302439605735
36.6,-60.34806911464458,0.0901134491845928,0.4352745458723803,0.3902206173184174,-2.1088616973072494,13.899780654827541,-1.788320734393374
36.625,-60.34813799936206,0.09011385061788048,0.4352584383344573,0.390223025191378,-2.108813156785094,13.900066233554934,-1.7883413998086175
36.650000000000006,-60.34821465457909,0.09011416036582122,0.4352423908572527,0.39022541583886694,-2.108758617272941,13.900342874869413,-1.7883643963737264
36.675,-60.34829894842297,0.09011437964658124,0.4352264041180946,0.3902277887511563,-2.1086981656121644,13.900610615648525,-1.7883896845268914
36.7,-60.34839074878098,0.09011450968622496,0.435210478777168,0.3902301434311447,-2.1086318891314453,13.900869494784121,-1.7884172246342935
36.725,-60.34848992334012,0.09011455171826456,0.4351946154775461,0.39023247939431316,-2.1085598756144193,13.901119553143275,-1.7884469770020353
36.75,-60.348596339626376,0.09011450698321352,0.435178814845225,0.3902347961686784,-2.1084822132676204,13.901360833529157,-1.7884789018879126
36.775000000000006,-60.34870986504354,0.09011437672814393,0.4351630774891637,0.3902370932947435,-2.108398990688726,13.901593380641925,-1.7885129595130613
36.8,-60.3488303669115,0.09011416220624809,0.43514740400132795,0.39023937032544537,-2.1083102968351417,13.901817241039515,-1.7885491100734499
36.825,-60.34895771250411,0.09011386467640349,0.4351317949567382,0.3902416268261,-2.1082162209928548,13.902032463098491,-1.7885873137512327
36.85,-60.34909176908652,0.09011348540274287,0.4351162509135221,0.39024386237434466,-2.1081168527456806,13.902239096974855,-1.7886275307259558
36.875,-60.34923240395205,0.09011302565422757,0.4351007724129704,0.3902460765600778,-2.1080122819447786,13.902437194564873,-1.788669721185615
36.900000000000006,-60.349379484458545,0.09011248670422585,0.43508535997959774,0.3902482689853962,-2.1079025986785545,13.902626809465955,-1.7887138453375633
36.925,-60.34953287806424,0.09011186983009505,0.4350700141212064,0.39025043926452974,-2.1077878932428664,13.902807996937527,-1.7887598634192712
36.95,-60.3496924523631,0.09011117631276848,0.4350547353289545,0.39025258702377363,-2.1076682561116082,13.902980813862008,-1.78880773570893
36.975,-60.34985807511972,0.09011040743634663,0.43503952407742796,0.39025471190141847,-2.107543777907629,13.90314531870577,-1.7888574225359157
37.0,-60.35002961430361,0.09010956448769313,0.43502438082471584,0.3902568135476776,-2.1074145493740284,13.903301571480235,-1.7889088842910823
37.025000000000006,-60.350206938123044,0.09010864875603491,0.43500930601248955,0.3902588916246126,-2.107280661345791,13.903449633703021,-1.7889620814369132
37.05,-60.35038991505838,0.09010766153256751,0.4349943000660856,0.39026094580605597,-2.1071422047218107,13.90358956835915,-1.7890169745175135
37.075,-60.35057841389482,0.0901066041100646,0.4349793633945918,0.39026297577753244,-2.1069992704372695,13.903721439862437,-1.7890735241684468
37.1,-60.3507723037547,0.09010547778249275,0.4349644963909369,0.39026498123617726,-2.106851949436405,13.903845314016891,-1.7891316911264106
37.125,-60.3509714541292,0.09010428384463076,0.4349496994319836,0.3902669618906531,-2.1067003326456577,13.903961257978326,-1.7891914362387602
37.150000000000006,-60.351175734909575,0.09010302359169373,0.43493497287862465,0.39026891746106446,-2.10654451094718,13.904069340216038,-1.789252720472872
37.175,-60.35138501641782,0.09010169831896246,0.4349203170758825,0.3902708476788704,-2.106384575152769,13.904169630474636,-1.7893155049253464
37.2,-60.351599169436824,0.09010030932141755,0.43490573235301183,0.3902727522867952,-2.106220615978158,13.904262199736085,-1.789379750831047
37.225,-60.35181806523997,0.09009885789337851,0.43489121902360506,0.3902746310387371,-2.106052724017722,13.904347120181798,-1.7894454195719902
37.25,-60.35204157562021,0.09009734532814798,0.43487677738570124,0.39027648369967527,-2.10588098971956,13.904424465154989,-1.7895124726860636
37.275000000000006,-60.35226957291863,0.09009577291766106,0.4348624077218973,0.3902783100455752,-2.105705503360996,13.904494309123196,-1.7895808718755888
37.3,-60.352501930052384,0.09009414195213991,0.4348481102994628,0.3902801098632919,-2.105526355024478,13.904556727640925,-1.789650579015715
37.325,-60.35273852054222,0.09009245371975319,0.43483388537045664,0.39028188295047184,-2.105343634573865,13.904611797312551,-1.7897215561626652
37.35,-60.352979218539325,0.0900907095062811,0.4348197331718474,0.39028362911545306,-2.105157431631145,13.90465959575545,-1.7897937655617973
37.375,-60.353223898851766,0.09008891059478538,0.4348056539256354,0.3902853481771638,-2.104967835553542,13.90470020156323,-1.7898671696555297
37.400000000000006,-60.353472436970264,0.09008705826528468,0.4347916478389781,0.3902870399650196,-2.1047749354110405,13.904733694269321,-1.7899417310910792
37.425,-60.353724709093505,0.09008515379443523,0.43477771510431756,0.3902887043188188,-2.1045788199643187,13.904760154310695,-1.7900174127280515
37.45,-60.353980592152865,0.09008319845521702,0.4347638558995102,0.3902903410886367,-2.1043795776431122,13.904779662991896,-1.7900941776458594
37.475,-60.35423996383661,0.09008119351662498,0.4347500703879594,0.39029195013471846,-2.104177296524965,13.904792302449257,-1.7901719891509835
37.5,-60.35450270261356,0.09007914024336583,0.4347363587187497,0.39029353132737055,-2.1039720643144126,13.904798155615422,-1.7902508107840673
37.525000000000006,-60.35476868775616,0.0900770398955602,0.43472272102678416,0.39029508454685075,-2.103763968322585,13.90479730618408,-1.7903306063268487
37.55,-60.3550377993631,0.0900748937284502,0.43470915743292265,0.39029660968325725,-2.1035530954472152,13.904789838574997,-1.7904113398089307
37.575,-60.35530991838128,0.09007270299211247,0.4346956680441233,0.3902981066364164,-2.103339532153073,13.904775837899345,-1.790492975514384
37.6,-60.3555849266273,0.0900704689311765,0.4346822529535852,0.39029957531576936,-2.103123364452815,13.904755389925278,-1.7905754779881902
37.625,-60.35586270680841,0.09006819278454876,0.43466891224089355,0.3903010156402576,-2.102904677888264,13.904728581043804,-1.7906588120425226
37.650000000000006,-60.356143142542884,0.0900658757851421,0.4346556459721662,0.3903024275382074,-2.102683557512095,13.904695498234963,-1.790742942762865
37.675,-60.35642611837989,0.09006351915961032,0.4346424542002025,0.3903038109472133,-2.102460087869932,13.904656229034293,-1.7908278355139677
37.7,-60.35671151981879,0.0900611241280889,0.43462933696463324,0.3903051658140209,-2.1022343529828893,13.904610861499659,-1.7909134559456361
37.725,-60.3569992333279,0.0900586919039407,0.434616294292073,0.39030649209440843,-2.102006436330508,13.904559484178321,-1.790999769998369
37.75,-60.35728914636276,0.0900562236935074,0.43460332619627334,0.3903077897530674,-2.101776420834127,13.90450218607437,-1.7910867439088278
37.775000000000006,-60.35758114738384,0.0900537206958663,0.43459043267827807,0.39030905876348276,-2.101544388840653,13.904439056616454,-1.7911743442151518
37.8,-60.357875125873676,0.09005118410259286,0.4345776137265797,0.39031029910781223,-2.1013104221067707,13.904370185625913,-1.7912625377621025
37.825,-60.35817097235354,0.09004861509752846,0.4345648693172774,0.3903115107767646,-2.101074601783543,13.904295663285158,-1.791351291706062
37.85,-60.358468578399545,0.09004601485655377,0.4345521994142362,0.3903126937694779,-2.10083700840144,13.904215580106456,-1.7914405735198635
37.875,-60.35876783665824,0.09004338454736768,0.43453960396924757,0.39031384809339636,-2.1005977218557805,13.904130026901042,-1.7915303509974712
37.900000000000006,-60.359068640861665,0.09004072532927176,0.4345270829221909,0.3903149737641472,-2.100356821392586,13.904039094748562,-1.7916205922584993
37.925,-60.3593708858419,0.09003803835295991,0.4345146362011966,0.3903160708054167,-2.100114385594833,13.903942874966917,-1.7917112657525691
37.95,-60.35967446754506,0.0900353247603138,0.43450226372281003,0.3903171392488259,-2.0998704923691296,13.903841459082468,-1.7918023402635186
37.975,-60.359979283044865,0.09003258568420353,0.4344899653921561,0.39031817913380557,-2.0996252189327844,13.903734938800524,-1.7918937849134593
38.0,-60.360285230555554,0.09002982224829398,0.4344777411031055,0.39031919050747116,-2.0993786418012976,13.903623405976314,-1.7919855691666662
38.025000000000006,-60.360592209444434,0.09002703556685632,0.4344655907384412,0.3903201734244971,-2.099130836776234,13.903506952586277,-1.79207766283333
38.05,-60.36090012024383,0.09002422674458509,0.4344535141700262,0.39032112794699075,-2.098881878933512,13.903385670699697,-1.7921700360731478
38.075,-60.36120886466255,0.09002139687642059,0.43444151125897174,0.3903220541443664,-2.0986318426120842,13.9032596524508,-1.7922626593987652
38.1,-60.36151834559689,0.09001854704737682,0.4344295818558064,0.39032295209321843,-2.09838080140302,13.903128990011156,-1.7923555036790673
38.125,-60.36182846714109,0.09001567833237437,0.4344177258006458,0.390323821877195,-2.098128828138968,13.902993775562523,-1.792448540142326
38.150000000000006,-60.3621391345973,0.09001279179607917,0.434405942923363,0.3903246635868708,-2.097875994884029,13.902854101270039,-1.7925417403791897
38.175,-60.36245025448512,0.09000988849274603,0.434394233043759,0.3903254773196203,-2.0976223729239933,13.902710059255856,-1.7926350763455352
38.2,-60.36276173455057,0.09000696946606784,0.43438259597173445,0.39032626317949065,-2.0973680327569904,13.90256174157313,-1.79272852036517
38.225,-60.36307348377464,0.09000403574902988,0.4343710315074609,0.39032702127707436,-2.0971130440845016,13.90240924018041,-1.7928220451323924
38.25,-60.36338541238135,0.09000108836376913,0.4343595394415533,0.3903277517293822,-2.0968574758027523,13.902252646916443,-1.7929156237144042
38.275000000000006,-60.363697431845296,0.08999812832143927,0.43434811955524205,0.3903284546597163,-2.096601395994495,13.902092053475387,-1.7930092295535884
38.3,-60.36400945489878,0.08999515662208027,0.4343367716205457,0.3903291301975425,-2.0963448719211475,13.901927551382425,-1.793102836469633
38.325,-60.364321395538454,0.08999217425449353,0.43432549540044385,0.39032977847836403,-2.0960879700153163,13.90175923196975,-1.793196418661536
38.35,-60.3646331690315,0.0899891821961219,0.4343142906490502,0.39033039964359406,-2.095830755873676,13.90158718635301,-1.7932899507094497
38.375,-60.36494469192135,0.08998618141293482,0.4343031571117853,0.3903309938404293,-2.0955732942502165,13.901411505408133,-1.7933834075764052
38.400000000000006,-60.36525588203299,0.08998317285931844,0.4342920945255498,0.39033156122172347,-2.095315649049846,13.901232279748573,-1.7934767646098968
38.425,-60.36556665847775,0.0899801574779708,0.43428110261889763,0.3903321019458609,-2.0950578833223625,13.901049599702953,-1.793569997543326
38.45,-60.36587694165775,0.08997713619980194,0.43427018111220894,0.3903326161766304,-2.094800059256759,13.900863555293101,-1.7936630824973256
38.475,-60.36618665326979,0.08997410994383871,0.434259329717863,0.39033310408309996,-2.0945422381758876,13.900674236212613,-1.7937559959809377
38.5,-60.36649571630892,0.08997107961713476,0.4342485481404111,0.3903335658394908,-2.094284480531467,13.900481731805645,-1.7938487148926754
38.525000000000006,-60.36680405507149,0.08996804611468513,0.43423783607674876,0.3903340016250528,-2.094026845899436,13.900286131046295,-1.793941216521447
38.55,-60.36711159515788,0.08996501031934569,0.43422719321628844,0.3903344116239394,-2.09376939297563,13.900087522518268,-1.7940334785473637
38.575,-60.3674182634747,0.0899619731017573,0.43421661924113125,0.3903347960250838,-2.0935121795718064,13.899885994395067,-1.7941254790424088
38.6,-60.36772398823666,0.0899589353202747,0.43420611382623875,0.39033515502207494,-2.093255262611993,13.899681634420498,-1.7942171964709985
38.625,-60.368028698968025,0.08995589782089995,0.434195676639604,0.3903354888130341,-2.0929986981291537,13.899474529889645,-1.7943086096904075
38.650000000000006,-60.36833232650361,0.08995286143722057,0.4341853073424227,0.3903357976004923,-2.0927425412621883,13.899264767630271,-1.7943996979510834
38.675,-60.36863480298946,0.08994982699035213,0.43417500558926336,0.390336081591268,-2.092486846253239,13.899052433984597,-1.7944904408968383
38.7,-60.36893606188308,0.08994679528888533,0.434164771028237,0.39033634099634523,-2.0922316664453087,13.898837614791509,-1.7945808185649248
38.725,-60.36923603795332,0.08994376712883778,0.43415460330116656,0.3903365760307527,-2.091977054280204,13.89862039536918,-1.7946708113859962
38.75,-60.369534667279844,0.08994074329360983,0.43414450204375565,0.39033678691344326,-2.091723061296759,13.898400860498114,-1.794760400183953
38.775000000000006,-60.36983188725227,0.08993772455394496,0.4341344668857563,0.3903369738671739,-2.0914697381293736,13.898179094404579,-1.79484956617568
38.8,-60.37012763656889,0.08993471166789431,0.4341244974511365,0.39033713711838675,-2.0912171345068375,13.897955180744457,-1.7949382909706664
38.825,-60.37042185523507,0.08993170538078565,0.43411459335824676,0.3903372768970904,-2.0909652992514527,13.897729202587533,-1.7950265565705215
38.85,-60.37071448456129,0.08992870642519653,0.4341047542199858,0.3903373934367424,-2.0907142802784464,13.897501242402146,-1.7951143453683869
38.875,-60.3710054671608,0.08992571552093125,0.43409497964396576,0.39033748697413195,-2.0904641245956452,13.897271382040277,-1.7952016401482396
38.900000000000006,-60.371294746946965,0.08992273337500242,0.43408526923267643,0.3903375577492638,-2.090214878303458,13.89703970272302,-1.7952884240840894
38.925,-60.371582269130265,0.08991976068161614,0.43407562258364846,0.3903376060052428,-2.0899665865950996,13.896806285026496,-1.7953746807390794
38.95,-60.37186798021494,0.08991679812216123,0.43406603928961573,0.3903376319881591,-2.089719293757102,13.89657120886812,-1.7954603940644809
38.975,-60.37215182799533,0.08991384636520262,0.4340565189386772,0.39033763594697424,-2.0894730431700888,13.896334553493286,-1.7955455483985994
39.0,-60.37243376155192,0.08991090606647834,0.43404706111445696,0.3903376181334085,-2.089227877309802,13.896096397462466,-1.7956301284655751
39.025000000000006,-60.37271373124696,0.08990797786890035,0.43403766539626404,0.39033757880182846,-2.088983837748388,13.895856818638702,-1.795714119374088
39.05,-60.372991688719935,0.0899050624025593,0.4340283313592509,0.3903375182091359,-2.0887409651559286,13.895615894175457,-1.7957975066159804
39.075,-60.37326758688259,0.08990216028473282,0.4340190585745707,0.39033743661465753,-2.0884992993022324,13.895373700504903,-1.795880276064777
39.1,-60.37354137991374,0.08989927211989741,0.43400984660953357,0.39033733428003536,-2.088258879058844,13.895130313326561,-1.7959624139741215
39.125,-60.37381302325375,0.08989639849974405,0.43400069502776206,0.3903372114691186,-2.0880197424013063,13.894885807596358,-1.7960439069761256
39.150000000000006,-60.37408247359876,0.08989354000319733,0.4339916033893449,0.390337068447856,-2.0877819264116586,13.894640257516054,-1.7961247420796282
39.175,-60.37434968889459,0.08989069719643782,0.4339825712509899,0.3903369054841893,-2.087545467281145,13.89439373652304,-1.7962049066683767
39.2,-60.3746146283304,0.0898878706329281,0.43397359816617564,0.3903367228479479,-2.0873104003131555,13.894146317280523,-1.7962843884991193
39.225,-60.37487725233208,0.08988506085344196,0.433964683685302,0.3903365208107442,-2.08707675992639,13.893898071668104,-1.7963631756996228
39.25,-60.375137522555356,0.08988226838609703,0.43395582735583893,0.39033629964587024,-2.086844579658224,13.893649070772696,-1.7964412567666066
39.275000000000006,-60.37539540187868,0.0898794937463905,0.4339470287224746,0.39033605962819534,-2.086613892168296,13.893399384879862,-1.796518620563603
39.3,-60.37565085439581,0.08987673743723805,0.43393828732726175,0.39033580103406457,-2.08638472924229,13.89314908346543,-1.7965952563187422
39.325,-60.37590384540822,0.08987399994901589,0.43392960270976305,0.3903355241411987,-2.0861571217959183,13.892898235187596,-1.796671153622465
39.35,-60.3761543414172,0.0898712817596058,0.43392097440719485,0.3903352292285948,-2.0859310998791045,13.892646907879262,-1.7967463024251593
39.375,-60.376402310115765,0.08986858333444335,0.4339124019545696,0.3903349165764283,-2.0857066926803594,13.892395168540848,-1.7968206930347292
39.400000000000006,-60.37664772038034,0.0898659051265687,0.43390388488483694,0.3903345864659559,-2.0854839285313327,13.89214308333334,-1.796894316114102
39.425,-60.37689054226219,0.0898632475766806,0.4338954227290234,0.39033423917941973,-2.085262834911561,13.8918907175718,-1.7969671626786563
39.45,-60.377130746978665,0.08986061111319298,0.43388701501637045,0.3903338749999526,-2.085043438453377,13.891638135719145,-1.7970392240935993
39.475,-60.37736830690423,0.08985799615229433,0.43387866127447144,0.39033349421148444,-2.0848257649470026,13.89138540138031,-1.797110492071269
39.5,-60.37760319556129,0.08985540309800984,0.43387036102940674,0.39033309709864994,-2.0846098393458123,13.891132577296732,-1.7971809586683876
39.525000000000006,-60.37783538761082,0.08985283234226614,0.4338621138058773,0.3903326839466971,-2.084395685771754,13.890879725341174,-1.7972506162832467
39.55,-60.37806485884279,0.08985028426495852,0.4338539191273374,0.3903322550413974,-2.084183327520931,13.890626906512901,-1.797319457652837
39.575,-60.37829158616641,0.0898477592340207,0.43384577651612494,0.3903318106689565,-2.083972787069343,13.890374180933149,-1.7973874758499235
39.6,-60.378515547600216,0.08984525760549715,0.4338376854935908,0.3903313511159268,-2.083764086078773,13.890121607840948,-1.7974546642800646
39.625,-60.37873672226195,0.08984277972361754,0.43382964558022646,0.390330876669121,-2.0835572454028224,13.889869245589269,-1.7975210166785842
39.650000000000006,-60.37895509035829,0.08984032592087388,0.43382165629578995,0.39033038761552635,-2.0833522850930986,13.88961715164146,-1.7975865271074867
39.675,-60.37917063317441,0.0898378965180996,0.43381371715943046,0.39032988424222104,-2.083149224405527,13.889365382568034,-1.797651189952323
39.7,-60.3793833330634,0.08983549182455101,0.43380582768981113,0.39032936683629094,-2.0829480818067982,13.889113994043713,-1.7977149999190203
39.725,-60.37959317343548,0.08983311213799092,0.4337979874052303,0.39032883568474813,-2.0827488749809606,13.888863040844873,-1.797777952030644
39.75,-60.379800138747164,0.08983075774477411,0.4337901958237412,0.3903282910744503,-2.0825516208361146,13.88861257684713,-1.7978400416241491
39.775000000000006,-60.38000421449016,0.0898284289199353,0.4337824524632699,0.39032773329202175,-2.082356335511254,13.888362655023455,-1.797901264347047
39.8,-60.380205387180226,0.08982612592727857,0.4337747568417317,0.3903271626237752,-2.082163034383202,13.888113327442339,-1.7979616161540675
39.825,-60.380403644345904,0.08982384901946913,0.43376710847714595,0.39032657935563525,-2.081971732073681,13.887864645266413,-1.798021093303771
39.85,-60.38059897451703,0.08982159843812669,0.4337595068877489,0.3903259837730627,-2.0817824424564746,13.887616658751291,-1.7980796923551081
39.875,-60.380791367213234,0.08981937441392072,0.4337519515921052,0.39032537616098056,-2.081595178664709,13.88736941724471,-1.7981374101639702
39.900000000000006,-60.380980812932265,0.08981717716666741,0.43374444210921775,0.3903247568037009,-2.081409953098221,13.887122969185931,-1.7981942438796792
39.925,-60.38116730313821,0.0898150069054285,0.4337369779586354,0.3903241259848531,-2.0812267774310484,13.886877362105437,-1.7982501909414637
39.95,-60.38135083024966,0.08981286382861146,0.4337295586605597,0.3903234839873136,-2.0810456626189824,13.88663264262487,-1.7983052490748974
39.975,-60.381531387627675,0.08981074812407148,0.4337221837359492,0.3903228310931364,-2.080866618907235,13.886388856457272,-1.7983594162883023
40.0,-60.38170896956378,0.08980865996921489,0.4337148527066226,0.3903221675834855,-2.080689655838185,13.886146048407543,-1.7984126908691345
40.025000000000006,-60.38188357126778,0.08980659953110406,0.43370756509535996,0.39032149373856767,-2.080514782259201,13.885904262373199,-1.7984650713803332
40.05,-60.382055188855524,0.08980456696656372,0.43370032042600226,0.39032080983756756,-2.080342006330551,13.885663541345323,-1.7985165566566572
40.075,-60.382223819336595,0.08980256242228862,0.43369311822354917,0.3903201161585832,-2.080171335533383,13.88542392740984,-1.7985671458009782
40.1,-60.382389460601914,0.0898005860349526,0.4336859580142552,0.39031941297856326,-2.080002776677781,13.885185461748982,-1.798616838180574
40.125,-60.382552111411286,0.08979863793131868,0.4336788393257242,0.39031870057324536,-2.079836335910881,13.884948184643001,-1.7986656334233857
40.150000000000006,-60.38271177138087,0.0897967182283507,0.43367176168700194,0.39031797921709566,-2.0796720187250664,13.884712135472125,-1.7987135314142606
40.175,-60.382868440970604,0.08979482703332581,0.43366472462866706,0.39031724918324967,-2.079509829966205,13.884477352718722,-1.798760532291181
40.2,-60.383022121471555,0.08979296444394815,0.4336577276829204,0.3903165107434545,-2.0793497738419604,13.884243873969757,-1.7988066364414663
40.225,-60.38317281499323,0.08979113054846365,0.43365077038367256,0.3903157641680122,-2.079191853930149,13.88401173591938,-1.7988518444979689
40.25,-60.383320524450866,0.08978932542577577,0.4336438522666296,0.3903150097257244,-2.0790360731871487,13.88378097437179,-1.7988961573352598
40.275000000000006,-60.38346525355263,0.08978754914556218,0.4336369728693773,0.39031424768383816,-2.0788824339563607,13.8835516242443,-1.7989395760657885
40.3,-60.38360700678681,0.08978580176839242,0.43363013173146336,0.390313478307993,-2.0787309379767094,13.883323719570603,-1.798982102036043
40.325,-60.38374578940898,0.08978408334584612,0.4336233283944782,0.39031270186216954,-2.078581586391177,13.883097293504258,-1.799023736822693
40.35,-60.3838816074291,0.08978239392063253,0.4336165624021339,0.3903119186086388,-2.0784343797553984,13.882872378322363,-1.7990644822287307
40.375,-60.384014467598675,0.08978073352671036,0.4336098333003415,0.3903111288079132,-2.0782893180462687,13.882649005429421,-1.7991043402796023
40.400000000000006,-60.384144377397774,0.08977910218940852,0.4336031406372862,0.39031033271869864,-2.078146400670594,13.882427205361418,-1.7991433132193322
40.425,-60.38427134502214,0.08977749992554741,0.4335964839635019,0.3903095305978478,-2.078005626473762,13.882207007790077,-1.7991814035066425
40.45,-60.38439537937023,0.08977592674356098,0.4335898628319426,0.3903087227003144,-2.0778669937484486,13.881988441527273,-1.7992186138110695
40.475,-60.38451649003027,0.0897743826436192,0.4335832767980533,0.3903079092791093,-2.077730500243339,13.881771534529674,-1.7992549470090815
40.5,-60.38463468726729,0.08977286761775122,0.43357672541983866,0.3903070905852572,-2.077596143171878,13.881556313903536,-1.7992904061801858
40.525000000000006,-60.384749982010156,0.0897713816499687,0.43357020825793,0.3903062668677548,-2.0774639192210205,13.881342805909654,-1.7993249946030467
40.55,-60.38486238583868,0.08976992471639013,0.4335637248756509,0.39030543837353027,-2.0773338245600237,13.881131035968473,-1.7993587157516038
40.575,-60.38497191097061,0.08976849678536479,0.4335572748390808,0.3903046053474035,-2.077205854849216,13.880921028665421,-1.7993915732911836
40.6,-60.38507857024874,0.0897670978175977,0.43355085771711693,0.3903037680320482,-2.077080005248799,13.880712807756336,-1.799423571074621
40.625,-60.385182377127954,0.08976572776627464,0.43354447308153504,0.39030292666795435,-2.0769562704276603,13.880506396173073,-1.799454713138386
40.650000000000006,-60.38528334566238,0.08976438657718727,0.433538120507048,0.3903020814933927,-2.0768346445721573,13.880301816029275,-1.7994850036987138
40.675,-60.38538149049247,0.0897630741888588,0.43353179957136284,0.39030123274437956,-2.0767151213949444,13.880099088626254,-1.799514447147741
40.7,-60.385476826832175,0.08976179053266953,0.4335255098552365,0.39030038065464356,-2.07659769414376,13.879898234459063,-1.7995430480496524
40.725,-60.385569370456125,0.08976053553298277,0.4335192509425295,0.39029952545559293,-2.076482355610238,13.879699273222647,-1.7995708111368371
40.75,-60.38565913768683,0.08975930910727069,0.4335130224202583,0.39029866737628416,-2.0763690981386933,13.879502223818177,-1.7995977413060487
40.775000000000006,-60.38574614538193,0.08975811116624037,0.4335068238786457,0.390297806643392,-2.0762579136349117,13.879307104359512,-1.7996238436145788
40.8,-60.385830410921486,0.0897569416139598,0.4335006549111703,0.3902969434811801,-2.076148793574919,13.87911393217976,-1.7996491232764456
40.825,-60.385911952195315,0.08975580034798385,0.4334945151146137,0.3902960781114733,-2.07604172901374,13.878922723837958,-1.7996735856585941
40.85,-60.385990787590345,0.08975468725948027,0.4334884040891064,0.39029521075363066,-2.075936710594145,13.878733495125923,-1.799697236277103
40.875,-60.38606693597804,0.08975360223335554,0.43348232143817217,0.3902943416245196,-2.0758337285553687,13.878546261075169,-1.7997200807934128
40.900000000000006,-60.38614041670191,0.08975254514838071,0.43347626676877093,0.39029347093849137,-2.075732772741824,13.878361035963929,-1.7997421250105738
40.925,-60.38621124956498,0.08975151587731679,0.4334702396913397,0.39029259890735746,-2.0756338326117687,13.878177833324342,-1.7997633748694937
40.95,-60.386279454817405,0.08975051428704046,0.4334642398198325,0.39029172574036697,-2.0755368972459824,13.87799666594967,-1.7997838364452214
40.975,-60.386345053144105,0.08974954023866902,0.4334582667717586,0.39029085164418514,-2.0754419553563768,13.877817545901673,-1.7998035159432313
41.0,-60.38640806565249,0.08974859358768544,0.4334523201682188,0.3902899768228731,-2.0753489952946143,13.877640484518045,-1.7998224196957466
41.025000000000006,-60.38646851386019,0.089747674184063,0.433446399633941,0.3902891014778682,-2.075258005060666,13.877465492419965,-1.799840554158056
41.05,-60.38652641968292,0.08974678187238966,0.4334405047973137,0.39028822580796596,-2.075168972311363,13.877292579519704,-1.7998579259048768
41.075,-60.38658180542239,0.08974591649199191,0.4334346352904182,0.3902873500093026,-2.075081884368887,13.877121755028393,-1.7998745416267161
41.1,-60.386634693754246,0.08974507787705853,0.4334287907490593,0.39028647427533864,-2.074996728229245,13.87695302746375,-1.7998904081262737
41.125,-60.38668510771617,0.08974426585676379,0.43342297081279474,0.3902855987968437,-2.0749134905707076,13.876786404658004,-1.7999055323148503
41.150000000000006,-60.38673307069598,0.08974348025539004,0.43341717512496286,0.3902847237618822,-2.0748321577621804,13.876621893765822,-1.7999199212087944
41.175,-60.38677860641985,0.0897427208924501,0.4334114033327093,0.3902838493557999,-2.0747527158715617,13.876459501272352,-1.7999335819259557
41.2,-60.386821738940604,0.0897419875828092,0.43340565508701173,0.39028297576121146,-2.0746751506740595,13.876299233001271,-1.799946521682181
41.225,-60.386862492626065,0.08974128013680593,0.43339993004270383,0.39028210315798917,-2.0745994476604257,13.87614109412299,-1.7999587477878194
41.25,-60.386900892147544,0.08974059836037329,0.4333942278584973,0.39028123172325235,-2.0745255920451955,13.875985089162826,-1.799970267644263
41.275000000000006,-60.386936962468376,0.08973994205515859,0.4333885481970028,0.3902803616313578,-2.0744535687748353,13.875831222009287,-1.7999810887405125
41.3,-60.38697072883255,0.08973931101864314,0.43338289072474967,0.3902794930538912,-2.07438336253587,13.875679495922398,-1.7999912186497653
41.325,-60.38700221675345,0.08973870504426112,0.43337725511220376,0.3902786261596593,-2.0743149577629416,13.875529913542092,-1.8000006650260352
41.35,-60.38703145200266,0.08973812392151784,0.43337164103378495,0.3902777611146832,-2.0742483386468282,13.875382476896615,-1.8000094356007976
41.375,-60.38705846059889,0.08973756743610731,0.43336604816788205,0.39027689808219235,-2.0741834891423947,13.875237187411,-1.8000175381796657
41.400000000000006,-60.387083268796985,0.08973703537002915,0.4333604761968676,0.39027603722261944,-2.074120392976504,13.875094045915592,-1.8000249806390953
41.425,-60.38710590307704,0.08973652750170485,0.4333549248071106,0.39027517869359624,-2.0740590336558635,13.874953052654579,-1.8000317709231126
41.45,-60.387126390133616,0.089736043606093,0.4333493936889885,0.39027432264995027,-2.073999394474808,13.8748142072946,-1.8000379170400846
41.475,-60.387144756865034,0.08973558345480419,0.4333438825368976,0.3902734692437023,-2.0739414585230436,13.874677508933356,-1.80004342705951
41.5,-60.387161030362805,0.08973514681621465,0.4333383910492623,0.3902726186240646,-2.0738852086933006,13.87454295610825,-1.800048309108841
41.525000000000006,-60.387175237901154,0.08973473345557954,0.4333329189285432,0.39027177093744003,-2.0738306276889573,13.874410546805073,-1.800052571370346
41.55,-60.387187406926635,0.08973434313514513,0.43332746588124404,0.3902709263274222,-2.073777698031585,13.874280278466708,-1.8000562220779903
41.575,-60.38719756504788,0.08973397561426004,0.4333220316179174,0.390270084934796,-2.073726402068416,13.874152148001837,-1.800059269514363
41.6,-60.38720574002541,0.08973363064948604,0.4333166158531691,0.39026924689753906,-2.073676721979783,13.874026151793707,-1.800061722007622
41.625,-60.387211959761636,0.0897333079947076,0.43331121830566177,0.3902684123508242,-2.0736286397864574,13.873902285708832,-1.8000635879284905
41.650000000000006,-60.38721625229088,0.08973300740124052,0.4333058386981169,0.39026758142702245,-2.0735821373569356,13.873780545105834,-1.8000648756872628
41.675,-60.387218645769565,0.08973272861794,0.4333004767573161,0.39026675425570667,-2.0735371964146667,13.873660924844161,-1.8000655937308692
41.7,-60.387219168466515,0.08973247139130741,0.4332951322141011,0.3902659309636562,-2.0734937985451904,13.873543419292906,-1.8000657505399544
41.725,-60.38721784875334,0.08973223546559628,0.43328980480337276,0.390265111674862,-2.073451925203225,13.873428022339585,-1.800065354626001
41.75,-60.387214715094956,0.08973202058291732,0.43328449426408877,0.3902642965105327,-2.0734115577196723,13.873314727398936,-1.8000644145284865
41.775000000000006,-60.38720979604023,0.0897318264833424,0.43327920033926065,0.39026348558910096,-2.073372677308556,13.873203527421705,-1.8000629388120692
41.8,-60.38720312021273,0.08973165290500762,0.43327392277594945,0.3902626790262312,-2.0733352650738937,13.873094414903449,-1.8000609360638193
41.825,-60.387194716301586,0.08973149958421538,0.4332686613252605,0.3902618769348272,-2.0732993020164865,13.872987381893315,-1.8000584148904757
41.85,-60.387184613052476,0.08973136625553525,0.43326341574233723,0.39026107942504096,-2.0732647690406387,13.872882420002814,-1.8000553839157425
41.875,-60.38717283925875,0.08973125265190396,0.43325818578635394,0.3902602866042818,-2.0732316469607968,13.872779520414598,-1.8000518517776256
41.900000000000006,-60.38715942375264,0.08973115850472448,0.43325297122050765,0.39025949857722647,-2.073199916508141,13.872678673891219,-1.8000478271257925
41.925,-60.387144395396625,0.08973108354396378,0.43324777181200885,0.3902587154458296,-2.073169558337065,13.872579870783861,-1.8000433186189873
41.95,-60.38712778307487,0.08973102749824949,0.43324258733207155,0.3902579373093347,-2.073140553031591,13.872483101041086,-1.8000383349224598
41.975,-60.38710961568485,0.08973099009496587,0.4332374175559021,0.39025716426428625,-2.073112881111729,13.872388354217511,-1.8000328847054545
42.0,-60.38708992212906,0.0897309710603483,0.43323226226268763,0.39025639640454163,-2.073086523039733,13.872295619482532,-1.800026976638717
42.025,-60.38706873130683,0.0897309701195768,0.4332271212355828,0.3902556338212843,-2.0730614592262855,13.872204885628953,-1.8000206193920496
42.050000000000004,-60.387046072106315,0.08973098699686849,0.4332219942616966,0.39025487660303715,-2.0730376700366167,13.872116141081666,-1.8000138216318944
42.075,-60.387021973396536,0.08973102141556888,0.43321688113207757,0.39025412483567645,-2.0730151357965267,13.872029373906221,-1.8000065920189605
42.1,-60.38699646401964,0.08973107309824208,0.4332117816416985,0.3902533786024465,-2.0729938367983465,13.871944571817442,-1.7999989392058915
42.125,-60.3869695727832,0.0897311417667598,0.4332066955894403,0.3902526379839747,-2.0729737533068047,13.871861722187957,-1.7999908718349602
42.15,-60.38694132845267,0.08973122714238922,0.43320162277807517,0.39025190305828683,-2.072954865564818,13.87178081205673,-1.7999823985358012
42.175000000000004,-60.386911759743995,0.08973132894587985,0.4331965630142486,0.3902511739008236,-2.072937153799209,13.871701828137548,-1.7999735279231983
42.2,-60.386880895316274,0.08973144689754899,0.43319151610846096,0.3902504505844568,-2.0729205982263332,13.871624756827458,-1.799964268594882
42.225,-60.38684876376464,0.0897315807173662,0.4331864818750484,0.3902497331795065,-2.0729051790576305,13.871549584215188,-1.7999546291293917
42.25,-60.386815393613176,0.08973173012503668,0.43318146013216247,0.3902490217537587,-2.0728908765050993,13.871476296089531,-1.7999446180839527
42.275,-60.386780813308036,0.08973189484008329,0.4331764507017498,0.3902483163724829,-2.072877670786685,13.871404877947631,-1.7999342439924106
42.300000000000004,-60.38674505121061,0.08973207458192735,0.4331714534095304,0.3902476170984509,-2.072865542131576,13.87133531500332,-1.799923515363183
42.325,-60.3867081355909,0.0897322690699685,0.4331664680849756,0.39024692399195526,-2.072854470785438,13.87126759219532,-1.79991244067727
42.35,-60.38667009462095,0.08973247802366328,0.4331614945612854,0.3902462371108288,-2.0728444370155583,13.87120169419545,-1.7999010283862857
42.375,-60.38663095636845,0.0897327011626023,0.4331565326753648,0.390245556510464,-2.0728354211158964,13.871137605416783,-1.7998892869105347
42.4,-60.38659074879042,0.08973293820658662,0.4331515822677999,0.39024488224383336,-2.0728274034120737,13.871075310021727,-1.7998772246371253
42.425000000000004,-60.38654949972707,0.08973318887570246,0.4331466431828331,0.3902442143615094,-2.0728203642662573,13.871014791930069,-1.79986484991812
42.45,-60.386507236895746,0.08973345289039523,0.43314171526833783,0.39024355291168583,-2.0728142840819865,13.870956034826984,-1.7998521710687234
42.475,-60.38646398788502,0.0897337299715419,0.4331367983757927,0.39024289794019834,-2.0728091433088944,13.870899022170953,-1.7998391963655067
42.5,-60.386419780148906,0.08973401984052239,0.43313189236025496,0.39024224949054637,-2.072804922447358,13.870843737201657,-1.7998259340446714
42.525,-60.38637464100116,0.08973432221928981,0.43312699708033336,0.3902416076039148,-2.07280160205307,13.870790162947804,-1.7998123923003482
42.550000000000004,-60.386328597609776,0.08973463683043927,0.43312211239816084,0.39024097231919613,-2.0727991627415117,13.870738282234903,-1.7997985792829325
42.575,-60.386281676991544,0.08973496339727563,0.4331172381793662,0.3902403436730129,-2.0727975851923577,13.870688077692947,-1.799784503097463
42.6,-60.38623390600676,0.08973530164388012,0.43311237429304567,0.3902397216997405,-2.0727968501537974,13.870639531764091,-1.7997701718020274
42.625,-60.38618531135405,0.0897356512951756,0.4331075206117335,0.3902391064315303,-2.0727969384467695,13.870592626710225,-1.7997555934062142
42.65,-60.386135919565305,0.08973601207699063,0.4331026770113728,0.39023849789833276,-2.0727978309691086,13.870547344620507,-1.7997407758695914
42.675000000000004,-60.38608575700079,0.08973638371612243,0.43309784337128504,0.3902378961279213,-2.0727995086996267,13.870503667418804,-1.7997257271002376
42.7,-60.3860348498443,0.08973676594039849,0.43309301957413987,0.39023730114591604,-2.072801952702092,13.870461576871103,-1.7997104549532899
42.725,-60.385983224098474,0.08973715847873717,0.4330882055059241,0.39023671297580786,-2.0728051441291435,13.870421054592832,-1.7996949672295421
42.75,-60.38593090558025,0.08973756106120691,0.4330834010559101,0.390236131638983,-2.0728090642261114,13.870382082056139,-1.7996792716740757
42.775,-60.3858779199164,0.08973797341908435,0.4330786061166244,0.3902355571547474,-2.0728136943347666,13.870344640597061,-1.7996633759749208
42.800000000000004,-60.38582429253921,0.08973839528491113,0.4330738205838154,0.3902349895403515,-2.0728190158969744,13.87030871142266,-1.7996472877617633
42.825,-60.38577004868227,0.08973882639254965,0.4330690443564206,0.3902344288110156,-2.07282501045828,13.870274275618087,-1.7996310146046801
42.85,-60.38571521337637,0.08973926647723754,0.4330642773365339,0.3902338749799546,-2.072831659671408,13.870241314153544,-1.7996145640129113
42.875,-60.385659811445564,0.08973971527564088,0.4330595194293726,0.3902333280584037,-2.072838945299681,13.870209807891218,-1.7995979434336689
42.9,-60.385603867503264,0.08974017252590645,0.43305477054324326,0.390232788055644,-2.072846849220362,13.870179737592109,-1.7995811602509788
42.925000000000004,-60.385547405948536,0.08974063796771255,0.4330500305895083,0.39023225497902797,-2.0728553534279106,13.870151083922792,-1.7995642217845607
42.95,-60.38549045096246,0.08974111134231866,0.43304529948255155,0.3902317288340057,-2.0728644400371543,13.870123827462123,-1.799547135288737
42.975,-60.385433026504614,0.08974159239261424,0.4330405771397438,0.39023120962415075,-2.072874091286407,13.870097948707851,-1.7995299079513842
43.0,-60.385375156309706,0.0897420808631659,0.4330358634814081,0.39023069735118643,-2.07288428954047,13.870073428083147,-1.7995125468929116
43.025,-60.385316863884256,0.08974257650026364,0.43303115843078455,0.390230192015012,-2.0728950172935816,13.87005024594309,-1.7994950591652767
43.050000000000004,-60.38525817250344,0.08974307905196599,0.43302646191399524,0.3902296936137294,-2.07290625717228,13.870028382581044,-1.7994774517510321
43.075,-60.38519910520804,0.08974358826814383,0.4330217738600086,0.3902292021436694,-2.072917991938188,13.870007818234976,-1.7994597315624112
43.1,-60.38513968480146,0.08974410390052316,0.43301709420060375,0.39022871759941863,-2.072930204490718,13.869988533093679,-1.7994419054404374
43.125,-60.38507993384693,0.08974462570272676,0.4330124228703343,0.3902282399738462,-2.07294287786971,13.869970507302952,-1.7994239801540792
43.15,-60.38501987466476,0.08974515343031444,0.43300775980649253,0.3902277692581304,-2.0729559952579706,13.869953720971633,-1.799405962399429
43.175000000000004,-60.38495952932972,0.08974568684082258,0.4330031049490728,0.39022730544178597,-2.0729695399837644,13.869938154177643,-1.7993878587989158
43.2,-60.38489891966849,0.08974622569380217,0.4329984582407352,0.3902268485126907,-2.072983495523204,13.869923786973885,-1.799369675900546
43.225,-60.38483806725732,0.08974676975085584,0.43299381962676875,0.39022639845711266,-2.072997845502581,13.869910599394048,-1.7993514201771958
43.25,-60.38477699341967,0.089747318775674,0.4329891890550548,0.39022595525973736,-2.0730125737006193,13.86989857145842,-1.799333098025901
43.275,-60.38471571922404,0.08974787253406943,0.43298456647602973,0.3902255189036948,-2.0730276640506404,13.869887683179522,-1.7993147157672118
43.300000000000004,-60.384654265481856,0.08974843079401114,0.43297995184264826,0.39022508937058653,-2.0730431006426766,13.86987791456772,-1.7992962796445566
43.325,-60.38459265274549,0.08974899332565697,0.4329753451103461,0.3902246666405132,-2.0730588677254937,13.869869245636737,-1.7992777958236466
43.35,-60.38453090130637,0.08974955990138513,0.43297074623700244,0.3902242506921013,-2.0730749497085474,13.869861656409054,-1.7992592703919108
43.375,-60.384469031193184,0.08975013029582464,0.43296615518290305,0.39022384150253087,-2.0730913311638655,13.869855126921298,-1.799240709357955
43.4,-60.38440706217019,0.08975070428588477,0.4329615719107025,0.39022343904756235,-2.0731079968278636,13.86984963722948,-1.7992221186510569
43.425000000000004,-60.38434501373563,0.08975128165078332,0.4329569963853867,0.39022304330156404,-2.073124931603079,13.869845167414185,-1.7992035041206897
43.45,-60.38428290512022,0.08975186217207383,0.4329524285742355,0.39022265423753916,-2.0731421205598415,13.869841697585668,-1.7991848715360668
43.475,-60.38422075528577,0.08975244563367187,0.4329478684467848,0.39022227182715313,-2.0731595489378734,13.869839207888864,-1.79916622658573
43.5,-60.38415858292385,0.0897530318218802,0.43294331597478924,0.3902218960407608,-2.0731772021478205,13.869837678508338,-1.7991475748771555
43.525,-60.38409640645464,0.08975362052541283,0.4329387711321843,0.39022152684743333,-2.073195065772706,13.869837089673101,-1.7991289219363913
43.550000000000004,-60.384034244025734,0.08975421153541828,0.4329342338950488,0.39022116421498565,-2.073213125569332,13.869837421661424,-1.7991102732077202
43.575,-60.383972113511184,0.08975480464550153,0.4329297042415671,0.3902208081100032,-2.073231367469596,13.869838654805486,-1.7990916340533551
43.6,-60.38391003251054,0.08975539965174528,0.43292518215199155,0.390220458497869,-2.073249777581755,13.869840769495953,-1.7990730097531624
43.625,-60.383848018348004,0.08975599635272982,0.4329206676086048,0.3902201153427907,-2.0732683421916063,13.869843746186548,-1.799054405504401
43.65,-60.38378608807169,0.08975659454955233,0.43291616059568233,0.3902197786078273,-2.0732870477636207,13.869847565398434,-1.799035826421506
43.675000000000004,-60.383724258452936,0.08975719404584497,0.43291166109945467,0.3902194482549159,-2.0733058809420015,13.869852207724572,-1.7990172775358808
43.7,-60.38366254598575,0.0897577946477919,0.4329071691080701,0.3902191242448985,-2.0733248285516703,13.869857653834009,-1.7989987637957248
43.725,-60.383600966886306,0.08975839616414578,0.43290268461155706,0.3902188065375487,-2.0733438775992132,13.869863884476027,-1.7989802900658916
43.75,-60.38353953709253,0.08975899840624274,0.4328982076017869,0.390218495091598,-2.073363015273738,13.869870880484253,-1.7989618611277591
43.775,-60.38347827226377,0.08975960118801679,0.4328937380724364,0.39021818986476237,-2.0733822289476787,13.869878622780682,-1.7989434816791317
43.800000000000004,-60.38341718778058,0.08976020432601327,0.4328892760189509,0.3902178908137685,-2.073401506177547,13.869887092379578,-1.798925156334174
43.825,-60.38335629874451,0.08976080763940122,0.4328848214385067,0.3902175978943801,-2.073420834704608,13.869896270391353,-1.7989068896233527
43.85,-60.383295619978064,0.089761410949985,0.4328803743299745,0.3902173110614238,-2.0734402024555036,13.869906138026307,-1.798888685993419
43.875,-60.38323516602468,0.08976201408221492,0.4328759346938823,0.3902170302688155,-2.073459597542818,13.869916676598336,-1.7988705498074047
43.9,-60.383174951148796,0.08976261686319698,0.4328715025323786,0.3902167554695856,-2.073479008265572,13.86992786752851,-1.7988524853446386
43.925000000000004,-60.38311498933601,0.08976321912270187,0.43286707784919587,0.3902164866159054,-2.0734984231096836,13.869939692348586,-1.798834496800802
43.95,-60.383055294293285,0.08976382069317283,0.432862660649614,0.3902162236591121,-2.073517830748334,13.869952132704466,-1.7988165882879854
43.975,-60.38299587944928,0.089764421409733,0.4328582509404239,0.3902159665497346,-2.073537220042319,13.869965170359526,-1.7987987638347847
44.0,-60.38293675795469,0.08976502111019152,0.4328538487298914,0.3902157152375185,-2.0735565800403064,13.869978787197915,-1.7987810273864062
44.025,-60.382877942682704,0.08976561963504925,0.4328494540277212,0.3902154696714515,-2.073575899979064,13.8699929652277,-1.798763382804811
44.050000000000004,-60.382819446229504,0.08976621682750333,0.4328450668450208,0.3902152297997881,-2.0735951692836263,13.870007686584046,-1.7987458338688511
44.075,-60.38276128091487,0.08976681253345087,0.4328406871942651,0.39021499557007466,-2.0736143775673908,13.870022933532164,-1.798728384274461
44.1,-60.3827034587828,0.08976740660149227,0.43283631508926085,0.3902147669291738,-2.073633514632188,13.870038688470334,-1.7987110376348396
44.125,-60.38264599160225,0.08976799888293323,0.4328319505451111,0.39021454382328896,-2.0736525704682793,13.87005493393272,-1.7986937974806756
44.15,-60.38258889086792,0.0897685892317864,0.4328275935781803,0.39021432619798885,-2.0736715352543147,13.870071652592179,-1.7986766672603764
44.175000000000004,-60.38253216780107,0.089769177504772,0.43282324420605933,0.3902141139982313,-2.0736903993572304,13.870088827262999,-1.7986596503403198
44.2,-60.382475833350455,0.08976976356131763,0.43281890244753085,0.3902139071683874,-2.0737091533320973,13.870106440903482,-1.7986427500051363
44.225,-60.3824198981933,0.0897703472635578,0.43281456832253473,0.39021370565226504,-2.0737277879219365,13.870124476618539,-1.7986259694579891
44.25,-60.38236437273631,0.08977092847633199,0.4328102418521338,0.3902135093931327,-2.0737462940574543,13.870142917662141,-1.7986093118208935
44.275,-60.3823092671168,0.08977150706718269,0.43280592305847987,0.3902133183337426,-2.073764662856765,13.870161747439736,-1.7985927801350405
44.300000000000004,-60.382254591203804,0.08977208290635218,0.43280161196478,0.39021313241635397,-2.073782885625035,13.87018094951056,-1.798576377361141
44.325,-60.382200354599306,0.089772655866779,0.4327973085952628,0.39021295158275593,-2.0738009538541027,13.870200507589892,-1.7985601063797916
44.35,-60.382146566639506,0.08977322582409357,0.4327930129751451,0.39021277577429037,-2.073818859222049,13.870220405551228,-1.7985439699918515
44.375,-60.382093236396145,0.089773792656613,0.43278872513059924,0.39021260493187426,-2.073836593592707,13.870240627428338,-1.7985279709188433
44.4,-60.38204037267786,0.08977435624533556,0.4327844450887199,0.3902124389960222,-2.0738541490151547,13.870261157417348,-1.7985121118033567
44.425000000000004,-60.38198798403162,0.08977491647393404,0.4327801728774916,0.39021227790686847,-2.0738715177231324,13.870281979878643,-1.798496395209485
44.45,-60.38193607874421,0.08977547322874894,0.43277590852575676,0.3902121216041889,-2.0738886921344495,13.87030307933876,-1.798480823623263
44.475,-60.38188466484376,0.08977602639878073,0.4327716520631834,0.3902119700274224,-2.0739056648503253,13.870324440492166,-1.7984653994531279
44.5,-60.38183375010131,0.08977657587568155,0.4327674035202335,0.39021182311569286,-2.0739224286547073,13.870346048203013,-1.7984501250303921
44.525,-60.38178334203244,0.08977712155374634,0.43276316292813166,0.39021168080782975,-2.073938976513532,13.870367887506765,-1.7984350026097324
44.550000000000004,-60.38173344789896,0.0897776633299032,0.4327589303188339,0.39021154304238964,-2.073955301573952,13.870389943611803,-1.7984200343696877
44.575,-60.38168407471059,0.08977820110370349,0.43275470572499675,0.39021140975767665,-2.0739713971635365,13.870412201900933,-1.7984052224131772
44.6,-60.381635229226774,0.08977873477731109,0.43275048917994685,0.3902112808917632,-2.0739872567894224,13.870434647932825,-1.798390568768032
44.625,-60.38158691795844,0.08977926425549115,0.43274628071765053,0.3902111563825101,-2.0740028741374283,13.870457267443374,-1.7983760753875309
44.65,-60.38153914716987,0.08977978944559831,0.432742080372684,0.3902110361675867,-2.074018243071133,13.870480046347035,-1.79836174415096
44.675000000000004,-60.38149192288059,0.08978031025756432,0.4327378881802037,0.3902109201844907,-2.0740333576309222,13.870502970738032,-1.7983475768641775
44.7,-60.38144525086731,0.08978082660388527,0.4327337041759168,0.3902108083705679,-2.0740482120329977,13.870526026891541,-1.7983335752601923
44.725,-60.38139913666585,0.08978133839960811,0.4327295283960522,0.39021070066303104,-2.0740628006683517,13.870549201264783,-1.7983197409997544
44.75,-60.3813535855732,0.08978184556231682,0.43272536087733227,0.3902105969989795,-2.0740771181017115,13.870572480498073,-1.7983060756719602
44.775,-60.38130860264953,0.08978234801211794,0.4327212016569438,0.3902104973154176,-2.0740911590704476,13.870595851415771,-1.7982925807948595
44.800000000000004,-60.381264192720295,0.08978284567162582,0.4327170507725103,0.3902104015492736,-2.0741049184834552,13.870619301027187,-1.7982792578160882
44.825,-60.3812203603783,0.08978333846594704,0.43271290826206443,0.39021030963741776,-2.074118391419991,13.870642816527456,-1.7982661081134899
44.85,-60.38117710998591,0.08978382632266482,0.4327087741640202,0.3902102215166805,-2.0741315731285077,13.870666385298263,-1.7982531329957736
44.875,-60.38113444567719,0.08978430917182265,0.4327046485171462,0.39021013712387026,-2.074144459025428,13.870689994908597,-1.798240333703157
44.9,-60.38109237136012,0.08978478694590748,0.4327005313605387,0.3902100563957911,-2.07415704469391,13.870713633115386,-1.7982277114080354
44.925000000000004,-60.38105089071883,0.0897852595798327,0.43269642273359543,0.39020997926926,-2.0741693258825715,13.870737287864108,-1.7982152672156495
44.95,-60.381010007215906,0.08978572701092051,0.4326923226759893,0.3902099056811238,-2.074181298504205,13.87076094728928,-1.7982030021647717
44.975,-60.38096972409463,0.0897861891788839,0.4326882312276428,0.3902098355682762,-2.0741929586344434,13.870784599714975,-1.7981909172283899
45.0,-60.38093004438137,0.08978664602580835,0.43268414842870273,0.3902097688676742,-2.0742043025104224,13.8708082336552,-1.7981790133144115
45.025,-60.380890970887876,0.08978709749613303,0.4326800743195149,0.39020970551635437,-2.074215326529402,13.87083183781426,-1.7981672912663627
45.050000000000004,-60.38085250621368,0.08978754353663158,0.4326760089405997,0.3902096454514489,-2.0742260272473665,13.870855401087066,-1.7981557518641031
45.075,-60.3808146527485,0.0897879840963927,0.4326719523326277,0.3902095886102015,-2.0742364013776116,13.870878912559355,-1.798144395824549
45.1,-60.380777412674654,0.08978841912680022,0.4326679045363955,0.3902095349299826,-2.074246445789293,13.870902361507882,-1.798133223802396
45.125,-60.380740787969515,0.08978884858151288,0.43266386559280234,0.39020948434830494,-2.0742561575059666,13.87092573740054,-1.7981222363908542
45.15,-60.38070478040797,0.0897892724164439,0.4326598355428268,0.3902094368028382,-2.0742655337041023,13.870949029896428,-1.79811143412239
45.175000000000004,-60.38066939156489,0.08978969058973985,0.43265581442750356,0.39020939223142403,-2.0742745717115674,13.87097222884589,-1.798100817469468
45.2,-60.38063462281768,0.08979010306175972,0.43265180228790123,0.39020935057209033,-2.07428326900611,13.870995324290458,-1.798090386845304
45.225,-60.38060047534874,0.08979050979505335,0.43264779916509993,0.3902093117630655,-2.0742916232138104,13.87101830646279,-1.7980801426046227
45.25,-60.38056695014807,0.08979091075433958,0.4326438051001695,0.39020927574279235,-2.0742996321075124,13.871041165786497,-1.7980700850444216
45.275,-60.38053404801578,0.08979130590648424,0.4326398201341478,0.39020924244994176,-2.074307293605242,13.871063892875974,-1.7980602144047346
45.300000000000004,-60.38050176956468,0.08979169522047784,0.43263584430801993,0.3902092118234261,-2.07431460576861,13.871086478536169,-1.7980505308694041
45.325,-60.38047011522286,0.0897920786674129,0.4326318776626972,0.3902091838024124,-2.0743215668011943,13.871108913762274,-1.7980410345668587
45.35,-60.3804390852363,0.08979245622046113,0.43262792023899665,0.39020915832633507,-2.074328175046905,13.871131189739408,-1.7980317255708889
45.375,-60.38040867967145,0.08979282785485038,0.43262397207762127,0.3902091353349088,-2.0743344289883456,13.871153297842227,-1.798022603901434
45.4,-60.380378898417895,0.08979319354784122,0.43262003321914,0.39020911476814063,-2.0743403272451424,13.871175229634472,-1.7980136695253683
45.425000000000004,-60.380349741190976,0.08979355327870352,0.4326161037039684,0.3902090965663421,-2.074345868572277,13.87119697686851,-1.7980049223572927
45.45,-60.380321207534415,0.08979390702869246,0.43261218357235015,0.3902090806701414,-2.07435105185839,13.871218531484834,-1.7979963622603243
45.475,-60.38029329682298,0.08979425478102489,0.4326082728643375,0.3902090670204943,-2.074355876124093,13.871239885611446,-1.7979879890468928
45.5,-60.380266008265146,0.08979459652085486,0.43260437161977394,0.39020905555869617,-2.0743603405202427,13.871261031563295,-1.7979798024795435
45.525,-60.38023934090577,0.08979493223524948,0.43260047987827577,0.3902090462263925,-2.074364444326227,13.871281961841584,-1.79797180227173
45.550000000000004,-60.380213293628735,0.08979526191316432,0.43259659767921466,0.39020903896559,-2.0743681869482296,13.871302669133112,-1.7979639880886202
45.575,-60.38018786515968,0.08979558554541871,0.43259272506170043,0.39020903371866694,-2.0743715679174812,13.871323146309505,-1.797956359547903
45.6,-60.380163054068625,0.08979590312467096,0.4325888620645644,0.3902090304283835,-2.074374586888517,13.871343386426462,-1.7979489162205873
45.625,-60.38013885877271,0.08979621464539331,0.43258500872634253,0.3902090290378919,-2.074377243637403,13.871363382722931,-1.797941657631813
45.65,-60.380115277538856,0.08979652010384688,0.43258116508525984,0.39020902949074593,-2.074379538059978,13.871383128620245,-1.7979345832616567
45.675000000000004,-60.38009230848646,0.0897968194980563,0.43257733117921415,0.39020903173091065,-2.0743814701700676,13.871402617721252,-1.797927692545938
45.7,-60.38006994959011,0.08979711282778446,0.43257350704576086,0.39020903570277166,-2.074383040097707,13.871421843809367,-1.7979209848770323
45.725,-60.38004819868225,0.08979740009450699,0.432569692722098,0.39020904135114387,-2.0743842480873513,13.871440800847596,-1.7979144596046759
45.75,-60.380027053455926,0.08979768130138656,0.4325658882450513,0.3902090486212806,-2.0743850944960758,13.871459482977551,-1.7979081160367776
45.775,-60.3800065114674,0.08979795645324734,0.43256209365106013,0.39020905745888174,-2.074385579791776,13.871477884518427,-1.7979019534402199
45.800000000000004,-60.379986570138925,0.08979822555654919,0.4325583089761631,0.39020906781010234,-2.0743857045513705,13.871495999965896,-1.7978959710416773
45.825,-60.37996722676139,0.08979848861936175,0.4325545342559848,0.3902090796215603,-2.0743854694589827,13.871513823991016,-1.797890168028416
45.85,-60.379948478497006,0.08979874565133862,0.4325507695257222,0.39020909284034444,-2.074384875304136,13.871531351439126,-1.7978845435491018
45.875,-60.37993032238203,0.0897989966636913,0.43254701482013186,0.3902091074140217,-2.074383922979935,13.87154857732861,-1.797879096714609
45.9,-60.37991275532941,0.08979924166916321,0.4325432701735173,0.3902091232906447,-2.0743826134812484,13.871565496849762,-1.797873826598822
45.925000000000004,-60.37989577413145,0.08979948068200361,0.43253953561971653,0.3902091404187587,-2.0743809479028963,13.871582105363533,-1.7978687322394342
45.95,-60.37987937546252,0.08979971371794139,0.43253581119209045,0.39020915874740825,-2.074378927437818,13.871598398400259,-1.7978638126387565
45.975,-60.379863555881705,0.08979994079415914,0.4325320969235109,0.390209178226144,-2.074376553375269,13.871614371658403,-1.7978590667645113
46.0,-60.379848311835424,0.08980016192926674,0.4325283928463497,0.3902091988050287,-2.0743738270989818,13.8716300210032,-1.797854493550627
46.025,-60.379833639660134,0.08980037714327535,0.4325246989924675,0.3902092204346437,-2.074370750085361,13.871645342465365,-1.79785009189804
46.050000000000004,-60.37981953558493,0.08980058645757119,0.43252101539320326,0.39020924306609434,-2.074367323901656,13.871660332239673,-1.7978458606754784
46.075,-60.3798059957342,0.08980078989488935,0.4325173420793641,0.3902092666510161,-2.0743635502041453,13.87167498668361,-1.7978417987202604
46.1,-60.379793016130236,0.08980098747928758,0.4325136790812152,0.3902092911415795,-2.074359430736321,13.87168930231593,-1.7978379048390707
46.125,-60.379780592695845,0.08980117923612013,0.43251002642847025,0.3902093164904955,-2.074354967327072,13.871703275815205,-1.7978341778087532
46.15,-60.37976872125696,0.08980136519201166,0.43250638415028225,0.3902093426510206,-2.0743501618888756,13.871716904018387,-1.7978306163770874
46.175000000000004,-60.37975739754522,0.08980154537483113,0.4325027522752345,0.3902093695769612,-2.0743450164159913,13.871730183919295,-1.7978272192635656
46.2,-60.37974661720056,0.08980171981366568,0.43249913083133185,0.3902093972226784,-2.0743395329826564,13.871743112667124,-1.7978239851601678
46.225,-60.37973637577376,0.08980188853879459,0.4324955198459926,0.3902094255430921,-2.074333713741282,13.871755687564901,-1.7978209127321279
46.25,-60.37972666872902,0.08980205158166334,0.43249191934604037,0.3902094544936852,-2.0743275609206604,13.87176790606792,-1.797818000618706
46.275,-60.37971749144648,0.08980220897485765,0.4324883293576964,0.3902094840305073,-2.074321076824179,13.871779765782215,-1.797815247433943
46.300000000000004,-60.379708839224755,0.0898023607520777,0.43248474990657204,0.39020951411017846,-2.074314263828031,13.871791264462926,-1.7978126517674262
46.325,-60.37970070728346,0.08980250694811223,0.4324811810176621,0.39020954468989255,-2.074307124379443,13.871802400012717,-1.7978102121850383
46.35,-60.37969309076569,0.08980264759881286,0.4324776227153376,0.3902095757274205,-2.074299660994892,13.871813170480142,-1.7978079272297072
46.375,-60.3796859847405,0.08980278274106838,0.4324740750233395,0.3902096071811132,-2.0742918762583464,13.871823574057995,-1.7978057954221491
46.4,-60.37967938420538,0.08980291241277935,0.43247053796477275,0.3902096390099045,-2.074283772819512,13.871833609081671,-1.7978038152616143
46.425000000000004,-60.37967328408871,0.08980303665283242,0.4324670115621,0.3902096711733137,-2.0742753533920664,13.871843274027478,-1.797801985226613
46.45,-60.37966767925218,0.0898031555010752,0.4324634958371363,0.3902097036314478,-2.0742666207519376,13.871852567510958,-1.7978003037756536
46.475,-60.379662564493216,0.08980326899829084,0.43245999081104375,0.39020973634500405,-2.074257577735549,13.87186148828518,-1.7977987693479647
46.5,-60.379657934547375,0.089803377186173,0.43245649650432655,0.39020976927527157,-2.0742482272381086,13.871870035239018,-1.7977973803642122
46.525,-60.37965378409073,0.08980348010730056,0.4324530129368262,0.3902098023841334,-2.074238572211876,13.871878207395435,-1.797796135227218
46.550000000000004,-60.37965010774222,0.08980357780511303,0.4324495401277171,0.390209835634068,-2.0742286156644676,13.871886003909733,-1.7977950323226664
46.575,-60.379646900066014,0.08980367032388553,0.4324460780955024,0.3902098689881509,-2.074218360657153,13.871893424067824,-1.797794070019804
46.6,-60.37964415557382,0.08980375770870425,0.4324426268580102,0.3902099024100556,-2.074207810303171,13.871900467284433,-1.7977932466721462
46.625,-60.3796418687272,0.08980384000544182,0.43243918643238993,0.39020993586405484,-2.0741969677660443,13.871907133101349,-1.7977925606181593
46.65,-60.37964003393983,0.08980391726073299,0.4324357568351089,0.3902099693150215,-2.0741858362579153,13.871913421185658,-1.7977920101819485
46.675000000000004,-60.37963864557981,0.08980398952195041,0.4324323380819493,0.39021000272842926,-2.074174419037896,13.871919331327916,-1.7977915936739428
46.7,-60.37963769797187,0.08980405683718042,0.43242893018800554,0.39021003607035304,-2.074162719410412,13.871924863440384,-1.7977913093915616
46.725,-60.37963718539963,0.08980411925519925,0.43242553316768145,0.3902100693074695,-2.07415074072358,13.871930017555195,-1.797791155619889
46.75,-60.37963710210775,0.08980417682544918,0.43242214703468823,0.390210102407057,-2.074138486367579,13.871934793822575,-1.7977911306323249
46.775,-60.379637442304166,0.08980422959801483,0.43241877180204236,0.39021013533699583,-2.07412595977304,13.871939192508982,-1.7977912326912495
46.800000000000004,-60.37963820016221,0.0898042776235999,0.4324154074820638,0.39021016806576797,-2.0741131644094577,13.871943213995332,-1.7977914600486635
46.825,-60.37963936982279,0.08980432095350373,0.4324120540863744,0.3902102005624567,-2.0741001037835973,13.871946858775118,-1.797791810946837
46.85,-60.37964094539645,0.08980435963959818,0.4324087116258967,0.39021023279674616,-2.074086781437922,13.87195012745262,-1.7977922836189357
46.875,-60.379642920965516,0.0898043937343049,0.432405380110853,0.39021026473892073,-2.0740732009490466,13.871953020741044,-1.7977928762896547
46.9,-60.379645290586126,0.08980442329057232,0.4324020595507643,0.3902102963598642,-2.0740593659261775,13.871955539460682,-1.7977935871758375
46.925000000000004,-60.379648048290306,0.0898044483618533,0.4323987499544499,0.39021032763105884,-2.074045280009595,13.871957684537078,-1.7977944144870917
46.95,-60.37965118808797,0.08980446900208267,0.432395451330027,0.3902103585245842,-2.074030946869125,13.871959456999177,-1.7977953564263907
46.975,-60.37965470396894,0.08980448526565503,0.4323921636849106,0.39021038901311594,-2.0740163702026453,13.871960857977474,-1.7977964111906815
47.0,-60.37965858990491,0.08980449720740284,0.4323888870258138,0.39021041906992443,-2.074001553734589,13.871961888702161,-1.7977975769714738
47.025,-60.37966283985141,0.08980450488257459,0.4323856213587477,0.3902104486688731,-2.0739865012144736,13.871962550501298,-1.7977988519554238
47.050000000000004,-60.379667447749725,0.08980450834681322,0.4323823666890224,0.3902104777844169,-2.073971216415442,13.871962844798942,-1.7978002343249173
47.075,-60.37967240752879,0.08980450765613479,0.4323791230212476,0.3902105063916003,-2.073955703132816,13.871962773113303,-1.797801722258636
47.1,-60.379677713107085,0.08980450286690729,0.43237589035933344,0.39021053446605547,-2.0739399651826718,13.871962337054908,-1.7978033139321254
47.125,-60.3796833583945,0.0898044940358297,0.4323726687064919,0.39021056198400006,-2.0739240064004174,13.871961538324738,-1.7978050075183503
47.15,-60.37968933729414,0.08980448121991125,0.43236945806523797,0.39021058892223504,-2.0739078306394028,13.871960378712398,-1.7978068011882413
47.175000000000004,-60.37969564370414,0.08980446447645095,0.4323662584373915,0.39021061525814227,-2.0738914417695336,13.87195886009425,-1.7978086931112414
47.2,-60.37970227151944,0.08980444386301713,0.43236306982407885,0.39021064096968217,-2.0738748436758954,13.87195698443162,-1.7978106814558323
47.225,-60.37970921463357,0.08980441943742758,0.4323598922257348,0.3902106660353909,-2.073858040257417,13.871954753768907,-1.7978127643900712
47.25,-60.37971646694034,0.08980439125772963,0.43235672564210476,0.39021069043437767,-2.073841035425532,13.871952170231783,-1.797814940082101
47.275,-60.37972402233555,0.08980435938218037,0.43235357007224723,0.390210714146322,-2.0738238331028462,13.871949236025356,-1.7978172067006652
47.300000000000004,-60.37973187471871,0.0898043238692275,0.43235042551453623,0.39021073715147075,-2.073806437221852,13.87194595343236,-1.7978195624156121
47.325,-60.37974001799462,0.08980428477749003,0.43234729196666405,0.3902107594306349,-2.0737888517236356,13.871942324811334,-1.797822005398386
47.35,-60.379748446075084,0.08980424216573932,0.43234416942564413,0.3902107809651863,-2.073771080556605,13.871938352594764,-1.797824533822525
47.375,-60.37975715288044,0.08980419609288053,0.43234105788781413,0.3902108017370547,-2.073753127675246,13.87193403928735,-1.7978271458641308
47.4,-60.37976613234115,0.08980414661793391,0.43233795734883923,0.39021082172872396,-2.073734997038868,13.871929387464162,-1.7978298397023458
47.425000000000004,-60.3797753783994,0.08980409380001692,0.4323348678037154,0.39021084092322883,-2.0737166926104087,13.871924399768853,-1.7978326135198202
47.45,-60.37978488501056,0.0898040376983259,0.43233178924677296,0.3902108593041511,-2.0736982183552155,13.871919078911871,-1.7978354655031672
47.475,-60.3797946461447,0.08980397837211868,0.43232872167168057,0.3902108768556161,-2.073679578239871,13.871913427668693,-1.7978383938434106
47.5,-60.37980465578809,0.08980391588069675,0.4323256650714488,0.3902108935622888,-2.0736607762310153,13.871907448878053,-1.7978413967364275
47.525,-60.379814907944606,0.08980385028338828,0.4323226194384343,0.39021090940936964,-2.0736418162942063,13.871901145440171,-1.7978444723833817
47.550000000000004,-60.37982539663717,0.08980378163953096,0.43231958476434384,0.3902109243825911,-2.0736227023927785,13.871894520314989,-1.7978476189911519
47.575,-60.37983611590916,0.08980371000845526,0.4323165610402389,0.39021093846821314,-2.073603438486731,13.87188757652047,-1.7978508347727469
47.6,-60.379847059825714,0.08980363544946801,0.43231354825653984,0.3902109516530192,-2.073584028531631,13.871880317130815,-1.797854117947714
47.625,-60.37985822247516,0.08980355802183602,0.4323105464030307,0.39021096392431204,-2.07356447647753,13.871872745274771,-1.7978574667425469
47.65,-60.37986959797024,0.08980347778477017,0.4323075554688638,0.39021097526990917,-2.0735447862679033,13.871864864133917,-1.7978608793910722
47.675000000000004,-60.37988118044949,0.08980339479740958,0.43230457544256473,0.3902109856781386,-2.073524961838604,13.87185667694092,-1.797864354134846
47.7,-60.379892964078415,0.08980330911880618,0.4323016063120373,0.39021099513783436,-2.0735050071168377,13.871848186977893,-1.7978678892235245
47.725,-60.37990494305078,0.08980322080790934,0.4322986480645685,0.3902110036383319,-2.073484926020146,13.8718393975747,-1.7978714829152345
47.75,-60.37991711158981,0.0898031299235509,0.43229570068683415,0.39021101116946333,-2.073464722455417,13.87183031210726,-1.7978751334769434
47.775,-60.37992946394937,0.08980303652443056,0.4322927641649037,0.3902110177215529,-2.073444400317918,13.871820933995911,-1.7978788391848097
47.800000000000004,-60.379941994415105,0.0898029406691012,0.4322898384842462,0.3902110232854122,-2.0734239634903315,13.87181126670376,-1.7978825983245315
47.825,-60.37995469730561,0.08980284241595476,0.43228692362973553,0.3902110278523351,-2.073403415841817,13.871801313735062,-1.7978864091916817
47.85,-60.379967566973505,0.08980274182320812,0.43228401958565643,0.3902110314140932,-2.0733827612270854,13.871791078633574,-1.7978902700920514
47.875,-60.37998059780654,0.08980263894888951,0.4322811263357099,0.39021103396293055,-2.073362003485508,13.871780564980956,-1.7978941793419607
47.9,-60.37999378422862,0.08980253385082496,0.43227824386301944,0.39021103549155883,-2.0733411464402174,13.871769776395181,-1.797898135268585
47.925000000000004,-60.38000712070086,0.08980242658662502,0.43227537215013684,0.39021103599315216,-2.0733201938972448,13.871758716528962,-1.7979021362102579
47.95,-60.38002060172259,0.08980231721367198,0.43227251117904836,0.390211035461342,-2.073299149644675,13.871747389068148,-1.7979061805167773
47.975,-60.380034221832325,0.08980220578910691,0.4322696609311809,0.390211033890212,-2.0732780174518046,13.871735797730205,-1.7979102665496973
48.0,-60.3800479756087,0.08980209236981734,0.43226682138740835,0.39021103127429274,-2.0732568010683288,13.871723946262673,-1.7979143926826089
48.025,-60.38006185767142,0.08980197701242507,0.43226399252805775,0.3902110276085564,-2.0732355042235495,13.871711838441616,-1.7979185573014262
48.050000000000004,-60.380075862682176,0.08980185977327411,0.4322611743329159,0.39021102288841164,-2.073214130625589,13.871699478070147,-1.7979227588046527
48.075,-60.380089985345485,0.08980174070841905,0.4322583667812358,0.3902110171096979,-2.0731926839606305,13.871686868976894,-1.7979269956036454
48.1,-60.38010422040958,0.08980161987361375,0.4322555698517433,0.39021101026868027,-2.073171167892182,13.871674015014534,-1.7979312661228732
48.125,-60.380118562667214,0.08980149732429976,0.4322527835226438,0.3902110023620439,-2.0731495860603264,13.871660920058327,-1.797935568800164
48.15,-60.38013300695647,0.08980137311559572,0.43225000777162875,0.3902109933868887,-2.0731279420810305,13.871647588004686,-1.7979399020869409
48.175000000000004,-60.380147548161546,0.08980124730228661,0.4322472425758828,0.39021098334072346,-2.073106239545452,13.871634022769692,-1.7979442644484636
48.2,-60.3801621812135,0.08980111993881323,0.4322444879120905,0.3902109722214608,-2.0730844820192567,13.871620228287737,-1.7979486543640497
48.225,-60.38017690109099,0.08980099107926201,0.43224174375644325,0.39021096002741107,-2.073062673041961,13.87160620851006,-1.797953070327297
48.25,-60.38019170282098,0.08980086077735515,0.4322390100846462,0.39021094675727713,-2.0730408161262988,13.871591967403385,-1.7979575108462937
48.275,-60.38020658147941,0.08980072908644084,0.4322362868719255,0.39021093241014854,-2.0730189147575877,13.871577508948562,-1.7979619744438238
48.300000000000004,-60.380221532191875,0.0898005960594838,0.43223357409303514,0.390210916985496,-2.0729969723931263,13.871562837139209,-1.7979664596575624
48.325,-60.380236550134235,0.08980046174905619,0.43223087172226443,0.3902109004831655,-2.0729749924616057,13.871547955980345,-1.7979709650402704
48.35,-60.38025163053326,0.08980032620732858,0.43222817973344485,0.3902108829033728,-2.0729529783625376,13.871532869487094,-1.7979754891599775
48.375,-60.380266768667184,0.08980018948606126,0.4322254980999575,0.3902108642466977,-2.0729309334656962,13.87151758168338,-1.797980030600155
48.400000000000006,-60.380281959866295,0.08980005163659566,0.43222282679474033,0.3902108445140781,-2.0729088611105704,13.87150209660062,-1.7979845879598884
48.425000000000004,-60.380297199513464,0.08979991270984636,0.43222016579029554,0.3902108237068045,-2.07288676460586,13.871486418276474,-1.797989159854039
48.45,-60.38031248304468,0.08979977275629286,0.4322175150586968,0.390210801826514,-2.07286464722895,13.871470550753564,-1.797993744913405
48.475,-60.38032780594954,0.08979963182597203,0.43221487457159674,0.39021077887518485,-2.072842512225432,13.87145449807827,-1.7979983417848622
48.5,-60.380343163771705,0.0897994899684704,0.43221224430023425,0.39021075485513024,-2.072820362808621,13.871438264299485,-1.7980029491315115
48.525000000000006,-60.38035855210938,0.08979934723291706,0.4322096242154421,0.39021072976899285,-2.0727982021591083,13.871421853467423,-1.7980075656328132
48.550000000000004,-60.380373966615736,0.08979920366797656,0.43220701428765435,0.39021070361973886,-2.0727760334243106,13.87140526963242,-1.7980121899847206
48.575,-60.38038940299933,0.08979905932184204,0.43220441448691377,0.3902106764106523,-2.0727538597180475,13.871388516843792,-1.798016820899798
48.6,-60.380404857024466,0.08979891424222879,0.43220182478287944,0.39021064814532913,-2.072731684120134,13.871371599148654,-1.7980214571073396
48.625,-60.38042032451159,0.08979876847636782,0.4321992451448343,0.39021061882767144,-2.0727095096759833,13.871354520590824,-1.7980260973534767
48.650000000000006,-60.38043580133762,0.08979862207099976,0.4321966755416927,0.39021058846188167,-2.072687339396227,13.871337285209668,-1.7980307404012854
48.675000000000004,-60.380451283436265,0.08979847507236895,0.43219411594200796,0.3902105570524568,-2.0726651762563533,13.871319897039037,-1.7980353850308795
48.7,-60.38046676679836,0.0897983275262179,0.43219156631397976,0.3902105246041825,-2.0726430231963646,13.871302360106158,-1.7980400300395067
48.725,-60.38048224747211,0.08979817947778172,0.4321890266254621,0.39021049112212747,-2.072620883120435,13.8712846784306,-1.7980446742416325
48.75,-60.38049772156337,0.08979803097178293,0.4321864968439706,0.3902104566116375,-2.072598758896596,13.871266856023217,-1.7980493164690117
48.775000000000006,-60.38051318523591,0.08979788205242649,0.43218397693669014,0.3902104210783298,-2.072576653356434,13.871248896885124,-1.7980539555707735
48.800000000000004,-60.3805286347116,0.08979773276339505,0.43218146687048264,0.3902103845280872,-2.072554569294806,13.87123080500669,-1.7980585904134805
48.825,-60.38054406627064,0.08979758314784432,0.4321789666118944,0.3902103469670523,-2.072532509469561,13.871212584366546,-1.798063219881191
48.85,-60.380559476251726,0.08979743324839881,0.432176476127164,0.39021030840162185,-2.0725104766012827,13.871194238930611,-1.7980678428755177
48.875,-60.380574861052246,0.08979728310714767,0.4321739953822294,0.39021026883844095,-2.072488473373049,13.871175772651151,-1.7980724583156735
48.900000000000006,-60.38059021712839,0.08979713276564075,0.43217152434273615,0.39021022828439733,-2.072466502430197,13.871157189465825,-1.7980770651385178
48.925000000000004,-60.38060554099532,0.08979698226488486,0.4321690629740445,0.39021018674661573,-2.0724445663801068,13.871138493296781,-1.7980816622985956
48.95,-60.38062082922722,0.08979683164534032,0.4321666112412371,0.39021014423245215,-2.072422667792001,13.871119688049765,-1.7980862487681655
48.975,-60.38063607845745,0.08979668094691769,0.4321641691091267,0.3902101007494882,-2.0724008091967607,13.87110077761321,-1.7980908235372346
49.0,-60.38065128537858,0.08979653020897453,0.43216173654226336,0.39021005630552547,-2.0723789930867387,13.871081765857397,-1.7980953856135748
49.025000000000006,-60.380666446742474,0.08979637947031266,0.4321593135049423,0.3902100109085799,-2.072357221915611,13.871062656633601,-1.798099934022742
49.050000000000004,-60.38068155936029,0.0897962287691754,0.4321568999612112,0.3902099645668761,-2.072335498098223,13.871043453773257,-1.798104467808087
49.075,-60.38069662010255,0.08979607814324504,0.43215449587487775,0.3902099172888421,-2.0723138240104553,13.871024161087155,-1.798108986030764
49.1,-60.380711625899096,0.08979592762964059,0.4321521012095171,0.3902098690831033,-2.072292201989102,13.871004782364654,-1.7981134877697287
49.125,-60.38072657373912,0.08979577726491556,0.43214971592847923,0.3902098199584774,-2.0722706343317587,13.870985321372899,-1.798117972121735
49.150000000000006,-60.3807414606711,0.08979562708505619,0.43214733999489646,0.39020976992396883,-2.072249123296736,13.870965781856073,-1.7981224382013308
49.175000000000004,-60.3807562838028,0.0897954771254795,0.43214497337169083,0.390209718988763,-2.072227671102961,13.870946167534633,-1.7981268851408407
49.2,-60.380771040301155,0.089795327421032,0.43214261602158127,0.3902096671622212,-2.072206279929921,13.870926482104633,-1.7981313120903464
49.225,-60.38078572739222,0.08979517800598802,0.43214026790709115,0.3902096144538751,-2.0721849519175914,13.870906729236976,-1.7981357182176665
49.25,-60.3808003423611,0.0897950289140488,0.43213792899055536,0.39020956087342124,-2.0721636891664015,13.87088691257675,-1.7981401027083292
49.275000000000006,-60.3808148825518,0.08979488017834128,0.4321355992341277,0.39020950643071595,-2.072142493737189,13.870867035742554,-1.7981444647655407
49.300000000000004,-60.38082934536715,0.0897947318314173,0.43213327859978806,0.3902094511357699,-2.0721213676511767,13.870847102325845,-1.7981488036101438
49.325,-60.380843728268616,0.08979458390525301,0.4321309670493495,0.39020939499874285,-2.0721003128899707,13.87082711589032,-1.7981531184805846
49.35,-60.3808580287762,0.08979443643124833,0.4321286645444655,0.39020933802993846,-2.0720793313955497,13.87080707997126,-1.7981574086328607
49.375,-60.38087224446825,0.08979428944022658,0.4321263710466371,0.39020928023979906,-2.072058425070278,13.870786998074971,-1.7981616733404748
49.400000000000006,-60.38088637298126,0.08979414296243436,0.4321240865172197,0.3902092216389006,-2.0720375957769286,13.870766873678194,-1.7981659118943774
49.425000000000004,-60.38090041200973,0.08979399702754164,0.4321218109174303,0.3902091622379474,-2.0720168453387204,13.8707467102275,-1.7981701236029188
49.45,-60.38091435930591,0.08979385166464174,0.4321195442083544,0.39020910204776715,-2.0719961755393492,13.870726511138804,-1.7981743077917733
49.475,-60.38092821267962,0.08979370690225182,0.432117286350953,0.390209041079306,-2.071975588123054,13.870706279796778,-1.798178463803886
49.5,-60.38094196999798,0.08979356276831327,0.4321150373060692,0.39020897934362325,-2.071955084794674,13.870686019554363,-1.798182590999393
49.525000000000006,-60.38095562918519,0.08979341929019237,0.4321127970344354,0.39020891685188674,-2.071934667219723,13.870665733732258,-1.7981866887555562
49.550000000000004,-60.380969188222274,0.0897932764946811,0.43211056549667964,0.39020885361536783,-2.071914337024478,13.870645425618457,-1.798190756466682
49.575,-60.38098264514681,0.08979313440799809,0.4321083426533327,0.3902087896454365,-2.0718940957960723,13.870625098467759,-1.7981947935440423
49.6,-60.38099599805262,0.08979299305578962,0.4321061284648346,0.3902087249535565,-2.071873945082596,13.870604755501335,-1.7981987994157855
49.625,-60.38100924508952,0.08979285246313087,0.43210392289154115,0.3902086595512808,-2.0718538863932063,13.870584399906281,-1.7982027735268566
49.650000000000006,-60.381022384463,0.08979271265452742,0.43210172589373064,0.3902085934502466,-2.0718339211982646,13.87056403483521,-1.7982067153389003
49.675000000000004,-60.381035414433896,0.08979257365391659,0.4320995374316102,0.3902085266621708,-2.0718140509294543,13.87054366340585,-1.7982106243301685
49.7,-60.38104833331808,0.08979243548466914,0.43209735746532246,0.3902084591988454,-2.0717942769799236,13.870523288700646,-1.7982144999954228
49.725,-60.3810611394861,0.08979229816959113,0.4320951859549516,0.39020839107213273,-2.071774600704442,13.870502913766412,-1.7982183418458297
49.75,-60.381073831362876,0.08979216173092568,0.4320930228605301,0.3902083222939612,-2.071755023419551,13.870482541613955,-1.7982221494088626
49.775000000000006,-60.381086407427304,0.08979202619035513,0.4320908681420445,0.39020825287632055,-2.0717355464037337,13.870462175217744,-1.798225922228191
49.800000000000004,-60.38109886621191,0.08979189156900326,0.43208872175944213,0.3902081828312577,-2.0717161708975955,13.870441817515589,-1.798229659863572
49.825,-60.38111120630245,0.08979175788743733,0.43208658367263686,0.390208112170872,-2.07169689810403,13.870421471408322,-1.7982333618907347
49.85,-60.38112342633757,0.08979162516567081,0.4320844538415154,0.3902080409073112,-2.071677729188434,13.870401139759508,-1.7982370279012698
49.875,-60.38113552500835,0.08979149342316566,0.43208233222594317,0.39020796905276717,-2.071658665278884,13.87038082539519,-1.7982406575025038
49.900000000000006,-60.381147501057946,0.08979136267883514,0.4320802187857704,0.39020789661947136,-2.071639707466358,13.870360531103568,-1.7982442503173834
49.925000000000004,-60.38115935328117,0.08979123295104656,0.43207811348083786,0.39020782361969103,-2.0716208568049437,13.870340259634812,-1.7982478059843507
49.95,-60.381171080524055,0.08979110425762403,0.4320760162709828,0.3902077500657248,-2.0716021143120558,13.87032001370078,-1.7982513241572164
49.975,-60.38118268168344,0.0897909766158516,0.4320739271160447,0.39020767596989864,-2.07158348096867,13.870299795974809,-1.7982548045050322
50.0,-60.381194155706524,0.08979085004247624,0.4320718459758709,0.39020760134456206,-2.071564957719554,13.870279609091527,-1.798258246711957
50.025000000000006,-60.38120550159042,0.08979072455371112,0.43206977281032216,0.39020752620208393,-2.0715465454735114,13.870259455646645,-1.7982616504771265
50.050000000000004,-60.381216718381715,0.08979060016523893,0.4320677075792784,0.3902074505548486,-2.0715282451036345,13.870239338196777,-1.7982650155145143
50.075,-60.381227805176,0.08979047689221513,0.4320656502426441,0.3902073744152521,-2.0715100574475453,13.870219259259269,-1.7982683415528007
50.1,-60.381238761117416,0.08979035474927162,0.43206360076035355,0.39020729779569824,-2.071491983307673,13.870199221312058,-1.7982716283352247
50.125,-60.38124958539816,0.08979023375052025,0.4320615590923764,0.390207220708595,-2.0714740234515103,13.870179226793535,-1.7982748756194475
50.150000000000006,-60.38126027725803,0.08979011390955652,0.4320595251987229,0.3902071431663507,-2.0714561786118892,13.870159278102413,-1.7982780831774086
50.175000000000004,-60.38127083598392,0.08978999523946335,0.43205749903944907,0.3902070651813704,-2.071438449487262,13.87013937759761,-1.7982812507951755
50.2,-60.38128126090935,0.08978987775281494,0.43205548057466164,0.3902069867660523,-2.071420836741982,13.870119527598154,-1.798284378272804
50.225,-60.38129155141394,0.08978976146168077,0.43205346976452347,0.39020690793278434,-2.0714033410065973,13.8700997303831,-1.7982874654241812
50.25,-60.381301706922926,0.08978964637762953,0.4320514665692583,0.3902068286939405,-2.071385962878139,13.870079988191463,-1.7982905120768777
50.275000000000006,-60.381311726906674,0.08978953251173338,0.43204947094915563,0.3902067490618776,-2.071368702920434,13.870060303222123,-1.7982935180720019
50.300000000000004,-60.38132161088011,0.08978941987457202,0.4320474828645757,0.39020666904893164,-2.0713515616643963,13.870040677633819,-1.798296483264032
50.325,-60.38133135840224,0.08978930847623696,0.43204550227595423,0.39020658866741487,-2.0713345396083436,13.870021113545072,-1.7982994075206726
50.35,-60.38134096907564,0.08978919832633596,0.43204352914380695,0.39020650792961226,-2.071317637218311,13.870001613034193,-1.798302290722691
50.375,-60.38135044254588,0.08978908943399731,0.43204156342873434,0.39020642684777845,-2.07130085492837,13.869982178139253,-1.7983051327637638
50.400000000000006,-60.38135977850105,0.08978898180787438,0.43203960509142625,0.39020634543413446,-2.0712841931409467,13.86996281085806,-1.798307933550315
50.425000000000004,-60.381368976671176,0.08978887545615023,0.4320376540926662,0.39020626370086475,-2.071267652227161,13.869943513148213,-1.7983106930013526
50.45,-60.381378036827705,0.08978877038654216,0.4320357103933358,0.39020618166011417,-2.07125123252715,13.869924286927093,-1.7983134110483114
50.475,-60.381386958782954,0.08978866660630631,0.4320337739544192,0.39020609932398487,-2.071234934350399,13.86990513407189,-1.798316087634886
50.5,-60.38139574238958,0.08978856412224259,0.43203184473700723,0.39020601670453353,-2.0712187579760926,13.869886056419656,-1.7983187227168733
50.525000000000006,-60.38140438754,0.08978846294069924,0.4320299227023015,0.39020593381376845,-2.0712027036534444,13.86986705576736,-1.7983213162620004
50.550000000000004,-60.38141289416587,0.08978836306757783,0.43202800781161865,0.39020585066364666,-2.0711867716020502,13.869848133871937,-1.7983238682497606
50.575,-60.3814212622375,0.08978826450833814,0.4320261000263942,0.3902057672660713,-2.071170962012236,13.869829292450378,-1.7983263786712504
50.6,-60.38142949176332,0.08978816726800314,0.43202419930818653,0.39020568363288893,-2.0711552750454136,13.86981053317981,-1.798328847528996
50.625,-60.381437582789296,0.08978807135116383,0.43202230561868094,0.3902055997758868,-2.071139710834423,13.86979185769759,-1.7983312748367886
50.650000000000006,-60.3814455353984,0.0897879767619846,0.4320204189196931,0.3902055157067903,-2.0711242694839145,13.869773267601387,-1.7983336606195195
50.675000000000004,-60.38145334971,0.08978788350420795,0.43201853917317307,0.39020543143726044,-2.071108951070677,13.869754764449327,-1.798336004913
50.7,-60.38146102587935,0.08978779158115995,0.43201666634120867,0.3902053469788914,-2.0710937556440325,13.86973634976009,-1.7983383077638038
50.725,-60.38146856409695,0.08978770099575516,0.4320148003860293,0.39020526234320824,-2.0710786832261783,13.869718025013078,-1.7983405692290844
50.75,-60.38147596458805,0.0897876117505021,0.43201294127000917,0.39020517754166417,-2.071063733812573,13.869699791648495,-1.7983427893764143
50.775000000000006,-60.38148322761202,0.0897875238475083,0.4320110889556709,0.39020509258563874,-2.071048907372293,13.86968165106757,-1.7983449682836066
50.800000000000004,-60.38149035346182,0.08978743728848565,0.4320092434056888,0.39020500748643516,-2.0710342038484097,13.86966360463265,-1.798347106038546
50.825,-60.3814973424634,0.08978735207475579,0.432007404582892,0.3902049222552784,-2.071019623158365,13.869645653667416,-1.798349202739019
50.85,-60.38150419497513,0.08978726820725536,0.4320055724502679,0.3902048369033129,-2.071005165194344,13.869627799457014,-1.7983512584925385
50.875,-60.38151091138723,0.08978718568654141,0.43200374697096505,0.3902047514416006,-2.0709908298236535,13.869610043248295,-1.7983532734161691
50.900000000000006,-60.381517492121205,0.08978710451279691,0.4320019281082962,0.3902046658811188,-2.070976616889101,13.869592386249959,-1.7983552476363613
50.925000000000004,-60.38152393762925,0.08978702468583602,0.4320001158257413,0.3902045802327582,-2.070962526209375,13.869574829632771,-1.7983571812887738
50.95,-60.38153024839367,0.08978694620510963,0.4319983100869506,0.39020449450732114,-2.070948557579422,13.869557374529773,-1.7983590745181017
50.975,-60.38153642492635,0.08978686906971088,0.4319965108557471,0.3902044087155195,-2.0709347107708385,13.8695400220365,-1.7983609274779055
51.0,-60.381542467768114,0.08978679327838054,0.43199471809612944,0.390204322867973,-2.07092098553224,13.869522773211203,-1.7983627403304339
51.025000000000006,-60.381548377488194,0.08978671882951257,0.4319929317722746,0.3902042369752075,-2.070907381589654,13.869505629075055,-1.798364513246458
51.050000000000004,-60.381554154683656,0.08978664572115977,0.4319911518485405,0.39020415104765316,-2.07089389864691,13.869488590612415,-1.7983662464050965
51.075,-60.3815597999788,0.08978657395103906,0.4319893782894684,0.39020406509564287,-2.070880536386008,13.86947165877107,-1.7983679399936405
51.1,-60.38156531402461,0.08978650351653734,0.4319876110597854,0.3902039791294107,-2.070867294467524,13.869454834462484,-1.7983695942073836
51.125,-60.38157069749817,0.08978643441471684,0.43198585012440693,0.39020389315909015,-2.0708541725309817,13.869438118562044,-1.7983712092494506
51.150000000000006,-60.38157595110209,0.08978636664232077,0.43198409544843897,0.39020380719471287,-2.070841170195246,13.869421511909323,-1.7983727853306277
51.175000000000004,-60.38158107556397,0.0897863001957789,0.4319823469971801,0.3902037212462071,-2.0708282870589074,13.869405015308365,-1.7983743226691913
51.2,-60.38158607163577,0.08978623507121312,0.4319806047361239,0.3902036353233963,-2.0708155227006677,13.869388629527954,-1.7983758214907317
51.225,-60.38159094009331,0.08978617126444313,0.43197886863096097,0.3902035494359977,-2.0708028766797324,13.86937235530188,-1.798377282027993
51.25,-60.381595681735654,0.08978610877099183,0.43197713864758097,0.39020346359362124,-2.070790348536186,13.869356193329256,-1.7983787045206958
51.275000000000006,-60.38160029738458,0.08978604758609109,0.43197541475207446,0.3902033778057681,-2.070777937791386,13.869340144274783,-1.7983800892153738
51.300000000000004,-60.381604787883994,0.08978598770468726,0.4319736969107348,0.39020329208182947,-2.0707656439483477,13.869324208769063,-1.798381436365198
51.325,-60.381609154099394,0.08978592912144683,0.43197198509006,0.39020320643108575,-2.0707534664921288,13.869308387408905,-1.7983827462298179
51.35,-60.381613396917295,0.08978587183076193,0.43197027925675463,0.390203120862705,-2.0707414048902133,13.869292680757614,-1.7983840190751883
51.375,-60.38161751724469,0.08978581582675599,0.43196857937773114,0.39020303538574214,-2.0707294585928984,13.869277089345323,-1.7983852551734074
51.400000000000006,-60.38162151600848,0.08978576110328927,0.43196688542011163,0.39020295000913796,-2.070717627033674,13.869261613669314,-1.7983864548025437
51.425000000000004,-60.381625394154945,0.08978570765396433,0.4319651973512295,0.390202864741718,-2.0707059096296008,13.869246254194307,-1.7983876182464833
51.45,-60.381629152649175,0.08978565547213183,0.43196351513863074,0.3902027795921918,-2.0706943057817058,13.869231011352834,-1.7983887457947525
51.475,-60.38163279247455,0.08978560455089574,0.43196183875007543,0.3902026945691519,-2.070682814875343,13.86921588554554,-1.7983898377423642
51.5,-60.381636314632175,0.08978555488311923,0.43196016815353905,0.3902026096810732,-2.070671436280594,13.86920087714152,-1.7983908943896523
51.525000000000006,-60.38163972014036,0.08978550646142985,0.43195850331721375,0.3902025249363119,-2.0706601693526223,13.869185986478671,-1.7983919160421087
51.550000000000004,-60.38164301003409,0.08978545927822533,0.4319568442095096,0.3902024403431052,-2.070649013432075,13.86917121386403,-1.7983929030102266
51.575,-60.38164618536445,0.08978541332567874,0.4319551907990556,0.3902023559095701,-2.0706379678454305,13.86915655957411,-1.7983938556093355
51.6,-60.38164924719817,0.08978536859574426,0.43195354305470096,0.3902022716437031,-2.0706270319053948,13.869142023855252,-1.7983947741594506
51.625,-60.381652196617026,0.08978532508016247,0.431951900945516,0.39020218755337954,-2.0706162049112637,13.869127606923994,-1.7983956589851076
51.650000000000006,-60.38165503471737,0.0897852827704658,0.4319502644407931,0.39020210364635305,-2.0706054861492933,13.869113308967414,-1.7983965104152104
51.675000000000004,-60.381657762609585,0.08978524165798386,0.4319486335100476,0.390202019930255,-2.0705948748930654,13.869099130143503,-1.7983973287828754
51.7,-60.38166038141758,0.089785201733849,0.43194700812301867,0.390201936412594,-2.070584370403861,13.869085070581505,-1.7983981144252745
51.725,-60.38166289227829,0.08978516298900148,0.4319453882496701,0.3902018531007555,-2.0705739719310197,13.869071130382293,-1.7983988676834877
51.75,-60.38166529634115,0.0897851254141949,0.4319437738601909,0.3902017700020015,-2.0705636787123054,13.869057309618753,-1.7983995889023439
51.775000000000006,-60.38166759476759,0.08978508900000147,0.43194216492499604,0.3902016871234701,-2.070553489974264,13.869043608336128,-1.7984002784302773
51.800000000000004,-60.381669788730576,0.08978505373681733,0.4319405614147271,0.3902016044721751,-2.070543404932587,13.869030026552403,-1.7984009366191727
51.825,-60.381671879414064,0.08978501961486772,0.43193896330025267,0.390201522055006,-2.0705334227924586,13.869016564258684,-1.798401563824219
51.85,-60.38167386801254,0.0897849866242123,0.43193737055266895,0.3902014398787276,-2.070523542748924,13.86900322141957,-1.798402160403762
51.875,-60.38167575573054,0.08978495475475026,0.43193578314330017,0.39020135794997973,-2.0705137639872264,13.868989997973534,-1.798402726719162
51.900000000000006,-60.38167754378214,0.08978492399622548,0.4319342010436988,0.3902012762752773,-2.0705040856831665,13.868976893833292,-1.7984032631346416
51.925000000000004,-60.3816792333905,0.08978489433823168,0.431932624225646,0.39020119486101007,-2.0704945070034437,13.86896390888621,-1.7984037700171498
51.95,-60.38168082578739,0.08978486577021748,0.43193105266115195,0.39020111371344257,-2.0704850271060007,13.868951042994658,-1.7984042477362172
51.975,-60.38168232221273,0.08978483828149152,0.43192948632245587,0.3902010328387141,-2.070475645140372,13.868938295996406,-1.7984046966638196
52.0,-60.3816837239141,0.08978481186122739,0.43192792518202633,0.3902009522428387,-2.070466360248014,13.868925667705026,-1.7984051171742301
52.025000000000006,-60.3816850321463,0.08978478649846869,0.4319263692125613,0.39020087193170516,-2.0704571715626483,13.868913157910262,-1.79840550964389
52.050000000000004,-60.381686248170894,0.08978476218213394,0.4319248183869881,0.39020079191107726,-2.070448078210593,13.868900766378433,-1.7984058744512679
52.075,-60.381687373255765,0.08978473890102147,0.43192327267846353,0.3902007121865936,-2.0704390793110927,13.868888492852797,-1.7984062119767295
52.1,-60.38168840867466,0.08978471664381432,0.4319217320603738,0.3902006327637678,-2.0704301739766455,13.868876337053962,-1.7984065226023986
52.125,-60.38168935570677,0.0897846953990851,0.43192019650633434,0.39020055364798895,-2.070421361313336,13.86886429868027,-1.7984068067120305
52.150000000000006,-60.38169021563626,0.08978467515530071,0.43191866599018974,0.39020047484452136,-2.0704126404211505,13.868852377408192,-1.7984070646908783
52.175000000000004,-60.38169098975188,0.08978465590082715,0.4319171404860135,0.39020039635850523,-2.0704040103942956,13.868840572892726,-1.7984072969255642
52.2,-60.38169167934652,0.08978463762393418,0.43191561996810773,0.3902003181949566,-2.070395470321518,13.868828884767767,-1.7984075038039549
52.225,-60.38169228571678,0.08978462031279999,0.43191410441100303,0.39020024035876777,-2.070387019286416,13.868817312646513,-1.7984076857150342
52.25,-60.38169281016259,0.08978460395551588,0.431912593789458,0.3902001628547076,-2.0703786563677546,13.868805856121861,-1.7984078430487769
52.275000000000006,-60.38169325398677,0.08978458854009075,0.43191108807845896,0.390200085687422,-2.0703703806397633,13.868794514766797,-1.79840797619603
52.300000000000004,-60.38169361849462,0.08978457405445568,0.4319095872532193,0.390200008861434,-2.070362191172445,13.868783288134786,-1.7984080855483866
52.325,-60.381693904993575,0.08978456048646845,0.4319080912891794,0.39019993238114464,-2.0703540870318786,13.868772175760162,-1.7984081714980724
52.35,-60.38169411479275,0.08978454782391794,0.43190660016200566,0.39019985625083287,-2.0703460672805156,13.8687611771585,-1.7984082344378252
52.375,-60.38169424920258,0.08978453605452846,0.4319051138475903,0.3901997804746564,-2.0703381309774653,13.86875029182706,-1.7984082747607744
52.400000000000006,-60.38169430953444,0.08978452516596426,0.4319036323220505,0.3901997050566522,-2.070330277178799,13.86873951924513,-1.7984082928603313
52.425000000000004,-60.381694297100246,0.08978451514583369,0.431902155561728,0.39019963000073665,-2.0703225049378267,13.868728858874428,-1.7984082891300737
52.45,-60.38169421321213,0.08978450598169355,0.4319006835431883,0.3901995553107066,-2.0703148133053904,13.868718310159485,-1.7984082639636383
52.475,-60.38169405918202,0.08978449766105327,0.43189921624321986,0.39019948099023966,-2.0703072013301376,13.868707872528065,-1.798408217754605
52.5,-60.381693836321304,0.08978449017137898,0.4318977536388335,0.39019940704289474,-2.0702996680587935,13.868697545391504,-1.798408150896391
52.525000000000006,-60.38169354594048,0.08978448350009773,0.4318962957072614,0.3901993334721129,-2.070292212536448,13.868687328145132,-1.7984080637821436
52.550000000000004,-60.3816931893488,0.08978447763460154,0.43189484242595655,0.3901992602812178,-2.0702848338068187,13.86867722016864,-1.7984079568046403
52.575,-60.38169276785393,0.08978447256225133,0.43189339377259167,0.3901991874734166,-2.0702775309125125,13.868667220826469,-1.798407830356178
52.6,-60.381692282761584,0.08978446827038096,0.4318919497250583,0.3901991150518003,-2.070270302895296,13.868657329468194,-1.7984076848284751
52.625,-60.381691735375234,0.08978446474630106,0.43189051026146597,0.39019904301934494,-2.07026314879635,13.868647545428903,-1.7984075206125703
52.650000000000006,-60.38169112699575,0.08978446197730292,0.43188907536014115,0.3901989713789119,-2.0702560676565263,13.86863786802958,-1.798407338098724
52.675000000000004,-60.381690458921085,0.0897844599506624,0.4318876449996263,0.3901989001332489,-2.070249058516608,13.868628296577468,-1.7984071376763253
52.7,-60.38168973244598,0.08978445865364354,0.43188621915867864,0.3901988292849908,-2.070242120417542,13.86861883036646,-1.798406919733793
52.725,-60.381688948861616,0.08978445807350224,0.4318847978162695,0.39019875883666016,-2.070235252400696,13.868609468677466,-1.7984066846584845
52.75,-60.38168810945533,0.08978445819749006,0.4318833809515827,0.39019868879066844,-2.0702284535080957,13.868600210778792,-1.7984064328365996
52.775000000000006,-60.381687215510325,0.08978445901285775,0.43188196854401373,0.3901986191493166,-2.0702217227826663,13.868591055926512,-1.7984061646530975
52.800000000000004,-60.38168626830535,0.08978446050685876,0.4318805605731686,0.3901985499147959,-2.07021505926846,13.868582003364809,-1.7984058804916052
52.825,-60.38168526911442,0.08978446266675266,0.4318791570188625,0.39019848108918903,-2.070208462010884,13.868573052326383,-1.798405580734326
52.85,-60.38168421920655,0.08978446547980876,0.4318777578611186,0.3901984126744708,-2.070201930056935,13.868564202032793,-1.7984052657619642
52.875,-60.38168311984545,0.0897844689333094,0.43187636308016686,0.3901983446725092,-2.0701954624554237,13.868555451694817,-1.7984049359536343
52.900000000000006,-60.381681972289265,0.08978447301455326,0.4318749726564428,0.3901982770850661,-2.070189058257184,13.868546800512819,-1.7984045916867792
52.925000000000004,-60.38168077779033,0.08978447771085867,0.43187358657058605,0.39019820991379855,-2.070182716515291,13.868538247677096,-1.7984042333370986
52.95,-60.38167953759487,0.0897844830095668,0.43187220480343913,0.39019814316025947,-2.070176436285277,13.86852979236825,-1.7984038612784607
52.975,-60.38167825294277,0.08978448889804494,0.4318708273360461,0.39019807682589874,-2.0701702166253395,13.86852143375753,-1.7984034758828307
53.0,-60.38167692506731,0.0897844953636894,0.4318694541496511,0.3901980109120641,-2.0701640565965356,13.86851317100718,-1.798403077520193
53.025000000000006,-60.38167555519494,0.0897845023939288,0.4318680852256971,0.3901979454200023,-2.0701579552629923,13.868505003270794,-1.7984026665584814
53.050000000000004,-60.38167414454502,0.08978450997622693,0.4318667205458242,0.39019788035086006,-2.0701519116921023,13.868496929693643,-1.7984022433635067
53.075,-60.381672694329616,0.08978451809808578,0.43186536009186854,0.39019781570568507,-2.0701459249547085,13.868488949413052,-1.7984018082988846
53.1,-60.38167120575322,0.08978452674704843,0.43186400384586054,0.390197751485427,-2.070139994125305,13.868481061558693,-1.7984013617259662
53.125,-60.381669680012585,0.08978453591070179,0.43186265179002364,0.3901976876909388,-2.070134118282209,13.868473265252975,-1.7984009040037754
53.150000000000006,-60.381668118296474,0.08978454557667961,0.4318613039067726,0.3901976243229775,-2.070128296507756,13.868465559611327,-1.798400435488942
53.175000000000004,-60.381666521785455,0.089784555732665,0.43185996017871203,0.39019756138220535,-2.0701225278884685,13.868457943742563,-1.7983999565356363
53.2,-60.3816648916517,0.08978456636639323,0.431858620588635,0.39019749886919103,-2.0701168115152306,13.868450416749189,-1.7983994674955106
53.225,-60.38166322905878,0.08978457746565427,0.43185728511952126,0.39019743678441066,-2.070111146483461,13.868442977727744,-1.798398968717634
53.25,-60.38166153516147,0.08978458901829553,0.4318559537545357,0.3901973751282489,-2.070105531893283,13.868435625769106,-1.7983984605484409
53.275000000000006,-60.381659811105564,0.0897846010122242,0.431854626477027,0.39019731390100026,-2.0700999668496793,13.868428359958822,-1.798397943331669
53.300000000000004,-60.381658058027675,0.08978461343540982,0.43185330327052557,0.39019725310286996,-2.0700944504626566,13.86842117937743,-1.7983974174083024
53.325,-60.38165627705507,0.08978462627588668,0.4318519841187423,0.3901971927339752,-2.0700889818474013,13.868414083100744,-1.7983968831165213
53.35,-60.381654469305495,0.0897846395217561,0.4318506690055668,0.39019713279434637,-2.0700835601244254,13.8684070702002,-1.7983963407916483
53.375,-60.381652635886994,0.08978465316118892,0.4318493579150657,0.39019707328392816,-2.0700781844197285,13.868400139743134,-1.798395790766098
53.400000000000006,-60.38165077789776,0.08978466718242752,0.431848050831481,0.3901970142025807,-2.0700728538649233,13.868393290793085,-1.798395233369328
53.425000000000004,-60.38164889642597,0.0897846815737882,0.43184674773922843,0.39019695555008066,-2.070067567597392,13.868386522410105,-1.7983946689277914
53.45,-60.381646992549626,0.08978469632366326,0.43184544862289576,0.3901968973261226,-2.070062324760417,13.868379833651053,-1.7983940977648878
53.475,-60.381645067336414,0.08978471142052309,0.43184415346724103,0.3901968395303201,-2.0700571245033164,13.868373223569881,-1.7983935202009242
53.5,-60.38164312184356,0.08978472685291826,0.4318428622571908,0.3901967821622068,-2.070051965981574,13.868366691217943,-1.7983929365530678
53.525000000000006,-60.38164115711768,0.0897847426094814,0.43184157497783854,0.39019672522123794,-2.070046848356963,13.868360235644253,-1.798392347135303
53.550000000000004,-60.38163917419465,0.08978475867892922,0.4318402916144428,0.39019666870679104,-2.070041770797669,13.868353855895782,-1.7983917522583959
53.575,-60.38163717409952,0.08978477505006448,0.4318390121524256,0.3901966126181676,-2.0700367324784206,13.86834755101773,-1.7983911522298548
53.6,-60.3816351578463,0.08978479171177761,0.4318377365773704,0.3901965569545941,-2.070031732580586,13.868341320053807,-1.798390547353889
53.625,-60.38163312643793,0.08978480865304868,0.4318364648750207,0.3901965017152231,-2.070026770292304,13.868335162046494,-1.7983899379313797
53.650000000000006,-60.38163108086613,0.089784825862949,0.43183519703127793,0.39019644689913463,-2.070021844808578,13.868329076037341,-1.7983893242598383
53.675000000000004,-60.38162902211127,0.08978484333064293,0.43183393303219986,0.39019639250533744,-2.070016955331392,13.868323061067185,-1.7983887066333806
53.7,-60.381626951142316,0.08978486104538942,0.43183267286399885,0.39019633853276997,-2.0700121010698087,13.868317116176428,-1.7983880853426946
53.725,-60.381624868916674,0.08978487899654362,0.43183141651303986,0.39019628498030184,-2.070007281240069,13.868311240405328,-1.798387460675002
53.75,-60.38162277638014,0.08978489717355836,0.4318301639658389,0.39019623184673496,-2.0700024950656837,13.868305432794198,-1.798386832914042
53.775000000000006,-60.381620674466795,0.08978491556598571,0.4318289152090611,0.3901961791308047,-2.0699977417775286,13.868299692383687,-1.7983862023400383
53.800000000000004,-60.3816185640989,0.08978493416347827,0.43182767022951885,0.3901961268311811,-2.069993020613929,13.868294018215014,-1.79838556922967
53.825,-60.38161644618684,0.08978495295579084,0.4318264290141701,0.3901960749464704,-2.0699883308207587,13.86828840933024,-1.7983849338560518
53.85,-60.381614321629044,0.08978497193278138,0.4318251915501166,0.39019602347521587,-2.0699836716515,13.868282864772453,-1.7983842964887131
53.875,-60.3816121913119,0.0897849910844126,0.43182395782460187,0.39019597241589915,-2.06997904236734,13.868277383586035,-1.7983836573935703
53.900000000000006,-60.38161005610971,0.08978501040075298,0.4318227278250095,0.3901959217669417,-2.069974442237237,13.868271964816902,-1.798383016832912
53.925000000000004,-60.38160791688458,0.08978502987197814,0.4318215015388615,0.3901958715267056,-2.069969870537997,13.868266607512698,-1.7983823750653747
53.95,-60.38160577448643,0.08978504948837181,0.4318202789538162,0.39019582169349526,-2.0699653265543385,13.868261310723053,-1.798381732345929
53.975,-60.38160362975288,0.08978506924032703,0.4318190600576666,0.3901957722655583,-2.0699608095789612,13.868256073499778,-1.7983810889258642
54.0,-60.38160148350922,0.08978508911834722,0.4318178448383386,0.39019572324108687,-2.0699563189126113,13.868250894897098,-1.7983804450527663
54.025000000000006,-60.38159933656837,0.08978510911304705,0.43181663328388903,0.39019567461821886,-2.0699518538641306,13.86824577397185,-1.7983798009705112
54.050000000000004,-60.38159718973084,0.08978512921515354,0.43181542538250384,0.39019562639503913,-2.0699474137505267,13.868240709783683,-1.7983791569192518
54.075,-60.38159504378467,0.08978514941550689,0.4318142211224964,0.3901955785695807,-2.0699429978970163,13.868235701395289,-1.798378513135401
54.1,-60.38159289950542,0.0897851697050614,0.43181302049230563,0.390195531139826,-2.069938605637081,13.868230747872584,-1.798377869851626
54.125,-60.38159075765612,0.08978519007488617,0.4318118234804943,0.39019548410370813,-2.069934236312509,13.86822584828493,-1.798377227296836
54.150000000000006,-60.381588618987266,0.08978521051616603,0.43181063007574694,0.3901954374591118,-2.069929889273446,13.868221001705265,-1.7983765856961795
54.175000000000004,-60.38158648423678,0.08978523102020221,0.4318094402668683,0.3901953912038748,-2.0699255638784333,13.868216207210372,-1.798375945271033
54.2,-60.38158435412999,0.089785251578413,0.4318082540427814,0.39019534533578915,-2.0699212594944476,13.868211463881003,-1.798375306238997
54.225,-60.38158222937963,0.08978527218233441,0.4318070713925259,0.3901952998526022,-2.069916975496933,13.868206770802113,-1.7983746688138893
54.25,-60.381580110685825,0.08978529282362083,0.43180589230525607,0.39019525475201783,-2.0699127112698403,13.868202127062967,-1.7983740332057472
54.275000000000006,-60.38157799873606,0.08978531349404552,0.4318047167702392,0.3901952100316977,-2.069908466205652,13.86819753175739,-1.7983733996208187
54.300000000000004,-60.38157589420523,0.08978533418550112,0.4318035447768537,0.3901951656892624,-2.069904239705409,13.868192983983883,-1.798372768261568
54.325,-60.38157379775556,0.08978535489000028,0.43180237631458734,0.3901951217222925,-2.0699000311787414,13.868188482845826,-1.798372139326667
54.35,-60.38157171003669,0.08978537559967587,0.4318012113730356,0.3901950781283299,-2.0698958400438823,13.8681840274516,-1.7983715130110063
54.375,-60.38156963168563,0.08978539630678156,0.43180004994189974,0.39019503490487883,-2.069891665727694,13.868179616914787,-1.7983708895056885
54.400000000000006,-60.3815675633268,0.08978541700369214,0.4317988920109851,0.3901949920494072,-2.069887507665678,13.868175250354298,-1.798370268998039
54.425000000000004,-60.381565505572006,0.08978543768290381,0.43179773757019935,0.3901949495593476,-2.0698833653020006,13.868170926894546,-1.7983696516716015
54.45,-60.381563459020505,0.08978545833703445,0.4317965866095507,0.3901949074320983,-2.069879238089485,13.868166645665568,-1.7983690377061514
54.475,-60.38156142425898,0.08978547895882395,0.43179543911914636,0.3901948656650246,-2.069875125489641,13.868162405803178,-1.7983684272776947
54.5,-60.3815594018616,0.08978549954113428,0.4317942950891905,0.39019482425546,-2.0698710269726552,13.868158206449133,-1.79836782055848
54.525000000000006,-60.38155739239002,0.08978552007694982,0.4317931545099827,0.39019478320070705,-2.0698669420174056,13.86815404675122,-1.7983672177170063
54.550000000000004,-60.38155539639343,0.08978554055937735,0.4317920173719163,0.3901947424980387,-2.069862870111457,13.868149925863426,-1.798366618918029
54.575,-60.381553414408565,0.08978556098164626,0.4317908836654767,0.3901947021446993,-2.0698588107510636,13.86814584294607,-1.7983660243225692
54.6,-60.38155144695977,0.08978558133710855,0.4317897533812393,0.3901946621379057,-2.0698547634411626,13.868141797165903,-1.7983654340879305
54.625,-60.381549494559,0.08978560161923886,0.43178862650986843,0.3901946224748484,-2.0698507276953704,13.868137787696252,-1.7983648483677008
54.650000000000006,-60.38154755770592,0.08978562182163448,0.43178750304211516,0.39019458315269245,-2.0698467030359757,13.868133813717126,-1.7983642673117763
54.675000000000004,-60.381545636887886,0.0897856419380153,0.4317863829688159,0.39019454416857874,-2.069842688993928,13.86812987441533,-1.7983636910663654
54.7,-60.38154373258002,0.08978566196222373,0.43178526628089053,0.3901945055196249,-2.069838685108822,13.86812596898459,-1.798363119774006
54.725,-60.381541845245266,0.08978568188822462,0.43178415296934114,0.3901944672029265,-2.0698346909288925,13.868122096625646,-1.7983625535735797
54.75,-60.381539975334434,0.0897857017101051,0.43178304302524995,0.3901944292155578,-2.069830706010986,13.868118256546364,-1.79836199260033
54.775000000000006,-60.381538123286255,0.08978572142207436,0.43178193643977797,0.3901943915545732,-2.069826729920552,13.868114447961839,-1.7983614369858762
54.800000000000004,-60.381536289527446,0.08978574101846357,0.4317808332041633,0.39019435421700793,-2.069822762231616,13.868110670094483,-1.7983608868582337
54.825,-60.38153447447275,0.0897857604937255,0.4317797333097195,0.39019431719987924,-2.0698188025267577,13.868106922174135,-1.798360342341825
54.85,-60.38153267852503,0.08978577984243441,0.4317786367478343,0.39019428050018723,-2.069814850397093,13.86810320343812,-1.79835980355751
54.875,-60.381530902075305,0.0897857990592855,0.4317775435099674,0.3901942441149161,-2.0698109054422265,13.868099513131387,-1.7983592706225913
54.900000000000006,-60.381529145502824,0.08978581813909492,0.43177645358764954,0.3901942080410349,-2.0698069672702513,13.868095850506535,-1.7983587436508472
54.925000000000004,-60.381527409175156,0.0897858370767992,0.4317753669724807,0.39019417227549863,-2.0698030354977015,13.868092214823946,-1.7983582227525468
54.95,-60.381525693448225,0.08978585586745487,0.4317742836561284,0.39019413681524917,-2.0697991097495168,13.868088605351824,-1.7983577080344673
54.975,-60.381523998666424,0.08978587450623818,0.43177320363032656,0.3901941016572162,-2.0697951896590214,13.868085021366278,-1.798357199599927
55.0,-60.381522325162656,0.08978589298844454,0.4317721268868736,0.39019406679831825,-2.0697912748678773,13.868081462151423,-1.7983566975487968
55.025000000000006,-60.381520673258436,0.08978591130948808,0.43177105341763117,0.3901940322354635,-2.0697873650260465,13.868077926999403,-1.7983562019775305
55.050000000000004,-60.381519043263964,0.08978592946490119,0.43176998321452265,0.3901939979655508,-2.0697834597917564,13.868074415210469,-1.798355712979189
55.075,-60.3815174354782,0.089785947450334,0.4317689162695317,0.3901939639854705,-2.069779558831459,13.868070926093054,-1.7983552306434603
55.1,-60.38151585018896,0.08978596526155386,0.4317678525747006,0.3901939302921055,-2.0697756618197847,13.86806745896383,-1.7983547550566883
55.125,-60.381514287672985,0.08978598289444471,0.4317667921221291,0.3901938968823319,-2.069771768439497,13.868064013147759,-1.7983542863018953
55.150000000000006,-60.38151274819605,0.08978600034500656,0.43176573490397285,0.3901938637530202,-2.069767878381451,13.86806058797812,-1.7983538244588153
55.175000000000004,-60.38151123201304,0.08978601760935483,0.43176468091244197,0.3901938309010357,-2.069763991344541,13.868057182796592,-1.7983533696039118
55.2,-60.381509739368035,0.08978603468371972,0.43176363013979974,0.39019379832323997,-2.069760107035657,13.868053796953296,-1.7983529218104102
55.225,-60.38150827049442,0.08978605156444557,0.4317625825783611,0.3901937660164912,-2.0697562251696238,13.868050429806818,-1.7983524811483262
55.25,-60.38150682561498,0.08978606824799021,0.43176153822049135,0.39019373397764523,-2.069752345469166,13.868047080724265,-1.798352047684493
55.275000000000006,-60.38150540494196,0.08978608473092413,0.43176049705860486,0.3901937022035563,-2.0697484676648346,13.868043749081293,-1.7983516214825883
55.300000000000004,-60.381504008677226,0.08978610100992993,0.43175945908516367,0.390193670691078,-2.069744591494969,13.868040434262138,-1.7983512026031676
55.325,-60.3815026370123,0.08978611708180144,0.43175842429267614,0.3901936394370639,-2.0697407167056325,13.868037135659666,-1.7983507911036887
55.35,-60.38150129012849,0.089786132943443,0.43175739267369573,0.39019360843836853,-2.0697368430505545,13.86803385267539,-1.7983503870385469
55.375,-60.381499968197005,0.08978614859186876,0.43175636422081964,0.3901935776918479,-2.069732970291082,13.86803058471949,-1.7983499904591014
55.400000000000006,-60.38149867137903,0.08978616402420171,0.43175533892668755,0.39019354719436056,-2.0697290981961025,13.868027331210842,-1.7983496014137081
55.425000000000004,-60.38149739982584,0.08978617923767306,0.4317543167839804,0.3901935169427681,-2.069725226542004,13.868024091577043,-1.7983492199477518
55.45,-60.381496153678924,0.08978619422962117,0.4317532977854191,0.390193486933936,-2.0697213551125917,13.868020865254405,-1.798348846103677
55.475,-60.381494933070066,0.08978620899749086,0.4317522819237633,0.39019345716473447,-2.0697174836990375,13.868017651688003,-1.7983484799210194
55.5,-60.38149373812146,0.08978622353883253,0.4317512691918103,0.39019342763203896,-2.0697136120998185,13.868014450331671,-1.7983481214364387
55.525000000000006,-60.38149256894584,0.08978623785130121,0.4317502595823936,0.390193398332731,-2.0697097401206417,13.868011260648004,-1.7983477706837512
55.550000000000004,-60.381491425646544,0.08978625193265563,0.4317492530883821,0.39019336926369885,-2.06970586757438,13.868008082108384,-1.798347427693963
55.575,-60.38149030831767,0.08978626578075743,0.43174824970267855,0.39019334042183823,-2.0697019942810146,13.868004914192966,-1.7983470924953018
55.6,-60.38148921704418,0.08978627939357012,0.4317472494182187,0.39019331180405287,-2.069698120067558,13.868001756390687,-1.7983467651132528
55.625,-60.381488151901976,0.08978629276915809,0.4317462522279699,0.3901932834072554,-2.0696942447679807,13.86799860819927,-1.7983464455705926
55.650000000000006,-60.38148711295807,0.08978630590568575,0.4317452581249303,0.39019325522836773,-2.069690368223152,13.867995469125221,-1.7983461338874207
55.675000000000004,-60.38148610027065,0.08978631880141646,0.43174426710212754,0.3901932272643218,-2.0696864902807617,13.86799233868381,-1.7983458300811945
55.7,-60.38148511388923,0.08978633145471167,0.4317432791526177,0.3901931995120604,-2.069682610795253,13.867989216399087,-1.7983455341667678
55.725,-60.38148415385473,0.08978634386402974,0.4317422942694842,0.3901931719685373,-2.069678729627746,13.867986101803853,-1.7983452461564184
55.75,-60.381483220199634,0.08978635602792501,0.43174131244583697,0.3901931446307184,-2.0696748466459636,13.867982994439647,-1.79834496605989
55.775000000000006,-60.38148231294809,0.08978636794504687,0.4317403336748111,0.390193117495582,-2.0696709617241686,13.86797989385675,-1.7983446938844259
55.800000000000004,-60.38148143211599,0.08978637961413849,0.4317393579495662,0.3901930905601194,-2.069667074743071,13.867976799614175,-1.7983444296347968
55.825,-60.381480577711166,0.08978639103403604,0.43173838526328495,0.3901930638213355,-2.069663185589773,13.867973711279589,-1.7983441733133496
55.85,-60.38147974973344,0.08978640220366739,0.43173741560917256,0.39019303727624943,-2.0696592941576735,13.867970628429372,-1.7983439249200308
55.875,-60.38147894817477,0.08978641312205117,0.43173644898045554,0.3901930109218949,-2.069655400346404,13.867967550648533,-1.7983436844524299
55.900000000000006,-60.38147817301938,0.0897864237882957,0.43173548537038076,0.390192984755321,-2.0696515040617514,13.867964477530721,-1.7983434519058143
55.925000000000004,-60.38147742424387,0.0897864342015978,0.4317345247722147,0.39019295877359245,-2.0696476052155734,13.867961408678193,-1.7983432272731605
55.95,-60.38147670181731,0.08978644436124182,0.43173356717924233,0.3901929329737903,-2.069643703725727,13.86795834370177,-1.7983430105451936
55.975,-60.38147600570143,0.08978645426659837,0.43173261258476636,0.3901929073530123,-2.069639799515983,13.867955282220812,-1.7983428017104288
56.0,-60.38147533585065,0.08978646391712339,0.43173166098210636,0.3901928819083734,-2.069635892515955,13.867952223863194,-1.7983426007551955
56.025000000000006,-60.38147469221229,0.08978647331235688,0.4317307123645976,0.39019285663700637,-2.0696319826610137,13.867949168265271,-1.7983424076636858
56.050000000000004,-60.38147407472662,0.08978648245192192,0.43172976672559066,0.39019283153606193,-2.0696280698922123,13.867946115071817,-1.7983422224179855
56.075,-60.38147348332703,0.08978649133552333,0.4317288240584503,0.3901928066027096,-2.0696241541562,13.867943063936034,-1.7983420449981082
56.1,-60.38147291794012,0.08978649996294681,0.4317278843565548,0.3901927818341379,-2.0696202354051527,13.86794001451948,-1.7983418753820366
56.125,-60.38147237848586,0.0897865083340575,0.43172694761329494,0.39019275722755475,-2.0696163135966748,13.86793696649201,-1.7983417135457578
56.150000000000006,-60.38147186487766,0.08978651644879897,0.43172601382207354,0.390192732780188,-2.0696123886937294,13.86793391953179,-1.7983415594632979
56.175000000000004,-60.38147137702254,0.08978652430719213,0.43172508297630435,0.3901927084892858,-2.0696084606645626,13.867930873325184,-1.7983414131067625
56.2,-60.38147091482123,0.08978653190933397,0.43172415506941153,0.39019268435211685,-2.0696045294826084,13.867927827566769,-1.7983412744463685
56.225,-60.381470478168275,0.08978653925539634,0.4317232300948289,0.39019266036597106,-2.0696005951264103,13.867924781959248,-1.7983411434504823
56.25,-60.38147006695219,0.08978654634562498,0.4317223080459991,0.39019263652815966,-2.069596657579549,13.867921736213418,-1.7983410200856567
56.275000000000006,-60.38146968105557,0.08978655318033812,0.431721388916373,0.3901926128360157,-2.069592716830545,13.86791869004811,-1.798340904316671
56.300000000000004,-60.38146932035521,0.08978655975992554,0.431720472699409,0.3901925892868943,-2.0695887728727946,13.867915643190141,-1.7983407961065623
56.325,-60.38146898472221,0.08978656608484718,0.4317195593885722,0.3901925658781731,-2.0695848257044704,13.867912595374253,-1.7983406954166632
56.35,-60.38146867402213,0.08978657215563204,0.43171864897733403,0.3901925426072524,-2.069580875328446,13.867909546343082,-1.798340602206639
56.375,-60.38146838811509,0.08978657797287706,0.43171774145917147,0.39019251947155575,-2.0695769217522155,13.867906495847064,-1.7983405164345263
56.400000000000006,-60.38146812685587,0.08978658353724588,0.4317168368275663,0.39019249646853,-2.0695729649878096,13.867903443644417,-1.7983404380567614
56.425000000000004,-60.38146789009409,0.08978658884946758,0.43171593507600464,0.3901924735956457,-2.0695690050517066,13.867900389501049,-1.7983403670282279
56.45,-60.38146767767427,0.08978659391033565,0.43171503619797647,0.39019245085039733,-2.069565041964761,13.86789733319051,-1.7983403033022818
56.475,-60.38146748943598,0.08978659872070671,0.43171414018697474,0.3901924282303037,-2.069561075752112,13.867894274493947,-1.798340246830793
56.5,-60.38146732521394,0.08978660328149939,0.4317132470364951,0.390192405732908,-2.0695571064431086,13.867891213200007,-1.7983401975641817
56.525000000000006,-60.38146718483818,0.08978660759369303,0.43171235674003516,0.3901923833557782,-2.0695531340712208,13.867888149104799,-1.7983401554514535
56.550000000000004,-60.3814670681341,0.08978661165832659,0.43171146929109405,0.39019236109650735,-2.069549158673957,13.867885082011828,-1.7983401204402298
56.575,-60.38146697492264,0.08978661547649751,0.43171058468317197,0.39019233895271355,-2.0695451802927916,13.867882011731917,-1.7983400924767914
56.6,-60.38146690502036,0.0897866190493603,0.4317097029097695,0.3901923169220404,-2.069541198973065,13.867878938083143,-1.798340071506108
56.625,-60.381466858239584,0.08978662237812565,0.4317088239643873,0.39019229500215724,-2.069537214763921,13.867875860890784,-1.798340057471875
56.650000000000006,-60.3814668343885,0.08978662546405915,0.4317079478405255,0.39019227319075905,-2.0695332277182183,13.867872779987229,-1.798340050316549
56.675000000000004,-60.381466833271276,0.08978662830847994,0.4317070745316834,0.390192251485567,-2.0695292378924406,13.86786969521192,-1.7983400499813824
56.7,-60.38146685468819,0.08978663091275978,0.43170620403135884,0.3901922298843284,-2.069525245346625,13.867866606411273,-1.7983400564064573
56.725,-60.38146689843573,0.08978663327832175,0.4317053363330479,0.3901922083848169,-2.06952125014428,13.867863513438623,-1.7983400695307197
56.75,-60.38146696430671,0.08978663540663914,0.4317044714302445,0.3901921869848327,-2.069517252352305,13.867860416154137,-1.798340089292013
56.775000000000006,-60.38146705209039,0.08978663729923421,0.4317036093164398,0.3901921656822027,-2.0695132520409034,13.867857314424727,-1.7983401156271177
56.800000000000004,-60.38146716157259,0.0897866389576771,0.43170274998512215,0.3901921444747807,-2.0695092492835117,13.867854208124022,-1.798340148471776
56.825,-60.381467292535774,0.08978664038358464,0.43170189342977644,0.39019212336044723,-2.0695052441567117,13.867851097132245,-1.7983401877607321
56.85,-60.38146744475922,0.08978664157861915,0.43170103964388384,0.3901921023371101,-2.069501236740156,13.867847981336155,-1.798340233427765
56.875,-60.38146761801906,0.08978664254448741,0.4317001886209215,0.3901920814027043,-2.069497227116489,13.867844860628987,-1.7983402854057176
56.900000000000006,-60.381467812088445,0.08978664328293938,0.43169934035436214,0.39019206055519196,-2.0694932153712613,13.867841734910352,-1.7983403436265333
56.925000000000004,-60.38146802673763,0.08978664379576715,0.43169849483767375,0.39019203979256273,-2.0694892015928628,13.867838604086165,-1.7983404080212886
56.95,-60.38146826173408,0.08978664408480383,0.4316976520643193,0.3901920191128337,-2.0694851858724386,13.867835468068575,-1.7983404785202233
56.975,-60.38146851684258,0.08978664415192229,0.4316968120277565,0.39019199851404945,-2.069481168303807,13.867832326775883,-1.7983405550527742
57.0,-60.38146879182536,0.08978664399903415,0.4316959747214374,0.3901919779942823,-2.069477148983389,13.867829180132453,-1.7983406375476085
57.025000000000006,-60.38146908644217,0.08978664362808858,0.4316951401388083,0.39019195755163216,-2.0694731280101286,13.86782602806866,-1.7983407259326518
57.050000000000004,-60.381469400450406,0.08978664304107131,0.43169430827330924,0.3901919371842267,-2.069469105485421,13.867822870520772,-1.7983408201351216
57.075,-60.3814697336052,0.0897866422400034,0.431693479118374,0.39019191689022126,-2.0694650815130293,13.867819707430892,-1.79834092008156
57.1,-60.38147008565954,0.08978664122694019,0.4316926526674299,0.3901918966677992,-2.0694610561990157,13.867816538746881,-1.7983410256978607
57.125,-60.38147045636435,0.08978664000397023,0.43169182891389724,0.39019187651517157,-2.0694570296516654,13.867813364422274,-1.798341136909304
57.150000000000006,-60.38147084546861,0.0897866385732141,0.43169100785118947,0.3901918564305773,-2.0694530019814077,13.867810184416177,-1.7983412536405836
57.175000000000004,-60.381471252719464,0.0897866369368235,0.43169018947271287,0.3901918364122832,-2.06944897330075,13.867806998693215,-1.798341375815839
57.2,-60.38147167786229,0.08978663509698004,0.4316893737718663,0.390191816458584,-2.069444943724204,13.867803807223424,-1.7983415033586858
57.225,-60.3814721206408,0.08978663305589417,0.4316885607420411,0.3901917965678022,-2.0694409133682012,13.867800609982206,-1.7983416361922402
57.25,-60.38147258079718,0.08978663081580425,0.4316877503766209,0.39019177673828814,-2.0694368823510385,13.867797406950189,-1.7983417742391536
57.275000000000006,-60.38147305807214,0.08978662837897532,0.43168694266898155,0.3901917569684202,-2.0694328507927913,13.867794198113195,-1.7983419174216415
57.300000000000004,-60.38147355220502,0.08978662574769825,0.4316861376124909,0.3901917372566044,-2.069428818815254,13.867790983462147,-1.7983420656615066
57.325,-60.381474062933904,0.08978662292428853,0.4316853352005088,0.3901917176012745,-2.0694247865418616,13.867787762992958,-1.798342218880171
57.35,-60.38147458999568,0.08978661991108543,0.4316845354263867,0.39019169800089226,-2.069420754097628,13.86778453670649,-1.7983423769987048
57.375,-60.38147513312618,0.08978661671045081,0.4316837382834679,0.3901916784539468,-2.0694167216090693,13.867781304608416,-1.7983425399378539
57.400000000000006,-60.381475692060214,0.08978661332476821,0.43168294376508737,0.39019165895895513,-2.0694126892041393,13.8677780667092,-1.7983427076180638
57.425000000000004,-60.3814762665317,0.08978660975644186,0.43168215186457143,0.3901916395144617,-2.069408657012164,13.86777482302395,-1.7983428799595096
57.45,-60.381476856273736,0.08978660600789563,0.431681362575238,0.39019162011903846,-2.0694046251637697,13.867771573572396,-1.7983430568821206
57.475,-60.381477461018704,0.08978660208157209,0.43168057589039627,0.390191600771285,-2.0694005937908178,13.86776831837876,-1.798343238305611
57.5,-60.38147808049833,0.08978659797993155,0.4316797918033469,0.3901915814698281,-2.0693965630263436,13.867765057471688,-1.7983434241494998
57.525000000000006,-60.3814787144438,0.08978659370545106,0.4316790103073819,0.39019156221332174,-2.069392533004484,13.867761790884172,-1.7983436143331402
57.550000000000004,-60.38147936258582,0.0897865892606235,0.4316782313957845,0.3901915430004473,-2.0693885038604205,13.867758518653448,-1.7983438087757462
57.575,-60.381480024654714,0.0897865846479566,0.43167745506182903,0.390191523829913,-2.069384475730309,13.867755240820932,-1.7983440073964139
57.6,-60.38148070038049,0.08978657986997203,0.4316766812987813,0.3901915047004543,-2.069380448751221,13.867751957432139,-1.7983442101141478
57.625,-60.381481389492954,0.08978657492920447,0.4316759100998983,0.3901914856108333,-2.0693764230610796,13.86774866853658,-1.7983444168478862
57.650000000000006,-60.38148209172174,0.08978656982820073,0.4316751414584283,0.390191466559839,-2.0693723987985995,13.867745374187699,-1.7983446275165227
57.675000000000004,-60.38148280679644,0.08978656456951875,0.4316743753676107,0.390191447546287,-2.0693683761032218,13.867742074442772,-1.7983448420389323
57.7,-60.381483534446645,0.08978655915572686,0.4316736118206765,0.39019142856901934,-2.0693643551150633,13.867738769362838,-1.7983450603339932
57.725,-60.38148427440204,0.08978655358940281,0.43167285081084766,0.39019140962690446,-2.069360335974848,13.867735459012595,-1.798345282320612
57.75,-60.38148502639248,0.08978654787313285,0.4316720923313378,0.39019139071883713,-2.0693563188238513,13.867732143460357,-1.7983455079177446
57.775000000000006,-60.381485790148055,0.08978654200951094,0.4316713363753519,0.3901913718437381,-2.069352303803842,13.86772882277793,-1.7983457370444162
57.800000000000004,-60.38148656539916,0.0897865360011379,0.4316705829360863,0.39019135300055413,-2.0693482910570244,13.86772549704057,-1.798345969619747
57.825,-60.38148735187657,0.08978652985062054,0.43166983200672904,0.39019133418825774,-2.069344280725987,13.867722166326857,-1.7983462055629715
57.85,-60.381488149311544,0.08978652356057083,0.43166908358045974,0.3901913154058471,-2.0693402729536374,13.867718830718642,-1.798346444793463
57.875,-60.381488957435835,0.08978651713360519,0.4316683376504497,0.3901912966523459,-2.069336267883162,13.867715490300972,-1.7983466872307503
57.900000000000006,-60.38148977598179,0.08978651057234345,0.431667594209862,0.3901912779268031,-2.069332265657952,13.867712145161985,-1.7983469327945372
57.925000000000004,-60.38149060468243,0.08978650387940829,0.4316668532518517,0.39019125922829273,-2.069328266421568,13.867708795392852,-1.7983471814047298
57.95,-60.38149144327149,0.08978649705742434,0.43166611476956585,0.390191240555914,-2.06932427031768,13.867705441087692,-1.7983474329814477
57.975,-60.381492291483504,0.08978649010901739,0.43166537875614347,0.39019122190879063,-2.0693202774900135,13.867702082343476,-1.798347687445051
58.0,-60.38149314905385,0.08978648303681376,0.4316646452047159,0.3901912032860712,-2.0693162880823053,13.86769871925996,-1.7983479447161557
58.025000000000006,-60.381494015718836,0.08978647584343932,0.43166391410840693,0.39019118468692854,-2.069312302238243,13.86769535193962,-1.7983482047156507
58.050000000000004,-60.38149489121573,0.08978646853151896,0.4316631854603327,0.39019116611055976,-2.0693083201014275,13.867691980487546,-1.798348467364719
58.075,-60.38149577528286,0.08978646110367575,0.431662459253602,0.39019114755618606,-2.069304341815313,13.867688605011388,-1.798348732584857
58.1,-60.38149666765962,0.08978645356253027,0.4316617354813164,0.3901911290230524,-2.0693003675231716,13.867685225621276,-1.7983490002978855
58.125,-60.38149756808659,0.0897864459106999,0.43166101413657043,0.39019111051042743,-2.0692963973680336,13.86768184242972,-1.798349270425976
58.150000000000006,-60.38149847630554,0.08978643815079812,0.4316602952124516,0.39019109201760316,-2.0692924314926535,13.867678455551555,-1.7983495428916612
58.175000000000004,-60.38149939205952,0.08978643028543379,0.43165957870204064,0.3901910735438949,-2.0692884700394525,13.867675065103867,-1.798349817617855
58.2,-60.381500315092886,0.08978642231721043,0.43165886459841185,0.3901910550886408,-2.069284513150477,13.867671671205903,-1.7983500945278657
58.225,-60.38150124515138,0.08978641424872576,0.43165815289463294,0.39019103665120214,-2.069280560967363,13.86766827397902,-1.7983503735454127
58.25,-60.38150218198216,0.08978640608257087,0.4316574435837654,0.39019101823096247,-2.0692766136312852,13.867664873546577,-1.7983506545946468
58.275000000000006,-60.38150312533387,0.08978639782132963,0.4316567366588647,0.3901909998273278,-2.0692726712829175,13.867661470033884,-1.7983509376001614
58.300000000000004,-60.38150407495668,0.08978638946757814,0.4316560321129804,0.39019098143972625,-2.0692687340623928,13.867658063568115,-1.798351222487004
58.325,-60.38150503060232,0.08978638102388388,0.4316553299391564,0.3901909630676079,-2.06926480210925,13.867654654278281,-1.7983515091806956
58.35,-60.38150599202415,0.08978637249280542,0.4316546301304311,0.39019094471044447,-2.0692608755624167,13.867651242295073,-1.7983517976072456
58.375,-60.38150695897721,0.08978636387689164,0.4316539326798376,0.3901909263677291,-2.069256954560151,13.867647827750869,-1.7983520876931636
58.400000000000006,-60.38150793121824,0.08978635517868118,0.4316532375804039,0.39019090803897627,-2.069253039240014,13.86764441077963,-1.7983523793654712
58.425000000000004,-60.381508908505715,0.08978634640070186,0.4316525448251533,0.3901908897237213,-2.0692491297388234,13.86764099151684,-1.7983526725517145
58.45,-60.38150989059995,0.08978633754547014,0.43165185440710424,0.39019087142152026,-2.0692452261926237,13.867637570099408,-1.798352967179985
58.475,-60.381510877263075,0.08978632861549059,0.43165116631927086,0.39019085313194984,-2.069241328736648,13.867634146665651,-1.7983532631789223
58.5,-60.38151186825911,0.08978631961325537,0.43165048055466304,0.39019083485460687,-2.0692374375052864,13.86763072135517,-1.798353560477733
58.525000000000006,-60.38151286335398,0.08978631054124356,0.4316497971062867,0.3901908165891082,-2.069233552632039,13.86762729430882,-1.7983538590061947
58.550000000000004,-60.3815138623156,0.08978630140192088,0.431649115967144,0.3901907983350905,-2.069229674249501,13.86762386566863,-1.7983541586946798
58.575,-60.38151486491384,0.08978629219773906,0.43164843713023365,0.39019078009221003,-2.069225802489319,13.86762043557776,-1.7983544594741516
58.6,-60.38151587092063,0.08978628293113532,0.43164776058855103,0.3901907618601422,-2.069221937482155,13.867617004180383,-1.7983547612761888
58.625,-60.381516880109956,0.08978627360453187,0.43164708633508847,0.39019074363858136,-2.0692180793576624,13.86761357162166,-1.7983550640329866
58.650000000000006,-60.3815178922579,0.08978626422033564,0.4316464143628356,0.39019072542724087,-2.069214228244458,13.86761013804769,-1.7983553676773687
58.675000000000004,-60.38151890714268,0.08978625478093764,0.43164574466477934,0.3901907072258525,-2.069210384270084,13.8676067036054,-1.798355672142803
58.7,-60.381519924544676,0.08978624528871251,0.4316450772339045,0.3901906890341662,-2.0692065475609835,13.867603268442526,-1.7983559773634028
58.725,-60.381520944246475,0.08978623574601824,0.4316444120631938,0.3901906708519501,-2.0692027182424746,13.86759983270752,-1.7983562832739424
58.75,-60.38152196603287,0.08978622615519555,0.43164374914562814,0.3901906526789899,-2.0691988964387154,13.867596396549503,-1.798356589809861
58.775000000000006,-60.381522989690914,0.08978621651856764,0.4316430884741869,0.3901906345150889,-2.0691950822726857,13.86759296011821,-1.798356896907274
58.800000000000004,-60.381524015009944,0.0897862068384397,0.4316424300418482,0.3901906163600676,-2.0691912758661566,13.867589523563911,-1.798357204502983
58.825,-60.381525041781586,0.08978619711709855,0.4316417738415892,0.39019059821376345,-2.069187477339665,13.867586087037386,-1.7983575125344757
58.85,-60.38152606979982,0.08978618735681228,0.43164111986638626,0.3901905800760307,-2.0691836868124924,13.867582650689824,-1.7983578209399453
58.875,-60.38152709886096,0.08978617755982983,0.43164046810921525,0.39019056194673996,-2.0691799044026373,13.867579214672805,-1.798358129658287
58.900000000000006,-60.38152812876371,0.08978616772838066,0.43163981856305195,0.39019054382577806,-2.0691761302267957,13.86757577913821,-1.7983584386291134
58.925000000000004,-60.381529159309174,0.08978615786467448,0.4316391712208721,0.3901905257130478,-2.069172364400339,13.867572344238198,-1.798358747792752
58.95,-60.38153019030088,0.08978614797090076,0.43163852607565173,0.39019050760846763,-2.069168607037288,13.867568910125128,-1.7983590570902634
58.975,-60.38153122154478,0.08978613804922853,0.43163788312036766,0.3901904895119714,-2.0691648582502955,13.867565476951505,-1.7983593664634347
59.0,-60.38153225284932,0.08978612810180601,0.43163724234799744,0.39019047142350805,-2.0691611181506295,13.867562044869942,-1.7983596758547953
59.025000000000006,-60.381533284025394,0.08978611813076035,0.4316366037515198,0.3901904533430415,-2.0691573868481448,13.867558614033083,-1.7983599852076182
59.050000000000004,-60.38153431488641,0.0897861081381972,0.43163596732391496,0.39019043527055014,-2.0691536644512705,13.867555184593588,-1.7983602944659225
59.075,-60.381535345248274,0.08978609812620067,0.4316353330581648,0.39019041720602693,-2.069149951066996,13.867551756704053,-1.798360603574482
59.1,-60.38153637492944,0.08978608809683288,0.43163470094725326,0.39019039914947873,-2.0691462468008486,13.867548330516957,-1.7983609124788316
59.125,-60.38153740375089,0.08978607805213372,0.4316340709841664,0.3901903811009263,-2.069142551756874,13.867544906184628,-1.7983612211252669
59.150000000000006,-60.38153843153617,0.0897860679941206,0.43163344316189295,0.390190363060404,-2.0691388660376244,13.867541483859204,-1.7983615294608513
59.175000000000004,-60.3815394581114,0.0897860579247883,0.43163281747342447,0.3901903450279594,-2.06913518974415,13.867538063692542,-1.7983618374334192
59.2,-60.38154048330525,0.08978604784610851,0.43163219391175556,0.3901903270036532,-2.0691315229759626,13.867534645836226,-1.7983621449915752
59.225,-60.38154150694903,0.08978603776002991,0.43163157246988426,0.39019030898755885,-2.069127865831052,13.867531230441482,-1.798362452084708
59.25,-60.3815425288766,0.08978602766847772,0.4316309531408123,0.39019029097976227,-2.0691242184058485,13.867527817659145,-1.79836275866298
59.275000000000006,-60.381543548924476,0.08978601757335358,0.4316303359175453,0.3901902729803617,-2.069120580795221,13.867524407639607,-1.7983630646773427
59.300000000000004,-60.381544566931765,0.08978600747653546,0.43162972079309314,0.39019025498946736,-2.0691169530924687,13.867521000532799,-1.7983633700795294
59.325,-60.3815455827402,0.08978599737987722,0.4316291077604702,0.3901902370072012,-2.069113335389296,13.867517596488113,-1.7983636748220604
59.35,-60.38154659619416,0.08978598728520869,0.4316284968126957,0.39019021903369655,-2.069109727775816,13.867514195654381,-1.7983639788582486
59.375,-60.38154760714066,0.08978597719433538,0.43162788794279394,0.3901902010690982,-2.0691061303405354,13.867510798179827,-1.7983642821421981
59.400000000000006,-60.381548615429345,0.08978596710903834,0.4316272811437945,0.3901901831135617,-2.069102543170341,13.867507404212036,-1.7983645846288034
59.425000000000004,-60.381549620912516,0.08978595703107405,0.4316266764087327,0.3901901651672533,-2.0690989663505004,13.867504013897891,-1.7983648862737545
59.45,-60.38155062344512,0.08978594696217418,0.4316260737306497,0.39019014723034984,-2.0690953999646413,13.867500627383565,-1.7983651870335364
59.475,-60.381551622884764,0.08978593690404564,0.4316254731025929,0.39019012930303826,-2.069091844094759,13.867497244814462,-1.798365486865429
59.5,-60.3815526190917,0.08978592685837025,0.4316248745176162,0.3901901113855155,-2.0690882988211956,13.86749386633519,-1.7983657857275097
59.525000000000006,-60.38155361192884,0.08978591682680478,0.4316242779687802,0.39019009347798816,-2.06908476422264,13.867490492089505,-1.7983660835786508
59.550000000000004,-60.38155460126174,0.08978590681098081,0.43162368344915253,0.3901900755806722,-2.069081240376124,13.867487122220297,-1.798366380378522
59.575,-60.38155558695863,0.08978589681250462,0.4316230909518082,0.39019005769379295,-2.069077727357015,13.867483756869554,-1.7983666760875898
59.6,-60.38155656889039,0.08978588683295709,0.43162250046982964,0.3901900398175845,-2.0690742252390093,13.867480396178305,-1.7983669706671164
59.625,-60.38155754693052,0.08978587687389365,0.4316219119963074,0.39019002195228975,-2.0690707340941317,13.867477040286628,-1.7983672640791568
59.650000000000006,-60.38155852095522,0.08978586693684429,0.4316213255243399,0.39019000409816007,-2.069067253992733,13.867473689333577,-1.7983675562865649
59.675000000000004,-60.38155949084328,0.08978585702331324,0.43162074104703413,0.3901899862554549,-2.069063785003476,13.867470343457159,-1.7983678472529838
59.7,-60.38156045647617,0.08978584713477925,0.4316201585575057,0.3901899684244418,-2.06906032719335,13.867467002794319,-1.7983681369428517
59.725,-60.381561417737984,0.08978583727269525,0.4316195780488791,0.39018995060539596,-2.0690568806276546,13.867463667480905,-1.7983684253213952
59.75,-60.38156237451544,0.08978582743848856,0.4316189995142882,0.3901899327986001,-2.0690534453700065,13.867460337651629,-1.7983687123546317
59.775000000000006,-60.381563326697886,0.08978581763356074,0.4316184229468762,0.3901899150043441,-2.0690500214823397,13.867457013440033,-1.7983689980093658
59.800000000000004,-60.38156427417728,0.08978580785928748,0.431617848339796,0.3901898972229249,-2.0690466090248942,13.86745369497849,-1.7983692822531836
59.825,-60.381565216848195,0.08978579811701884,0.4316172756862106,0.3901898794546463,-2.069043208056233,13.867450382398143,-1.7983695650544582
59.85,-60.3815661546078,0.08978578840807894,0.4316167049792933,0.39018986169981845,-2.0690398186332244,13.867447075828908,-1.7983698463823408
59.875,-60.381567087355876,0.08978577873376622,0.4316161362122277,0.390189843958758,-2.0690364408110606,13.867443775399419,-1.7983701262067626
59.900000000000006,-60.38156801499476,0.08978576909535324,0.43161556937820855,0.3901898262317876,-2.0690330746432446,13.867440481237036,-1.7983704044984286
59.925000000000004,-60.38156893742938,0.08978575949408686,0.43161500447044127,0.39018980851923574,-2.0690297201815997,13.867437193467786,-1.7983706812288134
59.95,-60.38156985456722,0.08978574993118821,0.4316144414821428,0.3901897908214365,-2.0690263774762765,13.867433912216365,-1.798370956370165
59.975,-60.38157076631831,0.08978574040785262,0.4316138804065415,0.39018977313872943,-2.0690230465757438,13.867430637606104,-1.7983712298954935
60.0,-60.38157167259524,0.08978573092524984,0.43161332123687757,0.39018975547145923,-2.069019727526806,13.867427369758957,-1.7983715017785726
60.025,-60.62805022643117,0.08968420918465636,0.4316266610264592,0.39018023375321764,-2.0666775421728536,13.660417182551527,-1.872315067929351
60.05,-60.86779367439135,0.08939489314959181,0.4316670610893052,0.3901522049491574,-2.051368558197054,13.456512877360797,-1.944238102317405
60.075,-61.10123035865511,0.08893927214828293,0.4317334791938654,0.39010638342400406,-2.02472739759612,13.255565042450632,-2.014269107596532
60.1,-61.32874148854474,0.08833711533576084,0.4318249476009435,0.39004343813562325,-1.9883641240292456,13.05744723211257,-2.0825224465634227
60.125,-61.55066316888655,0.08760658045830026,0.4319405645237172,0.3899639975512358,-1.9438268873837055,12.862056043072819,-2.149098950665965
60.15,-61.76728919915207,0.08676431988796576,0.43207948638034577,0.3898686541717371,-1.8925750772081402,12.669310302272992,-2.2140867597456197
60.175,-61.97887437876088,0.08582558271760034,0.432240920830759,0.38975796864152273,-1.8359612473179758,12.479149611882171,-2.277562313628263
60.2,-62.18563810336775,0.08480431209776636,0.43242412057095014,0.38963247343862856,-1.7752201988126886,12.29153245757904,-2.339591431010325
60.225,-62.3877680813683,0.08371323732119071,0.43262837784525887,0.38949267615311406,-1.7114637757814486,12.106434048904829,-2.40023042441049
60.25,-62.58542403863972,0.08256396041999048,0.43285301962870293,0.3893390623711298,-1.6456801120270241,11.923844026853445,-2.4595272115919165
60.275,-62.77874131261792,0.08136703724190565,0.4330974034264728,0.38917209818866755,-1.5787362516337455,11.743764144297149,-2.517522393785375
60.3,-62.96783426448058,0.0801320531209161,0.4333609136354683,0.3889922323831657,-1.5113832408904353,11.566205999413212,-2.5742502793441737
60.325,-63.152799460915524,0.07886769336261745,0.43364295841257067,0.38879989827343403,-1.4442629482306246,11.391188880819229,-2.629739838274657
60.35,-63.33371859526621,0.07758180883313771,0.4339429669956639,0.3885955152992033,-1.3779160098560606,11.21873776533176,-2.6840155785798636
60.375,-63.51066113234359,0.07628147697936101,0.43426038742581513,0.38837949035134905,-1.3127904209953565,11.04888149475605,-2.7370983397030777
60.4,-63.68368667243638,0.07497305862430116,0.4345946846221318,0.38815221888278884,-1.249250397009342,10.881651146495573,-2.7890060017309137
60.425,-63.85284703857107,0.07366225088029792,0.4349453387643704,0.3879140858284372,-1.1875852161875424,10.7170786036358,-2.8397541115713207
60.45,-64.01818809733167,0.07235413650920024,0.4353118439421527,0.3876654663606252,-1.1280178288287743,10.555195323140321,-2.889356429199502
60.475,-64.17975132796494,0.07105323003688317,0.43569370703349986,0.38740672650419555,-1.0707130769004214,10.39603129555518,-2.9378253983894806
60.5,-64.33757515742613,0.06976352090259884,0.4360904467791941,0.38713822363318917,-1.0157854170163212,10.239614185844196,-2.985172547227839
60.525,-64.49169608076265,0.06848851389440756,0.43650159302314084,0.3868603068687352,-0.9633060783254441,10.085968642412043,-3.031408824228795
60.55,-64.64214958705037,0.06723126709220886,0.4369266860923727,0.38657331739550355,-0.9133096176554255,9.93511575977448,-3.0765448761151104
60.575,-64.78897091119828,0.06599442751118956,0.43736527629357314,0.38627758871193424,-0.8657998582249746,9.787072679514228,-3.1205912733594827
60.6,-64.93219563150005,0.06478026461181433,0.4378169235059733,0.3859734468274403,-0.8207552165693323,9.641852313943973,-3.163558689450015
60.625,-65.07186013198333,0.06359070181844691,0.43828119685319716,0.3856612104179195,-0.7781334359965353,9.499463177141951,-3.205458039594998
60.65,-65.20800194750146,0.06242734616768561,0.4387576744390792,0.38534119094921704,-0.7378757547502633,9.359909308616361,-3.246300584250437
60.675,-65.34066000823185,0.06129151618960771,0.43924594313467674,0.385013692776646,-0.6999105438104958,9.22319027568562,-3.2860980024695547
60.7,-65.46987479885651,0.06018426811033281,0.43974559840565214,0.3846790132273141,-0.6641564535232117,9.0893012416609,-3.3248624396569526
60.725,-65.59568844627093,0.05910642045243548,0.4402562441709204,0.3843374426707984,-0.6305251105256996,8.95823308801266,-3.362606533881278
60.75,-65.71814474823942,0.05805857710050383,0.44077749268496913,0.3839892645826563,-0.5989234071557163,8.829972579846073,-3.399343424471827
60.775,-65.83728915402273,0.0570411488922602,0.44130896443756745,0.383634755604354,-0.5692554250625634,8.704502565160773,-3.4350867462068178
60.8,-65.95316870667531,0.05605437379075911,0.44185028806572196,0.38327418560240545,-0.5414240333761838,8.581802199494378,-3.469850612002594
60.825,-66.06583195546065,0.05509833568995165,0.44240110027370944,0.38290781772885435,-0.5153321997871271,8.461847188627084,-3.5036495866381956
60.85,-66.17532884567335,0.05417298190399691,0.4429610457578528,0.3825359084846705,-0.4908840504492712,8.344610043039207,-3.5364986537020044
60.875,-66.2817105920979,0.0532781393898081,0.44352977713341346,0.382158707787165,-0.46798571190463173,8.230060338752274,-3.568413177629368
60.9,-66.38502954137113,0.05241352975217745,0.44410695486156715,0.38177645904214796,-0.44654596537816327,8.118164980045458,-3.5994088624113374
60.925,-66.48533902765556,0.05157878308115691,0.44469224717493133,0.38138939922123816,-0.42647674090342635,8.008888460314319,-3.6295017082966665
60.95,-66.58269322526405,0.05077345067200237,0.44528533000052395,0.38099775894448557,-0.4076934758978524,7.9021931180342735,-3.658707967579215
60.975,-66.67714700120314,0.049997016678726344,0.4458858868793735,0.3806017625682726,-0.3901153600678409,7.798039385404488,-3.687044100360941
61.0,-66.7687557700143,0.04924890875300978,0.44649360888228,0.38020162827830567,-0.3736654859312966,7.696386027785047,-3.714526731004288
61.025,-66.85757535278339,0.04852850772080924,0.4471081945214454,0.3797975681873995,-0.35827092182703846,7.597190372506532,-3.741172605835015
61.05,-66.94366184175259,0.047835156349355194,0.44772934965787403,0.37938978843767274,-0.34386272205289686,7.500408526030092,-3.7669985525257754
61.075,-67.02707147159848,0.04716816725734812,0.4483567874045814,0.37897848930671807,-0.33037588674570834,7.405995578775036,-3.7920214414795423
61.1,-67.10786049812717,0.04652683002097323,0.44899022802575556,0.3785638653172787,-0.31774928228709987,7.313905797216305,-3.81625814943815
61.125,-67.18608508487783,0.045910417527862526,0.44962939883209907,0.378146105349942,-0.3059255313844079,7.224092803089468,-3.839725525463349
61.15,-67.26180119791042,0.04531819163035041,0.4502740340726325,0.3777253927583628,-0.29485088052810593,7.136509739735161,-3.8624403593731245
61.175,-67.33506450887946,0.04474940814828775,0.4509238748232858,0.3773019054865325,-0.28447505125410893,7.051109425769632,-3.884419352663836
61.2,-67.40593030635458,0.04420332127034439,0.45157866887262527,0.37687581618762667,-0.2747510805289219,6.967844496392096,-3.905679091906373
61.225,-67.474453415238,0.04367918740115775,0.45223817060507887,0.37644729234398644,-0.2656351546137788,6.886667532734227,-3.9262360245714003
61.25,-67.54068812404343,0.043176268499905954,0.4529021408820283,0.3760164963878115,-0.25708643993660996,6.807531179728595,-3.946106437213028
61.275,-67.60468811973575,0.042693834953949295,0.45357034692112824,0.3755835858221751,-0.24906691379424611,6.730388253024349,-3.965306435920726
61.3,-67.66650642978499,0.04223116802910077,0.4542425621742101,0.37514871334199723,-0.2415411971078168,6.655191835512174,-3.983851928935496
61.325,-67.72619537105535,0.04178756193591814,0.4549185662041105,0.3747120269546449,-0.2344763909496281,6.581895364041102,-4.001758611316606
61.35,-67.78380650513033,0.04136232554916977,0.45559814456074993,0.3742736700998599,-0.22784191813775798,6.510452706919001,-4.019041951539099
61.375,-67.83939059966536,0.04095478381534851,0.45628108865677064,0.3738337817687408,-0.22160937084440033,6.440818232787134,-4.035717179899609
61.4,-67.89299759535638,0.0405642788808299,0.45696719564301774,0.3733924966215409,-0.21575236487593927,6.372946871452868,-4.051799278606913
61.425,-67.94467657811767,0.040190170970998695,0.45765626828413525,0.3729499451040654,-0.21024640104769393,6.306794167249616,-4.067302973435299
61.45,-67.99447575607091,0.03983183904844092,0.45834811483452076,0.3725062535624825,-0.205068733886653,6.242316325476075,-4.082242726821273
61.475,-68.04244244095956,0.03948868127612434,0.459042548914866,0.37206154435638505,-0.20019824774420628,6.179470252445456,-4.096632732287868
61.5,-68.08862303361902,0.03916011530938468,0.45973938938949194,0.3716159359699622,-0.19561534028178723,6.118213589651259,-4.110486910085704
61.525,-68.13306301314897,0.03884557843851754,0.46043846024466134,0.37116954312116485,-0.19130181320029693,6.058504742532104,-4.123818903944691
61.55,-68.17580692945403,0.03854452760184457,0.4611395904680412,0.370722476868765,-0.18724077001441733,6.000302904291069,-4.136642078836208
61.575,-68.21689839883666,0.038256439287293525,0.46184261392946385,0.3702748447172286,-0.18341652062166458,5.943568075199579,-4.148969519650998
61.6,-68.25638010234712,0.03798080933880723,0.4625473692631201,0.3698267507193383,-0.17981449237986855,5.888261077788857,-4.160814030704136
61.625,-68.29429378661338,0.03771715268227488,0.46325369975130654,0.3693782955765151,-0.17642114738279405,5.834343568306429,-4.172188135984014
61.65,-68.33068026689381,0.03746500298416992,0.4639614532098253,0.36892957673680526,-0.17322390560954823,5.781778044789878,-4.183104080068142
61.675,-68.36557943211372,0.03722391225467135,0.46467048187513016,0.3684806884905066,-0.1702110736170932,5.730527852085226,-4.193573829634116
61.7,-68.39903025166457,0.03699345040574637,0.46538064229329507,0.36803172206342105,-0.1673717784450328,5.680557184114181,-4.2036090754993705
61.725,-68.43107078376218,0.036773204773476724,0.46609179521086896,0.36758276570773096,-0.16469590640642698,5.631831083671635,-4.213221235128654
61.75,-68.46173818517629,0.0365627796128097,0.46680380546767536,0.36713390479050106,-0.1621740464464995,5.584315440013513,-4.222421455552886
61.775,-68.49106872215924,0.03636179557191498,0.4675165418915969,0.36668522187982133,-0.15979743776192806,5.537976984475054,-4.231220616647772
61.8,-68.51909778241621,0.03616988915241359,0.4682298771953833,0.3662367968286065,-0.15755792138604088,5.492783284340168,-4.239629334724863
61.825,-68.54585988797295,0.03598671216091747,0.46894368787550955,0.3657887068560776,-0.155447895459143,5.448702735164727,-4.247657966391885
61.85,-68.57138870880975,0.03581193115657205,0.46965785411310274,0.36534102662695467,-0.1534602739178736,5.405704551739953,-4.2553166126429245
61.875,-68.59571707714223,0.03564522689862041,0.47037225967695373,0.36489382832839173,-0.1515884483525066,5.36375875786602,-4.262615123142667
61.9,-68.61887700224037,0.035486293797405796,0.47108679182861596,0.36444718174469365,-0.14982625279619874,5.322836175091866,-4.2695631006721095
61.925,-68.64089968568783,0.03533483937169006,0.4718013412295958,0.3640011543298517,-0.14816793122508837,5.282908410563023,-4.276169905706348
61.95,-68.66181553699256,0.03519058371468747,0.47251580185062986,0.36355581127794134,-0.1466081075627098,5.243947844107027,-4.2824446610977684
61.975,-68.68165418946867,0.03505325897078924,0.4732300708830388,0.363111215591426,-0.1451417579962604,5.2059276146741835,-4.288396256840602
62.0,-68.70044451631775,0.03492260882457823,0.47394404865214984,0.3626674281474112,-0.1437641854257341,5.168821606240261,-4.294033354895324
62.025,-68.71821464684444,0.034798388003406344,0.4746576385327664,0.36222450776189774,-0.1424709958798144,5.132604433268431,-4.299364394053333
62.05,-68.734991982749,0.03468036179451769,0.4753707468666693,0.3617825112520801,-0.1412580767445852,5.097251425817663,-4.304397594824698
62.075,-68.75080321444452,0.034568305577450616,0.47608328288212715,0.361341493496739,-0.1401215766626089,5.062738614376867,-4.309140964333355
62.1,-68.76567433735316,0.03446200437223466,0.476795158615389,0.36090150749477684,-0.13905788697071353,5.0290427144961285,-4.313602301205948
62.125,-68.77963066814037,0.03436125240371012,0.4775062888341375,0.36046260442194356,-0.1380636245549168,4.99614111127885,-4.317789200442111
62.15,-68.79269686085088,0.034265852682140614,0.4782165909628684,0.3600248336858038,-0.13713561601037125,4.964011843792604,-4.321709058255264
62.175,-68.80489692291489,0.03417561660014912,0.4789259850101707,0.3595882429789922,-0.13627088300295304,4.932633589449833,-4.325369076874467
62.2,-68.8162542309961,0.03409036354589589,0.4796343934978741,0.3591528783308052,-0.13546662873729604,4.901985648404489,-4.328776269298828
62.225,-68.82679154665769,0.034009920532319604,0.4803417413920311,0.35871878415717784,-0.13472022544362605,4.872047928005227,-4.331937463997306
62.25,-68.83653103182482,0.033934121842182474,0.48104795603570205,0.35828600330909105,-0.13402920280272868,4.842800927341428,-4.334859309547445
62.275,-68.84549426402566,0.03386280868859752,0.48175296708350646,0.35785457711945773,-0.13339123723488078,4.814225721913851,-4.337548279207698
62.3,-68.85370225139508,0.033795828890661794,0.4824567064379076,0.35742454544853136,-0.13280414198451557,4.786303948458204,-4.340010675418523
62.325,-68.86117544742837,0.03373303656377935,0.4831591081871944,0.35699594672788315,-0.1322658579379115,4.759017789945849,-4.342252634228509
62.35,-68.86793376547355,0.03367429182422638,0.4838601085451243,0.35656881800299123,-0.13177444511626057,4.732349960783306,-4.3442801296420654
62.375,-68.87399659295357,0.033619460507487375,0.4845596457921941,0.35614319497448377,-0.13132807479113914,4.706283692228705,-4.346098977886072
62.4,-68.8793828053109,0.03356841389987622,0.48525766021849875,0.35571911203808027,-0.13092502217370242,4.680802718041229,-4.347714841593269
62.425,-68.88411077966902,0.03352102848294492,0.4859540940681454,0.3552966023232696,-0.13056365963286032,4.655891260376747,-4.349133233900704
62.45,-68.88819840820652,0.0334771856901793,0.4866488914851858,0.3548756977307662,-0.13024245040132812,4.631534015940957,-4.350359522461956
62.475,-68.89166311124067,0.03343677167548007,0.4873419984610311,0.35445642896878365,-0.12995994273177153,4.607716142409365,-4.351398933372202
62.5,-68.89452185001883,0.0333996770929316,0.4880333627833147,0.3540388255881612,-0.1297147644683284,4.584423245121387,-4.35225655500565
62.525,-68.89679113921656,0.03336579688736634,0.488722933986167,0.3536229160163838,-0.129505618001586,4.561641364054817,-4.352937341764968
62.55,-68.89848705914281,0.03333503009524282,0.48941066330186733,0.3532087275905285,-0.1293312755776835,4.5393569610847875,-4.353446117742842
62.575,-68.89962526765275,0.03330727965536505,0.49009650361384016,0.3527962865891733,-0.1291905749345587,4.517556907530655,-4.353787580295825
62.6,-68.90022101177003,0.03328245222898444,0.4907804094109586,0.3523856182633027,-0.12908241524053635,4.496228471992721,-4.353966303531008
62.625,-68.9002891390203,0.033260458028838084,0.49146233674312667,0.35197674686624153,-0.1290057533124354,4.475359308479836,-4.35398674170609
62.65,-68.89984410847913,0.033241210656693124,0.49214224317810185,0.3515696956826502,-0.12895960009220855,4.454937444827964,-4.353853232543739
62.675,-68.89890000153711,0.03322462694898087,0.4928200877595291,0.3511644870566117,-0.12894301736278935,4.434951271408952,-4.353570000461134
62.7,-68.89747053238601,0.0332106268301209,0.49349583096615407,0.35076114241884,-0.128955114685366,4.415389530128064,-4.353141159715802
62.725,-68.89556905822974,0.03319913317315062,0.49416943467218216,0.3503596823130402,-0.1289950465417047,4.39624130370821,-4.352570717468922
62.75,-68.8932085892245,0.03319007166729249,0.4948408621087563,0.349960126421446,-0.1290620096664443,4.3774960052581235,-4.35186257676735
62.775,-68.89040179815257,0.03318337069210602,0.4955100778265193,0.34956249358956465,-0.12915524055546038,4.359143368121426,-4.35102053944577
62.8,-68.88716102983436,0.033178961197888136,0.4961770476592347,0.3491668018501535,-0.12927401313749512,4.341173436002983,-4.350048308950307
62.825,-68.88349831028391,0.0331767765920006,0.49684173868843484,0.3487730684464544,-0.1294176365972436,4.323576553368473,-4.348949493085173
62.85,-68.87942535561245,0.03317675263081837,0.4975041192090688,0.3483813098547118,-0.12958545333900515,4.306343356113167,-4.347727606683736
62.875,-68.87495358068554,0.03317882731700744,0.49816415869612407,0.34799154180599495,-0.12977683708085322,4.289464762495063,-4.346386074205662
62.9,-68.87009410753888,0.03318294080185522,0.4988218277721916,0.3476037793073517,-0.1299911910700498,4.272931964327826,-4.344928232261663
62.925,-68.86485777355801,0.033189035292389715,0.499477098175951,0.34721803666231255,-0.13022794641113966,4.256736418428516,-4.343357332067404
62.95,-68.85925513942748,0.03319705496303784,0.5001299427315482,0.34683432749076826,-0.13048656049881793,4.2408698383149455,-4.341676541828242
62.975,-68.85329649685454,0.033206945871585326,0.500780335318841,0.3464526647482422,-0.13076651554825913,4.225324186147501,-4.339888949056362
63.0,-68.84699187607293,0.03321865587921371,0.501428250844489,0.3460730607445752,-0.13106731721615875,4.210091664910071,-4.33799756282188
63.025,-68.84035105313211,0.033232134574400586,0.5020736652138618,0.34569552716204555,-0.13138849330623129,4.195164710824658,-4.336005315939633
63.05,-68.83338355697711,0.03324733320048151,0.5027165553037435,0.34532007507294005,-0.1317295925533893,4.1805359859942754,-4.333915067093133
63.075,-68.82609867632449,0.03326420458668253,0.5033568989358123,0.34494671495659635,-0.13209018348125803,4.166198371268636,-4.331729602897347
63.1,-68.8185054663395,0.03328270308244155,0.5039946748508679,0.3445754567159332,-0.13246985332806122,4.152144959327181,-4.32945163990185
63.125,-68.81061275511959,0.033302784494848234,0.5046298626837927,0.34420630969348437,-0.13286820703630456,4.138369047973957,-4.327083826535877
63.15,-68.80242914998963,0.03332440602903958,0.5052624429392184,0.3438392826869554,-0.13328486630199415,4.124864133638907,-4.3246287449968905
63.175,-68.79396304361363,0.033347526231398,0.5058923969678826,0.3434743839643162,-0.1337194686794503,4.111623905080176,-4.322088913084088
63.2,-68.785222619928,0.03337210493540744,0.5065197069436529,0.34311162127844613,-0.1341716667380664,4.098642237282086,-4.319466785978402
63.225,-68.77621585990146,0.033398103210029666,0.5071443558411994,0.3427510018813464,-0.13464112726761224,4.085913185543419,-4.316764757970437
63.25,-68.76695054712587,0.03342548331047185,0.5077663274143001,0.3423925325379325,-0.13512753052894122,4.073430979750874,-4.313985164137762
63.275,-68.75743427324343,0.03345420863122253,0.5083856061747538,0.3420362195394228,-0.13563056954717193,4.0611900188324395,-4.311130281973029
63.3,-68.74767444321418,0.033484243661240004,0.5090021773718911,0.34168206871633405,-0.13614994944462733,4.049184865385624,-4.308202332964254
63.325,-68.73767828042875,0.033515553941183926,0.5096160269726592,0.34133008545109833,-0.1366853868110085,4.037410240475591,-4.305203484128626
63.35,-68.72745283167069,0.03354810602258635,0.5102271416422673,0.34098027469031356,-0.13723660910845273,4.0258610185982375,-4.302135849501206
63.375,-68.71700497193261,0.03358186742886445,0.5108355087253771,0.34063264095663753,-0.13780335410929268,4.014532222803356,-4.299001491579783
63.4,-68.70634140909043,0.033616806618082286,0.511441116227818,0.34028718836034055,-0.13838536936448245,4.0034190199733475,-4.295802422727128
63.425,-68.69546868843993,0.033652892947374086,0.5120439527988171,0.33994392061052453,-0.13898241170079775,3.9925167162526125,-4.292540606531979
63.45,-68.68439319709958,0.033690096638946204,0.512644007713725,0.3396028410260205,-0.13959424674504495,3.9818207526232596,-4.289217959129874
63.475,-68.67312116828353,0.03372838874757985,0.5132412708572237,0.3392639525459763,-0.1402206484736412,3.9713267006227206,-4.2858363504850585
63.5,-68.66165868544873,0.033767741129559825,0.5138357327070049,0.33892725774014076,-0.14086139878602472,3.961030258198791,-4.2823976056346185
63.525,-68.65001168631976,0.0338081264129599,0.5144273843179009,0.33859275881885853,-0.14151628710047376,3.950927245698129,-4.278903505895927
63.55,-68.63818596679522,0.033849517969218194,0.5150162173064585,0.3382604576427816,-0.1421851099709973,3.9410136019838657,-4.2753557900385655
63.575,-68.62618718473892,0.033891889885939906,0.51560222383594,0.3379303557323076,-0.14286767072405415,3.931285380678506,-4.271756155421677
63.6,-68.61402086365965,0.033935216940867714,0.5161853966017408,0.3376024542767544,-0.14356377911393237,3.9217387465281175,-4.268106259097894
63.625,-68.60169239628266,0.033979474576964326,0.5167657288172108,0.33727675414327724,-0.14427325099571395,3.9123699718839804,-4.264407718884797
63.65,-68.58920704801623,0.03402463887855319,0.5173432141998676,0.33695325588553915,-0.14499590801479864,3.9031754332981214,-4.26066211440487
63.675,-68.57656996031642,0.03407068654846723,0.5179178469579891,0.3366319597521406,-0.14573157731204137,3.8941516082290453,-4.256870988094925
63.7,-68.56378615395312,0.034117594886158134,0.5184896217775767,0.3363128656948166,-0.14648009124361944,3.8852950718541637,-4.253035846185935
63.725,-68.55086053218052,0.03416534176672009,0.5190585338096754,0.3359959733764088,-0.14724128711478754,3.87660249398555,-4.249158159654156
63.75,-68.53779788381463,0.03421390562078626,0.5196245786580429,0.3356812821786187,-0.14801500692675704,3.868070636085739,-4.24523936514439
63.775,-68.52460288622089,0.03426326541525595,0.5201877523671566,0.3353687912095501,-0.14880109713595446,3.859696348380327,-4.241280865866266
63.8,-68.51128010821466,0.03431340063481529,0.5207480514105467,0.3350584993110466,-0.14959940842499236,3.851476567064238,-4.237284032464399
63.825,-68.49783401287704,0.03436429126421349,0.521305472679449,0.3347504050658301,-0.15040979548469588,3.8434083115987154,-4.23325020386311
63.85,-68.48426896028877,0.0344159177712612,0.5218600134717659,0.3344445068044483,-0.15123211680660079,3.835488682096039,-4.229180688086632
63.875,-68.47058921018473,0.03446826109051702,0.522411671481328,0.3341408026120339,-0.15206623448534573,3.8277148567891075,-4.225076763055418
63.9,-68.45679892453128,0.03452130260763152,0.522960444787446,0.33383929033488485,-0.15291201403043853,3.8200840895832195,-4.220939677359385
63.925,-68.44290217002907,0.03457502414431873,0.5235063318447453,0.3335399675868688,-0.1537693241868953,3.8125937076873093,-4.216770651008721
63.95,-68.42890292054341,0.034629407943927305,0.5240493314732755,0.33324283175565755,-0.15463803676429166,3.8052411093220044,-4.212570876163022
63.975,-68.41480505946448,0.03468443665758406,0.5245894428488854,0.33294788000879816,-0.15551802647378096,3.7980237615021624,-4.208341517839345
64.0,-68.40061238199962,0.03474009333088484,0.5251266654938581,0.33265510929962255,-0.15640917077267225,3.7909391978912015,-4.204083714599887
64.025,-68.38632859739958,0.03479636139110826,0.5256609992677955,0.33236451637300435,-0.15731134971617866,3.783985016725122,-4.199798579219874
64.05,-68.37195733112101,0.034853224634929555,0.5261924443587471,0.33207609777096486,-0.15822444581597278,3.777158878803773,-4.195487199336303
64.075,-68.3575021269269,0.034910667216612526,0.5267210012745774,0.3317898498381328,-0.15914834390520685,3.7704585055471793,-4.191150638078071
64.1,-68.3429664489271,0.034968673636658586,0.5272466708345596,0.3315057687270651,-0.16008293100966886,3.763881677114901,-4.18678993467813
64.125,-68.32835368356054,0.03502722873089373,0.5277694541611957,0.3312238504034278,-0.16102809622478265,3.7574262305861406,-4.182406105068161
64.15,-68.31366714152114,0.03508631765997369,0.528289352672252,0.3309440906510468,-0.16198373059814977,3.751090058198833,-4.178000142456341
64.175,-68.29891005962902,0.03514592589929014,0.5288063680730044,0.3306664850768287,-0.16294972701737598,3.744871105645597,-4.173573017888707
64.2,-68.28408560264869,0.035206039229260605,0.5293205023486908,0.3303910291155556,-0.16392598010292436,3.738767370424733,-4.169125680794606
64.225,-68.26919686505582,0.03526664372598543,0.5298317577571576,0.330117718034561,-0.1649123861057466,3.7327769002445352,-4.164659059516745
64.25,-68.25424687275425,0.03532772575225685,0.5303401368217048,0.32984654693828486,-0.16590884280947765,3.726897791478977,-4.160174061826275
64.275,-68.23923858474478,0.03538927194890511,0.5308456423241118,0.3295775107727173,-0.16691524943697178,3.7211281876732474,-4.155671575423434
64.3,-68.22417489474704,0.035451269226467685,0.5313482772978506,0.3293106043297296,-0.1679315065609826,3.715466278097388,-4.151152468424111
64.325,-68.20905863277596,0.0355137047571681,0.531848045021474,0.32904582225129714,-0.16895751601879339,3.7099102963464756,-4.146617589832789
64.35,-68.19389256667442,0.03557656596719133,0.5323449490121724,0.3287831590336199,-0.1699931808306145,3.704458518985846,-4.142067770002326
64.375,-68.17867940360296,0.035639840529244175,0.5328389930195032,0.3285226090311383,-0.17103840512158716,3.6991092642397896,-4.1375038210808865
64.4,-68.1634217914884,0.03570351635538798,0.533330181019276,0.3282641664604536,-0.17209309404721632,3.6938608907223682,-4.1329265374465205
64.425,-68.1481223204322,0.03576758159013379,0.5338185172075991,0.32800782540414997,-0.1731571537220987,3.6887117962089087,-4.128336696129658
64.45,-68.13278352407988,0.03583202460378841,0.5343040059950789,0.32775357981452463,-0.17423049115178935,3.683660416446838,-4.123735057223965
64.475,-68.11740788095295,0.03589683398604128,0.5347866520011642,0.32750142351722783,-0.17531301416766698,3.678705224004598,-4.119122364285886
64.5,-68.10199781574396,0.03596199853978318,0.5352664600486396,0.32725135021481405,-0.17640463136468423,3.673844727157335,-4.114499344723186
64.525,-68.08655570057637,0.0360275072751465,0.5357434351582552,0.3270033534902089,-0.1775052520418597,3.6690774688081578,-4.10986671017291
64.55,-68.07108385622985,0.03609334940375926,0.5362175825434945,0.32675742681009257,-0.17861478614541432,3.6644020254438443,-4.105225156868954
64.575,-68.05558455333218,0.03615951433320369,0.536688907605475,0.3265135635282021,-0.17973314421443018,3.6598170061238005,-4.100575365999654
64.6,-68.04006001351901,0.03622599166167138,0.5371574159279754,0.32627175688855664,-0.1808602373289262,3.6553210515011774,-4.095918004055703
64.625,-68.02451241056198,0.036292771172807846,0.5376231132725907,0.3260320000286052,-0.18199597706026324,3.650912832875135,-4.091253723168594
64.65,-68.00894387146656,0.03635984283073829,0.538086005574006,0.32579428598230165,-0.1831402754237695,3.6465910512732136,-4.086583161439966
64.675,-67.9933564775402,0.036427196775268005,0.5385460989353901,0.3255586076831066,-0.18429304483350506,3.6423544365628016,-4.0819069432620605
64.7,-67.97775226543199,0.036494823317250846,0.5390033996239042,0.3253249579669195,-0.18545419805908422,3.6382017465907155,-4.0772256796295965
64.725,-67.9621332281444,0.03656271293411856,0.5394579140663202,0.32509332957494375,-0.18662364818446223,3.6341317663500794,-4.072539968443318
64.75,-67.94650131601807,0.0366308562655655,0.5399096488447503,0.32486371515648355,-0.18780130856862293,3.630143307173457,-4.067850394805421
64.775,-67.93085843769046,0.03669924410938228,0.540358610692479,0.3246361072716788,-0.1889870928080822,3.626235205951548,-4.063157531307138
64.8,-67.91520646102904,0.03676786741743304,0.5408048064898997,0.3244104983941754,-0.19018091470114895,3.622406324376441,-4.058461938308713
64.825,-67.89954721403981,0.03683671729177092,0.5412482432605512,0.324186880913735,-0.19138268821387255,3.6186555482087437,-4.053764164211944
64.85,-67.88388248575204,0.03690578498088568,0.5416889281672483,0.3239652471387864,-0.19259232744760438,3.6149817865677485,-4.0490647457256115
64.875,-67.86821402707956,0.036975061876080115,0.5421268685083114,0.3237455892989179,-0.19380974660813682,3.6113839712439173,-4.044364208123867
64.9,-67.85254355165975,0.03704453950796848,0.5425620717138818,0.3235278995473144,-0.19503485997633307,3.6078610560329145,-4.039663065497924
64.925,-67.83687273667046,0.037114209543094044,0.5429945453423313,0.32331216996313983,-0.19626758188021823,3.6044120160905573,-4.034961821001137
64.95,-67.8212032236258,0.03718406378066036,0.543424297076756,0.32309839255386497,-0.19750782666846584,3.6010358473078816,-4.03026096708774
64.975,-67.80553661915128,0.037254094149372176,0.5438513347215536,0.32288655925754567,-0.19875550868523023,3.597731565705844,-4.0255609857453845
65.0,-67.78987449573886,0.03732429270438265,0.5442756661990852,0.32267666194504846,-0.20001054224629106,3.594498206848853,-4.020862348721657
65.025,-67.7742183924827,0.03739465162434155,0.544697299546414,0.32246869242222864,-0.20127284161643957,3.5913348252766153,-4.016165517744808
65.05,-67.75856981579594,0.037465163208542304,0.5451162429121231,0.32226264243205965,-0.20254232098809097,3.5882404939536805,-4.011470944738781
65.075,-67.7429302401091,0.037535819874163295,0.5455325045532096,0.3220585036567155,-0.20381889446106405,3.585214303736123,-4.006779072032731
65.1,-67.72730110855083,0.03760661415360001,0.5459460928320486,0.32185626771960907,-0.20510247602348838,3.582255362854779,-4.00209033256525
65.125,-67.7116838336112,0.03767753869188548,0.5463570162134332,0.32165592618738464,-0.2063929795338157,3.579362796414528,-3.997405150083361
65.15,-67.69607979778829,0.037748586244194776,0.5467652832616796,0.32145747057186863,-0.20769031870387866,3.5765357459091227,-3.9927239393364857
65.175,-67.68049035421843,0.0378197496734315,0.5471709026378023,0.3212608923319775,-0.2089944070829819,3.5737733687510045,-3.98804710626553
65.2,-67.6649168272906,0.03789102194789278,0.5475738830967553,0.3210661828755847,-0.21030515804297972,3.5710748378156936,-3.983375048187179
65.225,-67.64936051324541,0.037962396139009785,0.5479742334847343,0.3208733335613485,-0.21162248476430678,3.5684393410002357,-3.9787081539736233
65.25,-67.63382268075917,0.038033865419162,0.5483719627365452,0.32068233570049964,-0.2129463002229485,3.5658660807952636,-3.9740468042277497
65.275,-67.61830457151329,0.03810542305956135,0.5487670798730295,0.3204931805585926,-0.21427651717829693,3.5633542738703046,-3.9693913714539875
65.3,-67.60280740074974,0.038177062428204754,0.5491595939985506,0.3203058593572187,-0.21561304816188376,3.5609031506717908,-3.9647422202249216
65.325,-67.58733235781251,0.0382487769878924,0.5495495142985378,0.32012036327568316,-0.21695580546695853,3.5585119550334703,-3.960099707343754
65.35,-67.57188060667605,0.03832056029430882,0.5499368500370837,0.3199366834526483,-0.21830470113887407,3.556179943798794,-3.955464182002814
65.375,-67.55645328646035,0.03839240599416565,0.5503216105545994,0.31975481098774033,-0.21965964696627494,3.553906386454856,-3.950835985938106
65.4,-67.54105151193384,0.0384643078234029,0.5507038052655191,0.31957473694312494,-0.22102055447304436,3.5516905647775885,-3.946215453580153
65.425,-67.52567637400362,0.03853625960544741,0.5510834436560583,0.31939645234504865,-0.22238733491100243,3.549531772487821,-3.9416029122010867
65.45,-67.51032894019399,0.03860825524952626,0.5514605352820228,0.3192199481853486,-0.22375989925332565,3.547429314917845,-3.9369986820581957
65.475,-67.49501025511334,0.0386802887490329,0.5518350897666624,0.3190452154229322,-0.22513815818866229,3.5453825086881943,-3.9324030765340026
65.5,-67.47972134090973,0.03875235417994471,0.5522071167985786,0.31887224498522504,-0.22652202211593275,3.5433906813942952,-3.92781640227292
65.525,-67.46446319771555,0.03882444569928997,0.5525766261296717,0.3187010277695905,-0.2279114011397879,3.5414531713026562,-3.9232389593146633
65.55,-67.44923680408144,0.03889655754366254,0.5529436275731379,0.31853155464471966,-0.2293062050667088,3.53956932705635,-3.9186710412244308
65.575,-67.43404311739997,0.03896868402778281,0.5533081310015083,0.31836381645199296,-0.23070634340173213,3.537738507389413,-3.9141129352199897
65.6,-67.41888307431906,0.03904081954310254,0.5536701463447301,0.3181978040068154,-0.23211172534576638,3.535960080850029,-3.9095649222957163
65.625,-67.40375759114562,0.03911295855645372,0.5540296835882907,0.31803350809992303,-0.233522259793514,3.5342334255320513,-3.905027277343686
65.65,-67.38866756423981,0.039185095608737966,0.5543867527713813,0.31787091949866514,-0.23493785533194514,3.532557928814704,-3.9005002692719426
65.675,-67.37361387039975,0.03925722531365671,0.5547413639851001,0.31771002894825945,-0.23635842023933595,3.53093298711021,-3.895984161119925
65.7,-67.35859736723728,0.03932934235648005,0.5550935273706953,0.3175508271730227,-0.2377838624848424,3.529358005619075,-3.891479210171184
65.725,-67.34361889354501,0.039401441492852726,0.5554432531178426,0.31739330487757694,-0.23921408972858987,3.527832398092763,-3.8869856680635038
65.75,-67.32867926965469,0.039473517547636866,0.5557905514629624,0.31723745274803156,-0.24064900932228034,3.52635558660359,-3.882503780896405
65.775,-67.31377929778722,0.039545565413789244,0.5561354326875702,0.31708326145314236,-0.24208852831028319,3.5249270013215996,-3.878033789336166
65.8,-67.29891976239465,0.039617580051272513,0.5564779071166622,0.3169307216454475,-0.24353255343120755,3.5235460802981833,-3.8735759287183935
65.825,-67.28410143049412,0.0396895564859994,0.5568179851171364,0.3167798239623811,-0.2449809911199452,3.522212269256244,-3.8691304291482354
65.85,-67.2693250519943,0.039761489808808066,0.557155677096243,0.3166305590273655,-0.24643374751015618,3.5209250213867147,-3.86469751559829
65.875,-67.25459136001412,0.03983337517446835,0.5574909935000704,0.3164829174508815,-0.2478907284372011,3.519683797151245,-3.860277408004235
65.9,-67.23990107119435,0.039905207800717345,0.5578239448120595,0.31633688983151853,-0.24935183944149444,3.5184880640908363,-3.8558703213583057
65.925,-67.22525488600203,0.03997698296732364,0.5581545415515511,0.3161924667570041,-0.2508169857722746,3.517337296640281,-3.85147646580061
65.95,-67.2106534890279,0.04004869601517935,0.5584827942723605,0.3160496388052127,-0.2522860723917806,3.516230975948198,-3.847096046708371
65.975,-67.19609754927724,0.04012034234541843,0.5588087135613824,0.3159083965451568,-0.25375900397980966,3.515168589702513,-3.8427292647831717
66.0,-67.18158772045396,0.040191917418561214,0.5591323100372244,0.31576873053795695,-0.2552356849386635,3.514149631961217,-3.838376316136188
66.025,-67.16712464123844,0.04026341675368375,0.5594535943488654,0.3156306313377948,-0.25671601939845856,3.5131736029882448,-3.834037392371533
66.05,-67.15270893555908,0.040334835927611244,0.5597725771743439,0.315494089492847,-0.2581999112227932,3.5122400090943042,-3.8297126806677224
66.075,-67.13834121285764,0.04040617057413524,0.5600892692194712,0.31535909554620123,-0.2596872640147692,3.5113483624825275,-3.8254023638572914
66.1,-67.12402206834892,0.04047741638325268,0.5604036812165681,0.3152256400367557,-0.26117798112333607,3.510498181098809,-3.821106620504676
66.125,-67.10975208327447,0.04054856910042775,0.5607158239232306,0.3150937135001002,-0.26267196564998,3.509688988486615,-3.816825624982341
66.15,-67.0955318251507,0.04061962452587401,0.5610257081211153,0.3149633064693818,-0.2641691204557126,3.508920313646268,-3.81255954754521
66.175,-67.08136184801157,0.04069057851385768,0.5613333446147506,0.31483440947615343,-0.26566934816838,3.5081916908984345,-3.80830855440347
66.2,-67.06724269264582,0.04076142697202044,0.5616387442303724,0.3147070130512063,-0.26717255119026606,3.5075026597517853,-3.804072807793746
66.225,-67.05317488682921,0.04083216586072109,0.5619419178147784,0.31458110772538733,-0.26867863170597545,3.5068527647746244,-3.799852466048763
66.25,-67.03915894555139,0.04090279119239649,0.562242876234208,0.31445668403040056,-0.27018749169061346,3.506241555470469,-3.7956476836654174
66.275,-67.02519537123803,0.04097329903093963,0.562541630373241,0.3143337324995943,-0.2716990329182188,3.505668586157392,-3.7914586113714077
66.3,-67.01128465396803,0.04104368549109551,0.5628381911337179,0.3142122436687326,-0.2732131569704678,3.505133415850997,-3.7872853961904096
66.325,-66.99742727168599,0.041113946737873976,0.5631325694336823,0.3140922080767531,-0.2747297652456356,3.504635608151024,-3.7831281815057975
66.35,-66.9836236904102,0.04118407898597825,0.5634247762063394,0.3139736162665105,-0.2762487589677903,3.5041747311313483,-3.778987107123059
66.375,-66.96987436443602,0.041254078499249794,0.5637148223990375,0.31385645878550605,-0.2777700391962362,3.5037503572333586,-3.774862309330807
66.4,-66.95617973653499,0.04132394159012794,0.5640027189722662,0.3137407261866041,-0.27929350683517634,3.503362063162622,-3.770753920960497
66.425,-66.94254023814956,0.041393664619124367,0.564288476898673,0.3136264090287344,-0.28081906264359724,3.503009429788672,-3.766662071444868
66.45,-66.92895628958372,0.04146324399431218,0.5645721071621007,0.31351349787758215,-0.28234660724537486,3.5026920420478955,-3.7625868868751167
66.475,-66.91542830018973,0.041532676170828196,0.5648536207566371,0.3134019833062655,-0.2838760411395714,3.502409488849367,-3.758528490056919
66.5,-66.90195666855048,0.041601957650389175,0.5651330286856876,0.3132918558959994,-0.28540726471094224,3.5021613629836383,-3.7544870005651445
66.525,-66.88854178265846,0.04167108498082047,0.56541034196106,0.3131831062367487,-0.2869401782406231,3.501947261034287,-3.750462534797539
66.55,-66.8751840200906,0.04174005475559752,0.5656855716020682,0.3130757249278684,-0.2884746819170048,3.501766783292233,-3.74645520602718
66.575,-66.86188374817962,0.041808863613399444,0.5659587286346512,0.3129697025787319,-0.2900106758467846,3.501619533672678,-3.7424651244538865
66.6,-66.84864132418173,0.04187750823767393,0.5662298240905069,0.3128650298093487,-0.2915480600661753,3.501505119634655,-3.738492397254518
66.625,-66.83545709544074,0.04194598535621423,0.5664988690062424,0.3127616972509697,-0.29308673455229173,3.501423152103069,-3.734537128632223
66.65,-66.822331399549,0.042014291740746335,0.5667658744225376,0.3126596955466825,-0.294626599234675,3.5013732453931596,-3.7305994198646997
66.675,-66.80926456450464,0.042082424206527164,0.5670308513833248,0.3125590153519947,-0.2961675540069708,3.5013550171373393,-3.726679369351393
66.7,-66.79625690886587,0.04215037961195324,0.5672938109349819,0.3124596473354074,-0.29770949873875346,3.501368088214327,-3.722777072659761
66.725,-66.78330874190188,0.04221815485817854,0.5675547641255386,0.312361582178978,-0.29925233328746575,3.501412082680528,-3.7188926225705625
66.75,-66.77042036374074,0.042285746888743196,0.5678137220038979,0.3122648105788726,-0.3007959575105131,3.5014866277035432,-3.715026109122222
66.775,-66.75759206551425,0.04235315268921006,0.5680706956190684,0.3121693232459084,-0.3023402712774459,3.501591353497832,-3.7111776196542734
66.8,-66.74482412949978,0.04242036928681142,0.568325696019412,0.3120751109060864,-0.30388517448228103,3.501725893262394,-3.7073472388499322
66.825,-66.73211682925921,0.042487393750103984,0.5685787342519025,0.311982164301114,-0.30543056705592037,3.5018898831204566,-3.703535048777763
66.85,-66.7194704297752,0.042554223188632126,0.568829821361397,0.3118904741889187,-0.3069763489786676,3.502082962061084,-3.6997411289325597
66.875,-66.70688518758445,0.042620854752599656,0.5690789683899199,0.3118000313441518,-0.30852242029284677,3.5023047718826654,-3.695965556275334
66.9,-66.69436135090844,0.04268728563254933,0.5693261863759576,0.3117108265586835,-0.3100686811155076,3.502554957138264,-3.692208405272531
66.925,-66.6818991597815,0.04275351305904965,0.5695714863537654,0.3116228506420888,-0.3116150316512048,3.5028331650827105,-3.688469747934448
66.95,-66.66949884617627,0.042819534302389765,0.5698148793526865,0.31153609442212404,-0.31316137220487117,3.50313904562141,-3.68474965385288
66.975,-66.65716063412668,0.042885346672280715,0.5700563763964791,0.31145054874519623,-0.31470760319474195,3.5034722512609067,-3.6810481902380046
67.0,-66.64488473984845,0.0429509475175643,0.5702959885026584,0.31136620447682173,-0.31625362516536215,3.503832437060976,-3.677365421954535
67.025,-66.63267137185726,0.04301633422592794,0.5705337266818453,0.3112830525020787,-0.31779933880063693,3.504219260588382,-3.6737014115571767
67.05,-66.62052073108447,0.04308150422362631,0.5707696019371279,0.31120108372605004,-0.31934464493694237,3.5046323818721543,-3.6700562193253403
67.075,-66.60843301099067,0.043146454975209525,0.5710036252634323,0.3111202890742584,-0.3208894445762906,3.505071463360356,-3.6664299032971996
67.1,-66.59640839767688,0.04321118398325645,0.5712358076469023,0.31104065949309395,-0.3224336388995181,3.505536169878338,-3.6628225193030644
67.125,-66.58444706999367,0.04327568878811493,0.5714661600642907,0.3109621859502332,-0.32397712927953387,3.50602616858838,-3.6592341209981014
67.15,-66.57254919964807,0.043339966967646616,0.5716946934823585,0.3108848594350519,-0.32551981729457613,3.50654112895076,-3.655664759894419
67.175,-66.56071495130847,0.043404016136977905,0.5719214188572836,0.3108086709590283,-0.32706160474151014,3.507080722686093,-3.6521144853925405
67.2,-66.54894448270736,0.04346783394825587,0.5721463471340793,0.31073361155614093,-0.32860239364913923,3.507644623739078,-3.6485833448122063
67.225,-66.53723794474232,0.04353141809040913,0.5723694892460206,0.31065967228325775,-0.3301420862915306,3.5082325082433785,-3.645071383422694
67.25,-66.52559548157471,0.043594766288913726,0.5725908561140804,0.31058684422051913,-0.3316805852013501,3.50884405448791,-3.641578644472413
67.275,-66.51401723072684,0.04365787630556377,0.5728104586463729,0.3105151184717132,-0.3332177931832045,3.509478942884168,-3.6381051692180506
67.3,-66.50250332317701,0.04372074593824645,0.5730283077376058,0.31044448616464476,-0.3347536133269799,3.5101368559348223,-3.6346509969531025
67.325,-66.49105388345289,0.04378337302072163,0.5732444142685419,0.31037493845149655,-0.33628794902117654,3.5108174782033967,-3.6312161650358674
67.35,-66.47966902972304,0.04384575542240518,0.5734587891054662,0.3103064665091854,-0.33782070396622255,3.5115204962851188,-3.627800708916912
67.375,-66.46834887388675,0.043907891048157247,0.5736714430996637,0.3102390615397102,-0.3393517821877927,3.51224559877876,-3.6244046621660257
67.4,-66.4570935216622,0.043969777838073466,0.5738823870869016,0.3101727147704943,-0.3408810880500819,3.5129924762595874,-3.6210280564986603
67.425,-66.44590307267292,0.04403141376728058,0.5740916318869226,0.3101074174547215,-0.34240852626906876,3.5137608212533027,-3.6176709218018757
67.45,-66.43477762053267,0.04409279684573544,0.5742991883029431,0.3100431608716655,-0.34393400192574325,3.5145503282109796,-3.614333286159801
67.475,-66.4237172529288,0.04415392511802758,0.5745050671211588,0.3099799363270138,-0.34545742047929917,3.5153606934849577,-3.6110151758786384
67.5,-66.41272205170387,0.044214796663185035,0.574709279110259,0.30991773515318455,-0.3469786877802857,3.516191615305686,-3.6077166155111597
67.525,-66.40179209293606,0.04427540959448351,0.5749118350209463,0.30985654870963864,-0.34849771008371583,3.5170427937594577,-3.6044376278808183
67.55,-66.39092744701796,0.04433576205925849,0.5751127455854632,0.30979636838318503,-0.35001439406212276,3.517913930767016,-3.601178234105387
67.575,-66.38012817873373,0.044395852238720585,0.5753120215171271,0.30973718558828084,-0.3515286468185681,3.5188047300631053,-3.597938453620118
67.6,-66.36939434733526,0.04445567834777326,0.5755096735098696,0.30967899176732544,-0.3530403758995803,3.5197148971767356,-3.5947183042005775
67.625,-66.35872600661668,0.044515238634834,0.5757057122377836,0.30962177839094923,-0.3545494893080478,3.520644139412344,-3.591517801985003
67.65,-66.34812320498759,0.04457453138165734,0.5759001483546765,0.3095655369582969,-0.35605589551602546,3.521592165831738,-3.588336961496276
67.675,-66.337585985545,0.044633554903160864,0.5760929924936299,0.30951025899730505,-0.3575595034774832,3.5225586872367805,-3.5851757956635013
67.7,-66.32711438614407,0.04469230754725361,0.5762842552665646,0.3094559360649746,-0.3590602226409757,3.52354341615283,-3.5820343158432224
67.725,-66.31670843946742,0.0447507876946664,0.5764739472638124,0.30940255974763814,-0.36055796296222636,3.524546066812936,-3.5789125318402255
67.75,-66.3063681730934,0.04480899375878492,0.5766620790536942,0.3093501216612217,-0.36205263491663897,3.525566355142697,-3.575810451928021
67.775,-66.2960936095631,0.04486692418548426,0.5768486611821015,0.3092986134515022,-0.3635441495117059,3.526603998745856,-3.57272808286893
67.8,-66.28588476644616,0.044924577452965866,0.5770337041720878,0.3092480267943587,-0.36503241829933575,3.52765871689051,-3.5696654299338477
67.825,-66.27574165640557,0.04498195207159652,0.5772172185234611,0.30919835339601986,-0.3665173533880868,3.5287302304959964,-3.566622496921671
67.85,-66.26566428726122,0.045039046583748486,0.5773992147123852,0.30914958499330586,-0.3679988674552855,3.52981826212042,-3.563599286178365
67.875,-66.25565266205246,0.04509585956364214,0.5775797031909855,0.30910171335386566,-0.3694768737590598,3.5309225359487586,-3.5605957986157364
67.9,-66.24570677909958,0.04515238961718957,0.5777586943869586,0.30905473027640984,-0.37095128615024886,3.532042777781603,-3.5576120337298733
67.925,-66.23582663206432,0.045208635381840015,0.5779361987031898,0.3090086275909381,-0.3724220190842091,3.5331787150244156,-3.5546479896192946
67.95,-66.22601221000916,0.04526459552642699,0.5781122265173745,0.308963397158963,-0.37388898763251066,3.53433007667745,-3.5517036630027476
67.975,-66.21626349745605,0.045320268751016246,0.5782867881816434,0.3089190308737283,-0.3753521074945022,3.5354965933260614,-3.548779049236816
68.0,-66.20658047444365,0.04537565378675541,0.5784598940221958,0.3088755206604235,-0.37681129500876337,3.5366779971317204,-3.5458741423330964
68.025,-66.19696311658409,0.04543074939572464,0.5786315543389345,0.30883285847639397,-0.3782664671644257,3.5378740218234124,-3.542988934975226
68.05,-66.1874113951186,0.045485554370788585,0.5788017794051086,0.3087910363113459,-0.37971754161237115,3.5390844026895514,-3.5401234185355803
68.075,-66.17792527697227,0.045540067535449376,0.5789705794669588,0.308750046187548,-0.3811644366762947,3.540308876570442,-3.537277583091682
68.1,-66.16850472480799,0.04559428774370029,0.5791379647433684,0.30870988016002837,-0.38260707136362443,3.5415471818511497,-3.5344514174423964
68.125,-66.15914969707951,0.0456482138798808,0.5793039454255198,0.3086705303167674,-0.38404536537631573,3.5427990584548232,-3.531644909123854
68.15,-66.1498601480837,0.04570184485853213,0.5794685316765532,0.3086319887788862,-0.3854792391214927,3.5440642478364914,-3.5288580444251108
68.175,-66.140636028012,0.04575517962425373,0.5796317336312331,0.30859424770083155,-0.38690861372194874,3.5453424929772543,-3.5260908084035987
68.2,-66.13147728300106,0.04580821715156054,0.5797935613956168,0.30855729927055625,-0.388333411026502,3.546633538378895,-3.5233431849003183
68.225,-66.12238385518266,0.04586095644474069,0.579954025046728,0.30852113570969614,-0.38975355362019176,3.5479371300589206,-3.5206151565547983
68.25,-66.11335568273286,0.045913396537713924,0.5801131346322359,0.3084857492737423,-0.3911689648343264,3.549253015545921,-3.5179067048198576
68.275,-66.10439269992042,0.04596553649389047,0.5802709001701363,0.3084511322522102,-0.39257956875637096,3.550580943875367,-3.5152178099761273
68.3,-66.09549483715453,0.046017375406030465,0.5804273316484395,0.3084172769688049,-0.39398529023967743,3.551920665585747,-3.5125484511463596
68.325,-66.08666202103186,0.04606891239610387,0.5805824390248611,0.30838417578158184,-0.3953860549130558,3.5532719327150284,-3.5098986063095565
68.35,-66.07789417438288,0.046120146615150306,0.5807362322265168,0.3083518210831046,-0.39678178919016727,3.55463449879749,-3.5072682523148626
68.375,-66.0691912163176,0.046171077243139874,0.5808887211496223,0.30832020530059884,-0.3981724202787686,3.556008118860877,-3.5046573648952815
68.4,-66.06055306227066,0.04622170348883344,0.5810399156591964,0.30828932089610234,-0.39955787618976585,3.5573925494238496,-3.502065918681197
68.425,-66.05197962404571,0.046272024589643634,0.5811898255887684,0.30825916036661155,-0.4009380857461086,3.558787548493746,-3.499493887213714
68.45,-66.04347080985937,0.046322039811496046,0.58133846074009,0.3082297162442247,-0.40231297859151244,3.560192875564636,-3.4969412429578113
68.475,-66.03502652438438,0.04637174844868996,0.5814858308828502,0.3082009810962813,-0.40368248519898653,3.561608291615676,-3.494407957315313
68.5,-66.02664666879235,0.04642114982375965,0.5816319457543954,0.3081729475254982,-0.40504653687919906,3.563033559109693,-3.4918940006377057
68.525,-66.0183311407959,0.04647024328733551,0.5817768150594521,0.30814560817010184,-0.4064050657886537,3.564468441992068,-3.489399342238768
68.55,-66.0100798346902,0.046519028218004896,0.5819204484698539,0.30811895570395814,-0.40775800493767744,3.565912705689863,-3.4869239504070606
68.575,-66.00189264139412,0.046567504022173356,0.5820628556242736,0.3080929828366976,-0.4091052881982364,3.5673661171111624,-3.4844677924182363
68.6,-65.99376944849068,0.04661567013392502,0.5822040461279562,0.3080676823138382,-0.41044685031154204,3.56882844464469,-3.482030834547204
68.625,-65.9857101402672,0.046663526014883674,0.5823440295524591,0.30804304691690426,-0.4117826268954952,3.570299458159596,-3.4796130420801603
68.65,-65.97771459775481,0.04671107115407281,0.5824828154353929,0.3080190694635429,-0.41311255445191314,3.571778929005517,-3.477214379326443
68.675,-65.96978269876763,0.04675830506777563,0.5826204132801683,0.3079957428076362,-0.4144365703735724,3.573266630012766,-3.474834809630289
68.7,-65.96191431794125,0.046805227299395256,0.5827568325557454,0.3079730598394109,-0.415754612951068,3.57476233549281,-3.472474295382375
68.725,-65.95410932677117,0.04685183741931362,0.5828920826963865,0.3079510134855449,-0.41706662137945194,3.5762658212388154,-3.470132798031352
68.75,-65.94636759365034,0.046898135024751056,0.5830261731014134,0.3079295967092702,-0.4183725357647006,3.5777768645265096,-3.467810278095101
68.775,-65.93868898390664,0.04694411973962447,0.5831591131349675,0.3079088025104734,-0.41967229712995735,3.579295244115075,-3.465506695171993
68.8,-65.93107335983989,0.04698979121440588,0.583290912125774,0.30788862392579236,-0.42096584742159504,3.5808207402482775,-3.4632220079519653
68.825,-65.92352058075812,0.04703514912597979,0.5834215793669093,0.3078690540287104,-0.42225312951505894,3.582353134655788,-3.4609561742274364
68.85,-65.91603050301411,0.04708019317750049,0.5835511241155716,0.3078500859296473,-0.423534087220517,3.58389221055451,-3.458709150904234
68.875,-65.90860298004091,0.04712492309824876,0.5836795555928562,0.3078317127760472,-0.42480866528830447,3.5854377526501824,-3.456480894012273
68.9,-65.90123786238736,0.04716933864348763,0.5838068829835327,0.30781392775246386,-0.4260768094141536,3.5869895471390536,-3.454271358716208
68.925,-65.89393499775322,0.047213439594318035,0.5839331154358263,0.30779672408064257,-0.4273384662442293,3.5885473817096543,-3.452080499325966
68.95,-65.88669423102385,0.04725722575753351,0.5840582620612038,0.3077800950195995,-0.42859358337994863,3.590111045544727,-3.4499082693071554
68.975,-65.87951540430467,0.04730069696547409,0.5841823319341605,0.307764033865698,-0.4298421093825881,3.591680329323231,-3.4477546212914008
69.0,-65.87239835695524,0.04734385307588006,0.5843053340920125,0.30774853395272217,-0.43108399377769585,3.5932550252224655,-3.445619507086573
69.025,-65.8653429256231,0.04738669397174426,0.5844272775346916,0.3077335886519474,-0.4323191870592749,3.5948349269202646,-3.4435028776869285
69.05,-65.85834894427717,0.04742921956116422,0.5845481712245437,0.3077191913722082,-0.43354764069376894,3.5964198295972936,-3.44140468328315
69.075,-65.85141624424105,0.04747142977719339,0.5846680240861305,0.3077053355599637,-0.43476930712383577,3.5980095299394272,-3.439324873272315
69.1,-65.84454465422591,0.047513324577691134,0.5847868450060344,0.30769201469935936,-0.43598413977189426,3.5996038261401657,-3.437263396267774
69.125,-65.83773400036316,0.04755490394517277,0.5849046428326671,0.30767922231228684,-0.4371920930434827,3.6012025179031513,-3.4352202001089465
69.15,-65.83098410623678,0.04759616788665789,0.5850214263760812,0.307666951958441,-0.43839312233038136,3.6028054064447366,-3.433195231871035
69.175,-65.82429479291558,0.04763711643351835,0.5851372044077848,0.307655197235374,-0.43958718401353386,3.6044122944965857,-3.431188437874674
69.2,-65.81766587898497,0.04767774964132533,0.5852519856605607,0.30764395177854653,-0.44077423546575595,3.6060229863083424,-3.42919976369549
69.225,-65.81109718057873,0.04771806758969531,0.5853657788282864,0.30763320926137705,-0.44195423505422365,3.6076372876503084,-3.427229154173618
69.25,-65.80458851141036,0.047758070382135386,0.5854785925657604,0.30762296339528794,-0.44312714214275634,3.609255005816209,-3.425276553423107
69.275,-65.79813968280433,0.04779775814588726,0.5855904354885293,0.30761320792974883,-0.4442929170938728,3.6108759496259144,-3.4233419048413
69.3,-65.79175050372713,0.04783713103177092,0.5857013161727191,0.3076039366523179,-0.4454515212706527,3.6124999294282296,-3.4214251511181386
69.325,-65.7854207808179,0.04787618921402667,0.5858112431548702,0.3075951433886803,-0.4466029170383656,3.6141267571037274,-3.41952623424537
69.35,-65.77915031841924,0.047914932890156796,0.5859202249317743,0.30758682200268406,-0.4477470677659016,3.61575624606749,-3.417645095525772
69.375,-65.77293891860745,0.047953362280765834,0.5860282699603161,0.30757896639637305,-0.44888393782697966,3.6173882112719613,-3.415781675582235
69.4,-65.76678638122281,0.047991477629399974,0.5861353866573169,0.30757157051001854,-0.4500134926011454,3.619022469209764,-3.4139359143668444
69.425,-65.76069250389963,0.04802927920238564,0.5862415833993817,0.3075646283221469,-0.45113569847456136,3.6206588379164746,-3.41210775116989
69.45,-65.7546570820961,0.04806676728866675,0.5863468685227503,0.30755813384956576,-0.4522505228405785,3.6222971369734314,-3.4102971246288303
69.475,-65.748679909124,0.04810394219964112,0.5864512503231506,0.3075520811473872,-0.4533579341000998,3.623937187510515,-3.4085039727371975
69.5,-65.7427607761782,0.04814080426899602,0.5865547370556553,0.307546464309049,-0.4544579016617389,3.62557881220891,-3.4067282328534603
69.525,-65.73689947236618,0.04817735385254234,0.5866573369345423,0.30754127746633275,-0.455550395941759,3.627221835303814,-3.4049698417098524
69.55,-65.7310957847371,0.04821359132804782,0.5867590581331571,0.3075365147893802,-0.4566353883638053,3.6288660825871624,-3.4032287354211275
69.575,-65.72534949831102,0.048249517095069555,0.5868599087837801,0.30753217048670695,-0.45771285135843964,3.630511381410284,-3.4015048494933056
69.6,-65.71966039610784,0.04828513157478494,0.5869598969774954,0.3075282388052134,-0.458782758362451,3.632157560686517,-3.399798118832352
69.625,-65.7140282591761,0.04832043520982193,0.5870590307640635,0.30752471403019405,-0.4598450838179733,3.633804450893806,-3.3981084777528308
69.65,-65.7084528666217,0.04835542846408816,0.5871573181517968,0.3075215904853437,-0.460899803171392,3.6354518840772236,-3.3964358599865094
69.675,-65.70293399563651,0.048390111822598836,0.5872547671074391,0.30751886253276217,-0.4619468928720458,3.6370996938514493,-3.394780198690954
69.7,-65.69747142152679,0.04842448579130382,0.5873513855560469,0.30751652457295553,-0.4629863303707293,3.6387477154032064,-3.3931414264580355
69.725,-65.69206491774153,0.04845855089691356,0.5874471813808753,0.30751457104483615,-0.4640180941179927,3.640395785493608,-3.39151947532246
69.75,-65.68671425590077,0.048492307686723836,0.5875421624232652,0.30751299642571983,-0.4650421635622368,3.642043742460464,-3.38991427677023
69.775,-65.68141920582364,0.048525756728439576,0.5876363364825357,0.3075117952313207,-0.4660585191476139,3.6436914262205002,-3.388325761747093
69.8,-65.67617953555649,0.04855889860999763,0.5877297113158774,0.30751096201574396,-0.46706714231172985,3.6453386782715143,-3.3867538606669454
69.825,-65.67099501140073,0.048591733939388364,0.5878222946382516,0.3075104913714763,-0.46806801548314736,3.646985341694457,-3.38519850342022
69.85,-65.66586539794078,0.04862426334447648,0.5879140941222891,0.30751037792937425,-0.4690611220787025,3.6486312611554332,-3.383659619382233
69.875,-65.66079045807172,0.04865648747282042,0.5880051173981957,0.30751061635864996,-0.47004644650061683,3.650276282907612,-3.382137137421515
69.9,-65.65576995302703,0.04868840699149082,0.5880953720536576,0.3075112013668549,-0.4710239741334216,3.651920254793048,-3.3806309859081094
69.925,-65.65080364240619,0.04872002258688826,0.5881848656337522,0.3075121276998617,-0.47199369134070196,3.6535630262444307,-3.379141092721856
69.95,-65.64589128420208,0.04875133496455964,0.5882736056408611,0.3075133901418431,-0.4729555854616412,3.6552044482867228,-3.3776673852606236
69.975,-65.64103263482856,0.04878234484901356,0.588361599534586,0.3075149835152493,-0.4739096448073832,3.656844373538688,-3.3762097904485686
70.0,-65.63622744914768,0.04881305298353486,0.588448854731668,0.307516902680783,-0.4748558586572126,3.658482656214374,-3.3747682347443044
70.025,-65.63147548049704,0.048843460129998045,0.5885353786059099,0.3075191425373723,-0.47579421725455084,3.6601191521244347,-3.3733426441491132
70.05,-65.62677648071701,0.04887356706867969,0.5886211784881015,0.30752169802214085,-0.4767247118027713,3.661753718677348,-3.3719329442151036
70.075,-65.62213020017779,0.04890337459806996,0.5887062616659482,0.3075245641103771,-0.4776473344608391,3.66338621488059,-3.370539060053338
70.1,-65.6175363878066,0.04893288353468299,0.5887906353840023,0.30752773581550036,-0.4785620783387684,3.6650165013416127,-3.3691609163419782
70.125,-65.61299479111459,0.04896209471286662,0.588874306843598,0.30753120818902513,-0.47946893749291786,3.666644440268771,-3.367798437334376
70.15,-65.60850515622388,0.04899100898461074,0.5889572832027882,0.30753497632052335,-0.48036790692109865,3.6682698954720903,-3.366451546867165
70.175,-65.60406722789442,0.04901962721935509,0.589039571576286,0.30753903533758453,-0.4812589825575254,3.66989273236395,-3.365120168368325
70.2,-65.59968074955077,0.04904795030379603,0.5891211790354081,0.3075433804057741,-0.48214216126759774,3.671512817959639,-3.363804224865231
70.225,-65.59534546330902,0.049075979141692136,0.5892021126080216,0.30754800672858884,-0.4830174408425075,3.6731300208777333,-3.3625036389927048
70.25,-65.59106111000334,0.049103714653669334,0.5892823792784939,0.3075529095474113,-0.48388481999369654,3.6747442113404523,-3.361218333001001
70.275,-65.58682742921279,0.04913115777702487,0.5893619859876452,0.3075580841414616,-0.48474429834714594,3.676355261173783,-3.3599482287638365
70.3,-65.58264415928788,0.04915830946553045,0.589440939632705,0.30756352582774726,-0.48559587643750934,3.677963043807543,-3.358693247786364
70.325,-65.57851103737714,0.04918517068923479,0.5895192470672709,0.30756922996101116,-0.48643955570209624,3.679567434275273,-3.357453311213142
70.35,-65.57442779945364,0.049211742434264835,0.5895969151012699,0.3075751919336773,-0.48727533847469173,3.681168309214013,-3.3562283398360933
70.375,-65.57039418034148,0.049238025702626746,0.5896739505009243,0.30758140717579485,-0.48810322797923783,3.68276554686394,-3.355018254102444
70.4,-65.56640991374215,0.0492640215120056,0.5897503599887192,0.30758787115498004,-0.4889232283233574,3.6843590270678828,-3.3538229741226444
70.425,-65.56247473226095,0.04928973089556468,0.5898261502433735,0.307594579376356,-0.489735344491741,3.6859486312706538,-3.3526424196782854
70.45,-65.55858836743329,0.04931515490174397,0.5899013278998142,0.30760152738249075,-0.4905395823393921,3.687534242518296,-3.351476510229986
70.475,-65.554750549751,0.04934029459405759,0.5899758995491529,0.3076087107533334,-0.49133594858472124,3.6891157454571233,-3.3503251649253016
70.5,-65.5509610086885,0.04936515105089101,0.5900498717386663,0.3076161251061483,-0.4921244508025196,3.6906930263327116,-3.3491883026065508
70.525,-65.54721947272901,0.04938972536529719,0.5901232509717792,0.30762376609544684,-0.4929050974167861,3.6922659729886314,-3.3480658418187033
70.55,-65.54352566939065,0.04941401864479211,0.5901960437080501,0.30763162941291833,-0.4936778976934257,3.6938344748651373,-3.346957700817194
70.575,-65.53987932525256,0.04943803201115002,0.5902682563631605,0.30763971078735797,-0.49444286173282936,3.6953984229976338,-3.345863797575767
70.6,-65.53628016598094,0.049461766600197625,0.5903398953089065,0.3076480059845935,-0.4952000004623172,3.6969577100150306,-3.344784049794282
70.625,-65.532727916355,0.04948522356160778,0.5904109668731942,0.3076565108074101,-0.49594932562845917,3.6985122301379607,-3.3437183749065
70.65,-65.52922230029291,0.049508404058692924,0.590481477340037,0.30766522109547273,-0.4966908497892884,3.7000618791768125,-3.3426666900878743
70.675,-65.52576304087773,0.04953130926819744,0.5905514329495565,0.3076741327252474,-0.49742458630638053,3.70160655452962,-3.34162891226332
70.7,-65.52234986038319,0.04955394038009008,0.5906208398979866,0.3076832416099202,-0.4981505493368374,3.703146155179837,-3.3406049581149557
70.725,-65.51898248029953,0.04957629859735521,0.59068970433768,0.3076925436993148,-0.498868753825139,3.7046805816939097,-3.339594744089858
70.75,-65.51566062135923,0.049598385135784365,0.5907580323771173,0.30770203497980747,-0.49957921549491163,3.7062097362187223,-3.338598186407769
70.775,-65.51238400356269,0.04962020122376668,0.5908258300809204,0.30771171147424126,-0.500281950840571,3.7077335224788994,-3.337615201068806
70.8,-65.50915234620385,0.04964174810207935,0.590893103469867,0.30772156924183763,-0.5009769771188757,3.7092518457739265,-3.336645703861154
70.825,-65.50596536789583,0.04966302702367742,0.5909598585209096,0.30773160437810676,-0.5016643123403758,3.710764612975134,-3.3356896103687474
70.85,-65.50282278659641,0.049684039253483324,0.5910261011671963,0.3077418130147559,-0.5023439752607669,3.712271732522527,-3.334746835978923
70.875,-65.49972431963353,0.04970478606817623,0.5910918372980951,0.3077521913195959,-0.503015985372158,3.7137731144214574,-3.3338172958900585
70.9,-65.49666968373067,0.049725268755980705,0.5911570727592209,0.3077627354964464,-0.5036803628942365,3.7152686702391433,-3.332900905119202
70.925,-65.4936585950323,0.04974548861645555,0.5912218133524646,0.3077734417850387,-0.5043371287653612,3.716758313101013,-3.33199757850969
70.95,-65.49069076912909,0.04976544696028198,0.5912860648360269,0.3077843064609174,-0.5049863046335619,3.718241957686929,-3.331107230738726
70.975,-65.48776592108318,0.04978514510905179,0.591349832924453,0.3077953258353405,-0.5056279128474609,3.719719520227245,-3.330229776324954
71.0,-65.48488376545339,0.04980458439505538,0.5914131232886711,0.30780649625517703,-0.5062619764471212,3.7211909184986864,-3.3293651296360167
71.025,-65.48204401632029,0.049823766161069455,0.5914759415560338,0.3078178141028038,-0.5068885191548169,3.7226560718201065,-3.328513204896086
71.05,-65.47924638731129,0.04984269176014464,0.5915382933103613,0.30782927579600017,-0.5075075653657316,3.7241149010480625,-3.3276739161933873
71.075,-65.4764905916256,0.04986136255539311,0.5916001840919892,0.30784087778784125,-0.5081191401385935,3.725567328572264,-3.3268471774876813
71.1,-65.47377634205918,0.04987977991977592,0.5916616193978171,0.30785261656658963,-0.50872326918624,3.7270132783108476,-3.3260329026177544
71.125,-65.47110335102953,0.049897945235890494,0.5917226046813615,0.30786448865558497,-0.5093199788661253,3.7284526757055034,-3.325231005308858
71.15,-65.46847133060052,0.049915859895757995,0.59178314535281,0.30787649061313266,-0.5099092961707661,3.7298854477164474,-3.3244413991801562
71.175,-65.46587999250708,0.04993352530061073,0.5918432467790801,0.30788861903239045,-0.5104912487181338,3.731311522817252,-3.3236639977521247
71.2,-65.46332904817982,0.04995094286067965,0.5919029142838792,0.30790087054125387,-0.5110658647419941,3.7327308309895177,-3.3228987144539444
71.225,-65.46081820876954,0.04996811399498167,0.5919621531477677,0.3079132418022396,-0.5116331730821907,3.7341433037173895,-3.322145462630861
71.25,-65.45834718517177,0.04998504013110763,0.592020968608225,0.307925729512368,-0.5121932031748976,3.735548873981936,-3.3214041555515323
71.275,-65.45591568805114,0.05000172270500994,0.592079365859718,0.3079383304030434,-0.5127459850428147,3.7369474762553625,-3.3206747064153403
71.3,-65.45352342786563,0.050018163160790316,0.5921373500537728,0.30795104123993333,-0.5132915492853221,3.7383390464950885,-3.3199570283596898
71.325,-65.45117011489086,0.05003436295048827,0.5921949262990479,0.30796385882284616,-0.5138299270686112,3.7397235221376897,-3.319251034467257
71.35,-65.4488554592442,0.05005032353386916,0.5922520996614115,0.3079767799856072,-0.514361150115764,3.741100842092639,-3.3185566377732596
71.375,-65.44657917090879,0.05006604637821314,0.5923088751640199,0.3079898015959336,-0.5148852506968183,3.7424709467360033,-3.317873751272637
71.4,-65.44434095975751,0.05008153295810383,0.5923652577874,0.3080029205553073,-0.5154022616187888,3.743833777903883,-3.317202287927253
71.425,-65.44214053557683,0.05009678475521772,0.5924212524695329,0.3080161337988471,-0.5159122162156735,3.745189278885792,-3.3165421606730474
71.45,-65.43997760809057,0.05011180325811379,0.5924768641059418,0.3080294382951789,-0.5164151483384359,3.746537394417844,-3.3158932824271714
71.475,-65.43785188698358,0.05012658996202349,0.5925320975497804,0.3080428310463048,-0.5169110923449652,3.7478780706758417,-3.315255566095074
71.5,-65.43576308192527,0.050141146368641094,0.5925869576119258,0.30805630908747067,-0.5174000830900185,3.749211255268185,-3.314628924577582
71.525,-65.43371090259309,0.05015547398591474,0.5926414490610726,0.3080698694870326,-0.5178821559151574,3.750536897228683,-3.3140132707779273
71.55,-65.43169505869588,0.050169574327837675,0.5926955766238301,0.30808350934632145,-0.5183573466386648,3.7518549470091824,-3.3134085176087638
71.575,-65.42971525999708,0.05018344891424009,0.5927493449848215,0.3080972257995071,-0.5188256915454571,3.753165356472125,-3.312814577999124
71.6,-65.42777121633793,0.05019709927058168,0.5928027587867863,0.30811101601345997,-0.5192872273769947,3.754468078882892,-3.312231364901379
71.625,-65.4258626376604,0.05021052692774463,0.5928558226306847,0.3081248771876125,-0.5197419913211889,3.7557630689021004,-3.3116587912981204
71.65,-65.42398923403019,0.050223733421827066,0.592908541075804,0.30813880655381864,-0.5201900210023012,3.7570502825776955,-3.311096770209056
71.675,-65.42215071565946,0.05023672029393739,0.5929609186398684,0.3081528013762124,-0.5206313544708564,3.7583296773369654,-3.3105452146978362
71.7,-65.4203467929295,0.05024948908998934,0.5930129597991504,0.30816685895106505,-0.521066030193562,3.7596012119784117,-3.310004037878848
71.725,-65.41857717641328,0.05026204136049742,0.5930646689885842,0.30818097660664084,-0.521494087043226,3.760864846663493,-3.309473152923984
71.75,-65.41684157689791,0.05027437866037321,0.5931160506018838,0.3081951517030522,-0.5219155642886916,3.762120542908248,-3.3089524730693722
71.775,-65.4151397054069,0.05028650254872264,0.5931671089916593,0.30820938163211276,-0.5223305015847908,3.7633682635747827,-3.30844191162207
71.8,-65.4134712732223,0.050298414588643765,0.5932178484695396,0.30822366381719013,-0.5227389389623064,3.7646079728626813,-3.3079413819666894
71.825,-65.41183599190677,0.05031011634702551,0.5932682733062953,0.308237995713057,-0.5231409168179579,3.76583963630025,-3.307450797572031
71.85,-65.41023357332547,0.05032160939434723,0.5933183877319635,0.3082523748057411,-0.5235364759044083,3.7670632207356705,-3.306970071997641
71.875,-65.40866372966781,0.05033289530447923,0.5933681959359763,0.3082667986123742,-0.5239256573202945,3.7682786943280355,-3.306499118900342
71.9,-65.40712617346908,0.050343975654483994,0.5934177020672904,0.3082812646810402,-0.5243085025002827,3.769486026538277,-3.306037852040724
71.925,-65.40562061763193,0.05035485202441845,0.5934669102345193,0.3082957705906214,-0.524685053205153,3.7706851881199706,-3.3055861852895774
71.95,-65.40414677544769,0.05036552599713746,0.5935158245060673,0.3083103139506447,-0.5250553515119232,3.771876151110055,-3.3051440326343053
71.975,-65.4027043606176,0.05037599915809774,0.5935644489102667,0.30832489240112576,-0.5254194398039908,3.7730588888194143,-3.3047113081852815
72.0,-65.40129308727383,0.05038627309516336,0.5936127874355154,0.30833950361241297,-0.5257773607613258,3.7742333758233935,-3.3042879261821483
72.025,-65.3999126700003,0.05039634939841205,0.5936608440304183,0.30835414528502986,-0.5261291573506972,3.7753995879521915,-3.303873801000091
72.05,-65.39856282385355,0.050406229659942466,0.5937086226039294,0.3083688151495167,-0.5264748728159331,3.776557502281152,-3.3034688471560654
72.075,-65.3972432643832,0.050415915473682855,0.5937561270254975,0.30838351096627103,-0.5268145506682361,3.7777070971209628,-3.303072979314962
72.1,-65.39595370765245,0.0504254084352006,0.5938033611252116,0.30839823052538756,-0.527148234676533,3.7788483520077705,-3.3026861122957354
72.125,-65.3946938702583,0.05043471014151295,0.593850328693951,0.30841297164649656,-0.5274759688578733,3.7799812476931867,-3.302308161077488
72.15,-65.39346346935163,0.050443822190899226,0.5938970334835354,0.30842773217860187,-0.5277977974678876,3.781105766134214,-3.3019390408054887
72.175,-65.3922622226572,0.0504527461827137,0.5939434792068775,0.30844250999991774,-0.5281137649912773,3.782221890483088,-3.301578666797158
72.2,-65.39108984849337,0.050461483717200266,0.593989669538138,0.30845730301770474,-0.5284239161323774,3.7833296050770033,-3.3012269545480093
72.225,-65.38994606579169,0.050470036395307984,0.594035608112882,0.3084721091681049,-0.5287282958057606,3.784428895427805,-3.300883819737507
72.25,-65.38883059411636,0.05047840581850821,0.5940812985282372,0.3084869264159763,-0.5290269491269103,3.7855197482115712,-3.3005491782349066
72.275,-65.38774315368343,0.05048659358861271,0.5941267443430543,0.30850175275472597,-0.5293199214029382,3.7866021512581014,-3.300222946105029
72.3,-65.38668346537993,0.050494601307593354,0.5941719490780693,0.3085165862061431,-0.5296072581233747,3.787676093540371,-3.299905039613979
72.325,-65.38565125078273,0.05050243057740302,0.5942169162160663,0.3085314248202305,-0.529889004951015,3.7887415651638685,-3.2995953752348184
72.35,-65.38464623217727,0.05051008299979814,0.5942616492020447,0.30854626667503604,-0.5301652077128368,3.7897985573558883,-3.2992938696531824
72.375,-65.3836681325761,0.05051756017616216,0.5943061514433851,0.30856110987648266,-0.530435912390972,3.790847062454749,-3.2990004397728314
72.4,-65.38271667573721,0.05052486370733109,0.5943504263100191,0.30857595255819836,-0.530701165113763,3.791887073898947,-3.298715002721164
72.425,-65.38179158618225,0.050531995193419735,0.5943944771345999,0.3085907928813447,-0.5309610121468668,3.792918586216216,-3.2984374758546733
72.45,-65.38089258921441,0.050538956233650206,0.5944383072126745,0.3086056290344455,-0.5312154998844546,3.793941595012583,-3.2981677767643234
72.475,-65.38001941093631,0.050545748426181134,0.594481919802858,0.30862045923321385,-0.5314646748404592,3.7949560969613167,-3.2979058232808938
72.5,-65.37917177826752,0.05055237336793899,0.5945253181270089,0.3086352817203795,-0.5317085836399145,3.7959620897918365,-3.2976515334802556
72.525,-65.378349418962,0.05055883265445072,0.5945685053704066,0.3086500947655149,-0.5319472730103652,3.796959572278558,-3.297404825688601
72.55,-65.37755206162532,0.05056512787967787,0.5946114846819295,0.3086648966648609,-0.5321807897733477,3.7979485442297025,-3.297165618487597
72.575,-65.37677943573162,0.05057126063585235,0.5946542591742364,0.30867968574115173,-0.5324091808359573,3.7989290064760404,-3.2969338307194858
72.6,-65.37603127164044,0.0505772325133137,0.5946968319239468,0.30869446034343956,-0.5326324931824846,3.799900960859602,-3.2967093814921324
72.625,-65.37530730061336,0.05058304510034821,0.5947392059718256,0.30870921884691854,-0.5328507738661481,3.8008644102223306,-3.296492190184007
72.65,-65.3746072548304,0.05058869998302932,0.5947813843229661,0.3087239596527481,-0.5330640700008904,3.801819358394686,-3.296282176449118
72.675,-65.37393086740617,0.05059419874505995,0.5948233699469774,0.30873868118787584,-0.5332724287532734,3.8027658101842436,-3.296079260221852
72.7,-65.37327787240596,0.05059954296761632,0.594865165778171,0.30875338190486007,-0.5334758973344469,3.8037037713642246,-3.295883361721789
72.725,-65.37264800486145,0.05060473422919346,0.5949067747157498,0.30876806028169157,-0.5336745229922075,3.8046332486619967,-3.2956944014584337
72.75,-65.37204100078631,0.05060977410545252,0.5949481996239984,0.3087827148216151,-0.5338683530031431,3.8055542497475403,-3.295512300235893
72.775,-65.37145659719165,0.050614664169069574,0.5949894433324738,0.3087973440529507,-0.5340574346648622,3.806466783221896,-3.295336979157496
72.8,-65.37089453210109,0.05061940598958648,0.5950305086361987,0.3088119465289138,-0.5342418152883192,3.8073708586055792,-3.2951683596303267
72.825,-65.37035454456577,0.050624001133263145,0.5950713982958548,0.30882652082743606,-0.5344215421902196,3.8082664863269535,-3.295006363369731
72.85,-65.36983637467907,0.05062845116293156,0.5951121150379781,0.3088410655509848,-0.5345966626855169,3.809153677710615,-3.29485091240372
72.875,-65.36933976359111,0.050632757637851966,0.5951526615551553,0.30885557932638275,-0.53476722408001,3.8100324449657283,-3.294701929077334
72.9,-65.36886445352314,0.050636922113570314,0.5951930405062207,0.3088700608046271,-0.5349332736630203,3.8109028011743398,-3.294559336056943
72.925,-65.36841018778155,0.050640946141777686,0.5952332545164547,0.3088845086607084,-0.535094858700164,3.8117647602797025,-3.2944230563344647
72.95,-65.36797671077176,0.050644831270171796,0.5952733061777837,0.30889892159342913,-0.5352520264262279,3.8126183370745705,-3.2942930132315267
72.975,-65.3675637680119,0.050648579042319855,0.5953131980489806,0.308913298325222,-0.5354048240381255,3.813463547189476,-3.294169130403571
73.0,-65.36717110614626,0.05065219099752342,0.5953529326558663,0.308927637601968,-0.5355532986879517,3.8143004070810167,-3.2940513318438773
73.025,-65.36679847295844,0.050655668670685265,0.5953925124915121,0.30894193819281407,-0.5356974974761396,3.8151289340201124,-3.293939541887531
73.05,-65.36644561738441,0.05065901359217774,0.595431940016444,0.3089561988899909,-0.5358374674447022,3.8159491460802797,-3.2938336852153243
73.075,-65.36611228952526,0.05066222728771331,0.5954712176588461,0.3089704185086301,-0.5359732555705791,3.8167610621258987,-3.2937336868575784
73.1,-65.36579824065973,0.05066531127821678,0.5955103478147674,0.30898459588658156,-0.5361049087590772,3.8175647018004644,-3.2936394721979183
73.125,-65.36550322325654,0.05066826707969929,0.5955493328483271,0.3089987298842303,-0.5362324738374029,3.8183600855148634,-3.2935509669769614
73.15,-65.36522699098656,0.050671096203134494,0.5955881750919221,0.30901281938431374,-0.5363559975483029,3.8191472344356296,-3.2934680972959667
73.175,-65.36496929873454,0.05067380015433615,0.595626876846435,0.30902686329173795,-0.5364755265437888,3.8199261704732552,-3.2933907896203607
73.2,-65.36472990261089,0.050676380433838195,0.5956654403814429,0.30904086053339475,-0.5365911073789761,3.8206969162704407,-3.293318970783267
73.225,-65.36450855996306,0.050678838536776044,0.5957038679354267,0.30905481005797814,-0.5367027865060049,3.821459495190415,-3.2932525679889166
73.25,-65.3643050293867,0.05068117595277039,0.5957421617159819,0.3090687108358009,-0.5368106102680744,3.8222139313052432,-3.2931915088160095
73.275,-65.36411907073669,0.05068339416581252,0.5957803239000291,0.30908256185861105,-0.5369146248935656,3.8229602493841566,-3.2931357212210073
73.3,-65.36395044513783,0.05068549465415156,0.5958183566340257,0.3090963621394082,-0.537014876490264,3.823698474881896,-3.293085133541349
73.325,-65.3637989149954,0.05068747889018381,0.5958562620341786,0.3091101107122602,-0.5371114110396885,3.8244286339270657,-3.2930396744986195
73.35,-65.3636642440054,0.050689348340343963,0.5958940421866566,0.3091238066321193,-0.5372042743915146,3.825150753310539,-3.292999273201622
73.375,-65.36354619716467,0.05069110446499805,0.5959316991478044,0.3091374489746391,-0.5372935122580952,3.825864860473864,-3.2929638591493995
73.4,-65.36344454078062,0.05069274871833848,0.5959692349443563,0.3091510368359906,-0.5373791702090851,3.826570983497698,-3.292933362234186
73.425,-65.36335904248092,0.050694282548281,0.5960066515736511,0.3091645693326791,-0.5374612936661627,3.827269151090273,-3.2929077127442765
73.45,-65.36328947122288,0.050695707396363344,0.5960439510038469,0.3091780456013608,-0.5375399278978482,3.827959392575881,-3.2928868413668653
73.475,-65.36323559730252,0.050697024697646136,0.5960811351741371,0.30919146479865955,-0.5376151180144256,3.8286417378834208,-3.292870679190756
73.5,-65.36319719236351,0.050698235880615575,0.5961182059949661,0.3092048261009839,-0.5376869089629653,3.8293162175349513,-3.2928591577090542
73.525,-65.36317402940593,0.050699342367087875,0.5961551653482461,0.30921812870434384,-0.5377553455224372,3.82998286263427,-3.2928522088217775
73.55,-65.3631658827946,0.050700345572115856,0.5961920150875735,0.3092313718241682,-0.5378204722989292,3.830641704855564,-3.292849764838381
73.575,-65.36317252826746,0.05070124690389752,0.5962287570384465,0.3092445546951223,-0.5378823337209694,3.8312927764320883,-3.292851758480236
73.6,-65.36319374294342,0.05070204776368606,0.5962653929984826,0.3092576765709248,-0.5379409740349288,3.8319361101448566,-3.2928581228830267
73.625,-65.3632293053303,0.050702749545702454,0.5963019247376364,0.30927073672416605,-0.5379964373005444,3.8325717393114123,-3.2928687915990875
73.65,-65.36327899533221,0.050703353637049454,0.5963383539984178,0.30928373444612595,-0.5380487673865232,3.8331996977746328,-3.2928836985996623
73.675,-65.363342594257,0.0507038614176277,0.5963746824961105,0.3092966690465921,-0.5380980079662516,3.833820019891573,-3.2929027782771016
73.7,-65.36341988482333,0.05070427426005387,0.5964109119189902,0.3093095398536782,-0.5381442025136051,3.83443274052235,-3.2929259654469987
73.725,-65.36351065116746,0.05070459352958028,0.5964470439285442,0.309322346213643,-0.5381873942988402,3.835037895019107,-3.2929531953502376
73.75,-65.36361467885006,0.050704820584017055,0.5964830801596898,0.3093350874907093,-0.5382276263846051,3.8356355192149763,-3.292984403655016
73.775,-65.36373175486243,0.050704956773655496,0.5965190222209936,0.3093477630668832,-0.5382649416220241,3.8362256494131772,-3.2930195264587283
73.8,-65.36386166763286,0.050705003441193885,0.5965548716948912,0.30936037234177394,-0.5382993826468945,3.8368083223760765,-3.2930585002898582
73.825,-65.36400420703252,0.05070496192166488,0.5965906301379059,0.3093729147324137,-0.5383309918759693,3.837383575314365,-3.2931012621097566
73.85,-65.36415916438123,0.050704833542364866,0.5966262990808688,0.3093853896730782,-0.5383598115033373,3.8379514458762762,-3.2931477493143704
73.875,-65.36432633245302,0.05070461962278517,0.5966618800291379,0.3093977966151074,-0.5383858834968979,3.8385119721368484,-3.293197899735905
73.9,-65.36450550548138,0.050704321474545316,0.5966973744628178,0.30941013502672654,-0.5384092495949332,3.8390651925872725,-3.2932516516444124
73.925,-65.36469647916438,0.050703940401327655,0.596732783836979,0.30942240439286767,-0.5384299513027591,3.8396111461242852,-3.2933089437493135
73.95,-65.36489905066955,0.05070347769881443,0.5967681095818779,0.30943460421499175,-0.5384480298894876,3.8401498720396323,-3.2933697152008645
73.975,-65.36511301863852,0.05070293465462637,0.5968033531031754,0.30944673401091094,-0.5384635263848706,3.8406814100095823,-3.293433905591557
74.0,-65.36533818319145,0.05070231254826312,0.5968385157821574,0.30945879331461135,-0.538476481576235,3.841205800084526,-3.293501454957436
74.025,-65.36557434593124,0.050701612651045724,0.5968735989759528,0.30947078167607656,-0.5384869360055152,3.841723082678638,-3.2935723037793707
74.05,-65.36582130994753,0.0507008362260605,0.5969086040177535,0.3094826986611112,-0.5384949299663637,3.8422332985595893,-3.29364639298426
74.075,-65.36607887982052,0.050699984528105195,0.5969435322170328,0.3094945438511653,-0.5385005035013634,3.8427364888383546,-3.293723663946156
74.1,-65.36634686162452,0.0506990588036366,0.5969783848597647,0.30950631684315905,-0.5385036963993209,3.8432326949590605,-3.293804058487356
74.125,-65.36662506293129,0.050698060290720194,0.5970131632086423,0.3095180172493081,-0.5385045481926538,3.8437219586889517,-3.2938875188793872
74.15,-65.36691329281324,0.05069699021898135,0.5970478685032956,0.3095296446969493,-0.538503098154856,3.844204322108368,-3.293973987843971
74.175,-65.3672113618463,0.05069584980955851,0.5970825019605106,0.3095411988283673,-0.5384993852980612,3.8446798276008574,-3.2940634085538902
74.2,-65.36751908211275,0.050694640275057996,0.5971170647744464,0.30955267930062114,-0.5384934483706829,3.8451485178433167,-3.294155724633825
74.225,-65.36783626720366,0.0506933628195106,0.5971515581168528,0.3095640857853721,-0.5384853258551452,3.8456104357962344,-3.294250880161097
74.25,-65.36816273222124,0.0506920186383299,0.597185983137288,0.30957541796871163,-0.5384750559656933,3.8460656246940084,-3.2943488196663706
74.275,-65.36849829378099,0.05069060891827234,0.5972203409633349,0.3095866755509901,-0.5384626766462904,3.8465141280353223,-3.2944494881342963
74.3,-65.36884277001357,0.05068913483739896,0.597254632700818,0.3095978582466461,-0.5384482255685976,3.846955989573622,-3.2945528310040713
74.325,-65.36919598056653,0.050687597565038926,0.5972888594340197,0.3096089657840363,-0.5384317401300339,3.847391253307675,-3.2946587941699588
74.35,-65.3695577466058,0.05068599826175463,0.5973230222258952,0.3096199979052662,-0.5384132574519185,3.8478199634721886,-3.2947673239817417
74.375,-65.36992789081708,0.050684338079308534,0.5973571221182888,0.3096309543660211,-0.538392814377692,3.8482421645285143,-3.2948783672451243
74.4,-65.37030623740684,0.05068261816063164,0.5973911601321485,0.30964183493539843,-0.5383704474712174,3.8486579011554674,-3.294991871222051
74.425,-65.37069261210331,0.050680839639793696,0.5974251372677399,0.3096526393957398,-0.5383461930151616,3.8490672182401844,-3.295107783630993
74.45,-65.37108684215725,0.050679003641974925,0.5974590545048607,0.3096633675424646,-0.5383200870094514,3.8494701608690813,-3.295226052647176
74.475,-65.3714887563424,0.05067711128343934,0.5974929128030537,0.30967401918390386,-0.5382921651698058,3.8498667743189157,-3.2953466269027203
74.5,-65.37189818495585,0.05067516367150995,0.5975267131018202,0.309684594141135,-0.5382624629263513,3.8502571040479134,-3.2954694554867556
74.525,-65.37231495981827,0.050673161904545155,0.5975604563208314,0.3096950922478169,-0.5382310154223007,3.8506411956869617,-3.2955944879454804
74.55,-65.37273891427375,0.05067110707191705,0.5975941433601415,0.30970551335002644,-0.5381978575127161,3.8510190950309524,-3.295721674282126
74.575,-65.37316988318972,0.05066900025399107,0.5976277751003977,0.3097158573060952,-0.5381630237633384,3.8513908480301438,-3.295850964956915
74.6,-65.37360770295643,0.05066684252210733,0.5976613524030512,0.30972612398644683,-0.5381265484494928,3.8517565007816468,-3.29598231088693
74.625,-65.37405221148649,0.050664634938563456,0.5976948761105673,0.3097363132734358,-0.5380884655550648,3.852116099520992,-3.2961156634459456
74.65,-65.37450324821398,0.05066237855659892,0.5977283470466345,0.3097464250611863,-0.538048808771546,3.8524696906137876,-3.296250974464195
74.675,-65.37496065409363,0.050660074420380806,0.5977617660163732,0.3097564592554323,-0.5380076114971473,3.8528173205474645,-3.296388196228088
74.7,-65.37542427159961,0.05065772356499126,0.5977951338065441,0.3097664157733582,-0.5379649068359861,3.8531590359231025,-3.2965272814798836
74.725,-65.37589394472434,0.05065532701641624,0.5978284511857543,0.30977629454344024,-0.5379207275973366,3.8534948834473557,-3.2966681834173017
74.75,-65.37636951897692,0.050652885791535755,0.5978617189046656,0.30978609550528924,-0.5378751062949468,3.853824909924483,-3.2968108556930744
74.775,-65.37685084138157,0.05065040089811554,0.5978949376961985,0.3097958186094934,-0.5378280751464224,3.854149162248435,-3.2969552524144703
74.8,-65.37733776047583,0.05064787333480033,0.5979281082757388,0.3098054638174622,-0.537779666072679,3.85446768739505,-3.2971013281427473
74.825,-65.37783012630852,0.0506453040911081,0.5979612313413412,0.3098150311012716,-0.5377299106974464,3.85478053241436,-3.297249037892557
74.85,-65.37832779043771,0.050642694147426295,0.5979943075739326,0.30982452044350944,-0.5376788403468519,3.855087744422959,-3.2973983371313125
74.875,-65.37883060592833,0.050640044475009055,0.5980273376375157,0.3098339318371221,-0.5376264860490569,3.8553893705964746,-3.2975491817784985
74.9,-65.37933842734978,0.050637356035975654,0.5980603221793702,0.3098432652852618,-0.5375728785339475,3.8556854581621316,-3.2977015282049336
74.925,-65.37985111077327,0.05063462978331078,0.5980932618302545,0.3098525208011349,-0.5375180482329004,3.855976054391416,-3.2978553332319818
74.95,-65.38036851376908,0.0506318666608656,0.5981261572046053,0.30986169840785105,-0.5374620252785933,3.8562612065928144,-3.2980105541307254
74.975,-65.38089049540363,0.05062906760336065,0.5981590089007378,0.30987079813827323,-0.5374048395048867,3.8565409621046585,-3.29816714862109
75.0,-65.38141691623636,0.050626233536389495,0.5981918175010438,0.3098798200348686,-0.5373465204467488,3.856815368288065,-3.2983250748709083
75.025,-65.38194763831655,0.050623365376424125,0.5982245835721893,0.3098887641495604,-0.5372870973402508,3.8570844725199587,-3.298484291494964
75.05,-65.3824825251799,0.05062046403082123,0.5982573076653118,0.3098976305435807,-0.537226599122603,3.8573483221861955,-3.2986447575539684
75.075,-65.38302144184503,0.05061753039783008,0.5982899903162157,0.309906419287324,-0.5371650544322601,3.857606964674774,-3.298806432553509
75.1,-65.38356425480978,0.05061456536660122,0.5983226320455673,0.3099151304602016,-0.5371024916090651,3.8578604473691462,-3.298969276442935
75.125,-65.38411083204748,0.05061156981719679,0.5983552333590892,0.3099237641504975,-0.5370389386944591,3.858108817641604,-3.2991332496142447
75.15,-65.38466104300286,0.05060854462060157,0.5983877947477528,0.3099323204552245,-0.5369744234317271,3.858352122846793,-3.2992983129008593
75.175,-65.38521475858806,0.05060549063873575,0.598420316687971,0.30994079947998177,-0.5369089732663147,3.8585904103152893,-3.2994644275764187
75.2,-65.38577185117836,0.05060240872446833,0.598452799641789,0.30994920133881293,-0.536842615346174,3.858823727347276,-3.2996315553535083
75.225,-65.38633219460783,0.05059929972163183,0.5984852440570743,0.3099575261540655,-0.5367753765221651,3.859052121206316,-3.2997996583823492
75.25,-65.38689566416484,0.05059616446503849,0.5985176503677063,0.30996577405625114,-0.5367072833485194,3.85927563911322,-3.2999686992494515
75.275,-65.38746213658742,0.050593003780496845,0.5985500189937641,0.30997394518390664,-0.5366383620833222,3.8594943282400043,-3.3001386409762246
75.3,-65.38803149005851,0.05058981848483004,0.598582350341714,0.30998203968345617,-0.5365686386890665,3.8597082357039345,-3.3003094470175527
75.325,-65.38860360420112,0.05058660938589483,0.598614644804595,0.3099900577090745,-0.5364981388332356,3.85991740856167,-3.3004810812603367
75.35,-65.38917836007326,0.050583377282601726,0.5986469027622044,0.3099979994225508,-0.5364268878889362,3.8601218938035067,-3.3006535080219774
75.375,-65.38975564016286,0.05058012296493631,0.5986791245812817,0.310005864993154,-0.5363549109355763,3.860321738347694,-3.300826692048858
75.4,-65.39033532838253,0.050576847213981334,0.5987113106156913,0.3100136545974988,-0.5362822327595798,3.8605169890348563,-3.30100059851476
75.425,-65.3909173100642,0.0505735508019399,0.5987434612066047,0.3100213684194125,-0.5362088778551437,3.860707692622505,-3.3011751930192585
75.45,-65.3915014719536,0.05057023449215974,0.5987755766826812,0.3100290066498034,-0.5361348704250422,3.860893895779637,-3.301350441586081
75.475,-65.39208770220476,0.05056689903915823,0.5988076573602474,0.3100365694865293,-0.536060234381458,3.8610756450814234,-3.3015263106614285
75.5,-65.39267589037424,0.050563545188648584,0.5988397035434765,0.3100440571342681,-0.5359849933468663,3.861252987003992,-3.3017027671122703
75.525,-65.39326592741531,0.05056017367756673,0.5988717155245649,0.3100514698043884,-0.5359091706549431,3.861425967919316,-3.301879778224594
75.55,-65.39385770567215,0.050556785234099295,0.598903693583909,0.31005880771482186,-0.5358327893515197,3.861594634090148,-3.302057311701644
75.575,-65.39445111887368,0.05055338057771245,0.5989356379902808,0.310066071089936,-0.5357558721955711,3.861759031665102,-3.3022353356621026
75.6,-65.39504606212756,0.050549960419181444,0.5989675490010016,0.31007326016040837,-0.535678441660236,3.8619192066737686,-3.3024138186382683
75.625,-65.39564243191393,0.05054652546062116,0.5989994268621153,0.3100803751631015,-0.5356005199338718,3.8620752050219607,-3.302592729574178
75.65,-65.39624012607906,0.050543076395517576,0.59903127180856,0.31008741634093917,-0.5355221289211494,3.8622270724870296,-3.302772037823719
75.675,-65.39683904382902,0.050539613908759905,0.5990630840643391,0.3100943839427835,-0.5354432902441741,3.862374854713269,-3.302951713148705
75.7,-65.39743908572306,0.05053613867667351,0.5990948638426904,0.31010127822331285,-0.5353640252436379,3.862518597207412,-3.303131725716919
75.725,-65.39804015366711,0.05053265136705373,0.599126611346255,0.31010809944290124,-0.5352843549800057,3.862658345334218,-3.303312046100133
75.75,-65.39864215090704,0.05052915263920035,0.5991583267672442,0.3101148478674984,-0.5352043002347292,3.8627941443121263,-3.3034926452721107
75.775,-65.3992449820219,0.050525643143953095,0.5991900102876057,0.3101215237685109,-0.5351238815114966,3.862926039209022,-3.3036734946065693
75.8,-65.39984855291706,0.05052212352372749,0.5992216620791881,0.3101281274226845,-0.5350431190375025,3.8630540749380726,-3.303854565875119
75.825,-65.40045277081728,0.05051859441255156,0.5992532823039054,0.3101346591119873,-0.5349620327647446,3.863178296253649,-3.304035831245184
75.85,-65.40105754425963,0.05051505643610337,0.5992848711138986,0.31014111912349424,-0.5348806423713552,3.8632987477473564,-3.3042172632778883
75.875,-65.40166278308645,0.05051151021174936,0.5993164286516975,0.3101475077492721,-0.5347989672629614,3.863415473844094,-3.304398834925935
75.9,-65.40226839843814,0.05050795634858272,0.5993479550503809,0.310153825286266,-0.534717026574051,3.863528518798262,-3.3045805195314415
75.925,-65.40287430274589,0.05050439544746319,0.5993794504337348,0.3101600720361869,-0.5346348391693854,3.8636379266900125,-3.3047622908237657
75.95,-65.40348040972438,0.05050082810105722,0.599410914916411,0.31016624830539985,-0.5345524236454309,3.863743741421588,-3.304944122917314
75.975,-65.40408663436435,0.0504972548938783,0.599442348604083,0.3101723544048134,-0.534469798331796,3.8638460067137594,-3.3051259903093038
76.0,-65.40469289292514,0.0504936764023287,0.5994737515936013,0.31017839064977026,-0.5343869812927183,3.863944766102324,-3.305307867877542
76.025,-65.40529910292717,0.050490093194741154,0.5995051239731475,0.3101843573599387,-0.5343039903285521,3.864040062934695,-3.305489730878152
76.05,-65.40590518314431,0.050486505831421474,0.5995364658223871,0.3101902548592051,-0.5342208429772873,3.864131940366574,-3.305671554943294
76.075,-65.40651105359622,0.050482914864691475,0.599567777212621,0.31019608347556743,-0.5341375565160829,3.864220441358693,-3.3058533160788657
76.1,-65.40711663554065,0.050479320838932744,0.599599058206936,0.3102018435410302,-0.5340541479628271,3.864305608673648,-3.3060349906621935
76.125,-65.4077218514656,0.05047572429063052,0.5996303088603538,0.31020753539149953,-0.5339706340777051,3.864387484872792,-3.3062165554396783
76.15,-65.40832662508153,0.05047212574841865,0.5996615292199787,0.3102131593666805,-0.533887031364802,3.8644661123132407,-3.3063979875244582
76.175,-65.40893088131342,0.050468525733124464,0.5996927193251443,0.3102187158099742,-0.5338033560737041,3.8645415331449127,-3.306579264394027
76.2,-65.40953454629287,0.050464924757814465,0.5997238792075595,0.310224205068377,-0.5337196242011312,3.8646137893076737,-3.306760363887862
76.225,-65.41013754735003,0.05046132332784041,0.5997550088914516,0.31022962749238003,-0.5336358514925766,3.864682922528549,-3.3069412642050096
76.25,-65.41073981300559,0.050457721940885894,0.5997861083937099,0.31023498343586997,-0.5335520534439706,3.8647489743190104,-3.3071219439016772
76.275,-65.41134127296266,0.05045412108701323,0.5998171777240273,0.31024027325603093,-0.5334682453033502,3.864811985972342,-3.3073023818887974
76.3,-65.41194185809863,0.050450521248710904,0.5998482168850403,0.3102454973132473,-0.5333844420725503,3.8648719985610716,-3.3074825574295885
76.325,-65.41254150045695,0.050446922900941445,0.5998792258724687,0.31025065597100754,-0.5333006585089063,3.864929052934492,-3.307662450137086
76.35,-65.41314013323897,0.05044332651118945,0.5999102046752531,0.31025574959580915,-0.5332169091269661,3.8649831897162215,-3.3078420399716904
76.375,-65.41373769079556,0.050439732539510285,0.599941153275692,0.3102607785570644,-0.533133208200219,3.8650344493018767,-3.308021307238667
76.4,-65.41433410861887,0.050436141438579045,0.5999720716495766,0.31026574322700756,-0.5330495697628383,3.8650828718567927,-3.308200232585662
76.425,-65.41492932333396,0.050432553653739755,0.6000029597663253,0.31027064398060256,-0.5329660076114268,3.865128497313822,-3.308378797000189
76.45,-65.41552327269042,0.05042896962305514,0.6000338175891171,0.31027548119545195,-0.5328825353067845,3.8651713653711797,-3.308556981807126
76.475,-65.4161158955539,0.050425389777356486,0.6000646450750223,0.310280255251707,-0.5327991661756765,3.8652115154904094,-3.30873476866617
76.5,-65.41670713189772,0.05042181454029389,0.6000954421751337,0.3102849665319785,-0.5327159133126128,3.8652489868943607,-3.308912139569317
76.525,-65.41729692279436,0.05041824432838699,0.6001262088346953,0.31028961542124894,-0.5326327895816457,3.8652838185652745,-3.3090890768383088
76.55,-65.41788521040695,0.050414679551075724,0.6001569449932304,0.3102942023067852,-0.532549807618164,3.865316049242908,-3.309265563122085
76.575,-65.41847193798074,0.050411120610771396,0.6001876505846684,0.3102987275780529,-0.5324669798306992,3.865345717422744,-3.3094415813942217
76.6,-65.4190570498345,0.0504075679029082,0.60021832553747,0.3103031916266309,-0.5323843184027441,3.8653728613542673,-3.3096171149503517
76.625,-65.41964049135201,0.05040402181599484,0.6002489697747516,0.3103075948461275,-0.5323018352945735,3.8653975190392726,-3.3097921474056036
76.65,-65.42022220897336,0.05040048273166636,0.600279583214408,0.3103119376320976,-0.5322195422450714,3.8654197282302922,-3.309966662692007
76.675,-65.42080215018638,0.050396951024736285,0.6003101657692343,0.3103162203819602,-0.5321374507735666,3.8654395264290398,-3.3101406450559123
76.7,-65.42138026351796,0.0503934270632489,0.6003407173470463,0.31032044349491783,-0.532055572181671,3.8654569508849406,-3.310314079055388
76.725,-65.42195649852542,0.05038991120853176,0.6003712378507996,0.31032460737187595,-0.531973917555126,3.8654720385937114,-3.310486949557625
76.75,-65.42253080578777,0.05038640381524848,0.6004017271787079,0.31032871241536414,-0.5318924977656533,3.8654848262960075,-3.3106592417363316
76.775,-65.4231031368971,0.05038290523145143,0.6004321852243594,0.3103327590294579,-0.5318113234728035,3.865495350476127,-3.310830941069129
76.8,-65.42367344444979,0.050379415798635,0.6004626118768325,0.3103367476197014,-0.5317304051258216,3.8655036473607747,-3.311002033334937
76.825,-65.42424168203783,0.05037593585178869,0.60049300702081,0.31034067859303155,-0.5316497529655041,3.865509752917906,-3.311172504611349
76.85,-65.42480780424007,0.050372465719450296,0.6005233705366922,0.3103445523577023,-0.5315693770260571,3.8655137028555875,-3.3113423412720224
76.875,-65.42537176661352,0.05036900572375961,0.6005537023007093,0.3103483693232106,-0.531489287136972,3.8655155326209356,-3.3115115299840565
76.9,-65.42593352568456,0.050365556180511875,0.6005840021850305,0.3103521299002232,-0.5314094929248872,3.8655152773991386,-3.3116800577053667
76.925,-65.42649303894021,0.05036211739921149,0.6006142700578752,0.3103558345005041,-0.5313300038154595,3.86551297211248,-3.311847911682062
76.95,-65.42705026481939,0.050358689683125867,0.6006445057836202,0.3103594835368431,-0.5312508290352375,3.8655086514194705,-3.3120150794458154
76.975,-65.42760516270413,0.050355273329339145,0.6006747092229067,0.3103630774229855,-0.5311719776135269,3.8655023497139958,-3.3121815488112376
77.0,-65.42815769291084,0.05035186862880627,0.6007048802327464,0.3103666165735623,-0.5310934583842678,3.8654941011245327,-3.312347307873253
77.025,-65.42870781668155,0.05034847586640707,0.6007350186666258,0.31037010140402166,-0.531015279987908,3.8654839395134313,-3.3125123450044653
77.05,-65.42925549617513,0.05034509532100012,0.6007651243746098,0.31037353233056136,-0.5309374508732692,3.86547189847622,-3.312676648852539
77.075,-65.42980069445855,0.05034172726547713,0.6007951972034438,0.3103769097700619,-0.5308599792994241,3.8654580113409938,-3.3128402083375645
77.1,-65.43034337549813,0.050338371966816904,0.6008252369966542,0.3103802341400206,-0.5307828733375635,3.8654423111678238,-3.3130030126494376
77.125,-65.43088350415078,0.05033502968613966,0.6008552435946493,0.3103835058584869,-0.5307061408728667,3.8654248307482453,-3.3131650512452353
77.15,-65.43142104615532,0.05033170067876117,0.6008852168348165,0.31038672534399797,-0.530629789606368,3.8654056026047594,-3.3133263138465963
77.175,-65.43195596812366,0.05032838519424693,0.6009151565516212,0.31038989301551595,-0.5305538270568194,3.8653846589904237,-3.3134867904370977
77.2,-65.43248823753213,0.05032508347646641,0.6009450625767018,0.31039300929236563,-0.5304782605625554,3.8653620318884734,-3.313646471259638
77.225,-65.43301782271273,0.050321795763647384,0.6009749347389653,0.310396074594173,-0.5304030972833561,3.865337753011981,-3.313805346813818
77.25,-65.43354469284449,0.05031852228843004,0.6010047728646817,0.31039908934080507,-0.5303283442023018,3.865311853803564,-3.3139634078533473
77.275,-65.43406881794475,0.05031526327792106,0.6010345767775758,0.3104020539523101,-0.5302540081276252,3.8652843654351488,-3.3141206453834244
77.3,-65.43459016886042,0.05031201895374786,0.6010643462989194,0.310404968848859,-0.5301800956945644,3.865255318807786,-3.314277050658127
77.325,-65.43510871725944,0.05030878953211267,0.6010940812476215,0.31040783445068765,-0.5301066133672095,3.8652247445514782,-3.3144326151778314
77.35,-65.43562443562202,0.05030557522384653,0.6011237814403182,0.3104106511780399,-0.5300335674403431,3.8651926730250885,-3.314587330686605
77.375,-65.43613729723208,0.05030237623446333,0.60115344669146,0.3104134194511115,-0.5299609640412822,3.8651591343162672,-3.3147411891696237
77.4,-65.43664727616861,0.05029919276421364,0.6011830768133991,0.3104161396899951,-0.529888809131707,3.865124158241437,-3.314894182850584
77.425,-65.4371543472971,0.0502960250081386,0.6012126716164758,0.3104188123146255,-0.5298171085094915,3.8650877743457954,-3.3150463041891283
77.45,-65.4376584862609,0.0502928731561237,0.6012422309091028,0.3104214377447266,-0.5297458678105288,3.865050011903397,-3.31519754587827
77.475,-65.43815966947278,0.05028973739295238,0.6012717544978485,0.31042401639975853,-0.5296750925105465,3.8650108999172286,-3.3153479008418345
77.5,-65.43865787410628,0.05028661789835972,0.6013012421875207,0.31042654869886604,-0.5296047879269223,3.8649704671193783,-3.3154973622318846
77.525,-65.4391530780873,0.050283514847085806,0.6013306937812466,0.3104290350608273,-0.529534959220488,3.8649287419711817,-3.31564592342619
77.55,-65.43964526008554,0.05028042840892905,0.6013601090805544,0.31043147590400383,-0.5294656113973291,3.864885752663458,-3.315793578025662
77.575,-65.44013439950608,0.05027735874879952,0.6013894878854515,0.3104338716462912,-0.5293967493105808,3.8648415271167593,-3.315940319851823
77.6,-65.44062047648092,0.05027430602677204,0.6014188299945036,0.31043622270507065,-0.5293283776622172,3.8647960929816665,-3.3160861429442745
77.625,-65.4411034718606,0.050271270398139174,0.6014481352049107,0.31043852949716116,-0.5292605010048299,3.8647494776391014,-3.3162310415581797
77.65,-65.44158336720581,0.05026825201346404,0.601477403312584,0.3104407924387727,-0.5291931237434032,3.8647017082007005,-3.3163750101617424
77.675,-65.442060144779,0.050265251018633085,0.6015066341122205,0.31044301194546015,-0.5291262501370824,3.864652811509212,-3.316518043433702
77.7,-65.44253378753612,0.05026226755490849,0.6015358273973765,0.31044518843207797,-0.5290598843009281,3.864602814138925,-3.316660136260836
77.725,-65.44300427911826,0.05025930175898075,0.601564982960541,0.31044732231273553,-0.5289940302076765,3.864551742396122,-3.3168012837354763
77.75,-65.44347160384342,0.05025635376302073,0.6015941005932065,0.3104494140007537,-0.5289286916894751,3.8644996223195975,-3.316941481153026
77.775,-65.44393574669829,0.05025342369473195,0.601623180085941,0.31045146390862177,-0.5288638724396293,3.8644464796811793,-3.317080724009486
77.8,-65.44439669332999,0.0502505116774022,0.6016522212284563,0.31045347244795507,-0.5287995760143198,3.8643923399862845,-3.317219007998997
77.825,-65.44485443003798,0.05024761782995559,0.6016812238096775,0.31045544002945374,-0.5287358058343357,3.8643372284745157,-3.317356329011393
77.85,-65.44530894376585,0.050244742267003886,0.60171018761781,0.3104573670628621,-0.5286725651867786,3.864281170120284,-3.3174926831297555
77.875,-65.44576022209326,0.050241885098897716,0.6017391124404069,0.3104592539569286,-0.5286098572267646,3.8642241896334726,-3.3176280666279765
77.9,-65.44620825322787,0.05023904643177805,0.6017679980644332,0.31046110111936676,-0.5285476849791269,3.864166311460093,-3.3177624759683595
77.925,-65.44665302599729,0.05023622636762688,0.6017968442763314,0.3104629089568167,-0.5284860513400961,3.864107559783021,-3.3178959077991874
77.95,-65.44709452984112,0.0502334250043181,0.601825650862085,0.31046467787480747,-0.5284249590789807,3.8640479585227188,-3.3180283589523367
77.975,-65.44753275480294,0.050230642435667994,0.6018544176072803,0.31046640827771993,-0.5283644108398344,3.863987531338013,-3.3181598264408803
78.0,-65.44796769152244,0.05022787875148565,0.6018831442971686,0.31046810056875085,-0.5283044091431188,3.8639263016268712,-3.3182903074567305
78.025,-65.4483993312275,0.050225134037622944,0.6019118307167266,0.3104697551498771,-0.528244956387349,3.863864292527241,-3.3184197993682516
78.05,-65.44882766572638,0.050222408376024485,0.6019404766507157,0.3104713724218208,-0.528186054850736,3.863801526917875,-3.3185482997179148
78.075,-65.44925268739988,0.050219701844777254,0.6019690818837411,0.3104729527840155,-0.5281277066928185,3.8637380274192146,-3.318675806219963
78.1,-65.44967438919359,0.05021701451816001,0.6019976462003092,0.31047449663457244,-0.5280699139560836,3.8636738163942725,-3.3188023167580765
78.125,-65.45009276461018,0.05021434646669259,0.6020261693848842,0.31047600437024814,-0.5280126785675805,3.863608915949565,-3.3189278293830524
78.15,-65.4505078077017,0.050211697757184724,0.6020546512219441,0.31047747638641204,-0.5279560023405211,3.8635433479360297,-3.319052342310509
78.175,-65.4509195130619,0.05020906845278482,0.6020830914960354,0.3104789130770153,-0.5278998869758721,3.8634771339500236,-3.3191758539185714
78.2,-65.45132787581872,0.05020645861302837,0.6021114899918272,0.31048031483456023,-0.5278443340639364,3.8634102953342797,-3.3192983627456156
78.225,-65.45173289162665,0.0502038682938863,0.6021398464941635,0.3104816820500701,-0.5277893450859302,3.863342853178928,-3.3194198674879942
78.25,-65.45213455665925,0.05020129754781277,0.6021681607881163,0.31048301511305976,-0.5277349214155385,3.863274828322517,-3.3195403669977734
78.275,-65.45253286760168,0.050198746423793045,0.6021964326590358,0.3104843144115071,-0.5276810643204726,3.8632062413530712,-3.3196598602805025
78.3,-65.45292782164324,0.0501962149673907,0.6022246618926012,0.31048558033182483,-0.5276277749640047,3.863137112609163,-3.319778346492973
78.325,-65.45331941647004,0.05019370322079509,0.6022528482748697,0.31048681325883326,-0.5275750544065073,3.8630674621809966,-3.319895824941011
78.35,-65.4537076502576,0.05019121122286805,0.6022809915923254,0.31048801357573336,-0.5275229036069665,3.8629973099115165,-3.3200122950772792
78.375,-65.45409252166358,0.050188739009190596,0.6023090916319263,0.3104891816640806,-0.5274713234244951,3.8629266753975413,-3.3201277564990748
78.4,-65.45447402982057,0.050186286612109464,0.6023371481811514,0.3104903179037597,-0.5274203146198362,3.8628555779908984,-3.320242208946172
78.425,-65.4548521743288,0.050183854060782844,0.6023651610280463,0.3104914226729592,-0.5273698778568402,3.8627840367996016,-3.3203556522986415
78.45,-65.45522695524907,0.050181441381226675,0.6023931299612684,0.3104924963481478,-0.5273200137039591,3.8627120706890157,-3.320468086574722
78.475,-65.45559837309558,0.05017904859635978,0.6024210547701307,0.31049353930405027,-0.5272707226356994,3.8626396982830697,-3.3205795119286745
78.5,-65.45596642882889,0.05017667572604946,0.6024489352446457,0.31049455191362446,-0.5272220050340914,3.862566937965457,-3.3206899286486657
78.525,-65.45633112384887,0.050174322787156105,0.602476771175567,0.31049553454803885,-0.5271738611901202,3.862493807880876,-3.3207993371546607
78.55,-65.4566924599878,0.050171989793578224,0.6025045623544313,0.31049648757665066,-0.5271262913051745,3.862420325936258,-3.320907737996342
78.575,-65.45705043950339,0.050169676756296695,0.6025323085735993,0.31049741136698444,-0.5270792954924637,3.862346509802044,-3.321015131851017
78.6,-65.4574050650719,0.05016738368341893,0.6025600096262956,0.3104983062847115,-0.5270328737784337,3.8622723769134497,-3.3211215195215686
78.625,-65.45775633978134,0.050165110580222556,0.6025876653066479,0.31049917269362937,-0.5269870261041643,3.8621979444717445,-3.321226901934402
78.65,-65.4581042671247,0.05016285744919914,0.6026152754097249,0.3105000109556427,-0.5269417523267662,3.862123229445572,-3.3213312801374086
78.675,-65.45844885099318,0.050160624290097294,0.6026428397315746,0.31050082143074387,-0.5268970522207581,3.862048248572242,-3.3214346552979532
78.7,-65.45879009566956,0.050158411099965515,0.6026703580692605,0.3105016044769945,-0.526852925479432,3.861973018359073,-3.3215370287008668
78.725,-65.45912800582151,0.050156217873195116,0.6026978302208978,0.3105023604505076,-0.5268093717162213,3.861897555084724,-3.3216384017464535
78.75,-65.45946258649506,0.05015404460156226,0.6027252559856888,0.31050308970543017,-0.5267663904660377,3.861821874800546,-3.321738775948519
78.775,-65.45979384310807,0.0501518912742701,0.602752635163957,0.3105037925939262,-0.5267239811866112,3.8617459933319354,-3.321838152932422
78.8,-65.46012178144368,0.050149757877990385,0.6027799675571811,0.3105044694661604,-0.526682143259811,3.861669926279726,-3.321936534433102
78.825,-65.46044640764394,0.05014764439690519,0.6028072529680277,0.3105051206702824,-0.526640875992968,3.8615936890215474,-3.3220339222931825
78.85,-65.46076772820342,0.05014555081274757,0.6028344912003839,0.31050574655241125,-0.5266001786201641,3.861517296713234,-3.3221303184610265
78.875,-65.46108574996286,0.05014347710484278,0.6028616820593884,0.3105063474566209,-0.5265600503035358,3.861440764290226,-3.3222257249888583
78.9,-65.46140048010288,0.050141423250148406,0.6028888253514623,0.31050692372492567,-0.526520490134543,3.8613641064689763,-3.322320144030864
78.925,-65.4617119261378,0.05013938922329482,0.6029159208843393,0.31050747569726656,-0.5264814971352467,3.8612873377483723,-3.3224135778413384
78.95,-65.46202009590937,0.050137374996624885,0.6029429684670949,0.31050800371149784,-0.5264430702595616,3.861210472411171,-3.3225060287728096
78.975,-65.46232499758072,0.05013538054023359,0.6029699679101752,0.3105085081033743,-0.5264052083945046,3.8611335245254277,-3.3225974992742167
79.0,-65.46262663963027,0.05013340582200718,0.6029969190254244,0.310508989206539,-0.5263679103614273,3.8610565079459485,-3.3226879918890817
79.025,-65.46292503084565,0.050131450807662264,0.6030238216261125,0.3105094473525112,-0.5263311749172458,3.8609794363157386,-3.322777509253696
79.05,-65.46322018031776,0.050129515460784244,0.6030506755269613,0.31050988287067494,-0.5262950007556467,3.860902323067469,-3.3228660540953285
79.075,-65.46351209743486,0.050127599742865785,0.6030774805441711,0.31051029608826847,-0.5262593865082968,3.8608251814249326,-3.322953629230457
79.1,-65.46380079187664,0.050125703613344584,0.6031042364954448,0.31051068733037335,-0.5262243307460249,3.860748024404529,-3.323040237562991
79.125,-65.46408627360844,0.050123827029641146,0.6031309432000131,0.31051105691990466,-0.5261898319800062,3.860670864816736,-3.323125882082533
79.15,-65.46436855287548,0.05012196994719625,0.6031576004786586,0.31051140517760134,-0.5261558886629342,3.8605937152675973,-3.323210565862645
79.175,-65.46464764019711,0.05012013231950776,0.6031842081537384,0.31051173242201713,-0.5261224991901713,3.860516588160213,-3.323294292059134
79.2,-65.46492354636116,0.050118314098167506,0.603210766049207,0.3105120389695117,-0.526089661900901,3.860439495696228,-3.3233770639083486
79.225,-65.46519628241828,0.05011651523289749,0.6032372739906382,0.31051232513424254,-0.5260573750792567,3.8603624498773557,-3.3234588847254827
79.25,-65.46546585967643,0.050114735671586315,0.6032637318052465,0.31051259122815705,-0.5260256369554568,3.860285462506846,-3.323539757902928
79.275,-65.46573228969535,0.05011297536032456,0.6032901393219077,0.3105128375609852,-0.5259944457069077,3.860208545191021,-3.323619686908606
79.3,-65.46599558428106,0.05011123424344038,0.603316496371179,0.31051306444023224,-0.5259637994593094,3.8601317093407843,-3.323698675284318
79.325,-65.46625575548046,0.050109512263534606,0.6033428027853186,0.3105132721711726,-0.525933696287747,3.8600549661731374,-3.323776726644138
79.35,-65.46651281557598,0.05010780936151568,0.6033690583983043,0.3105134610568429,-0.5259041342177758,3.8599783267126804,-3.323853844672794
79.375,-65.46676677708028,0.050106125476634025,0.6033952630458522,0.31051363139803706,-0.5258751112264867,3.8599018017931592,-3.323930033124084
79.4,-65.46701765273095,0.05010446054651615,0.6034214165654341,0.31051378349330017,-0.525846625243563,3.8598254020589793,-3.3240052958192834
79.425,-65.4672654554853,0.05010281450719859,0.6034475187962948,0.31051391763892383,-0.5258186741523323,3.859749137966737,-3.324079636645591
79.45,-65.46751019851527,0.05010118729316151,0.6034735695794684,0.3105140341289413,-0.5257912557908043,3.85967301978674,-3.324153059554581
79.475,-65.46775189520224,0.05009957883736171,0.6034995687577946,0.3105141332551234,-0.5257643679526924,3.8595970576045504,-3.324225568560672
79.5,-65.467990559132,0.05009798907126578,0.6035255161759342,0.31051421530697443,-0.5257380083884359,3.8595212613225125,-3.3242971677396014
79.525,-65.46822620408977,0.050096417924882515,0.6035514116803834,0.3105142805717288,-0.5257121748062016,3.8594456406612894,-3.324367861226932
79.55,-65.46845884405522,0.050094865326795225,0.6035772551194889,0.3105143293343477,-0.5256868648728775,3.859370205161387,-3.324437653216566
79.575,-65.46868849319755,0.05009333120419376,0.6036030463434612,0.31051436187751635,-0.5256620762150613,3.8592949641847136,-3.3245065479592637
79.6,-65.46891516587067,0.050091815482905984,0.6036287852043879,0.31051437848164154,-0.5256378064200273,3.8592199269160887,-3.3245745497612007
79.625,-65.46913887660838,0.0500903180874293,0.6036544715562469,0.31051437942484944,-0.5256140530366955,3.859145102364803,-3.324641662982515
79.65,-65.46935964011963,0.05008883894096149,0.6036801052549179,0.31051436498298385,-0.5255908135765788,3.859070499366142,-3.32470789203589
79.675,-65.4695774712838,0.05008737796543153,0.6037056861581949,0.31051433542960477,-0.5255680855147296,3.858996126582927,-3.3247732413851394
79.7,-65.46979238514601,0.05008593508152991,0.6037312141257968,0.31051429103598716,-0.5255458662906687,3.8589219925070606,-3.324837715543802
79.725,-65.4700043969126,0.05008451020873871,0.6037566890193785,0.3105142320711202,-0.5255241533093056,3.858848105461044,-3.32490131907378
79.75,-65.47021352194653,0.050083103265361396,0.6037821107025411,0.3105141588017069,-0.5255029439418527,3.8587744735995235,-3.3249640565839598
79.775,-65.47041977576288,0.05008171416855223,0.6038074790408413,0.31051407149216376,-0.5254822355267234,3.85870110491083,-3.325025932728863
79.8,-65.47062317402437,0.050080342834345495,0.6038327939018011,0.310513970404621,-0.5254620253704252,3.8586280072185004,-3.32508695220731
79.825,-65.47082373253701,0.05007898917768425,0.6038580551549164,0.310513855798923,-0.525442310748438,3.858555188182815,-3.325147119761104
79.85,-65.47102146724572,0.05007765311244882,0.6038832626716653,0.31051372793262905,-0.5254230889060831,3.8584826553023253,-3.325206440173716
79.875,-65.47121639422998,0.050076334551485135,0.603908416325516,0.31051358706101434,-0.5254043570593873,3.858410415915386,-3.325264918268995
79.9,-65.47140852969966,0.0500750334066325,0.6039335159919342,0.3105134334370714,-0.5253861123959283,3.858338477201675,-3.3253225589098974
79.925,-65.47159788999072,0.050073749588751465,0.6039585615483904,0.31051326731151146,-0.5253683520756832,3.8582668461837186,-3.325379366997215
79.95,-65.47178449156111,0.050072483007750794,0.6039835528743659,0.31051308893276675,-0.5253510732318495,3.858195529728417,-3.3254353474683325
79.975,-65.47196835098664,0.05007123357261469,0.6040084898513591,0.3105128985469922,-0.5253342729716705,3.858124534548554,-3.3254905052959924
80.0,-65.47214948495692,0.05007000119142934,0.6040333723628915,0.3105126963980684,-0.5253179483772424,3.858053867204328,-3.3255448454870744
80.025,-65.47232791027133,0.0500687857714096,0.6040582002945124,0.31051248272760373,-0.525302096506325,3.857983534104835,-3.3255983730813994
80.05,-65.47250364383508,0.05006758721892468,0.6040829735338039,0.31051225777493785,-0.5252867143931175,3.8579135415096117,-3.3256510931505248
80.075,-65.47267670265525,0.0500664054395244,0.604107691970386,0.31051202177714465,-0.5252717990490573,3.857843895530128,-3.3257030107965746
80.1,-65.47284710383695,0.050065240337964285,0.6041323554959194,0.3105117749690358,-0.5252573474635769,3.8577746021312773,-3.3257541311510863
80.125,-65.4730148645795,0.05006409181823111,0.6041569640041102,0.31051151758316453,-0.5252433566048782,3.857705667132898,-3.325804459373849
80.15,-65.4731800021726,0.05006295978356752,0.6041815173907126,0.3105112498498294,-0.5252298234206754,3.8576370962112443,-3.325854000651779
80.175,-65.47334253399265,0.0500618441364969,0.6042060155535316,0.31051097199707894,-0.5252167448389473,3.8575688949005045,-3.3259027601977946
80.2,-65.47350247749905,0.05006074477884758,0.6042304583924261,0.31051068425071565,-0.5252041177686679,3.8575010685942632,-3.3259507432497157
80.225,-65.47365985023056,0.05005966161177697,0.6042548458093103,0.31051038683430093,-0.5251919391005326,3.857433622546998,-3.3259979550691683
80.25,-65.47381466980171,0.05005859453579513,0.6042791777081561,0.31051007996916,-0.5251802057076709,3.8573665618755477,-3.3260444009405132
80.275,-65.47396695389921,0.05005754345078841,0.6043034539949937,0.31050976387438695,-0.525168914446356,3.857299891560606,-3.326090086169762
80.3,-65.47411672027853,0.05005650825604259,0.6043276745779134,0.3105094387668501,-0.525158062156703,3.8572336164481595,-3.3261350160835588
80.325,-65.47426398676038,0.05005548885026577,0.6043518393670653,0.31050910486119765,-0.525147645663356,3.8571677412509797,-3.326179196028113
80.35,-65.47440877122733,0.050054485131610864,0.6043759482746606,0.3105087623698634,-0.5251376617761652,3.8571022705500617,-3.326222631368199
80.375,-65.47455109162043,0.05005349699769814,0.604400001214971,0.3105084115030728,-0.5251281072908626,3.8570372087960965,-3.326265327486128
80.4,-65.47469096593589,0.05005252434563707,0.6044239981043283,0.310508052468849,-0.5251189789897186,3.8569725603109006,-3.3263072897807673
80.425,-65.47482841222181,0.050051567072048136,0.6044479388611242,0.31050768547301943,-0.5251102736421956,3.8569083292888777,-3.326348523666543
80.45,-65.47496344857494,0.05005062507308449,0.6044718234058086,0.3105073107192223,-0.525101988005597,3.8568445197984422,-3.3263890345724816
80.475,-65.4750960931375,0.05004969824445293,0.6044956516608886,0.31050692840891325,-0.5250941188256952,3.85678113578346,-3.3264288279412484
80.5,-65.47522636409401,0.050048786481434966,0.6045194235509269,0.3105065387413726,-0.5250866628373632,3.8567181810646676,-3.3264679092282035
80.525,-65.47535427966825,0.05004788967890742,0.60454313900254,0.3105061419137122,-0.5250796167651884,3.8566556593411003,-3.3265062839004753
80.55,-65.47547985812014,0.05004700773136295,0.6045667979443952,0.31050573812088295,-0.5250729773240888,3.856593574191501,-3.326543957436041
80.575,-65.47560311774274,0.050046140532930036,0.6045904003072089,0.3105053275556823,-0.5250667412199077,3.8565319290757336,-3.3265809353228204
80.6,-65.47572407685928,0.050045287977392855,0.6046139460237433,0.3105049104087617,-0.5250609051500079,3.8564707273361845,-3.3266172230577835
80.625,-65.47584275382025,0.05004444995821093,0.6046374350288033,0.3105044868686348,-0.5250554658038573,3.856409972199157,-3.3266528261460735
80.65,-65.47595916700047,0.05004362636853827,0.6046608672592332,0.31050405712168505,-0.5250504198636001,3.8563496667762593,-3.3266877501001404
80.675,-65.4760733347963,0.05004281710124284,0.6046842426539127,0.3105036213521743,-0.525045764004636,3.856289814065798,-3.3267220004388887
80.7,-65.47618527562278,0.05004202204892485,0.6047075611537535,0.3105031797422507,-0.5250414948961653,3.8562304169541415,-3.3267555826868347
80.725,-65.4762950079109,0.050041241103935645,0.6047308227016942,0.31050273247195753,-0.52503760920175,3.856171478217098,-3.3267885023732715
80.75,-65.4764025501049,0.0500404741583959,0.6047540272426967,0.31050227971924155,-0.525034103579856,3.856113000521278,-3.3268207650314676
80.775,-65.47650792065949,0.05003972110421338,0.6047771747237408,0.310501821659962,-0.5250309746843792,3.856054986425455,-3.3268523761978455
80.8,-65.47661113803733,0.050038981833101265,0.6048002650938196,0.31050135846789934,-0.5250282191651906,3.85599743838191,-3.326883341411198
80.825,-65.47671222070636,0.050038256236595066,0.6048232983039338,0.3105008903147644,-0.5250258336686389,3.8559403587377745,-3.326913666211908
80.85,-65.47681118713727,0.05003754420607024,0.6048462743070867,0.3105004173702076,-0.5250238148380706,3.8558837497363703,-3.3269433561411814
80.875,-65.47690805580096,0.05003684563275908,0.6048691930582781,0.3104999398018282,-0.5250221593143328,3.8558276135185365,-3.3269724167402885
80.9,-65.47700284516606,0.05003616040776748,0.6048920545144983,0.31049945777518373,-0.5250208637362686,3.85577195212395,-3.327000853549816
80.925,-65.47709557369647,0.05003548842209153,0.6049148586347224,0.3104989714537997,-0.525019924741208,3.8557167674924475,-3.3270286721089417
80.95,-65.47718625984902,0.05003482956663363,0.6049376053799029,0.3104984809991791,-0.5250193389654454,3.855662061465323,-3.327055877954706
80.975,-65.47727492207103,0.05003418373221865,0.6049602947129642,0.31049798657081246,-0.5250191030447169,3.855607835786631,-3.3270824766213094
81.0,-65.47736157879802,0.05003355080960961,0.6049829265987949,0.3104974883261877,-0.525019213614663,3.8555540921044886,-3.327108473639407
81.025,-65.47744624845144,0.05003293068952336,0.6050055010042411,0.31049698642080004,-0.525019667311292,3.855500831972341,-3.327133874535433
81.05,-65.47752894943638,0.050032323262645714,0.605028017898099,0.31049648100816235,-0.525020460771427,3.8554480568502525,-3.3271586848309127
81.075,-65.47760970013937,0.05003172841964665,0.6050504772511074,0.3104959722398154,-0.5250215906331522,3.855395768106177,-3.32718291004181
81.1,-65.4776885189262,0.050031146051195,0.6050728790359401,0.3104954602653381,-0.5250230535362482,3.855343967017219,-3.32720655567786
81.125,-65.4777654241398,0.05003057604797331,0.605095223227198,0.3104949452323581,-0.5250248461226278,3.855292654770886,-3.327229627241941
81.15,-65.47784043409813,0.050030018300691835,0.6051175098014008,0.31049442728656235,-0.5250269650367477,3.8552418324663305,-3.327252130229438
81.175,-65.47791356709207,0.050029472700103016,0.6051397387369792,0.3104939065717077,-0.5250294069260364,3.8551915011156006,-3.327274070127622
81.2,-65.47798484138346,0.050028939137015255,0.6051619100142662,0.31049338322963177,-0.5250321684412964,3.855141661644865,-3.3272954524150378
81.225,-65.47805427520305,0.05002841750230652,0.6051840236154885,0.31049285740026367,-0.5250352462371057,3.8550923148956326,-3.327316282560915
81.25,-65.47812188674855,0.05002790768693788,0.6052060795247577,0.310492329221635,-0.5250386369722136,3.855043461625977,-3.3273365660245657
81.275,-65.47818769418275,0.050027409581966865,0.6052280777280613,0.3104917988298909,-0.5250423373099342,3.854995102511732,-3.3273563082548248
81.3,-65.47825171563156,0.050026923078560305,0.605250018213254,0.3104912663593012,-0.5250463439185213,3.8549472381477043,-3.327375514689467
81.325,-65.47831396918218,0.05002644806800713,0.6052719009700477,0.31049073194227134,-0.5250506534715442,3.8548998690488565,-3.3273941907546543
81.35,-65.47837447288131,0.0500259844417311,0.6052937259900028,0.310490195709354,-0.52505526264826,3.854852995651496,-3.327412341864394
81.375,-65.47843324473335,0.05002553209130302,0.605315493266518,0.3104896577892601,-0.5250601681339715,3.8548066183144325,-3.3274299734200055
81.4,-65.47849030269859,0.05002509090845301,0.6053372027948212,0.3104891183088704,-0.525065366620385,3.8547607373201807,-3.3274470908095766
81.425,-65.47854566469157,0.05002466078508235,0.6053588545719588,0.31048857739324687,-0.5250708548059576,3.854715352876079,-3.3274636994074696
81.45,-65.47859934857932,0.05002424161327525,0.6053804485967866,0.3104880351656443,-0.5250766293962391,3.854670465115475,-3.3274798045737968
81.475,-65.47865137217978,0.05002383328531038,0.605401984869959,0.3104874917475218,-0.5250826871042109,3.8546260740988387,-3.327495411653935
81.5,-65.47870175326013,0.05002343569367219,0.6054234633939187,0.31048694725855447,-0.5250890246506132,3.8545821798149142,-3.3275105259780373
81.525,-65.47875050953516,0.05002304873106202,0.6054448841728868,0.31048640181664516,-0.5250956387642716,3.85453878218185,-3.327525152860548
81.55,-65.47879765866583,0.05002267229040893,0.6054662472128517,0.31048585553793623,-0.5251025261824102,3.8544958810482974,-3.3275392975997478
81.575,-65.4788432182576,0.05002230626488062,0.6054875525215587,0.31048530853682127,-0.5251096836509695,3.8544534761945415,-3.327552965477278
81.6,-65.47888720585904,0.05002195054789366,0.6055088001084993,0.3104847609259571,-0.5251171079249057,3.8544115673335875,-3.3275661617577112
81.625,-65.47892963896032,0.050021605033124,0.6055299899848998,0.31048421281627564,-0.5251247957684944,3.854370154112262,-3.327578891688097
81.65,-65.47897053499182,0.050021269614517,0.6055511221637109,0.3104836643169958,-0.5251327439556213,3.8543292361122843,-3.3275911604975446
81.675,-65.47900991132263,0.05002094418629746,0.605572196659596,0.3104831155356357,-0.5251409492700756,3.8542888128513675,-3.32760297339679
81.7,-65.47904778525931,0.050020628642979105,0.6055932134889207,0.31048256657802414,-0.525149408505822,3.8542488837842463,-3.327614335577793
81.725,-65.4790841740444,0.05002032287937439,0.6056141726697405,0.3104820175483135,-0.5251581184672871,3.8542094483037865,-3.3276252522133203
81.75,-65.47911909485524,0.050020026790603744,0.60563507422179,0.31048146854899134,-0.5251670759696253,3.854170505741998,-3.3276357284565705
81.775,-65.47915256480256,0.05001974027210466,0.6056559181664711,0.3104809196808926,-0.5251762778389827,3.854132055371097,-3.327645769440768
81.8,-65.47918460092936,0.050019463219640785,0.6056767045268419,0.31048037104321186,-0.5251857209127594,3.8540940964045243,-3.327655380278807
81.825,-65.47921522020955,0.0500191955293107,0.6056974333276038,0.31047982273351554,-0.525195402039863,3.8540566279979833,-3.327664566062866
81.85,-65.47924443954686,0.050018937097556455,0.6057181045950912,0.31047927484775417,-0.5252053180809544,3.854019649250454,-3.327673331864058
81.875,-65.47927227577358,0.05001868782117199,0.6057387183572586,0.31047872748027466,-0.5252154659086916,3.853983159205207,-3.327681682732074
81.9,-65.47929874564947,0.050018447597311624,0.6057592746436682,0.3104781807238325,-0.5252258424079729,3.853947156850794,-3.3276896236948414
81.925,-65.47932386586064,0.050018216323497816,0.6057797734854794,0.3104776346696041,-0.5252364444761611,3.8539116411220466,-3.3276971597581904
81.95,-65.47934765301841,0.05001799389762925,0.6058002149154352,0.3104770894071992,-0.5252472690233158,3.85387661090106,-3.327704295905522
81.975,-65.47937012365834,0.05001778021798851,0.605820598967851,0.3104765450246732,-0.5252583129724127,3.8538420650181626,-3.3277110370975023
82.0,-65.47939129423914,0.05001757518324967,0.6058409256786015,0.3104760016085395,-0.5252695732595635,3.8538080022528933,-3.3277173882717404
82.025,-65.47941118114163,0.05001737869248563,0.6058611950851088,0.31047545924378184,-0.5252810468342239,3.853774421334948,-3.3277233543424884
82.05,-65.47942980066782,0.05001719064517548,0.6058814072263302,0.31047491801386673,-0.5252927306594057,3.85374132094514,-3.3277289402003447
82.075,-65.47944716903991,0.050017010941211325,0.6059015621427454,0.31047437800075584,-0.5253046217118722,3.853708699716334,-3.3277341507119744
82.1,-65.4794633023994,0.05001683948090529,0.6059216598763438,0.3104738392849185,-0.5253167169823368,3.853676556234392,-3.3277389907198183
82.125,-65.47947821680611,0.05001667616499639,0.6059417004706126,0.310473301945344,-0.5253290134756615,3.85364488903908,-3.3277434650418343
82.15,-65.47949192823741,0.050016520894656774,0.6059616839705233,0.310472766059554,-0.5253415082110324,3.8536136966249974,-3.327747578471222
82.175,-65.47950445258725,0.050016373571498456,0.60598161042252,0.31047223170361504,-0.5253541982221529,3.8535829774424815,-3.3277513357761745
82.2,-65.47951580566541,0.05001623409757944,0.6060014798745057,0.31047169895215093,-0.5253670805574175,3.853552729898503,-3.327754741699624
82.225,-65.47952600319665,0.050016102375409724,0.6060212923758302,0.31047116787835527,-0.5253801522800828,3.8535229523575767,-3.3277578009589956
82.25,-65.47953506081994,0.050015978307957336,0.6060410479772772,0.3104706385540036,-0.5253934104684369,3.8534936431426132,-3.327760518245982
82.275,-65.4795429940877,0.05001586179865412,0.6060607467310509,0.31047011104946615,-0.5254068522159653,3.8534648005358263,-3.327762898226308
82.3,-65.47954981846503,0.050015752751401285,0.606080388690764,0.31046958543372005,-0.5254204746315074,3.853436422779576,-3.327764945539509
82.325,-65.47955554932909,0.05001565107057504,0.6060999739114239,0.3104690617743618,-0.525434274839415,3.853408508077236,-3.327766664798727
82.35,-65.47956020196828,0.050015556661031815,0.6061195024494204,0.3104685401376196,-0.5254482499796996,3.8533810545940503,-3.327768060590485
82.375,-65.47956379158168,0.05001546942811346,0.6061389743625123,0.3104680205883659,-0.5254623972081801,3.853354060457962,-3.3277691374745046
82.4,-65.47956633327834,0.050015389277652346,0.6061583897098146,0.3104675031901297,-0.5254767136966241,3.85332752376046,-3.3277698999835024
82.425,-65.47956784207668,0.05001531611597616,0.6061777485517855,0.3104669880051088,-0.5254911966328843,3.853301442557395,-3.3277703526230025
82.45,-65.47956833290388,0.05001524984991288,0.6061970509502129,0.3104664750941823,-0.5255058432210363,3.8532758148697983,-3.327770499871164
82.475,-65.47956782059532,0.050015190386795215,0.606216296968202,0.31046596451692293,-0.525520650681505,3.8532506386847016,-3.327770346178596
82.5,-65.47956631989399,0.05001513763446503,0.6062354866701617,0.31046545633160927,-0.5255356162511851,3.853225911955922,-3.327769895968197
82.525,-65.47956384544997,0.050015091501277954,0.6062546201217912,0.3104649505952381,-0.5255507371835716,3.8532016326048604,-3.327769153634992
82.55,-65.4795604118199,0.050015051896107325,0.606273697390068,0.31046444736353673,-0.5255660107488688,3.8531777985213007,-3.327768123545971
82.575,-65.4795560334665,0.050015018728348376,0.6062927185432334,0.3104639466909752,-0.5255814342341056,3.8531544075641673,-3.327766810039948
82.6,-65.47955072475806,0.050014991907922274,0.6063116836507804,0.31046344863077857,-0.5255970049432491,3.8531314575623004,-3.3277652174274164
82.625,-65.47954449996803,0.05001497134527978,0.6063305927834398,0.310462953234939,-0.5256127201973037,3.8531089463152206,-3.3277633499904082
82.65,-65.47953737327455,0.05001495695140508,0.6063494460131675,0.31046246055422816,-0.5256285773344167,3.853086871593879,-3.3277612119823656
82.675,-65.47952935876003,0.05001494863781923,0.606368243413131,0.31046197063820924,-0.5256445737099745,3.853065231141407,-3.3277588076280096
82.7,-65.47952047041076,0.05001494631658364,0.6063869850576964,0.3104614835352491,-0.5256607066966956,3.853044022673846,-3.327756141123228
82.725,-65.47951072211653,0.05001494990030338,0.6064056710224153,0.3104609992925304,-0.5256769736847222,3.8530232438808807,-3.327753216634959
82.75,-65.47950012767028,0.050014959302130346,0.6064243013840112,0.31046051795606366,-0.5256933720817055,3.853002892426552,-3.327750038301083
82.775,-65.47948870076772,0.05001497443576643,0.6064428762203667,0.3104600395706994,-0.5257098993128922,3.8529829659499915,-3.327746610230315
82.8,-65.47947645500706,0.05001499521546628,0.6064613956105106,0.31045956418014,-0.525726552821199,3.852963462066099,-3.327742936502118
82.825,-65.47946340388864,0.050015021556040345,0.6064798596346039,0.3104590918269517,-0.5257433300672927,3.8529443783662662,-3.327739021166593
82.85,-65.4794495608147,0.05001505337285734,0.6064982683739274,0.3104586225525767,-0.5257602285296579,3.852925712419052,-3.3277348682444097
82.875,-65.47943493908907,0.05001509058184709,0.6065166219108681,0.3104581563973451,-0.5257772457046725,3.8529074617708647,-3.327730481726722
82.9,-65.47941955191693,0.05001513309950289,0.6065349203289063,0.31045769340048635,-0.5257943791066692,3.8528896239466475,-3.3277258655750797
82.925,-65.47940341240458,0.05001518084288384,0.6065531637126025,0.3104572336001416,-0.5258116262679975,3.852872196450529,-3.3277210237213737
82.95,-65.47938653355918,0.05001523372961725,0.6065713521475841,0.31045677703337526,-0.5258289847390872,3.8528551767665022,-3.3277159600677533
82.975,-65.47936892828861,0.05001529167790063,0.6065894857205324,0.31045632373618676,-0.5258464520884987,3.852838562359058,-3.327710678486582
83.0,-65.47935060940124,0.050015354606503755,0.6066075645191696,0.31045587374352235,-0.5258640259029771,3.852822350673842,-3.3277051828203708
83.025,-65.47933158960574,0.05001542243477074,0.6066255886322457,0.31045542708928675,-0.5258817037875048,3.8528065391382946,-3.3276994768817203
83.05,-65.47931188151098,0.050015495082621736,0.6066435581495254,0.3104549838063547,-0.5258994833653461,3.852791125162258,-3.327693564453294
83.075,-65.47929149762587,0.05001557247055471,0.6066614731617753,0.3104545439265827,-0.525917362278089,3.85277610613862,-3.3276874492877595
83.1,-65.4792704503592,0.050015654519647054,0.6066793337607506,0.3104541074808205,-0.5259353381856877,3.8527614794439202,-3.3276811351077584
83.125,-65.47924875201954,0.05001574115155712,0.6066971400391823,0.31045367449892247,-0.5259534087664982,3.8527472424389675,-3.3276746256058627
83.15,-65.47922641481523,0.050015832288525575,0.6067148920907646,0.31045324500975935,-0.5259715717173119,3.852733392469413,-3.327667924444569
83.175,-65.47920345085416,0.0500159278533769,0.6067325900101413,0.31045281904122946,-0.525989824753392,3.8527199268663765,-3.3276610352562472
83.2,-65.47917987214382,0.05001602776952039,0.6067502338928938,0.3104523966202701,-0.5260081656084945,3.852706842947005,-3.327653961643145
83.225,-65.47915569059117,0.050016131960951477,0.6067678238355274,0.31045197777286887,-0.5260265920349003,3.852694138015071,-3.327646707177351
83.25,-65.47913091800268,0.05001624035225271,0.606785359935459,0.310451562524075,-0.526045101803436,3.8526818093615227,-3.3276392754008044
83.275,-65.47910556608424,0.0500163528685946,0.6068028422910042,0.31045115089801056,-0.5260636927034911,3.8526698542650633,-3.327631669825273
83.3,-65.47907964644118,0.050016469435736684,0.6068202710013648,0.3104507429178815,-0.5260823625430422,3.8526582699927037,-3.3276238939323535
83.325,-65.47905317057827,0.050016589980028156,0.6068376461666155,0.3104503386059889,-0.5261011091486629,3.8526470538003053,-3.32761595117348
83.35,-65.47902614989974,0.050016714428408396,0.606854967887692,0.31044993798374015,-0.5261199303655324,3.8526362029331342,-3.327607844969921
83.375,-65.47899859570931,0.05001684270840789,0.6068722362663778,0.31044954107165973,-0.5261388240574545,3.852625714626385,-3.327599578712794
83.4,-65.47897051921022,0.05001697474814845,0.6068894514052919,0.3104491478894002,-0.5261577881068569,3.852615586105719,-3.3275911557630664
83.425,-65.47894193150532,0.050017110476343815,0.6069066134078763,0.31044875845575337,-0.5261768204148002,3.852605814587775,-3.327582579451595
83.45,-65.47891284359707,0.05001724982229989,0.6069237223783832,0.3104483727886609,-0.5261959189009777,3.8525963972806987,-3.3275738530791217
83.475,-65.47888326638771,0.05001739271591499,0.6069407784218629,0.3104479909052251,-0.5262150815037151,3.8525873313846324,-3.327564979916313
83.5,-65.47885321067929,0.05001753908768002,0.6069577816441513,0.31044761282171995,-0.5262343061799678,3.8525786140922307,-3.3275559632037868
83.525,-65.47882268717379,0.05001768886867864,0.6069747321518573,0.31044723855360146,-0.5262535909053173,3.852570242589147,-3.3275468061521365
83.55,-65.47879170647323,0.05001784199058714,0.6069916300523507,0.31044686811551847,-0.5262729336739607,3.852562214054525,-3.3275375119419692
83.575,-65.47876027907982,0.05001799838567447,0.6070084754537501,0.3104465015213233,-0.5262923324987031,3.8525545256614797,-3.3275280837239465
83.6,-65.47872841539608,0.0500181579868021,0.6070252684649105,0.3104461387840821,-0.5263117854109458,3.8525471745775643,-3.327518524618823
83.625,-65.47869612572497,0.050018320727423696,0.6070420091954107,0.3104457799160855,-0.5263312904606696,3.8525401579652536,-3.3275088377174895
83.65,-65.47866342027008,0.05001848654158495,0.6070586977555424,0.31044542492885885,-0.5263508457164205,3.8525334729823886,-3.327499026081024
83.675,-65.47863030913582,0.05001865536392317,0.6070753342562966,0.31044507383317255,-0.5263704492652912,3.852527116782632,-3.327489092740747
83.7,-65.47859680232754,0.05001882712966679,0.6070919188093525,0.3104447266390526,-0.5263900992128977,3.852521086515934,-3.3274790406982633
83.725,-65.47856290975179,0.05001900177463494,0.6071084515270658,0.3104443833557905,-0.5264097936833597,3.852515379328948,-3.327468872925536
83.75,-65.47852864121643,0.050019179235236806,0.607124932522456,0.31044404399195363,-0.5264295308192735,3.8525099923654946,-3.3274585923649282
83.775,-65.47849400643095,0.050019359448471044,0.6071413619091951,0.3104437085553954,-0.5264493087816862,3.8525049227669683,-3.327448201929285
83.8,-65.47845901500664,0.050019542351925,0.6071577398015956,0.31044337705326497,-0.5264691257500663,3.8525001676727624,-3.3274377045019903
83.825,-65.47842367645679,0.05001972788377397,0.6071740663145988,0.3104430494920177,-0.5264889799222725,3.852495724220699,-3.3274271029370355
83.85,-65.47838800019697,0.05001991598278039,0.6071903415637633,0.3104427258774246,-0.5265088695145229,3.8524915895474274,-3.3274164000590916
83.875,-65.4783519955453,0.05002010658829286,0.607206565665253,0.31044240621458263,-0.5265287927613579,3.852487760788832,-3.3274055986635886
83.9,-65.47831567172263,0.05002029964024512,0.6072227387358259,0.3104420905079242,-0.5265487479156021,3.852484235080431,-3.3273947015167877
83.925,-65.47827903785287,0.05002049507915525,0.6072388608928225,0.31044177876122697,-0.5265687332483338,3.8524810095577706,-3.327383711355861
83.95,-65.47824210296329,0.05002069284612432,0.6072549322541544,0.31044147097762365,-0.5265887470488352,3.852478081356799,-3.3273726308889877
83.975,-65.47820487598473,0.050020892882835406,0.6072709529382926,0.3104411671596114,-0.5266087876245579,3.852475447614258,-3.3273614627954187
84.0,-65.47816736575193,0.05002109513155229,0.6072869230642567,0.31044086730906156,-0.5266288533010749,3.8524731054680554,-3.3273502097255787
84.025,-65.47812958100384,0.05002129953511819,0.6073028427516033,0.31044057142722903,-0.5266489424220363,3.852471052057626,-3.327338874301152
84.05,-65.47809153038392,0.05002150603695452,0.607318712120415,0.3104402795147618,-0.5266690533491245,3.852469284524307,-3.327327459115176
84.075,-65.47805322244044,0.05002171458105941,0.6073345312912891,0.3104399915717101,-0.526689184462002,3.8524678000116834,-3.327315966732131
84.1,-65.47801466562683,0.050021925112006364,0.6073503003853267,0.31043970759753586,-0.5267093341582652,3.8524665956659327,-3.3273043996880487
84.125,-65.477975868302,0.05002213757494271,0.6073660195241215,0.310439427591122,-0.5267295008533901,3.852465668636193,-3.327292760490599
84.15,-65.47793683873068,0.05002235191558812,0.6073816888297493,0.3104391515507812,-0.52674968298068,3.8524650160748695,-3.327281051619205
84.175,-65.47789758508378,0.05002256808023292,0.6073973084247566,0.3104388794742656,-0.5267698789912102,3.852464635138001,-3.327269275525134
84.2,-65.47785811543869,0.050022786015736544,0.6074128784321503,0.3104386113587754,-0.526790087353771,3.852464522985573,-3.3272574346316075
84.225,-65.47781843777973,0.050023005669525875,0.6074283989753864,0.31043834720096763,-0.526810306554814,3.8524646767818225,-3.327245531333919
84.25,-65.47777855999844,0.05002322698959332,0.6074438701783598,0.31043808699696573,-0.5268305350983856,3.8524650936955855,-3.327233567999532
84.275,-65.47773848989398,0.050023449924495256,0.6074592921653937,0.3104378307423678,-0.5268507715060741,3.8524657709005967,-3.3272215469681936
84.3,-65.47769823517352,0.050023674423350026,0.607474665061229,0.31043757843225556,-0.5268710143169423,3.852466705575783,-3.327209470552056
84.325,-65.47765780345263,0.0500239004358362,0.6074899889910138,0.31043733006120305,-0.526891262087469,3.852467894905577,-3.3271973410357885
84.35,-65.4776172022556,0.05002412791219056,0.6075052640802927,0.31043708562328526,-0.5269115133914801,3.8524693360802256,-3.32718516067668
84.375,-65.47757643901598,0.05002435680320621,0.6075204904549972,0.31043684511208663,-0.5269317668200872,3.8524710262960378,-3.327172931704793
84.4,-65.47753552107683,0.05002458706023044,0.6075356682414349,0.3104366085207097,-0.526952020981615,3.852472962755717,-3.327160656323049
84.425,-65.47749445569126,0.05002481863516284,0.6075507975662795,0.31043637584178335,-0.5269722745015378,3.852475142668606,-3.327148336707377
84.45,-65.47745325002275,0.05002505148045311,0.6075658785565606,0.3104361470674713,-0.5269925260224088,3.852477563250978,-3.3271359750068243
84.475,-65.47741191114562,0.050025285549098956,0.6075809113396541,0.31043592218948035,-0.5270127742037882,3.8524802217263017,-3.3271235733436866
84.5,-65.47737044604546,0.0500255207946439,0.6075958960432715,0.31043570119906866,-0.5270330177221715,3.852483115325507,-3.3271111338136365
84.525,-65.47732886161951,0.05002575717117514,0.6076108327954507,0.3104354840870538,-0.5270532552709182,3.852486241287238,-3.3270986584858533
84.55,-65.47728716467716,0.05002599463332122,0.6076257217245458,0.310435270843821,-0.527073485560176,3.8524895968581205,-3.3270861494031494
84.575,-65.47724536194036,0.05002623313624988,0.6076405629592173,0.3104350614593311,-0.5270937073168092,3.852493179292995,-3.327073608582108
84.6,-65.47720346004407,0.050026472635665606,0.607655356628423,0.31043485592312847,-0.5271139192843177,3.85249698585517,-3.3270610380132197
84.625,-65.47716146553668,0.050026713087807324,0.6076701028614075,0.310434654224349,-0.5271341202227625,3.852501013816662,-3.3270484396610045
84.65,-65.47711938488052,0.05002695444944601,0.6076848017876937,0.31043445635172784,-0.5271543089086859,3.8525052604584284,-3.327035815464157
84.675,-65.4770772244523,0.05002719667788232,0.6076994535370724,0.3104342622936072,-0.5271744841350358,3.8525097230705945,-3.3270231673356903
84.7,-65.47703499054354,0.050027439730944125,0.6077140582395937,0.31043407203794404,-0.5271946447110822,3.8525143989526804,-3.3270104971630627
84.725,-65.4769926893611,0.05002768356698407,0.607728616025557,0.31043388557231777,-0.5272147894623408,3.852519285413825,-3.326997806808329
84.75,-65.47695032702758,0.05002792814487693,0.6077431270255023,0.3104337028839376,-0.5272349172304847,3.8525243797729942,-3.326985098108274
84.775,-65.47690790958185,0.05002817342401715,0.6077575913702008,0.31043352395965035,-0.5272550268732644,3.8525296793592023,-3.326972372874556
84.8,-65.47686544297952,0.05002841936431633,0.6077720091906461,0.31043334878594747,-0.5272751172644268,3.8525351815117066,-3.3269596328938547
84.825,-65.47682293309337,0.05002866592620055,0.6077863806180449,0.3104331773489728,-0.5272951872936275,3.852540883580224,-3.3269468799280117
84.85,-65.47678038571394,0.050028913070607785,0.6078007057838081,0.31043300963452963,-0.5273152358663477,3.8525467829251143,-3.326934115714181
84.875,-65.4767378065499,0.05002916075898528,0.607814984819542,0.310432845628088,-0.527335261903808,3.852552876917582,-3.3269213419649715
84.9,-65.47669520122867,0.05002940895328677,0.6078292178570396,0.31043268531479173,-0.527355264342879,3.8525591629398597,-3.3269085603685995
84.925,-65.47665257529675,0.05002965761596987,0.6078434050282718,0.31043252867946575,-0.5273752421359972,3.8525656383854043,-3.326895772589026
84.95,-65.47660993422042,0.05002990670999332,0.6078575464653789,0.3104323757066228,-0.5273951942510745,3.852572300659054,-3.326882980266126
84.975,-65.47656728338606,0.050030156198814284,0.6078716423006619,0.31043222638047085,-0.5274151196714127,3.8525791471772397,-3.3268701850158178
85.0,-65.47652462810078,0.05003040604638538,0.607885692666574,0.31043208068491956,-0.5274350173956063,3.8525861753681228,-3.326857388430233
85.025,-65.47648197359285,0.050030656217152254,0.6078996976957124,0.3104319386035872,-0.5274548864374644,3.852593382671772,-3.326844592077856
85.05,-65.47643932501227,0.05003090667605034,0.6079136575208097,0.3104318001198076,-0.527474725825907,3.852600766540348,-3.3268317975036794
85.075,-65.4763966874312,0.05003115738850236,0.607927572274726,0.31043166521663657,-0.5274945346048837,3.8526083244382296,-3.326819006229361
85.1,-65.4763540658446,0.05003140832041528,0.6079414420904405,0.31043153387685885,-0.5275143118332759,3.8526160538421963,-3.3268062197533808
85.125,-65.47631146517062,0.05003165943817745,0.6079552671010433,0.3104314060829943,-0.5275340565848053,3.8526239522415597,-3.3267934395511873
85.15,-65.4762688902512,0.05003191070865574,0.6079690474397276,0.3104312818173047,-0.5275537679479412,3.8526320171383257,-3.3267806670753615
85.175,-65.47622634585255,0.05003216209919263,0.6079827832397816,0.31043116106180013,-0.5275734450258075,3.852640246047336,-3.3267679037557656
85.2,-65.4761838366657,0.05003241357760333,0.6079964746345807,0.3104310437982451,-0.5275930869360889,3.852648636496396,-3.326755150999709
85.225,-65.47614136730698,0.05003266511217265,0.60801012175758,0.3104309300081651,-0.527612692810933,3.852657186026427,-3.3267424101920935
85.25,-65.47609894231863,0.05003291667165223,0.6080237247423056,0.3104308196728527,-0.5276322617968595,3.852665892191581,-3.3267296826955883
85.275,-65.47605656616925,0.05003316822525745,0.6080372837223484,0.31043071277337386,-0.5276517930546615,3.852674752559386,-3.326716969850774
85.3,-65.47601424325437,0.050033419742664474,0.6080507988313553,0.3104306092905739,-0.5276712857593114,3.852683764710855,-3.3267042729763103
85.325,-65.47597197789696,0.05003367119400725,0.6080642702030221,0.31043050920508364,-0.527690739099864,3.8526929262406218,-3.326691593369088
85.35,-65.47592977434799,0.05003392254987438,0.6080776979710865,0.3104304124973252,-0.5277101522793571,3.852702234757046,-3.3266789323043966
85.375,-65.47588763678692,0.050034173781306215,0.6080910822693201,0.3104303191475182,-0.5277295245147189,3.852711687882334,-3.3266662910360765
85.4,-65.4758455693223,0.050034424859791725,0.6081044232315217,0.3104302291356852,-0.5277488550366662,3.852721283252642,-3.3266536707966905
85.425,-65.47580357599224,0.0500346757572655,0.6081177209915096,0.31043014244165795,-0.5277681430896112,3.852731018518193,-3.326641072797673
85.45,-65.475761660765,0.05003492644610457,0.608130975683115,0.3104300590450828,-0.5277873879315571,3.85274089134337,-3.3266284982295002
85.475,-65.47571982753949,0.050035176899125455,0.6081441874401744,0.3104299789254265,-0.5278065888340063,3.852750899406823,-3.3266159482618476
85.5,-65.47567808014584,0.0500354270895809,0.608157356396523,0.3104299020619817,-0.527825745081855,3.8527610404015586,-3.326603424043752
85.525,-65.47563642234591,0.050035676991156915,0.6081704826859878,0.3104298284338724,-0.5278448559732989,3.852771312035039,-3.326590926703774
85.55,-65.47559485783388,0.05003592657796967,0.6081835664423808,0.3104297580200598,-0.5278639208197348,3.852781712029266,-3.326578457350165
85.575,-65.47555339023674,0.05003617582456227,0.6081966077994918,0.3104296907993472,-0.5278829389456567,3.852792238120867,-3.326566017071022
85.6,-65.47551202311483,0.050036424705901604,0.6082096068910825,0.3104296267503857,-0.5279019096885571,3.852802888061195,-3.326553606934449
85.625,-65.47547075996245,0.05003667319737533,0.6082225638508791,0.31042956585167947,-0.5279208323988287,3.8528136596163804,-3.3265412279887343
85.65,-65.47542960420832,0.050036921274788634,0.6082354788125666,0.3104295080815907,-0.5279397064396637,3.852824550567432,-3.3265288812624942
85.675,-65.47538855921617,0.05003716891436107,0.6082483519097814,0.31042945341834505,-0.5279585311869517,3.8528355587102965,-3.326516567764851
85.7,-65.4753476282853,0.0500374160927235,0.608261183276106,0.3104294018400366,-0.527977306029182,3.8528466818559304,-3.3265042884855913
85.725,-65.47530681465109,0.050037662786914884,0.6082739730450617,0.31042935332463295,-0.5279960303673438,3.8528579178303755,-3.326492044395327
85.75,-65.47526612148552,0.05003790897437897,0.608286721350103,0.31042930784998013,-0.5280147036148178,3.8528692644748186,-3.3264798364456554
85.775,-65.47522555189778,0.050038154632961344,0.608299428324611,0.3104292653938076,-0.5280333251972852,3.852880719645649,-3.3264676655693335
85.8,-65.47518510893478,0.05003839974090612,0.608312094101888,0.31042922593373307,-0.5280518945526207,3.85289228121452,-3.326455532680434
85.825,-65.47514479558168,0.050038644276852715,0.6083247188151509,0.3104291894472673,-0.5280704111307917,3.8529039470684108,-3.326443438674505
85.85,-65.47510461476246,0.050038888219832815,0.6083373025975252,0.3104291559118188,-0.52808887439376,3.8529157151096762,-3.326431384428737
85.875,-65.47506456934043,0.050039131549267056,0.6083498455820393,0.3104291253046986,-0.5281072838153781,3.8529275832560868,-3.3264193708021295
85.9,-65.47502466211883,0.050039374244961896,0.6083623479016191,0.3104290976031248,-0.5281256388812893,3.8529395494408853,-3.3264073986356477
85.925,-65.4749848958413,0.05003961628710638,0.6083748096890819,0.31042907278422716,-0.5281439390888256,3.8529516116128337,-3.3263954687523904
85.95,-65.4749452731925,0.05003985765626897,0.6083872310771303,0.3104290508250515,-0.5281621839469058,3.8529637677362434,-3.3263835819577507
85.975,-65.47490579679858,0.05004009833339435,0.6083996121983477,0.3104290317025644,-0.5281803729759359,3.85297601579103,-3.326371739039574
86.0,-65.47486646922775,0.05004033829980021,0.6084119531851917,0.3104290153936573,-0.5281985057077059,3.852988353772738,-3.326359940768324
86.025,-65.47482729299084,0.050040577537174086,0.6084242541699894,0.31042900187515104,-0.5282165816852904,3.853000779692578,-3.3263481878972514
86.05,-65.47478827054182,0.0500408160275702,0.6084365152849316,0.3104289911238,-0.528234600462948,3.8530132915774526,-3.326336481162546
86.075,-65.47474940427833,0.05004105375340608,0.6084487366620678,0.3104289831162964,-0.5282525616060151,3.853025887470002,-3.326324821283498
86.1,-65.47471069654223,0.05004129069745957,0.6084609184333006,0.3104289778292745,-0.5282704646908095,3.853038565428611,-3.3263132089626692
86.125,-65.47467214962015,0.05004152684286561,0.6084730607303811,0.31042897523931445,-0.5282883093045305,3.8530513235274424,-3.326301644886044
86.15,-65.47463376574399,0.05004176217311288,0.6084851636849032,0.3104289753229467,-0.5283060950451518,3.853064159856454,-3.3262901297231964
86.175,-65.4745955470915,0.05004199667204079,0.608497227428299,0.31042897805665576,-0.5283238215213253,3.8530770725214194,-3.326278664127449
86.2,-65.47455749578677,0.05004223032383627,0.6085092520918337,0.3104289834168842,-0.5283414883522812,3.8530900596439532,-3.3262672487360305
86.225,-65.47451961390081,0.05004246311303054,0.6085212378066005,0.31042899138003655,-0.5283590951677248,3.8531031193615064,-3.326255884170243
86.25,-65.47448190345204,0.0500426950244958,0.6085331847035161,0.31042900192248307,-0.5283766416077327,3.8531162498273925,-3.326244571035613
86.275,-65.47444436640686,0.050042926043442376,0.608545092913316,0.31042901502056364,-0.5283941273226609,3.8531294492107935,-3.3262333099220567
86.3,-65.4744070046801,0.05004315615541524,0.6085569625665495,0.3104290306505913,-0.5284115519730368,3.853142715696771,-3.3262221014040305
86.325,-65.47436982013569,0.050043385346291054,0.608568793793575,0.31042904878885613,-0.5284289152294648,3.8531560474862565,-3.326210946040707
86.35,-65.47433281458703,0.05004361360227489,0.6085805867245561,0.31042906941162873,-0.5284462167725222,3.8531694427960823,-3.3261998443761085
86.375,-65.47429598979762,0.05004384090989709,0.6085923414894563,0.3104290924951638,-0.5284634562926611,3.8531828998589495,-3.326188796939287
86.4,-65.47425934748156,0.0500440672560101,0.6086040582180353,0.31042911801570366,-0.5284806334901081,3.8531964169234505,-3.3261778042444687
86.425,-65.47422288930403,0.050044292627785404,0.608615737039844,0.3104291459494817,-0.528497748074766,3.8532099922540617,-3.3261668667912088
86.45,-65.4741866168819,0.05004451701271031,0.6086273780842206,0.3104291762727258,-0.5285147997661154,3.8532236241311226,-3.326155985064568
86.475,-65.47415053178413,0.050044740398584905,0.6086389814802866,0.31042920896166176,-0.5285317882931154,3.8532373108508513,-3.3261451595352396
86.5,-65.4741146355324,0.050044962773518636,0.6086505473569419,0.31042924399251637,-0.5285487133940976,3.853251050725321,-3.3261343906597203
86.525,-65.47407892960157,0.050045184125927664,0.6086620758428615,0.3104292813415209,-0.5285655748166823,3.8532648420824476,-3.3261236788804722
86.55,-65.4740434154202,0.05004540444453142,0.6086735670664908,0.3104293209849143,-0.5285823723176696,3.8532786832659887,-3.3261130246260593
86.575,-65.47400809437104,0.05004562371834952,0.6086850211560421,0.3104293628989461,-0.5285991056629418,3.8532925726355156,-3.3261024283113128
86.6,-65.47397296779161,0.05004584193669883,0.6086964382394905,0.3104294070598798,-0.5286157746273714,3.8533065085664036,-3.3260918903374828
86.625,-65.47393803697463,0.0500460590891901,0.6087078184445702,0.3104294534439957,-0.5286323789947153,3.8533204894498088,-3.326081411092389
86.65,-65.47390330316858,0.05004627516572525,0.6087191618987705,0.31042950202759406,-0.528648918557528,3.853334513692652,-3.326070990950575
86.675,-65.4738687675782,0.05004649015649403,0.6087304687293321,0.310429552786998,-0.528665393117058,3.853348579717592,-3.3260606302734588
86.7,-65.47383443136493,0.05004670405197104,0.6087417390632437,0.3104296056985565,-0.5286818024831516,3.8533626859630115,-3.32605032940948
86.725,-65.47380029564755,0.05004691684291254,0.6087529730272381,0.3104296607386469,-0.5286981464741551,3.8533768308829663,-3.3260400886942647
86.75,-65.4737663615025,0.050047128520353756,0.6087641707477889,0.3104297178836783,-0.5287144249168281,3.853391012947198,-3.3260299084507494
86.775,-65.47373262996453,0.050047339075605525,0.6087753323511068,0.3104297771100938,-0.5287306376462383,3.8534052306410653,-3.326019788989359
86.8,-65.47369910202711,0.05004754850025126,0.6087864579631365,0.3104298383943734,-0.5287467845056663,3.8534194824655343,-3.3260097306081335
86.825,-65.47366577864295,0.05004775678614414,0.608797547709553,0.31042990171303675,-0.5287628653465162,3.853433766937145,-3.325999733592886
86.85,-65.47363266072449,0.05004796392540411,0.6088086017157585,0.31042996704264575,-0.5287788800282222,3.853448082587975,-3.3259897982173467
86.875,-65.47359974914438,0.05004816991041458,0.6088196201068792,0.31043003435980704,-0.5287948284181448,3.853462427965601,-3.325979924743315
86.9,-65.47356704473599,0.05004837473381981,0.6088306030077619,0.31043010364117457,-0.528810710391487,3.853476801633069,-3.3259701134207957
86.925,-65.47353454829386,0.05004857838852167,0.6088415505429712,0.3104301748634521,-0.528826525831194,3.8534912021688426,-3.3259603644881564
86.95,-65.4735022605742,0.05004878086767683,0.6088524628367861,0.31043024800339564,-0.5288422746278642,3.853505628166783,-3.3259506781722576
86.975,-65.47347018229537,0.05004898216469381,0.6088633400131971,0.31043032303781587,-0.5288579566796561,3.8535200782360906,-3.3259410546886117
87.0,-65.47343831413839,0.05004918227322991,0.6088741821959035,0.31043039994358046,-0.5288735718921918,3.8535345510012657,-3.3259314942415172
87.025,-65.47340665674734,0.050049381187188435,0.6088849895083104,0.3104304786976164,-0.5288891201784711,3.853549045102074,-3.325921997024203
87.05,-65.4733752107299,0.05004957890071573,0.6088957620735254,0.3104305592769123,-0.528904601458776,3.853563559193493,-3.3259125632189694
87.075,-65.47334397665776,0.05004977540819827,0.6089065000143564,0.3104306416585205,-0.5289200156605814,3.853578091945668,-3.3259031929973273
87.1,-65.47331295506716,0.050049970704259754,0.6089172034533089,0.31043072581955944,-0.5289353627184619,3.853592642043862,-3.3258938865201473
87.125,-65.4732821464593,0.050050164783758205,0.6089278725125827,0.31043081173721554,-0.5289506425740022,3.853607208188406,-3.325884643937789
87.15,-65.47325155130082,0.05005035764178327,0.6089385073140701,0.3104308993887455,-0.5289658551757115,3.8536217890946505,-3.325875465390246
87.175,-65.47322117002427,0.05005054927365319,0.6089491079793524,0.31043098875147845,-0.5289810004789287,3.8536363834929155,-3.325866351007282
87.2,-65.47319100302856,0.05005073967491205,0.6089596746296986,0.31043107980281764,-0.5289960784457355,3.8536509901284384,-3.325857300908568
87.225,-65.4731610506794,0.05005092884132687,0.6089702073860617,0.31043117252024266,-0.5290110890448658,3.8536656077613105,-3.325848315203818
87.25,-65.47313131330976,0.050051116768884935,0.608980706369077,0.31043126688131134,-0.529026032251621,3.853680235166435,-3.325839393992929
87.275,-65.47310179122039,0.050051303453790864,0.6089911716990598,0.3104313628636615,-0.5290409080477793,3.8536948711334515,-3.325830537366116
87.3,-65.47307248468012,0.050051488892464,0.6090016034960029,0.31043146044501313,-0.5290557164215118,3.85370951446671,-3.325821745404035
87.325,-65.47304339392642,0.050051673081535415,0.609012001879574,0.31043155960316976,-0.5290704573672909,3.853724163985185,-3.325813018177925
87.35,-65.47301451916584,0.05005185601784533,0.6090223669691145,0.31043166031602065,-0.5290851308858071,3.8537388185224204,-3.325804355749753
87.375,-65.4729858605744,0.05005203769844039,0.6090326988836362,0.3104317625615422,-0.5290997369838855,3.8537534769264785,-3.325795758172319
87.4,-65.47295741829804,0.05005221812057072,0.60904299774182,0.31043186631779995,-0.529114275674392,3.8537681380598734,-3.3257872254894107
87.425,-65.47292919245308,0.050052397281687505,0.6090532636620136,0.31043197156294994,-0.529128746976158,3.8537828007995016,-3.325778757735924
87.45,-65.47290118312662,0.05005257517944008,0.6090634967622295,0.3104320782752406,-0.5291431509138894,3.853797464036599,-3.325770354937987
87.475,-65.472873390377,0.05005275181167335,0.6090736971601429,0.3104321864330142,-0.5291574875180852,3.8538121266766496,-3.325762017113101
87.5,-65.4728458142342,0.05005292717642516,0.6090838649730902,0.31043229601470834,-0.5291717568249555,3.8538267876393397,-3.325753744270261
87.525,-65.47281845470029,0.05005310127192353,0.6090940003180668,0.3104324069988576,-0.5291859588763345,3.8538414458584787,-3.325745536410086
87.55,-65.47279131174979,0.050053274096584055,0.6091041033117255,0.310432519364095,-0.5292000937195995,3.8538561002819507,-3.325737393524936
87.575,-65.47276438533018,0.050053445649007364,0.6091141740703745,0.31043263308915336,-0.5292141614075908,3.853870749871623,-3.325729315599054
87.6,-65.47273767536224,0.05005361592797638,0.6091242127099761,0.31043274815286676,-0.5292281619985263,3.853885393603297,-3.3257213026086716
87.625,-65.4727111817405,0.050053784932453986,0.6091342193461446,0.3104328645341719,-0.5292420955559282,3.8539000304666304,-3.3257133545221476
87.65,-65.47268490433362,0.05005395266158011,0.6091441940941453,0.31043298221210947,-0.5292559621485314,3.853914659465062,-3.3257054713000853
87.675,-65.47265884298486,0.050054119114669456,0.609154137068892,0.31043310116582534,-0.5292697618502138,3.8539292796157456,-3.3256976528954567
87.7,-65.47263299751239,0.050054284291208714,0.6091640483849462,0.31043322137457197,-0.5292834947399069,3.85394388994948,-3.3256898992537174
87.725,-65.47260736770977,0.05005444819085429,0.6091739281565156,0.3104333428177096,-0.5292971609015268,3.8539584895106427,-3.3256822103129307
87.75,-65.4725819533463,0.05005461081342965,0.6091837764974524,0.31043346547470746,-0.5293107604238895,3.8539730773570966,-3.325674586003892
87.775,-65.47255675416746,0.05005477215892278,0.6091935935212519,0.3104335893251448,-0.5293242934006327,3.8539876525601393,-3.325667026250237
87.8,-65.47253176989524,0.0500549322274839,0.6092033793410515,0.3104337143487123,-0.5293377599301435,3.854002214204409,-3.325659530968572
87.825,-65.47250700022859,0.05005509101942277,0.6092131340696291,0.3104338405252129,-0.5293511601154746,3.8540167613878253,-3.3256521000685764
87.85,-65.47248244484378,0.050055248535206404,0.6092228578194018,0.31043396783456295,-0.5293644940642723,3.8540312932214995,-3.325644733453133
87.875,-65.47245810339477,0.0500554047754566,0.6092325507024249,0.31043409625679347,-0.5293777618887,3.854045808829672,-3.325637431018431
87.9,-65.47243397551364,0.050055559740947504,0.6092422128303906,0.3104342257720508,-0.5293909637053618,3.8540603073496214,-3.325630192654091
87.925,-65.4724100608109,0.05005571343260328,0.6092518443146271,0.3104343563605979,-0.5294040996352295,3.854074787931599,-3.3256230182432702
87.95,-65.47238635887592,0.05005586585149567,0.6092614452660969,0.31043448800281503,-0.5294171698035661,3.8540892497387405,-3.3256159076627765
87.975,-65.47236286927729,0.050056016998841664,0.6092710157953966,0.3104346206792008,-0.5294301743398544,3.854103691946993,-3.325608860783187
88.0,-65.47233959156314,0.050056166876001125,0.6092805560127551,0.3104347543703732,-0.5294431133777209,3.8541181137450478,-3.325601877468942
88.025,-65.4723165252616,0.050056315484474444,0.6092900660280333,0.3104348890570702,-0.5294559870548643,3.8541325143342293,-3.325594957578481
88.05,-65.47229366988108,0.05005646282590036,0.6092995459507226,0.31043502472015067,-0.5294687955129861,3.85414689292845,-3.3255881009643247
88.075,-65.47227102491067,0.05005660890205343,0.6093089958899442,0.31043516134059523,-0.5294815388977124,3.8541612487541044,-3.3255813074732004
88.1,-65.47224858982048,0.050056753714842014,0.6093184159544488,0.310435298899507,-0.5294942173585316,3.85417558105,-3.3255745769461442
88.125,-65.47222636406202,0.050056897266305946,0.6093278062526148,0.31043543737811236,-0.5295068310487201,3.854189889067275,-3.325567909218607
88.15,-65.47220434706854,0.05005703955861403,0.6093371668924484,0.31043557675776157,-0.5295193801252656,3.8542041720693123,-3.325561304120562
88.175,-65.47218253825535,0.050057180594062105,0.6093464979815821,0.3104357170199296,-0.5295318647488064,3.854218429331664,-3.3255547614766057
88.2,-65.4721609370202,0.050057320375070845,0.6093557996272748,0.3104358581462167,-0.5295442850835625,3.8542326601419648,-3.3255482811060615
88.225,-65.47213954274363,0.050057458904183394,0.6093650719364104,0.31043600011834904,-0.5295566412972622,3.854246863799843,-3.3255418628230897
88.25,-65.47211835478927,0.05005759618406329,0.6093743150154978,0.31043614291817934,-0.5295689335610771,3.8542610396168526,-3.3255355064367818
88.275,-65.47209737250422,0.050057732217492205,0.6093835289706696,0.3104362865276875,-0.5295811620495525,3.8542751869163756,-3.3255292117512667
88.3,-65.47207659521935,0.050057867007368036,0.6093927139076825,0.31043643092898104,-0.5295933269405466,3.8542893050335443,-3.3255229785658043
88.325,-65.47205602224963,0.05005800055670252,0.6094018699319158,0.3104365761042957,-0.5296054284151576,3.854303393315162,-3.3255168066748895
88.35,-65.47203565289452,0.050058132868619216,0.6094109971483715,0.310436722035996,-0.5296174666576596,3.854317451119602,-3.3255106958683553
88.375,-65.47201548643821,0.05005826394635155,0.6094200956616739,0.31043686870657555,-0.5296294418554433,3.854331477816743,-3.3255046459314626
88.4,-65.47199552215,0.050058393793240494,0.6094291655760685,0.3104370160986577,-0.5296413541989415,3.8543454727878697,-3.3254986566449984
88.425,-65.47197575928458,0.05005852241273281,0.6094382069954226,0.3104371641949959,-0.5296532038815773,3.8543594354256,-3.3254927277853725
88.45,-65.47195619708239,0.050058649808378666,0.6094472200232243,0.31043731297847404,-0.529664991099688,3.8543733651337844,-3.3254868591247173
88.475,-65.4719368347699,0.05005877598382992,0.609456204762582,0.3104374624321069,-0.5296767160524712,3.854387261327436,-3.3254810504309718
88.5,-65.47191767155995,0.05005890094283796,0.609465161316225,0.3104376125390405,-0.52968837894192,3.854401123432632,-3.3254753014679848
88.525,-65.47189870665201,0.050059024689251753,0.6094740897865023,0.31043776328255246,-0.5296999799727605,3.8544149508864334,-3.3254696119956035
88.55,-65.47187993923254,0.05005914722701589,0.609482990275383,0.31043791464605225,-0.5297115193523912,3.8544287431368045,-3.3254639817697607
88.575,-65.47186136847523,0.05005926856016866,0.6094918628844557,0.3104380666130816,-0.5297229972908241,3.854442499642523,-3.325458410542569
88.6,-65.47184299354137,0.050059388692839955,0.6095007077149286,0.3104382191673146,-0.5297344140006185,3.8544562198730854,-3.3254528980624114
88.625,-65.47182481358011,0.050059507629249614,0.6095095248676293,0.3104383722925581,-0.5297457696968306,3.8544699033086247,-3.3254474440740336
88.65,-65.47180682772874,0.05005962537370528,0.6095183144430047,0.31043852597275184,-0.5297570645969463,3.8544835494398346,-3.3254420483186222
88.675,-65.471789035113,0.050059741930600636,0.609527076541121,0.31043868019196874,-0.5297682989208264,3.8544971577678684,-3.3254367105339013
88.7,-65.47177143484737,0.05005985730441361,0.6095358112616636,0.310438834934415,-0.5297794728906517,3.8545107278042625,-3.3254314304542105
88.725,-65.47175402603533,0.05005997149970439,0.6095445187039367,0.31043899018443033,-0.5297905867308602,3.8545242590708457,-3.325426207810598
88.75,-65.47173680776967,0.05006008452111361,0.6095531989668641,0.310439145926488,-0.5298016406680922,3.8545377510996452,-3.325421042330902
88.775,-65.47171977913277,0.050060196373360566,0.6095618521489888,0.31043930214519516,-0.5298126349311337,3.8545512034328153,-3.3254159337398304
88.8,-65.47170293919685,0.05006030706124151,0.609570478348473,0.31043945882529267,-0.5298235697508646,3.8545646156225355,-3.3254108817590535
88.825,-65.47168628702424,0.05006041658962771,0.6095790776630983,0.3104396159516554,-0.5298344453601977,3.8545779872309356,-3.325405886107272
88.85,-65.4716698216677,0.050060524963463776,0.6095876501902658,0.3104397735092923,-0.5298452619940278,3.8545913178300024,-3.3254009465003107
88.875,-65.47165354217064,0.05006063218776586,0.6095961960269967,0.3104399314833462,-0.5298560198891749,3.8546046070014905,-3.3253960626511927
88.9,-65.47163744756739,0.05006073826762008,0.6096047152699314,0.3104400898590941,-0.5298667192843359,3.8546178543368437,-3.3253912342702163
88.925,-65.47162153688349,0.050060843208180626,0.6096132080153309,0.3104402486219471,-0.5298773604200268,3.854631059437094,-3.3253864610650465
88.95,-65.47160580913592,0.05006094701466814,0.6096216743590764,0.3104404077574503,-0.5298879435385311,3.8546442219127894,-3.3253817427407766
88.975,-65.47159026333337,0.050061049692368034,0.6096301143966697,0.31044056725128294,-0.5298984688838482,3.8546573413839056,-3.32537707900001
89.0,-65.47157489847649,0.05006115124662885,0.6096385282232332,0.31044072708925824,-0.5299089367016435,3.854670417479746,-3.325372469542947
89.025,-65.47155971355814,0.05006125168286053,0.6096469159335108,0.3104408872573234,-0.529919347239195,3.8546834498388742,-3.325367914067441
89.05,-65.47154470756364,0.05006135100653295,0.6096552776218678,0.31044104774155934,-0.5299297007453454,3.8546964381090065,-3.325363412269091
89.075,-65.47152987947102,0.05006144922317411,0.6096636133822912,0.31044120852818097,-0.5299399974704502,3.8547093819469436,-3.325358963841306
89.1,-65.47151522825125,0.050061546338368706,0.6096719233083906,0.31044136960353663,-0.5299502376663302,3.8547222810184727,-3.3253545684753747
89.125,-65.47150075286848,0.0500616423577565,0.6096802074933978,0.31044153095410837,-0.5299604215862234,3.8547351349982923,-3.3253502258605434
89.15,-65.47148645228029,0.05006173728703073,0.6096884660301679,0.31044169256651155,-0.5299705494847341,3.854747943569914,-3.325345935684086
89.175,-65.47147232543792,0.050061831131936525,0.6096966990111795,0.3104418544274948,-0.5299806216177864,3.8547607064255835,-3.3253416976313743
89.2,-65.47145837128649,0.05006192389826957,0.6097049065285352,0.31044201652393977,-0.5299906382425799,3.854773423266194,-3.3253375113859462
89.225,-65.47144458876525,0.05006201559187432,0.6097130886739619,0.31044217884286096,-0.5300005996175374,3.854786093801193,-3.325333376629575
89.25,-65.4714309768078,0.05006210621864273,0.6097212455388118,0.3104423413714056,-0.5300105060022645,3.85479871774851,-3.3253292930423384
89.275,-65.47141753434228,0.05006219578451271,0.6097293772140624,0.3104425040968532,-0.5300203576575022,3.8548112948344584,-3.3253252603026837
89.3,-65.47140426029165,0.050062284295466636,0.6097374837903172,0.3104426670066157,-0.5300301548450809,3.8548238247936597,-3.3253212780874946
89.325,-65.47139115357385,0.05006237175752989,0.6097455653578067,0.31044283008823687,-0.5300398978278751,3.854836307368957,-3.325317346072154
89.35,-65.47137821310204,0.05006245817676939,0.6097536220063882,0.3104429933293922,-0.5300495868697596,3.8548487423113293,-3.3253134639306126
89.375,-65.47136543778485,0.050062543559292384,0.6097616538255473,0.3104431567178885,-0.5300592222355708,3.8548611293797936,-3.325309631335456
89.4,-65.47135282652653,0.05006262791124488,0.6097696609043977,0.31044332024166393,-0.530068804191059,3.8548734683413435,-3.325305847957958
89.425,-65.47134037822717,0.05006271123881023,0.6097776433316826,0.31044348388878734,-0.5300783330028456,3.8548857589708536,-3.32530211346815
89.45,-65.47132809178294,0.05006279354820787,0.6097856011957749,0.3104436476474581,-0.5300878089383827,3.85489800105099,-3.325298427534881
89.475,-65.47131596608625,0.05006287484569192,0.6097935345846779,0.31044381150600575,-0.5300972322659119,3.854910194372139,-3.3252947898258753
89.5,-65.47130400002601,0.05006295513754987,0.6098014435860263,0.31044397545288976,-0.5301066032544225,3.8549223387323055,-3.3252912000078028
89.525,-65.47129219248774,0.05006303443010129,0.6098093282870867,0.310444139476699,-0.5301159221736135,3.8549344339370526,-3.3252876577463213
89.55,-65.47128054235382,0.050063112729696435,0.6098171887747584,0.3104443035661516,-0.530125189293849,3.854946479799405,-3.325284162706147
89.575,-65.47126904850371,0.050063190042715165,0.6098250251355744,0.3104444677100943,-0.5301344048861264,3.854958476139762,-3.325280714551114
89.6,-65.47125770981407,0.050063266375565275,0.6098328374557014,0.3104446318975024,-0.5301435692220245,3.85497042278583,-3.32527731294422
89.625,-65.47124652515897,0.05006334173468164,0.6098406258209417,0.3104447961174789,-0.5301526825736778,3.8549823195725237,-3.3252739575476924
89.65,-65.47123549341013,0.050063416126524894,0.6098483903167332,0.31044496035925456,-0.5301617452137357,3.8549941663418967,-3.32527064802304
89.675,-65.47122461343703,0.05006348955758004,0.6098561310281506,0.3104451246121873,-0.5301707574153202,3.855005962943053,-3.325267384031109
89.7,-65.47121388410713,0.05006356203435533,0.609863848039906,0.3104452888657616,-0.5301797194519913,3.8550177092320603,-3.3252641652321384
89.725,-65.471203304286,0.050063633563381095,0.60987154143635,0.3104454531095884,-0.5301886315977115,3.855029405071894,-3.325260991285802
89.75,-65.47119287283759,0.05006370415120867,0.6098792113014726,0.3104456173334042,-0.5301974941268132,3.855041050332324,-3.325257861851277
89.775,-65.47118258862429,0.05006377380440887,0.6098868577189038,0.3104457815270711,-0.5302063073139515,3.8550526448898528,-3.325254776587286
89.8,-65.47117245050717,0.050063842529571335,0.6098944807719145,0.3104459456805759,-0.5302150714340841,3.855064188627633,-3.3252517351521504
89.825,-65.47116245734614,0.05006391033330298,0.6099020805434181,0.3104461097840299,-0.5302237867624249,3.8550756814353866,-3.3252487372038417
89.85,-65.4711526080001,0.05006397722222709,0.6099096571159704,0.3104462738276684,-0.5302324535744163,3.8550871232093207,-3.3252457824000285
89.875,-65.47114290132711,0.05006404320298224,0.6099172105717715,0.31044643780184983,-0.5302410721456947,3.8550985138520506,-3.325242870398134
89.9,-65.47113333618454,0.05006410828222097,0.609924740992666,0.31044660169705585,-0.5302496427520524,3.85510985327254,-3.3252400008553606
89.925,-65.47112391142925,0.050064172466609054,0.6099322484601446,0.3104467655038903,-0.5302581656694136,3.855121141385981,-3.3252371734287736
89.95,-65.4711146259177,0.05006423576282412,0.6099397330553445,0.31044692921307887,-0.5302666411737931,3.85513237811376,-3.325234387775312
89.975,-65.4711054785062,0.050064298177554784,0.6099471948590511,0.31044709281546873,-0.5302750695412698,3.85514356338335,-3.3252316435518607
90.0,-65.47109646805096,0.050064359717499576,0.6099546339516984,0.31044725630202774,-0.5302834510479545,3.855154697128245,-3.3252289404152875
90.025,-65.47108759340826,0.050064420389365975,0.60996205041337,0.310447419663844,-0.5302917859699596,3.855165779287886,-3.325226278022477
90.05,-65.47107885343463,0.050064480199869255,0.6099694443238008,0.3104475828921252,-0.5303000745833653,3.855176809807573,-3.32522365603039
90.075,-65.471070246987,0.05006453915573171,0.6099768157623775,0.3104477459781983,-0.5303083171641944,3.8551877886384043,-3.325221074096099
90.1,-65.47106177292278,0.05006459726368146,0.6099841648081397,0.3104479089135087,-0.5303165139883781,3.8551987157371843,-3.325218531876834
90.125,-65.47105343010008,0.050064654530451676,0.609991491539781,0.3104480716896198,-0.5303246653317311,3.8552095910663575,-3.3252160290300252
90.15,-65.47104521737779,0.0500647109627795,0.6099987960356504,0.31044823429821233,-0.5303327714699191,3.855220414593934,-3.3252135652133377
90.175,-65.47103713361574,0.050064766567405196,0.610006078373753,0.3104483967310838,-0.5303408326784336,3.8552311862934077,-3.325211140084721
90.2,-65.47102917767481,0.05006482135107109,0.6100133386317511,0.310448558980148,-0.530348849232559,3.855241906143692,-3.325208753302442
90.225,-65.4710213484171,0.05006487532052098,0.6100205768869658,0.31044872103743415,-0.5303568214073558,3.8552525741290378,-3.3252064045251286
90.25,-65.47101364470602,0.05006492848249882,0.6100277932163773,0.3104488828950865,-0.5303647494776198,3.8552631902389622,-3.3252040934118057
90.275,-65.47100606540646,0.05006498084374822,0.6100349876966271,0.3104490445453636,-0.530372633717868,3.8552737544681754,-3.325201819621937
90.3,-65.47099860938486,0.05006503241101126,0.6100421604040182,0.3104492059806378,-0.530380474402302,3.8552842668165104,-3.325199582815459
90.325,-65.4709912755094,0.05006508319102794,0.6100493114145165,0.31044936719339444,-0.5303882718047915,3.8552947272888436,-3.325197382652821
90.35,-65.47098406265006,0.05006513319053511,0.6100564408037522,0.31044952817623134,-0.5303960261988426,3.855305135895032,-3.325195218795018
90.375,-65.47097696967877,0.050065182416265785,0.6100635486470211,0.3104496889218581,-0.5304037378575769,3.8553154926498285,-3.325193090903632
90.4,-65.47096999546952,0.05006523087494818,0.610070635019285,0.3104498494230955,-0.5304114070537022,3.8553257975728332,-3.325190998640855
90.425,-65.47096313889845,0.05006527857330511,0.6100776999951739,0.3104500096728749,-0.5304190340594949,3.855336050688405,-3.3251889416695364
90.45,-65.47095639884404,0.050065325518053046,0.6100847436489865,0.3104501696642374,-0.5304266191467712,3.8553462520255897,-3.3251869196532113
90.475,-65.4709497741871,0.050065371715901356,0.6100917660546914,0.3104503293903333,-0.530434162586865,3.8553564016180637,-3.325184932256131
90.5,-65.47094326381101,0.050065417173551646,0.6100987672859288,0.31045048884442145,-0.530441664650607,3.8553664995040524,-3.3251829791433023
90.525,-65.47093686660172,0.050065461897696936,0.6101057474160114,0.31045064801986855,-0.5304491256083016,3.855376545726266,-3.3251810599805154
90.55,-65.4709305814479,0.05006550589502089,0.6101127065179255,0.31045080691014854,-0.530456545729702,3.8553865403318417,-3.3251791744343704
90.575,-65.47092440724109,0.05006554917219714,0.6101196446643324,0.3104509655088417,-0.5304639252839921,3.8553964833722425,-3.3251773221723253
90.6,-65.47091834287568,0.050065591735888565,0.6101265619275699,0.3104511238096343,-0.5304712645397626,3.8554063749032332,-3.325175502862703
90.625,-65.47091238724911,0.05006563359274658,0.6101334583796527,0.3104512818063176,-0.5304785637649919,3.855416214984787,-3.325173716174734
90.65,-65.47090653926197,0.050065674749410496,0.6101403340922747,0.3104514394927873,-0.5304858232270255,3.8554260036810133,-3.3251719617785924
90.675,-65.47090079781802,0.05006571521250677,0.6101471891368098,0.31045159686304297,-0.530493043192555,3.8554357410601185,-3.3251702393454052
90.7,-65.47089516182433,0.05006575498864838,0.6101540235843126,0.3104517539111871,-0.5305002239275978,3.8554454271943115,-3.325168548547299
90.725,-65.4708896301914,0.05006579408443416,0.6101608375055207,0.31045191063142463,-0.5305073656974789,3.8554550621597543,-3.3251668890574178
90.75,-65.47088420183316,0.0500658325064482,0.6101676309708555,0.31045206701806205,-0.5305144687668126,3.8554646460365003,-3.325165260549947
90.775,-65.47087887566717,0.05006587026125916,0.610174404050423,0.3104522230655068,-0.5305215333994818,3.8554741789084135,-3.32516366270015
90.8,-65.47087365061462,0.0500659073554196,0.6101811568140161,0.3104523787682666,-0.5305285598586185,3.8554836608631193,-3.325162095184386
90.825,-65.47086852560045,0.05006594379546562,0.6101878893311148,0.3104525341209486,-0.5305355484065923,3.8554930919919363,-3.3251605576801353
90.85,-65.47086349955345,0.05006597958791596,0.6101946016708883,0.3104526891182588,-0.5305424993049862,3.855502472389809,-3.3251590498660333
90.875,-65.47085857140628,0.05006601473927159,0.6102012939021961,0.3104528437550013,-0.5305494128145808,3.8555118021552515,-3.3251575714218844
90.9,-65.47085374009562,0.050066049256015106,0.610207966093589,0.31045299802607756,-0.5305562891953401,3.855521081390284,-3.325156122028686
90.925,-65.4708490045622,0.050066083144610064,0.6102146183133107,0.31045315192648565,-0.5305631287063894,3.8555303102003693,-3.325154701368659
90.95,-65.47084436375089,0.050066116411500744,0.610221250629299,0.31045330545131955,-0.5305699316060095,3.855539488694352,-3.325153309125265
90.975,-65.47083981661076,0.05006614906311113,0.6102278631091873,0.3104534585957684,-0.5305766981516066,3.855548616984397,-3.3251519449832285
91.0,-65.47083536209522,0.05006618110584488,0.6102344558203056,0.3104536113551159,-0.5305834285997112,3.8555576951859325,-3.3251506086285643
91.025,-65.47083099916196,0.0500662125460844,0.6102410288296819,0.3104537637247395,-0.530590123205951,3.855566723417592,-3.3251492997485883
91.05,-65.47082672677317,0.05006624339019053,0.610247582204044,0.3104539157001095,-0.5305967822250421,3.855575701801141,-3.32514801803195
91.075,-65.47082254389548,0.05006627364450209,0.6102541160098199,0.3104540672767886,-0.5306034059107755,3.855584630461437,-3.3251467631686435
91.1,-65.4708184495001,0.050066303315335334,0.6102606303131403,0.31045421845043103,-0.5306099945160007,3.8555935095263614,-3.32514553485003
91.125,-65.47081444256288,0.05006633240898341,0.6102671251798386,0.3104543692167818,-0.5306165482926107,3.8556023391267553,-3.325144332768865
91.15,-65.47081052206433,0.05006636093171599,0.6102736006754534,0.310454519571676,-0.5306230674915315,3.8556111193963805,-3.3251431566192977
91.175,-65.4708066869897,0.050066388889778685,0.6102800568652293,0.31045466951103806,-0.5306295523627033,3.8556198504718426,-3.325142006096911
91.2,-65.4708029363291,0.05006641628939282,0.6102864938141183,0.310454819030881,-0.5306360031550765,3.85562853249255,-3.325140880898728
91.225,-65.47079926907743,0.05006644313675477,0.6102929115867808,0.3104549681273057,-0.5306424201165911,3.8556371656006427,-3.3251397807232292
91.25,-65.47079568423457,0.05006646943803562,0.6102993102475878,0.31045511679650023,-0.5306488034941665,3.8556457499409578,-3.325138705270372
91.275,-65.47079218080536,0.050066495199380764,0.6103056898606215,0.3104552650347389,-0.5306551535336914,3.855654285660951,-3.3251376542416082
91.3,-65.47078875779965,0.05006652042690962,0.6103120504896768,0.3104554128383818,-0.5306614704800142,3.8556627729106565,-3.3251366273398957
91.325,-65.4707854142324,0.050066545126715004,0.6103183921982631,0.3104555602038739,-0.5306677545769259,3.8556712118426346,-3.3251356242697185
91.35,-65.47078214912366,0.050066569304862765,0.6103247150496048,0.31045570712774423,-0.5306740060671494,3.855679602611906,-3.325134644737099
91.375,-65.47077896149872,0.05006659296739163,0.6103310191066434,0.3104558536066054,-0.5306802251923352,3.8556879453759074,-3.325133688449617
91.4,-65.47077585038807,0.050066616120312574,0.6103373044320385,0.3104559996371526,-0.5306864121930426,3.8556962402944386,-3.3251327551164196
91.425,-65.47077281482744,0.05006663876960863,0.6103435710881693,0.31045614521616305,-0.5306925673087363,3.8557044875296107,-3.325131844448232
91.45,-65.47076985385795,0.05006666092123449,0.6103498191371358,0.3104562903404951,-0.530698690777773,3.8557126872457856,-3.325130956157383
91.475,-65.47076696652601,0.05006668258111611,0.6103560486407603,0.31045643500708764,-0.5307047828373913,3.8557208396095413,-3.325130089957804
91.5,-65.47076415188351,0.05006670375515043,0.6103622596605889,0.3104565792129592,-0.5307108437237038,3.855728944789598,-3.325129245565054
91.525,-65.47076140898774,0.05006672444920511,0.610368452257892,0.31045672295520743,-0.5307168736716894,3.8557370029567934,-3.3251284226963223
91.55,-65.47075873690147,0.050066744669118056,0.610374626493667,0.3104568662310081,-0.5307228729151798,3.855745014284017,-3.325127621070442
91.575,-65.47075613469302,0.050066764420697275,0.6103807824286387,0.31045700903761453,-0.5307288416868566,3.8557529789461613,-3.3251268404079055
91.6,-65.47075360143626,0.05006678370972042,0.6103869201232607,0.3104571513723569,-0.5307347802182371,3.855760897120079,-3.325126080430877
91.625,-65.47075113621065,0.050066802541934706,0.6103930396377173,0.31045729323264143,-0.5307406887396735,3.855768768984533,-3.3251253408631953
91.65,-65.4707487381013,0.05006682092305642,0.6103991410319243,0.31045743461594955,-0.5307465674803379,3.8557765947201394,-3.325124621430392
91.675,-65.47074640619898,0.0500668388587708,0.6104052243655307,0.3104575755198373,-0.53075241666822,3.855784374509335,-3.325123921859695
91.7,-65.47074413960014,0.05006685635473163,0.6104112896979197,0.31045771594193466,-0.5307582365301159,3.855792108536319,-3.3251232418800427
91.725,-65.47074193740697,0.050066873416561096,0.6104173370882106,0.3104578558799446,-0.5307640272916234,3.855799796987012,-3.325122581222091
91.75,-65.47073979872741,0.050066890049849516,0.6104233665952594,0.3104579953316426,-0.5307697891771359,3.8558074400490083,-3.325121939618222
91.775,-65.4707377226752,0.050066906260155065,0.610429378277661,0.3104581342948757,-0.5307755224098338,3.855815037911526,-3.3251213168025586
91.8,-65.47073570836986,0.05006692205300353,0.6104353721937498,0.3104582727675618,-0.5307812272116788,3.855822590765373,-3.3251207125109574
91.825,-65.47073375493677,0.05006693743388824,0.6104413484016016,0.31045841074768926,-0.5307869038034114,3.8558300988028895,-3.325120126481032
91.85,-65.47073186150718,0.05006695240826957,0.6104473069590345,0.3104585482333157,-0.5307925524045385,3.8558375622179177,-3.3251195584521525
91.875,-65.4707300272182,0.050066966981574916,0.6104532479236104,0.31045868522256753,-0.530798173233331,3.8558449812057365,-3.3251190081654585
91.9,-65.47072825121286,0.05006698115919857,0.6104591713526368,0.31045882171363925,-0.5308037665068235,3.855852355963042,-3.3251184753638583
91.925,-65.47072653264013,0.05006699494650127,0.6104650773031673,0.31045895770479265,-0.5308093324407995,3.855859686687892,-3.3251179597920384
91.95,-65.4707248706549,0.05006700834881032,0.6104709658320036,0.3104590931943561,-0.5308148712497965,3.8558669735796665,-3.3251174611964713
91.975,-65.47072326441808,0.05006702137141906,0.6104768369956963,0.3104592281807239,-0.5308203831470912,3.8558742168390174,-3.3251169793254247
92.0,-65.47072171309652,0.05006703401958708,0.6104826908505471,0.3104593626623555,-0.5308258683447067,3.8558814166678443,-3.3251165139289567
92.025,-65.47072021586308,0.05006704629853971,0.6104885274526091,0.31045949663777483,-0.5308313270533969,3.8558885732692443,-3.3251160647589244
92.05000000000001,-65.47071877189667,0.05006705821346804,0.6104943468576888,0.31045963010556954,-0.5308367594826493,3.855895686847459,-3.325115631569001
92.075,-65.4707173803822,0.050067069769528794,0.6105001491213472,0.31045976306439027,-0.5308421658406816,3.8559027576078573,-3.325115214114659
92.1,-65.47071604051064,0.05006708097184403,0.6105059342989012,0.3104598955129501,-0.5308475463344329,3.8559097857568827,-3.325114812153191
92.125,-65.47071475147902,0.050067091825501134,0.6105117024454247,0.31046002745002377,-0.5308529011695652,3.855916771502016,-3.3251144254437066
92.15,-65.47071351249046,0.05006710233555265,0.6105174536157505,0.3104601588744468,-0.5308582305504588,3.855923715051731,-3.3251140537471384
92.17500000000001,-65.47071232275414,0.05006711250701616,0.6105231878644707,0.31046028978511503,-0.5308635346802091,3.855930616615473,-3.3251136968262416
92.2,-65.47071118148536,0.05006712234487416,0.610528905245939,0.3104604201809839,-0.5308688137606247,3.8559374764035956,-3.3251133544456066
92.225,-65.47071008790549,0.05006713185407395,0.6105346058142711,0.31046055006106765,-0.530874067992224,3.855944294627349,-3.325113026371646
92.25,-65.47070904124205,0.05006714103952744,0.6105402896233469,0.31046067942443867,-0.5308792975742307,3.855951071498824,-3.3251127123726136
92.275,-65.47070804072865,0.05006714990611123,0.6105459567268112,0.3104608082702268,-0.5308845027045773,3.8559578072309235,-3.3251124122185955
92.30000000000001,-65.47070708560504,0.0500671584586664,0.6105516071780751,0.31046093659761875,-0.530889683579899,3.855964502037331,-3.3251121256815126
92.325,-65.4707061751171,0.0500671667019984,0.6105572410303174,0.3104610644058572,-0.530894840395532,3.855971156132461,-3.32511185253513
92.35,-65.47070530851683,0.05006717464087708,0.6105628583364857,0.31046119169424036,-0.5308999733455144,3.8559777697314424,-3.325111592555048
92.375,-65.47070448506238,0.05006718228003644,0.6105684591492982,0.3104613184621212,-0.5309050826225807,3.8559843430500647,-3.325111345518715
92.4,-65.47070370401805,0.05006718962417466,0.6105740435212446,0.31046144470890674,-0.5309101684181625,3.8559908763047575,-3.325111111205415
92.42500000000001,-65.47070296465427,0.05006719667795415,0.6105796115045871,0.3104615704340573,-0.5309152309223916,3.8559973697125454,-3.3251108893962793
92.45,-65.47070226624761,0.05006720344600135,0.610585163151362,0.3104616956370861,-0.5309202703240945,3.856003823491024,-3.325110679874284
92.475,-65.47070160808083,0.05006720993290662,0.6105906985133815,0.3104618203175583,-0.5309252868107908,3.85601023785832,-3.325110482424249
92.5,-65.47070098944276,0.05006721614322422,0.6105962176422343,0.3104619444750905,-0.5309302805686918,3.8560166130330673,-3.325110296832828
92.525,-65.47070040962844,0.05006722208147257,0.6106017205892865,0.3104620681093501,-0.5309352517827117,3.8560229492343616,-3.3251101228885305
92.55000000000001,-65.47069986793899,0.050067227752133715,0.6106072074056842,0.3104621912200546,-0.5309402006364499,3.856029246681746,-3.3251099603816967
92.575,-65.47069936368173,0.0500672331596537,0.6106126781423533,0.3104623138069708,-0.5309451273122047,3.856035505595157,-3.3251098091045193
92.6,-65.47069889617008,0.05006723830844233,0.610618132850002,0.31046243586991445,-0.5309500319909666,3.856041726194913,-3.325109668851023
92.625,-65.47069846472358,0.050067243202873146,0.610623571579121,0.31046255740874934,-0.530954914852419,3.856047908701674,-3.3251095394170744
92.65,-65.47069806866793,0.05006724784728363,0.6106289943799854,0.31046267842338676,-0.5309597760749444,3.8560540533364125,-3.3251094206003784
92.67500000000001,-65.47069770733492,0.050067252245974886,0.610634401302656,0.310462798913785,-0.5309646158356162,3.856060160320388,-3.325109312200476
92.7,-65.47069738006246,0.05006725640321181,0.6106397923969801,0.31046291887994837,-0.5309694343102048,3.8560662298751143,-3.325109214018738
92.725,-65.47069708619458,0.05006726032322311,0.610645167712593,0.3104630383219269,-0.5309742316731793,3.856072262222323,-3.3251091258583725
92.75,-65.47069682508139,0.05006726401020118,0.6106505272989192,0.3104631572398156,-0.5309790080977039,3.8560782575839503,-3.3251090475244167
92.775,-65.4706965960791,0.05006726746830223,0.6106558712051737,0.3104632756337537,-0.5309837637556437,3.8560842161820985,-3.325108978823728
92.80000000000001,-65.47069639854998,0.05006727070164625,0.6106611994803631,0.3104633935039242,-0.530988498817564,3.856090138239008,-3.3251089195649923
92.825,-65.47069623186238,0.05006727371431703,0.6106665121732868,0.3104635108505533,-0.5309932134527321,3.856096023977043,-3.3251088695587128
92.85,-65.47069609539074,0.05006727651036225,0.6106718093325384,0.3104636276739095,-0.5309979078291208,3.856101873618635,-3.3251088286172203
92.875,-65.47069598851549,0.05006727909379324,0.6106770910065068,0.31046374397430326,-0.5310025821134017,3.8561076873862925,-3.325108796554646
92.9,-65.47069591062315,0.05006728146858544,0.6106823572433774,0.3104638597520863,-0.531007236470961,3.8561134655025424,-3.3251087731869444
92.92500000000001,-65.47069586110624,0.0500672836386781,0.6106876080911332,0.3104639750076509,-0.5310118710658911,3.8561192081899254,-3.325108758331871
92.95,-65.47069583936327,0.05006728560797439,0.6106928435975563,0.3104640897414295,-0.5310164860609938,3.85612491567097,-3.325108751808982
92.975,-65.4706958447988,0.05006728738034152,0.6106980638102286,0.310464203953894,-0.5310210816177864,3.8561305881681496,-3.325108753439639
93.0,-65.47069587682331,0.050067288959610635,0.6107032687765338,0.3104643176455551,-0.5310256578964987,3.8561362259038776,-3.3251087630469938
93.025,-65.47069593485331,0.0500672903495772,0.6107084585436575,0.31046443081696173,-0.5310302150560853,3.8561418291004674,-3.325108780455993
93.05000000000001,-65.4706960183112,0.05006729155400056,0.6107136331585894,0.31046454346870056,-0.5310347532542137,3.856147397980124,-3.32510880549336
93.075,-65.47069612662537,0.05006729257660444,0.6107187926681237,0.31046465560139536,-0.5310392726472807,3.856152932764904,-3.3251088379876106
93.1,-65.47069625923011,0.05006729342107679,0.6107239371188607,0.3104647672157064,-0.5310437733904081,3.8561584336767027,-3.3251088777690327
93.125,-65.47069641556561,0.05006729409106993,0.610729066557208,0.31046487831233,-0.5310482556374482,3.8561639009372297,-3.3251089246696837
93.15,-65.47069659507795,0.05006729459020051,0.6107341810293813,0.31046498889199764,-0.5310527195409831,3.8561693347679857,-3.3251089785233856
93.17500000000001,-65.47069679721909,0.05006729492204969,0.6107392805814058,0.31046509895547575,-0.5310571652523322,3.8561747353902347,-3.325109039165727
93.2,-65.47069702144681,0.05006729509016315,0.6107443652591173,0.31046520850356496,-0.531061592921552,3.8561801030249954,-3.325109106434043
93.225,-65.47069726722474,0.050067295098051204,0.6107494351081636,0.3104653175370996,-0.5310660026974419,3.8561854378930076,-3.3251091801674204
93.25,-65.47069753402232,0.05006729494918901,0.6107544901740051,0.31046542605694716,-0.5310703947275509,3.856190740214713,-3.325109260206696
93.275,-65.4706978213148,0.05006729464701638,0.6107595305019162,0.3104655340640077,-0.5310747691581725,3.856196010210238,-3.32510934639444
93.30000000000001,-65.47069812858317,0.05006729419493808,0.6107645561369867,0.3104656415592131,-0.5310791261343547,3.856201248099369,-3.3251094385749496
93.325,-65.47069845531418,0.050067293596323864,0.6107695671241223,0.310465748543527,-0.5310834657999031,3.85620645410154,-3.3251095365942533
93.35,-65.47069880100032,0.05006729285450856,0.6107745635080465,0.3104658550179438,-0.5310877882973827,3.8562116284358012,-3.3251096403000973
93.375,-65.47069916513978,0.05006729197279215,0.6107795453333009,0.3104659609834885,-0.5310920937681226,3.8562167713208177,-3.325109749541933
93.4,-65.47069954723642,0.05006729095443997,0.610784512644247,0.3104660664412157,-0.5310963823522229,3.856221882974826,-3.3251098641709262
93.42500000000001,-65.47069994679981,0.05006728980268275,0.610789465485067,0.31046617139220956,-0.5311006541885559,3.8562269636156286,-3.325109984039943
93.45,-65.47070036334512,0.050067288520716735,0.6107944038997644,0.31046627583758296,-0.531104909414772,3.8562320134605836,-3.3251101090035347
93.475,-65.47070079639313,0.05006728711170367,0.6107993279321661,0.3104663797784771,-0.5311091481672987,3.8562370327265727,-3.325110238917939
93.5,-65.47070124547025,0.0500672855787712,0.6108042376259227,0.3104664832160609,-0.5311133705813554,3.856242021629989,-3.3251103736410754
93.525,-65.47070171010843,0.05006728392501264,0.61080913302451,0.3104665861515307,-0.5311175767909454,3.856246980386721,-3.3251105130325285
93.55000000000001,-65.47070218984517,0.050067282153487415,0.6108140141712298,0.3104666885861095,-0.5311217669288719,3.856251909212133,-3.3251106569535507
93.575,-65.47070268422351,0.05006728026722089,0.6108188811092111,0.3104667905210465,-0.531125941126733,3.856256808321043,-3.325110805267053
93.6,-65.47070319279196,0.05006727826920481,0.6108237338814111,0.3104668919576167,-0.5311300995149357,3.8562616779277206,-3.3251109578375875
93.625,-65.4707037151045,0.050067276162397194,0.6108285725306162,0.3104669928971204,-0.5311342422226942,3.85626651824586,-3.3251111145313517
93.65,-65.4707042507206,0.050067273949722546,0.6108333970994433,0.3104670933408826,-0.5311383693780369,3.85627132948856,-3.32511127521618
93.67500000000001,-65.47070479920508,0.05006727163407194,0.6108382076303406,0.3104671932902527,-0.5311424811078098,3.856276111868324,-3.325111439761524
93.7,-65.47070536012819,0.05006726921830317,0.6108430041655887,0.31046729274660373,-0.5311465775376826,3.856280865597033,-3.3251116080384575
93.725,-65.47070593306555,0.050067266705240976,0.6108477867473017,0.3104673917113321,-0.531150658792155,3.856285590885928,-3.3251117799196632
93.75,-65.47070651759809,0.05006726409767708,0.610852555417428,0.31046749018585706,-0.5311547249945607,3.8562902879456082,-3.3251119552794264
93.775,-65.47070711331209,0.05006726139837042,0.6108573102177517,0.31046758817162023,-0.531158776267074,3.8562949569859986,-3.3251121339936263
93.80000000000001,-65.47070771979908,0.0500672586100471,0.6108620511898933,0.31046768567008515,-0.5311628127307092,3.8562995982163573,-3.3251123159397236
93.825,-65.47070833665586,0.05006725573540077,0.610866778375311,0.31046778268273667,-0.5311668345053344,3.8563042118452433,-3.325112500996758
93.85,-65.47070896348446,0.050067252777092695,0.6108714918153011,0.31046787921108077,-0.5311708417096722,3.8563087980805166,-3.325112689045336
93.875,-65.47070959989207,0.050067249737751826,0.6108761915509998,0.3104679752566438,-0.5311748344613051,3.8563133571293173,-3.325112879967622
93.9,-65.47071024549113,0.05006724661997504,0.6108808776233836,0.31046807082097233,-0.5311788128766823,3.8563178891980465,-3.3251130736473398
93.92500000000001,-65.47071089989915,0.05006724342632726,0.6108855500732706,0.31046816590563237,-0.5311827770711244,3.8563223944923735,-3.3251132699697434
93.95,-65.47071156273877,0.05006724015934168,0.6108902089413213,0.31046826051220916,-0.5311867271588311,3.856326873217199,-3.325113468821631
93.975,-65.47071223363774,0.050067236821519714,0.6108948542680397,0.31046835464230677,-0.5311906632528817,3.8563313255766647,-3.325113670091322
94.0,-65.47071291222883,0.050067233415331425,0.6108994860937741,0.3104684482975474,-0.5311945854652468,3.8563357517741275,-3.32511387366865
94.025,-65.47071359814986,0.05006722994321557,0.6109041044587183,0.3104685414795712,-0.5311984939067929,3.8563401520121565,-3.325114079444957
94.05000000000001,-65.47071429104362,0.050067226407579664,0.6109087094029125,0.31046863419003584,-0.5312023886872831,3.8563445264925136,-3.325114287313086
94.075,-65.47071499055788,0.05006722281080023,0.610913300966244,0.3104687264306158,-0.531206269915387,3.8563488754161486,-3.325114497167364
94.1,-65.47071569634534,0.050067219155223074,0.6109178791884483,0.3104688182030023,-0.5312101376986896,3.8563531989831885,-3.325114708903601
94.125,-65.47071640806361,0.0500672154431633,0.6109224441091102,0.3104689095089027,-0.5312139921436928,3.8563574973929167,-3.3251149224190826
94.15,-65.47071712537515,0.050067211676905504,0.6109269957676646,0.31046900035004005,-0.5312178333558207,3.856361770843784,-3.3251151376125434
94.17500000000001,-65.47071784794728,0.05006720785870394,0.6109315342033974,0.3104690907281529,-0.5312216614394277,3.8563660195333758,-3.325115354384185
94.2,-65.47071857545214,0.05006720399078279,0.6109360594554464,0.31046918064499457,-0.5312254764978064,3.8563702436584193,-3.3251155726356414
94.225,-65.47071930756663,0.05006720007533616,0.6109405715628022,0.31046927010233305,-0.531229278633188,3.8563744434147575,-3.325115792269987
94.25,-65.47072004397239,0.05006719611452847,0.6109450705643095,0.3104693591019505,-0.5312330679467558,3.856378618997362,-3.3251160131917175
94.275,-65.4707207843558,0.050067192110494506,0.6109495564986672,0.31046944764564277,-0.5312368445386472,3.856382770600305,-3.325116235306741
94.30000000000001,-65.47072152840794,0.05006718806533953,0.6109540294044302,0.31046953573521907,-0.5312406085079581,3.8563868984167504,-3.3251164585223805
94.325,-65.47072227582447,0.05006718398113965,0.6109584893200096,0.3104696233725017,-0.5312443599527542,3.856391002638972,-3.3251166827473413
94.35,-65.47072302630575,0.0500671798599417,0.6109629362836739,0.31046971055932554,-0.5312480989700695,3.856395083458307,-3.3251169078917244
94.375,-65.47072377955669,0.050067175703763796,0.6109673703335501,0.3104697972975376,-0.5312518256559233,3.8563991410651712,-3.3251171338670074
94.4,-65.47072453528678,0.050067171514595256,0.6109717915076238,0.3104698835889969,-0.5312555401053184,3.8564031756490516,-3.325117360586033
94.42500000000001,-65.47072529321,0.05006716729439683,0.6109761998437411,0.31046996943557387,-0.5312592424122492,3.856407187398491,-3.3251175879629984
94.45,-65.47072605304484,0.05006716304510093,0.6109805953796086,0.3104700548391501,-0.5312629326697094,3.8564111765010813,-3.3251178159134525
94.475,-65.47072681451428,0.05006715876861179,0.6109849781527947,0.31047013980161786,-0.5312666109696983,3.85641514314346,-3.3251180443542836
94.5,-65.47072757734568,0.05006715446680563,0.6109893482007305,0.31047022432488,-0.5312702774032252,3.8564190875112994,-3.3251182732037052
94.525,-65.47072834127083,0.050067150141530896,0.6109937055607102,0.31047030841084927,-0.5312739320603188,3.856423009789311,-3.325118502381248
94.55000000000001,-65.47072910602584,0.05006714579460831,0.6109980502698926,0.3104703920614483,-0.5312775750300289,3.856426910161226,-3.3251187318077524
94.575,-65.47072987135121,0.050067141427831356,0.6110023823653012,0.3104704752786088,-0.531281206400443,3.856430788809786,-3.3251189614053627
94.6,-65.47073063699168,0.05006713704296607,0.6110067018838258,0.31047055806427193,-0.5312848262586783,3.856434645916761,-3.325119191097502
94.625,-65.47073140269629,0.050067132641751576,0.6110110088622225,0.31047064042038713,-0.5312884346909016,3.856438481662907,-3.325119420808886
94.65,-65.47073216821829,0.05006712822590002,0.6110153033371153,0.31047072234891243,-0.5312920317823268,3.8564422962280003,-3.325119650465487
94.67500000000001,-65.47073293331515,0.050067123797097005,0.6110195853449963,0.3104708038518138,-0.531295617617228,3.8564460897908006,-3.3251198799945443
94.7,-65.47073369774847,0.05006711935700146,0.611023854922227,0.3104708849310649,-0.5312991922789383,3.856449862529062,-3.325120109324541
94.725,-65.47073446128402,0.0500671149072462,0.6110281121050387,0.31047096558864684,-0.5313027558498656,3.8564536146195234,-3.325120338385207
94.75,-65.47073522369166,0.05006711044943786,0.6110323569295335,0.3104710458265477,-0.5313063084114937,3.8564573462379017,-3.3251205671074984
94.775,-65.47073598474529,0.0500671059851571,0.611036589431685,0.31047112564676244,-0.5313098500443865,3.8564610575588967,-3.3251207954235866
94.80000000000001,-65.47073674422286,0.05006710151595901,0.6110408096473392,0.3104712050512922,-0.531313380828203,3.856464748756172,-3.3251210232668584
94.825,-65.47073750190633,0.050067097043373004,0.6110450176122152,0.3104712840421446,-0.5313169008416946,3.856468420002366,-3.325121250571898
94.85,-65.4707382575816,0.050067092568903314,0.6110492133619059,0.31047136262133274,-0.5313204101627205,3.856472071469074,-3.32512147727448
94.875,-65.47073901103852,0.05006708809402883,0.6110533969318789,0.3104714407908754,-0.5313239088682433,3.8564757033268573,-3.325121703311555
94.9,-65.47073976207083,0.05006708362020369,0.6110575683574773,0.31047151855279664,-0.5313273970343491,3.856479315745228,-3.3251219286212503
94.92500000000001,-65.47074051047618,0.05006707914885725,0.6110617276739202,0.3104715959091254,-0.5313308747362453,3.85648290889265,-3.3251221531428525
94.95,-65.47074125605597,0.05006707468139426,0.6110658749163037,0.3104716728618952,-0.531334342048268,3.856486482936545,-3.325122376816792
94.975,-65.47074199861547,0.050067070219195084,0.6110700101196015,0.310471749413144,-0.5313377990438897,3.856490038043272,-3.3251225995846396
95.0,-65.47074273796368,0.05006706576361598,0.6110741333186658,0.3104718255649138,-0.5313412457957274,3.8564935743781397,-3.3251228213891024
95.025,-65.47074347391333,0.05006706131598924,0.6110782445482278,0.31047190131925045,-0.5313446823755487,3.856497092105398,-3.325123042173999
95.05000000000001,-65.47074420628088,0.05006705687762331,0.6110823438428986,0.31047197667820325,-0.5313481088542752,3.856500591388229,-3.325123261884265
95.075,-65.47074493488645,0.05006705244980318,0.61108643123717,0.3104720516438248,-0.5313515253019957,3.8565040723887516,-3.325123480465936
95.1,-65.47074565955377,0.05006704803379039,0.611090506765415,0.3104721262181707,-0.5313549317879672,3.856507535268027,-3.325123697866131
95.125,-65.47074638011019,0.05006704363082328,0.6110945704618884,0.31047220040329926,-0.5313583283806229,3.8565109801860378,-3.3251239140330555
95.15,-65.47074709638662,0.05006703924211728,0.6110986223607281,0.3104722742012712,-0.5313617151475818,3.8565144073016993,-3.3251241289159847
95.17500000000001,-65.4707478082175,0.05006703486886486,0.6111026624959551,0.31047234761414955,-0.5313650921556475,3.8565178167728598,-3.3251243424652484
95.2,-65.47074851544077,0.05006703051223614,0.6111066909014747,0.3104724206439992,-0.531368459470829,3.8565212087562926,-3.3251245546322323
95.225,-65.47074921789788,0.05006702617337863,0.611110707611077,0.31047249329288684,-0.5313718171583307,3.8565245834076887,-3.3251247653693623
95.25,-65.47074991543363,0.050067021853417784,0.6111147126584374,0.3104725655628805,-0.531375165282573,3.856527940881675,-3.3251249746300884
95.275,-65.4707506078963,0.05006701755345693,0.6111187060771176,0.31047263745604947,-0.5313785039071885,3.856531281331789,-3.325125182368892
95.30000000000001,-65.47075129513752,0.05006701327457768,0.611122687900566,0.31047270897446405,-0.5313818330950371,3.8565346049104994,-3.325125388541255
95.325,-65.47075197701223,0.05006700901783995,0.6111266581621188,0.31047278012019525,-0.5313851529082051,3.8565379117691907,-3.325125593103668
95.35,-65.4707526533787,0.05006700478428232,0.6111306168949999,0.3104728508953145,-0.531388463408019,3.856541202058168,-3.3251257960136087
95.375,-65.47075332409845,0.05006700057492207,0.6111345641323226,0.3104729213018937,-0.5313917646550459,3.8565444759266607,-3.3251259972295357
95.4,-65.47075398903627,0.050066996390755514,0.6111384999070892,0.3104729913420046,-0.5313950567091048,3.8565477335228167,-3.32512619671088
95.42500000000001,-65.47075464806012,0.05006699223275807,0.6111424242521923,0.31047306101771893,-0.5313983396292691,3.8565509749936986,-3.3251263944180365
95.45,-65.47075530104117,0.05006698810188455,0.6111463372004154,0.31047313033110785,-0.5314016134738767,3.856554200485291,-3.3251265903123497
95.475,-65.47075594785369,0.050066983999069344,0.6111502387844332,0.31047319928424205,-0.5314048783005356,3.8565574101425,-3.3251267843561068
95.5,-65.4707565883751,0.050066979925226573,0.6111541290368124,0.3104732678791914,-0.5314081341661294,3.8565606041091502,-3.3251269765125286
95.525,-65.47075722248587,0.05006697588125031,0.6111580079900126,0.3104733361180246,-0.5314113811268251,3.8565637825279797,-3.3251271667457614
95.55000000000001,-65.47075785006955,0.05006697186801474,0.6111618756763866,0.3104734040028092,-0.5314146192380778,3.856566945540652,-3.3251273550208635
95.575,-65.47075847101264,0.0500669678863744,0.6111657321281809,0.31047347153561133,-0.5314178485546394,3.8565700932877536,-3.325127541303793
95.6,-65.47075908520468,0.05006696393716432,0.6111695773775369,0.31047353871849537,-0.531421069130563,3.8565732259087913,-3.3251277255614027
95.625,-65.47075969253812,0.05006696002120032,0.6111734114564907,0.310473605553524,-0.5314242810192131,3.8565763435421925,-3.325127907761437
95.65,-65.47076029290837,0.050066956139279056,0.6111772343969746,0.31047367204275766,-0.5314274842732669,3.856579446325305,-3.3251280878725096
95.67500000000001,-65.47076088621367,0.050066952292178356,0.6111810462308167,0.3104737381882548,-0.5314306789447261,3.8565825343944105,-3.3251282658641004
95.7,-65.47076147235516,0.05006694848065722,0.6111848469897424,0.3104738039920712,-0.5314338650849162,3.8565856078847025,-3.325128441706549
95.725,-65.47076205123679,0.050066944705456265,0.6111886367053744,0.3104738694562602,-0.5314370427445021,3.856588666930313,-3.3251286153710367
95.75,-65.47076262276528,0.05006694096729765,0.6111924154092336,0.31047393458287237,-0.5314402119734855,3.856591711664302,-3.325128786829583
95.775,-65.47076318685014,0.05006693726688558,0.6111961831327397,0.31047399937395515,-0.5314433728212217,3.8565947422186495,-3.3251289560550403
95.80000000000001,-65.4707637434036,0.05006693360490608,0.6111999399072111,0.31047406383155296,-0.5314465253364111,3.856597758724271,-3.325129123021078
95.825,-65.47076429234056,0.05006692998202765,0.6112036857638665,0.3104741279577069,-0.5314496695671233,3.856600761311022,-3.3251292877021683
95.85,-65.47076483357864,0.050066926398901056,0.611207420733825,0.3104741917544545,-0.5314528055607881,3.8566037501076833,-3.325129450073592
95.875,-65.47076536703807,0.050066922856159705,0.6112111448481061,0.31047425522382976,-0.5314559333642095,3.8566067252419756,-3.3251296101114205
95.9,-65.47076589264167,0.050066919354419925,0.6112148581376314,0.3104743183678627,-0.5314590530235737,3.8566096868405615,-3.3251297677924994
95.92500000000001,-65.47076641031485,0.050066915894280854,0.6112185606332242,0.3104743811885795,-0.5314621645844471,3.856612635029039,-3.325129923094455
95.95,-65.47076691998558,0.050066912476324985,0.6112222523656103,0.31047444368800214,-0.5314652680917925,3.856615569931955,-3.3251300759956735
95.975,-65.47076742158431,0.050066909101118016,0.6112259333654189,0.3104745058681483,-0.5314683635899661,3.8566184916728017,-3.3251302264752938
96.0,-65.47076791504402,0.05006690576920927,0.6112296036631826,0.31047456773103116,-0.5314714511227305,3.85662140037401,-3.3251303745132064
96.025,-65.4707684003001,0.05006690248113179,0.6112332632893382,0.31047462927865943,-0.531474530733258,3.856624296156976,-3.3251305200900303
96.05000000000001,-65.47076887729038,0.050066899237402575,0.6112369122742274,0.31047469051303694,-0.5314776024641381,3.8566271791420417,-3.3251306631871143
96.075,-65.4707693459551,0.050066896038522726,0.6112405506480968,0.3104747514361627,-0.5314806663573833,3.856630049448503,-3.3251308037865313
96.1,-65.47076980623686,0.0500668928849775,0.611244178441099,0.31047481205003064,-0.5314837224544305,3.856632907194615,-3.3251309418710577
96.125,-65.47077025808059,0.050066889777236764,0.6112477956832928,0.31047487235662946,-0.5314867707961562,3.8566357524975907,-3.325131077424177
96.15,-65.47077070143352,0.050066886715754884,0.6112514024046437,0.3104749323579427,-0.5314898114228724,3.856638585473621,-3.3251312104300568
96.17500000000001,-65.47077113624518,0.050066883700971156,0.6112549986350245,0.31047499205594836,-0.5314928443743417,3.8566414062378533,-3.3251313408735528
96.2,-65.47077156246732,0.05006688073330983,0.6112585844042158,0.3104750514526188,-0.5314958696897778,3.8566442149044047,-3.325131468740196
96.225,-65.47077198005393,0.050066877813180366,0.6112621597419063,0.3104751105499207,-0.5314988874078533,3.8566470115863773,-3.3251315940161774
96.25,-65.47077238896118,0.05006687494097757,0.6112657246776938,0.31047516934981506,-0.5315018975667062,3.8566497963958386,-3.325131716688354
96.275,-65.47077278914743,0.05006687211708172,0.6112692792410849,0.3104752278542567,-0.5315049002039417,3.8566525694438387,-3.3251318367442293
96.30000000000001,-65.47077318057315,0.05006686934185888,0.6112728234614961,0.3104752860651945,-0.5315078953566447,3.856655330840419,-3.325131954171944
96.325,-65.47077356320091,0.05006686661566098,0.6112763573682543,0.310475343984571,-0.5315108830613811,3.8566580806945994,-3.325132068960272
96.35,-65.47077393699536,0.050066863938825965,0.6112798809905966,0.3104754016143226,-0.5315138633542034,3.856660819114403,-3.3251321810986068
96.375,-65.47077430192323,0.050066861311678035,0.6112833943576718,0.31047545895637907,-0.5315168362706593,3.8566635462068297,-3.3251322905769682
96.4,-65.47077465795323,0.05006685873452781,0.6112868974985397,0.3104755160126638,-0.5315198018457953,3.8566662620778973,-3.325132397385968
96.42500000000001,-65.4707750050561,0.050066856207672455,0.6112903904421727,0.3104755727850935,-0.5315227601141631,3.856668966832615,-3.325132501516829
96.45,-65.47077534320452,0.0500668537313959,0.6112938732174555,0.3104756292755781,-0.5315257111098258,3.856671660575,-3.3251326029613564
96.475,-65.47077567237315,0.05006685130596901,0.6112973458531857,0.31047568548602056,-0.5315286548663636,3.8566743434080757,-3.325132701711945
96.5,-65.47077599253852,0.050066848931649734,0.6113008083780744,0.310475741418317,-0.5315315914168784,3.856677015433887,-3.325132797761556
96.525,-65.47077630367905,0.05006684660868315,0.6113042608207465,0.31047579707435646,-0.5315345207939968,3.856679676753499,-3.3251328911037135
96.55000000000001,-65.47077660577504,0.05006684433730199,0.6113077032097413,0.3104758524560208,-0.5315374430298854,3.8566823274669866,-3.3251329817325126
96.575,-65.47077689880862,0.05006684211772639,0.6113111355735127,0.3104759075651845,-0.5315403581562445,3.856684967673463,-3.3251330696425865
96.6,-65.47077718276371,0.05006683995016431,0.61131455794043,0.31047596240371494,-0.531543266204321,3.8566875974710713,-3.325133154829113
96.625,-65.47077745762603,0.050066837834811605,0.6113179703387779,0.3104760169734719,-0.5315461672049112,3.856690216956982,-3.325133237287808
96.65,-65.47077772338304,0.05006683577185223,0.6113213727967571,0.31047607127630755,-0.5315490611883672,3.856692826227408,-3.325133317014911
96.67500000000001,-65.47077798002393,0.05006683376145835,0.611324765342485,0.3104761253140666,-0.5315519481846005,3.8566954253776085,-3.3251333940071772
96.7,-65.47077822753958,0.05006683180379053,0.6113281480039957,0.310476179088586,-0.5315548282230894,3.8566980145018923,-3.3251334682618747
96.725,-65.47077846592258,0.05006682989899796,0.6113315208092405,0.3104762326016949,-0.531557701332885,3.8567005936936174,-3.325133539776773
96.75,-65.47077869516713,0.050066828047218535,0.6113348837860884,0.3104762858552146,-0.5315605675426152,3.856703163045204,-3.325133608550138
96.775,-65.47077891526908,0.050066826248579055,0.6113382369623266,0.3104763388509585,-0.53156342688049,3.8567057226481287,-3.3251336745807234
96.80000000000001,-65.47077912622588,0.0500668245031953,0.6113415803656608,0.31047639159073187,-0.5315662793743053,3.856708272592935,-3.325133737867763
96.825,-65.47077932803656,0.05006682281117228,0.6113449140237155,0.310476444076332,-0.5315691250514507,3.856710812969236,-3.325133798410967
96.85,-65.47077952070167,0.05006682117260443,0.6113482379640346,0.31047649630954804,-0.5315719639389156,3.856713343865733,-3.3251338562105004
96.875,-65.47077970422332,0.0500668195875756,0.6113515522140816,0.31047654829216076,-0.5315747960632892,3.8567158653701927,-3.3251339112669953
96.9,-65.47077987860511,0.05006681805615936,0.6113548568012399,0.3104766000259428,-0.531577621450771,3.8567183775694724,-3.3251339635815342
96.92500000000001,-65.47078004385212,0.05006681657841901,0.6113581517528137,0.3104766515126583,-0.5315804401271703,3.8567208805495277,-3.3251340131556346
96.95,-65.47078019997086,0.05006681515440796,0.6113614370960277,0.310476702754063,-0.5315832521179199,3.8567233743953975,-3.325134059991258
96.975,-65.4707803469693,0.050066813784169696,0.6113647128580282,0.3104767537519043,-0.5315860574480737,3.85672585919123,-3.325134104090792
97.0,-65.47078048485683,0.05006681246773792,0.6113679790658826,0.31047680450792087,-0.5315888561423125,3.856728335020269,-3.3251341454570493
97.025,-65.47078061364417,0.05006681120513683,0.6113712357465805,0.31047685502384287,-0.5315916482249528,3.856730801964882,-3.32513418409325
97.05000000000001,-65.47078073334342,0.05006680999638111,0.611374482927034,0.31047690530139177,-0.5315944337199465,3.8567332601065445,-3.325134220003025
97.075,-65.47078084396804,0.05006680884147629,0.6113777206340774,0.3104769553422803,-0.5315972126508923,3.8567357095258448,-3.325134253190413
97.1,-65.47078094553278,0.050066807740418565,0.6113809488944684,0.31047700514821247,-0.5315999850410312,3.8567381503025104,-3.325134283659834
97.125,-65.47078103805369,0.05006680669319533,0.611384167734888,0.31047705472088344,-0.531602750913263,3.8567405825153895,-3.325134311416106
97.15,-65.47078112154807,0.050066805699785055,0.611387377181941,0.31047710406197954,-0.5316055102901417,3.8567430062424695,-3.3251343364644215
97.17500000000001,-65.47078119603448,0.05006680476015748,0.6113905772621562,0.3104771531731782,-0.5316082631938839,3.856745421560886,-3.325134358810344
97.2,-65.4707812615327,0.05006680387427379,0.6113937680019869,0.3104772020561478,-0.531611009646373,3.8567478285469097,-3.3251343784598077
97.225,-65.4707813180637,0.05006680304208681,0.611396949427811,0.31047725071254784,-0.5316137496691656,3.856750227275965,-3.3251343954191097
97.25,-65.47078136564966,0.05006680226354104,0.6114001215659318,0.31047729914402866,-0.531616483283494,3.8567526178226346,-3.325134409694897
97.275,-65.47078140431387,0.0500668015385728,0.6114032844425781,0.31047734735223165,-0.53161921051027,3.856755000260669,-3.3251344212941603
97.30000000000001,-65.47078143408079,0.05006680086711043,0.6114064380839042,0.310477395338789,-0.5316219313700915,3.856757374662976,-3.3251344302242374
97.325,-65.47078145497599,0.05006680024907442,0.6114095825159905,0.31047744310532366,-0.5316246458832474,3.8567597411016394,-3.3251344364927973
97.35,-65.47078146702613,0.05006679968437752,0.6114127177648443,0.3104774906534496,-0.5316273540697207,3.8567620996479213,-3.3251344401078384
97.375,-65.47078147025893,0.05006679917292493,0.6114158438563992,0.3104775379847714,-0.5316300559491948,3.85676445037227,-3.325134441077678
97.4,-65.47078146470317,0.05006679871461423,0.6114189608165161,0.31047758510088447,-0.5316327515410517,3.856766793344319,-3.325134439410949
97.42500000000001,-65.47078145038866,0.050066798309335823,0.6114220686709834,0.3104776320033749,-0.5316354408643864,3.8567691286329007,-3.325134435116597
97.45,-65.47078142734621,0.05006679795697282,0.6114251674455169,0.3104776786938195,-0.5316381239380031,3.8567714563060416,-3.325134428203863
97.475,-65.47078139560763,0.05006679765740129,0.6114282571657609,0.31047772517378563,-0.5316408007804238,3.85677377643098,-3.325134418682289
97.5,-65.4707813552057,0.05006679741049035,0.6114313378572876,0.31047777144483146,-0.5316434714098903,3.856776089074158,-3.3251344065617103
97.525,-65.47078130617415,0.05006679721610229,0.6114344095455982,0.3104778175085056,-0.5316461358443693,3.856778394301236,-3.325134391852244
97.55000000000001,-65.47078124854762,0.05006679707409277,0.6114374722561228,0.3104778633663474,-0.5316487941015585,3.8567806921770966,-3.325134374564287
97.575,-65.4707811823617,0.050066796984310845,0.6114405260142204,0.3104779090198867,-0.5316514461988882,3.8567829827658477,-3.3251343547085113
97.6,-65.47078110765284,0.050066796946599074,0.6114435708451801,0.31047795447064386,-0.5316540921535238,3.8567852661308324,-3.325134332295852
97.625,-65.47078102445836,0.05006679696079385,0.6114466067742204,0.31047799972012985,-0.5316567319823772,3.856787542334631,-3.325134307337508
97.65,-65.47078093281644,0.0500667970267253,0.6114496338264901,0.3104780447698461,-0.5316593657021034,3.8567898114390693,-3.3251342798449315
97.67500000000001,-65.4707808327661,0.05006679714421737,0.6114526520270687,0.31047808962128454,-0.5316619933291042,3.856792073505218,-3.3251342498298286
97.7,-65.47078072434716,0.05006679731308828,0.6114556614009659,0.31047813427592763,-0.531664614879542,3.8567943285934043,-3.325134217304149
97.725,-65.47078060760026,0.050066797533150215,0.6114586619731228,0.3104781787352482,-0.53166723036933,3.8567965767632155,-3.325134182280078
97.75,-65.47078048256678,0.050066797804209764,0.6114616537684117,0.31047822300070965,-0.5316698398141471,3.8567988180735107,-3.325134144770034
97.775,-65.4707803492889,0.050066798126067937,0.6114646368116363,0.31047826707376586,-0.531672443229438,3.856801052582413,-3.3251341047866703
97.80000000000001,-65.47078020780953,0.0500667984985202,0.6114676111275323,0.310478310955861,-0.531675040630415,3.85680328034732,-3.3251340623428574
97.825,-65.47078005817227,0.05006679892135664,0.6114705767407675,0.31047835464842977,-0.5316776320320628,3.856805501424926,-3.32513401745168
97.85,-65.47077990042148,0.05006679939436223,0.611473533675942,0.31047839815289735,-0.5316802174491475,3.856807715871199,-3.325133970126443
97.875,-65.47077973460217,0.050066799917316725,0.6114764819575885,0.31047844147067927,-0.5316827968962131,3.8568099237414075,-3.3251339203806523
97.9,-65.47077956076005,0.05006680048999486,0.6114794216101728,0.31047848460318145,-0.5316853703875885,3.8568121250901175,-3.325133868228015
97.92500000000001,-65.47077937894146,0.050066801112166374,0.6114823526580937,0.31047852755180033,-0.5316879379373881,3.8568143199712037,-3.325133813682437
97.95,-65.4707791891934,0.05006680178359642,0.6114852751256835,0.3104785703179227,-0.5316904995595245,3.8568165084378423,-3.3251337567580177
97.975,-65.47077899156345,0.050066802504045216,0.6114881890372084,0.31047861290292583,-0.5316930552676989,3.8568186905425432,-3.3251336974690346
98.0,-65.47077878609986,0.05006680327326858,0.611491094416868,0.3104786553081773,-0.5316956050754165,3.856820866337116,-3.325133635829957
98.025,-65.4707785728514,0.05006680409101782,0.6114939912887968,0.31047869753503526,-0.5316981489959841,3.8568230358727176,-3.32513357185542
98.05000000000001,-65.47077835186747,0.05006680495703988,0.6114968796770631,0.3104787395848482,-0.5317006870425158,3.856825199199826,-3.3251335055602396
98.075,-65.47077812319799,0.050066805871077306,0.6114997596056704,0.3104787814589549,-0.5317032192279307,3.8568273563682545,-3.3251334369593963
98.1,-65.47077788689343,0.050066806832868606,0.6115026310985568,0.3104788231586849,-0.531705745564964,3.856829507427175,-3.325133366068029
98.125,-65.47077764300478,0.05006680784214829,0.611505494179596,0.3104788646853579,-0.5317082660661703,3.8568316524250967,-3.325133292901434
98.15,-65.47077739158355,0.05006680889864672,0.6115083488725966,0.3104789060402842,-0.5317107807439175,3.8568337914098905,-3.3251332174750656
98.17500000000001,-65.47077713268175,0.050066810002090595,0.6115111952013034,0.3104789472247645,-0.5317132896104036,3.8568359244287826,-3.3251331398045236
98.2,-65.47077686635183,0.05006681115220274,0.6115140331893966,0.31047898824008996,-0.5317157926776486,3.8568380515283733,-3.3251330599055477
98.225,-65.47077659264673,0.05006681234870234,0.6115168628604929,0.31047902908754227,-0.5317182899575029,3.856840172754633,-3.3251329777940186
98.25,-65.47077631161984,0.05006681359130506,0.6115196842381453,0.31047906976839357,-0.5317207814616516,3.856842288152905,-3.3251328934859528
98.275,-65.470776023325,0.05006681487972311,0.6115224973458434,0.31047911028390646,-0.5317232672016161,3.856844397767913,-3.3251328069975004
98.30000000000001,-65.47077572781643,0.05006681621366524,0.6115253022070135,0.31047915063533416,-0.5317257471887544,3.8568465016437794,-3.325132718344929
98.325,-65.47077542514879,0.05006681759283701,0.6115280988450192,0.3104791908239204,-0.53172822143427,3.8568485998240156,-3.325132627544636
98.35,-65.4707751153771,0.050066819016940795,0.6115308872831612,0.3104792308508994,-0.5317306899492112,3.856850692351534,-3.325132534613128
98.375,-65.47077479855677,0.05006682048567587,0.6115336675446778,0.310479270717496,-0.5317331527444754,3.856852779268649,-3.325132439567032
98.4,-65.4707744747436,0.05006682199873848,0.6115364396527448,0.3104793104249255,-0.5317356098308103,3.856854860617084,-3.325132342423082
98.42500000000001,-65.47077414399371,0.05006682355582203,0.6115392036304764,0.31047934997439397,-0.5317380612188205,3.8568569364379868,-3.3251322431981123
98.45,-65.47077380636354,0.050066825156617055,0.6115419595009245,0.31047938936709807,-0.5317405069189669,3.856859006771923,-3.3251321419090614
98.475,-65.47077346190989,0.050066826800811384,0.6115447072870797,0.31047942860422495,-0.5317429469415714,3.8568610716588814,-3.3251320385729657
98.5,-65.47077311068983,0.050066828488090215,0.6115474470118709,0.3104794676869526,-0.5317453812968204,3.8568631311382915,-3.3251319332069498
98.525,-65.47077275276078,0.05006683021813618,0.6115501786981662,0.3104795066164496,-0.5317478099947662,3.8568651852490095,-3.3251318258282336
98.55000000000001,-65.47077238818041,0.05006683199062939,0.6115529023687721,0.3104795453938752,-0.5317502330453281,3.856867234029339,-3.325131716454122
98.575,-65.47077201700664,0.05006683380524768,0.6115556180464349,0.3104795840203794,-0.531752650458302,3.8568692775170383,-3.325131605101991
98.6,-65.47077163929768,0.050066835661666476,0.61155832575384,0.31047962249710304,-0.531755062243355,3.856871315749316,-3.325131491789304
98.625,-65.47077125511198,0.05006683755955908,0.6115610255136124,0.31047966082517764,-0.5317574684100345,3.856873348762838,-3.325131376533595
98.65,-65.47077086450824,0.05006683949859663,0.611563717348317,0.31047969900572553,-0.5317598689677677,3.8568753765937336,-3.3251312593524713
98.67500000000001,-65.47077046754534,0.05006684147844817,0.611566401280459,0.3104797370398599,-0.5317622639258638,3.8568773992776086,-3.3251311402636006
98.7,-65.47077006428239,0.05006684349878077,0.6115690773324833,0.31047977492868484,-0.5317646532935175,3.8568794168495417,-3.325131019284717
98.725,-65.4707696547787,0.05006684555925968,0.6115717455267755,0.3104798126732951,-0.5317670370798144,3.856881429344089,-3.325130896433612
98.75,-65.47076923909378,0.05006684765954821,0.6115744058856617,0.3104798502747766,-0.5317694152937278,3.856883436795296,-3.325130771728135
98.775,-65.4707688172873,0.05006684979930802,0.6115770584314089,0.31047988773420604,-0.5317717879441264,3.8568854392366987,-3.3251306451861877
98.80000000000001,-65.47076838941908,0.05006685197819909,0.6115797031862248,0.3104799250526512,-0.5317741550397755,3.856887436701328,-3.3251305168257232
98.825,-65.4707679555491,0.0500668541958798,0.6115823401722587,0.31047996223117075,-0.5317765165893383,3.8568894292217206,-3.325130386664732
98.85,-65.47076751573752,0.05006685645200699,0.6115849694116009,0.31047999927081443,-0.5317788726013785,3.856891416829916,-3.325130254721256
98.875,-65.47076707004457,0.0500668587462361,0.6115875909262836,0.31048003617262304,-0.5317812230843644,3.8568933995574652,-3.325130121013372
98.9,-65.47076661853065,0.050066861078221093,0.6115902047382803,0.3104800729376285,-0.531783568046667,3.856895377435443,-3.325129985559194
98.92500000000001,-65.47076616125624,0.05006686344761478,0.6115928108695068,0.31048010956685385,-0.5317859074965706,3.8568973504944357,-3.3251298483768705
98.95,-65.47076569828191,0.0500668658540686,0.6115954093418207,0.3104801460613132,-0.5317882414422651,3.85689931876457,-3.3251297094845724
98.975,-65.47076522966836,0.05006686829723287,0.6115980001770219,0.3104801824220119,-0.5317905698918552,3.8569012822754942,-3.3251295689005076
99.0,-65.47076475547632,0.05006687077675688,0.611600583396853,0.3104802186499466,-0.5317928928533622,3.8569032410564033,-3.325129426642897
99.025,-65.47076427576664,0.050066873292288865,0.6116031590229989,0.31048025474610513,-0.5317952103347245,3.8569051951360245,-3.325129282729992
99.05000000000001,-65.47076379060019,0.050066875843476015,0.6116057270770875,0.3104802907114666,-0.5317975223437977,3.856907144542643,-3.325129137180056
99.075,-65.4707633000379,0.05006687842996474,0.6116082875806895,0.31048032654700153,-0.5317998288883622,3.85690908930409,-3.3251289900113705
99.1,-65.47076280414075,0.050066881051400544,0.611610840555319,0.31048036225367176,-0.5318021299761204,3.8569110294477604,-3.325128841242224
99.125,-65.47076230296972,0.050066883707428185,0.6116133860224331,0.31048039783243053,-0.5318044256147016,3.856912965000611,-3.325128690890915
99.15,-65.47076179658585,0.050066886397691725,0.6116159240034326,0.31048043328422253,-0.5318067158116634,3.856914895989158,-3.325128538975754
99.17500000000001,-65.47076128505016,0.05006688912183452,0.6116184545196617,0.3104804686099839,-0.5318090005744917,3.8569168224395014,-3.3251283855150473
99.2,-65.47076076842369,0.050066891879499496,0.6116209775924087,0.31048050381064235,-0.5318112799106101,3.8569187443773147,-3.325128230527106
99.225,-65.47076024676747,0.050066894670328925,0.6116234932429058,0.31048053888711713,-0.5318135538273714,3.856920661827852,-3.3251280740302405
99.25,-65.47075972014252,0.050066897493964695,0.611626001492329,0.3104805738403191,-0.5318158223320683,3.856922574815954,-3.325127916042757
99.275,-65.47075918860985,0.05006690035004824,0.6116285023617992,0.3104806086711506,-0.5318180854319295,3.856924483366053,-3.325127756582954
99.30000000000001,-65.4707586522304,0.05006690323822065,0.6116309958723812,0.31048064338050596,-0.531820343134125,3.856926387502182,-3.32512759566912
99.325,-65.4707581110651,0.05006690615812275,0.6116334820450847,0.310480677969271,-0.5318225954457665,3.8569282872479795,-3.3251274333195284
99.35,-65.47075756517481,0.050066909109395166,0.6116359609008641,0.31048071243832326,-0.5318248423739113,3.856930182626682,-3.325127269552442
99.375,-65.47075701462036,0.05006691209167827,0.6116384324606188,0.3104807467885322,-0.5318270839255609,3.856932073661138,-3.325127104386108
99.4,-65.47075645946252,0.05006691510461239,0.6116408967451931,0.3104807810207591,-0.5318293201076666,3.8569339603738104,-3.325126937838756
99.42500000000001,-65.47075589976195,0.05006691814783772,0.6116433537753766,0.310480815135857,-0.531831550927127,3.856935842786791,-3.3251267699285862
99.45,-65.47075533557927,0.0500669212209945,0.6116458035719045,0.31048084913467106,-0.5318337763907943,3.8569377209217905,-3.3251266006737805
99.475,-65.47075476697498,0.05006692432372299,0.6116482461554572,0.3104808830180383,-0.5318359965054739,3.856939594800156,-3.3251264300924928
99.5,-65.4707541940095,0.05006692745566349,0.6116506815466611,0.3104809167867877,-0.5318382112779234,3.8569414644428615,-3.3251262582028502
99.525,-65.47075361674317,0.05006693061645646,0.6116531097660883,0.31048095044174034,-0.5318404207148588,3.8569433298705205,-3.32512608502295
99.55000000000001,-65.47075303523619,0.0500669338057426,0.6116555308342568,0.31048098398370944,-0.5318426248229556,3.8569451911033914,-3.3251259105708555
99.575,-65.47075244954866,0.05006693702316285,0.6116579447716309,0.31048101741350026,-0.5318448236088494,3.856947048161382,-3.325125734864596
99.6,-65.47075185974055,0.050066940268358395,0.6116603515986211,0.31048105073191035,-0.5318470170791358,3.8569489010640527,-3.3251255579221635
99.625,-65.47075126587171,0.0500669435409707,0.6116627513355842,0.3104810839397294,-0.5318492052403727,3.8569507498306184,-3.3251253797615132
99.65,-65.47075066800186,0.05006694684064168,0.6116651440028239,0.3104811170377394,-0.5318513880990842,3.8569525944799574,-3.3251252004005565
99.67500000000001,-65.47075006619055,0.050066950167013666,0.6116675296205902,0.31048115002671467,-0.5318535656617608,3.856954435030614,-3.325125019857164
99.7,-65.47074946049722,0.05006695351972948,0.6116699082090802,0.3104811829074219,-0.5318557379348614,3.856956271500797,-3.325124838149165
99.725,-65.47074885098111,0.05006695689843235,0.6116722797884379,0.3104812156806201,-0.5318579049248112,3.8569581039084007,-3.3251246552943328
99.75,-65.47074823770134,0.050066960302766216,0.6116746443787544,0.31048124834706087,-0.5318600666380106,3.8569599322709887,-3.325124471310403
99.775,-65.47074762071685,0.05006696373237551,0.6116770020000682,0.31048128090748817,-0.5318622230808293,3.85696175660581,-3.3251242862150545
99.80000000000001,-65.47074700008639,0.05006696718690538,0.6116793526723652,0.3104813133626386,-0.5318643742596126,3.8569635769298047,-3.325124100025917
99.825,-65.47074637586856,0.050066970666001596,0.6116816964155786,0.3104813457132413,-0.5318665201806797,3.8569653932595966,-3.325123912760567
99.85,-65.47074574812174,0.050066974169310594,0.6116840332495895,0.3104813779600181,-0.5318686608503238,3.856967205611516,-3.325123724436523
99.875,-65.47074511690415,0.05006697769647975,0.6116863631942268,0.31048141010368346,-0.5318707962748215,3.8569690140015878,-3.325123535071246
99.9,-65.47074448227382,0.05006698124715708,0.6116886862692671,0.31048144214494455,-0.5318729264604244,3.8569708184455367,-3.325123344682144
99.92500000000001,-65.47074384428853,0.050066984820991534,0.6116910024944354,0.31048147408450133,-0.5318750514133661,3.8569726189587996,-3.3251231532865604
99.95,-65.47074320300592,0.05006698841763293,0.6116933118894048,0.31048150592304663,-0.5318771711398631,3.856974415556526,-3.3251229609017767
99.975,-65.47074255848338,0.05006699203673192,0.6116956144737965,0.3104815376612661,-0.5318792856461115,3.8569762082535832,-3.3251227675450137
100.0,-65.47074191077807,0.05006699567794021,0.6116979102671805,0.3104815692998384,-0.5318813949382952,3.8569779970645577,-3.325122573233422
