time_ms,voltage_mV,m,h,n,INa_uA_cm2,IK_uA_cm2,IL_uA_cm2
0.0,-65.0,0.05293248525724958,0.5961207535084603,0.3176769140606974,-1.2200571764654333,4.399733467282938,-3.1839
0.025,-64.99989527857983,0.05293251866949401,0.5961207481233313,0.3176769177400438,-1.2200583648208791,4.399772066644347,-3.183868583573948
0.05,-64.99979221460741,0.052932613692747814,0.5961207321044042,0.31767692867681363,-1.220063809276768,4.399810460375108,-3.183837664382223
0.07500000000000001,-64.99969069132977,0.05293276315474984,0.5961207056466118,0.3176769467259817,-1.2200730130765922,4.399848683257865,-3.183807207398932
0.1,-64.99959060535487,0.052932960670694404,0.5961206689330469,0.3176769717508824,-1.2200855340489696,4.399886765639206,-3.18377718160646
0.125,-64.9994918651645,0.05293320055643646,0.5961206221362892,0.31767700362228934,-1.2201009785854373,4.399924733923948,-3.18374755954935
0.15000000000000002,-64.99939438979162,0.05293347775127333,0.5961205654195837,0.3176770422175971,-1.220118996284003,4.399962611014823,-3.1837183169374854
0.17500000000000002,-64.99929810764368,0.05293378774924534,0.5961204989378882,0.31767708742009443,-1.2201392751846407,4.400000416703646,-3.183689432293104
0.2,-64.99920295545593,0.052934126538016275,0.596120422838804,0.31767713911831796,-1.2201615375312496,4.400038168019327,-3.1836608866367784
0.225,-64.99910887736033,0.052934490544496345,0.596120337263402,0.3176771972054788,-1.2201855360017606,4.400075879537483,-3.183632663208098
0.25,-64.99901582405734,0.05293487658646435,0.5961202423469569,0.31767726157895276,-1.2202110503546233,4.400113563655892,-3.1836047472172013
0.275,-64.99892375207912,0.05293528182952675,0.5961201382195993,0.3176773321398275,-1.220237884445615,4.400151230839563,-3.1835771256237364
0.30000000000000004,-64.99883262313418,0.05293570374882472,0.5961200250068937,0.3176774087925011,-1.2202658635740147,4.400188889838789,-3.183549786940253
0.325,-64.99874240352432,0.05293614009496552,0.5961199028303523,0.3176774914443249,-1.2202948321217557,4.400226547883139,-3.183522721057295
0.35000000000000003,-64.99865306362612,0.05293658886371203,0.596119771807891,0.31767758000528706,-1.220324651453166,4.40026421085406,-3.1834959190878362
0.375,-64.9985645774296,0.052937048269015574,0.5961196320542326,0.3176776743877318,-1.2203551980465028,4.400301883438468,-3.1834693732288812
0.4,-64.99847692212794,0.05293751671902355,0.596119483681266,0.3176777745061102,-1.2203863618316921,4.400339569265379,-3.18344307663838
0.42500000000000004,-64.99839007775245,0.05293799279473358,0.5961193267983632,0.31767788027675914,-1.2204180447114954,4.400377271027496,-3.1834170233257337
0.45,-64.998304026848,0.05293847523100154,0.5961191615126611,0.31767799161770593,-1.2204501592458095,4.400414990589403,-3.183391208054401
0.47500000000000003,-64.99821875418425,0.052938962899645045,0.5961189879293101,0.31767810844849464,-1.220482627481164,4.400452729083816,-3.183365626255275
0.5,-64.99813424649886,0.05293945479440981,0.5961188061516948,0.3176782306900326,-1.2205153799093016,4.40049048699723,-3.1833402739496592
0.525,-64.99805049226909,0.052939950017594516,0.5961186162816291,0.3176783582644545,-1.2205483545406612,4.4005282642461445,-3.1833151476807258
0.55,-64.99796748150867,0.05294044776815043,0.5961184184195285,0.31767849109500246,-1.220581496080036,4.400566060244877,-3.1832902444526
0.5750000000000001,-64.9978852055872,0.05294094733109352,0.596118212664562,0.31767862910591954,-1.2206147551931523,4.400603873965905,-3.1832655616761585
0.6000000000000001,-64.99780365706948,0.05294144806808397,0.5961179991147864,0.3176787722223562,-1.2206480878541188,4.400641703993573,-3.1832410971208445
0.625,-64.99772282957275,0.05294194940904461,0.5961177778672648,0.3176789203702874,-1.2206814547648444,4.400679548571866,-3.183216848871825
0.65,-64.99764271763964,0.05294245084470334,0.5961175490181708,0.31767907347643976,-1.2207148208384577,4.400717405646935,-3.1831928152918905
0.675,-64.99756331662529,0.05294295191995781,0.5961173126628797,0.31767923146822735,-1.220748154739684,4.40075527290493,-3.1831689949875863
0.7000000000000001,-64.99748462259704,0.052943452227971616,0.5961170688960491,0.3176793942736953,-1.2207814284758856,4.40079314780567,-3.1831453867791124
0.7250000000000001,-64.99740663224517,0.05294395140492131,0.5961168178116895,0.3176795618214701,-1.2208146170331904,4.400831027612609,-3.183121989673552
0.75,-64.99732934280361,0.0529444491253221,0.5961165595032256,0.31767973404071637,-1.2208476980526946,4.400868909419506,-3.1830988028410827
0.775,-64.99725275197954,0.05294494509786923,0.5961162940635504,0.3176799108610986,-1.2208806515423871,4.400906790174124,-3.183075825593863
0.8,-64.99717685789076,0.05294543906173704,0.5961160215850715,0.3176800922127481,-1.2209134596207756,4.40094466669937,-3.183053057367229
0.8250000000000001,-64.99710165901008,0.05294593078328627,0.5961157421597524,0.3176802780262343,-1.2209461062887859,4.400982535712076,-3.183030497703025
0.8500000000000001,-64.99702715411597,0.05294642005313368,0.5961154558791468,0.3176804682325392,-1.2209785772267612,4.401020393839705,-3.1830081462347906
0.875,-64.99695334224866,0.05294690668354468,0.5961151628344297,0.3176806627630361,-1.2210108596138323,4.401058237635235,-3.1829860026745975
0.9,-64.99688022267122,0.05294739050611298,0.5961148631164224,0.3176808615494705,-1.2210429419671665,4.401096063590407,-3.182964066801367
0.925,-64.99680779483508,0.052947871369695795,0.5961145568156153,0.31768106452394446,-1.2210748139989225,4.401133868147477,-3.1829423384505233
0.9500000000000001,-64.99673605834926,0.052948349138576,0.5961142440221864,0.31768127161890247,-1.2211064664889217,4.4011716477097265,-3.1829208175047765
0.9750000000000001,-64.99666501295329,0.052948823690826916,0.5961139248260166,0.31768148276712005,-1.2211378911713573,4.4012093986507566,-3.1828995038859857
1.0,-64.99659465849307,0.05294929491685659,0.5961135993167028,0.3176816979016939,-1.2211690806339337,4.401247117322798,-3.1828783975479196
1.0250000000000001,-64.99652499489952,0.05294976271811239,0.5961132675835692,0.3176819169560338,-1.2212000282281168,4.401284800064088,-3.1828574984698546
1.05,-64.99645602216967,0.05295022700592788,0.5961129297156746,0.31768213986385585,-1.2212307279892332,4.401322443205433,-3.1828368066509
1.075,-64.99638774034995,0.05295068770049623,0.5961125858018202,0.3176823665591771,-1.2212611745653426,4.401360043076038,-3.1828163221049834
1.1,-64.99632014952135,0.05295114472995661,0.596112235930554,0.3176825969763111,-1.221291363153929,4.401397596008704,-3.1827960448564054
1.125,-64.9962532497864,0.052951598029580646,0.5961118801901744,0.31768283104986494,-1.221321289445529,4.401435098344434,-3.1827759749359217
1.1500000000000001,-64.99618704125758,0.05295204754104803,0.5961115186687329,0.31768306871473634,-1.2213509495735346,4.401472546436535,-3.1827561123772754
1.175,-64.99612152404714,0.052952493211801704,0.5961111514540351,0.3176833099061124,-1.2213803400695116,4.401509936654265,-3.182736457214142
1.2000000000000002,-64.99605669825812,0.05295293499447338,0.5961107786336408,0.31768355455946834,-1.221409457823383,4.4015472653860765,-3.1827170094774346
1.225,-64.99599256397649,0.05295337284637228,0.5961104002948635,0.3176838026105674,-1.2214383000480047,4.401584529042472,-3.1826977691929454
1.25,-64.9959291212642,0.05295380672902928,0.596110016524769,0.31768405399546074,-1.2214668642475661,4.4016217240585735,-3.182678736379259
1.2750000000000001,-64.99586637015311,0.05295423660779102,0.5961096274101734,0.317684308650488,-1.2214951481894654,4.401658846896367,-3.1826599110459326
1.3,-64.99580431063967,0.05295466245145822,0.5961092330376401,0.3176845665122786,-1.2215231498792354,4.401695894046721,-3.182641293191901
1.3250000000000002,-64.99574294268025,0.052955084231963344,0.5961088334934771,0.3176848275177527,-1.2215508675382092,4.401732862031171,-3.1826228828040755
1.35,-64.99568226618716,0.05295550192408337,0.5961084288637333,0.31768509160412295,-1.2215782995836038,4.401769747403471,-3.182604679856148
1.375,-64.99562228102509,0.05295591550518336,0.5961080192341943,0.3176853587088965,-1.2216054446107512,4.401806546750999,-3.1825866843075272
1.4000000000000001,-64.99556298700811,0.05295632495498831,0.5961076046903786,0.31768562876987705,-1.2216323013772785,4.401843256695986,-3.182568896102434
1.425,-64.99550438389709,0.05295673025537903,0.5961071853175326,0.3176859017251669,-1.2216588687889622,4.401879873896585,-3.182551315169125
1.4500000000000002,-64.9954464713974,0.05295713139021041,0.5961067612006259,0.3176861775131698,-1.2216851458871254,4.401916395047847,-3.1825339414192197
1.475,-64.99538924915713,0.052957528345148885,0.5961063324243466,0.3176864560725931,-1.2217111318373726,4.401952816882529,-3.182516774747138
1.5,-64.99533271676539,0.052957921107527624,0.5961058990730959,0.31768673734245084,-1.2217368259195476,4.401989136171866,-3.1824998150296167
1.5250000000000001,-64.99527687375107,0.052958309666216806,0.5961054612309826,0.3176870212620663,-1.22176222751874,4.4020253497261805,-3.18248306212532
1.55,-64.99522171958169,0.05295869401150768,0.5961050189818186,0.3176873077710749,-1.2217873361172475,4.402061454395451,-3.182466515874508
1.5750000000000002,-64.99516725366259,0.05295907413500918,0.5961045724091121,0.317687596809427,-1.2218121512874043,4.402097447069803,-3.182450176098776
1.6,-64.99511347533614,0.05295945002955494,0.5961041215960633,0.3176878883173911,-1.2218366726851344,4.402133324679933,-3.1824340426008417
1.625,-64.99506038388132,0.0529598216891203,0.5961036666255581,0.31768818223555656,-1.2218609000441967,4.402169084197446,-3.182418115164397
1.6500000000000001,-64.9950079785133,0.052960189108747883,0.5961032075801628,0.31768847850483684,-1.2218848331710221,4.402204722635185,-3.1824023935539896
1.675,-64.99495625838317,0.052960552284480676,0.5961027445421182,0.3176887770664722,-1.2219084719400743,4.4022402370474705,-3.1823868775149506
1.7000000000000002,-64.99490522257786,0.05296091121330213,0.5961022775933342,0.317689077862033,-1.2219318162896937,4.402275624530334,-3.1823715667733565
1.725,-64.99485487012008,0.05296126589308205,0.5961018068153842,0.31768938083342246,-1.2219548662183435,4.402310882221673,-3.1823564610360235
1.75,-64.99480519996841,0.052961616322528146,0.5961013322894992,0.3176896859228798,-1.2219776217812504,4.4023460073014204,-3.182341559990523
1.7750000000000001,-64.99475621101745,0.052961962501142296,0.5961008540965628,0.3176899930729832,-1.2220000830873692,4.402380996991631,-3.1823268633052337
1.8,-64.99470790209804,0.05296230442918098,0.5961003723171049,0.3176903022266525,-1.222022250296641,4.40241584855657,-3.1823123706294125
1.8250000000000002,-64.99466027197755,0.052962642107619584,0.5960998870312969,0.3176906133271524,-1.222044123617512,4.402450559302782,-3.1822980815932653
1.85,-64.99461331936024,0.05296297553812015,0.5960993983189458,0.31769092631809515,-1.2220657033046982,4.402485126579099,-3.182283995808072
1.875,-64.99456704288764,0.052963304723001904,0.5960989062594889,0.3176912411434434,-1.2220869896571431,4.4025195477766825,-3.1822701128662914
1.9000000000000001,-64.99452144113899,0.05296362966521482,0.5960984109319889,0.31769155774751295,-1.2221079830161778,4.402553820329005,-3.1822564323416955
1.925,-64.99447651263176,0.0529639503683152,0.5960979124151278,0.3176918760749756,-1.2221286837638314,4.402587941711809,-3.1822429537895287
1.9500000000000002,-64.99443225582215,0.05296426683644356,0.5960974107872024,0.3176921960708618,-1.2221490923212945,4.4026219094431,-3.182229676746644
1.975,-64.99438866910562,0.05296457907430431,0.5960969061261189,0.31769251768056306,-1.2221692091475092,4.402655721083064,-3.182216600731685
2.0,-64.99434575081749,0.05296488708714738,0.5960963985093878,0.31769284084983496,-1.2221890347378932,4.4026893742340265,-3.182203725245246
2.025,-64.99430349923357,0.052965190880750856,0.5960958880141191,0.3176931655247993,-1.2222085696231377,4.402722866540346,-3.18219104977007
2.0500000000000003,-64.99426191257072,0.052965490461405335,0.5960953747170172,0.3176934916519468,-1.2222278143681193,4.402756195688351,-3.1821785737712163
2.075,-64.99422098898758,0.05296578583589944,0.5960948586943763,0.31769381917813944,-1.222246769570895,4.402789359406217,-3.1821662966962734
2.1,-64.99418072658514,0.05296607701150604,0.5960943400220752,0.3176941480506128,-1.2222654358617466,4.402822355463878,-3.1821542179755427
2.125,-64.99414112340752,0.05296636399596994,0.5960938187755731,0.31769447821697844,-1.2222838139023275,4.402855181672887,-3.182142337022255
2.15,-64.99410217744254,0.052966646797495805,0.596093295029905,0.3176948096252261,-1.2223019043848236,4.402887835886314,-3.1821306532327625
2.1750000000000003,-64.99406388662254,0.05296692542473751,0.596092768859677,0.31769514222372597,-1.2223197080312143,4.402920315998592,-3.1821191659867623
2.2,-64.99402624882501,0.052967199886787435,0.5960922403390618,0.3176954759612306,-1.2223372255925318,4.402952619945386,-3.182107874647502
2.225,-64.99398926187332,0.05296747019316688,0.5960917095417948,0.3176958107868773,-1.2223544578481942,4.4029847457034545,-3.182096778561997
2.25,-64.9939529235375,0.05296773635381678,0.5960911765411694,0.3176961466501899,-1.2223714056053632,4.403016691290477,-3.1820858770612515
2.275,-64.99391723153494,0.05296799837908902,0.596090641410033,0.31769648350108076,-1.2223880696983398,4.403048454764906,-3.182075169460481
2.3000000000000003,-64.99388218353106,0.05296825627973794,0.5960901042207832,0.3176968212898527,-1.2224044509879792,4.40308003422582,-3.1820646550593166
2.325,-64.99384777714018,0.0529685100669124,0.5960895650453637,0.3176971599672008,-1.222420550361138,4.403111427812719,-3.182054333142052
2.35,-64.99381400992617,0.05296875975214819,0.59608902395526,0.3176974994842142,-1.222436368730147,4.403142633705384,-3.1820442029778504
2.375,-64.99378087940325,0.05296900534736066,0.5960884810214961,0.31769783979237776,-1.222451907032305,4.403173650123686,-3.1820342638209738
2.4000000000000004,-64.9937483830367,0.05296924686483762,0.5960879363146309,0.3176981808435737,-1.2224671662293836,4.403204475327404,-3.1820245149110105
2.4250000000000003,-64.99371651824369,0.052969484317232446,0.5960873899047537,0.3176985225900833,-1.22248214730715,4.403235107616028,-3.182014955473106
2.45,-64.99368528239391,0.052969717717557575,0.596086841861482,0.31769886498458827,-1.2224968512749192,4.403265545328599,-3.182005584718173
2.475,-64.99365467281045,0.05296994707917793,0.5960862922539568,0.31769920798017237,-1.2225112791650965,4.4032957868434925,-3.181996401843135
2.5,-64.99362468677049,0.052970172415804775,0.5960857411508401,0.31769955153032264,-1.2225254320327528,4.403325830578213,-3.1819874060311464
2.5250000000000004,-64.99359532150606,0.052970393741489444,0.5960851886203112,0.31769989558893097,-1.2225393109551927,4.403355674989224,-3.181978596451819
2.5500000000000003,-64.99356657420483,0.05297061107061752,0.5960846347300636,0.3177002401102952,-1.2225529170315488,4.403385318571717,-3.18196997226145
2.575,-64.99353844201082,0.052970824417903045,0.5960840795473018,0.3177005850491204,-1.222566251382385,4.403414759859425,-3.181961532603245
2.6,-64.99351092202517,0.05297103379838241,0.5960835231387388,0.3177009303605201,-1.222579315149272,4.403443997424392,-3.18195327660755
2.625,-64.99348401130692,0.052971239227409234,0.5960829655705926,0.3177012760000174,-1.2225921094944343,4.403473029876784,-3.1819452033920754
2.6500000000000004,-64.99345770687374,0.052971440720648376,0.5960824069085835,0.3177016219235459,-1.2226046356003375,4.40350185586465,-3.181937312062122
2.6750000000000003,-64.99343200570269,0.05297163829407081,0.5960818472179314,0.3177019680874508,-1.2226168946693314,4.40353047407372,-3.181929601710806
2.7,-64.99340690473092,0.05297183196394799,0.5960812865633535,0.31770231444849,-1.2226288879232665,4.40355888322719,-3.181922071419275
2.725,-64.99338240085649,0.052972021746846724,0.5960807250090607,0.3177026609638346,-1.2226406166031358,4.403587082085486,-3.181914720256947
2.75,-64.99335849093909,0.05297220765962382,0.5960801626187565,0.31770300759107006,-1.2226520819687063,4.403615069446036,-3.181907547281726
2.7750000000000004,-64.99333517180075,0.05297238971942099,0.5960795994556335,0.31770335428819685,-1.222663285298171,4.403642844143057,-3.181900551540225
2.8000000000000003,-64.99331244022663,0.0529725679436596,0.5960790355823714,0.3177037010136311,-1.2226742278877825,4.403670405047313,-3.1818937320679894
2.825,-64.99329029296571,0.05297274235003577,0.5960784710611349,0.3177040477262054,-1.222684911051518,4.403697751065894,-3.181887087889713
2.85,-64.99326872673156,0.05297291295651508,0.5960779059535714,0.31770439438516934,-1.2226953361207162,4.403724881141971,-3.1818806180194668
2.875,-64.99324773820305,0.05297307978132781,0.5960773403208087,0.31770474095019,-1.2227055044437456,4.403751794254569,-3.1818743214609158
2.9000000000000004,-64.99322732402511,0.05297324284296396,0.5960767742234537,0.31770508738135267,-1.2227154173856658,4.403778489418324,-3.181868197207534
2.9250000000000003,-64.9932074808094,0.05297340216016819,0.5960762077215896,0.31770543363916093,-1.2227250763278754,4.403804965683251,-3.181862244242821
2.95,-64.99318820513511,0.05297355775193514,0.5960756408747747,0.3177057796845374,-1.222734482667795,4.403831222134483,-3.1818564615405336
2.975,-64.99316949354962,0.052973709637504564,0.5960750737420402,0.3177061254788239,-1.2227436378185288,4.403857257892049,-3.1818508480648844
3.0,-64.9931513425692,0.05297385783635629,0.5960745063818887,0.3177064709837817,-1.222752543208519,4.403883072110625,-3.1818454027707617
3.0250000000000004,-64.99313374867984,0.05297400236820584,0.596073938852293,0.3177068161615919,-1.2227612002812462,4.403908663979272,-3.1818401246039514
3.0500000000000003,-64.99311670833781,0.05297414325299933,0.5960733712106938,0.3177071609748556,-1.2227696104948789,4.403934032721205,-3.181835012501342
3.075,-64.99310021797045,0.05297428051090908,0.5960728035139987,0.3177075053865938,-1.2227777753219704,4.403959177593541,-3.181830065391135
3.1,-64.99308427397689,0.0529744141623286,0.5960722358185809,0.3177078493602479,-1.2227856962491173,4.403984097887032,-3.181825282193067
3.125,-64.9930688727287,0.052974544227868334,0.5960716681802777,0.3177081928596793,-1.2227933747766657,4.40400879292583,-3.1818206618186093
3.1500000000000004,-64.99305401057059,0.05297467072835065,0.5960711006543892,0.31770853584916964,-1.222800812418368,4.404033262067226,-3.1818162031711763
3.1750000000000003,-64.99303968382115,0.05297479368480549,0.5960705332956775,0.31770887829342076,-1.2228080107010855,4.404057504701385,-3.1818119051463456
3.2,-64.99302588877349,0.052974913118465736,0.5960699661583653,0.31770922015755443,-1.2228149711644705,4.404081520251109,-3.1818077666320463
3.225,-64.99301262169594,0.052975029050762595,0.596069399296135,0.3177095614071123,-1.2228216953606486,4.40410530817156,-3.1818037865087816
3.25,-64.99299987883273,0.052975141503321346,0.596068832762128,0.3177099020080557,-1.22282818485393,4.4041288679500115,-3.1817999636498198
3.2750000000000004,-64.9929876564047,0.05297525049795644,0.5960682666089433,0.31771024192676534,-1.2228344412204735,4.40415219910558,-3.1817962969214078
3.3000000000000003,-64.99297595060989,0.05297535605666739,0.5960677008886374,0.317710581130041,-1.222840466048003,4.404175301188969,-3.1817927851829664
3.325,-64.9929647576243,0.052975458201634136,0.596067135652723,0.31771091958510134,-1.2228462609354946,4.404198173782208,-3.181789427287292
3.35,-64.99295407360255,0.052975556955212846,0.5960665709521688,0.31771125725958327,-1.2228518274928852,4.404220816498375,-3.181786222080764
3.375,-64.99294389467843,0.052975652339931206,0.5960660068373984,0.31771159412154165,-1.2228571673407531,4.404243228981345,-3.1817831684035296
3.4000000000000004,-64.9929342169657,0.052975744378484325,0.5960654433582907,0.3177119301394489,-1.2228622821100386,4.4042654109055235,-3.181780265089708
3.4250000000000003,-64.99292503655865,0.05297583309373043,0.5960648805641784,0.3177122652821942,-1.2228671734417482,4.404287361975564,-3.1817775109675934
3.45,-64.99291634953278,0.05297591850868627,0.5960643185038482,0.3177125995190833,-1.2228718429866412,4.404309081926126,-3.1817749048598327
3.475,-64.99290815194546,0.0529760006465231,0.5960637572255407,0.31771293281983765,-1.2228762924049577,4.404330570521579,-3.1817724455836367
3.5,-64.99290043983653,0.05297607953056238,0.5960631967769499,0.31771326515459375,-1.2228805233661226,4.404351827555753,-3.1817701319509593
3.5250000000000004,-64.99289320922898,0.05297615518427143,0.5960626372052226,0.31771359649390263,-1.2228845375484514,4.404372852851661,-3.1817679627686943
3.5500000000000003,-64.99288645612954,0.052976227631259296,0.5960620785569593,0.3177139268087289,-1.2228883366388663,4.404393646261219,-3.1817659368388616
3.575,-64.99288017652933,0.05297629689527265,0.5960615208782133,0.3177142560704502,-1.2228919223326191,4.404414207664997,-3.1817640529587976
3.6,-64.9928743664045,0.052976363000191554,0.5960609642144912,0.31771458425085614,-1.2228952963330013,4.404434536971914,-3.1817623099213477
3.625,-64.9928690217168,0.052976425970025325,0.5960604086107526,0.31771491132214774,-1.2228984603510626,4.404454634118996,-3.1817607065150395
3.6500000000000004,-64.99286413841425,0.052976485828908404,0.5960598541114109,0.3177152372569363,-1.2229014161053307,4.404474499071088,-3.1817592415242744
3.6750000000000003,-64.9928597124317,0.05297654260109645,0.5960593007603329,0.3177155620282425,-1.222904165321545,4.404494131820581,-3.1817579137295082
3.7,-64.99285573969146,0.052976596310962125,0.5960587486008391,0.31771588560949565,-1.2229067097323687,4.404513532387131,-3.181756721907439
3.725,-64.99285221610393,0.0529766469829911,0.5960581976757046,0.3177162079745323,-1.222909051077122,4.404532700817399,-3.181755664831178
3.75,-64.9928491375681,0.05297669464177815,0.5960576480271589,0.3177165290975956,-1.2229111911015098,4.40455163718477,-3.18175474127043
3.7750000000000004,-64.99284649997226,0.052976739312023076,0.5960570996968868,0.31771684895333385,-1.2229131315573514,4.404570341589062,-3.1817539499916774
3.8000000000000003,-64.9928442991945,0.052976781018526944,0.5960565527260286,0.3177171675167997,-1.2229148742023208,4.40458881415627,-3.1817532897583503
3.825,-64.99284253110334,0.052976819786187915,0.5960560071551809,0.3177174847634487,-1.222916420799666,4.40460705503828,-3.181752759331
3.85,-64.99284119155827,0.05297685563999766,0.596055463024397,0.31771780066913835,-1.2229177731179655,4.40462506441259,-3.181752357467481
3.875,-64.99284027641036,0.052976888605037235,0.596054920373188,0.31771811521012683,-1.2229189329308467,4.404642842482041,-3.1817520829231083
3.9000000000000004,-64.99283978150281,0.05297691870647343,0.596054379240523,0.3177184283630717,-1.222919902016743,4.404660389474536,-3.1817519344508427
3.9250000000000003,-64.9928397026715,0.05297694596955496,0.5960538396648304,0.31771874010502843,-1.2229206821586311,4.404677705642751,-3.181751910801451
3.95,-64.99284003574559,0.0529769704196086,0.5960533016839986,0.3177190504134495,-1.2229212751437726,4.4046947912638785,-3.181752010723676
3.975,-64.992840776548,0.05297699208203553,0.5960527653353769,0.3177193592661826,-1.2229216827634644,4.4047116466393375,-3.181752232964398
4.0,-64.99284192089604,0.05297701098230755,0.5960522306557762,0.3177196666414695,-1.222921906812784,4.404728272094484,-3.181752576268812
4.025,-64.99284346460192,0.0529770271459635,0.5960516976814705,0.31771997251794454,-1.2229219490903478,4.404744667978364,-3.1817530393805753
4.05,-64.99284540347325,0.052977040598605515,0.5960511664481978,0.3177202768746332,-1.2229218113980571,4.404760834663413,-3.181753621041976
4.075,-64.99284773331367,0.05297705136589544,0.5960506369911611,0.3177205796909507,-1.2229214955408578,4.4047767725451745,-3.1817543199941
4.1000000000000005,-64.99285044992327,0.05297705947355128,0.5960501093450298,0.3177208809467002,-1.2229210033264972,4.404792482042041,-3.18175513497698
4.125,-64.9928535490992,0.052977064947343444,0.5960495835439406,0.31772118062207155,-1.2229203365652748,4.404807963594955,-3.181756064729758
4.15,-64.99285702663613,0.05297706781309143,0.596049059621499,0.3177214786976396,-1.2229194970698154,4.404823217667151,-3.181757107990839
4.175,-64.99286087832682,0.052977068096660314,0.5960485376107808,0.3177217751543626,-1.2229184866548353,4.404838244743865,-3.181758263498047
4.2,-64.9928650999626,0.052977065823957066,0.5960480175443332,0.31772206997358055,-1.2229173071368913,4.404853045332058,-3.18175952998878
4.2250000000000005,-64.99286968733384,0.052977061020927294,0.5960474994541763,0.3177223631370136,-1.2229159603341637,4.404867619960157,-3.1817609062001506
4.25,-64.99287463623052,0.05297705371355168,0.5960469833718047,0.3177226546267602,-1.2229144480662162,4.404881969177744,-3.181762390869157
4.275,-64.9928799424427,0.05297704392784271,0.5960464693281887,0.31772294442529564,-1.222912772153774,4.404896093555313,-3.1817639827328095
4.3,-64.99288560176097,0.05297703168984133,0.5960459573537763,0.3177232325154701,-1.222910934418502,4.40490999368397,-3.1817656805282923
4.325,-64.99289160997701,0.05297701702561345,0.5960454474784945,0.3177235188805069,-1.222908936682767,4.404923670175174,-3.181767482993102
4.3500000000000005,-64.99289796288397,0.05297699996124685,0.5960449397317512,0.3177238035040009,-1.222906780769432,4.40493712366046,-3.1817693888651917
4.375,-64.99290465627708,0.052976980522847814,0.5960444341424366,0.3177240863699164,-1.22290446850163,4.404950354791138,-3.1817713968831227
4.4,-64.99291168595397,0.05297695873653783,0.596043930738925,0.31772436746258537,-1.2229020017025414,4.404963364238059,-3.181773505786191
4.425,-64.99291904771528,0.052976934628450476,0.5960434295490771,0.31772464676670575,-1.2228993821951872,4.404976152691306,-3.1817757143145826
4.45,-64.992926737365,0.052976908224728184,0.596042930600241,0.31772492426733945,-1.2228966118022104,4.404988720859943,-3.1817780212094986
4.4750000000000005,-64.992934750711,0.05297687955151924,0.5960424339192549,0.31772519994991033,-1.2228936923456757,4.4050010694717265,-3.1817804252133
4.5,-64.99294308356546,0.05297684863497443,0.5960419395324483,0.31772547380020244,-1.2228906256468461,4.405013199272846,-3.1817829250696392
4.525,-64.99295173174531,0.052976815501244175,0.5960414474656445,0.3177257458043579,-1.2228874135259904,4.405025111027642,-3.1817855195235922
4.55,-64.99296069107265,0.052976780176475315,0.596040957744162,0.31772601594887506,-1.2228840578021665,4.405036805518338,-3.181788207321796
4.575,-64.99296995737527,0.05297674268680818,0.5960404703928174,0.31772628422060634,-1.22288056029303,4.4050482835447635,-3.1817909872125796
4.6000000000000005,-64.99297952648695,0.052976703058373494,0.5960399854359266,0.3177265506067563,-1.2228769228146235,4.405059545924098,-3.1817938579460843
4.625,-64.992989394248,0.05297666131728967,0.5960395028973074,0.3177268150948796,-1.222873147181198,4.405070593490587,-3.1817968182743996
4.65,-64.99299955650562,0.052976617489659567,0.5960390228002816,0.3177270776728789,-1.2228692352049968,4.405081427095281,-3.1817998669516867
4.675,-64.99301000911436,0.05297657160156771,0.5960385451676771,0.3177273383290027,-1.2228651886960702,4.405092047605759,-3.181803002734307
4.7,-64.99302074793647,0.052976523679077556,0.59603807002183,0.3177275970518434,-1.2228610094620915,4.40510245590587,-3.181806224380941
4.7250000000000005,-64.99303176884236,0.052976473748228385,0.5960375973845871,0.317727853830335,-1.2228566993081542,4.405112652895462,-3.181809530652707
4.75,-64.99304306771097,0.05297642183503272,0.596037127277308,0.3177281086537512,-1.2228522600365956,4.405122639490117,-3.181812920313291
4.775,-64.99305464043019,0.05297636796547355,0.5960366597208675,0.3177283615117028,-1.2228476934468173,4.405132416620886,-3.1818163921290563
4.800000000000001,-64.99306648289722,0.05297631216550136,0.5960361947356582,0.317728612394136,-1.2228430013350828,4.405141985234022,-3.1818199448691655
4.825,-64.99307859101897,0.052976254461031706,0.5960357323415924,0.31772886129132993,-1.2228381854943609,4.405151346290722,-3.1818235773056913
4.8500000000000005,-64.99309096071246,0.052976194877942334,0.5960352725581047,0.31772910819389444,-1.2228332477141326,4.405160500766856,-3.1818272882137393
4.875,-64.9931035879052,0.052976133442070666,0.5960348154041548,0.31772935309276795,-1.2228281897802247,4.405169449652706,-3.1818310763715587
4.9,-64.99311646853546,0.05297607017921098,0.5960343608982296,0.3177295959792152,-1.2228230134746234,4.405178193952723,-3.181834940560638
4.925000000000001,-64.99312959855281,0.052976005115112086,0.5960339090583457,0.3177298368448249,-1.2228177205753208,4.405186734685239,-3.1818388795658437
4.95,-64.99314297391832,0.05297593827547458,0.5960334599020523,0.31773007568150763,-1.2228123128561317,4.405195072882233,-3.181842892175497
4.9750000000000005,-64.99315659060503,0.05297586968594841,0.5960330134464332,0.31773031248149325,-1.2228067920865364,4.405203209589052,-3.1818469771815074
5.0,-64.9931704445982,0.05297579937213026,0.5960325697081104,0.3177305472373289,-1.2228011600315039,4.405211145864173,-3.1818511333794617
5.025,-64.99318453189579,0.05297572735956129,0.5960321287032453,0.3177307799418766,-1.222795418451345,4.405218882778931,-3.1818553595687376
5.050000000000001,-64.99319884850864,0.052975653673724504,0.5960316904475428,0.31773101058831066,-1.22278956910154,4.405226421417279,-3.181859654552592
5.075,-64.99321339046092,0.05297557834004246,0.5960312549562529,0.3177312391701157,-1.222783613732584,4.405233762875522,-3.1818640171382766
5.1000000000000005,-64.99322815379044,0.05297550138387491,0.596030822244174,0.31773146568108407,-1.222777554089836,4.40524090826207,-3.181868446137132
5.125,-64.99324313454895,0.052975422830516386,0.5960303923256557,0.3177316901153135,-1.2227713919133585,4.4052478586971855,-3.181872940364684
5.15,-64.99325832880248,0.05297534270519391,0.596029965214601,0.3177319124672048,-1.222765128937766,4.405254615312729,-3.1818774986407448
5.175000000000001,-64.99327373263166,0.05297526103306476,0.5960295409244698,0.3177321327314594,-1.2227587668920796,4.405261179251923,-3.181882119789499
5.2,-64.99328934213203,0.052975177839214196,0.5960291194682811,0.3177323509030769,-1.222752307499578,4.4052675516690805,-3.181886802639609
5.2250000000000005,-64.99330515341431,0.052975093148653334,0.596028700858616,0.3177325669773528,-1.2227457524776584,4.40527373372939,-3.181891546024293
5.25,-64.99332116260477,0.05297500698631674,0.5960282851076211,0.3177327809498759,-1.222739103537678,4.405279726608635,-3.1818963487814313
5.275,-64.99333736584548,0.05297491937706058,0.5960278722270104,0.31773299281652595,-1.2227323623848338,4.405285531492975,-3.1819012097536428
5.300000000000001,-64.9933537592946,0.05297483034566014,0.596027462228069,0.3177332025734712,-1.222725530718001,4.405291149578686,-3.1819061277883818
5.325,-64.99337033912671,0.052974739916808095,0.5960270551216559,0.31773341021716595,-1.222718610229619,4.405296582071937,-3.1819111017380135
5.3500000000000005,-64.99338710153305,0.052974648115112204,0.5960266509182066,0.317733615744348,-1.2227116026055427,4.405301830188523,-3.1819161304599133
5.375,-64.99340404272179,0.05297455496509339,0.5960262496277363,0.3177338191520363,-1.2227045095249156,4.40530689515365,-3.1819212128165373
5.4,-64.99342115891837,0.052974460491183616,0.596025851259843,0.3177340204375284,-1.2226973326600339,4.405311778201685,-3.1819263476755095
5.425000000000001,-64.99343844636569,0.05297436471772413,0.5960254558237101,0.31773421959839804,-1.222690073676231,4.405316480575919,-3.181931533909706
5.45,-64.99345590132441,0.05297426766896331,0.5960250633281101,0.3177344166324924,-1.2226827342317361,4.4053210035283366,-3.1819367703973227
5.4750000000000005,-64.99347352007324,0.052974169369054934,0.5960246737814069,0.31773461153793,-1.2226753159775676,4.40532534831937,-3.181942056021971
5.5,-64.99349129890912,0.05297406984205612,0.5960242871915591,0.3177348043130978,-1.222667820557392,4.405329516217687,-3.181947389672736
5.525,-64.99350923414755,0.052973969111925666,0.5960239035661234,0.317734994956649,-1.2226602496074241,4.405333508499932,-3.1819527702442656
5.550000000000001,-64.99352732212277,0.05297386720252207,0.5960235229122576,0.3177351834675001,-1.2226526047562936,4.405337326450518,-3.1819581966368315
5.575,-64.99354555918804,0.05297376413760178,0.5960231452367232,0.31773536984482903,-1.2226448876249343,4.405340971361392,-3.1819636677564103
5.6000000000000005,-64.99356394171583,0.05297365994081755,0.596022770545889,0.31773555408807197,-1.2226370998264797,4.405344444531809,-3.18196918251475
5.625,-64.99358246609815,0.052973554635716555,0.5960223988457343,0.3177357361969211,-1.222629242966138,4.405347747268088,-3.181974739829444
5.65,-64.99360112874665,0.052973448245738824,0.5960220301418516,0.3177359161713221,-1.222621318641096,4.405350880883418,-3.181980338623994
5.675000000000001,-64.99361992609293,0.05297334079421545,0.5960216644394504,0.3177360940114714,-1.2226133284403997,4.405353846697606,-3.1819859778278796
5.7,-64.99363885458874,0.05297323230436707,0.5960213017433595,0.317736269717814,-1.2226052739448598,4.405356646036879,-3.181991656376621
5.7250000000000005,-64.99365791070615,0.05297312279930215,0.5960209420580314,0.31773644329104045,-1.2225971567269431,4.405359280233653,-3.181997373211844
5.75,-64.99367709093781,0.052973012302015406,0.596020585387544,0.31773661473208464,-1.2225889783506658,4.405361750626308,-3.1820031272813423
5.775,-64.99369639179714,0.052972900835386444,0.5960202317356054,0.3177367840421211,-1.2225807403715152,4.4053640585589795,-3.182008917539143
5.800000000000001,-64.99371580981853,0.05297278842217792,0.5960198811055558,0.3177369512225624,-1.2225724443363244,4.4053662053813465,-3.182014742945557
5.825,-64.9937353415575,0.052972675085034206,0.5960195335003717,0.31773711627505674,-1.2225640917831937,4.405368192448402,-3.1820206024672486
5.8500000000000005,-64.99375498359096,0.05297256084648015,0.5960191889226686,0.31773727920148526,-1.2225556842414085,4.405370021120253,-3.182026495077288
5.875,-64.99377473251732,0.05297244572891918,0.5960188473747042,0.3177374400039595,-1.2225472232313197,4.405371692761915,-3.182032419755197
5.9,-64.99379458495675,0.05297232975463224,0.5960185088583821,0.31773759868481877,-1.222538710264276,4.40537320874308,-3.1820383754870236
5.925000000000001,-64.99381453755126,0.05297221294577635,0.5960181733752549,0.31773775524662773,-1.222530146842537,4.405374570437929,-3.1820443612653775
5.95,-64.99383458696498,0.052972095324383114,0.5960178409265271,0.31773790969217375,-1.2225215344591713,4.405375779224921,-3.1820503760894936
5.9750000000000005,-64.99385472988425,0.0529719769123576,0.5960175115130592,0.3177380620244643,-1.2225128745979954,4.405376836486584,-3.1820564189652742
6.0,-64.99387496301782,0.05297185773147689,0.59601718513537,0.3177382122467244,-1.222504168733474,4.405377743609311,-3.182062488905345
6.025,-64.99389528309699,0.05297173780338885,0.5960168617936409,0.317738360362394,-1.2224954183306493,4.405378501983163,-3.182068584929097
6.050000000000001,-64.9939156868758,0.05297161714961088,0.5960165414877184,0.31773850637512563,-1.2224866248450597,4.405379113001672,-3.182074706062738
6.075,-64.99393617113114,0.05297149579152885,0.5960162242171181,0.3177386502887815,-1.2224777897226755,4.4053795780616225,-3.1820808513393417
6.1000000000000005,-64.99395673266294,0.05297137375039575,0.5960159099810273,0.3177387921074312,-1.2224689143998124,4.405379898562879,-3.182087019798881
6.125,-64.99397736829425,0.05297125104733054,0.5960155987783089,0.317738931835349,-1.2224600003030615,4.405380075908184,-3.1820932104882758
6.15,-64.99399807487147,0.052971127703317106,0.5960152906075046,0.31773906947701136,-1.2224510488492266,4.405380111502953,-3.182099422461441
6.175000000000001,-64.99401884926439,0.052971003739203125,0.5960149854668382,0.3177392050370943,-1.22244206144525,4.405380006755095,-3.1821056547793174
6.2,-64.9940396883664,0.05297087917569892,0.5960146833542187,0.3177393385204709,-1.222433039488145,4.405379763074821,-3.1821119065099195
6.2250000000000005,-64.99406058909454,0.052970754033376526,0.5960143842672443,0.31773946993220875,-1.2224239843649383,4.405379381874447,-3.182118176728363
6.25,-64.99408154838973,0.05297062833266874,0.5960140882032049,0.3177395992775673,-1.2224148974526126,4.405378864568209,-3.1821244645169187
6.275,-64.99410256321676,0.05297050209386781,0.5960137951590861,0.3177397265619954,-1.2224057801180226,4.405378212572087,-3.1821307689650267
6.300000000000001,-64.99412363056449,0.052970375337124814,0.5960135051315724,0.31773985179112874,-1.222396633717862,4.4053774273036135,-3.182137089169346
6.325,-64.99414474744596,0.05297024808244847,0.5960132181170502,0.3177399749707873,-1.2223874595985893,4.4053765101816875,-3.182143424233787
6.3500000000000005,-64.99416591089845,0.052970120349704455,0.5960129341116118,0.3177400961069729,-1.222378259096387,4.4053754626264086,-3.182149773269533
6.375,-64.99418711798361,0.052969992158614275,0.5960126531110582,0.3177402152058664,-1.2223690335370934,4.405374286058878,-3.182156135395084
6.4,-64.99420836578759,0.05296986352875452,0.5960123751109027,0.3177403322738255,-1.2223597842361569,4.405372981901039,-3.1821625097362753
6.425000000000001,-64.99422965142105,0.05296973447955606,0.5960121001063742,0.3177404473173819,-1.2223505124985914,4.4053715515754925,-3.182168895426315
6.45,-64.99425097201936,0.05296960503030327,0.5960118280924206,0.3177405603432391,-1.2223412196189272,4.405369996505326,-3.1821752916058075
6.4750000000000005,-64.99427232474258,0.05296947520013305,0.5960115590637122,0.3177406713582697,-1.2223319068811538,4.405368318113943,-3.182181697422774
6.5,-64.99429370677564,0.052969345008034255,0.5960112930146448,0.31774078036951287,-1.2223225755586866,4.405366517824889,-3.1821881120326907
6.525,-64.99431511532835,0.05296921447284684,0.5960110299393435,0.31774088738417183,-1.2223132269143173,4.405364597061678,-3.182194534598504
6.550000000000001,-64.99433654763551,0.05296908361326122,0.5960107698316657,0.31774099240961157,-1.2223038622001758,4.405362557247642,-3.1822009642906535
6.575,-64.99435800095699,0.05296895244781765,0.5960105126852044,0.3177410954533561,-1.2222944826576965,4.40536039980575,-3.1822074002870977
6.6000000000000005,-64.99437947257775,0.05296882099490535,0.596010258493292,0.31774119652308613,-1.2222850895175639,4.405358126158459,-3.1822138417733243
6.625,-64.99440095980796,0.05296868927276205,0.5960100072490031,0.3177412956266365,-1.2222756839996898,4.405355737727532,-3.182220287942388
6.65,-64.99442245998304,0.05296855729947342,0.5960097589451582,0.3177413927719937,-1.2222662673131832,4.4053532359338945,-3.1822267379949123
6.675000000000001,-64.99444397046372,0.05296842509297216,0.5960095135743269,0.3177414879672935,-1.2222568406562924,4.405350622197472,-3.1822331911391157
6.7,-64.99446548863608,0.05296829267103788,0.5960092711288312,0.31774158122081847,-1.2222474052164043,4.405347897937034,-3.182239646590824
6.7250000000000005,-64.99448701191162,0.05296816005129624,0.596009031600749,0.31774167254099545,-1.222237962169995,4.405345064570039,-3.1822461035734846
6.75,-64.9945085377273,0.05296802725121849,0.5960087949819174,0.31774176193639314,-1.2222285126826038,4.4053421235124715,-3.1822525613181893
6.775,-64.99453006354561,0.05296789428812114,0.5960085612639356,0.3177418494157197,-1.2222190579088172,4.405339076178698,-3.182259019063683
6.800000000000001,-64.99455158685454,0.05296776117916532,0.5960083304381689,0.3177419349878204,-1.222209598992234,4.405335923981336,-3.182265476056362
6.825,-64.9945731051677,0.05296762794135633,0.5960081024957514,0.31774201866167495,-1.2222001370654407,4.405332668331067,-3.1822719315503107
6.8500000000000005,-64.99459461602432,0.052967494591543325,0.5960078774275898,0.31774210044639534,-1.2221906732499963,4.4053293106365174,-3.182278384807294
6.875,-64.99461611698923,0.05296736114641884,0.5960076552243662,0.31774218035122337,-1.2221812086564083,4.405325852304111,-3.18228483509677
6.9,-64.994637605653,0.05296722762251839,0.5960074358765418,0.3177422583855283,-1.222171744384111,4.4053222947379265,-3.182291281695899
6.925000000000001,-64.99465907963183,0.052967094036220214,0.5960072193743602,0.3177423345588042,-1.2221622815214561,4.4053186393395425,-3.182297723889549
6.95,-64.9946805365677,0.05296696040374483,0.5960070057078501,0.317742408880668,-1.2221528211456885,4.405314887507912,-3.1823041609703098
6.9750000000000005,-64.99470197412829,0.052966826741154736,0.5960067948668294,0.31774248136085687,-1.2221433643229336,4.40531104063922,-3.182310592238487
7.0,-64.99472339000704,0.05296669306435422,0.5960065868409077,0.31774255200922585,-1.2221339121081896,4.405307100126752,-3.1823170170021116
7.025,-64.99474478192315,0.052966559389088945,0.59600638161949,0.3177426208357456,-1.2221244655453083,4.405303067360751,-3.1823234345769436
7.050000000000001,-64.99476614762159,0.05296642573094581,0.59600617919178,0.3177426878505001,-1.2221150256669902,4.405298943728287,-3.182329844286477
7.075,-64.9947874848731,0.05296629210535267,0.5960059795467829,0.31774275306368416,-1.222105593494774,4.405294730613141,-3.1823362454619297
7.1000000000000005,-64.99480879147421,0.052966158527578175,0.5960057826733091,0.31774281648560126,-1.2220961700390316,4.405290429395644,-3.1823426374422636
7.125,-64.99483006524721,0.05296602501273154,0.5960055885599769,0.31774287812666124,-1.2220867562989581,4.405286041452588,-3.182349019574164
7.15,-64.99485130404017,0.052965891575762376,0.5960053971952164,0.3177429379973779,-1.2220773532625693,4.4052815681570685,-3.18235539121205
7.175000000000001,-64.9948725057269,0.05296575823146055,0.596005208567272,0.31774299610836687,-1.222067961906697,4.40527701087838,-3.1823617517180707
7.2,-64.994893668207,0.052965624994456124,0.5960050226642062,0.3177430524703431,-1.2220585831969932,4.405272370981878,-3.1823681004620994
7.2250000000000005,-64.99491478940577,0.05296549187921921,0.596004839473902,0.317743107094119,-1.2220492180879232,4.405267649828877,-3.1823744368217306
7.25,-64.99493586727425,0.05296535890005979,0.5960046589840671,0.31774315999060176,-1.2220398675227653,4.405262848776518,-3.182380760182275
7.275,-64.9949568997892,0.05296522607112777,0.596004481182236,0.3177432111707914,-1.2220305324336165,4.405257969177652,-3.1823870699367602
7.300000000000001,-64.99497788495303,0.05296509340641292,0.5960043060557739,0.3177432606457784,-1.2220212137413975,4.4052530123807285,-3.182393365485909
7.325,-64.99499882079384,0.052964960919744855,0.5960041335918794,0.3177433084267416,-1.2220119123558555,4.405247979729678,-3.1823996462381516
7.3500000000000005,-64.99501970536532,0.052964828624792945,0.5960039637775878,0.3177433545249459,-1.2220026291755683,4.405242872563811,-3.1824059116095964
7.375,-64.9950405367468,0.05296469653506649,0.5960037965997742,0.31774339895174014,-1.221993365087959,4.405237692217686,-3.1824121610240397
7.4,-64.99506131304315,0.05296456466391455,0.5960036320451567,0.3177434417185549,-1.2219841209692939,4.405232440021021,-3.1824183939129456
7.425000000000001,-64.99508203238479,0.05296443302452611,0.5960034701002991,0.31774348283690035,-1.2219748976846967,4.405227117298578,-3.1824246097154356
7.45,-64.99510269292762,0.05296430162993015,0.5960033107516144,0.31774352231836406,-1.2219656960881613,4.40522172537005,-3.182430807878285
7.4750000000000005,-64.995123292853,0.05296417049299564,0.5960031539853676,0.3177435601746089,-1.2219565170225606,4.405216265549974,-3.182436987855898
7.5,-64.99514383036768,0.052964039626431814,0.5960029997876789,0.31774359641737093,-1.2219473613196652,4.405210739147619,-3.1824431491103042
7.525,-64.9951643037038,0.052963909042788145,0.5960028481445264,0.31774363105845727,-1.2219382298001542,4.4052051474668845,-3.1824492911111406
7.550000000000001,-64.99518471111881,0.05296377875445454,0.5960026990417497,0.31774366410974386,-1.2219291232736307,4.405199491806197,-3.1824554133356426
7.575,-64.99520505089542,0.05296364877366146,0.5960025524650524,0.3177436955831737,-1.2219200425386387,4.405193773458425,-3.1824615152686264
7.6000000000000005,-64.99522532134154,0.05296351911248016,0.5960024084000052,0.31774372549075447,-1.221910988382682,4.405187993710778,-3.1824675964024607
7.625,-64.99524552079025,0.0529633897828228,0.5960022668320489,0.31774375384455655,-1.2219019615822433,4.405182153844705,-3.1824736562370743
7.65,-64.99526564759971,0.052963260796442715,0.5960021277464975,0.3177437806567111,-1.2218929629028028,4.405176255135822,-3.1824796942799125
7.675000000000001,-64.99528570015313,0.05296313216493471,0.596001991128541,0.31774380593940793,-1.2218839930988692,4.4051702988537995,-3.1824857100459396
7.7,-64.9953056768587,0.052963003899734976,0.5960018569632483,0.3177438297048934,-1.2218750529139764,4.405164286262276,-3.1824917030576114
7.7250000000000005,-64.99532557614951,0.052962876012121775,0.5960017252355699,0.31774385196546856,-1.2218661430807376,4.405158218618788,-3.1824976728448533
7.75,-64.99534539648347,0.05296274851321547,0.5960015959303416,0.31774387273348703,-1.2218572643208545,4.405152097174668,-3.1825036189450415
7.775,-64.9953651363433,0.052962621413978866,0.5960014690322865,0.3177438920213532,-1.2218484173451443,4.405145923174966,-3.182509540902988
7.800000000000001,-64.99538479423639,0.05296249472521746,0.596001344526018,0.3177439098415201,-1.2218396028535627,4.405139697858359,-3.1825154382709155
7.825,-64.99540436869476,0.052962368457579845,0.5960012223960435,0.31774392620648745,-1.2218308215352398,4.405133422457081,-3.182521310608429
7.8500000000000005,-64.995423858275,0.05296224262155795,0.596001102626766,0.31774394112879983,-1.2218220740684986,4.405127098196843,-3.1825271574825007
7.875,-64.99544326155815,0.05296211722748762,0.5960009852024877,0.3177439546210447,-1.2218133611209028,4.4051207262967464,-3.182532978467445
7.9,-64.99546257714962,0.05296199228554856,0.5960008701074125,0.31774396669585053,-1.2218046833492566,4.405114307969217,-3.182538773144887
7.925000000000001,-64.99548180367918,0.05296186780576515,0.5960007573256492,0.31774397736588483,-1.221796041399669,4.405107844419913,-3.1825445411037547
7.95,-64.99550093980079,0.05296174379800664,0.5960006468412136,0.31774398664385234,-1.2217874359075689,4.405101336847669,-3.1825502819402374
7.9750000000000005,-64.99551998419255,0.05296162027198744,0.5960005386380318,0.31774399454249314,-1.221778867497734,4.405094786444417,-3.1825559952577662
8.0,-64.99553893555662,0.052961497237267854,0.5960004326999427,0.31774400107458084,-1.2217703367843422,4.405088194395122,-3.182561680666987
8.025,-64.9955577926191,0.05296137470325417,0.5960003290107008,0.31774400625292065,-1.2217618443709874,4.405081561877707,-3.1825673377857284
8.05,-64.99557655412995,0.052961252679199336,0.5960002275539787,0.3177440100903477,-1.221753390850729,4.4050748900629815,-3.182572966238986
8.075000000000001,-64.99559521886296,0.05296113117420339,0.5960001283133703,0.31774401259972507,-1.2217449768061255,4.405068180114582,-3.1825785656588876
8.1,-64.99561378561552,0.05296101019721387,0.5960000312723928,0.3177440137939422,-1.2217366028092695,4.405061433188918,-3.1825841356846554
8.125,-64.99563225320863,0.05296088975702641,0.5959999364144896,0.3177440136859129,-1.2217282694218323,4.405054650435094,-3.182589675962588
8.15,-64.99565062048677,0.05296076986228505,0.5959998437230332,0.3177440122885737,-1.2217199771950922,4.405047832994848,-3.182595186146031
8.175,-64.99566888631782,0.05296065052148296,0.5959997531813275,0.3177440096148822,-1.2217117266699873,4.4050409820024985,-3.1826006658953445
8.200000000000001,-64.99568704959287,0.05296053174296288,0.5959996647726106,0.31774400567781513,-1.2217035183771505,4.405034098584893,-3.182606114877862
8.225,-64.99570510922625,0.052960413534917636,0.595999578480057,0.3177440004903669,-1.2216953528369507,4.405027183861337,-3.182611532767875
8.25,-64.99572306415531,0.05296029590539078,0.5959994942867807,0.3177439940655475,-1.2216872305595405,4.405020238943542,-3.182616919246594
8.275,-64.99574091334037,0.05296017886227706,0.5959994121758372,0.3177439864163813,-1.221679152044895,4.405013264935584,-3.1826222740021106
8.3,-64.99575865576459,0.05296006241332299,0.5959993321302264,0.31774397755590505,-1.2216711177828532,4.405006262933833,-3.1826275967293767
8.325000000000001,-64.99577629043387,0.052959946566127514,0.595999254132895,0.3177439674971663,-1.2216631282531698,4.404999234026915,-3.18263288713016
8.35,-64.9957938163767,0.052959831328142526,0.595999178166739,0.3177439562532218,-1.2216551839255547,4.40499217929566,-3.182638144913011
8.375,-64.99581123264413,0.05295971670667364,0.5959991042146059,0.31774394383713594,-1.2216472852597313,4.404985099813051,-3.182643369793239
8.4,-64.99582853830957,0.05295960270888061,0.5959990322592976,0.31774393026197895,-1.2216394327054692,4.404977996644175,-3.18264856149287
8.425,-64.9958457324687,0.052959489341778035,0.5959989622835725,0.3177439155408255,-1.2216316267026355,4.404970870846187,-3.182653719740608
8.450000000000001,-64.99586281423935,0.05295937661223602,0.5959988942701478,0.317743899686753,-1.2216238676812476,4.4049637234682635,-3.182658844271803
8.475,-64.9958797827614,0.0529592645269809,0.5959988282017025,0.31774388271284015,-1.2216161560615248,4.404956555551546,-3.1826639348284216
8.5,-64.99589663719667,0.052959153092595676,0.5959987640608788,0.3177438646321653,-1.2216084922539232,4.404949368129119,-3.1826689911589994
8.525,-64.9959133767287,0.05295904231552105,0.5959987018302855,0.31774384545780493,-1.221600876659211,4.404942162225962,-3.182674013018608
8.55,-64.99593000056275,0.052958932202055685,0.5959986414924995,0.31774382520283223,-1.2215933096684908,4.404934938858908,-3.182679000168825
8.575000000000001,-64.99594650792561,0.05295882275835727,0.5959985830300685,0.3177438038803155,-1.2215857916632762,4.404927699036613,-3.1826839523776824
8.6,-64.99596289806549,0.05295871399044301,0.5959985264255132,0.3177437815033166,-1.2215783230155297,4.4049204437595115,-3.1826888694196453
8.625,-64.99597917025186,0.052958605904190395,0.5959984716613297,0.31774375808488986,-1.2215709040877194,4.404913174019799,-3.182693751075557
8.65,-64.99599532377538,0.052958498505337924,0.5959984187199914,0.31774373363808006,-1.2215635352328722,4.404905890801374,-3.1826985971326125
8.675,-64.99601135794771,0.052958391799485804,0.5959983675839516,0.31774370817592146,-1.2215562167946274,4.404898595079829,-3.182703407384312
8.700000000000001,-64.99602727210141,0.05295828579209678,0.5959983182356456,0.3177436817114362,-1.2215489491072948,4.404891287822414,-3.1827081816304243
8.725,-64.99604306558983,0.0529581804884968,0.5959982706574928,0.31774365425763285,-1.2215417324959068,4.404883969987995,-3.182712919676949
8.75,-64.99605873778691,0.0529580758938757,0.5959982248318988,0.3177436258275051,-1.221534567276267,4.404876642527037,-3.182717621336073
8.775,-64.99607428808712,0.0529579720132882,0.5959981807412579,0.31774359643403044,-1.221527453755023,4.404869306381581,-3.1827222864261344
8.8,-64.99608971590526,0.052957868851654516,0.5959981383679548,0.3177435660901686,-1.2215203922297129,4.404861962485207,-3.182726914771577
8.825000000000001,-64.99610502067635,0.05295776641376111,0.595998097694367,0.31774353480886053,-1.2215133829888192,4.4048546117630245,-3.182731506202906
8.85,-64.99612020185553,0.05295766470426156,0.5959980587028667,0.31774350260302675,-1.221506426311832,4.404847255131636,-3.1827360605566595
8.875,-64.99613525891785,0.05295756372767737,0.5959980213758233,0.3177434694855662,-1.2214995224693088,4.404839893499123,-3.1827405776753537
8.9,-64.99615019135817,0.052957463488398596,0.5959979856956045,0.3177434354693549,-1.2214926717229209,4.404832527765016,-3.1827450574074505
8.925,-64.99616499869103,0.052957363990685,0.5959979516445795,0.3177434005672448,-1.221485874325535,4.404825158820295,-3.1827494996073082
8.950000000000001,-64.99617968045047,0.05295726523866656,0.5959979192051201,0.3177433647920624,-1.2214791305212516,4.404817787547356,-3.18275390413514
8.975,-64.99619423618994,0.05295716723634438,0.5959978883596032,0.31774332815660744,-1.2214724405454722,4.4048104148199885,-3.1827582708569806
9.0,-64.9962086654821,0.0529570699875916,0.5959978590904125,0.3177432906736518,-1.2214658046249636,4.404803041503376,-3.18276259964463
9.025,-64.99622296791873,0.05295697349615418,0.5959978313799404,0.3177432523559383,-1.221459222977914,4.404795668454077,-3.1827668903756177
9.05,-64.99623714311052,0.05295687776565169,0.5959978052105905,0.3177432132161793,-1.2214526958139935,4.404788296520001,-3.1827711429331558
9.075000000000001,-64.99625119068699,0.052956782799578266,0.5959977805647786,0.3177431732670558,-1.2214462233344197,4.4047809265404165,-3.182775357206097
9.1,-64.99626511029633,0.052956688601303405,0.5959977574249352,0.31774313252121605,-1.2214398057320155,4.404773559345911,-3.1827795330889
9.125,-64.99627890160521,0.05295659517407278,0.5959977357735073,0.3177430909912745,-1.2214334431912703,4.404766195758417,-3.1827836704815624
9.15,-64.99629256429867,0.052956502521009245,0.5959977155929601,0.3177430486898106,-1.2214271358884092,4.404758836591167,-3.1827877692896007
9.175,-64.99630609807997,0.05295641064511364,0.5959976968657787,0.3177430056293678,-1.2214208839914524,4.404751482648714,-3.1827918294239907
9.200000000000001,-64.99631950267043,0.05295631954926563,0.5959976795744704,0.3177429618224523,-1.2214146876602765,4.404744134726912,-3.182795850801129
9.225,-64.99633277780929,0.052956229236224665,0.5959976637015658,0.3177429172815321,-1.2214085470466802,4.404736793612911,-3.1827998333427856
9.25,-64.99634592325354,0.05295613970863079,0.5959976492296212,0.31774287201903567,-1.2214024622944455,4.40472946008515,-3.1828037769760624
9.275,-64.9963589387778,0.05295605096900569,0.5959976361412198,0.3177428260473513,-1.2213964335394105,4.4047221349133725,-3.182807681633341
9.3,-64.99637182417415,0.05295596301975335,0.595997624418974,0.3177427793788257,-1.2213904609095183,4.404714818858592,-3.182811547252244
9.325000000000001,-64.99638457925197,0.05295587586316117,0.5959976140455263,0.31774273202576314,-1.2213845445248948,4.404707512673116,-3.1828153737755898
9.35,-64.9963972038378,0.052955789501400806,0.5959976050035519,0.3177426840004244,-1.2213786844979102,4.404700217100542,-3.18281916115134
9.375,-64.99640969777519,0.05295570393652906,0.5959975972757596,0.31774263531502567,-1.2213728809332414,4.404692932875753,-3.1828229093325575
9.4,-64.99642206092456,0.05295561917048884,0.5959975908448939,0.3177425859817379,-1.2213671339279406,4.4046856607249145,-3.1828266182773675
9.425,-64.99643429316298,0.05295553520511006,0.5959975856937364,0.3177425360126853,-1.2213614435715003,4.404678401365494,-3.1828302879488928
9.450000000000001,-64.99644639438411,0.05295545204211054,0.5959975818051074,0.317742485419945,-1.2213558099459167,4.404671155506243,-3.1828339183152323
9.475,-64.99645836449797,0.052955369683097005,0.5959975791618676,0.31774243421554554,-1.2213502331257595,4.4046639238472265,-3.1828375093493904
9.5,-64.99647020343083,0.052955288129565944,0.5959975777469194,0.31774238241146635,-1.2213447131782345,4.4046567070798055,-3.1828410610292495
9.525,-64.99648191112503,0.05295520738290462,0.5959975775432088,0.3177423300196367,-1.2213392501632538,4.404649505886663,-3.182844573337509
9.55,-64.99649348753884,0.052955127444391965,0.5959975785337267,0.3177422770519348,-1.2213338441335024,4.404642320941797,-3.1828480462616526
9.575000000000001,-64.99650493264632,0.05295504831519961,0.5959975807015103,0.31774222352018694,-1.2213284951345058,4.4046351529105285,-3.182851479793895
9.600000000000001,-64.99651624643708,0.052954969996392605,0.5959975840296449,0.3177421694361666,-1.2213232032046866,4.404628002449537,-3.182854873931124
9.625,-64.99652742891625,0.05295489248893065,0.5959975885012648,0.3177421148115937,-1.2213179683754463,4.404620870206832,-3.1828582286748754
9.65,-64.99653848010423,0.05295481579366885,0.5959975940995554,0.31774205965813357,-1.2213127906712227,4.404613756821791,-3.18286154403127
9.675,-64.99654940003657,0.05295473991135874,0.5959976008077541,0.3177420039873964,-1.2213076701095609,4.404606662925168,-3.182864820010971
9.700000000000001,-64.9965601887638,0.05295466484264931,0.5959976086091519,0.31774194781093623,-1.2213026067011845,4.404599589139102,-3.1828680566291383
9.725000000000001,-64.99657084635126,0.05295459058808784,0.5959976174870948,0.3177418911402503,-1.2212976004500555,4.404592536077134,-3.182871253905378
9.75,-64.99658137287899,0.05295451714812093,0.595997627424985,0.31774183398677813,-1.2212926513534474,4.404585504344218,-3.1828744118636974
9.775,-64.99659176844153,0.05295444452309544,0.5959976384062824,0.3177417763619008,-1.2212877594020086,4.404578494536739,-3.1828775305324597
9.8,-64.99660203314778,0.05295437271325953,0.5959976504145058,0.3177417182769404,-1.2212829245798404,4.404571507242535,-3.182880609944334
9.825000000000001,-64.99661216712083,0.05295430171876353,0.5959976634332343,0.3177416597431591,-1.2212781468645542,4.404564543040905,-3.1828836501362487
9.850000000000001,-64.99662217049782,0.05295423153966097,0.5959976774461084,0.3177416007717584,-1.2212734262273433,4.404557602502637,-3.1828866511493445
9.875,-64.99663204342976,0.0529541621759095,0.5959976924368314,0.31774154137387856,-1.22126876263305,4.404550686190013,-3.1828896130289266
9.9,-64.9966417860814,0.05295409362737187,0.5959977083891705,0.3177414815605979,-1.2212641560402346,4.404543794656845,-3.182892535824419
9.925,-64.99665139863104,0.05295402589381701,0.5959977252869583,0.31774142134293204,-1.2212596064012489,4.404536928448488,-3.1828954195893133
9.950000000000001,-64.99666088127042,0.05295395897492092,0.5959977431140934,0.31774136073183334,-1.2212551136622987,4.404530088101863,-3.1828982643811243
9.975000000000001,-64.99667023420449,0.0529538928702676,0.5959977618545423,0.3177412997381902,-1.2212506777635117,4.404523274145473,-3.182901070261346
10.0,-64.99667945765131,0.05295382757935006,0.5959977814923402,0.3177412383728264,-1.2212462986390036,4.404516487099437,-3.182903837295393
10.025,-64.99668855184188,0.05295376310157142,0.5959978020115918,0.31774117664650064,-1.2212419762169586,4.404509727475514,-3.1829065655525652
10.05,-64.99669751701998,0.05295369943624562,0.5959978233964732,0.31774111456990567,-1.2212377104196792,4.404502995777109,-3.182909255105994
10.075,-64.99670635344201,0.052953636582598766,0.5959978456312323,0.317741052153668,-1.221233501163677,4.40449629249932,-3.182911906032602
10.1,-64.99671506137682,0.05295357453976979,0.59599786870019,0.31774098940834705,-1.2212293483597212,4.4044896181289515,-3.182914518413045
10.125,-64.99672364110558,0.052953513306811535,0.5959978925877416,0.31774092634443485,-1.2212252519129139,4.404482973144547,-3.1829170923316723
10.15,-64.99673209292159,0.05295345288269182,0.5959979172783576,0.31774086297235526,-1.2212212117227637,4.4044763580164155,-3.1829196278764766
10.175,-64.99674041713018,0.0529533932662943,0.5959979427565846,0.31774079930246363,-1.2212172276832456,4.404469773206652,-3.1829221251390547
10.2,-64.99674861404849,0.05295333445641948,0.5959979690070464,0.31774073534504604,-1.2212132996828733,4.404463219169178,-3.1829245842145455
10.225,-64.9967566840053,0.05295327645178577,0.5959979960144451,0.3177406711103191,-1.2212094276047687,4.404456696349768,-3.1829270052015914
10.25,-64.996764627341,0.052953219251030345,0.5959980237635621,0.31774060660842923,-1.221205611326727,4.4044502051860706,-3.182929388202298
10.275,-64.99677244440727,0.05295316285271027,0.5959980522392587,0.3177405418494522,-1.2212018507212905,4.4044437461076456,-3.1829317333221807
10.3,-64.99678013556704,0.052953107255303264,0.5959980814264773,0.3177404768433928,-1.221198145655803,4.404437319536001,-3.1829340406701108
10.325,-64.99678770119426,0.0529530524572089,0.595998111310242,0.31774041160018424,-1.221194495992494,4.404430925884619,-3.1829363103582793
10.35,-64.99679514167383,0.05295299845674953,0.5959981418756602,0.3177403461296877,-1.2211909015885405,4.404424565558982,-3.1829385425021486
10.375,-64.99680245740133,0.05295294525217106,0.5959981731079226,0.3177402804416921,-1.2211873622961253,4.4044182389566275,-3.182940737220399
10.4,-64.99680964878299,0.05295289284164428,0.5959982049923045,0.3177402145459135,-1.2211838779625228,4.404411946467151,-3.182942894634895
10.425,-64.99681671623543,0.0529528412232655,0.5959982375141666,0.31774014845199466,-1.2211804484301485,4.404405688472264,-3.1829450148706284
10.45,-64.99682366018557,0.05295279039505773,0.5959982706589558,0.3177400821695048,-1.2211770735366383,4.404399465345823,-3.1829470980556707
10.475,-64.99683048107046,0.05295274035497158,0.5959983044122059,0.31774001570793914,-1.2211737531149105,4.404393277453861,-3.182949144321138
10.5,-64.99683717933712,0.05295269110088623,0.5959983387595386,0.3177399490767186,-1.2211704869932338,4.40438712515463,-3.182951153801136
10.525,-64.99684375544238,0.052952642630610496,0.5959983736866638,0.3177398822851893,-1.2211672749952998,4.404381008798626,-3.182953126632715
10.55,-64.99685020985275,0.05295259494188357,0.5959984091793807,0.31773981534262236,-1.2211641169402754,4.404374928728645,-3.1829550629558256
10.575,-64.99685654304426,0.052952548032376236,0.5959984452235788,0.3177397482582136,-1.221161012642886,4.404368885279803,-3.1829569629132775
10.6,-64.99686275550228,0.052952501899691695,0.595998481805238,0.3177396810410831,-1.2211579619134734,4.404362878779585,-3.182958826650683
10.625,-64.99686884772142,0.05295245654136657,0.5959985189104293,0.3177396137002748,-1.2211549645580628,4.404356909547874,-3.1829606543164246
10.65,-64.99687482020533,0.052952411954871825,0.5959985565253163,0.3177395462447566,-1.2211520203784283,4.404350977896998,-3.1829624460616004
10.675,-64.99688067346659,0.05295236813761382,0.5959985946361548,0.3177394786834197,-1.2211491291721654,4.404345084131778,-3.1829642020399773
10.7,-64.99688640802654,0.052952325086935176,0.595998633229294,0.3177394110250784,-1.2211462907327488,4.404339228549539,-3.182965922407962
10.725,-64.9968920244151,0.0529522828001157,0.5959986722911771,0.3177393432784701,-1.2211435048495982,4.404333411440189,-3.1829676073245308
10.75,-64.9968975231707,0.052952241274373486,0.5959987118083419,0.31773927545225467,-1.221140771308153,4.404327633086226,-3.1829692569512105
10.775,-64.99690290484006,0.05295220050686568,0.5959987517674209,0.3177392075550145,-1.221138089889925,4.404321893762803,-3.1829708714520164
10.8,-64.99690816997806,0.05295216049468958,0.5959987921551428,0.3177391395952542,-1.221135460372573,4.404316193737755,-3.1829724509934167
10.825,-64.99691331914761,0.0529521212348835,0.5959988329583322,0.3177390715814003,-1.2211328825299645,4.404310533271657,-3.1829739957442826
10.85,-64.9969183529195,0.052952082724427765,0.5959988741639106,0.3177390035218012,-1.2211303561322424,4.404304912617846,-3.1829755058758478
10.875,-64.9969232718722,0.05295204496024552,0.5959989157588965,0.3177389354247268,-1.221127880945879,4.4042993320224895,-3.1829769815616613
10.9,-64.99692807659184,0.05295200793920391,0.5959989577304065,0.31773886729836864,-1.2211254567337615,4.404293791724608,-3.1829784229775524
10.925,-64.99693276767194,0.052951971658114785,0.5959990000656551,0.3177387991508393,-1.2211230832552342,4.40428829195612,-3.1829798303015804
10.95,-64.99693734571328,0.05295193611373564,0.5959990427519559,0.3177387309901726,-1.2211207602661687,4.4042828329419095,-3.182981203713983
10.975,-64.99694181132385,0.052951901302770756,0.5959990857767214,0.31773866282432317,-1.2211184875190393,4.404277414899838,-3.182982543397155
11.0,-64.9969461651186,0.052951867221871875,0.5959991291274638,0.31773859466116666,-1.221116264762967,4.404272038040818,-3.1829838495355802
11.025,-64.99695040771937,0.05295183386763933,0.5959991727917952,0.3177385265084993,-1.221114091743802,4.404266702568841,-3.18298512231581
11.05,-64.99695453975468,0.05295180123662275,0.5959992167574281,0.31773845837403797,-1.2211119682041673,4.404261408681034,-3.1829863619264045
11.075,-64.99695856185967,0.052951769325322126,0.595999261012176,0.31773839026541995,-1.221109893883534,4.404256156567696,-3.182987568557901
11.1,-64.9969624746759,0.05295173813018874,0.5959993055439535,0.317738322190203,-1.2211078685182848,4.40425094641235,-3.182988742402769
11.125,-64.99696627885122,0.052951707647625954,0.5959993503407768,0.31773825415586515,-1.2211058918417659,4.404245778391791,-3.1829898836553654
11.15,-64.99696997503965,0.05295167787399015,0.5959993953907636,0.3177381861698047,-1.2211039635843532,4.404240652676131,-3.1829909925118938
11.175,-64.99697356390121,0.052951648805591695,0.5959994406821344,0.3177381182393401,-1.2211020834735171,4.404235569428852,-3.182992069170362
11.2,-64.99697704610183,0.05295162043869583,0.5959994862032117,0.31773805037171,-1.2211002512338838,4.404230528806838,-3.1829931138305496
11.225,-64.99698042231316,0.05295159276952345,0.5959995319424212,0.31773798257407304,-1.2210984665872875,4.404225530960453,-3.182994126693947
11.25,-64.99698369321247,0.05295156579425215,0.5959995778882912,0.31773791485350794,-1.221096729252843,4.404220576033544,-3.182995107963741
11.275,-64.99698685948249,0.05295153950901693,0.5959996240294537,0.3177378472170135,-1.2210950389469923,4.404215664163541,-3.182996057844747
11.3,-64.99698992181129,0.05295151390991132,0.5959996703546444,0.3177377796715084,-1.2210933953835816,4.404210795481466,-3.182996976543387
11.325,-64.99699288089215,0.05295148899298803,0.5959997168527026,0.31773771222383157,-1.2210917982739067,4.404205970112009,-3.182997864267645
11.35,-64.99699573742342,0.05295146475425988,0.5959997635125717,0.31773764488074174,-1.2210902473267746,4.404201188173548,-3.182998721227025
11.375,-64.99699849210837,0.05295144118970074,0.5959998103232993,0.3177375776489178,-1.2210887422485686,4.404196449778231,-3.1829995476325124
11.4,-64.99700114565509,0.052951418295246355,0.5959998572740377,0.3177375105349587,-1.221087282743302,4.404191755032015,-3.183000343696527
11.425,-64.99700369877633,0.052951396066795144,0.5959999043540437,0.31773744354538336,-1.2210858685126773,4.404187104034695,-3.1830011096328974
11.45,-64.99700615218939,0.052951374500209224,0.5959999515526789,0.317737376686631,-1.2210844992561507,4.404182496879984,-3.183001845656815
11.475,-64.99700850661597,0.052951353591315024,0.5959999988594099,0.31773730996506094,-1.2210831746709756,4.404177933655549,-3.183002551984791
11.5,-64.99701076278207,0.05295133333590436,0.5960000462638082,0.31773724338695275,-1.2210818944522757,4.404173414443066,-3.1830032288346204
11.525,-64.99701292141783,0.05295131372973513,0.5960000937555509,0.31773717695850634,-1.2210806582930922,4.404168939318261,-3.18300387642535
11.55,-64.99701498325744,0.05295129476853222,0.5960001413244199,0.317737110685842,-1.221079465884445,4.4041645083509735,-3.183004494977233
11.575,-64.99701694903897,0.052951276447988256,0.5960001889603032,0.31773704457500046,-1.2210783169153838,4.404160121605205,-3.1830050847116893
11.6,-64.99701881950425,0.052951258763764546,0.5960002366531937,0.31773697863194317,-1.2210772110730514,4.4041557791391694,-3.1830056458512743
11.625,-64.99702059539881,0.05295124171149185,0.5960002843931902,0.31773691286255207,-1.2210761480427355,4.404151481005332,-3.1830061786196424
11.65,-64.99702227747166,0.05295122528677112,0.5960003321704971,0.31773684727263,-1.2210751275079204,4.40414722725049,-3.183006683241497
11.675,-64.99702386647523,0.05295120948517446,0.5960003799754243,0.3177367818679008,-1.2210741491503496,4.404143017915796,-3.1830071599425693
11.7,-64.99702536316524,0.05295119430224594,0.5960004277983878,0.3177367166540091,-1.2210732126500827,4.40413885303683,-3.1830076089495702
11.725,-64.99702676830056,0.05295117973350221,0.596000475629909,0.3177366516365209,-1.2210723176855374,4.404134732643625,-3.183008030490167
11.75,-64.9970280826431,0.052951165774433456,0.5960005234606152,0.31773658682092343,-1.2210714639335505,4.404130656760756,-3.1830084247929293
11.775,-64.99702930695769,0.05295115242050415,0.5960005712812394,0.31773652221262544,-1.221070651069432,4.404126625407366,-3.1830087920873056
11.8,-64.99703044201196,0.05295113966715388,0.5960006190826204,0.3177364578169573,-1.2210698787670209,4.404122638597224,-3.1830091326035883
11.825,-64.99703148857623,0.05295112750979806,0.5960006668557025,0.31773639363917117,-1.2210691466987298,4.404118696338784,-3.1830094465728678
11.85,-64.99703244742336,0.05295111594382877,0.5960007145915359,0.3177363296844411,-1.2210684545356059,4.404114798635227,-3.183009734227009
11.875,-64.9970333193287,0.05295110496461553,0.5960007622812763,0.31773626595786336,-1.2210678019473797,4.404110945484526,-3.1830099957986078
11.9,-64.99703410506989,0.05295109456750602,0.5960008099161849,0.31773620246445655,-1.2210671886025153,4.404107136879485,-3.183010231520966
11.925,-64.99703480542681,0.05295108474782683,0.5960008574876283,0.31773613920916177,-1.2210666141682607,4.4041033728078105,-3.183010441628042
11.95,-64.99703542118145,0.05295107550088444,0.5960009049870787,0.3177360761968429,-1.2210660783107128,4.404099653252142,-3.183010626354435
11.975,-64.9970359531178,0.05295106682196555,0.5960009524061133,0.31773601343228675,-1.221065580694841,4.40409597819012,-3.1830107859353403
12.0,-64.9970364020217,0.052951058706338254,0.5960009997364147,0.31773595092020324,-1.2210651209845638,4.404092347594439,-3.183010920606512
12.025,-64.9970367686808,0.052951051149252554,0.5960010469697705,0.31773588866522573,-1.2210646988427867,4.404088761432893,-3.18301103060424
12.05,-64.99703705388437,0.05295104414594109,0.5960010940980731,0.3177358266719112,-1.2210643139314477,4.4040852196684375,-3.1830111161653107
12.075,-64.99703725842325,0.052951037691620066,0.5960011411133197,0.31773576494474043,-1.2210639659115818,4.404081722259236,-3.183011177526974
12.1,-64.99703738308972,0.05295103178148962,0.5960011880076121,0.3177357034881183,-1.2210636544433444,4.404078269158711,-3.1830112149269154
12.125,-64.99703742867742,0.05295102641073493,0.5960012347731568,0.317735642306374,-1.221063379186088,4.404074860315598,-3.1830112286032244
12.15,-64.99703739598118,0.05295102157452678,0.5960012814022643,0.31773558140376146,-1.2210631397983958,4.40407149567401,-3.1830112187943542
12.175,-64.99703728579698,0.05295101726802211,0.5960013278873492,0.3177355207844593,-1.221062935938122,4.404068175173487,-3.183011185739093
12.2,-64.99703709892181,0.052951013486365,0.59600137422093,0.3177354604525714,-1.2210627672624579,4.404064898749032,-3.1830111296765424
12.225,-64.99703683615358,0.05295101022468714,0.5960014203956292,0.31773540041212694,-1.2210626334279593,4.404061666331181,-3.183011050846075
12.25,-64.99703649829102,0.05295100747810868,0.5960014664041723,0.31773534066708087,-1.221062534090609,4.404058477846058,-3.183010949487307
12.275,-64.99703608613358,0.05295100524173883,0.5960015122393884,0.31773528122131406,-1.2210624689058527,4.404055333215413,-3.1830108258400727
12.3,-64.99703560048128,0.0529510035106765,0.5960015578942094,0.3177352220786336,-1.221062437528642,4.404052232356689,-3.1830106801443847
12.325,-64.9970350421347,0.05295100228001111,0.5960016033616702,0.31773516324277323,-1.2210624396134928,4.404049175183077,-3.183010512640409
12.35,-64.9970344118948,0.052951001544823205,0.596001648634908,0.3177351047173935,-1.22106247481452,4.404046161603551,-3.1830103235684404
12.375,-64.99703371056287,0.05295100130018498,0.5960016937071624,0.3177350465060822,-1.2210625427854767,4.404043191522943,-3.183010113168862
12.4,-64.99703293894044,0.052951001541161224,0.5960017385717749,0.31773498861235444,-1.221062643179817,4.404040264841974,-3.1830098816821306
12.425,-64.9970320978291,0.052951002262809736,0.5960017832221887,0.31773493103965333,-1.221062775650722,4.404037381457333,-3.1830096293487316
12.45,-64.99703118803055,0.052951003460181986,0.5960018276519484,0.31773487379134996,-1.2210629398511443,4.4040345412617015,-3.183009356409164
12.475,-64.99703021034635,0.05295100512832388,0.5960018718546999,0.317734816870744,-1.2210631354338601,4.40403174414383,-3.1830090631039054
12.5,-64.99702916557796,0.05295100726227639,0.5960019158241895,0.3177347602810638,-1.2210633620515101,4.404028989988571,-3.1830087496733865
12.525,-64.99702805452654,0.05295100985707608,0.5960019595542644,0.31773470402546694,-1.2210636193566347,4.404026278676955,-3.183008416357961
12.55,-64.99702687799295,0.052951012907755696,0.5960020030388717,0.3177346481070404,-1.2210639070017135,4.404023610086211,-3.1830080633978852
12.575,-64.9970256367776,0.05295101640934498,0.5960020462720585,0.31773459252880104,-1.2210642246392183,4.404020984089857,-3.1830076910332776
12.6,-64.99702433168035,0.05295102035687111,0.5960020892479713,0.3177345372936959,-1.221064571921644,4.404018400557717,-3.183007299504105
12.625,-64.9970229635005,0.05295102474535935,0.5960021319608556,0.3177344824046025,-1.2210649485015503,4.404015859356003,-3.1830068890501493
12.65,-64.99702153303663,0.052951029569833746,0.596002174405056,0.31773442786432937,-1.2210653540316088,4.404013360347338,-3.1830064599109886
12.675,-64.99702004108653,0.05295103482531752,0.5960022165750152,0.3177343736756162,-1.2210657881646279,4.404010903390833,-3.1830060123259583
12.7,-64.99701848844713,0.052951040506833844,0.5960022584652741,0.31773431984113437,-1.2210662505536065,4.40400848834213,-3.183005546534137
12.725,-64.9970168759144,0.052951046609406395,0.5960023000704713,0.3177342663634873,-1.221066740851768,4.4040061150534475,-3.183005062774319
12.75,-64.99701520428329,0.0529510531280598,0.5960023413853425,0.3177342132452108,-1.2210672587125901,4.404003783373641,-3.1830045612849855
12.775,-64.99701347434761,0.05295106005782031,0.5960023824047204,0.3177341604887734,-1.2210678037898526,4.404001493148248,-3.183004042304283
12.8,-64.9970116869,0.05295106739371646,0.5960024231235341,0.31773410809657693,-1.2210683757376768,4.403999244219547,-3.183003506069998
12.825,-64.99700984273177,0.052951075130779374,0.5960024635368091,0.31773405607095667,-1.2210689742105476,4.4039970364266035,-3.183002952819531
12.85,-64.99700794263292,0.05295108326404359,0.5960025036396659,0.3177340044141819,-1.2210695988633684,4.40399486960532,-3.1830023827898755
12.875,-64.99700598739197,0.052951091788547414,0.5960025434273207,0.3177339531284563,-1.2210702493514831,4.4039927435884945,-3.1830017962175914
12.9,-64.99700397779597,0.05295110069933356,0.5960025828950845,0.31773390221591824,-1.2210709253307204,4.403990658205854,-3.1830011933387907
12.925,-64.99700191463033,0.052951109991449585,0.5960026220383623,0.3177338516786413,-1.2210716264574202,4.40398861328413,-3.1830005743890992
12.95,-64.99699979867881,0.05295111965994853,0.5960026608526534,0.3177338015186347,-1.2210723523884763,4.403986608647093,-3.182999939603644
12.975,-64.99699763072346,0.052951129699889445,0.5960026993335503,0.31773375173784346,-1.2210731027813728,4.403984644115594,-3.1829992892170367
13.0,-64.99699541154443,0.05295114010633779,0.5960027374767386,0.31773370233814924,-1.2210738772942078,4.403982719507648,-3.1829986234633294
13.025,-64.99699314192007,0.05295115087436603,0.5960027752779964,0.3177336533213704,-1.221074675585734,4.403980834638442,-3.1829979425760215
13.05,-64.99699082262671,0.052951161999054204,0.596002812733194,0.31773360468926254,-1.2210754973153966,4.403978989320418,-3.182997246788014
13.075,-64.99698845443868,0.052951173475490255,0.5960028498382931,0.3177335564435191,-1.2210763421433544,4.403977183363307,-3.1829965363316033
13.1,-64.99698603812817,0.052951185298770624,0.5960028865893467,0.3177335085857715,-1.221077209730517,4.403975416574188,-3.182995811438451
13.125,-64.99698357446525,0.05295119746400078,0.5960029229824984,0.3177334611175897,-1.2210780997385833,4.403973688757514,-3.182995072339574
13.15,-64.99698106421769,0.05295120996629557,0.5960029590139817,0.3177334140404827,-1.22107901183006,4.403971999715197,-3.1829943192653074
13.175,-64.996978508151,0.05295122280077989,0.59600299468012,0.3177333673558989,-1.2210799456683104,4.403970349246629,-3.1829935524453004
13.2,-64.99697590702831,0.0529512359625889,0.5960030299773258,0.3177333210652265,-1.221080900917563,4.403968737148732,-3.182992772108494
13.225,-64.9969732616103,0.05295124944686871,0.5960030649021002,0.31773327516979405,-1.221081877242961,4.40396716321603,-3.182991978483088
13.25,-64.99697057265512,0.052951263248776644,0.5960030994510324,0.31773322967087086,-1.2210828743105775,4.403965627240674,-3.1829911717965342
13.275,-64.9969678409184,0.05295127736348197,0.5960031336207992,0.3177331845696675,-1.2210838917874633,4.403964129012501,-3.18299035227552
13.3,-64.99696506715314,0.05295129178616613,0.5960031674081644,0.317733139867336,-1.221084929341662,4.403962668319067,-3.182989520145942
13.325,-64.99696225210963,0.05295130651202302,0.5960032008099785,0.31773309556497065,-1.2210859866422272,4.4039612449457195,-3.1829886756328873
13.35,-64.99695939653539,0.052951321536259914,0.596003233823178,0.31773305166360827,-1.2210870633592859,4.403959858675629,-3.182987818960616
13.375,-64.99695650117518,0.05295133685409746,0.5960032664447847,0.3177330081642286,-1.2210881591640337,4.403958509289831,-3.1829869503525527
13.4,-64.99695356677086,0.052951352460770255,0.5960032986719056,0.317732965067755,-1.221089273728776,4.403957196567288,-3.1829860700312564
13.425,-64.99695059406136,0.05295136835152724,0.5960033305017319,0.3177329223750546,-1.221090406726952,4.403955920284925,-3.182985178218408
13.45,-64.99694758378264,0.05295138452163212,0.5960033619315387,0.31773288008693906,-1.221091557833161,4.403954680217685,-3.1829842751347925
13.475,-64.99694453666763,0.05295140096636379,0.5960033929586843,0.3177328382041648,-1.2210927267231924,4.403953476138565,-3.182983361000288
13.5,-64.99694145344614,0.052951417681016764,0.59600342358061,0.31773279672743365,-1.221093913074052,4.403952307818664,-3.182982436033842
13.525,-64.99693833484486,0.05295143466090146,0.5960034537948389,0.3177327556573932,-1.2210951165639798,4.403951175027241,-3.1829815004534567
13.55,-64.99693518158725,0.05295145190134468,0.5960034835989758,0.3177327149946373,-1.2210963368724834,4.403950077531752,-3.182980554476174
13.575,-64.99693199439353,0.05295146939768988,0.5960035129907068,0.3177326747397065,-1.2210975736803524,4.403949015097883,-3.18297959831806
13.6,-64.99692877398064,0.052951487145297675,0.596003541967798,0.3177326348930887,-1.221098826669693,4.403947987489615,-3.1829786321941924
13.625,-64.99692552106211,0.05295150513954614,0.5960035705280959,0.3177325954552192,-1.2211000955239477,4.403946994469264,-3.182977656318633
13.65,-64.99692223634811,0.052951523375831165,0.596003598669526,0.3177325564264818,-1.2211013799279167,4.403946035797514,-3.1829766709044334
13.675,-64.99691892054535,0.0529515418495669,0.5960036263900924,0.31773251780720874,-1.2211026795677873,4.403945111233473,-3.1829756761636063
13.7,-64.99691557435703,0.05295156055618603,0.5960036536878774,0.3177324795976814,-1.221103994131151,4.403944220534718,-3.1829746723071097
13.725,-64.9969121984828,0.052951579491140065,0.5960036805610411,0.3177324417981308,-1.2211053233070244,4.4039433634573255,-3.182973659544841
13.75,-64.99690879361873,0.0529515986498998,0.5960037070078202,0.31773240440873796,-1.2211066667858748,4.403942539755927,-3.1829726380856185
13.775,-64.99690536045722,0.052951618027955505,0.596003733026528,0.3177323674296345,-1.2211080242596348,4.403941749183757,-3.1829716081371657
13.8,-64.99690189968703,0.052951637620817484,0.5960037586155533,0.31773233086090313,-1.2211093954217396,4.403940991492674,-3.1829705699061095
13.825,-64.99689841199317,0.05295165742401626,0.5960037837733603,0.31773229470257797,-1.2211107799671352,4.403940266433225,-3.182969523597951
13.85,-64.9968948980569,0.052951677433102806,0.5960038084984876,0.31773225895464524,-1.2211121775922962,4.403939573754676,-3.182968469417068
13.875,-64.99689135855562,0.052951697643648966,0.5960038327895476,0.3177322236170436,-1.2211135879952493,4.403938913205068,-3.1829674075666845
13.9,-64.99688779416293,0.05295171805124773,0.5960038566452264,0.31773218868966474,-1.2211150108755944,4.403938284531234,-3.1829663382488786
13.925,-64.99688420554853,0.05295173865151361,0.5960038800642824,0.31773215417235373,-1.2211164459345276,4.403937687478868,-3.1829652616645574
13.95,-64.99688059337818,0.05295175944008286,0.5960039030455464,0.31773212006490964,-1.2211178928748532,4.403937121792539,-3.1829641780134534
13.975,-64.99687695831368,0.05295178041261372,0.5960039255879205,0.317732086367086,-1.221119351401,4.403936587215764,-3.182963087494103
14.0,-64.99687330101281,0.052951801564786766,0.5960039476903777,0.3177320530785912,-1.221120821219046,4.403936083491018,-3.1829619903038435
14.025,-64.99686962212932,0.05295182289230525,0.5960039693519613,0.3177320201990891,-1.2211223020367368,4.403935610359798,-3.182960886638797
14.05,-64.99686592231289,0.05295184439089524,0.5960039905717842,0.3177319877281993,-1.2211237935634938,4.403935167562639,-3.1829597766938673
14.075,-64.99686220220909,0.052951866056306036,0.5960040113490284,0.31773195566549806,-1.221125295510446,4.403934754839176,-3.182958660662726
14.100000000000001,-64.99685846245931,0.05295188788431021,0.596004031682944,0.3177319240105183,-1.2211268075904251,4.403934371928177,-3.1829575387377944
14.125,-64.9968547037008,0.05295190987070411,0.5960040515728491,0.3177318927627504,-1.221128329518001,4.403934018567577,-3.1829564111102413
14.15,-64.99685092656658,0.052951932011308024,0.5960040710181288,0.3177318619216425,-1.221129861009494,4.403933694494524,-3.182955277969974
14.175,-64.99684713168544,0.05295195430196635,0.5960040900182347,0.31773183148660117,-1.221131401782981,4.4039333994454015,-3.1829541395056324
14.2,-64.99684331968189,0.052951976738547936,0.5960041085726844,0.3177318014569918,-1.22113295155832,4.403933133155893,-3.1829529959045657
14.225000000000001,-64.99683949117612,0.05295199931694629,0.5960041266810603,0.31773177183213913,-1.221134510057162,4.403932895361003,-3.182951847352835
14.25,-64.996835646784,0.05295202203307969,0.5960041443430099,0.3177317426113276,-1.2211360770029571,4.403932685795096,-3.1829506940352017
14.275,-64.99683178711707,0.05295204488289165,0.5960041615582443,0.31773171379380194,-1.2211376521209851,4.40393250419193,-3.182949536135122
14.3,-64.99682791278244,0.052952067862350946,0.5960041783265382,0.3177316853787678,-1.2211392351383559,4.403932350284709,-3.1829483738347304
14.325,-64.99682402438282,0.05295209096745191,0.5960041946477287,0.31773165736539194,-1.2211408257840284,4.403932223806101,-3.1829472073148453
14.350000000000001,-64.99682012251648,0.05295211419421463,0.596004210521715,0.317731629752803,-1.2211424237888222,4.403932124488289,-3.1829460367549443
14.375,-64.99681620777723,0.052952137538685135,0.596004225948458,0.3177316025400918,-1.2211440288854296,4.403932052063004,-3.1829448623331684
14.4,-64.99681228075438,0.05295216099693557,0.596004240927979,0.31773157572631194,-1.2211456408084247,4.403932006261552,-3.182943684226315
14.425,-64.99680834203275,0.0529521845650645,0.5960042554603596,0.31773154931048014,-1.221147259294286,4.403931986814858,-3.182942502609825
14.45,-64.99680439219259,0.05295220823919701,0.5960042695457408,0.3177315232915769,-1.2211488840813962,4.403931993453502,-3.1829413176577757
14.475000000000001,-64.9968004318096,0.052952232015484886,0.5960042831843225,0.31773149766854686,-1.22115051491006,4.403932025907752,-3.1829401295428807
14.5,-64.99679646145493,0.05295225589010683,0.5960042963763629,0.31773147244029937,-1.2211521515225119,4.4039320839075895,-3.18293893843648
14.525,-64.99679248169511,0.052952279859268606,0.5960043091221775,0.3177314476057089,-1.2211537936629275,4.403932167182764,-3.1829377445085325
14.55,-64.99678849309203,0.05295230391920327,0.596004321422139,0.3177314231636156,-1.2211554410774372,4.403932275462807,-3.1829365479276075
14.575,-64.99678449620298,0.05295232806617131,0.5960043332766762,0.31773139911282555,-1.2211570935141356,4.403932408477071,-3.182935348860893
14.600000000000001,-64.99678049158057,0.05295235229646068,0.5960043446862737,0.3177313754521117,-1.2211587507230788,4.403932565954775,-3.1829341474741697
14.625,-64.99677647977272,0.052952376606387144,0.596004355651471,0.31773135218021387,-1.221160412456312,4.403932747625023,-3.182932943931816
14.65,-64.9967724613227,0.05295240099229435,0.5960043661728619,0.31773132929583947,-1.2211620784678672,4.403932953216838,-3.1829317383968116
14.675,-64.99676843676906,0.052952425450553973,0.5960043762510939,0.31773130679766404,-1.2211637485137776,4.403933182459206,-3.1829305310307174
14.7,-64.9967644066456,0.05295244997756578,0.5960043858868678,0.3177312846843315,-1.221165422352075,4.403933435081094,-3.1829293219936785
14.725000000000001,-64.9967603714814,0.052952474569757955,0.5960043950809366,0.31773126295445475,-1.2211670997428163,4.403933710811489,-3.18292811144442
14.75,-64.9967563318008,0.052952499223587045,0.5960044038341052,0.31773124160661625,-1.2211687804480724,4.403934009379431,-3.1829268995402384
14.775,-64.99675228812335,0.05295252393553815,0.5960044121472297,0.3177312206393683,-1.2211704642319454,4.403934330514039,-3.1829256864370037
14.8,-64.99674824096384,0.05295254870212506,0.5960044200212165,0.3177312000512337,-1.2211721508605733,4.403934673944545,-3.1829244722891517
14.825,-64.99674419083227,0.05295257351989039,0.596004427457022,0.3177311798407059,-1.221173840102139,4.403935039400323,-3.182923257249682
14.850000000000001,-64.99674013823386,0.052952598385405704,0.596004434455652,0.31773116000624996,-1.2211755317268775,4.403935426610912,-3.182922041470158
14.875,-64.99673608366896,0.05295262329527156,0.5960044410181606,0.3177311405463025,-1.2211772255070767,4.4039358353060685,-3.182920825100689
14.9,-64.99673202763316,0.052952648246117597,0.5960044471456503,0.3177311214592726,-1.2211789212170836,4.403936265215771,-3.182919608289947
14.925,-64.99672797061717,0.052952673234602704,0.5960044528392704,0.31773110274354205,-1.2211806186333134,4.403936716070263,-3.1829183911851513
14.95,-64.9967239131069,0.052952698257415144,0.5960044581002172,0.31773108439746567,-1.221182317534257,4.403937187600075,-3.182917173932071
14.975000000000001,-64.99671985558341,0.05295272331127257,0.5960044629297331,0.3177310664193721,-1.221184017700481,4.403937679536052,-3.182915956675022
15.0,-64.99671579852286,0.05295274839292211,0.5960044673291057,0.3177310488075641,-1.2211857189146311,4.403938191609401,-3.182914739556857
15.025,-64.9967117423966,0.05295277349914049,0.5960044712996677,0.3177310315603189,-1.2211874209614413,4.403938723551685,-3.1829135227189793
15.05,-64.99670768767109,0.052952798626734104,0.5960044748427957,0.3177310146758888,-1.2211891236277357,4.403939275094878,-3.182912306301327
15.075,-64.99670363480793,0.05295282377253911,0.5960044779599101,0.3177309981525018,-1.2211908267024343,4.403939845971383,-3.1829110904423783
15.100000000000001,-64.99669958426384,0.05295284893342139,0.5960044806524738,0.31773098198836147,-1.2211925299765491,4.403940435914055,-3.182909875279151
15.125,-64.99669553649065,0.05295287410627677,0.5960044829219925,0.31773096618164803,-1.2211942332431975,4.4039410446562295,-3.182908660947194
15.15,-64.99669149193531,0.05295289928803099,0.5960044847700132,0.31773095073051855,-1.2211959362976004,4.403941671931763,-3.1829074475805923
15.175,-64.99668745103988,0.05295292447563974,0.5960044861981241,0.3177309356331072,-1.22119763893708,4.403942317475035,-3.1829062353119624
15.2,-64.99668341424152,0.052952949666088864,0.5960044872079536,0.3177309208875262,-1.2211993409610773,4.403942981020993,-3.1829050242724546
15.225000000000001,-64.99667938197253,0.05295297485639412,0.5960044878011703,0.3177309064918656,-1.2212010421711306,4.403943662305159,-3.1829038145917576
15.25,-64.99667535466028,0.05295300004360156,0.5960044879794817,0.31773089244419433,-1.2212027423709015,4.403944361063679,-3.1829026063980845
15.275,-64.99667133272727,0.052953025224787266,0.5960044877446338,0.3177308787425603,-1.2212044413661567,4.403945077033325,-3.182901399818182
15.3,-64.99666731659111,0.052953050397057694,0.5960044870984107,0.3177308653849909,-1.221206138964788,4.403945809951527,-3.1829001949773343
15.325,-64.9966633066645,0.05295307555754951,0.5960044860426338,0.3177308523694935,-1.2212078349768025,4.403946559556403,-3.1828989919993504
15.350000000000001,-64.99665930335526,0.052953100703429595,0.5960044845791611,0.31773083969405586,-1.2212095292143197,4.403947325586778,-3.182897791006577
15.375,-64.99665530706629,0.052953125831895057,0.596004482709887,0.3177308273566465,-1.2212112214915716,4.403948107782205,-3.1828965921198873
15.4,-64.99665131819566,0.05295315094017354,0.5960044804367413,0.31773081535521513,-1.221212911624924,4.403948905882987,-3.1828953954586976
15.425,-64.9966473371365,0.05295317602552289,0.5960044777616883,0.3177308036876933,-1.2212145994328494,4.403949719630215,-3.182894201140948
15.45,-64.99664336427708,0.05295320108523137,0.5960044746867272,0.3177307923519945,-1.2212162847359451,4.403950548765764,-3.1828930092831227
15.475000000000001,-64.9966394000008,0.05295322611661756,0.5960044712138907,0.31773078134601473,-1.2212179673569212,4.403951393032335,-3.1828918200002403
15.5,-64.99663544468619,0.05295325111703043,0.5960044673452443,0.31773077066763306,-1.2212196471206052,4.40395225217347,-3.182890633405857
15.525,-64.99663149870689,0.05295327608384931,0.5960044630828863,0.3177307603147118,-1.2212213238539407,4.403953125933579,-3.1828894496120665
15.55,-64.99662756243168,0.05295330101448396,0.596004458428947,0.31773075028509706,-1.2212229973859883,4.403954014057952,-3.182888268729505
15.575,-64.99662363622451,0.052953325906374527,0.5960044533855878,0.31773074057661915,-1.2212246675479252,4.403954916292783,-3.1828870908673537
15.600000000000001,-64.99661972044444,0.05295335075699135,0.5960044479550008,0.31773073118709294,-1.2212263341730263,4.403955832385198,-3.1828859161333325
15.625,-64.99661581544572,0.05295337556383536,0.5960044421394085,0.31773072211431835,-1.2212279970966935,4.403956762083263,-3.1828847446337165
15.65,-64.99661192157775,0.052953400324437676,0.5960044359410627,0.31773071335608066,-1.2212296561564266,4.403957705136007,-3.1828835764733254
15.675,-64.99660803918509,0.05295342503635977,0.5960044293622443,0.31773070491015104,-1.2212313111918316,4.403958661293457,-3.182882411755527
15.7,-64.9966041686075,0.052953449697193455,0.5960044224052625,0.31773069677428684,-1.2212329620446223,4.4039596303066295,-3.182881250582251
15.725000000000001,-64.99660031017993,0.052953474304560814,0.5960044150724545,0.3177306889462321,-1.22123460855861,4.403960611927578,-3.1828800930539782
15.75,-64.9965964642325,0.05295349885611413,0.5960044073661845,0.31773068142371774,-1.2212362505797012,4.403961605909391,-3.1828789392697487
15.775,-64.99659263109056,0.05295352334953598,0.5960043992888436,0.3177306742044622,-1.2212378879559005,4.403962612006212,-3.182877789327169
15.8,-64.9965888110747,0.05295354778253904,0.5960043908428488,0.3177306672861718,-1.2212395205372981,4.40396362997327,-3.1828766433224103
15.825,-64.9965850045007,0.05295357215286615,0.5960043820306429,0.3177306606665409,-1.2212411481760728,4.403964659566894,-3.1828755013502104
15.850000000000001,-64.99658121167961,0.05295359645829041,0.5960043728546933,0.3177306543432525,-1.2212427707264966,4.403965700544511,-3.1828743635038834
15.875,-64.99657743291772,0.052953620696614724,0.5960043633174923,0.3177306483139786,-1.2212443880449015,4.403966752664693,-3.182873229875315
15.9,-64.99657366851658,0.05295364486567227,0.5960043534215556,0.3177306425763806,-1.2212459999897145,4.403967815687151,-3.1828721005549725
15.925,-64.996569918773,0.052953668963325956,0.5960043431694224,0.3177306371281095,-1.2212476064214153,4.403968889372766,-3.1828709756319014
15.95,-64.99656618397914,0.05295369298746882,0.5960043325636547,0.31773063196680656,-1.2212492072025642,4.403969973483595,-3.182869855193742
15.975000000000001,-64.9965624644224,0.052953716936023625,0.5960043216068366,0.3177306270901034,-1.2212508021977744,4.4039710677828925,-3.1828687393267185
16.0,-64.99655876038553,0.05295374080694306,0.5960043103015739,0.3177306224956226,-1.2212523912737236,4.403972172035119,-3.1828676281156576
16.025,-64.99655507214659,0.052953764598209344,0.5960042986504934,0.31773061818097786,-1.2212539742991249,4.403973286005965,-3.182866521643977
16.05,-64.99655139997903,0.05295378830783457,0.5960042866562427,0.31773061414377457,-1.2212555511447518,4.4039744094623625,-3.1828654199937074
16.075,-64.99654774415161,0.052953811933860374,0.5960042743214893,0.31773061038161005,-1.2212571216834132,4.403975542172497,-3.1828643232454836
16.1,-64.99654410492849,0.052953835474357946,0.5960042616489201,0.3177306068920739,-1.221258685789952,4.403976683905832,-3.1828632314785463
16.125,-64.99654048256922,0.05295385892742783,0.5960042486412411,0.3177306036727484,-1.2212602433412336,4.403977834433104,-3.182862144770765
16.15,-64.99653687732877,0.05295388229120014,0.596004235301177,0.317730600721209,-1.2212617942161568,4.403978993526357,-3.1828610631986294
16.175,-64.9965332894575,0.05295390556383422,0.5960042216314698,0.31773059803502435,-1.2212633382956306,4.40398016095894,-3.1828599868372507
16.2,-64.99652971920125,0.05295392874351857,0.5960042076348794,0.31773059561175687,-1.2212648754625688,4.4039813365055345,-3.182858915760374
16.225,-64.9965261668013,0.052953951828471,0.5960041933141823,0.31773059344896315,-1.2212664056018983,4.403982519942149,-3.182857850040391
16.25,-64.99652263249442,0.05295397481693826,0.5960041786721717,0.31773059154419414,-1.2212679286005348,4.403983711046153,-3.182856789748325
16.275,-64.99651911651284,0.0529539977071961,0.5960041637116563,0.3177305898949956,-1.2212694443473835,4.403984909596276,-3.182855734953853
16.3,-64.99651561908435,0.052954020497549194,0.5960041484354603,0.3177305884989083,-1.221270952733335,4.403986115372617,-3.1828546857253044
16.325,-64.99651214043223,0.052954043186330985,0.5960041328464228,0.31773058735346854,-1.2212724536512534,4.403987328156669,-3.1828536421296687
16.35,-64.99650868077535,0.05295406577190363,0.5960041169473972,0.31773058645620844,-1.2212739469959706,4.403988547731315,-3.1828526042326044
16.375,-64.9965052403281,0.0529540882526578,0.5960041007412507,0.31773058580465613,-1.2212754326642734,4.40398977388086,-3.182851572098431
16.4,-64.99650181930052,0.05295411062701278,0.5960040842308638,0.31773058539633625,-1.2212769105549075,4.403991006391018,-3.1828505457901555
16.425,-64.99649841789821,0.05295413289341617,0.5960040674191301,0.3177305852287701,-1.2212783805685588,4.4039922450489355,-3.1828495253694626
16.45,-64.99649503632241,0.05295415505034392,0.5960040503089554,0.3177305852994762,-1.2212798426078517,4.403993489643203,-3.1828485108967244
16.475,-64.99649167477004,0.052954177096300126,0.5960040329032573,0.31773058560597023,-1.2212812965773376,4.403994739963861,-3.182847502431012
16.5,-64.99648833343366,0.05295419902981694,0.596004015204965,0.3177305861457659,-1.2212827423834849,4.40399599580241,-3.182846500030098
16.525,-64.99648501250152,0.05295422084945452,0.5960039972170187,0.3177305869163747,-1.2212841799346772,4.403997256951827,-3.182845503750457
16.55,-64.9964817121576,0.052954242553800844,0.5960039789423688,0.31773058791530656,-1.2212856091411983,4.403998523206568,-3.182844513647281
16.575,-64.99647843258161,0.05295426414147162,0.5960039603839759,0.3177305891400701,-1.2212870299152256,4.403999794362575,-3.182843529774483
16.6,-64.99647517394902,0.05295428561111025,0.59600394154481,0.3177305905881727,-1.2212884421708272,4.404001070217283,-3.1828425521847064
16.625,-64.99647193643108,0.05295430696138749,0.5960039224278502,0.31773059225712125,-1.2212898458239374,4.404002350569645,-3.182841580929323
16.65,-64.99646872019483,0.05295432819100156,0.5960039030360842,0.317730594144422,-1.221291240792363,4.404003635220122,-3.182840616058448
16.675,-64.99646552540314,0.0529543492986779,0.5960038833725081,0.3177305962475811,-1.2212926269957685,4.404004923970701,-3.1828396576209412
16.7,-64.99646235221473,0.05295437028316904,0.5960038634401253,0.3177305985641048,-1.2212940043556608,4.404006216624897,-3.18283870566442
16.725,-64.99645920078422,0.05295439114325459,0.5960038432419468,0.3177306010914998,-1.2212953727953952,4.404007512987762,-3.1828377602352647
16.75,-64.99645607126207,0.05295441187774104,0.5960038227809901,0.3177306038272736,-1.2212967322401538,4.404008812865896,-3.182836821378622
16.775,-64.9964529637947,0.05295443248546145,0.5960038020602794,0.31773060676893455,-1.2212980826169297,4.404010116067456,-3.1828358891384085
16.8,-64.99644987852444,0.05295445296527565,0.5960037810828446,0.3177306099139923,-1.2212994238545347,4.404011422402146,-3.182834963557333
16.825,-64.99644681558964,0.05295447331606988,0.5960037598517212,0.3177306132599582,-1.221300755883578,4.404012731681246,-3.1828340446768904
16.85,-64.99644377512458,0.05295449353675663,0.5960037383699498,0.3177306168043452,-1.2213020786364517,4.404014043717601,-3.182833132537372
16.875,-64.9964407572596,0.05295451362627479,0.5960037166405756,0.31773062054466855,-1.2213033920473428,4.404015358325632,-3.1828322271778817
16.9,-64.99643776212106,0.05295453358358901,0.596003694666648,0.3177306244784457,-1.2213046960521863,4.404016675321358,-3.1828313286363183
16.925,-64.9964347898314,0.05295455340769012,0.5960036724512204,0.31773062860319684,-1.2213059905886947,4.404017994522371,-3.182830436949419
16.95,-64.99643184050913,0.052954573097594486,0.5960036499973493,0.31773063291644504,-1.2213072755963137,4.404019315747862,-3.1828295521527394
16.975,-64.9964289142689,0.052954592652344284,0.5960036273080945,0.3177306374157165,-1.2213085510162383,4.404020638818626,-3.182828674280671
17.0,-64.9964260112215,0.05295461207100708,0.5960036043865182,0.3177306420985408,-1.221309816791386,4.4040219635570494,-3.1828278033664503
17.025,-64.99642313147388,0.052954631352675786,0.5960035812356849,0.3177306469624513,-1.2213110728663903,4.404023289787146,-3.182826939442162
17.05,-64.99642027512918,0.05295465049646843,0.5960035578586607,0.3177306520049851,-1.2213123191875874,4.4040246173345245,-3.1828260825387544
17.075,-64.99641744228678,0.052954669501528155,0.5960035342585133,0.31773065722368365,-1.2213135557030128,4.404025946026419,-3.182825232686035
17.1,-64.9964146330423,0.052954688367022884,0.5960035104383113,0.3177306626160927,-1.2213147823623793,4.404027275691684,-3.1828243899126916
17.125,-64.99641184748764,0.05295470709214541,0.5960034864011241,0.3177306681797626,-1.221315999117082,4.404028606160797,-3.1828235542462906
17.15,-64.99640908571097,0.05295472567611292,0.596003462150021,0.31773067391224874,-1.2213172059201645,4.40402993726587,-3.1828227257132893
17.175,-64.99640634779682,0.052954744118167106,0.5960034376880713,0.3177306798111115,-1.2213184027263277,4.404031268840633,-3.182821904339046
17.2,-64.99640363382608,0.05295476241757387,0.5960034130183439,0.31773068587391673,-1.2213195894919073,4.40403260072046,-3.1828210901478227
17.225,-64.99640094387601,0.05295478057362331,0.5960033881439067,0.31773069209823573,-1.221320766174874,4.404033932742353,-3.1828202831628034
17.25,-64.99639827802028,0.05295479858562932,0.5960033630678264,0.3177306984816457,-1.2213219327348024,4.404035264744961,-3.182819483406084
17.275,-64.996395636329,0.052954816452929605,0.596003337793168,0.31773070502172984,-1.2213230891328752,4.404036596568571,-3.1828186908986993
17.3,-64.99639301886874,0.052954834174885564,0.5960033123229947,0.31773071171607764,-1.2213242353318716,4.4040379280551125,-3.182817905660623
17.325,-64.99639042570257,0.05295485175088188,0.5960032866603672,0.3177307185622851,-1.2213253712961416,4.404039259048167,-3.1828171277107713
17.35,-64.9963878568901,0.05295486918032671,0.5960032608083434,0.3177307255579548,-1.2213264969916158,4.4040405893929515,-3.1828163570670283
17.375,-64.99638531248743,0.05295488646265117,0.5960032347699786,0.3177307327006963,-1.2213276123857708,4.404041918936343,-3.1828155937462297
17.4,-64.99638279254731,0.052954903597309415,0.5960032085483243,0.3177307399881263,-1.221328717447635,4.404043247526863,-3.1828148377641923
17.425,-64.99638029711906,0.052954920583778375,0.5960031821464284,0.3177307474178687,-1.2213298121477671,4.404044575014675,-3.182814089135718
17.45,-64.99637782624863,0.05295493742155756,0.5960031555673349,0.3177307549875551,-1.2213308964582459,4.404045901251609,-3.1828133478745895
17.475,-64.99637537997866,0.05295495411016892,0.5960031288140831,0.3177307626948246,-1.2213319703526586,4.404047226091136,-3.1828126139935975
17.5,-64.99637295834845,0.052954970649156684,0.5960031018897081,0.3177307705373244,-1.2213330338060884,4.404048549388388,-3.1828118875045335
17.525,-64.99637056139402,0.05295498703808722,0.5960030747972395,0.31773077851270976,-1.2213340867951057,4.404049871000148,-3.1828111684182048
17.55,-64.99636818914817,0.05295500327654884,0.5960030475397017,0.3177307866186442,-1.2213351292977535,4.404051190784845,-3.182810456744451
17.575,-64.99636584164047,0.05295501936415158,0.5960030201201134,0.31773079485279976,-1.2213361612935327,4.404052508602566,-3.1828097524921404
17.6,-64.99636351889728,0.05295503530052699,0.5960029925414876,0.3177308032128572,-1.2213371827633868,4.404053824315047,-3.1828090556691846
17.625,-64.99636122094181,0.05295505108532812,0.5960029648068305,0.3177308116965061,-1.2213381936897005,4.4040551377856865,-3.182808366282542
17.65,-64.99635894779412,0.05295506671822922,0.5960029369191421,0.31773082030144506,-1.2213391940562774,4.404056448879522,-3.1828076843382362
17.675,-64.99635669947119,0.052955082198925627,0.5960029088814154,0.31773082902538197,-1.2213401838483358,4.404057757463243,-3.1828070098413574
17.7,-64.99635447598692,0.05295509752713354,0.5960028806966361,0.31773083786603407,-1.221341163052488,4.40405906340519,-3.1828063427960758
17.725,-64.99635227735214,0.05295511270258984,0.5960028523677826,0.3177308468211281,-1.2213421316567312,4.40406036657535,-3.1828056832056433
17.75,-64.99635010357468,0.05295512772505199,0.5960028238978254,0.3177308558884007,-1.2213430896504371,4.404061666845365,-3.182805031072405
17.775,-64.99634795465938,0.052955142594297726,0.5960027952897271,0.3177308650655983,-1.2213440370243345,4.40406296408851,-3.182804386397815
17.8,-64.99634583060813,0.05295515731012499,0.5960027665464417,0.3177308743504773,-1.2213449737704998,4.404064258179709,-3.1828037491824404
17.825,-64.99634373141988,0.052955171872351735,0.5960027376709147,0.3177308837408046,-1.2213458998823463,4.4040655489955265,-3.182803119425965
17.85,-64.9963416570907,0.052955186280815685,0.5960027086660827,0.31773089323435716,-1.2213468153546063,4.404066836414159,-3.1828024971272084
17.875,-64.99633960761375,0.05295520053537423,0.5960026795348733,0.3177309028289227,-1.2213477201833247,4.404068120315452,-3.1828018822841244
17.9,-64.99633758297941,0.05295521463590416,0.5960026502802045,0.3177309125222995,-1.221348614365838,4.404069400580872,-3.182801274893822
17.925,-64.9963355831752,0.05295522858230152,0.5960026209049847,0.31773092231229677,-1.2213494979007655,4.404070677093526,-3.1828006749525586
17.95,-64.99633360818588,0.05295524237448152,0.5960025914121122,0.3177309321967346,-1.2213503707880047,4.404071949738145,-3.1828000824557634
17.975,-64.99633165799347,0.05295525601237822,0.5960025618044753,0.3177309421734443,-1.221351233028705,4.404073218401087,-3.1827994973980394
18.0,-64.99632973257724,0.052955269495944375,0.5960025320849517,0.3177309522402683,-1.221352084625261,4.404074482970335,-3.182798919773171
18.025,-64.9963278319138,0.052955282825151294,0.5960025022564085,0.31773096239506066,-1.2213529255812998,4.404075743335485,-3.1827983495741408
18.05,-64.99632595597711,0.052955295999988654,0.5960024723217019,0.31773097263568684,-1.2213537559016698,4.404076999387752,-3.1827977867931336
18.075000000000003,-64.99632410473846,0.052955309020464275,0.5960024422836767,0.31773098296002394,-1.2213545755924238,4.404078251019962,-3.1827972314215387
18.1,-64.99632227816656,0.05295532188660393,0.5960024121451666,0.31773099336596095,-1.2213553846608047,4.4040794981265545,-3.1827966834499675
18.125,-64.99632047622754,0.052955334598451274,0.5960023819089934,0.3177310038513987,-1.221356183115244,4.4040807406035665,-3.1827961428682614
18.15,-64.996318698885,0.05295534715606749,0.596002351577967,0.3177310144142501,-1.221356970965333,4.404081978348638,-3.1827956096655012
18.175,-64.99631694610004,0.052955359559531255,0.5960023211548855,0.31773102505244033,-1.2213577482218227,4.404083211261005,-3.182795083830011
18.200000000000003,-64.99631521783125,0.05295537180893847,0.5960022906425344,0.3177310357639067,-1.2213585148966055,4.404084439241492,-3.1827945653493757
18.225,-64.9963135140348,0.05295538390440208,0.5960022600436868,0.3177310465465991,-1.2213592710027,4.404085662192518,-3.1827940542104387
18.25,-64.9963118346644,0.052955395846051925,0.596002229361103,0.31773105739847984,-1.221360016554243,4.404086880018082,-3.1827935503993188
18.275,-64.9963101796714,0.05295540763403452,0.5960021985975303,0.31773106831752385,-1.2213607515664735,4.404088092623756,-3.182793053901419
18.3,-64.99630854900478,0.05295541926851286,0.596002167755703,0.31773107930171884,-1.2213614760557185,4.404089299916689,-3.1827925647014337
18.325000000000003,-64.9963069426112,0.05295543074966632,0.5960021368383419,0.3177310903490654,-1.2213621900393865,4.4040905018055945,-3.1827920827833593
18.35,-64.99630536043499,0.052955442077690366,0.5960021058481542,0.317731101457577,-1.2213628935359475,4.404091698200755,-3.182791608130496
18.375,-64.99630380241823,0.05295545325279642,0.5960020747878333,0.3177311126252802,-1.2213635865649235,4.404092889014004,-3.182791140725467
18.4,-64.99630226850074,0.052955464275211674,0.5960020436600589,0.31773112385021474,-1.221364269146875,4.4040940741587296,-3.182790680550222
18.425,-64.99630075862015,0.0529554751451788,0.5960020124674965,0.3177311351304336,-1.2213649413033818,4.40409525354987,-3.1827902275860454
18.450000000000003,-64.99629927271188,0.052955485862956,0.596001981212797,0.3177311464640031,-1.221365603057045,4.404096427103901,-3.1827897818135638
18.475,-64.99629781070922,0.052955496428816605,0.5960019498985971,0.31773115784900297,-1.2213662544314619,4.404097594738829,-3.1827893432127667
18.5,-64.99629637254331,0.052955506843049,0.5960019185275187,0.31773116928352646,-1.2213668954512176,4.404098756374201,-3.1827889117629935
18.525,-64.99629495814322,0.052955517105956446,0.5960018871021688,0.31773118076568047,-1.221367526141874,4.404099911931073,-3.182788487442967
18.55,-64.99629356743594,0.052955527217856714,0.5960018556251395,0.31773119229358554,-1.2213681465299449,4.404101061332029,-3.182788070230782
18.575000000000003,-64.99629220034643,0.05295553717908219,0.5960018240990077,0.31773120386537607,-1.2213687566429028,4.404102204501157,-3.182787660103929
18.6,-64.99629085679764,0.05295554698997946,0.5960017925263348,0.3177312154792002,-1.22136935650915,4.404103341364052,-3.1827872570392928
18.625,-64.99628953671055,0.05295555665090918,0.5960017609096668,0.31773122713322,-1.22136994615801,4.404104471847802,-3.1827868610131644
18.65,-64.99628824000416,0.05295556616224602,0.5960017292515342,0.31773123882561166,-1.2213705256197231,4.404105595880998,-3.1827864720012484
18.675,-64.9962869665956,0.05295557552437827,0.5960016975544512,0.31773125055456536,-1.2213710949254197,4.404106713393703,-3.182786089978681
18.700000000000003,-64.99628571640008,0.052955584737707805,0.5960016658209165,0.3177312623182854,-1.2213716541071176,4.404107824317461,-3.182785714920024
18.725,-64.99628448933093,0.05295559380264991,0.5960016340534126,0.31773127411499036,-1.2213722031977083,4.404108928585295,-3.1827853467992795
18.75,-64.9962832852997,0.05295560271963299,0.5960016022544056,0.317731285942913,-1.2213727422309415,4.404110026131677,-3.1827849855899086
18.775,-64.99628210421608,0.052955611489098484,0.5960015704263452,0.3177312978003005,-1.2213732712414138,4.4041111168925475,-3.1827846312648234
18.8,-64.99628094598803,0.052955620111500554,0.5960015385716647,0.3177313096854144,-1.2213737902645505,4.404112200805287,-3.1827842837964098
18.825000000000003,-64.99627981052174,0.052955628587306125,0.5960015066927807,0.31773132159653067,-1.2213742993366077,4.404113277808725,-3.1827839431565224
18.85,-64.99627869772169,0.05295563691699445,0.5960014747920931,0.31773133353193983,-1.2213747984946415,4.404114347843122,-3.1827836093165076
18.875,-64.99627760749067,0.05295564510105715,0.5960014428719846,0.31773134548994697,-1.2213752877765116,4.404115410850171,-3.1827832822472004
18.9,-64.99627653972979,0.05295565313999784,0.5960014109348213,0.3177313574688717,-1.2213757672208554,4.404116466772977,-3.1827829619189374
18.925,-64.99627549433856,0.05295566103433209,0.5960013789829516,0.31773136946704844,-1.221376236867085,4.404117515556061,-3.1827826483015684
18.950000000000003,-64.99627447121486,0.05295566878458715,0.5960013470187071,0.31773138148282615,-1.2213766967553692,4.40411855714535,-3.182782341364458
18.975,-64.99627347025502,0.052955676391301915,0.5960013150444018,0.31773139351456864,-1.2213771469266284,4.404119591488155,-3.1827820410765058
19.0,-64.99627249135378,0.052955683855026504,0.5960012830623321,0.3177314055606545,-1.2213775874225095,4.404120618533194,-3.1827817474061333
19.025,-64.9962715344044,0.05295569117632237,0.5960012510747772,0.31773141761947715,-1.2213780182853913,4.404121638230553,-3.1827814603213196
19.05,-64.99627059929864,0.05295569835576184,0.5960012190839981,0.31773142968944484,-1.2213784395583511,4.4041226505316855,-3.182781179789592
19.075000000000003,-64.99626968592678,0.05295570539392819,0.5960011870922383,0.3177314417689808,-1.221378851285175,4.404123655389423,-3.1827809057780327
19.1,-64.99626879417767,0.052955712291415234,0.5960011551017234,0.3177314538565232,-1.2213792535103245,4.4041246527579405,-3.1827806382532997
19.125,-64.99626792393875,0.05295571904882736,0.5960011231146608,0.31773146595052504,-1.2213796462789415,4.40412564259277,-3.1827803771816234
19.15,-64.99626707509607,0.05295572566677916,0.5960010911332402,0.31773147804945445,-1.221380029636823,4.404126624850772,-3.182780122528821
19.175,-64.99626624753435,0.052955732145895426,0.5960010591596326,0.3177314901517946,-1.221380403630418,4.404127599490145,-3.182779874260305
19.200000000000003,-64.99626544113696,0.052955738486810885,0.5960010271959914,0.31773150225604363,-1.2213807683068154,4.404128566470408,-3.1827796323410866
19.225,-64.99626465578595,0.05295574469017001,0.5960009952444509,0.3177315143607148,-1.221381123713724,4.404129525752395,-3.1827793967357847
19.25,-64.99626389136215,0.05295575075662691,0.5960009633071277,0.31773152646433644,-1.2213814698994694,4.404130477298236,-3.182779167408644
19.275,-64.9962631477451,0.05295575668684513,0.5960009313861194,0.31773153856545205,-1.2213818069129796,4.404131421071363,-3.182778944323529
19.3,-64.99626242481312,0.052955762481497366,0.5960008994835053,0.31773155066262027,-1.2213821348037641,4.4041323570365005,-3.1827787274439374
19.325000000000003,-64.99626172244338,0.05295576814126547,0.5960008676013461,0.3177315627544148,-1.2213824536219164,4.404133285159636,-3.182778516733013
19.35,-64.99626104051183,0.05295577366684029,0.5960008357416835,0.31773157483942455,-1.2213827634180996,4.40413420540804,-3.1827783121535473
19.375,-64.99626037889328,0.052955779058921335,0.5960008039065408,0.31773158691625364,-1.2213830642435284,4.40413511775024,-3.1827781136679847
19.4,-64.99625973746147,0.05295578431821658,0.5960007720979222,0.31773159898352127,-1.2213833561499512,4.404136022156005,-3.1827779212384413
19.425,-64.99625911608902,0.0529557894454426,0.5960007403178134,0.31773161103986197,-1.2213836391896633,4.40413691859636,-3.1827777348267063
19.450000000000003,-64.99625851464748,0.05295579444132407,0.5960007085681805,0.3177316230839254,-1.221383913415467,4.404137807043555,-3.1827775543942436
19.475,-64.99625793300739,0.05295579930659379,0.5960006768509714,0.3177316351143764,-1.2213841788806805,4.404138687471064,-3.182777379902215
19.5,-64.99625737103823,0.05295580404199241,0.5960006451681144,0.31773164712989505,-1.2213844356391146,4.404139559853578,-3.1827772113114676
19.525,-64.99625682860854,0.052955808648268314,0.5960006135215189,0.3177316591291766,-1.2213846837450641,4.404140424166992,-3.182777048582561
19.55,-64.99625630558589,0.0529558131261775,0.5960005819130753,0.31773167111093154,-1.2213849232533043,4.40414128038839,-3.182776891675766
19.575000000000003,-64.9962558018369,0.0529558174764834,0.5960005503446545,0.31773168307388555,-1.2213851542190726,4.404142128496054,-3.1827767405510685
19.6,-64.99625531722727,0.05295582169995653,0.5960005188181086,0.3177316950167795,-1.2213853766980503,4.404142968469439,-3.1827765951681797
19.625,-64.99625485162184,0.05295582579737468,0.5960004873352701,0.31773170693836944,-1.2213855907463722,4.4041438002891615,-3.1827764554865525
19.65,-64.99625440488458,0.052955829769522386,0.5960004558979526,0.3177317188374266,-1.2213857964205914,4.404144623937,-3.1827763214653744
19.675,-64.99625397687862,0.05295583361719104,0.59600042450795,0.3177317307127374,-1.2213859937776872,4.404145439395881,-3.1827761930635856
19.700000000000003,-64.99625356746628,0.05295583734117857,0.5960003931670371,0.31773174256310344,-1.2213861828750423,4.404146246649867,-3.1827760702398846
19.725,-64.99625317650909,0.05295584094228937,0.5960003618769694,0.31773175438734136,-1.2213863637704405,4.404147045684154,-3.1827759529527255
19.75,-64.99625280386779,0.05295584442133412,0.5960003306394827,0.31773176618428306,-1.221386536522051,4.404147836485059,-3.182775841160337
19.775,-64.99625244940243,0.05295584777912956,0.5960002994562936,0.3177317779527755,-1.2213867011884159,4.404148619040001,-3.18277573482073
19.8,-64.99625211297231,0.05295585101649834,0.5960002683290994,0.31773178969168075,-1.2213868578284388,4.404149393337504,-3.182775633891694
19.825000000000003,-64.99625179443606,0.052955854134269086,0.5960002372595777,0.31773180139987595,-1.2213870065013894,4.404150159367179,-3.1827755383308185
19.85,-64.99625149365161,0.05295585713327591,0.596000206249387,0.31773181307625326,-1.2213871472668705,4.404150917119721,-3.1827754480954837
19.875,-64.99625121047626,0.05295586001435852,0.596000175300166,0.31773182471971995,-1.2213872801848256,4.404151666586898,-3.1827753631428775
19.9,-64.9962509447667,0.05295586277836191,0.5960001444135341,0.3177318363291982,-1.2213874053155163,4.404152407761526,-3.18277528343001
19.925,-64.996250696379,0.05295586542613624,0.5960001135910912,0.3177318479036253,-1.2213875227195181,4.404153140637488,-3.182775208913698
19.950000000000003,-64.99625046516866,0.05295586795853668,0.5960000828344176,0.3177318594419533,-1.221387632457704,4.404153865209691,-3.1827751395505968
19.975,-64.99625025099063,0.05295587037642342,0.5960000521450745,0.3177318709431494,-1.2213877345912516,4.40415458147409,-3.182775075297188
20.0,-64.99625005369933,0.05295587268066128,0.5960000215246031,0.3177318824061956,-1.2213878291816112,4.404155289427648,-3.182775016109798
20.025,-64.99624987314866,0.052955874872119627,0.5959999909745255,0.3177318938300887,-1.2213879162905033,4.404155989068348,-3.1827749619445966
20.05,-64.99624970919204,0.052955876951672344,0.5959999604963443,0.3177319052138404,-1.221387995979917,4.404156680395166,-3.1827749127576124
20.075000000000003,-64.99624956168245,0.0529558789201976,0.5959999300915425,0.3177319165564773,-1.2213880683120912,4.404157363408073,-3.1827748685047337
20.1,-64.99624943047237,0.052955880778577685,0.5959998997615837,0.3177319278570406,-1.2213881333495071,4.404158038108021,-3.1827748291417124
20.125,-64.99624931541392,0.05295588252769889,0.5959998695079122,0.3177319391145862,-1.2213881911548776,4.404158704496935,-3.1827747946241756
20.15,-64.99624921635878,0.05295588416845134,0.5959998393319526,0.3177319503281848,-1.2213882417911373,4.404159362577694,-3.182774764907633
20.175,-64.99624913315824,0.05295588570172885,0.5959998092351103,0.31773196149692173,-1.2213882853214326,4.404160012354138,-3.182774739947473
20.200000000000003,-64.99624906566329,0.05295588712842895,0.5959997792187715,0.3177319726198969,-1.2213883218091233,4.404160653831039,-3.1827747196989873
20.225,-64.99624901372454,0.052955888449452364,0.5959997492843025,0.3177319836962248,-1.2213883513177466,4.404161287014106,-3.1827747041173606
20.25,-64.9962489771923,0.05295588966570332,0.595999719433051,0.3177319947250344,-1.2213883739110403,4.404161911909959,-3.1827746931576884
20.275,-64.99624895591656,0.052955890778089085,0.5959996896663446,0.31773200570546917,-1.221388389652909,4.404162528526145,-3.1827746867749664
20.3,-64.99624894974707,0.05295589178751995,0.5959996599854922,0.31773201663668704,-1.2213883986074245,4.404163136871096,-3.1827746849241207
20.325000000000003,-64.99624895853331,0.05295589269490917,0.5959996303917832,0.3177320275178603,-1.2213884008388214,4.4041637369541435,-3.182774687559994
20.35,-64.99624898212454,0.05295589350117259,0.5959996008864876,0.3177320383481755,-1.2213883964114718,4.404164328785495,-3.182774694637362
20.375,-64.99624902036979,0.05295589420722875,0.5959995714708567,0.31773204912683356,-1.2213883853898926,4.404164912376228,-3.182774706110936
20.4,-64.9962490731179,0.05295589481399869,0.5959995421461223,0.31773205985304964,-1.2213883678387332,4.404165487738285,-3.182774721935368
20.425,-64.99624914021753,0.05295589532240566,0.5959995129134971,0.317732070526053,-1.2213883438227535,4.404166054884452,-3.1827747420652583
20.450000000000003,-64.9962492215172,0.05295589573337528,0.5959994837741747,0.31773208114508705,-1.2213883134068382,4.404166613828358,-3.182774766455161
20.475,-64.99624931686529,0.05295589604783515,0.5959994547293298,0.3177320917094093,-1.2213882766559676,4.404167164584466,-3.1827747950595864
20.5,-64.99624942611005,0.052955896266714875,0.595999425780118,0.3177321022182913,-1.2213882336352213,4.404167707168053,-3.182774827833016
20.525,-64.99624954909966,0.052955896390945764,0.595999396927676,0.3177321126710185,-1.2213881844097563,4.404168241595209,-3.1827748647298972
20.55,-64.99624968568219,0.052955896421460966,0.5959993681731216,0.31773212306689025,-1.2213881290448179,4.4041687678828225,-3.182774905704656
20.575000000000003,-64.99624983570567,0.052955896359195107,0.5959993395175537,0.3177321334052198,-1.2213880676057143,4.404169286048568,-3.1827749507117002
20.6,-64.99624999901808,0.052955896205084264,0.5959993109620524,0.3177321436853341,-1.2213880001578146,4.40416979611091,-3.1827749997054227
20.625,-64.99625017546737,0.05295589596006582,0.5959992825076791,0.3177321539065739,-1.2213879267665408,4.404170298089073,-3.18277505264021
20.65,-64.9962503649015,0.05295589562507846,0.5959992541554764,0.3177321640682936,-1.2213878474973647,4.404170792003044,-3.1827751094704495
20.675,-64.99625056716845,0.05295589520106178,0.5959992259064684,0.3177321741698611,-1.2213877624157863,4.404171277873556,-3.1827751701505336
20.700000000000003,-64.99625078211619,0.05295589468895642,0.5959991977616604,0.317732184210658,-1.2213876715873364,4.404171755722088,-3.1827752346348572
20.725,-64.9962510095928,0.0529558940897038,0.5959991697220395,0.3177321941900793,-1.221387575077565,4.404172225570843,-3.1827753028778387
20.75,-64.99625124944635,0.052955893404246154,0.5959991417885739,0.31773220410753333,-1.2213874729520395,4.404172687442749,-3.1827753748339034
20.775,-64.99625150152504,0.052955892633526264,0.5959991139622138,0.31773221396244183,-1.22138736527633,4.40417314136144,-3.182775450457511
20.8,-64.99625176567717,0.05295589177848726,0.5959990862438909,0.31773222375423976,-1.2213872521159932,4.404173587351243,-3.1827755297031515
20.825000000000003,-64.99625204175113,0.052955890840072864,0.5959990586345184,0.3177322334823754,-1.2213871335365911,4.404174025437192,-3.18277561252534
20.85,-64.99625232959546,0.05295588981922688,0.5959990311349916,0.31773224314631,-1.2213870096036543,4.404174455644984,-3.182775698878639
20.875,-64.99625262905884,0.05295588871689329,0.5959990037461875,0.317732252745518,-1.221386880382691,4.404174878000997,-3.182775788717653
20.9,-64.99625293999013,0.052955887534016186,0.595998976468965,0.3177322622794867,-1.2213867459391825,4.404175292532259,-3.1827758819970384
20.925,-64.99625326223835,0.05295588627153947,0.5959989493041652,0.3177322717477165,-1.221386606338561,4.404175699266452,-3.1827759786715064
20.950000000000003,-64.99625359565273,0.05295588493040689,0.595998922252611,0.3177322811497206,-1.2213864616462133,4.404176098231907,-3.1827760786958192
20.975,-64.9962539400827,0.05295588351156185,0.5959988953151075,0.3177322904850248,-1.221386311927468,4.404176489457579,-3.1827761820248086
21.0,-64.99625429537792,0.05295588201594742,0.5959988684924423,0.31773229975316786,-1.2213861572475972,4.4041768729730375,-3.182776288613377
21.025,-64.9962546613883,0.05295588044450613,0.5959988417853849,0.31773230895370097,-1.2213859976718022,4.404177248808478,-3.182776398416492
21.05,-64.99625503796402,0.05295587879817985,0.5959988151946872,0.317732318086188,-1.2213858332652041,4.404177616994684,-3.1827765113892057
21.075000000000003,-64.9962554249555,0.05295587707790975,0.5959987887210839,0.3177323271502052,-1.2213856640928429,4.404177977563031,-3.182776627486652
21.1,-64.99625582221348,0.052955875284636175,0.5959987623652919,0.3177323361453413,-1.221385490219669,4.404178330545486,-3.1827767466640453
21.125,-64.99625622958898,0.052955873419298576,0.5959987361280109,0.3177323450711973,-1.221385311710539,4.404178675974586,-3.1827768688766938
21.15,-64.99625664693335,0.052955871482835315,0.5959987100099231,0.31773235392738647,-1.2213851286302015,4.4041790138834225,-3.1827769940800037
21.175,-64.99625707409825,0.052955869476183685,0.5959986840116936,0.3177323627135342,-1.221384941043299,4.404179344305649,-3.1827771222294756
21.200000000000003,-64.99625751093572,0.05295586740027964,0.5959986581339705,0.31773237142927807,-1.2213847490143506,4.404179667275457,-3.1827772532807157
21.225,-64.99625795729813,0.05295586525605798,0.5959986323773844,0.3177323800742676,-1.2213845526077636,4.404179982827579,-3.182777387189438
21.25,-64.99625841303822,0.052955863044451906,0.5959986067425493,0.3177323886481641,-1.221384351887805,4.404180290997266,-3.1827775239114655
21.275,-64.99625887800914,0.05295586076639326,0.5959985812300623,0.31773239715064105,-1.221384146918616,4.404180591820286,-3.1827776634027427
21.3,-64.99625935206441,0.052955858422812155,0.5959985558405037,0.31773240558138344,-1.2213839377641882,4.404180885332921,-3.182777805619324
21.325000000000003,-64.996259835058,0.052955856014637065,0.595998530574437,0.317732413940088,-1.2213837244883712,4.404181171571932,-3.182777950517399
21.35,-64.99626032684425,0.05295585354279467,0.5959985054324091,0.31773242222646303,-1.2213835071548598,4.404181450574583,-3.182778098053275
21.375,-64.996260827278,0.052955851008209744,0.5959984804149505,0.3177324304402284,-1.2213832858271878,4.404181722378609,-3.1827782481833977
21.4,-64.99626133621449,0.05295584841180514,0.5959984555225752,0.3177324385811155,-1.2213830605687277,4.4041819870222145,-3.182778400864346
21.425,-64.99626185350944,0.05295584575450157,0.595998430755781,0.31773244664886685,-1.2213828314426747,4.40418224454407,-3.182778556052831
21.450000000000003,-64.99626237901906,0.05295584303721768,0.5959984061150492,0.3177324546432364,-1.2213825985120537,4.404182494983283,-3.182778713705717
21.475,-64.99626291260002,0.05295584026086977,0.5959983816008452,0.31773246256398924,-1.2213823618396975,4.404182738379418,-3.1827788737800047
21.5,-64.99626345410951,0.05295583742637199,0.5959983572136183,0.3177324704109015,-1.2213821214882652,4.404182974772458,-3.1827790362328527
21.525,-64.99626400340523,0.05295583453463597,0.5959983329538019,0.3177324781837604,-1.2213818775202123,4.40418320420281,-3.1827792010215687
21.55,-64.99626456034538,0.05295583158657088,0.5959983088218135,0.31773248588236397,-1.221381629997798,4.404183426711309,-3.182779368103614
21.575000000000003,-64.99626512478872,0.052955828583083356,0.595998284818055,0.3177324935065212,-1.2213813789830799,4.404183642339179,-3.182779537436616
21.6,-64.99626569659453,0.05295582552507728,0.5959982609429124,0.3177325010560518,-1.2213811245378972,4.4041838511280496,-3.18277970897836
21.625,-64.99626627562267,0.052955822413453986,0.5959982371967565,0.317732508530786,-1.2213808667238886,4.404184053119934,-3.182779882686802
21.65,-64.99626686173356,0.052955819249111885,0.5959982135799424,0.3177325159305648,-1.2213806056024643,4.404184248357223,-3.1827800585200676
21.675,-64.99626745478817,0.05295581603294651,0.5959981900928101,0.31773252325523954,-1.2213803412348097,4.404184436882683,-3.18278023643645
21.700000000000003,-64.99626805464808,0.05295581276585053,0.5959981667356842,0.317732530504672,-1.221380073681887,4.40418461873943,-3.182780416394425
21.725,-64.99626866117548,0.05295580944871351,0.5959981435088743,0.3177325376787343,-1.2213798030044205,4.404184793970947,-3.182780598352643
21.75,-64.99626927423314,0.05295580608242187,0.5959981204126749,0.31773254477730867,-1.2213795292628904,4.404184962621045,-3.1827807822699428
21.775,-64.99626989368447,0.05295580266785896,0.5959980974473656,0.31773255180028764,-1.2213792525175418,4.404185124733883,-3.182780968105341
21.8,-64.99627051939348,0.0529557992059048,0.5959980746132114,0.3177325587475736,-1.2213789728283653,4.404185280353943,-3.1827811558180428
21.825000000000003,-64.99627115122483,0.05295579569743614,0.5959980519104624,0.317732565619079,-1.2213786902551016,4.404185429526018,-3.182781345367449
21.85,-64.99627178904386,0.05295579214332637,0.5959980293393542,0.317732572414726,-1.2213784048572378,4.404185572295215,-3.1827815367131578
21.875,-64.99627243271651,0.052955788544445374,0.5959980069001078,0.3177325791344468,-1.2213781166939919,4.4041857087069465,-3.1827817298149523
21.9,-64.99627308210941,0.052955784901659565,0.5959979845929302,0.317732585778183,-1.2213778258243229,4.404185838806911,-3.182781924632823
21.925,-64.99627373708988,0.052955781215831735,0.5959979624180138,0.31773259234588586,-1.2213775323069163,4.404185962641092,-3.1827821211269636
21.950000000000003,-64.99627439752588,0.05295577748782098,0.5959979403755371,0.3177325988375162,-1.2213772362001782,4.404186080255757,-3.182782319257764
21.975,-64.9962750632861,0.05295577371848274,0.5959979184656643,0.3177326052530442,-1.2213769375622432,4.404186191697427,-3.1827825189858316
22.0,-64.99627573423993,0.05295576990866869,0.595997896688546,0.31773261159244937,-1.2213766364509615,4.404186297012896,-3.182782720271979
22.025,-64.99627641025742,0.05295576605922668,0.5959978750443187,0.3177326178557204,-1.2213763329239005,4.404186396249204,-3.1827829230772267
22.05,-64.9962770912094,0.0529557621710006,0.5959978535331054,0.317732624042855,-1.2213760270383311,4.40418648945363,-3.1827831273628178
22.075000000000003,-64.99627777696735,0.05295575824483035,0.5959978321550157,0.3177326301538602,-1.2213757188512289,4.404186576673703,-3.1827833330902036
22.1,-64.99627846740354,0.05295575428155195,0.5959978109101454,0.31773263618875175,-1.221375408419281,4.404186657957164,-3.1827835402210622
22.125,-64.99627916239098,0.052955750281997296,0.5959977897985771,0.31773264214755426,-1.2213750957988698,4.404186733351977,-3.1827837487172927
22.15,-64.99627986180337,0.05295574624699407,0.5959977688203801,0.31773264803030116,-1.2213747810460658,4.404186802906326,-3.1827839585410116
22.175,-64.99628056551522,0.052955742177365796,0.5959977479756109,0.3177326538370345,-1.2213744642166349,4.404186866668591,-3.1827841696545662
22.200000000000003,-64.99628127340178,0.05295573807393183,0.5959977272643127,0.3177326595678049,-1.221374145366034,4.40418692468735,-3.182784382020533
22.225,-64.99628198533905,0.05295573393750724,0.5959977066865157,0.3177326652226715,-1.2213738245494068,4.404186977011372,-3.182784595601716
22.25,-64.99628270120384,0.05295572976890269,0.5959976862422378,0.31773267080170187,-1.2213735018215728,4.404187023689607,-3.1827848103611514
22.275,-64.99628342087371,0.0529557255689244,0.5959976659314838,0.31773267630497176,-1.2213731772370273,4.4041870647711745,-3.1827850262621125
22.3,-64.99628414422702,0.052955721338374284,0.5959976457542463,0.31773268173256514,-1.2213728508499497,4.404187100305362,-3.1827852432681056
22.325000000000003,-64.99628487114292,0.05295571707804964,0.5959976257105053,0.31773268708457414,-1.221372522714184,4.404187130341616,-3.1827854613428754
22.35,-64.99628560150136,0.05295571278874329,0.5959976058002285,0.31773269236109886,-1.2213721928832462,4.404187154929536,-3.1827856804504067
22.375,-64.9962863351831,0.05295570847124344,0.5959975860233716,0.3177326975622473,-1.2213718614103177,4.404187174118856,-3.1827859005549297
22.4,-64.9962870720697,0.052955704126333644,0.595997566379878,0.3177327026881354,-1.2213715283482416,4.404187187959461,-3.1827861216209112
22.425,-64.99628781204355,0.05295569975479284,0.5959975468696794,0.31773270773888673,-1.2213711937495257,4.404187196501357,-3.182786343613064
22.450000000000003,-64.99628855498784,0.05295569535739515,0.5959975274926956,0.31773271271463255,-1.221370857666329,4.404187199794673,-3.1827865664963526
22.475,-64.99628930078663,0.052955690934910066,0.5959975082488347,0.31773271761551164,-1.221370520150475,4.404187197889649,-3.1827867902359883
22.5,-64.99629004932477,0.052955686488102116,0.5959974891379931,0.3177327224416703,-1.2213701812534286,4.404187190836639,-3.1827870147974306
22.525,-64.99629080048797,0.05295568201773109,0.5959974701600559,0.31773272719326207,-1.2213698410263127,4.404187178686097,-3.1827872401463906
22.55,-64.99629155416277,0.0529556775245518,0.5959974513148969,0.31773273187044787,-1.221369499519891,4.4041871614885695,-3.1827874662488296
22.575000000000003,-64.99629231023657,0.052955673009314204,0.5959974326023785,0.3177327364733958,-1.2213691567845781,4.404187139294687,-3.1827876930709706
22.6,-64.99629306859762,0.052955668472763326,0.5959974140223521,0.317732741002281,-1.221368812870432,4.404187112155166,-3.182787920579287
22.625,-64.99629382913503,0.05295566391563904,0.5959973955746581,0.31773274545728564,-1.2213684678271426,4.404187080120796,-3.182788148740508
22.65,-64.99629459173875,0.05295565933867629,0.5959973772591262,0.3177327498385987,-1.2213681217040442,4.404187043242428,-3.1827883775216237
22.675,-64.99629535629961,0.05295565474260494,0.595997359075575,0.3177327541464162,-1.2213677745501077,4.40418700157098,-3.182788606889883
22.700000000000003,-64.99629612270934,0.05295565012814974,0.595997341023813,0.31773275838094067,-1.2213674264139371,4.404186955157415,-3.1827888368128012
22.725,-64.99629689086049,0.052955645496030254,0.5959973231036376,0.31773276254238125,-1.221367077343765,4.404186904052748,-3.1827890672581476
22.75,-64.99629766064652,0.05295564084696094,0.5959973053148363,0.3177327666309538,-1.2213667273874595,4.404186848308042,-3.1827892981939554
22.775,-64.99629843196175,0.05295563618165098,0.5959972876571862,0.31773277064688044,-1.2213663765925125,4.404186787974383,-3.1827895295885242
22.8,-64.9962992047014,0.05295563150080439,0.5959972701304541,0.31773277459038973,-1.2213660250060443,4.404186723102886,-3.18278976141042
22.825000000000003,-64.99629997876158,0.05295562680511986,0.5959972527343971,0.31773277846171655,-1.2213656726747986,4.404186653744695,-3.182789993628475
22.85,-64.99630075403928,0.05295562209529075,0.5959972354687622,0.31773278226110185,-1.2213653196451377,4.4041865799509665,-3.1827902262117846
22.875,-64.99630153043239,0.05295561737200527,0.5959972183332864,0.3177327859887927,-1.2213649659630579,4.404186501772858,-3.1827904591297167
22.9,-64.9963023078397,0.052955612635946045,0.5959972013276977,0.3177327896450421,-1.221364611674158,4.4041864192615385,-3.1827906923519094
22.925,-64.99630308616088,0.052955607887790586,0.595997184451714,0.3177327932301091,-1.2213642568236738,4.404186332468178,-3.182790925848263
22.950000000000003,-64.99630386529653,0.05295560312821076,0.5959971677050439,0.31773279674425847,-1.2213639014564395,4.404186241443927,-3.1827911595889575
22.975,-64.99630464514813,0.05295559835787316,0.5959971510873867,0.3177328001877606,-1.221363545616917,4.404186146239927,-3.1827913935444383
23.0,-64.99630542561808,0.05295559357743888,0.5959971345984328,0.31773280356089173,-1.2213631893491756,4.404186046907302,-3.1827916276854222
23.025,-64.99630620660969,0.0529555887875635,0.5959971182378633,0.31773280686393346,-1.2213628326968973,4.404185943497142,-3.1827918619829063
23.05,-64.99630698802717,0.05295558398889717,0.5959971020053503,0.3177328100971729,-1.221362475703378,4.404185836060514,-3.1827920964081513
23.075000000000003,-64.99630776977567,0.052955579182084586,0.5959970859005572,0.3177328132609025,-1.2213621184115275,4.404185724648435,-3.1827923309327004
23.1,-64.99630855176122,0.05295557436776482,0.5959970699231388,0.3177328163554201,-1.2213617608638587,4.404185609311892,-3.182792565528365
23.125,-64.99630933389079,0.0529555695465714,0.5959970540727413,0.3177328193810286,-1.2213614031024949,4.4041854901018125,-3.1827928001672374
23.15,-64.99631011607227,0.05295556471913233,0.5959970383490022,0.317732822338036,-1.2213610451691659,4.404185367069078,-3.1827930348216795
23.175,-64.99631089821446,0.05295555988606998,0.5959970227515509,0.3177328252267554,-1.2213606871052083,4.404185240264499,-3.1827932694643377
23.200000000000003,-64.99631168022708,0.05295555504800111,0.5959970072800085,0.31773282804750475,-1.2213603289515604,4.4041851097388385,-3.182793504068124
23.225,-64.99631246202078,0.052955550205536925,0.5959969919339881,0.3177328308006069,-1.2213599707487703,4.404184975542773,-3.1827937386062346
23.25,-64.99631324350715,0.05295554535928294,0.5959969767130948,0.3177328334863893,-1.2213596125369872,4.404184837726905,-3.1827939730521435
23.275,-64.99631402459866,0.052955540509839,0.5959969616169256,0.31773283610518427,-1.2213592543559586,4.404184696341764,-3.182794207379598
23.3,-64.99631480520875,0.052955535657799445,0.5959969466450701,0.3177328386573286,-1.2213588962450483,4.404184551437789,-3.1827944415626264
23.325000000000003,-64.99631558525178,0.05295553080375273,0.59599693179711,0.3177328411431636,-1.221358538243206,4.404184403065328,-3.182794675575533
23.35,-64.99631636464301,0.05295552594828176,0.5959969170726197,0.3177328435630349,-1.2213581803889901,4.404184251274633,-3.182794909392902
23.375,-64.99631714329864,0.052955521091963755,0.5959969024711661,0.31773284591729256,-1.2213578227205624,4.404184096115862,-3.1827951429895918
23.4,-64.99631792113583,0.05295551623537013,0.5959968879923089,0.31773284820629083,-1.221357465275678,4.40418393763905,-3.182795376340748
23.425,-64.99631869807261,0.052955511379066636,0.5959968736356005,0.3177328504303881,-1.2213571080916936,4.404183775894142,-3.1827956094217837
23.450000000000003,-64.99631947402801,0.05295550652361327,0.5959968594005864,0.31773285258994693,-1.221356751205565,4.40418361093095,-3.1827958422084035
23.475,-64.99632024892193,0.05295550166956441,0.5959968452868052,0.3177328546853337,-1.2213563946538533,4.404183442799178,-3.1827960746765798
23.5,-64.99632102267522,0.052955496817468556,0.5959968312937884,0.31773285671691875,-1.2213560384727096,4.404183271548405,-3.1827963068025653
23.525,-64.99632179520967,0.052955491967868605,0.5959968174210611,0.3177328586850763,-1.2213556826978933,4.404183097228066,-3.1827965385629
23.55,-64.99632256644797,0.05295548712130152,0.5959968036681419,0.31773286059018424,-1.2213553273647502,4.404182919887484,-3.1827967699343915
23.575000000000003,-64.99632333631378,0.05295548227829871,0.5959967900345425,0.31773286243262416,-1.2213549725082369,4.4041827395758295,-3.1827970008941335
23.6,-64.99632410473166,0.05295547743938566,0.5959967765197688,0.3177328642127812,-1.2213546181628987,4.40418255634213,-3.1827972314194963
23.625,-64.99632487162708,0.05295547260508223,0.59599676312332,0.31773286593104394,-1.2213542643628867,4.404182370235279,-3.182797461488124
23.65,-64.99632563692649,0.05295546777590242,0.5959967498446893,0.31773286758780445,-1.221353911141946,4.404182181304003,-3.1827976910779454
23.675,-64.99632640055722,0.05295546295235447,0.5959967366833642,0.3177328691834581,-1.2213535585334196,4.404181989596881,-3.182797920167167
23.700000000000003,-64.99632716244754,0.052955458134940805,0.5959967236388258,0.3177328707184035,-1.221353206570246,4.404181795162338,-3.1827981487342627
23.725,-64.99632792252666,0.05295545332415827,0.5959967107105498,0.3177328721930424,-1.2213528552849744,4.404181598048623,-3.1827983767579977
23.75,-64.99632868072469,0.05295544852049771,0.595996697898006,0.31773287360777974,-1.2213525047097387,4.404181398303828,-3.182798604217406
23.775,-64.99632943697266,0.05295544372444439,0.5959966852006588,0.3177328749630233,-1.221352154876285,4.4041811959758705,-3.182798831091797
23.8,-64.99633019120255,0.05295543893647768,0.5959966726179671,0.31773287625918406,-1.2213518058159483,4.40418099111249,-3.1827990573607634
23.825000000000003,-64.99633094334723,0.052955434157071254,0.5959966601493843,0.31773287749667556,-1.2213514575596702,4.404180783761249,-3.182799283004169
23.85,-64.99633169334051,0.052955429386692954,0.5959966477943589,0.31773287867591427,-1.2213511101379875,4.404180573969529,-3.182799508002152
23.875,-64.99633244111709,0.05295542462580497,0.5959966355523338,0.3177328797973194,-1.2213507635810439,4.404180361784525,-3.182799732335127
23.9,-64.99633318661262,0.05295541987486366,0.5959966234227474,0.3177328808613127,-1.22135041791858,4.404180147253237,-3.1827999559837847
23.925,-64.99633392976364,0.05295541513431969,0.5959966114050329,0.31773288186831844,-1.2213500731799432,4.404179930422472,-3.182800178929091
23.950000000000003,-64.9963346705076,0.05295541040461786,0.5959965994986187,0.3177328828187635,-1.2213497293940718,4.404179711338847,-3.182800401152278
23.975,-64.99633540878287,0.05295540568619737,0.5959965877029286,0.317732883713077,-1.2213493865895195,4.404179490048765,-3.1828006226348604
24.0,-64.99633614452873,0.05295540097949165,0.5959965760173818,0.3177328845516905,-1.22134904479444,4.4041792665984385,-3.1828008433586175
24.025,-64.99633687768535,0.0529553962849283,0.5959965644413929,0.3177328853350378,-1.2213487040365847,4.404179041033865,-3.182801063305605
24.05,-64.99633760819383,0.052955391602929315,0.5959965529743724,0.31773288606355476,-1.2213483643433165,4.404178813400832,-3.1828012824581475
24.075000000000003,-64.99633833599613,0.05295538693391103,0.5959965416157262,0.31773288673767947,-1.221348025741608,4.4041785837449146,-3.1828015007988384
24.1,-64.99633906103516,0.052955382278283905,0.5959965303648564,0.317732887357852,-1.221347688258027,4.404178352111465,-3.182801718310547
24.125,-64.99633978325468,0.05295537763645285,0.5959965192211608,0.3177328879245144,-1.2213473519187574,4.404178118545625,-3.1828019349764047
24.15,-64.99634050259938,0.05295537300881702,0.5959965081840332,0.31773288843811054,-1.2213470167495872,4.404177883092304,-3.182802150779814
24.175,-64.99634121901482,0.05295536839576996,0.5959964972528636,0.31773288889908624,-1.221346682775918,4.4041776457961905,-3.182802365704447
24.200000000000003,-64.99634193244746,0.0529553637976996,0.5959964864270385,0.3177328893078889,-1.221346350022763,4.404177406701736,-3.182802579734239
24.225,-64.99634264284465,0.05295535921498804,0.5959964757059404,0.3177328896649677,-1.2213460185147358,4.404177165853164,-3.1828027928533955
24.25,-64.9963433501546,0.05295535464801184,0.5959964650889485,0.31773288997077337,-1.2213456882760678,4.404176923294467,-3.182803005046381
24.275,-64.99634405432643,0.05295535009714205,0.5959964545754385,0.31773289022575824,-1.2213453593306112,4.404176679069395,-3.1828032162979283
24.3,-64.99634475531012,0.05295534556274388,0.5959964441647826,0.317732890430376,-1.221345031701818,4.404176433221451,-3.1828034265930354
24.325000000000003,-64.99634545305652,0.052955341045177164,0.5959964338563499,0.31773289058508186,-1.221344705412769,4.404176185793913,-3.182803635916956
24.35,-64.99634614751737,0.05295533654479607,0.5959964236495066,0.3177328906903323,-1.2213443804861575,4.404175936829793,-3.1828038442552113
24.375,-64.99634683864528,0.052955332061949155,0.5959964135436152,0.317732890746585,-1.2213440569442906,4.404175686371861,-3.182804051593584
24.4,-64.9963475263937,0.0529553275969795,0.595996403538036,0.317732890754299,-1.2213437348090992,4.404175434462642,-3.1828042579181113
24.425,-64.99634821071697,0.05295532315022456,0.5959963936321258,0.31773289071393435,-1.2213434141021293,4.404175181144401,-3.182804463215092
24.450000000000003,-64.99634889157026,0.05295531872201639,0.5959963838252391,0.31773289062595217,-1.2213430948445565,4.404174926459152,-3.182804667471079
24.475,-64.99634956890964,0.05295531431268144,0.5959963741167276,0.3177328904908146,-1.2213427770571708,4.404174670448642,-3.1828048706728906
24.5,-64.99635024269197,0.05295530992254076,0.5959963645059403,0.3177328903089847,-1.2213424607603942,4.4041744131543625,-3.182805072807592
24.525,-64.99635091287502,0.052955305551909804,0.595996354992224,0.3177328900809265,-1.2213421459742657,4.404174154617547,-3.182805273862505
24.55,-64.99635157941735,0.05295530120109879,0.595996345574923,0.3177328898071047,-1.2213418327184633,4.404173894879158,-3.182805473825205
24.575000000000003,-64.9963522422784,0.05295529687041222,0.5959963362533791,0.31773288948798484,-1.2213415210122776,4.404173633979894,-3.1828056726835214
24.6,-64.99635290141845,0.05295529256014945,0.5959963270269323,0.3177328891240331,-1.2213412108746435,4.404173371960177,-3.182805870425534
24.625,-64.99635355679858,0.05295528827060434,0.5959963178949201,0.3177328887157163,-1.2213409023241244,4.404173108860168,-3.182806067039574
24.65,-64.99635420838072,0.05295528400206534,0.5959963088566785,0.3177328882635018,-1.2213405953789103,4.404172844719748,-3.1828062625142164
24.675,-64.99635485612764,0.05295527975481554,0.5959962999115411,0.3177328877678576,-1.2213402900568273,4.404172579578525,-3.1828064568382914
24.700000000000003,-64.99635550000289,0.05295527552913277,0.59599629105884,0.31773288722925186,-1.2213399863753422,4.404172313475831,-3.182806650000867
24.725,-64.99635613997089,0.05295527132528957,0.5959962822979054,0.31773288664815336,-1.2213396843515612,4.404172046450715,-3.1828068419912654
24.75,-64.99635677599683,0.052955267143553135,0.5959962736280657,0.3177328860250311,-1.2213393840022246,4.404171778541946,-3.1828070327990488
24.775,-64.99635740804673,0.05295526298418539,0.5959962650486482,0.3177328853603544,-1.2213390853437145,4.404171509788019,-3.18280722241402
24.8,-64.99635803608741,0.052955258847443,0.5959962565589784,0.3177328846545927,-1.2213387883920548,4.404171240227136,-3.182807410826224
24.825000000000003,-64.99635866008651,0.05295525473357747,0.5959962481583804,0.31773288390821575,-1.2213384931629174,4.404170969897214,-3.182807598025954
24.85,-64.99635928001244,0.05295525064283507,0.5959962398461771,0.31773288312169323,-1.2213381996716188,4.404170698835886,-3.182807784003732
24.875,-64.99635989583442,0.052955246575456985,0.5959962316216902,0.31773288229549496,-1.2213379079331277,4.404170427080495,-3.182807968750325
24.9,-64.99636050752243,0.05295524253167907,0.5959962234842403,0.31773288143009065,-1.2213376179620516,4.404170154668098,-3.1828081522567273
24.925,-64.99636111504726,0.05295523851173222,0.5959962154331468,0.31773288052595,-1.2213373297726613,4.4041698816354495,-3.182808334514179
24.950000000000003,-64.9963617183805,0.05295523451584215,0.5959962074677284,0.3177328795835426,-1.2213370433788742,4.404169608019024,-3.1828085155141492
24.975,-64.99636231749447,0.052955230544229466,0.5959961995873025,0.3177328786033378,-1.2213367587942616,4.404169333854986,-3.1828086952483416
25.0,-64.99636291236229,0.052955226597109814,0.5959961917911862,0.31773287758580476,-1.2213364760320577,4.40416905917922,-3.182808873708686
25.025,-64.99636350295782,0.052955222674693804,0.5959961840786956,0.31773287653141236,-1.221336195105155,4.404168784027309,-3.1828090508873457
25.05,-64.9963640892557,0.05295521877718699,0.5959961764491462,0.31773287544062906,-1.2213359160261026,4.404168508434534,-3.182809226776712
25.075000000000003,-64.99636467123133,0.05295521490478999,0.5959961689018529,0.317732874313923,-1.2213356388071166,4.40416823243588,-3.1828094013693997
25.1,-64.99636524886085,0.05295521105769846,0.5959961614361303,0.3177328731517619,-1.221335363460074,4.404167956066029,-3.1828095746582563
25.125,-64.99636582212115,0.05295520723610319,0.5959961540512925,0.3177328719546129,-1.2213350899965252,4.404167679359367,-3.1828097466363445
25.15,-64.99636639098985,0.05295520344019,0.5959961467466531,0.3177328707229427,-1.2213348184276815,4.404167402349974,-3.182809917296954
25.175,-64.99636695544532,0.052955199670139896,0.5959961395215257,0.31773286945721735,-1.2213345487644294,4.404167125071628,-3.182810086633597
25.200000000000003,-64.99636751546669,0.05295519592612901,0.5959961323752238,0.31773286815790225,-1.2213342810173262,4.4041668475578,-3.182810254640006
25.225,-64.99636807103376,0.05295519220832864,0.5959961253070605,0.3177328668254621,-1.2213340151966015,4.404166569841655,-3.1828104213101267
25.25,-64.99636862212708,0.05295518851690543,0.595996118316349,0.3177328654603609,-1.2213337513121707,4.404166291956061,-3.1828105866381233
25.275,-64.99636916872792,0.05295518485202118,0.5959961114024028,0.3177328640630619,-1.2213334893736225,4.404166013933574,-3.1828107506183767
25.3,-64.99636971081827,0.05295518121383299,0.5959961045645352,0.31773286263402745,-1.2213332293902266,4.404165735806441,-3.1828109132454814
25.325000000000003,-64.99637024838081,0.0529551776024932,0.5959960978020599,0.317732861173719,-1.2213329713709322,4.404165457606599,-3.1828110745142437
25.35,-64.99637078139892,0.052955174018149656,0.5959960911142906,0.31773285968259724,-1.221332715324386,4.404165179365687,-3.1828112344196766
25.375,-64.9963713098567,0.052955170460945396,0.5959960845005419,0.3177328581611217,-1.2213324612589098,4.404164901115022,-3.182811392957009
25.4,-64.99637183373892,0.052955166931018954,0.5959960779601282,0.317732856609751,-1.221332209182522,4.404164622885617,-3.182811550121676
25.425,-64.99637235303103,0.05295516342850429,0.5959960714923647,0.3177328550289427,-1.221331959102932,4.40416434470818,-3.18281170590931
25.450000000000003,-64.9963728677192,0.05295515995353077,0.5959960650965671,0.3177328534191533,-1.221331711027541,4.404164066613099,-3.1828118603157605
25.475,-64.99637337779025,0.05295515650622328,0.5959960587720518,0.31773285178083804,-1.2213314649634486,4.4041637886304486,-3.1828120133370743
25.5,-64.99637388323166,0.05295515308670215,0.5959960525181357,0.31773285011445107,-1.2213312209174465,4.404163510790002,-3.1828121649694965
25.525,-64.99637438403157,0.05295514969508337,0.5959960463341366,0.31773284842044536,-1.221330978896035,4.404163233121224,-3.1828123152094703
25.55,-64.99637488017882,0.05295514633147846,0.5959960402193731,0.3177328466992725,-1.2213307389054147,4.404162955653252,-3.182812464053646
25.575000000000003,-64.99637537166288,0.05295514299599451,0.5959960341731647,0.3177328449513828,-1.2213305009514888,4.404162678414918,-3.1828126114988633
25.6,-64.99637585847387,0.05295513968873438,0.5959960281948317,0.3177328431772254,-1.2213302650398745,4.404162401434744,-3.1828127575421603
25.625,-64.99637634060255,0.052955136409796565,0.5959960222836955,0.3177328413772478,-1.2213300311758981,4.404162124740934,-3.1828129021807654
25.65,-64.99637681804033,0.05295513315927514,0.5959960164390787,0.3177328395518962,-1.2213297993645882,4.404161848361381,-3.1828130454120993
25.675,-64.99637729077924,0.05295512993725999,0.595996010660305,0.31773283770161537,-1.221329569610692,4.404161572323674,-3.1828131872337706
25.700000000000003,-64.99637775881195,0.052955126743836886,0.5959960049466991,0.3177328358268485,-1.2213293419186826,4.404161296655067,-3.1828133276435833
25.725,-64.99637822213174,0.052955123579087236,0.5959959992975872,0.3177328339280374,-1.2213291162927389,4.404161021382522,-3.1828134666395216
25.75,-64.99637868073252,0.05295512044308837,0.5959959937122966,0.31773283200562213,-1.221328892736768,4.404160746532676,-3.1828136042197555
25.775,-64.99637913460882,0.05295511733591357,0.5959959881901562,0.3177328300600412,-1.2213286712544058,4.40416047213185,-3.1828137403826444
25.8,-64.99637958375574,0.05295511425763188,0.5959959827304961,0.3177328280917316,-1.221328451849004,4.404160198206065,-3.1828138751267216
25.825000000000003,-64.99638002816901,0.05295511120830829,0.5959959773326482,0.31773282610112846,-1.2213282345236445,4.40415992478102,-3.182814008450704
25.85,-64.99638046784494,0.05295510818800385,0.5959959719959457,0.3177328240886653,-1.221328019281144,4.404159651882104,-3.1828141403534826
25.875,-64.99638090278044,0.05295510519677556,0.5959959667197234,0.31773282205477393,-1.2213278061240507,4.404159379534389,-3.182814270834133
25.9,-64.99638133297302,0.05295510223467653,0.595995961503318,0.3177328199998843,-1.2213275950546523,4.404159107762634,-3.1828143998919045
25.925,-64.99638175842071,0.05295509930175577,0.5959959563460676,0.31773281792442454,-1.2213273860749618,4.404158836591291,-3.182814527526213
25.950000000000003,-64.99638217912216,0.05295509639805859,0.5959959512473123,0.317732815828821,-1.2213271791867473,4.404158566044499,-3.1828146537366493
25.975,-64.9963825950766,0.05295509352362633,0.595995946206394,0.3177328137134982,-1.2213269743915105,4.404158296146081,-3.1828147785229786
26.0,-64.99638300628376,0.05295509067849646,0.5959959412226563,0.3177328115788786,-1.2213267716904967,4.404158026919549,-3.1828149018851293
26.025000000000002,-64.996383412744,0.0529550878627028,0.5959959362954451,0.31773280942538296,-1.2213265710847083,4.404157758388111,-3.1828150238231983
26.05,-64.99638381445816,0.05295508507627534,0.5959959314241079,0.31773280725342984,-1.22132637257489,4.4041574905746605,-3.1828151443374466
26.075,-64.99638421142767,0.05295508231924028,0.5959959266079943,0.3177328050634359,-1.2213261761615386,4.404157223501773,-3.1828152634283
26.1,-64.99638460365449,0.05295507959162023,0.5959959218464561,0.3177328028558158,-1.2213259818449085,4.404156957191723,-3.182815381096347
26.125,-64.99638499114111,0.052955076893434115,0.5959959171388473,0.31773280063098214,-1.2213257896250118,4.404156691666474,-3.1828154973423337
26.150000000000002,-64.99638537389055,0.05295507422469719,0.5959959124845238,0.3177327983893454,-1.2213255995016152,4.404156426947679,-3.182815612167164
26.175,-64.99638575190633,0.05295507158542121,0.5959959078828438,0.3177327961313141,-1.2213254114742544,4.404156163056688,-3.182815725571899
26.2,-64.99638612519252,0.05295506897561432,0.5959959033331681,0.3177327938572944,-1.221325225542224,4.404155900014536,-3.1828158375577544
26.225,-64.99638649375366,0.05295506639528117,0.5959958988348594,0.31773279156769046,-1.2213250417045887,4.404155637841959,-3.1828159481260982
26.25,-64.99638685759484,0.052955063844422896,0.595995894387283,0.3177327892629042,-1.2213248599601798,4.4041553765593795,-3.1828160572784525
26.275000000000002,-64.99638721672163,0.052955061323037275,0.5959958899898065,0.3177327869433354,-1.2213246803076057,4.404155116186917,-3.182816165016489
26.3,-64.99638757114009,0.05295505883111854,0.5959958856418,0.3177327846093815,-1.2213245027452404,4.404154856744383,-3.182816271342027
26.325,-64.99638792085676,0.05295505636865764,0.595995881342636,0.3177327822614377,-1.2213243272712402,4.404154598251294,-3.1828163762570285
26.35,-64.99638826587866,0.052955053935642156,0.5959958770916898,0.317732779899897,-1.2213241538835407,4.404154340726859,-3.182816479763599
26.375,-64.99638860621332,0.05295505153205634,0.5959958728883389,0.31773277752515006,-1.221323982579855,4.404154084189981,-3.1828165818639946
26.400000000000002,-64.9963889418687,0.05295504915788131,0.5959958687319636,0.3177327751375852,-1.2213238133576911,4.40415382865926,-3.18281668256061
26.425,-64.99638927285325,0.052955046813094694,0.595995864621947,0.3177327727375883,-1.2213236462143262,4.404153574153003,-3.182816781855975
26.45,-64.99638959917587,0.05295504449767121,0.5959958605576746,0.31773277032554315,-1.2213234811468452,4.404153320689213,-3.1828168797527607
26.475,-64.99638992084591,0.05295504221158218,0.5959958565385349,0.3177327679018308,-1.2213233181521104,4.404153068285592,-3.182816976253774
26.5,-64.99639023787319,0.052955039954795884,0.5959958525639192,0.3177327654668301,-1.2213231572267818,4.404152816959545,-3.1828170713619555
26.525000000000002,-64.99639055026793,0.052955037727277506,0.5959958486332213,0.31773276302091735,-1.2213229983673184,4.404152566728176,-3.1828171650803796
26.55,-64.99639085804084,0.052955035528989135,0.5959958447458381,0.31773276056446653,-1.2213228415699733,4.404152317608301,-3.182817257412252
26.575,-64.99639116120301,0.052955033359889915,0.5959958409011693,0.31773275809784907,-1.2213226868308062,4.4041520696164405,-3.182817348360902
26.6,-64.99639145976599,0.05295503121993598,0.5959958370986176,0.3177327556214339,-1.2213225341456815,4.404151822768811,-3.182817437929796
26.625,-64.99639175374173,0.05295502910908044,0.5959958333375885,0.3177327531355874,-1.2213223835102622,4.404151577081342,-3.18281752612252
26.650000000000002,-64.9963920431426,0.052955027027273505,0.5959958296174908,0.3177327506406736,-1.2213222349200223,4.404151332569679,-3.1828176129427814
26.675,-64.9963923279814,0.05295502497446256,0.5959958259377358,0.31773274813705377,-1.2213220883702516,4.404151089249162,-3.1828176983944187
26.7,-64.9963926082713,0.052955022950592116,0.5959958222977384,0.31773274562508674,-1.22132194385605,4.404150847134846,-3.1828177824813877
26.725,-64.99639288402587,0.052955020955603845,0.5959958186969163,0.3177327431051288,-1.2213218013723328,4.404150606241506,-3.1828178652077597
26.75,-64.99639315525909,0.05295501898943666,0.5959958151346904,0.3177327405775335,-1.2213216609138344,4.40415036658362,-3.182817946577725
26.775000000000002,-64.99639342198532,0.05295501705202674,0.5959958116104845,0.3177327380426519,-1.2213215224751108,4.404150128175381,-3.1828180265955948
26.8,-64.9963936842193,0.052955015143307554,0.5959958081237261,0.3177327355008324,-1.2213213860505412,4.404149891030699,-3.1828181052657896
26.825,-64.99639394197614,0.05295501326320981,0.5959958046738455,0.3177327329524208,-1.2213212516343237,4.404149655163202,-3.182818182592841
26.85,-64.99639419527132,0.052955011411661757,0.5959958012602764,0.31773273039776023,-1.2213211192204978,4.404149420586232,-3.182818258581396
26.875,-64.9963944441207,0.05295500958858892,0.5959957978824556,0.3177327278371911,-1.2213209888029237,4.404149187312851,-3.1828183332362086
26.900000000000002,-64.99639468854046,0.05295500779391422,0.5959957945398234,0.3177327252710512,-1.2213208603752934,4.404148955355842,-3.1828184065621383
26.925,-64.99639492854719,0.05295500602755815,0.5959957912318234,0.31773272269967556,-1.2213207339311416,4.404148724727704,-3.182818478564157
26.95,-64.99639516415778,0.05295500428943871,0.5959957879579024,0.31773272012339665,-1.2213206094638394,4.404148495440668,-3.182818549247332
26.975,-64.99639539538947,0.0529550025794713,0.5959957847175107,0.3177327175425441,-1.22132048696659,4.404148267506681,-3.182818618616841
27.0,-64.99639562225985,0.052955000897569,0.5959957815101018,0.3177327149574449,-1.2213203664324455,4.404148040937421,-3.182818686677956
27.025000000000002,-64.99639584478685,0.05295499924364248,0.595995778335133,0.31773271236842315,-1.2213202478543035,4.404147815744288,-3.1828187534360537
27.05,-64.99639606298868,0.05295499761759998,0.5959957751920646,0.31773270977580037,-1.221320131224902,4.404147591938414,-3.1828188188966036
27.075,-64.99639627688393,0.05295499601934754,0.5959957720803607,0.31773270717989527,-1.221320016536839,4.404147369530658,-3.182818883065178
27.1,-64.99639648649146,0.05295499444878881,0.5959957689994888,0.3177327045810237,-1.221319903782556,4.404147148531607,-3.1828189459474387
27.125,-64.99639669183045,0.0529549929058253,0.5959957659489198,0.31773270197949893,-1.2213197929543587,4.404146928951594,-3.1828190075491363
27.150000000000002,-64.99639689292042,0.05295499139035615,0.5959957629281283,0.31773269937563126,-1.2213196840443976,4.404146710800667,-3.1828190678761246
27.175,-64.99639708978111,0.05295498990227835,0.5959957599365923,0.31773269676972826,-1.2213195770446863,4.404146494088627,-3.1828191269343336
27.2,-64.99639728243264,0.052954988441486835,0.5959957569737935,0.3177326941620947,-1.221319471947106,4.404146278824998,-3.1828191847297913
27.225,-64.99639747089536,0.05295498700787431,0.5959957540392171,0.3177326915530326,-1.2213193687433939,4.40414606501905,-3.1828192412686076
27.25,-64.99639765518992,0.052954985601331404,0.595995751132352,0.317732688942841,-1.2213192674251543,4.404145852679795,-3.182819296556977
27.275000000000002,-64.99639783533726,0.05295498422174674,0.5959957482526907,0.3177326863318164,-1.2213191679838629,4.404145641815986,-3.1828193506011786
27.3,-64.99639801135858,0.05295498286900692,0.5959957453997293,0.31773268372025215,-1.2213190704108656,4.40414543243611,-3.1828194034075734
27.325,-64.99639818327535,0.05295498154299656,0.5959957425729676,0.31773268110843894,-1.2213189746973832,4.404145224548405,-3.1828194549826034
27.35,-64.99639835110929,0.0529549802435983,0.5959957397719091,0.31773267849666464,-1.2213188808345066,4.404145018160862,-3.1828195053327875
27.375,-64.9963985148824,0.05295497897069288,0.5959957369960609,0.3177326758852142,-1.2213187888132084,4.40414481328121,-3.18281955446472
27.400000000000002,-64.99639867461691,0.052954977724159115,0.5959957342449339,0.3177326732743697,-1.2213186986243374,4.404144609916933,-3.1828196023850737
27.425,-64.99639883033531,0.05295497650387399,0.5959957315180427,0.31773267066441047,-1.2213186102586266,4.404144408075264,-3.1828196491005927
27.45,-64.99639898206033,0.0529549753097127,0.5959957288149058,0.31773266805561284,-1.221318523706694,4.404144207763188,-3.182819694618098
27.475,-64.99639912981492,0.05295497414154863,0.5959957261350453,0.31773266544825046,-1.2213184389590432,4.404144008987452,-3.1828197389444752
27.5,-64.99639927362229,0.05295497299925346,0.5959957234779868,0.31773266284259394,-1.2213183560060716,4.4041438117545475,-3.182819782086686
27.525000000000002,-64.99639941350586,0.05295497188269702,0.5959957208432602,0.3177326602389111,-1.2213182748380569,4.404143616070731,-3.1828198240517565
27.55,-64.99639954948925,0.052954970791747644,0.595995718230399,0.3177326576374669,-1.2213181954451828,4.404143421942019,-3.1828198648467763
27.575,-64.99639968159634,0.05295496972627185,0.5959957156389403,0.3177326550385234,-1.22131811781752,4.40414322937419,-3.182819904478903
27.6,-64.9963998098512,0.052954968686134564,0.5959957130684251,0.3177326524423397,-1.2213180419450367,4.404143038372779,-3.182819942955359
27.625,-64.99639993427809,0.052954967671199185,0.5959957105183985,0.31773264984917227,-1.2213179678176065,4.404142848943095,-3.1828199802834263
27.650000000000002,-64.99640005490149,0.052954966681327445,0.5959957079884091,0.3177326472592744,-1.221317895424998,4.404142661090206,-3.1828200164704454
27.675,-64.99640017174607,0.0529549657163797,0.5959957054780094,0.31773264467289675,-1.221317824756894,4.404142474818951,-3.182820051523822
27.7,-64.99640028483671,0.052954964776214676,0.5959957029867559,0.3177326420902869,-1.221317755802875,4.404142290133939,-3.182820085451013
27.725,-64.99640039419845,0.05295496386068968,0.5959957005142088,0.31773263951168973,-1.2213176885524322,4.404142107039557,-3.1828201182595337
27.75,-64.99640049985652,0.05295496296966061,0.5959956980599324,0.3177326369373471,-1.2213176229949703,4.404141925539951,-3.1828201499569557
27.775000000000002,-64.99640060183634,0.05295496210298193,0.5959956956234944,0.3177326343674981,-1.2213175591198036,4.404141745639056,-3.182820180550902
27.8,-64.99640070016349,0.05295496126050675,0.595995693204467,0.3177326318023788,-1.2213174969161633,4.404141567340576,-3.182820210049047
27.825,-64.99640079486372,0.05295496044208686,0.5959956908024259,0.3177326292422226,-1.221317436373199,4.404141390648003,-3.182820238459115
27.85,-64.99640088596294,0.052954959647572665,0.5959956884169507,0.3177326266872598,-1.221317377479974,4.404141215564596,-3.1828202657888824
27.875,-64.99640097348723,0.052954958876813375,0.5959956860476251,0.317732624137718,-1.221317320225478,4.404141042093411,-3.1828202920461677
27.900000000000002,-64.9964010574628,0.05295495812965695,0.5959956836940364,0.3177326215938219,-1.2213172645986246,4.404140870237277,-3.1828203172388414
27.925,-64.99640113791604,0.05295495740595006,0.5959956813557761,0.31773261905579314,-1.2213172105882475,4.4041406999988215,-3.182820341374811
27.95,-64.99640121487346,0.05295495670553827,0.5959956790324394,0.31773261652385076,-1.2213171581831133,4.404140531380445,-3.1828203644620374
27.975,-64.99640128836171,0.05295495602826596,0.5959956767236256,0.31773261399821084,-1.221317107371917,4.404140364384356,-3.1828203865085127
28.0,-64.99640135840761,0.052954955373976355,0.5959956744289377,0.31773261147908655,-1.2213170581432815,4.404140199012533,-3.1828204075222826
28.025000000000002,-64.99640142503806,0.052954954742511516,0.5959956721479829,0.31773260896668826,-1.2213170104857605,4.404140035266769,-3.1828204275114174
28.05,-64.99640148828013,0.05295495413371263,0.5959956698803719,0.3177326064612235,-1.221316964387855,4.4041398731486385,-3.182820446484038
28.075,-64.99640154816097,0.05295495354741968,0.5959956676257198,0.3177326039628968,-1.221316919837993,4.40413971265952,-3.1828204644482923
28.1,-64.9964016047079,0.05295495298347175,0.5959956653836452,0.3177326014719101,-1.2213168768245488,4.404139553800591,-3.1828204814123695
28.125,-64.99640165794831,0.05295495244170683,0.5959956631537711,0.3177325989884624,-1.2213168353358324,4.404139396572824,-3.182820497384493
28.150000000000002,-64.99640170790971,0.052954951921962076,0.5959956609357238,0.3177325965127497,-1.221316795360101,4.4041392409770035,-3.1828205123729134
28.175,-64.99640175461973,0.05295495142407365,0.5959956587291341,0.31773259404496546,-1.2213167568855572,4.404139087013715,-3.1828205263859175
28.2,-64.99640179810608,0.05295495094787682,0.5959956565336363,0.31773259158530004,-1.2213167199003467,4.404138934683343,-3.182820539431823
28.225,-64.99640183839658,0.05295495049320596,0.5959956543488689,0.3177325891339412,-1.2213166843925656,4.404138783986092,-3.1828205515189736
28.25,-64.99640187551913,0.052954950059894736,0.5959956521744743,0.3177325866910738,-1.2213166503502675,4.404138634921977,-3.1828205626557375
28.275000000000002,-64.99640190950173,0.052954949647775806,0.5959956500100985,0.3177325842568799,-1.2213166177614467,4.4041384874908145,-3.182820572850518
28.3,-64.99640194037245,0.052954949256681226,0.5959956478553917,0.3177325818315388,-1.2213165866140643,4.40413834169225,-3.182820582111735
28.325,-64.99640196815945,0.052954948886442185,0.5959956457100081,0.317732579415227,-1.2213165568960302,4.404138197525738,-3.1828205904478337
28.35,-64.99640199289097,0.05295494853688923,0.5959956435736055,0.31773257700811813,-1.221316528595219,4.404138054990543,-3.18282059786729
28.375,-64.9964020145953,0.05295494820785212,0.5959956414458457,0.3177325746103832,-1.2213165016994592,4.404137914085762,-3.182820604378591
28.400000000000002,-64.99640203330082,0.05295494789915993,0.5959956393263947,0.31773257222219026,-1.221316476196541,4.404137774810308,-3.182820609990247
28.425,-64.99640204903596,0.052954947610641234,0.5959956372149219,0.3177325698437048,-1.221316452074228,4.40413763716292,-3.182820614710789
28.45,-64.99640206182923,0.052954947342123825,0.5959956351111009,0.3177325674750895,-1.2213164293202388,4.404137501142161,-3.1828206185487686
28.475,-64.99640207170916,0.05295494709343497,0.5959956330146091,0.3177325651165042,-1.2213164079222647,4.404137366746425,-3.1828206215127466
28.5,-64.99640207870435,0.0529549468644014,0.5959956309251279,0.3177325627681062,-1.2213163878679674,4.40413723397393,-3.182820623611305
28.525000000000002,-64.99640208284345,0.05295494665484919,0.5959956288423423,0.3177325604300498,-1.2213163691449718,4.404137102822736,-3.1828206248530333
28.55,-64.99640208415515,0.052954946464604,0.5959956267659413,0.3177325581024869,-1.2213163517408825,4.404136973290722,-3.1828206252465447
28.575,-64.9964020826682,0.052954946293490984,0.5959956246956178,0.3177325557855665,-1.2213163356432788,4.404136845375611,-3.182820624800459
28.6,-64.99640207841135,0.05295494614133485,0.5959956226310686,0.3177325534794349,-1.2213163208397153,4.404136719074964,-3.182820623523405
28.625,-64.9964020714134,0.05295494600795979,0.5959956205719943,0.3177325511842358,-1.2213163073177207,4.404136594386182,-3.18282062142402
28.650000000000002,-64.99640206170318,0.05295494589318964,0.5959956185180991,0.31773254890011027,-1.2213162950648055,4.404136471306505,-3.1828206185109535
28.675,-64.99640204930955,0.052954945796847834,0.5959956164690914,0.3177325466271965,-1.2213162840684633,4.40413634983301,-3.1828206147928655
28.7,-64.9964020342614,0.05295494571875741,0.5959956144246831,0.31773254436563025,-1.2213162743161656,4.404136229962625,-3.182820610278418
28.725,-64.9964020165876,0.05295494565874114,0.59599561238459,0.3177325421155445,-1.2213162657953744,4.404136111692126,-3.1828206049762784
28.75,-64.99640199631706,0.0529549456166214,0.5959956103485319,0.31773253987706973,-1.2213162584935329,4.404135995018139,-3.1828205988951184
28.775000000000002,-64.99640197347871,0.05295494559222027,0.5959956083162321,0.31773253765033366,-1.2213162523980703,4.4041358799371375,-3.1828205920436132
28.8,-64.99640194810148,0.05295494558535959,0.5959956062874178,0.3177325354354614,-1.221316247496409,4.404135766445442,-3.1828205844304436
28.825,-64.99640192021428,0.05295494559586103,0.59599560426182,0.31773253323257566,-1.2213162437759655,4.404135654539244,-3.1828205760642843
28.85,-64.99640188984607,0.05295494562354587,0.5959956022391734,0.31773253104179633,-1.2213162412241385,4.40413554421457,-3.1828205669538208
28.875,-64.99640185702576,0.05295494566823538,0.5959956002192164,0.3177325288632408,-1.2213162398283322,4.404135435467322,-3.1828205571077275
28.900000000000002,-64.99640182178227,0.05295494572975048,0.5959955982016912,0.317732526697024,-1.2213162395759352,4.404135328293255,-3.182820546534681
28.925,-64.99640178414452,0.052954945807912046,0.5959955961863438,0.3177325245432582,-1.2213162404543403,4.4041352226879855,-3.182820535243357
28.95,-64.99640174414142,0.05295494590254075,0.5959955941729237,0.31773252240205313,-1.2213162424509343,4.404135118646997,-3.1828205232424267
28.975,-64.99640170180184,0.052954946013457176,0.5959955921611844,0.31773252027351606,-1.2213162455531037,4.404135016165637,-3.182820510540553
29.0,-64.99640165715465,0.05295494614048182,0.5959955901508827,0.31773251815775166,-1.221316249748238,4.40413491523912,-3.1828204971463947
29.025000000000002,-64.99640161022869,0.052954946283435216,0.5959955881417793,0.31773251605486225,-1.221316255023735,4.404134815862535,-3.182820483068606
29.05,-64.99640156105276,0.05295494644213769,0.5959955861336387,0.3177325139649475,-1.2213162613669868,4.404134718030841,-3.1828204683158288
29.075,-64.99640150965568,0.052954946616409655,0.5959955841262287,0.3177325118881047,-1.2213162687653978,4.4041346217388595,-3.182820452896705
29.1,-64.99640145606618,0.05295494680607141,0.5959955821193209,0.31773250982442863,-1.221316277206372,4.404134526981307,-3.182820436819854
29.125,-64.996401400313,0.05295494701094344,0.5959955801126906,0.31773250777401163,-1.2213162866773335,4.404134433752752,-3.182820420093901
29.150000000000002,-64.99640134242482,0.05295494723084618,0.5959955781061166,0.31773250573694367,-1.221316297165709,4.404134342047669,-3.182820402727445
29.175,-64.99640128243027,0.052954947465600054,0.5959955760993813,0.3177325037133123,-1.2213163086589325,4.404134251860397,-3.1828203847290806
29.200000000000003,-64.99640122035797,0.05295494771502572,0.5959955740922707,0.31773250170320255,-1.2213163211444606,4.4041341631851605,-3.1828203661073897
29.225,-64.99640115623644,0.052954947978943755,0.5959955720845742,0.3177324997066972,-1.22131633460975,4.4041340760160725,-3.1828203468709333
29.25,-64.99640109009422,0.05295494825717506,0.5959955700760851,0.3177324977238766,-1.2213163490422887,4.404133990347126,-3.182820327028267
29.275000000000002,-64.99640102195976,0.05295494854954052,0.5959955680665998,0.3177324957548186,-1.2213163644295686,4.404133906172204,-3.1828203065879266
29.3,-64.99640095186142,0.05295494885586125,0.5959955660559185,0.31773249379959895,-1.221316380759105,4.404133823485086,-3.182820285558425
29.325000000000003,-64.99640087982756,0.05295494917595849,0.5959955640438449,0.31773249185829094,-1.2213163980184274,4.4041337422794395,-3.182820263948268
29.35,-64.99640080588647,0.052954949509653765,0.595995562030186,0.31773248993096553,-1.221316416195093,4.404133662548819,-3.1828202417659397
29.375,-64.99640073006634,0.052954949856768734,0.5959955600147523,0.3177324880176914,-1.221316435276673,4.404133584286684,-3.182820219019902
29.400000000000002,-64.99640065239534,0.05295495021712532,0.5959955579973578,0.31773248611853494,-1.2213164552507645,4.404133507486387,-3.182820195718601
29.425,-64.99640057290154,0.05295495059054576,0.5959955559778201,0.31773248423356026,-1.2213164761049924,4.4041334321411805,-3.1828201718704605
29.450000000000003,-64.99640049161295,0.05295495097685242,0.5959955539559598,0.31773248236282925,-1.2213164978269964,4.404133358244217,-3.1828201474838833
29.475,-64.9964004085575,0.05295495137586808,0.5959955519316013,0.3177324805064015,-1.2213165204044512,4.404133285788552,-3.1828201225672514
29.5,-64.99640032376307,0.052954951787415855,0.595995549904572,0.31773247866433446,-1.2213165438250606,4.404133214767148,-3.1828200971289204
29.525000000000002,-64.99640023725742,0.0529549522113191,0.5959955478747031,0.31773247683668326,-1.2213165680765516,4.404133145172872,-3.1828200711772254
29.55,-64.99640014906825,0.05295495264740151,0.5959955458418288,0.31773247502350094,-1.2213165931466794,4.4041330769985,-3.182820044720475
29.575000000000003,-64.99640005922318,0.05295495309548721,0.5959955438057867,0.3177324732248383,-1.2213166190232365,4.404133010236718,-3.182820017766953
29.6,-64.99639996774974,0.05295495355540065,0.5959955417664177,0.3177324714407439,-1.2213166456940434,4.404132944880116,-3.1828199903249215
29.625,-64.99639987467536,0.05295495402696665,0.595995539723566,0.31773246967126434,-1.2213166731469514,4.404132880921213,-3.182819962402608
29.650000000000002,-64.99639978002742,0.052954954510010574,0.5959955376770791,0.31773246791644394,-1.221316701369855,4.404132818352423,-3.182819934008225
29.675,-64.99639968383315,0.05295495500435805,0.5959955356268077,0.317732466176325,-1.2213167303506725,4.4041327571660975,-3.1828199051499437
29.700000000000003,-64.99639958611972,0.05295495550983521,0.5959955335726058,0.31773246445094766,-1.221316760077364,4.404132697354494,-3.1828198758359165
29.725,-64.99639948691421,0.05295495602626867,0.5959955315143306,0.31773246274035,-1.2213167905379287,4.404132638909789,-3.182819846074264
29.75,-64.99639938624358,0.05295495655348543,0.5959955294518423,0.317732461044568,-1.2213168217203954,4.4041325818240855,-3.1828198158730743
29.775000000000002,-64.99639928413468,0.05295495709131311,0.5959955273850045,0.3177324593636356,-1.2213168536128434,4.404132526089414,-3.1828197852404045
29.8,-64.99639918061429,0.0529549576395798,0.5959955253136838,0.3177324576975848,-1.2213168862033896,4.404132471697724,-3.182819754184287
29.825000000000003,-64.99639907570905,0.05295495819811405,0.5959955232377501,0.31773245604644546,-1.221316919480187,4.404132418640895,-3.182819722712715
29.85,-64.99639896944552,0.05295495876674499,0.5959955211570761,0.3177324544102455,-1.221316953431435,4.40413236691073,-3.1828196908336563
29.875,-64.99639886185012,0.05295495934530225,0.595995519071538,0.31773245278901086,-1.2213169880453723,4.404132316498973,-3.182819658555037
29.900000000000002,-64.9963987529492,0.05295495993361614,0.5959955169810148,0.31773245118276544,-1.2213170233102904,4.404132267397285,-3.182819625884761
29.925,-64.99639864276895,0.05295496053151735,0.5959955148853886,0.3177324495915313,-1.2213170592145113,4.404132219597278,-3.1828195928306853
29.950000000000003,-64.99639853133549,0.05295496113883738,0.5959955127845445,0.3177324480153285,-1.221317095746418,4.404132173090482,-3.1828195594006456
29.975,-64.99639841867477,0.05295496175540816,0.5959955106783706,0.31773244645417525,-1.2213171328944281,4.404132127868379,-3.1828195256024316
30.0,-64.99639830481267,0.05295496238106241,0.5959955085667582,0.31773244490808783,-1.2213171706470198,4.404132083922382,-3.1828194914438015
30.025000000000002,-64.99639818977492,0.05295496301563329,0.5959955064496012,0.31773244337708056,-1.2213172089927053,4.404132041243845,-3.1828194569324766
30.05,-64.99639807358713,0.052954963658954766,0.5959955043267967,0.317732441861166,-1.2213172479200587,4.404131999824068,-3.1828194220761388
30.075000000000003,-64.99639795627479,0.05295496431086138,0.5959955021982446,0.3177324403603548,-1.2213172874176959,4.404131959654285,-3.182819386882437
30.1,-64.99639783786327,0.05295496497118837,0.5959955000638478,0.31773243887465585,-1.2213173274742897,4.404131920725685,-3.182819351358981
30.125,-64.9963977183778,0.052954965639771596,0.5959954979235121,0.31773243740407614,-1.221317368078556,4.404131883029393,-3.182819315513342
30.150000000000002,-64.9963975978435,0.05295496631644772,0.5959954957771461,0.3177324359486209,-1.221317409219274,4.404131846556492,-3.182819279353049
30.175,-64.99639747628532,0.052954967001054024,0.595995493624661,0.3177324345082936,-1.2213174508852687,4.40413181129801,-3.182819242885597
30.200000000000003,-64.99639735372811,0.05295496769342859,0.5959954914659712,0.31773243308309596,-1.2213174930654251,4.404131777244933,-3.1828192061184337
30.225,-64.99639723019659,0.052954968393410164,0.5959954893009938,0.31773243167302795,-1.2213175357486783,4.404131744388184,-3.1828191690589773
30.25,-64.99639710571532,0.052954969100838196,0.5959954871296484,0.3177324302780878,-1.2213175789240167,4.404131712718657,-3.182819131714595
30.275000000000002,-64.99639698030872,0.05295496981555304,0.5959954849518577,0.31773242889827197,-1.221317622580495,4.404131682227195,-3.182819094092615
30.3,-64.99639685400109,0.05295497053739566,0.595995482767547,0.3177324275335754,-1.2213176667072143,4.404131652904598,-3.182819056200327
30.325000000000003,-64.9963967268166,0.052954971266207934,0.5959954805766441,0.31773242618399117,-1.2213177112933438,4.404131624741622,-3.1828190180449796
30.35,-64.99639659877924,0.052954972001832364,0.5959954783790797,0.3177324248495108,-1.2213177563280981,4.404131597728987,-3.1828189796337725
30.375,-64.99639646991288,0.05295497274411236,0.5959954761747873,0.3177324235301242,-1.2213178018007602,4.40413157185738,-3.182818940973864
30.400000000000002,-64.99639634024126,0.05295497349289216,0.5959954739637027,0.3177324222258196,-1.2213178477006739,4.404131547117437,-3.1828189020723783
30.425,-64.99639620978795,0.052954974248016734,0.5959954717457644,0.31773242093658366,-1.221317894017237,4.404131523499775,-3.1828188629363834
30.450000000000003,-64.99639607857635,0.05295497500933193,0.5959954695209136,0.3177324196624014,-1.2213179407399117,4.404131500994967,-3.1828188235729056
30.475,-64.99639594662978,0.05295497577668441,0.5959954672890941,0.31773241840325633,-1.2213179878582203,4.4041314795935556,-3.182818783988932
30.5,-64.99639581397135,0.05295497654992173,0.5959954650502521,0.3177324171591304,-1.2213180353617512,4.404131459286052,-3.1828187441914038
30.525000000000002,-64.99639568062405,0.05295497732889227,0.5959954628043364,0.31773241593000406,-1.2213180832401531,4.4041314400629386,-3.182818704187214
30.55,-64.9963955466107,0.052954978113445225,0.5959954605512982,0.31773241471585617,-1.2213181314831343,4.404131421914672,-3.1828186639832095
30.575000000000003,-64.99639541195398,0.052954978903430726,0.5959954582910912,0.31773241351666415,-1.2213181800804709,4.404131404831678,-3.182818623586195
30.6,-64.99639527667642,0.05295497969869979,0.5959954560236718,0.3177324123324039,-1.221318229022005,4.404131388804357,-3.182818583002927
30.625,-64.99639514080039,0.052954980499104236,0.5959954537489985,0.3177324111630499,-1.2213182782976366,4.404131373823086,-3.182818542240116
30.650000000000002,-64.99639500434807,0.0529549813044969,0.5959954514670325,0.31773241000857516,-1.2213183278973392,4.4041313598782255,-3.1828185013044217
30.675,-64.99639486734154,0.052954982114731444,0.5959954491777371,0.31773240886895127,-1.221318377811147,4.404131346960107,-3.1828184602024607
30.700000000000003,-64.99639472980267,0.05295498292966251,0.595995446881078,0.3177324077441484,-1.2213184280291653,4.404131335059043,-3.1828184189408018
30.725,-64.99639459175322,0.0529549837491456,0.5959954445770235,0.3177324066341353,-1.2213184785415614,4.404131324165329,-3.1828183775259644
30.75,-64.99639445321473,0.05295498457303722,0.5959954422655439,0.3177324055388795,-1.221318529338576,4.404131314269247,-3.18281833596442
30.775000000000002,-64.99639431420864,0.05295498540119469,0.5959954399466121,0.317732404458347,-1.2213185804105091,4.404131305361058,-3.1828182942625927
30.8,-64.99639417475619,0.052954986233476414,0.5959954376202029,0.31773240339250247,-1.2213186317477365,4.404131297431006,-3.182818252426857
30.825000000000003,-64.99639403487846,0.05295498706974162,0.5959954352862936,0.3177324023413094,-1.2213186833406966,4.40413129046933,-3.1828182104635387
30.85,-64.9963938945964,0.05295498790985063,0.5959954329448637,0.3177324013047298,-1.2213187351799049,4.404131284466244,-3.182818168378918
30.875,-64.99639375393073,0.05295498875366464,0.5959954305958949,0.31773240028272454,-1.2213187872559412,4.404131279411965,-3.1828181261792197
30.900000000000002,-64.99639361290207,0.0529549896010458,0.5959954282393709,0.31773239927525315,-1.2213188395594523,4.404131275296695,-3.1828180838706204
30.925,-64.99639347153084,0.052954990451857316,0.5959954258752778,0.3177323982822739,-1.2213188920811626,4.404131272110622,-3.182818041459251
30.950000000000003,-64.9963933298373,0.05295499130596334,0.5959954235036036,0.31773239730374386,-1.2213189448118622,4.404131269843931,-3.1828179989511907
30.975,-64.99639318784155,0.052954992163229006,0.5959954211243386,0.31773239633961886,-1.2213189977424146,4.404131268486806,-3.1828179563524643
31.0,-64.99639304556351,0.05295499302352046,0.595995418737475,0.3177323953898536,-1.2213190508637537,4.404131268029417,-3.182817913669052
31.025000000000002,-64.99639290302294,0.05295499388670482,0.5959954163430072,0.31773239445440143,-1.2213191041668827,4.404131268461936,-3.182817870906881
31.05,-64.99639276023942,0.052954994752650246,0.5959954139409316,0.31773239353321475,-1.2213191576428817,4.404131269774534,-3.182817828071825
31.075000000000003,-64.99639261723237,0.05295499562122586,0.5959954115312466,0.31773239262624464,-1.2213192112828972,4.4041312719573735,-3.182817785169712
31.1,-64.99639247402105,0.052954996492301856,0.5959954091139524,0.3177323917334411,-1.2213192650781535,4.404131275000622,-3.1828177422063146
31.125,-64.99639233062452,0.052954997365749476,0.5959954066890516,0.3177323908547531,-1.2213193190199494,4.404131278894451,-3.1828176991873547
31.150000000000002,-64.99639218706169,0.05295499824144089,0.5959954042565484,0.3177323899901283,-1.2213193730996494,4.404131283629025,-3.1828176561185058
31.175,-64.99639204335128,0.05295499911924934,0.5959954018164489,0.31773238913951357,-1.2213194273086954,4.404131289194525,-3.1828176130053834
31.200000000000003,-64.99639189951186,0.05295499999904911,0.5959953993687613,0.31773238830285455,-1.221319481638602,4.404131295581124,-3.1828175698535586
31.225,-64.99639175556183,0.05295500088071552,0.5959953969134956,0.3177323874800958,-1.221319536080959,4.4041313027790014,-3.1828175266685492
31.25,-64.99639161151939,0.05295500176412506,0.5959953944506634,0.317732386671181,-1.2213195906274381,4.404131310778356,-3.1828174834558154
31.275000000000002,-64.99639146740257,0.052955002649155064,0.5959953919802785,0.3177323858760526,-1.2213196452697712,4.4041313195693785,-3.1828174402207723
31.3,-64.99639132322926,0.05295500353568397,0.5959953895023563,0.3177323850946523,-1.2213196999997697,4.404131329142275,-3.1828173969687783
31.325000000000003,-64.99639117901714,0.05295500442359138,0.595995387016914,0.31773238432692064,-1.2213197548093258,4.404131339487264,-3.182817353705141
31.35,-64.99639103478371,0.05295500531275784,0.5959953845239705,0.31773238357279726,-1.221319809690399,4.404131350594572,-3.1828173104351136
31.375,-64.99639089054634,0.05295500620306502,0.5959953820235466,0.3177323828322209,-1.2213198646350298,4.404131362454435,-3.182817267163901
31.400000000000002,-64.99639074632218,0.05295500709439559,0.5959953795156647,0.3177323821051293,-1.221319919635327,4.404131375057106,-3.182817223896653
31.425,-64.99639060212823,0.052955007986633364,0.5959953770003489,0.31773238139145926,-1.2213199746834829,4.404131388392846,-3.1828171806384686
31.450000000000003,-64.9963904579813,0.05295500887966322,0.5959953744776249,0.31773238069114684,-1.221320029771763,4.404131402451938,-3.1828171373943914
31.475,-64.99639031389805,0.052955009773371024,0.59599537194752,0.31773238000412707,-1.2213200848925023,4.404131417224675,-3.182817094169414
31.5,-64.99639016989491,0.05295501066764385,0.5959953694100633,0.3177323793303342,-1.2213201400381228,4.404131432701376,-3.1828170509684726
31.525000000000002,-64.99639002598819,0.0529550115623697,0.5959953668652854,0.3177323786697016,-1.221320195201111,4.404131448872362,-3.1828170077964573
31.55,-64.996389882194,0.05295501245743785,0.5959953643132185,0.3177323780221618,-1.2213202503740423,4.404131465727989,-3.182816964658198
31.575000000000003,-64.99638973852826,0.052955013352738424,0.5959953617538964,0.31773237738764654,-1.2213203055495538,4.404131483258619,-3.182816921558479
31.6,-64.99638959500675,0.05295501424816278,0.5959953591873542,0.31773237676608673,-1.2213203607203669,4.404131501454649,-3.182816878502024
31.625,-64.99638945164504,0.05295501514360336,0.5959953566136288,0.31773237615741257,-1.2213204158792819,4.404131520306479,-3.182816835493513
31.650000000000002,-64.99638930845855,0.05295501603895365,0.5959953540327583,0.3177323755615534,-1.22132047101917,4.404131539804548,-3.182816792537564
31.675,-64.99638916546249,0.0529550169341083,0.5959953514447824,0.3177323749784379,-1.2213205261329851,4.40413155993931,-3.1828167496387465
31.700000000000003,-64.99638902267192,0.05295501782896293,0.5959953488497424,0.31773237440799396,-1.2213205812137498,4.404131580701246,-3.182816706801576
31.725,-64.99638888010172,0.052955018723414266,0.5959953462476806,0.31773237385014874,-1.221320636254563,4.4041316020808585,-3.1828166640305153
31.75,-64.99638873776658,0.052955019617360245,0.595995343638641,0.31773237330482873,-1.2213206912486099,4.404131624068681,-3.1828166213299736
31.775000000000002,-64.99638859568103,0.052955020510699814,0.595995341022669,0.3177323727719597,-1.2213207461891449,4.404131646655269,-3.1828165787043075
31.8,-64.99638845385941,0.052955021403333045,0.5959953383998112,0.3177323722514668,-1.221320801069503,4.404131669831203,-3.182816536157823
31.825000000000003,-64.99638831231591,0.05295502229516108,0.5959953357701155,0.31773237174327446,-1.2213208558830917,4.404131693587098,-3.1828164936947743
31.85,-64.99638817106451,0.05295502318608611,0.5959953331336314,0.3177323712473065,-1.2213209106233942,4.4041317179136,-3.182816451319353
31.875,-64.99638803011904,0.052955024076011555,0.5959953304904092,0.3177323707634862,-1.2213209652839785,4.404131742801373,-3.1828164090357105
31.900000000000002,-64.99638788949312,0.05295502496484179,0.5959953278405008,0.3177323702917361,-1.221321019858479,4.404131768241128,-3.1828163668479363
31.925,-64.99638774920024,0.052955025852482386,0.5959953251839594,0.3177323698319782,-1.2213210743406135,4.404131794223594,-3.182816324760071
31.950000000000003,-64.99638760925367,0.05295502673883994,0.5959953225208391,0.3177323693841339,-1.2213211287241728,4.404131820739539,-3.182816282776102
31.975,-64.99638746966654,0.05295502762382222,0.5959953198511954,0.317732368948124,-1.221321183003027,4.404131847779761,-3.182816240899963
32.0,-64.9963873304518,0.052955028507338,0.5959953171750849,0.3177323685238689,-1.2213212371711188,4.404131875335092,-3.1828161991355386
32.025000000000006,-64.99638719162219,0.05295502938929723,0.5959953144925655,0.31773236811128824,-1.2213212912224711,4.4041319033964,-3.182816157486657
32.05,-64.99638705319032,0.05295503026961088,0.5959953118036961,0.31773236771030133,-1.221321345151179,4.4041319319545895,-3.1828161159570953
32.075,-64.99638691516861,0.05295503114819116,0.5959953091085367,0.3177323673208269,-1.2213213989514224,4.40413196100059,-3.182816074550584
32.1,-64.9963867775693,0.052955032024951165,0.5959953064071485,0.3177323669427832,-1.221321452617444,4.404131990525388,-3.1828160332707895
32.125,-64.99638664040447,0.05295503289980522,0.5959953036995935,0.3177323665760879,-1.2213215061435714,4.404132020519983,-3.18281599212134
32.150000000000006,-64.996386503686,0.052955033772668685,0.5959953009859351,0.31773236622065837,-1.2213215595242044,4.40413205097543,-3.1828159511057987
32.175,-64.99638636742561,0.052955034643458104,0.5959952982662375,0.31773236587641146,-1.221321612753825,4.40413208188282,-3.182815910227684
32.2,-64.99638623163489,0.05295503551209098,0.5959952955405661,0.3177323655432636,-1.2213216658269812,4.404132113233277,-3.1828158694904656
32.225,-64.99638609632518,0.05295503637848598,0.5959952928089869,0.3177323652211308,-1.221321718738303,4.404132145017967,-3.1828158288975543
32.25,-64.9963859615077,0.052955037242562814,0.5959952900715673,0.31773236490992857,-1.2213217714824904,4.404132177228104,-3.1828157884523094
32.275000000000006,-64.99638582719349,0.052955038104242375,0.5959952873283753,0.3177323646095721,-1.2213218240543284,4.404132209854925,-3.1828157481580477
32.3,-64.99638569339342,0.05295503896344652,0.59599528457948,0.31773236431997626,-1.2213218764486662,4.404132242889728,-3.182815708018026
32.325,-64.99638556011818,0.052955039820098214,0.5959952818249517,0.3177323640410555,-1.2213219286604318,4.404132276323843,-3.182815668035455
32.35,-64.9963854273783,0.052955040674121566,0.5959952790648608,0.31773236377272385,-1.2213219806846298,4.404132310148646,-3.18281562821349
32.375,-64.99638529518413,0.052955041525441726,0.5959952762992794,0.31773236351489514,-1.2213220325163394,4.404132344355558,-3.1828155885552376
32.400000000000006,-64.99638516354587,0.05295504237398483,0.5959952735282799,0.3177323632674828,-1.2213220841507066,4.404132378936034,-3.18281554906376
32.425,-64.99638503247353,0.05295504321967827,0.5959952707519356,0.31773236303039987,-1.2213221355829642,4.4041324138815865,-3.1828155097420576
32.45,-64.99638490197695,0.05295504406245033,0.5959952679703209,0.3177323628035592,-1.221322186808407,4.4041324491837655,-3.1828154705930856
32.475,-64.99638477206584,0.0529550449022305,0.5959952651835106,0.3177323625868734,-1.221322237822413,4.404132484834169,-3.1828154316197512
32.5,-64.9963846427497,0.05295504573894924,0.5959952623915806,0.31773236238025465,-1.221322288620427,4.40413252082444,-3.1828153928249105
32.525000000000006,-64.99638451403789,0.05295504657253808,0.5959952595946074,0.317732362183615,-1.221322339197967,4.404132557146273,-3.1828153542113653
32.55,-64.99638438593958,0.05295504740292973,0.5959952567926681,0.31773236199686616,-1.2213223895506338,4.404132593791399,-3.1828153157818733
32.575,-64.9963842584638,0.052955048230057825,0.5959952539858406,0.3177323618199197,-1.2213224396740907,4.404132630751606,-3.1828152775391416
32.6,-64.99638413161942,0.052955049053857055,0.5959952511742037,0.31773236165268687,-1.221322489564074,4.404132668018723,-3.1828152394858265
32.625,-64.99638400541512,0.05295504987426324,0.5959952483578365,0.3177323614950788,-1.2213225392163978,4.404132705584632,-3.182815201624537
32.650000000000006,-64.99638387985942,0.05295505069121318,0.5959952455368189,0.31773236134700633,-1.2213225886269434,4.40413274344127,-3.1828151639578266
32.675,-64.9963837549607,0.052955051504644815,0.5959952427112316,0.3177323612083802,-1.2213226377916713,4.404132781580608,-3.1828151264882107
32.7,-64.99638363072717,0.052955052314497,0.5959952398811558,0.317732361079111,-1.2213226867066043,4.404132819994681,-3.1828150892181495
32.725,-64.99638350716685,0.05295505312070972,0.5959952370466731,0.31773236095910906,-1.2213227353678426,4.404132858675564,-3.182815052150056
32.75,-64.99638338428765,0.052955053923224006,0.595995234207866,0.3177323608482846,-1.221322783771559,4.4041328976153915,-3.182815015286296
32.775000000000006,-64.99638326209728,0.052955054721981774,0.5959952313648175,0.31773236074654776,-1.221322831913986,4.404132936806344,-3.1828149786291844
32.8,-64.99638314060331,0.05295505551692615,0.5959952285176108,0.31773236065380844,-1.2213228797914402,4.404132976240651,-3.1828149421809937
32.825,-64.99638301981314,0.05295505630800121,0.5959952256663299,0.31773236056997656,-1.2213229274003028,4.404133015910603,-3.1828149059439412
32.85,-64.99638289973402,0.05295505709515203,0.5959952228110594,0.3177323604949618,-1.221322974737024,4.404133055808532,-3.1828148699202043
32.875,-64.99638278037304,0.0529550578783247,0.5959952199518843,0.31773236042867387,-1.2213230217981226,4.404133095926828,-3.1828148341119116
32.900000000000006,-64.99638266173714,0.05295505865746637,0.5959952170888899,0.31773236037102237,-1.2213230685801912,4.4041331362579355,-3.182814798521143
32.925,-64.9963825438331,0.052955059432525195,0.5959952142221622,0.3177323603219168,-1.2213231150798902,4.404133176794348,-3.1828147631499317
32.95,-64.99638242666755,0.05295506020345026,0.5959952113517873,0.3177323602812666,-1.221323161293944,4.404133217528615,-3.1828147280002654
32.975,-64.99638231024696,0.05295506097019175,0.5959952084778523,0.3177323602489812,-1.2213232072191527,4.4041332584533395,-3.182814693074087
33.0,-64.99638219457763,0.05295506173270081,0.595995205600444,0.31773236022497003,-1.2213232528523807,4.404133299561182,-3.18281465837329
33.025000000000006,-64.99638207966576,0.052955062490929516,0.59599520271965,0.3177323602091424,-1.2213232981905586,4.404133340844848,-3.1828146238997292
33.05,-64.99638196551734,0.05295506324483099,0.5959951998355584,0.3177323602014077,-1.221323343230686,4.404133382297112,-3.182814589655203
33.075,-64.99638185213826,0.05295506399435935,0.5959951969482572,0.3177323602016752,-1.2213233879698306,4.404133423910787,-3.182814555641477
33.1,-64.9963817395342,0.05295506473946968,0.5959951940578351,0.31773236020985435,-1.2213234324051288,4.404133465678759,-3.18281452186026
33.125,-64.99638162771075,0.05295506548011799,0.5959951911643809,0.3177323602258545,-1.221323476533776,4.404133507593961,-3.1828144883132237
33.150000000000006,-64.99638151667332,0.05295506621626132,0.595995188267984,0.317732360249585,-1.2213235203530421,4.404133549649374,-3.182814455001997
33.175,-64.99638140642719,0.052955066947857614,0.5959951853687337,0.31773236028095536,-1.221323563860255,4.40413359183805,-3.182814421928157
33.2,-64.99638129697749,0.052955067674865845,0.5959951824667199,0.317732360319875,-1.2213236070528155,4.404133634153084,-3.1828143890932465
33.225,-64.99638118832918,0.052955068397245904,0.5959951795620325,0.3177323603662536,-1.2213236499281852,4.404133676587642,-3.182814356498754
33.25,-64.99638108048711,0.05295506911495863,0.5959951766547619,0.31773236042000064,-1.2213236924838913,4.404133719134933,-3.182814324146133
33.275000000000006,-64.99638097345597,0.05295506982796578,0.5959951737449983,0.3177323604810259,-1.2213237347175223,4.40413376178823,-3.182814292036791
33.3,-64.9963808672403,0.052955070536230095,0.5959951708328327,0.31773236054923915,-1.2213237766267349,4.404133804540866,-3.182814260172091
33.325,-64.99638076184452,0.052955071239715254,0.5959951679183558,0.3177323606245503,-1.2213238182092485,4.404133847386226,-3.182814228553356
33.35,-64.99638065727288,0.05295507193838585,0.5959951650016587,0.31773236070686933,-1.2213238594628455,4.404133890317756,-3.1828141971818638
33.375,-64.99638055352952,0.05295507263220734,0.5959951620828327,0.31773236079610634,-1.2213239003853673,4.404133933328955,-3.1828141660588556
33.400000000000006,-64.99638045061842,0.05295507332114622,0.5959951591619689,0.3177323608921716,-1.2213239409747239,4.404133976413387,-3.182814135185525
33.425,-64.99638034854344,0.05295507400516982,0.595995156239159,0.3177323609949755,-1.2213239812288845,4.404134019564665,-3.1828141045630316
33.45,-64.99638024730828,0.052955074684246324,0.5959951533144947,0.3177323611044285,-1.221324021145874,4.40413406277647,-3.182814074192484
33.475,-64.99638014691652,0.05295507535834497,0.5959951503880676,0.31773236122044135,-1.2213240607237905,4.404134106042541,-3.182814044074956
33.5,-64.9963800473716,0.05295507602743573,0.5959951474599695,0.3177323613429249,-1.2213240999607806,4.404134149356668,-3.1828140142114805
33.525000000000006,-64.99637994867682,0.05295507669148959,0.5959951445302923,0.31773236147179007,-1.2213241388550602,4.404134192712711,-3.182813984603045
33.55,-64.99637985083535,0.052955077350478434,0.5959951415991281,0.3177323616069481,-1.2213241774049062,4.404134236104573,-3.1828139552506056
33.575,-64.99637975385025,0.052955078004374885,0.5959951386665688,0.3177323617483104,-1.2213242156086457,4.404134279526228,-3.1828139261550743
33.6,-64.99637965772442,0.05295507865315262,0.5959951357327065,0.31773236189578846,-1.2213242534646762,4.404134322971704,-3.1828138973173252
33.625,-64.99637956246063,0.05295507929678597,0.595995132797633,0.31773236204929417,-1.2213242909714404,4.404134366435095,-3.1828138687381893
33.650000000000006,-64.99637946806155,0.052955079935250324,0.5959951298614408,0.31773236220873946,-1.221324328127451,4.404134409910544,-3.182813840418464
33.675,-64.99637937452968,0.05295508056852187,0.5959951269242216,0.31773236237403657,-1.2213243649312775,4.4041344533922615,-3.182813812358904
33.7,-64.99637928186743,0.05295508119657756,0.5959951239860677,0.3177323625450979,-1.221324401381539,4.40413449687451,-3.18281378456023
33.725,-64.99637919007706,0.05295508181939526,0.595995121047071,0.31773236272183614,-1.2213244374769154,4.40413454035162,-3.182813757023119
33.75,-64.9963790991607,0.052955082436953724,0.5959951181073234,0.31773236290416423,-1.2213244732161488,4.404134583817984,-3.1828137297482115
33.775000000000006,-64.99637900912039,0.052955083049232486,0.5959951151669169,0.3177323630919954,-1.221324508598033,4.404134627268041,-3.1828137027361163
33.8,-64.996378919958,0.05295508365621191,0.5959951122259435,0.31773236328524296,-1.2213245436214177,4.404134670696297,-3.182813675987401
33.825,-64.99637883167533,0.05295508425787316,0.5959951092844947,0.3177323634838207,-1.2213245782852056,4.404134714097316,-3.1828136495025987
33.85,-64.99637874427401,0.052955084854198274,0.5959951063426623,0.3177323636876426,-1.2213246125883603,4.404134757465727,-3.182813623282203
33.875,-64.99637865775559,0.05295508544517003,0.5959951034005379,0.31773236389662296,-1.2213246465298941,4.404134800796208,-3.182813597326675
33.900000000000006,-64.99637857212144,0.05295508603077199,0.5959951004582128,0.31773236411067624,-1.2213246801088709,4.404134844083514,-3.1828135716364327
33.925,-64.9963784873729,0.05295508661098867,0.5959950975157785,0.3177323643297173,-1.2213247133244214,4.404134887322441,-3.182813546211868
33.95,-64.99637840351112,0.05295508718580525,0.5959950945733261,0.31773236455366133,-1.2213247461757193,4.404134930507855,-3.1828135210533346
33.975,-64.99637832053716,0.05295508775520767,0.5959950916309467,0.3177323647824238,-1.2213247786619892,4.404134973634681,-3.182813496161148
34.0,-64.99637823845198,0.05295508831918268,0.595995088688731,0.3177323650159204,-1.22132481078251,4.404135016697899,-3.1828134715355945
34.025000000000006,-64.9963781572564,0.052955088877717896,0.5959950857467697,0.3177323652540673,-1.2213248425366212,4.404135059692556,-3.1828134471769203
34.05,-64.99637807695115,0.05295508943080153,0.5959950828051536,0.31773236549678086,-1.221324873923699,4.40413510261375,-3.1828134230853435
34.075,-64.99637799753683,0.05295508997842269,0.5959950798639727,0.3177323657439779,-1.2213249049431814,4.404135145456644,-3.1828133992610472
34.1,-64.99637791901392,0.052955090520571194,0.5959950769233172,0.3177323659955755,-1.221324935594554,4.404135188216465,-3.182813375704177
34.125,-64.99637784138282,0.05295509105723757,0.595995073983277,0.31773236625149115,-1.2213249658773495,4.4041352308884925,-3.182813352414847
34.150000000000006,-64.99637776464381,0.052955091588413106,0.5959950710439417,0.3177323665116426,-1.2213249957911518,4.404135273468067,-3.182813329393143
34.175,-64.99637768879705,0.05295509211408984,0.5959950681054006,0.31773236677594807,-1.2213250253355947,4.404135315950591,-3.1828133066391158
34.2,-64.99637761384261,0.052955092634260514,0.595995065167743,0.317732367044326,-1.2213250545103598,4.40413535833152,-3.182813284152783
34.225,-64.99637753978044,0.05295509314891869,0.5959950622310578,0.31773236731669535,-1.2213250833151834,4.404135400606377,-3.1828132619341316
34.25,-64.9963774666104,0.052955093658058436,0.5959950592954336,0.3177323675929754,-1.2213251117498347,4.404135442770739,-3.182813239983119
34.275000000000006,-64.99637739433223,0.052955094161674696,0.5959950563609587,0.31773236787308584,-1.2213251398141427,4.404135484820246,-3.182813218299668
34.3,-64.99637732294558,0.05295509465976307,0.5959950534277213,0.31773236815694667,-1.2213251675079795,4.404135526750595,-3.182813196883673
34.325,-64.99637725245,0.052955095152319914,0.595995050495809,0.31773236844447833,-1.2213251948312676,4.404135568557535,-3.1828131757350007
34.35,-64.99637718284494,0.052955095639342094,0.5959950475653093,0.31773236873560173,-1.2213252217839636,4.404135610236889,-3.182813154853481
34.375,-64.99637711412974,0.05295509612082736,0.5959950446363094,0.31773236903023805,-1.2213252483660841,4.4041356517845225,-3.1828131342389225
34.400000000000006,-64.99637704630365,0.05295509659677405,0.595995041708896,0.31773236932830895,-1.2213252745776828,4.404135693196373,-3.1828131138910947
34.425,-64.99637697936582,0.05295509706718106,0.5959950387831555,0.3177323696297365,-1.2213253004188525,4.404135734468427,-3.1828130938097456
34.45,-64.9963769133153,0.05295509753204811,0.5959950358591742,0.3177323699344432,-1.2213253258897399,4.404135775596737,-3.1828130739945903
34.475,-64.99637684815107,0.052955097991375544,0.5959950329370378,0.317732370242352,-1.2213253509905335,4.4041358165774085,-3.1828130544453215
34.5,-64.996376783872,0.052955098445164335,0.5959950300168316,0.3177323705533862,-1.2213253757214637,4.404135857406603,-3.182813035161598
34.525000000000006,-64.99637672047683,0.05295509889341603,0.5959950270986408,0.3177323708674696,-1.2213254000827982,4.404135898080549,-3.1828130161430495
34.55,-64.99637665796428,0.0529550993361329,0.59599502418255,0.31773237118452635,-1.2213254240748546,4.404135938595524,-3.182812997389283
34.575,-64.99637659633292,0.05295509977331786,0.5959950212686435,0.3177323715044812,-1.2213254476979918,4.40413597894787,-3.1828129788998765
34.6,-64.99637653558126,0.052955100204974376,0.595995018357005,0.31773237182725916,-1.2213254709526054,4.404136019133983,-3.1828129606743785
34.625,-64.99637647570772,0.05295510063110653,0.595995015447718,0.3177323721527858,-1.2213254938391322,4.404136059150313,-3.182812942712316
34.650000000000006,-64.99637641671063,0.052955101051718995,0.5959950125408657,0.3177323724809872,-1.2213255163580479,4.40413609899337,-3.1828129250131894
34.675,-64.99637635858824,0.05295510146681717,0.5959950096365306,0.3177323728117897,-1.2213255385098767,4.404136138659721,-3.1828129075764706
34.7,-64.99637630133869,0.052955101876406896,0.595995006734795,0.31773237314512026,-1.2213255602951714,4.404136178145994,-3.1828128904016055
34.725,-64.99637624496005,0.05295510228049469,0.5959950038357407,0.3177323734809063,-1.2213255817145305,4.4041362174488725,-3.1828128734880137
34.75,-64.99637618945032,0.05295510267908764,0.5959950009394489,0.3177323738190757,-1.2213256027685895,4.40413625656509,-3.1828128568350946
34.775000000000006,-64.9963761348074,0.052955103072193366,0.5959949980460005,0.31773237415955674,-1.2213256234580194,4.40413629549144,-3.1828128404422213
34.8,-64.99637608102914,0.0529551034598201,0.595994995155476,0.31773237450227826,-1.2213256437835311,4.404136334224774,-3.182812824308742
34.825,-64.99637602811327,0.05295510384197669,0.5959949922679555,0.31773237484716954,-1.221325663745877,4.404136372761995,-3.182812808433982
34.85,-64.99637597605746,0.05295510421867233,0.5959949893835182,0.3177323751941603,-1.2213256833458312,4.404136411100066,-3.182812792817239
34.875,-64.99637592485931,0.05295510458991705,0.5959949865022434,0.3177323755431809,-1.2213257025842241,4.404136449236008,-3.182812777457792
34.900000000000006,-64.99637587451632,0.05295510495572112,0.5959949836242093,0.31773237589416203,-1.221325721461901,4.404136487166889,-3.182812762354895
34.925,-64.99637582502594,0.052955105316095645,0.5959949807494943,0.31773237624703493,-1.2213257399797623,4.404136524889837,-3.1828127475077808
34.95,-64.99637577638553,0.052955105671052015,0.5959949778781757,0.31773237660173137,-1.2213257581387282,4.404136562402032,-3.18281273291566
34.975,-64.9963757285924,0.052955106020602286,0.5959949750103306,0.31773237695818357,-1.2213257759397609,4.4041365997007125,-3.182812718577719
35.0,-64.99637568164376,0.052955106364758954,0.5959949721460357,0.31773237731632425,-1.2213257933838528,4.404136636783166,-3.1828127044931263
35.025000000000006,-64.99637563553675,0.052955106703534975,0.5959949692853669,0.31773237767608664,-1.2213258104720262,4.404136673646736,-3.182812690661025
35.05,-64.99637559026846,0.05295510703694395,0.5959949664283997,0.31773237803740456,-1.2213258272053449,4.404136710288829,-3.1828126770805367
35.075,-64.99637554583589,0.0529551073649999,0.5959949635752091,0.31773237840021223,-1.2213258435849017,4.404136746706893,-3.1828126637507665
35.1,-64.99637550223599,0.05295510768771734,0.5959949607258697,0.31773237876444443,-1.221325859611821,4.404136782898432,-3.1828126506707974
35.125,-64.99637545946563,0.05295510800511123,0.5959949578804552,0.31773237913003644,-1.221325875287256,4.404136818861009,-3.1828126378396875
35.150000000000006,-64.99637541752162,0.05295510831719704,0.5959949550390391,0.31773237949692407,-1.2213258906123932,4.40413685459223,-3.1828126252564855
35.175,-64.9963753764007,0.05295510862399072,0.5959949522016942,0.3177323798650436,-1.2213259055884509,4.40413689008976,-3.1828126129202117
35.2,-64.99637533609956,0.05295510892550865,0.5959949493684928,0.3177323802343319,-1.2213259202166757,4.404136925351322,-3.1828126008298683
35.225,-64.9963752966148,0.052955109221767625,0.5959949465395067,0.3177323806047264,-1.2213259344983405,4.404136960374681,-3.18281258898444
35.25,-64.99637525794299,0.05295510951278499,0.595994943714807,0.31773238097616496,-1.2213259484347547,4.404136995157657,-3.182812577382896
35.275000000000006,-64.99637522008062,0.052955109798578516,0.5959949408944643,0.317732381348586,-1.2213259620272559,4.404137029698121,-3.1828125660241864
35.3,-64.99637518302413,0.05295511007916635,0.5959949380785486,0.31773238172192847,-1.2213259752772037,4.404137063993998,-3.182812554907238
35.325,-64.99637514676988,0.052955110354567035,0.5959949352671295,0.3177323820961318,-1.2213259881859873,4.404137098043263,-3.182812544030963
35.35,-64.99637511131421,0.05295511062479964,0.5959949324602758,0.31773238247113605,-1.2213260007550264,4.4041371318439335,-3.1828125333942623
35.375,-64.99637507665336,0.052955110889883625,0.5959949296580558,0.31773238284688177,-1.2213260129857677,4.4041371653940935,-3.1828125229960094
35.400000000000006,-64.99637504278355,0.05295511114983879,0.5959949268605372,0.31773238322331004,-1.2213260248796807,4.404137198691867,-3.182812512835066
35.425,-64.99637500970093,0.05295511140468543,0.5959949240677872,0.3177323836003625,-1.2213260364382652,4.404137231735429,-3.1828125029102776
35.45,-64.99637497740159,0.05295511165444416,0.5959949212798722,0.3177323839779812,-1.221326047663043,4.4041372645229995,-3.1828124932204758
35.475,-64.99637494588157,0.05295511189913603,0.5959949184968582,0.31773238435610895,-1.2213260585555636,4.404137297052861,-3.182812483764471
35.5,-64.99637491513688,0.05295511213878248,0.5959949157188105,0.31773238473468896,-1.2213260691174017,4.404137329323326,-3.182812474541065
35.525000000000006,-64.99637488516346,0.052955112373405264,0.5959949129457939,0.31773238511366503,-1.2213260793501524,4.404137361332775,-3.182812465549038
35.55,-64.99637485595719,0.05295511260302654,0.5959949101778724,0.31773238549298144,-1.2213260892554354,4.404137393079627,-3.1828124567871554
35.575,-64.99637482751392,0.052955112827668877,0.5959949074151096,0.31773238587258307,-1.2213260988348995,4.404137424562345,-3.1828124482541753
35.6,-64.99637479982944,0.052955113047355146,0.5959949046575684,0.31773238625241534,-1.221326108090211,4.404137455779452,-3.182812439948832
35.625,-64.99637477289951,0.05295511326210856,0.5959949019053111,0.3177323866324242,-1.2213261170230585,4.4041374867295024,-3.1828124318698543
35.650000000000006,-64.99637474671984,0.05295511347195273,0.5959948991583993,0.31773238701255613,-1.2213261256351562,4.404137517411112,-3.182812424015951
35.675,-64.99637472128606,0.052955113676911574,0.595994896416894,0.3177323873927582,-1.2213261339282375,4.4041375478229385,-3.1828124163858176
35.7,-64.9963746965938,0.05295511387700934,0.5959948936808556,0.317732387772978,-1.2213261419040584,4.4041375779636835,-3.182812408978141
35.725,-64.99637467263865,0.05295511407227064,0.5959948909503439,0.31773238815316374,-1.2213261495643963,4.404137607832094,-3.1828124017915953
35.75,-64.99637464941611,0.052955114262720315,0.595994888225418,0.317732388533264,-1.2213261569110445,4.404137637426974,-3.182812394824833
35.775000000000006,-64.99637462692169,0.052955114448383654,0.5959948855061366,0.3177323889132281,-1.2213261639458242,4.404137666747152,-3.1828123880765076
35.8,-64.99637460515083,0.05295511462928616,0.5959948827925573,0.3177323892930058,-1.2213261706705703,4.4041376957915235,-3.18281238154525
35.825,-64.99637458409894,0.052955114805453674,0.5959948800847376,0.31773238967254747,-1.2213261770871393,4.4041377245590185,-3.182812375229683
35.85,-64.99637456376139,0.05295511497691228,0.5959948773827338,0.317732390051804,-1.2213261831974023,4.404137753048611,-3.1828123691284174
35.875,-64.99637454413352,0.052955115143688405,0.5959948746866022,0.31773239043072676,-1.2213261890032543,4.404137781259321,-3.1828123632400547
35.900000000000006,-64.99637452521061,0.05295511530580879,0.5959948719963978,0.3177323908092678,-1.2213261945066074,4.4041378091902095,-3.1828123575631833
35.925,-64.99637450698795,0.05295511546330038,0.5959948693121754,0.31773239118737967,-1.2213261997093883,4.404137836840386,-3.1828123520963842
35.95,-64.99637448946075,0.0529551156161904,0.595994866633989,0.3177323915650154,-1.2213262046135407,4.404137864208996,-3.1828123468382246
35.975,-64.99637447262421,0.052955115764506365,0.595994863961892,0.3177323919421287,-1.2213262092210264,4.404137891295235,-3.182812341787263
36.0,-64.99637445647349,0.052955115908276056,0.5959948612959372,0.3177323923186738,-1.2213262135338248,4.4041379180983435,-3.1828123369420465
36.025000000000006,-64.99637444100371,0.05295511604752753,0.5959948586361763,0.3177323926946053,-1.2213262175539312,4.404137944617595,-3.1828123323011126
36.05,-64.99637442620998,0.05295511618228901,0.595994855982661,0.31773239306987855,-1.2213262212833524,4.4041379708523065,-3.1828123278629943
36.075,-64.99637441208736,0.05295511631258909,0.595994853335442,0.3177323934444494,-1.2213262247241183,4.404137996801845,-3.1828123236262087
36.1,-64.99637439863089,0.05295511643845648,0.5959948506945694,0.3177323938182743,-1.2213262278782655,4.40413802246561,-3.1828123195892672
36.125,-64.9963743858356,0.05295511655992021,0.5959948480600926,0.31773239419131005,-1.2213262307478503,4.404138047843039,-3.182812315750678
36.150000000000006,-64.99637437369644,0.052955116677009494,0.5959948454320605,0.31773239456351426,-1.221326233334941,4.404138072933626,-3.182812312108932
36.175,-64.9963743622084,0.05295511678975369,0.5959948428105211,0.3177323949348449,-1.2213262356416144,4.404138097736881,-3.1828123086625197
36.2,-64.99637435136638,0.05295511689818247,0.5959948401955218,0.3177323953052605,-1.221326237669966,4.404138122252376,-3.182812305409915
36.225,-64.99637434116532,0.052955117002325705,0.5959948375871096,0.3177323956747202,-1.2213262394221056,4.404138146479709,-3.1828123023495962
36.25,-64.99637433160008,0.052955117102213456,0.5959948349853306,0.3177323960431837,-1.2213262409001524,4.40413817041852,-3.1828122994800236
36.275000000000006,-64.99637432266552,0.05295511719787603,0.5959948323902301,0.3177323964106112,-1.2213262421062423,4.404138194068495,-3.182812296799655
36.3,-64.99637431435649,0.05295511728934384,0.5959948298018531,0.3177323967769634,-1.2213262430425162,4.4041382174293435,-3.1828122943069457
36.325,-64.99637430666779,0.05295511737664741,0.5959948272202438,0.31773239714220164,-1.2213262437111227,4.404138240500829,-3.1828122920003366
36.35,-64.99637429959422,0.05295511745981767,0.5959948246454455,0.31773239750628773,-1.2213262441142347,4.404138263282741,-3.1828122898782665
36.375,-64.99637429313056,0.052955117538885606,0.5959948220775012,0.31773239786918406,-1.2213262442540276,4.404138285774914,-3.182812287939167
36.400000000000006,-64.99637428727155,0.0529551176138824,0.595994819516453,0.3177323982308535,-1.221326244132691,4.404138307977212,-3.182812286181465
36.425,-64.99637428201194,0.05295511768483929,0.5959948169623424,0.31773239859125946,-1.2213262437524157,4.404138329889541,-3.1828122846035822
36.45,-64.99637427734646,0.052955117751787836,0.5959948144152102,0.31773239895036604,-1.2213262431154117,4.404138351511837,-3.1828122832039383
36.475,-64.99637427326981,0.05295511781475963,0.5959948118750967,0.3177323993081377,-1.221326242223892,4.404138372844079,-3.1828122819809423
36.5,-64.99637426977665,0.05295511787378644,0.5959948093420414,0.3177323996645394,-1.2213262410800783,4.404138393886281,-3.1828122809329953
36.525000000000006,-64.99637426686168,0.05295511792890018,0.5959948068160831,0.3177324000195369,-1.2213262396862021,4.4041384146384885,-3.1828122800585033
36.55,-64.99637426451956,0.05295511798013302,0.59599480429726,0.3177324003730962,-1.2213262380445111,4.4041384351007755,-3.1828122793558675
36.575,-64.99637426274492,0.05295511802751709,0.5959948017856098,0.31773240072518394,-1.2213262361572486,4.404138455273264,-3.1828122788234765
36.6,-64.9963742615324,0.052955118071084696,0.5959947992811692,0.31773240107576733,-1.221326234026668,4.404138475156106,-3.182812278459718
36.625,-64.9963742608766,0.05295511811086835,0.5959947967839745,0.31773240142481407,-1.221326231655036,4.404138494749481,-3.1828122782629817
36.650000000000006,-64.99637426077217,0.052955118146900564,0.5959947942940612,0.31773240177229234,-1.2213262290446176,4.404138514053601,-3.1828122782316512
36.675,-64.99637426121367,0.05295511817921403,0.5959947918114643,0.31773240211817094,-1.2213262261976894,4.404138533068723,-3.182812278364102
36.7,-64.99637426219572,0.052955118207841566,0.595994789336218,0.3177324024624191,-1.2213262231165343,4.40413855179512,-3.1828122786587145
36.725,-64.99637426371287,0.052955118232816005,0.5959947868683558,0.3177324028050066,-1.2213262198034354,4.404138570233114,-3.1828122791138598
36.75,-64.9963742657597,0.052955118254170444,0.5959947844079109,0.3177324031459038,-1.221326216260693,4.404138588383047,-3.182812279727909
36.775000000000006,-64.99637426833077,0.05295511827193786,0.5959947819549153,0.3177324034850814,-1.2213262124905961,4.404138606245296,-3.1828122804992303
36.8,-64.99637427142065,0.05295511828615146,0.5959947795094008,0.3177324038225109,-1.2213262084954506,4.404138623820268,-3.1828122814261945
36.825,-64.99637427502388,0.052955118296844524,0.5959947770713984,0.317732404158164,-1.2213262042775648,4.404138641108401,-3.1828122825071645
36.85,-64.99637427913501,0.05295511830405038,0.5959947746409383,0.3177324044920132,-1.2213261998392473,4.404138658110168,-3.1828122837405033
36.875,-64.99637428374858,0.052955118307802446,0.5959947722180503,0.31773240482403126,-1.2213261951828147,4.404138674826065,-3.1828122851245735
36.900000000000006,-64.99637428885912,0.05295511830813421,0.5959947698027633,0.3177324051541916,-1.2213261903105845,4.404138691256622,-3.1828122866577346
36.925,-64.99637429446116,0.05295511830507916,0.5959947673951059,0.31773240548246806,-1.221326185224875,4.404138707402394,-3.1828122883383485
36.95,-64.99637430054925,0.05295511829867098,0.5959947649951057,0.31773240580883505,-1.2213261799280146,4.404138723263967,-3.1828122901647746
36.975,-64.9963743071179,0.052955118288943254,0.5959947626027898,0.3177324061332674,-1.221326174422325,4.404138738841954,-3.1828122921353708
37.0,-64.99637431416164,0.05295511827592972,0.5959947602181848,0.3177324064557406,-1.2213261687101358,4.404138754137007,-3.1828122942484924
37.025000000000006,-64.99637432167499,0.05295511825966414,0.5959947578413163,0.3177324067762304,-1.2213261627937786,4.4041387691497915,-3.1828122965024974
37.05,-64.99637432965248,0.05295511824018026,0.5959947554722097,0.31773240709471323,-1.2213261566755815,4.404138783881007,-3.1828122988957444
37.075,-64.99637433808864,0.05295511821751195,0.5959947531108895,0.31773240741116593,-1.2213261503578803,4.404138798331375,-3.1828123014265928
37.1,-64.996374346978,0.05295511819169313,0.5959947507573795,0.3177324077255659,-1.2213261438430127,4.404138812501652,-3.1828123040934
37.125,-64.99637435631509,0.05295511816275768,0.5959947484117031,0.3177324080378909,-1.2213261371333126,4.404138826392612,-3.182812306894526
37.150000000000006,-64.99637436609443,0.05295511813073951,0.5959947460738829,0.3177324083481193,-1.2213261302311142,4.404138840005063,-3.1828123098283285
37.175,-64.99637437631056,0.05295511809567257,0.595994743743941,0.31773240865622987,-1.221326123138754,4.404138853339837,-3.1828123128931662
37.2,-64.99637438695801,0.05295511805759082,0.5959947414218988,0.3177324089622019,-1.221326115858568,4.404138866397783,-3.1828123160874027
37.225,-64.99637439803134,0.052955118016528246,0.5959947391077771,0.31773240926601515,-1.2213261083928912,4.4041388791797855,-3.1828123194094005
37.25,-64.99637440952507,0.05295511797251879,0.595994736801596,0.31773240956764986,-1.2213261007440561,4.404138891686748,-3.1828123228575222
37.275000000000006,-64.99637442143379,0.052955117925596484,0.595994734503375,0.31773240986708673,-1.2213260929143999,4.4041389039196,-3.182812326430135
37.3,-64.99637443375202,0.052955117875795356,0.5959947322131333,0.3177324101643069,-1.2213260849062573,4.404138915879293,-3.182812330125607
37.325,-64.99637444647435,0.05295511782314933,0.5959947299308889,0.31773241045929207,-1.2213260767219558,4.404138927566804,-3.1828123339423042
37.35,-64.99637445959534,0.05295511776769237,0.5959947276566596,0.3177324107520243,-1.221326068363824,4.404138938983132,-3.182812337878603
37.375,-64.99637447310958,0.052955117709458537,0.5959947253904626,0.3177324110424862,-1.2213260598341964,4.4041389501292985,-3.1828123419328747
37.400000000000006,-64.99637448701165,0.052955117648481646,0.5959947231323144,0.3177324113306607,-1.2213260511353883,4.404138961006351,-3.182812346103495
37.425,-64.99637450129616,0.052955117584795736,0.5959947208822307,0.31773241161653143,-1.22132604226973,4.40413897161535,-3.1828123503888475
37.45,-64.9963745159577,0.052955117518434694,0.595994718640227,0.3177324119000822,-1.221326033239541,4.40413898195739,-3.182812354787309
37.475,-64.99637453099089,0.05295511744943241,0.595994716406318,0.3177324121812975,-1.221326024047139,4.404138992033576,-3.1828123592972672
37.5,-64.99637454639037,0.05295511737782271,0.5959947141805176,0.3177324124601621,-1.2213260146948355,4.40413900184504,-3.182812363917111
37.525000000000006,-64.99637456215076,0.052955117303639415,0.5959947119628395,0.31773241273666125,-1.221326005184942,4.404139011392935,-3.1828123686452288
37.55,-64.99637457826672,0.052955117226916315,0.5959947097532965,0.3177324130107807,-1.2213259955197657,4.404139020678428,-3.1828123734800173
37.575,-64.99637459473291,0.05295511714768713,0.595994707551901,0.3177324132825066,-1.2213259857016086,4.404139029702714,-3.182812378419874
37.6,-64.99637461154401,0.05295511706598558,0.5959947053586647,0.31773241355182563,-1.2213259757327708,4.404139038467002,-3.1828123834632036
37.625,-64.9963746286947,0.05295511698184528,0.5959947031735988,0.31773241381872475,-1.2213259656155455,4.404139046972526,-3.1828123886084083
37.650000000000006,-64.99637464617967,0.052955116895299845,0.5959947009967139,0.3177324140831914,-1.2213259553522229,4.404139055220532,-3.182812393853902
37.675,-64.99637466399366,0.05295511680638282,0.59599469882802,0.3177324143452135,-1.2213259449450888,4.404139063212283,-3.1828123991980988
37.7,-64.99637468213137,0.052955116715127676,0.5959946966675266,0.31773241460477936,-1.2213259343964227,4.404139070949077,-3.1828124046394124
37.725,-64.99637470058757,0.05295511662156785,0.5959946945152426,0.3177324148618777,-1.2213259237085006,4.404139078432209,-3.1828124101762696
37.75,-64.996374719357,0.052955116525736694,0.5959946923711762,0.3177324151164977,-1.2213259128835912,4.404139085663004,-3.182812415807098
37.775000000000006,-64.99637473843444,0.0529551164276675,0.5959946902353352,0.31773241536862895,-1.2213259019239584,4.404139092642798,-3.1828124215303317
37.8,-64.99637475781469,0.05295511632739345,0.5959946881077269,0.31773241561826143,-1.2213258908318574,4.40413909937295,-3.1828124273444076
37.825,-64.99637477749255,0.0529551162249477,0.5959946859883579,0.31773241586538553,-1.2213258796095414,4.404139105854834,-3.182812433247764
37.85,-64.99637479746285,0.052955116120363264,0.5959946838772342,0.31773241610999203,-1.2213258682592512,4.404139112089832,-3.1828124392388544
37.875,-64.99637481772042,0.05295511601367322,0.5959946817743614,0.3177324163520721,-1.2213258567832324,4.404139118079355,-3.1828124453161264
37.900000000000006,-64.99637483826014,0.0529551159049104,0.5959946796797446,0.31773241659161744,-1.2213258451837135,4.4041391238248195,-3.1828124514780414
37.925,-64.99637485907687,0.05295511579410766,0.5959946775933882,0.31773241682862,-1.2213258334629205,4.404139129327667,-3.1828124577230597
37.95,-64.99637488016552,0.052955115681297626,0.5959946755152961,0.3177324170630722,-1.2213258216230665,4.4041391345893395,-3.1828124640496553
37.975,-64.99637490152101,0.05295511556651302,0.5959946734454716,0.3177324172949668,-1.2213258096663673,4.4041391396113045,-3.182812470456302
38.0,-64.99637492313826,0.05295511544978632,0.5959946713839177,0.317732417524297,-1.221325797595023,4.404139144395045,-3.1828124769414785
38.025000000000006,-64.99637494501225,0.05295511533114999,0.5959946693306367,0.3177324177510563,-1.22132578541123,4.40413914894205,-3.1828124835036746
38.05,-64.99637496713795,0.052955115210636367,0.5959946672856304,0.31773241797523877,-1.221325773117177,4.404139153253825,-3.182812490141386
38.075,-64.99637498951036,0.05295511508827764,0.5959946652489002,0.3177324181968387,-1.2213257607150405,4.4041391573318975,-3.182812496853107
38.1,-64.99637501212449,0.052955114964105925,0.5959946632204467,0.3177324184158507,-1.2213257482069915,4.404139161177797,-3.1828125036373462
38.125,-64.99637503497539,0.05295511483815324,0.5959946612002702,0.3177324186322699,-1.2213257355951925,4.404139164793069,-3.182812510492616
38.150000000000006,-64.9963750580581,0.0529551147104515,0.5959946591883706,0.31773241884609177,-1.2213257228817995,4.404139168179275,-3.1828125174174318
38.175,-64.99637508136774,0.052955114581032504,0.595994657184747,0.31773241905731203,-1.221325710068959,4.40413917133798,-3.1828125244103234
38.2,-64.99637510489941,0.0529551144499279,0.5959946551893982,0.31773241926592694,-1.2213256971588051,4.404139174270769,-3.182812531469824
38.225,-64.99637512864824,0.05295511431716925,0.5959946532023225,0.317732419471933,-1.2213256841534674,4.404139176979236,-3.1828125385944714
38.25,-64.99637515260937,0.052955114182787935,0.5959946512235176,0.31773241967532706,-1.2213256710550613,4.404139179464987,-3.182812545782812
38.275000000000006,-64.99637517677799,0.05295511404681528,0.5959946492529808,0.3177324198761064,-1.2213256578656968,4.40413918172964,-3.182812553033396
38.3,-64.9963752011493,0.052955113909282446,0.595994647290709,0.3177324200742686,-1.2213256445874725,4.404139183774816,-3.1828125603447917
38.325,-64.99637522571854,0.052955113770220476,0.5959946453366983,0.3177324202698116,-1.221325631222478,4.404139185602153,-3.182812567715561
38.35,-64.99637525048094,0.052955113629660294,0.5959946433909448,0.3177324204627336,-1.2213256177727945,4.404139187213299,-3.1828125751442813
38.375,-64.99637527543179,0.05295511348763268,0.5959946414534436,0.31773242065303325,-1.2213256042404912,4.404139188609908,-3.1828125826295364
38.400000000000006,-64.99637530056637,0.05295511334416821,0.5959946395241897,0.3177324208407096,-1.2213255906276237,4.404139189793654,-3.182812590169911
38.425,-64.99637532588004,0.052955113199297486,0.5959946376031775,0.31773242102576177,-1.221325576936248,4.404139190766201,-3.1828125977640114
38.45,-64.99637535136813,0.052955113053050826,0.595994635690401,0.3177324212081895,-1.2213255631684006,4.4041391915292385,-3.182812605410439
38.475,-64.99637537702603,0.05295511290545842,0.5959946337858536,0.3177324213879927,-1.2213255493261077,4.4041391920844575,-3.182812613107808
38.5,-64.99637540284914,0.052955112756550377,0.5959946318895285,0.3177324215651716,-1.221325535411389,4.404139192433557,-3.1828126208547416
38.525000000000006,-64.99637542883289,0.05295511260635657,0.5959946300014182,0.3177324217397268,-1.2213255214262486,4.404139192578247,-3.182812628649867
38.55,-64.99637545497274,0.0529551124549068,0.5959946281215148,0.31773242191165924,-1.2213255073726834,4.4041391925202475,-3.1828126364918203
38.575,-64.99637548126417,0.05295511230223071,0.5959946262498101,0.3177324220809701,-1.22132549325268,4.404139192261279,-3.1828126443792497
38.6,-64.99637550770271,0.05295511214835775,0.5959946243862955,0.31773242224766085,-1.2213254790682104,4.404139191803065,-3.1828126523108122
38.625,-64.99637553428389,0.052955111993317226,0.5959946225309617,0.3177324224117334,-1.2213254648212366,4.404139191147351,-3.1828126602851654
38.650000000000006,-64.99637556100328,0.05295511183713836,0.595994620683799,0.31773242257318984,-1.2213254505137128,4.404139190295879,-3.1828126683009828
38.675,-64.99637558785648,0.0529551116798501,0.5959946188447977,0.3177324227320326,-1.2213254361475752,4.404139189250398,-3.1828126763569426
38.7,-64.99637561483911,0.05295511152148124,0.5959946170139471,0.3177324228882644,-1.2213254217247485,4.404139188012663,-3.182812684451733
38.725,-64.99637564194684,0.052955111362060533,0.5959946151912364,0.3177324230418883,-1.2213254072471538,4.404139186584435,-3.182812692584052
38.75,-64.99637566917534,0.05295511120161647,0.5959946133766545,0.31773242319290756,-1.2213253927166925,4.4041391849674865,-3.1828127007526006
38.775000000000006,-64.99637569652032,0.05295511104017738,0.5959946115701896,0.3177324233413258,-1.2213253781352562,4.4041391831635845,-3.182812708956095
38.8,-64.99637572397754,0.0529551108777715,0.5959946097718297,0.31773242348714686,-1.2213253635047283,4.4041391811745045,-3.1828127171932605
38.825,-64.99637575154274,0.052955110714426774,0.5959946079815622,0.31773242363037496,-1.221325348826972,4.404139179002038,-3.182812725462823
38.85,-64.99637577921175,0.05295511055017109,0.5959946061993744,0.3177324237710145,-1.2213253341038457,4.404139176647967,-3.1828127337635235
38.875,-64.99637580698038,0.052955110385032096,0.5959946044252529,0.3177324239090702,-1.221325319337191,4.4041391741140785,-3.1828127420941144
38.900000000000006,-64.99637583484451,0.05295511021903728,0.5959946026591841,0.317732424044547,-1.221325304528838,4.404139171402167,-3.182812750453354
38.925,-64.99637586280002,0.05295511005221397,0.5959946009011541,0.3177324241774502,-1.2213252896806046,4.404139168514038,-3.1828127588400066
38.95,-64.99637589084283,0.05295510988458929,0.5959945991511483,0.3177324243077852,-1.2213252747942953,4.404139165451487,-3.182812767252848
38.975,-64.9963759189689,0.05295510971619027,0.5959945974091521,0.3177324244355579,-1.221325259871707,4.40413916221632,-3.182812775690668
39.0,-64.9963759471742,0.052955109547043605,0.5959945956751501,0.3177324245607742,-1.221325244914613,4.404139158810343,-3.18281278415226
39.025000000000006,-64.99637597545475,0.05295510937717595,0.5959945939491271,0.3177324246834405,-1.2213252299247834,4.404139155235373,-3.182812792636426
39.05,-64.9963760038066,0.05295510920661372,0.5959945922310671,0.3177324248035632,-1.2213252149039708,4.404139151493215,-3.1828128011419805
39.075,-64.99637603222581,0.052955109035383155,0.5959945905209537,0.3177324249211491,-1.2213251998539167,4.404139147585694,-3.1828128096677433
39.1,-64.9963760607085,0.05295510886351035,0.5959945888187705,0.31773242503620525,-1.22132518477635,4.404139143514618,-3.1828128182125495
39.125,-64.99637608925082,0.05295510869102116,0.5959945871245006,0.3177324251487389,-1.2213251696729857,4.4041391392818054,-3.1828128267752445
39.150000000000006,-64.99637611784891,0.05295510851794123,0.5959945854381266,0.3177324252587575,-1.2213251545455208,4.404139134889083,-3.182812835354673
39.175,-64.996376146499,0.05295510834429609,0.5959945837596308,0.3177324253662688,-1.2213251393956455,4.4041391303382635,-3.1828128439497005
39.2,-64.99637617519731,0.05295510817011101,0.5959945820889954,0.31773242547128067,-1.2213251242250314,4.404139125631176,-3.1828128525591937
39.225,-64.99637620394012,0.0529551079954112,0.595994580426202,0.3177324255738014,-1.2213251090353459,4.404139120769642,-3.1828128611820348
39.25,-64.9963762327237,0.05295510782022146,0.5959945787712321,0.3177324256738393,-1.2213250938282274,4.404139115755486,-3.1828128698171114
39.275000000000006,-64.99637626154441,0.05295510764456659,0.5959945771240667,0.31773242577140304,-1.2213250786053134,4.40413911059053,-3.1828128784633236
39.3,-64.9963762903986,0.052955107468471124,0.5959945754846865,0.3177324258665014,-1.2213250633682244,4.404139105276599,-3.18281288711958
39.325,-64.99637631928266,0.05295510729195942,0.595994573853072,0.31773242595914347,-1.2213250481185671,4.40413909981552,-3.182812895784798
39.35,-64.99637634819302,0.05295510711505565,0.5959945722292033,0.3177324260493385,-1.221325032857934,4.404139094209113,-3.182812904457907
39.375,-64.99637637712615,0.052955106937783776,0.5959945706130602,0.31773242613709596,-1.221325017587906,4.404139088459205,-3.182812913137846
39.400000000000006,-64.99637640607854,0.05295510676016752,0.5959945690046221,0.31773242622242553,-1.221325002310044,4.404139082567618,-3.1828129218235617
39.425,-64.9963764350467,0.052955106582230425,0.5959945674038684,0.31773242630533705,-1.221324987025897,4.404139076536176,-3.1828129305140096
39.45,-64.99637646402721,0.052955106403995915,0.5959945658107778,0.3177324263858406,-1.2213249717370074,4.404139070366693,-3.182812939208162
39.475,-64.99637649301664,0.05295510622548715,0.5959945642253291,0.31773242646394645,-1.2213249564448967,4.404139064060997,-3.182812947904992
39.5,-64.99637652201164,0.05295510604672709,0.5959945626475006,0.31773242653966505,-1.2213249411510734,4.404139057620896,-3.182812956603493
39.525000000000006,-64.99637655100885,0.052955105867738474,0.5959945610772703,0.317732426613007,-1.2213249258570305,4.404139051048215,-3.182812965302655
39.55,-64.99637658000496,0.052955105688543905,0.5959945595146161,0.31773242668398316,-1.2213249105642507,4.404139044344766,-3.1828129740014885
39.575,-64.99637660899671,0.052955105509165684,0.5959945579595154,0.3177324267526045,-1.221324895274197,4.404139037512354,-3.1828129826990135
39.6,-64.99637663798084,0.052955105329626044,0.5959945564119455,0.3177324268188822,-1.2213248799883265,4.404139030552795,-3.182812991394253
39.625,-64.99637666695416,0.05295510514994689,0.5959945548718835,0.31773242688282766,-1.221324864708073,4.404139023467894,-3.1828130000862487
39.650000000000006,-64.99637669591348,0.05295510497015003,0.5959945533393058,0.31773242694445236,-1.2213248494348643,4.404139016259455,-3.1828130087740445
39.675,-64.99637672485565,0.05295510479025697,0.5959945518141891,0.317732427003768,-1.2213248341701064,4.404139008929286,-3.182813017456695
39.7,-64.99637675377757,0.05295510461028911,0.5959945502965096,0.31773242706078647,-1.2213248189151988,4.404139001479177,-3.18281302613327
39.725,-64.99637678267617,0.05295510443026756,0.5959945487862431,0.3177324271155198,-1.2213248036715196,4.404138993910927,-3.1828130348028494
39.75,-64.99637681154839,0.0529551042502133,0.5959945472833655,0.3177324271679801,-1.2213247884404388,4.404138986226329,-3.182813043464516
39.775000000000006,-64.99637684039124,0.05295510407014703,0.5959945457878523,0.3177324272181798,-1.2213247732233066,4.4041389784271665,-3.1828130521173703
39.8,-64.99637686920173,0.05295510389008931,0.5959945442996786,0.3177324272661313,-1.2213247580214628,4.40413897051523,-3.1828130607605174
39.825,-64.99637689797692,0.0529551037100604,0.5959945428188195,0.31773242731184737,-1.2213247428362266,4.404138962492298,-3.1828130693930743
39.85,-64.9963769267139,0.052955103530080476,0.5959945413452498,0.3177324273553407,-1.2213247276689116,4.404138954360144,-3.182813078014172
39.875,-64.99637695540981,0.052955103350169404,0.5959945398789439,0.3177324273966242,-1.2213247125208102,4.404138946120542,-3.1828130866229443
39.900000000000006,-64.9963769840618,0.052955103170346934,0.5959945384198764,0.31773242743571106,-1.221324697393205,4.404138937775262,-3.1828130952185387
39.925,-64.99637701266705,0.05295510299063252,0.5959945369680213,0.31773242747261443,-1.22132468228736,4.404138929326065,-3.182813103800116
39.95,-64.9963770412228,0.0529551028110455,0.5959945355233526,0.31773242750734765,-1.2213246672045306,4.404138920774708,-3.1828131123668397
39.975,-64.99637706972631,0.0529551026316049,0.5959945340858439,0.3177324275399242,-1.2213246521459495,4.404138912122943,-3.182813120917892
40.0,-64.99637709817486,0.052955102452329615,0.5959945326554688,0.3177324275703577,-1.2213246371128421,4.404138903372519,-3.182813129452458
40.025000000000006,-64.99637712656579,0.052955102273238346,0.5959945312322006,0.3177324275986618,-1.2213246221064178,4.404138894525177,-3.182813137969737
40.05,-64.99637715489644,0.05295510209434948,0.5959945298160124,0.3177324276248505,-1.2213246071278663,4.404138885582661,-3.1828131464689307
40.075,-64.99637718316421,0.05295510191568127,0.5959945284068772,0.31773242764893767,-1.221324592178368,4.4041388765466944,-3.182813154949264
40.1,-64.99637721136654,0.05295510173725183,0.5959945270047676,0.31773242767093746,-1.2213245772590924,4.40413886741901,-3.1828131634099606
40.125,-64.99637723950087,0.05295510155907896,0.5959945256096564,0.31773242769086407,-1.2213245623711877,4.404138858201323,-3.182813171850262
40.150000000000006,-64.99637726756471,0.052955101381180265,0.5959945242215158,0.31773242770873183,-1.2213245475157888,4.40413884889535,-3.182813180269413
40.175,-64.99637729555556,0.05295510120357319,0.595994522840318,0.3177324277245552,-1.2213245326940199,4.404138839502804,-3.182813188666668
40.2,-64.996377323471,0.05295510102627493,0.595994521466035,0.31773242773834864,-1.2213245179069872,4.404138830025381,-3.1828131970412983
40.225,-64.99637735130861,0.05295510084930252,0.595994520098639,0.3177324277501269,-1.2213245031557862,4.404138820464779,-3.182813205392583
40.25,-64.99637737906603,0.052955100672672735,0.5959945187381013,0.3177324277599046,-1.2213244884414944,4.404138810822681,-3.1828132137198097
40.275000000000006,-64.9963774067409,0.05295510049640216,0.5959945173843937,0.3177324277676967,-1.221324473765176,4.404138801100777,-3.182813222022271
40.3,-64.99637743433092,0.052955100320507154,0.5959945160374875,0.31773242777351807,-1.2213244591278802,4.40413879130074,-3.182813230299277
40.325,-64.99637746183383,0.05295510014500394,0.595994514697354,0.31773242777738375,-1.221324444530646,4.404138781424233,-3.182813238550149
40.35,-64.99637748924737,0.05295509996990847,0.5959945133639643,0.3177324277793088,-1.2213244299744943,4.404138771472921,-3.1828132467742094
40.375,-64.99637751656931,0.05295509979523647,0.5959945120372893,0.31773242777930855,-1.2213244154604295,4.40413876144846,-3.182813254970793
40.400000000000006,-64.99637754379751,0.05295509962100348,0.5959945107172998,0.3177324277773982,-1.2213244009894453,4.404138751352494,-3.182813263139252
40.425,-64.9963775709298,0.052955099447224915,0.5959945094039666,0.31773242777359306,-1.2213243865625234,4.404138741186662,-3.1828132712789383
40.45,-64.99637759796407,0.05295509927391587,0.5959945080972601,0.3177324277679087,-1.221324372180627,4.404138730952599,-3.182813279389221
40.475,-64.99637762489824,0.052955099101091294,0.5959945067971507,0.3177324277603606,-1.221324357844707,4.404138720651925,-3.182813287469473
40.5,-64.99637765173027,0.05295509892876586,0.5959945055036089,0.31773242775096433,-1.2213243435556966,4.4041387102862615,-3.182813295519081
40.525000000000006,-64.99637767845815,0.0529550987569542,0.5959945042166047,0.3177324277397356,-1.221324329314525,4.404138699857209,-3.1828133035374435
40.55,-64.99637770507988,0.052955098585670574,0.5959945029361082,0.31773242772669014,-1.2213243151220972,4.4041386893663725,-3.182813311523964
40.575,-64.99637773159353,0.05295509841492914,0.5959945016620893,0.31773242771184373,-1.2213243009793093,4.404138678815342,-3.1828133194780577
40.6,-64.99637775799715,0.052955098244743704,0.595994500394518,0.31773242769521226,-1.2213242868870358,4.404138668205705,-3.1828133273991455
40.625,-64.99637778428888,0.05295509807512802,0.5959944991333638,0.31773242767681165,-1.221324272846145,4.404138657539033,-3.182813335286664
40.650000000000006,-64.99637781046685,0.05295509790609564,0.5959944978785964,0.3177324276566579,-1.2213242588574933,4.404138646816896,-3.182813343140056
40.675,-64.99637783652925,0.05295509773765983,0.5959944966301853,0.317732427634767,-1.221324244921916,4.404138636040851,-3.1828133509587744
40.7,-64.99637786247428,0.05295509756983368,0.5959944953881001,0.3177324276111551,-1.2213242310402386,4.404138625212447,-3.1828133587422824
40.725,-64.99637788830017,0.052955097402630144,0.59599449415231,0.31773242758583836,-1.221324217213274,4.404138614333226,-3.182813366490052
40.75,-64.99637791400521,0.05295509723606186,0.5959944929227842,0.3177324275588329,-1.2213242034418164,4.4041386034047205,-3.182813374201562
40.775000000000006,-64.99637793958769,0.052955097070141344,0.5959944916994918,0.317732427530155,-1.2213241897266507,4.4041385924284535,-3.1828133818763065
40.8,-64.99637796504594,0.05295509690488088,0.595994490482402,0.31773242749982095,-1.2213241760685452,4.40413858140594,-3.182813389513781
40.825,-64.99637799037833,0.052955096740292605,0.5959944892714838,0.3177324274678471,-1.2213241624682585,4.404138570338684,-3.1828133971135
40.85,-64.99637801558326,0.05295509657638841,0.5959944880667061,0.31773242743424973,-1.2213241489265332,4.404138559228184,-3.182813404674978
40.875,-64.99637804065915,0.05295509641317992,0.5959944868680377,0.31773242739904534,-1.221324135444093,4.404138548075926,-3.1828134121977456
40.900000000000006,-64.99637806560446,0.05295509625067869,0.5959944856754474,0.3177324273622503,-1.2213241220216566,4.404138536883386,-3.182813419681338
40.925,-64.99637809041768,0.0529550960888961,0.595994484488904,0.31773242732388113,-1.2213241086599316,4.404138525652031,-3.1828134271253035
40.95,-64.99637811509731,0.05295509592784314,0.5959944833083761,0.31773242728395423,-1.221324095359599,4.4041385143833205,-3.1828134345291943
40.975,-64.99637813964192,0.05295509576753084,0.5959944821338322,0.31773242724248624,-1.2213240821213402,4.404138503078708,-3.1828134418925758
41.0,-64.99637816405009,0.05295509560796982,0.595994480965241,0.31773242719949363,-1.221324068945813,4.404138491739625,-3.1828134492150255
41.025000000000006,-64.9963781883204,0.05295509544917068,0.5959944798025708,0.317732427154993,-1.2213240558336693,4.404138480367504,-3.1828134564961217
41.05,-64.99637821245152,0.05295509529114367,0.5959944786457902,0.31773242710900096,-1.221324042785541,4.404138468963768,-3.1828134637354553
41.075,-64.9963782364421,0.05295509513389901,0.5959944774948677,0.3177324270615341,-1.2213240298020547,4.404138457529823,-3.1828134709326292
41.1,-64.99637826029084,0.052955094977446535,0.5959944763497713,0.317732427012609,-1.2213240168838129,4.404138446067067,-3.1828134780872515
41.125,-64.99637828399648,0.052955094821796084,0.5959944752104697,0.31773242696224235,-1.2213240040314186,4.404138434576891,-3.182813485198943
41.150000000000006,-64.99637830755776,0.05295509466695727,0.5959944740769308,0.31773242691045084,-1.2213239912454572,4.404138423060675,-3.1828134922673286
41.175,-64.99637833097347,0.052955094512939394,0.5959944729491231,0.31773242685725106,-1.2213239785264955,4.40413841151979,-3.182813499292041
41.2,-64.99637835424242,0.05295509435975164,0.5959944718270148,0.31773242680265973,-1.221323965875091,4.404138399955598,-3.1828135062727267
41.225,-64.99637837736347,0.052955094207403054,0.595994470710574,0.3177324267466935,-1.2213239532917914,4.40413838836944,-3.182813513209041
41.25,-64.99637840033549,0.052955094055902444,0.5959944695997689,0.3177324266893691,-1.2213239407771297,4.404138376762659,-3.182813520100646
41.275000000000006,-64.99637842315735,0.05295509390525837,0.5959944684945676,0.3177324266307031,-1.2213239283316208,4.404138365136586,-3.1828135269472058
41.3,-64.99637844582801,0.0529550937554793,0.5959944673949383,0.31773242657071227,-1.2213239159557743,4.404138353492533,-3.182813533748404
41.325,-64.99637846834642,0.05295509360657353,0.5959944663008491,0.3177324265094133,-1.221323903650087,4.404138341831813,-3.182813540503926
41.35,-64.99637849071156,0.052955093458549096,0.595994465212268,0.3177324264468228,-1.2213238914150397,4.404138330155718,-3.182813547213469
41.375,-64.99637851292246,0.0529550933114139,0.5959944641291631,0.3177324263829575,-1.2213238792511028,4.404138318465535,-3.182813553876738
41.400000000000006,-64.99637853497813,0.052955093165175646,0.5959944630515026,0.31773242631783405,-1.2213238671587334,4.404138306762546,-3.18281356049344
41.425,-64.99637855687767,0.05295509301984183,0.5959944619792545,0.3177324262514691,-1.2213238551383754,4.404138295048007,-3.1828135670633015
41.45,-64.99637857862015,0.05295509287541988,0.595994460912387,0.31773242618387926,-1.221323843190467,4.404138283323182,-3.1828135735860457
41.475,-64.99637860020471,0.05295509273191687,0.595994459850868,0.3177324261150812,-1.2213238313154242,4.404138271589309,-3.182813580061412
41.5,-64.9963786216305,0.052955092589339815,0.5959944587946656,0.3177324260450915,-1.221323819513657,4.404138259847618,-3.182813586489149
41.525000000000006,-64.99637864289669,0.05295509244769555,0.595994457743748,0.31773242597392676,-1.2213238077855644,4.4041382480993345,-3.182813592869006
41.55,-64.99637866400248,0.05295509230699073,0.5959944566980834,0.31773242590160355,-1.2213237961315329,4.404138236345671,-3.182813599200743
41.575,-64.9963786849471,0.05295509216723175,0.5959944556576396,0.3177324258281385,-1.221323784551932,4.404138224587828,-3.1828136054841307
41.6,-64.99637870572982,0.052955092028424945,0.595994454622385,0.31773242575354804,-1.2213237730471256,4.404138212826992,-3.1828136117189474
41.625,-64.99637872634992,0.05295509189057639,0.5959944535922876,0.3177324256778487,-1.2213237616174626,4.404138201064343,-3.182813617904975
41.650000000000006,-64.9963787468067,0.052955091753692035,0.5959944525673158,0.31773242560105697,-1.2213237502632814,4.404138189301046,-3.182813624042009
41.675,-64.99637876709949,0.05295509161777768,0.5959944515474375,0.3177324255231893,-1.2213237389849108,4.404138177538263,-3.1828136301298455
41.7,-64.99637878722766,0.052955091482838876,0.595994450532621,0.3177324254442621,-1.2213237277826636,4.404138165777133,-3.1828136361682966
41.725,-64.9963788071906,0.05295509134888111,0.5959944495228346,0.3177324253642918,-1.2213237166568471,4.404138154018791,-3.1828136421571784
41.75,-64.99637882698771,0.052955091215909654,0.5959944485180467,0.3177324252832947,-1.2213237056077557,4.404138142264362,-3.1828136480963125
41.775000000000006,-64.99637884661843,0.052955091083929574,0.5959944475182255,0.3177324252012872,-1.2213236946356687,4.404138130514961,-3.182813653985528
41.8,-64.99637886608222,0.05295509095294577,0.5959944465233393,0.31773242511828553,-1.2213236837408539,4.404138118771683,-3.1828136598246672
41.825,-64.99637888537858,0.05295509082296306,0.5959944455333566,0.317732425034306,-1.2213236729235752,4.404138107035623,-3.1828136656135726
41.85,-64.996378904507,0.05295509069398599,0.5959944445482457,0.3177324249493647,-1.2213236621840773,4.404138095307853,-3.182813671352099
41.875,-64.99637892346702,0.052955090566019054,0.5959944435679752,0.3177324248634779,-1.221323651522601,4.404138083589445,-3.1828136770401056
41.900000000000006,-64.9963789422582,0.05295509043906653,0.5959944425925136,0.31773242477666175,-1.221323640939373,4.404138071881456,-3.182813682677461
41.925,-64.99637896088012,0.0529550903131325,0.5959944416218294,0.31773242468893226,-1.2213236304346076,4.404138060184931,-3.1828136882640363
41.95,-64.99637897933239,0.05295509018822095,0.5959944406558912,0.31773242460030554,-1.2213236200085116,4.404138048500904,-3.182813693799717
41.975,-64.99637899761464,0.05295509006433564,0.5959944396946679,0.31773242451079753,-1.2213236096612772,4.404138036830396,-3.182813699284392
42.0,-64.99637901572652,0.05295508994148029,0.5959944387381281,0.3177324244204242,-1.2213235993930944,4.40413802517442,-3.182813704717955
42.025,-64.99637903366771,0.0529550898196583,0.5959944377862404,0.31773242432920146,-1.2213235892041305,4.404138013533973,-3.182813710100312
42.050000000000004,-64.9963790514379,0.052955089698873095,0.5959944368389739,0.31773242423714515,-1.2213235790945554,4.40413800191005,-3.182813715431369
42.075,-64.99637906903682,0.05295508957912782,0.5959944358962974,0.31773242414427105,-1.22132356906452,4.404137990303623,-3.182813720711046
42.1,-64.99637908646422,0.05295508946042552,0.5959944349581798,0.3177324240505949,-1.2213235591141691,4.404137978715657,-3.1828137259392646
42.125,-64.99637910371986,0.05295508934276906,0.5959944340245903,0.3177324239561324,-1.2213235492436352,4.404137967147111,-3.182813731115958
42.15,-64.99637912080352,0.05295508922616115,0.5959944330954979,0.3177324238608991,-1.2213235394530395,4.404137955598929,-3.1828137362410573
42.175000000000004,-64.99637913771504,0.0529550891106044,0.5959944321708719,0.31773242376491073,-1.221323529742498,4.404137944072043,-3.1828137413145114
42.2,-64.99637915445423,0.05295508899610122,0.5959944312506813,0.31773242366818266,-1.2213235201121122,4.4041379325673695,-3.182813746336269
42.225,-64.99637917102095,0.05295508888265384,0.5959944303348956,0.3177324235707304,-1.2213235105619726,4.404137921085825,-3.182813751306284
42.25,-64.99637918741507,0.05295508877026451,0.5959944294234842,0.31773242347256936,-1.2213235010921706,4.404137909628307,-3.1828137562245216
42.275,-64.9963792036365,0.05295508865893518,0.5959944285164166,0.3177324233737148,-1.2213234917027769,4.404137898195703,-3.182813761090948
42.300000000000004,-64.99637921968514,0.05295508854866767,0.5959944276136623,0.3177324232741821,-1.2213234823938548,4.404137886788889,-3.1828137659055415
42.325,-64.99637923556095,0.052955088439463734,0.5959944267151909,0.31773242317398637,-1.2213234731654627,4.404137875408727,-3.182813770668285
42.35,-64.99637925126387,0.05295508833132492,0.5959944258209722,0.31773242307314276,-1.2213234640176454,4.404137864056077,-3.182813775379162
42.375,-64.99637926679391,0.052955088224252725,0.5959944249309759,0.3177324229716664,-1.2213234549504437,4.404137852731776,-3.1828137800381726
42.4,-64.99637928215104,0.0529550881182484,0.595994424045172,0.31773242286957215,-1.221323445963883,4.4041378414366585,-3.1828137846453117
42.425000000000004,-64.9963792973353,0.05295508801331311,0.5959944231635305,0.3177324227668751,-1.2213234370579829,4.404137830171544,-3.1828137892005883
42.45,-64.9963793123467,0.05295508790944784,0.5959944222860213,0.31773242266359,-1.2213234282327496,4.404137818937244,-3.182813793704011
42.475,-64.99637932718534,0.05295508780665359,0.5959944214126147,0.31773242255973166,-1.221323419488193,4.404137807734553,-3.182813798155601
42.5,-64.99637934185127,0.052955087704931014,0.595994420543281,0.31773242245531486,-1.2213234108242974,4.404137796564263,-3.18281380255538
42.525,-64.9963793563446,0.0529550876042808,0.5959944196779905,0.3177324223503542,-1.2213234022410513,4.404137785427143,-3.1828138069033813
42.550000000000004,-64.99637937066545,0.052955087504703374,0.5959944188167137,0.31773242224486425,-1.2213233937384247,4.404137774323964,-3.1828138111996354
42.575,-64.99637938481395,0.05295508740619912,0.5959944179594211,0.3177324221388595,-1.221323385316385,4.404137763255477,-3.1828138154441845
42.6,-64.99637939879025,0.05295508730876836,0.5959944171060834,0.31773242203235436,-1.2213233769748966,4.4041377522224225,-3.182813819637076
42.625,-64.99637941259454,0.05295508721241113,0.5959944162566713,0.31773242192536316,-1.2213233687139025,4.4041377412255365,-3.1828138237783605
42.65,-64.99637942622698,0.05295508711712744,0.5959944154111557,0.3177324218179002,-1.2213233605333471,4.404137730265538,-3.182813827868094
42.675000000000004,-64.9963794396878,0.05295508702291713,0.5959944145695076,0.31773242170997956,-1.2213233524331621,4.404137719343137,-3.1828138319063397
42.7,-64.99637945297724,0.05295508692978005,0.5959944137316981,0.31773242160161547,-1.2213233444132798,4.404137708459026,-3.182813835893171
42.725,-64.99637946609552,0.05295508683771568,0.5959944128976984,0.3177324214928219,-1.2213233364736074,4.4041376976139,-3.1828138398286554
42.75,-64.99637947904291,0.0529550867467236,0.5959944120674796,0.3177324213836128,-1.2213233286140601,4.404137686808435,-3.182813843712874
42.775,-64.9963794918197,0.05295508665680317,0.5959944112410133,0.31773242127400203,-1.2213233208345389,4.404137676043298,-3.1828138475459085
42.800000000000004,-64.99637950442616,0.052955086567953634,0.595994410418271,0.31773242116400335,-1.2213233131349341,4.404137665319143,-3.182813851327847
42.825,-64.99637951686262,0.052955086480174114,0.5959944095992242,0.3177324210536304,-1.2213233055151322,4.404137654636612,-3.182813855058785
42.85,-64.9963795291294,0.05295508639346372,0.5959944087838449,0.3177324209428969,-1.2213232979750166,4.404137643996343,-3.1828138587388195
42.875,-64.99637954122686,0.05295508630782131,0.5959944079721048,0.31773242083181624,-1.2213232905144542,4.404137633398953,-3.1828138623680573
42.9,-64.99637955315535,0.05295508622324574,0.5959944071639759,0.317732420720402,-1.221323283133312,4.4041376228450595,-3.182813865946605
42.925000000000004,-64.99637956491524,0.05295508613973568,0.5959944063594304,0.31773242060866735,-1.2213232758314454,4.404137612335263,-3.182813869474573
42.95,-64.99637957650694,0.05295508605728971,0.5959944055584404,0.3177324204966257,-1.2213232686087032,4.404137601870155,-3.1828138729520816
42.975,-64.99637958793085,0.052955085975906334,0.5959944047609783,0.3177324203842901,-1.2213232614649292,4.404137591450311,-3.1828138763792535
43.0,-64.99637959918739,0.05295508589558387,0.5959944039670166,0.3177324202716737,-1.2213232543999557,4.404137581076303,-3.1828138797562175
43.025,-64.996379610277,0.05295508581632058,0.595994403176528,0.3177324201587895,-1.2213232474136106,4.404137570748695,-3.1828138830831008
43.050000000000004,-64.99637962120015,0.05295508573811461,0.595994402389485,0.31773242004565033,-1.2213232405057148,4.404137560468028,-3.1828138863600444
43.075,-64.99637963195728,0.05295508566096406,0.5959944016058606,0.31773241993226903,-1.221323233676086,4.404137550234845,-3.1828138895871843
43.1,-64.99637964254889,0.05295508558486688,0.5959944008256277,0.31773241981865835,-1.221323226924532,4.4041375400496765,-3.182813892764666
43.125,-64.99637965297548,0.0529550855098209,0.5959944000487596,0.3177324197048309,-1.2213232202508528,4.404137529913035,-3.182813895892643
43.15,-64.99637966323755,0.052955085435823876,0.5959943992752293,0.3177324195907992,-1.221323213654844,4.404137519825429,-3.182813898971264
43.175000000000004,-64.99637967333562,0.05295508536287343,0.5959943985050103,0.3177324194765756,-1.2213232071362925,4.404137509787355,-3.1828139020006874
43.2,-64.99637968327025,0.052955085290967145,0.5959943977380762,0.31773241936217256,-1.2213232006949812,4.404137499799302,-3.1828139049810744
43.225,-64.99637969304197,0.05295508522010249,0.5959943969744005,0.3177324192476023,-1.2213231943306881,4.404137489861747,-3.1828139079125917
43.25,-64.99637970265137,0.052955085150276845,0.595994396213957,0.317732419132877,-1.2213231880431836,4.40413747997515,-3.18281391079541
43.275,-64.996379712099,0.05295508508148739,0.5959943954567196,0.3177324190180086,-1.2213231818322257,4.404137470139974,-3.1828139136297
43.300000000000004,-64.99637972138547,0.05295508501373136,0.5959943947026624,0.31773241890300913,-1.221323175697575,4.4041374603566625,-3.1828139164156397
43.325,-64.99637973051138,0.052955084947005855,0.5959943939517595,0.3177324187878905,-1.2213231696389857,4.40413745062565,-3.1828139191534133
43.35,-64.99637973947735,0.052955084881307866,0.5959943932039853,0.31773241867266444,-1.2213231636562032,4.404137440947366,-3.1828139218432043
43.375,-64.996379748284,0.0529550848166343,0.5959943924593142,0.31773241855734263,-1.2213231577489676,4.404137431322226,-3.1828139244851994
43.4,-64.99637975693197,0.05295508475298191,0.5959943917177208,0.3177324184419366,-1.221323151917009,4.404137421750637,-3.1828139270795917
43.425000000000004,-64.99637976542192,0.05295508469034751,0.59599439097918,0.3177324183264579,-1.2213231461600618,4.404137412232995,-3.182813929626576
43.45,-64.99637977375451,0.052955084628727736,0.5959943902436666,0.3177324182109178,-1.2213231404778497,4.4041374027696865,-3.1828139321263533
43.475,-64.99637978193041,0.05295508456811909,0.5959943895111556,0.31773241809532765,-1.2213231348700864,4.404137393361091,-3.182813934579124
43.5,-64.99637978995032,0.052955084508518144,0.595994388781622,0.31773241797969864,-1.2213231293364903,4.404137384007575,-3.1828139369850974
43.525,-64.99637979781494,0.0529550844499213,0.5959943880550413,0.3177324178640418,-1.2213231238767703,4.404137374709495,-3.182813939344481
43.550000000000004,-64.99637980552497,0.05295508439232478,0.5959943873313891,0.3177324177483682,-1.2213231184906221,4.4041373654672,-3.1828139416574897
43.575,-64.99637981308113,0.0529550843357249,0.5959943866106407,0.3177324176326886,-1.221323113177748,4.404137356281028,-3.18281394392434
43.6,-64.99637982048417,0.05295508428011784,0.5959943858927721,0.31773241751701387,-1.221323107937842,4.404137347151309,-3.182813946145249
43.625,-64.9963798277348,0.05295508422549967,0.595994385177759,0.3177324174013546,-1.2213231027705904,4.404137338078363,-3.1828139483204394
43.65,-64.99637983483379,0.05295508417186639,0.5959943844655776,0.31773241728572144,-1.2213230976756762,4.404137329062503,-3.1828139504501363
43.675000000000004,-64.99637984178189,0.05295508411921397,0.595994383756204,0.3177324171701248,-1.2213230926527787,4.40413732010403,-3.1828139525345662
43.7,-64.99637984857988,0.052955084067538266,0.5959943830496144,0.31773241705457506,-1.2213230877015715,4.4041373112032325,-3.182813954573963
43.725,-64.99637985522854,0.05295508401683509,0.5959943823457855,0.31773241693908255,-1.2213230828217247,4.404137302360396,-3.1828139565685616
43.75,-64.99637986172866,0.052955083967100136,0.5959943816446939,0.3177324168236574,-1.2213230780129012,4.404137293575796,-3.1828139585185964
43.775,-64.99637986808102,0.05295508391832907,0.5959943809463163,0.31773241670830965,-1.2213230732747618,4.404137284849698,-3.182813960424306
43.800000000000004,-64.99637987428646,0.05295508387051749,0.5959943802506298,0.3177324165930493,-1.2213230686069632,4.404137276182353,-3.182813962285938
43.825,-64.99637988034577,0.052955083823660924,0.5959943795576114,0.3177324164778862,-1.2213230640091575,4.404137267574014,-3.182813964103731
43.85,-64.99637988625979,0.052955083777754805,0.5959943788672383,0.3177324163628301,-1.2213230594809914,4.404137259024918,-3.182813965877936
43.875,-64.99637989202935,0.05295508373279457,0.5959943781794879,0.3177324162478907,-1.2213230550221112,4.404137250535292,-3.1828139676088054
43.9,-64.99637989765529,0.05295508368877556,0.5959943774943377,0.31773241613307757,-1.221323050632158,4.404137242105361,-3.182813969296586
43.925000000000004,-64.99637990313846,0.05295508364569296,0.5959943768117656,0.3177324160184001,-1.2213230463107616,4.404137233735333,-3.182813970941538
43.95,-64.99637990847972,0.05295508360354206,0.5959943761317492,0.3177324159038676,-1.2213230420575598,4.404137225425409,-3.1828139725439173
43.975,-64.99637991367995,0.05295508356231804,0.5959943754542667,0.31773241578948935,-1.2213230378721838,4.404137217175788,-3.182813974103983
44.0,-64.99637991873999,0.05295508352201591,0.5959943747792961,0.31773241567527455,-1.221323033754252,4.4041372089866595,-3.182813975621997
44.025,-64.99637992366075,0.05295508348263073,0.5959943741068158,0.3177324155612322,-1.2213230297033877,4.404137200858195,-3.182813977098226
44.050000000000004,-64.99637992844312,0.0529550834441575,0.5959943734368042,0.31773241544737124,-1.2213230257192111,4.404137192790565,-3.1828139785329355
44.075,-64.99637993308798,0.052955083406591136,0.5959943727692399,0.3177324153337005,-1.221323021801335,4.4041371847839335,-3.1828139799263937
44.1,-64.99637993759623,0.05295508336992646,0.5959943721041019,0.3177324152202287,-1.2213230179493675,4.404137176838454,-3.182813981278869
44.125,-64.9963799419688,0.05295508333415831,0.5959943714413689,0.3177324151069645,-1.2213230141629188,4.404137168954264,-3.182813982590639
44.15,-64.99637994620657,0.05295508329928153,0.59599437078102,0.31773241499391636,-1.2213230104415975,4.404137161131512,-3.182813983861972
44.175000000000004,-64.9963799503105,0.05295508326529077,0.5959943701230346,0.3177324148810927,-1.2213230067850018,4.404137153370318,-3.182813985093149
44.2,-64.9963799542815,0.052955083232180705,0.5959943694673919,0.31773241476850195,-1.2213230031927311,4.404137145670805,-3.182813986284448
44.225,-64.9963799581205,0.052955083199945976,0.5959943688140715,0.3177324146561522,-1.221322999664382,4.404137138033083,-3.1828139874361496
44.25,-64.99637996182844,0.052955083168581094,0.5959943681630532,0.3177324145440516,-1.2213229961995429,4.404137130457264,-3.1828139885485314
44.275,-64.99637996540628,0.05295508313808064,0.5959943675143168,0.3177324144322081,-1.2213229927978082,4.4041371229434345,-3.182813989621883
44.300000000000004,-64.99637996885495,0.05295508310843911,0.5959943668678424,0.3177324143206297,-1.221322989458766,4.404137115491692,-3.1828139906564856
44.325,-64.99637997217542,0.0529550830796509,0.59599436622361,0.3177324142093242,-1.2213229861819979,4.404137108102121,-3.1828139916526252
44.35,-64.99637997536864,0.05295508305171041,0.5959943655816001,0.3177324140982992,-1.2213229829670866,4.404137100774789,-3.182813992610592
44.375,-64.9963799784356,0.05295508302461205,0.5959943649417931,0.3177324139875624,-1.2213229798136158,4.404137093509761,-3.1828139935306794
44.4,-64.99637998137725,0.052955082998350056,0.5959943643041696,0.31773241387712126,-1.2213229767211569,4.404137086307103,-3.1828139944131735
44.425000000000004,-64.99637998419456,0.05295508297291876,0.5959943636687105,0.31773241376698313,-1.2213229736892888,4.404137079166863,-3.182813995258368
44.45,-64.99637998688853,0.05295508294831238,0.5959943630353968,0.3177324136571553,-1.221322970717583,4.4041370720890844,-3.182813996066558
44.475,-64.99637998946014,0.05295508292452506,0.5959943624042094,0.317732413547645,-1.2213229678056061,4.404137065073801,-3.1828139968380413
44.5,-64.99637999191037,0.05295508290155103,0.5959943617751299,0.31773241343845926,-1.221322964952931,4.404137058121049,-3.182813997573112
44.525,-64.99637999424023,0.05295508287938442,0.5959943611481394,0.3177324133296051,-1.2213229621591242,4.4041370512308475,-3.1828139982720685
44.550000000000004,-64.9963799964507,0.05295508285801925,0.5959943605232196,0.3177324132210894,-1.2213229594237445,4.404137044403215,-3.1828139989352096
44.575,-64.99637999854278,0.05295508283744966,0.5959943599003523,0.31773241311291894,-1.2213229567463588,4.40413703763816,-3.1828139995628333
44.6,-64.99638000051748,0.05295508281766968,0.5959943592795194,0.3177324130051004,-1.2213229541265298,4.404137030935686,-3.1828140001552425
44.625,-64.9963800023758,0.05295508279867323,0.5959943586607029,0.3177324128976403,-1.2213229515638089,4.404137024295783,-3.18281400071274
44.65,-64.99638000411878,0.052955082780454354,0.595994358043885,0.3177324127905452,-1.2213229490577586,4.404137017718439,-3.182814001235633
44.675000000000004,-64.9963800057474,0.052955082763006915,0.5959943574290482,0.3177324126838214,-1.2213229466079296,4.404137011203637,-3.182814001724219
44.7,-64.99638000726269,0.052955082746324905,0.5959943568161747,0.31773241257747525,-1.2213229442138809,4.404137004751356,-3.1828140021788056
44.725,-64.99638000866567,0.05295508273040221,0.5959943562052475,0.3177324124715129,-1.2213229418751643,4.40413699836156,-3.1828140025997
44.75,-64.99638000995736,0.05295508271523261,0.5959943555962494,0.3177324123659404,-1.2213229395913257,4.404136992034211,-3.1828140029872087
44.775,-64.9963800111388,0.05295508270080995,0.5959943549891632,0.31773241226076376,-1.221322937361915,4.404136985769265,-3.182814003341639
44.800000000000004,-64.99638001221099,0.05295508268712811,0.5959943543839722,0.3177324121559888,-1.2213229351864852,4.404136979566669,-3.1828140036632973
44.825,-64.99638001317498,0.05295508267418084,0.5959943537806597,0.31773241205162134,-1.22132293306458,4.404136973426367,-3.1828140039524953
44.85,-64.9963800140318,0.05295508266196192,0.595994353179209,0.31773241194766705,-1.2213229309957478,4.404136967348296,-3.18281400420954
44.875,-64.99638001478247,0.05295508265046508,0.5959943525796039,0.31773241184413153,-1.22132292897953,4.404136961332387,-3.182814004434742
44.9,-64.99638001542804,0.052955082639683966,0.595994351981828,0.31773241174102024,-1.221322927015466,4.404136955378562,-3.1828140046284132
44.925000000000004,-64.99638001596955,0.05295508262961235,0.5959943513858653,0.3177324116383386,-1.2213229251031028,4.404136949486741,-3.1828140047908646
44.95,-64.99638001640803,0.05295508262024394,0.5959943507916998,0.31773241153609183,-1.221322923241983,4.404136943656832,-3.1828140049224074
44.975,-64.99638001674451,0.05295508261157235,0.5959943501993159,0.31773241143428516,-1.2213229214316437,4.404136937888745,-3.182814005023353
45.0,-64.99638001698005,0.05295508260359124,0.5959943496086978,0.3177324113329237,-1.2213229196716255,4.404136932182376,-3.1828140050940164
45.025,-64.9963800171157,0.05295508259629429,0.5959943490198301,0.3177324112320124,-1.2213229179614709,4.404136926537623,-3.182814005134709
45.050000000000004,-64.99638001715248,0.05295508258967509,0.5959943484326974,0.31773241113155626,-1.2213229163007142,4.404136920954379,-3.1828140051457425
45.075,-64.99638001709144,0.05295508258372724,0.5959943478472846,0.31773241103156,-1.2213229146888949,4.404136915432521,-3.182814005127432
45.1,-64.99638001693363,0.052955082578444335,0.5959943472635766,0.3177324109320284,-1.2213229131255483,4.404136909971932,-3.1828140050800884
45.125,-64.99638001668009,0.052955082573819964,0.5959943466815586,0.31773241083296605,-1.2213229116102127,4.40413690457248,-3.1828140050040274
45.15,-64.99638001633188,0.05295508256984766,0.5959943461012159,0.3177324107343774,-1.2213229101424212,4.404136899234031,-3.182814004899565
45.175000000000004,-64.99638001589004,0.05295508256652101,0.595994345522534,0.31773241063626695,-1.2213229087217112,4.404136893956448,-3.1828140047670117
45.2,-64.99638001535561,0.05295508256383355,0.5959943449454984,0.31773241053863904,-1.221322907347617,4.404136888739588,-3.1828140046066835
45.225,-64.99638001472965,0.05295508256177884,0.5959943443700948,0.31773241044149786,-1.2213229060196755,4.404136883583299,-3.1828140044188955
45.25,-64.9963800140132,0.052955082560350385,0.5959943437963091,0.3177324103448476,-1.2213229047374188,4.404136878487432,-3.182814004203959
45.275,-64.9963800132073,0.05295508255954179,0.5959943432241275,0.31773241024869237,-1.2213229035003876,4.404136873451828,-3.1828140039621897
45.300000000000004,-64.99638001231301,0.05295508255934648,0.5959943426535359,0.317732410153036,-1.2213229023081091,4.404136868476313,-3.182814003693903
45.325,-64.99638001133137,0.05295508255975802,0.5959943420845208,0.31773241005788244,-1.2213229011601214,4.404136863560728,-3.18281400339941
45.35,-64.99638001026342,0.05295508256076988,0.5959943415170688,0.3177324099632355,-1.221322900055957,4.404136858704895,-3.1828140030790264
45.375,-64.99638000911021,0.052955082562375584,0.5959943409511662,0.31773240986909884,-1.2213228989951495,4.40413685390864,-3.182814002733063
45.4,-64.99638000787279,0.05295508256456863,0.5959943403868,0.31773240977547607,-1.2213228979772346,4.404136849171774,-3.182814002361836
45.425000000000004,-64.9963800065522,0.05295508256734261,0.595994339823957,0.3177324096823707,-1.2213228970017531,4.404136844494109,-3.18281400196566
45.45,-64.99638000514948,0.05295508257069087,0.5959943392626244,0.31773240958978616,-1.2213228960682283,4.404136839875456,-3.1828140015448425
45.475,-64.99638000366566,0.05295508257460701,0.5959943387027893,0.31773240949772574,-1.2213228951762027,4.404136835315614,-3.182814001099699
45.5,-64.9963800021018,0.0529550825790845,0.595994338144439,0.31773240940619274,-1.2213228943252104,4.404136830814385,-3.18281400063054
45.525,-64.99638000045894,0.05295508258411689,0.5959943375875612,0.3177324093151903,-1.2213228935147888,4.404136826371558,-3.1828140001376823
45.550000000000004,-64.9963799987381,0.05295508258969761,0.5959943370321433,0.3177324092247215,-1.2213228927444708,4.404136821986928,-3.1828139996214317
45.575,-64.99637999694033,0.05295508259582018,0.5959943364781732,0.31773240913478934,-1.2213228920137928,4.4041368176602775,-3.1828139990821
45.6,-64.99637999506666,0.0529550826024781,0.5959943359256389,0.3177324090453967,-1.221322891322292,4.404136813391389,-3.182813998519998
45.625,-64.99637999311813,0.05295508260966493,0.5959943353745283,0.31773240895654636,-1.2213228906695088,4.404136809180037,-3.1828139979354373
45.65,-64.99637999109575,0.052955082617374145,0.5959943348248297,0.3177324088682411,-1.2213228900549786,4.404136805026,-3.182813997328725
45.675000000000004,-64.99637998900057,0.05295508262559928,0.5959943342765314,0.3177324087804836,-1.2213228894782417,4.40413680092904,-3.1828139967001716
45.7,-64.99637998683362,0.052955082634333864,0.5959943337296219,0.3177324086932763,-1.221322888938837,4.404136796888924,-3.182813996050085
45.725,-64.9963799845959,0.052955082643571405,0.5959943331840898,0.3177324086066218,-1.2213228884363032,4.404136792905417,-3.1828139953787713
45.75,-64.99637998228847,0.05295508265330548,0.5959943326399239,0.31773240852052237,-1.2213228879701836,4.404136788978267,-3.182813994686542
45.775,-64.99637997991233,0.05295508266352965,0.5959943320971129,0.3177324084349804,-1.2213228875400208,4.4041367851072355,-3.1828139939736997
45.800000000000004,-64.9963799774685,0.052955082674237396,0.5959943315556462,0.3177324083499981,-1.2213228871453525,4.404136781292071,-3.1828139932405475
45.825,-64.99637997495797,0.052955082685422296,0.5959943310155127,0.31773240826557764,-1.221322886785722,4.404136777532523,-3.182813992487392
45.85,-64.9963799723818,0.05295508269707802,0.5959943304767018,0.3177324081817211,-1.2213228864606813,4.404136773828331,-3.1828139917145406
45.875,-64.99637996974097,0.05295508270919805,0.595994329939203,0.3177324080984304,-1.2213228861697678,4.4041367701792336,-3.1828139909222912
45.9,-64.9963799670365,0.05295508272177608,0.5959943294030058,0.3177324080157075,-1.2213228859125347,4.404136766584967,-3.182813990110951
45.925000000000004,-64.9963799642694,0.05295508273480563,0.5959943288680999,0.31773240793355423,-1.2213228856885232,4.404136763045266,-3.182813989280818
45.95,-64.99637996144064,0.05295508274828038,0.5959943283344752,0.31773240785197226,-1.2213228854972868,4.404136759559858,-3.182813988432191
45.975,-64.99637995855124,0.05295508276219392,0.5959943278021216,0.31773240777096334,-1.2213228853383702,4.404136756128472,-3.1828139875653734
46.0,-64.99637995560221,0.0529550827765399,0.5959943272710292,0.3177324076905291,-1.2213228852113256,4.404136752750829,-3.1828139866806624
46.025,-64.99637995259452,0.052955082791312065,0.5959943267411884,0.3177324076106709,-1.22132288511571,4.404136749426646,-3.1828139857783566
46.050000000000004,-64.99637994952917,0.05295508280650402,0.5959943262125893,0.3177324075313903,-1.2213228850510722,4.404136746155646,-3.182813984858751
46.075,-64.99637994640715,0.052955082822109506,0.5959943256852226,0.31773240745268866,-1.2213228850169704,4.404136742937537,-3.1828139839221437
46.1,-64.99637994322943,0.052955082838122176,0.5959943251590789,0.31773240737456726,-1.2213228850129563,4.404136739772034,-3.182813982968828
46.125,-64.99637993999698,0.0529550828545358,0.5959943246341489,0.3177324072970273,-1.22132288503859,4.404136736658847,-3.1828139819990953
46.15,-64.99637993671081,0.0529550828713442,0.5959943241104236,0.3177324072200699,-1.2213228850934363,4.404136733597675,-3.1828139810132425
46.175000000000004,-64.99637993337186,0.05295508288854104,0.595994323587894,0.31773240714369616,-1.2213228851770488,4.404136730588228,-3.1828139800115562
46.2,-64.9963799299811,0.05295508290612013,0.595994323066551,0.3177324070679071,-1.2213228852889908,4.404136727630204,-3.182813978994331
46.225,-64.99637992653952,0.05295508292407525,0.5959943225463861,0.3177324069927036,-1.2213228854288243,4.404136724723296,-3.1828139779618554
46.25,-64.99637992304805,0.052955082942400214,0.5959943220273906,0.3177324069180865,-1.2213228855961142,4.404136721867201,-3.182813976914416
46.275,-64.99637991950767,0.05295508296108885,0.5959943215095559,0.3177324068440566,-1.221322885790426,4.4041367190616105,-3.182813975852302
46.300000000000004,-64.99637991591932,0.0529550829801351,0.5959943209928739,0.31773240677061465,-1.2213228860113332,4.40413671630622,-3.182813974775796
46.325,-64.99637991228394,0.05295508299953274,0.595994320477336,0.31773240669776126,-1.2213228862583991,4.404136713600715,-3.182813973685182
46.35,-64.99637990860249,0.052955083019275755,0.5959943199629344,0.31773240662549695,-1.2213228865312,4.404136710944776,-3.1828139725807474
46.375,-64.9963799048759,0.05295508303935801,0.595994319449661,0.3177324065538223,-1.2213228868293053,4.404136708338094,-3.182813971462768
46.4,-64.9963799011051,0.052955083059773464,0.5959943189375078,0.31773240648273765,-1.2213228871522914,4.404136705780341,-3.18281397033153
46.425000000000004,-64.99637989729104,0.052955083080516135,0.5959943184264671,0.31773240641224343,-1.2213228874997377,4.404136703271201,-3.1828139691873103
46.45,-64.99637989343462,0.05295508310158001,0.5959943179165312,0.31773240634233996,-1.2213228878712221,4.404136700810351,-3.1828139680303864
46.475,-64.99637988953678,0.052955083122959073,0.5959943174076927,0.31773240627302746,-1.2213228882663236,4.404136698397467,-3.1828139668610347
46.5,-64.99637988559843,0.05295508314464735,0.5959943168999441,0.31773240620430604,-1.2213228886846226,4.404136696032221,-3.1828139656795287
46.525,-64.99637988162048,0.05295508316663895,0.595994316393278,0.31773240613617587,-1.2213228891257064,4.404136693714281,-3.182813964486145
46.550000000000004,-64.99637987760386,0.05295508318892794,0.5959943158876875,0.31773240606863695,-1.2213228895891601,4.404136691443316,-3.182813963281157
46.575,-64.99637987354944,0.05295508321150841,0.5959943153831653,0.3177324060016893,-1.2213228900745687,4.404136689218997,-3.182813962064833
46.6,-64.99637986945814,0.052955083234374555,0.5959943148797044,0.31773240593533275,-1.2213228905815268,4.404136687040988,-3.1828139608374415
46.625,-64.99637986533084,0.05295508325752057,0.5959943143772981,0.31773240586956725,-1.2213228911096277,4.404136684908956,-3.182813959599251
46.65,-64.99637986116844,0.052955083280940576,0.5959943138759396,0.31773240580439255,-1.2213228916584606,4.404136682822558,-3.1828139583505304
46.675000000000004,-64.99637985697181,0.05295508330462887,0.5959943133756223,0.3177324057398084,-1.221322892227626,4.404136680781458,-3.1828139570915437
46.7,-64.99637985274184,0.05295508332857964,0.5959943128763395,0.3177324056758144,-1.2213228928167186,4.404136678785318,-3.1828139558225517
46.725,-64.9963798484794,0.0529550833527872,0.5959943123780851,0.31773240561241023,-1.221322893425341,4.404136676833788,-3.1828139545438217
46.75,-64.99637984418537,0.05295508337724582,0.5959943118808526,0.31773240554959536,-1.2213228940530925,4.404136674926528,-3.182813953255611
46.775,-64.9963798398606,0.052955083401949876,0.5959943113846359,0.31773240548736936,-1.2213228946995809,4.404136673063196,-3.182813951958178
46.800000000000004,-64.99637983550593,0.05295508342689366,0.5959943108894288,0.3177324054257316,-1.2213228953644077,4.404136671243442,-3.18281395065178
46.825,-64.99637983112224,0.052955083452071665,0.5959943103952254,0.3177324053646815,-1.221322896047189,4.404136669466924,-3.182813949336672
46.85,-64.99637982671037,0.05295508347747833,0.5959943099020198,0.31773240530421837,-1.2213228967475362,4.404136667733289,-3.1828139480131097
46.875,-64.99637982227115,0.05295508350310803,0.5959943094098064,0.31773240524434143,-1.2213228974650583,4.404136666042188,-3.182813946681345
46.9,-64.99637981780543,0.052955083528955324,0.5959943089185792,0.3177324051850499,-1.2213228981993756,4.404136664393269,-3.1828139453416298
46.925000000000004,-64.99637981331404,0.05295508355501461,0.5959943084283329,0.317732405126343,-1.2213228989500975,4.404136662786183,-3.1828139439942107
46.95,-64.9963798087978,0.05295508358128059,0.5959943079390619,0.31773240506821976,-1.221322899716856,4.404136661220575,-3.182813942639339
46.975,-64.99637980425753,0.05295508360774778,0.595994307450761,0.31773240501067923,-1.2213229004992683,4.404136659696091,-3.1828139412772587
47.0,-64.99637979969404,0.052955083634410746,0.5959943069634247,0.3177324049537204,-1.2213229012969566,4.404136658212379,-3.1828139399082116
47.025,-64.99637979510815,0.05295508366126418,0.595994306477048,0.3177324048973423,-1.2213229021095522,4.404136656769081,-3.1828139385324463
47.050000000000004,-64.99637979050067,0.05295508368830277,0.5959943059916257,0.3177324048415437,-1.2213229029366846,4.40413665536584,-3.1828139371502004
47.075,-64.99637978587238,0.05295508371552124,0.595994305507153,0.3177324047863235,-1.2213229037779887,4.404136654002301,-3.1828139357617133
47.1,-64.99637978122406,0.052955083742914286,0.5959943050236249,0.3177324047316804,-1.2213229046330942,4.4041366526781065,-3.182813934367219
47.125,-64.99637977655652,0.05295508377047666,0.5959943045410367,0.3177324046776132,-1.2213229055016372,4.404136651392896,-3.182813932966957
47.15,-64.99637977187054,0.05295508379820324,0.5959943040593837,0.3177324046241206,-1.2213229063832625,4.404136650146312,-3.1828139315611605
47.175000000000004,-64.99637976716687,0.05295508382608888,0.5959943035786612,0.3177324045712013,-1.221322907277612,4.404136648937999,-3.1828139301500613
47.2,-64.99637976244631,0.05295508385412839,0.5959943030988648,0.31773240451885376,-1.2213229081843266,4.404136647767589,-3.182813928733893
47.225,-64.9963797577096,0.05295508388231675,0.5959943026199901,0.31773240446707657,-1.221322909103057,4.404136646634724,-3.182813927312881
47.25,-64.99637975295751,0.05295508391064885,0.5959943021420328,0.31773240441586825,-1.2213229100334495,4.4041366455390465,-3.1828139258872525
47.275,-64.99637974819078,0.05295508393911968,0.5959943016649885,0.31773240436522726,-1.221322910975156,4.404136644480195,-3.1828139244572324
47.300000000000004,-64.99637974341015,0.05295508396772428,0.5959943011888532,0.317732404315152,-1.2213229119278337,4.404136643457807,-3.1828139230230432
47.325,-64.99637973861637,0.05295508399645772,0.5959943007136228,0.31773240426564076,-1.22132291289114,4.404136642471516,-3.1828139215849105
47.35,-64.99637973381017,0.052955084025315034,0.5959943002392935,0.3177324042166919,-1.221322913864732,4.404136641520965,-3.1828139201430514
47.375,-64.99637972899228,0.0529550840542914,0.5959942997658612,0.3177324041683038,-1.2213229148482752,4.404136640605792,-3.182813918697684
47.4,-64.9963797241634,0.05295508408338196,0.5959942992933221,0.31773240412047454,-1.2213229158414334,4.404136639725637,-3.182813917249021
47.425000000000004,-64.99637971932427,0.052955084112581874,0.5959942988216728,0.3177324040732024,-1.221322916843872,4.404136638880136,-3.1828139157972797
47.45,-64.99637971447558,0.052955084141886447,0.5959942983509093,0.3177324040264855,-1.2213229178552658,4.4041366380689215,-3.182813914342674
47.475,-64.99637970961804,0.05295508417129089,0.5959942978810283,0.31773240398032193,-1.221322918875284,4.404136637291636,-3.1828139128854116
47.5,-64.99637970475236,0.052955084200790495,0.5959942974120263,0.3177324039347098,-1.221322919903601,4.4041366365479115,-3.182813911425707
47.525,-64.9963796998792,0.0529550842303807,0.5959942969438998,0.3177324038896471,-1.221322920939902,4.404136635837392,-3.1828139099637593
47.550000000000004,-64.99637969499926,0.052955084260056816,0.5959942964766457,0.3177324038451318,-1.2213229219838622,4.404136635159712,-3.1828139084997784
47.575,-64.99637969011323,0.052955084289814255,0.5959942960102605,0.3177324038011619,-1.2213229230351657,4.404136634514508,-3.1828139070339687
47.6,-64.99637968522175,0.052955084319648495,0.5959942955447414,0.3177324037577353,-1.2213229240934995,4.404136633901423,-3.182813905566526
47.625,-64.99637968032552,0.05295508434955503,0.5959942950800851,0.3177324037148499,-1.221322925158553,4.404136633320091,-3.1828139040976553
47.65,-64.99637967542517,0.052955084379529394,0.5959942946162886,0.31773240367250344,-1.221322926230018,4.404136632770148,-3.182813902627552
47.675000000000004,-64.99637967052136,0.05295508440956711,0.5959942941533491,0.3177324036306938,-1.2213229273075856,4.404136632251242,-3.182813901156409
47.7,-64.99637966561474,0.0529550844396638,0.5959942936912639,0.31773240358941873,-1.2213229283909546,4.404136631763005,-3.1828138996844215
47.725,-64.99637966070595,0.05295508446981513,0.5959942932300301,0.317732403548676,-1.2213229294798253,4.404136631305076,-3.182813898211786
47.75,-64.99637965579562,0.05295508450001678,0.5959942927696449,0.3177324035084632,-1.2213229305739008,4.404136630877099,-3.1828138967386863
47.775,-64.99637965088438,0.052955084530264485,0.5959942923101058,0.3177324034687781,-1.2213229316728873,4.404136630478714,-3.1828138952653133
47.800000000000004,-64.99637964597285,0.052955084560554,0.5959942918514103,0.31773240342961834,-1.2213229327764914,4.404136630109558,-3.182813893791855
47.825,-64.99637964106165,0.052955084590881135,0.5959942913935559,0.3177324033909814,-1.221322933884426,4.404136629769273,-3.182813892318495
47.85,-64.99637963615137,0.05295508462124167,0.5959942909365401,0.31773240335286496,-1.2213229349964,4.404136629457504,-3.182813890845412
47.875,-64.99637963124263,0.05295508465163155,0.5959942904803607,0.31773240331526653,-1.2213229361121343,4.404136629173895,-3.1828138893727895
47.9,-64.99637962633602,0.05295508468204664,0.5959942900250154,0.3177324032781836,-1.2213229372313452,4.404136628918085,-3.1828138879008065
47.925000000000004,-64.99637962143213,0.05295508471248289,0.5959942895705019,0.3177324032416136,-1.2213229383537534,4.40413662868972,-3.1828138864296376
47.95,-64.99637961653153,0.0529550847429363,0.5959942891168182,0.31773240320555407,-1.2213229394790843,4.404136628488446,-3.182813884959458
47.975,-64.99637961163481,0.05295508477340295,0.5959942886639621,0.31773240317000234,-1.2213229406070685,4.404136628313904,-3.182813883490442
48.0,-64.99637960674254,0.052955084803878866,0.5959942882119318,0.3177324031349558,-1.221322941737433,4.404136628165742,-3.1828138820227605
48.025,-64.99637960185527,0.05295508483436015,0.5959942877607252,0.3177324031004119,-1.22132294286991,4.40413662804361,-3.18281388055658
48.050000000000004,-64.99637959697357,0.05295508486484296,0.5959942873103404,0.3177324030663679,-1.2213229440042361,4.404136627947153,-3.18281387909207
48.075,-64.996379592098,0.05295508489532354,0.5959942868607758,0.31773240303282113,-1.2213229451401533,4.404136627876017,-3.1828138776293984
48.1,-64.99637958722907,0.052955084925798,0.5959942864120295,0.31773240299976885,-1.2213229462773951,4.404136627829858,-3.1828138761687215
48.125,-64.99637958236735,0.05295508495626273,0.5959942859640998,0.31773240296720834,-1.2213229474157128,4.404136627808321,-3.182813874710206
48.15,-64.99637957751337,0.052955084986713974,0.5959942855169851,0.3177324029351368,-1.2213229485548505,4.40413662781106,-3.1828138732540094
48.175000000000004,-64.99637957266764,0.052955085017148074,0.5959942850706839,0.3177324029035515,-1.2213229496945563,4.404136627837725,-3.1828138718002905
48.2,-64.99637956783069,0.052955085047561405,0.5959942846251945,0.3177324028724495,-1.2213229508345822,4.40413662788797,-3.182813870349206
48.225,-64.99637956300302,0.05295508507795041,0.5959942841805157,0.31773240284182813,-1.2213229519746844,4.404136627961454,-3.182813868900905
48.25,-64.99637955818514,0.05295508510831162,0.5959942837366459,0.3177324028116844,-1.2213229531146252,4.40413662805783,-3.182813867455542
48.275,-64.99637955337757,0.052955085138641465,0.5959942832935838,0.3177324027820155,-1.2213229542541606,4.40413662817675,-3.1828138660132694
48.300000000000004,-64.99637954858078,0.05295508516893653,0.5959942828513283,0.3177324027528184,-1.221322955393057,4.4041366283178744,-3.1828138645742325
48.325,-64.99637954379526,0.052955085199193314,0.5959942824098778,0.31773240272409026,-1.221322956531074,4.404136628480865,-3.182813863138577
48.35,-64.99637953902149,0.05295508522940852,0.5959942819692314,0.31773240269582814,-1.2213229576679865,4.404136628665381,-3.1828138617064465
48.375,-64.99637953425996,0.05295508525957879,0.5959942815293879,0.31773240266802905,-1.2213229588035655,4.404136628871081,-3.1828138602779874
48.400000000000006,-64.99637952951112,0.052955085289700846,0.5959942810903464,0.31773240264068997,-1.2213229599375868,4.40413662909763,-3.182813858853335
48.425000000000004,-64.99637952477543,0.05295508531977141,0.5959942806521056,0.3177324026138079,-1.221322961069826,4.4041366293446895,-3.18281385743263
48.45,-64.99637952005337,0.05295508534978729,0.5959942802146646,0.3177324025873799,-1.221322962200065,4.404136629611929,-3.18281385601601
48.475,-64.99637951534537,0.052955085379745255,0.5959942797780226,0.31773240256140284,-1.2213229633280835,4.40413662989901,-3.18281385460361
48.5,-64.99637951065188,0.05295508540964224,0.5959942793421785,0.3177324025358737,-1.2213229644536725,4.404136630205602,-3.182813853195563
48.525000000000006,-64.99637950597334,0.05295508543947509,0.5959942789071316,0.3177324025107894,-1.2213229655766156,4.404136630531371,-3.182813851792001
48.550000000000004,-64.99637950131016,0.05295508546924072,0.5959942784728812,0.31773240248614676,-1.2213229666967034,4.4041366308759935,-3.1828138503930474
48.575,-64.99637949666278,0.052955085498936176,0.5959942780394264,0.3177324024619428,-1.221322967813734,4.4041366312391395,-3.1828138489988347
48.6,-64.99637949203162,0.05295508552855843,0.5959942776067666,0.3177324024381743,-1.2213229689275018,4.404136631620482,-3.1828138476094865
48.625,-64.99637948741709,0.05295508555810455,0.5959942771749012,0.31773240241483813,-1.2213229700378052,4.404136632019693,-3.182813846225126
48.650000000000006,-64.99637948281959,0.052955085587571636,0.5959942767438294,0.3177324023919312,-1.2213229711444484,4.404136632436451,-3.182813844845877
48.675000000000004,-64.99637947823953,0.05295508561695682,0.5959942763135508,0.3177324023694503,-1.221322972247235,4.404136632870432,-3.1828138434718594
48.7,-64.9963794736773,0.052955085646257255,0.595994275884065,0.3177324023473922,-1.2213229733459716,4.40413663332132,-3.182813842103188
48.725,-64.99637946913327,0.0529550856754702,0.5959942754553712,0.3177324023257538,-1.2213229744404714,4.404136633788791,-3.182813840739982
48.75,-64.99637946460784,0.052955085704592855,0.5959942750274693,0.3177324023045318,-1.221322975530544,4.404136634272532,-3.182813839382352
48.775000000000006,-64.99637946010138,0.05295508573362255,0.5959942746003587,0.31773240228372307,-1.221322976616008,4.404136634772223,-3.182813838030414
48.800000000000004,-64.99637945561426,0.05295508576255665,0.595994274174039,0.31773240226332433,-1.2213229776966839,4.40413663528755,-3.1828138366842778
48.825,-64.99637945114684,0.052955085791392464,0.5959942737485101,0.3177324022433324,-1.2213229787723887,4.404136635818205,-3.1828138353440507
48.85,-64.99637944669946,0.052955085820127416,0.5959942733237715,0.31773240222374394,-1.2213229798429477,4.404136636363876,-3.182813834009839
48.875,-64.9963794422725,0.052955085848759,0.5959942728998231,0.31773240220455573,-1.2213229809081905,4.40413663692425,-3.1828138326817492
48.900000000000006,-64.9963794378663,0.052955085877284626,0.5959942724766647,0.3177324021857645,-1.2213229819679414,4.404136637499016,-3.1828138313598884
48.925000000000004,-64.99637943348118,0.05295508590570188,0.595994272054296,0.317732402167367,-1.2213229830220367,4.404136638087874,-3.182813830044354
48.95,-64.99637942911748,0.052955085934008266,0.595994271632717,0.3177324021493599,-1.2213229840703064,4.404136638690523,-3.1828138287352443
48.975,-64.99637942477554,0.05295508596220139,0.5959942712119275,0.31773240213173987,-1.2213229851125882,4.404136639306649,-3.182813827432662
49.0,-64.99637942045567,0.05295508599027895,0.5959942707919275,0.31773240211450365,-1.221322986148726,4.404136639935958,-3.1828138261367003
49.025000000000006,-64.99637941615818,0.052955086018238534,0.5959942703727169,0.31773240209764797,-1.2213229871785578,4.4041366405781535,-3.182813824847453
49.050000000000004,-64.99637941188338,0.052955086046077904,0.5959942699542958,0.3177324020811695,-1.2213229882019299,4.4041366412329355,-3.1828138235650143
49.075,-64.99637940763158,0.05295508607379483,0.5959942695366641,0.31773240206506487,-1.2213229892186916,4.404136641900011,-3.1828138222894737
49.1,-64.99637940340307,0.052955086101387105,0.595994269119822,0.31773240204933073,-1.221322990228695,4.404136642579082,-3.1828138210209205
49.125,-64.99637939919815,0.052955086128852545,0.5959942687037695,0.3177324020339638,-1.2213229912317909,4.404136643269858,-3.182813819759444
49.150000000000006,-64.9963793950171,0.052955086156188956,0.5959942682885067,0.31773240201896075,-1.2213229922278308,4.4041366439720475,-3.1828138185051302
49.175000000000004,-64.9963793908602,0.052955086183394305,0.5959942678740338,0.3177324020043182,-1.221322993216678,4.404136644685367,-3.1828138172580593
49.2,-64.99637938672772,0.05295508621046652,0.5959942674603509,0.31773240199003283,-1.2213229941981918,4.404136645409528,-3.1828138160183173
49.225,-64.99637938261993,0.05295508623740359,0.5959942670474583,0.31773240197610125,-1.2213229951722366,4.4041366461442495,-3.1828138147859804
49.25,-64.99637937853711,0.05295508626420349,0.5959942666353562,0.3177324019625202,-1.2213229961386756,4.404136646889241,-3.182813813561134
49.275000000000006,-64.9963793744795,0.05295508629086426,0.5959942662240447,0.31773240194928615,-1.2213229970973762,4.404136647644226,-3.1828138123438507
49.300000000000004,-64.99637937044736,0.05295508631738406,0.5959942658135243,0.3177324019363959,-1.2213229980482145,4.404136648408929,-3.182813811134207
49.325,-64.99637936644092,0.052955086343760914,0.5959942654037953,0.317732401923846,-1.2213229989910572,4.4041366491830685,-3.182813809932276
49.35,-64.99637936246043,0.052955086369993014,0.5959942649948579,0.3177324019116331,-1.221322999925782,4.404136649966374,-3.182813808738129
49.375,-64.99637935850612,0.05295508639607863,0.5959942645867125,0.3177324018997539,-1.2213230008522722,4.404136650758574,-3.182813807551835
49.400000000000006,-64.99637935457822,0.0529550864220159,0.5959942641793594,0.31773240188820495,-1.2213230017704033,4.404136651559396,-3.182813806373467
49.425000000000004,-64.99637935067697,0.05295508644780312,0.5959942637727992,0.31773240187698293,-1.2213230026800599,4.4041366523685666,-3.182813805203092
49.45,-64.99637934680257,0.052955086473438606,0.5959942633670321,0.3177324018660844,-1.2213230035811284,4.404136653185826,-3.1828138040407707
49.475,-64.99637934295524,0.052955086498920625,0.5959942629620587,0.3177324018555061,-1.2213230044734926,4.4041366540109035,-3.182813802886571
49.5,-64.99637933913517,0.05295508652424761,0.5959942625578794,0.3177324018452446,-1.221323005357046,4.404136654843541,-3.182813801740552
49.525000000000006,-64.9963793353426,0.052955086549417996,0.5959942621544946,0.31773240183529655,-1.2213230062316855,4.404136655683477,-3.1828138006027786
49.550000000000004,-64.99637933157769,0.052955086574430224,0.5959942617519048,0.3177324018256586,-1.2213230070973045,4.404136656530452,-3.1828137994733052
49.575,-64.99637932784064,0.05295508659928265,0.5959942613501107,0.31773240181632734,-1.2213230079537931,4.404136657384208,-3.1828137983521927
49.6,-64.99637932413165,0.052955086623973906,0.5959942609491127,0.31773240180729945,-1.2213230088010598,4.404136658244491,-3.1828137972394956
49.625,-64.9963793204509,0.05295508664850249,0.5959942605489114,0.3177324017985716,-1.221323009639004,4.4041366591110505,-3.1828137961352696
49.650000000000006,-64.99637931679855,0.05295508667286702,0.5959942601495073,0.3177324017901404,-1.221323010467532,4.404136659983633,-3.1828137950395656
49.675000000000004,-64.99637931317478,0.0529550866970661,0.595994259750901,0.31773240178200246,-1.2213230112865514,4.404136660861991,-3.1828137939524352
49.7,-64.99637930957977,0.052955086721098346,0.5959942593530931,0.3177324017741545,-1.2213230120959688,4.404136661745881,-3.1828137928739295
49.725,-64.99637930601364,0.05295508674496242,0.5959942589560844,0.3177324017665932,-1.2213230128956947,4.40413666263506,-3.1828137918040906
49.75,-64.99637930247657,0.0529550867686571,0.5959942585598752,0.3177324017593151,-1.2213230136856477,4.404136663529283,-3.1828137907429705
49.775000000000006,-64.99637929896872,0.052955086792181146,0.5959942581644664,0.317732401752317,-1.2213230144657445,4.404136664428308,-3.1828137896906155
49.800000000000004,-64.99637929549021,0.052955086815533264,0.5959942577698585,0.31773240174559547,-1.2213230152358987,4.404136665331902,-3.182813788647064
49.825,-64.99637929204121,0.05295508683871235,0.5959942573760523,0.31773240173914724,-1.2213230159960369,4.4041366662398245,-3.182813787612363
49.85,-64.99637928862184,0.052955086861717154,0.5959942569830483,0.31773240173296896,-1.2213230167460754,4.404136667151842,-3.1828137865865513
49.875,-64.99637928523222,0.05295508688454665,0.5959942565908474,0.3177324017270573,-1.2213230174859455,4.404136668067725,-3.1828137855696665
49.900000000000006,-64.99637928187249,0.0529550869071997,0.5959942561994501,0.317732401721409,-1.2213230182155725,4.404136668987244,-3.1828137845617475
49.925000000000004,-64.99637927854276,0.05295508692967526,0.5959942558088573,0.31773240171602074,-1.2213230189348847,4.404136669910174,-3.1828137835628283
49.95,-64.99637927524316,0.05295508695197228,0.5959942554190697,0.31773240171088923,-1.2213230196438143,4.404136670836287,-3.182813782572947
49.975,-64.99637927197378,0.052955086974089814,0.595994255030088,0.3177324017060112,-1.221323020342298,4.404136671765363,-3.1828137815921336
50.0,-64.99637926873474,0.05295508699602687,0.5959942546419128,0.31773240170138334,-1.2213230210302692,4.404136672697178,-3.1828137806204224
50.025000000000006,-64.99637926552614,0.05295508701778252,0.5959942542545451,0.3177324016970024,-1.2213230217076674,4.404136673631516,-3.182813779657843
50.050000000000004,-64.99637926234809,0.05295508703935593,0.5959942538679855,0.3177324016928651,-1.2213230223744362,4.404136674568157,-3.1828137787044253
50.075,-64.99637925920065,0.052955087060746156,0.5959942534822349,0.3177324016889682,-1.221323023030513,4.404136675506892,-3.1828137777601953
50.1,-64.99637925608393,0.052955087081952346,0.5959942530972939,0.3177324016853085,-1.2213230236758421,4.404136676447506,-3.182813776825178
50.125,-64.996379252998,0.05295508710297377,0.5959942527131633,0.3177324016818826,-1.2213230243103752,4.404136677389791,-3.182813775899399
50.150000000000006,-64.99637924994295,0.05295508712380965,0.5959942523298439,0.31773240167868744,-1.22132302493406,4.404136678333535,-3.182813774982884
50.175000000000004,-64.99637924691885,0.052955087144459144,0.5959942519473367,0.31773240167571976,-1.2213230255468426,4.404136679278538,-3.1828137740756546
50.2,-64.99637924392577,0.0529550871649216,0.5959942515656422,0.3177324016729763,-1.221323026148679,4.404136680224588,-3.1828137731777315
50.225,-64.99637924096378,0.05295508718519633,0.5959942511847613,0.31773240167045386,-1.221323026739523,4.404136681171493,-3.1828137722891325
50.25,-64.99637923803293,0.05295508720528271,0.5959942508046949,0.3177324016681493,-1.2213230273193358,4.404136682119047,-3.1828137714098785
50.275000000000006,-64.99637923513329,0.05295508722518009,0.5959942504254437,0.3177324016660595,-1.2213230278880733,4.404136683067057,-3.182813770539987
50.300000000000004,-64.9963792322649,0.05295508724488782,0.5959942500470087,0.31773240166418115,-1.2213230284456935,4.404136684015328,-3.18281376967947
50.325,-64.99637922942782,0.0529550872644054,0.5959942496693904,0.3177324016625112,-1.221323028992163,4.4041366849636665,-3.182813768828345
50.35,-64.99637922662207,0.05295508728373224,0.5959942492925899,0.31773240166104644,-1.2213230295274438,4.404136685911885,-3.18281376798662
50.375,-64.99637922384771,0.05295508730286789,0.5959942489166079,0.3177324016597838,-1.221323030051507,4.404136686859791,-3.1828137671543133
50.400000000000006,-64.99637922110477,0.05295508732181185,0.5959942485414452,0.3177324016587201,-1.2213230305643201,4.404136687807199,-3.182813766331432
50.425000000000004,-64.99637921839329,0.052955087340563575,0.5959942481671027,0.3177324016578522,-1.2213230310658467,4.404136688753927,-3.182813765517986
50.45,-64.99637921571328,0.052955087359122736,0.5959942477935811,0.3177324016571771,-1.2213230315560668,4.404136689699793,-3.1828137647139827
50.475,-64.99637921306477,0.052955087377488906,0.5959942474208814,0.31773240165669164,-1.221323032034952,4.404136690644616,-3.1828137639194307
50.5,-64.99637921044778,0.05295508739566167,0.5959942470490042,0.31773240165639277,-1.2213230325024758,4.40413669158822,-3.182813763134335
50.525000000000006,-64.99637920786235,0.05295508741364072,0.5959942466779504,0.3177324016562774,-1.221323032958619,4.404136692530423,-3.182813762358704
50.550000000000004,-64.99637920530846,0.05295508743142573,0.5959942463077209,0.31773240165634253,-1.2213230334033613,4.404136693471056,-3.182813761592537
50.575,-64.99637920278612,0.052955087449016364,0.5959942459383165,0.3177324016565851,-1.22132303383668,4.404136694409955,-3.1828137608358347
50.6,-64.99637920029534,0.05295508746641238,0.595994245569738,0.3177324016570021,-1.2213230342585608,4.404136695346945,-3.182813760088601
50.625,-64.9963791978361,0.052955087483613515,0.5959942452019862,0.31773240165759054,-1.221323034668987,4.404136696281863,-3.1828137593508314
50.650000000000006,-64.99637919540844,0.05295508750061963,0.5959942448350619,0.3177324016583474,-1.2213230350679505,4.404136697214539,-3.182813758622531
50.675000000000004,-64.99637919301232,0.052955087517430464,0.595994244468966,0.3177324016592697,-1.2213230354554356,4.404136698144814,-3.182813757903695
50.7,-64.99637919064773,0.052955087534045875,0.5959942441036992,0.3177324016603545,-1.2213230358314329,4.404136699072528,-3.1828137571943187
50.725,-64.99637918831466,0.052955087550465706,0.5959942437392622,0.31773240166159883,-1.221323036195933,4.404136699997525,-3.1828137564943986
50.75,-64.99637918601309,0.05295508756668979,0.5959942433756561,0.3177324016629997,-1.2213230365489267,4.404136700919645,-3.182813755803926
50.775000000000006,-64.99637918374299,0.052955087582718136,0.5959942430128815,0.3177324016645543,-1.2213230368904155,4.404136701838739,-3.182813755122896
50.800000000000004,-64.99637918150434,0.05295508759855063,0.5959942426509393,0.31773240166625966,-1.2213230372203931,4.404136702754656,-3.1828137544513013
50.825,-64.99637917929712,0.05295508761418727,0.59599424228983,0.3177324016681129,-1.2213230375388602,4.404136703667237,-3.1828137537891363
50.85,-64.9963791771213,0.05295508762962799,0.5959942419295546,0.31773240167011113,-1.2213230378458135,4.404136704576339,-3.182813753136389
50.875,-64.99637917497682,0.05295508764487276,0.5959942415701139,0.31773240167225153,-1.221323038141253,4.404136705481822,-3.182813752493047
50.900000000000006,-64.99637917286366,0.052955087659921685,0.5959942412115087,0.3177324016745312,-1.221323038425186,4.40413670638354,-3.182813751859096
50.925000000000004,-64.99637917078176,0.05295508767477479,0.5959942408537395,0.31773240167694733,-1.2213230386976162,4.4041367072813475,-3.182813751234529
50.95,-64.9963791687311,0.05295508768943212,0.5959942404968074,0.3177324016794971,-1.221323038958547,4.404136708175113,-3.1828137506193284
50.975,-64.9963791667116,0.052955087703893816,0.5959942401407129,0.3177324016821778,-1.2213230392079897,4.404136709064694,-3.1828137500134814
51.0,-64.99637916472324,0.052955087718159974,0.5959942397854568,0.31773240168498657,-1.2213230394459518,4.404136709949959,-3.182813749416971
51.025000000000006,-64.99637916276593,0.052955087732230725,0.5959942394310399,0.31773240168792066,-1.2213230396724433,4.404136710830775,-3.18281374882978
51.050000000000004,-64.99637916083964,0.05295508774610622,0.5959942390774629,0.31773240169097733,-1.221323039887475,4.40413671170701,-3.182813748251891
51.075,-64.9963791589443,0.052955087759786613,0.5959942387247263,0.31773240169415384,-1.2213230400910589,4.404136712578533,-3.1828137476832876
51.1,-64.99637915707983,0.05295508777327219,0.595994238372831,0.3177324016974475,-1.2213230402832151,4.404136713445221,-3.1828137471239484
51.125,-64.99637915524617,0.05295508778656314,0.5959942380217778,0.31773240170085554,-1.2213230404639581,4.404136714306948,-3.182813746573852
51.150000000000006,-64.99637915344326,0.05295508779965974,0.5959942376715671,0.3177324017043754,-1.2213230406333073,4.404136715163597,-3.182813746032977
51.175000000000004,-64.99637915167101,0.05295508781256224,0.5959942373221999,0.3177324017080043,-1.2213230407912803,4.404136716015041,-3.182813745501302
51.2,-64.99637914992935,0.05295508782527092,0.5959942369736767,0.3177324017117397,-1.2213230409378977,4.404136716861163,-3.1828137449788056
51.225,-64.99637914821821,0.052955087837786054,0.5959942366259982,0.3177324017155789,-1.2213230410731781,4.404136717701846,-3.182813744465463
51.25,-64.99637914653749,0.05295508785010799,0.5959942362791649,0.3177324017195194,-1.2213230411971472,4.4041367185369795,-3.1828137439612476
51.275000000000006,-64.99637914488711,0.05295508786223712,0.5959942359331776,0.31773240172355843,-1.221323041309831,4.404136719366447,-3.1828137434661343
51.300000000000004,-64.99637914326699,0.05295508787417379,0.5959942355880369,0.31773240172769357,-1.221323041411255,4.4041367201901425,-3.1828137429800973
51.325,-64.99637914167702,0.05295508788591835,0.5959942352437434,0.3177324017319222,-1.2213230415014438,4.404136721007956,-3.1828137425031073
51.35,-64.99637914011713,0.052955087897471255,0.5959942349002977,0.3177324017362418,-1.221323041580428,4.404136721819783,-3.182813742035138
51.375,-64.9963791385872,0.052955087908832923,0.5959942345577004,0.3177324017406498,-1.2213230416482377,4.404136722625515,-3.1828137415761604
51.400000000000006,-64.99637913708715,0.05295508792000378,0.5959942342159521,0.31773240174514383,-1.2213230417049017,4.404136723425054,-3.1828137411261435
51.425000000000004,-64.99637913561686,0.05295508793098434,0.5959942338750532,0.3177324017497213,-1.2213230417504564,4.404136724218298,-3.1828137406850585
51.45,-64.99637913417625,0.05295508794177502,0.5959942335350046,0.3177324017543798,-1.2213230417849303,4.404136725005148,-3.1828137402528753
51.475,-64.9963791327652,0.05295508795237634,0.5959942331958065,0.3177324017591168,-1.2213230418083598,4.4041367257855075,-3.1828137398295593
51.5,-64.99637913138359,0.05295508796278878,0.5959942328574596,0.31773240176393,-1.2213230418207766,4.404136726559283,-3.182813739415077
51.525000000000006,-64.99637913003133,0.05295508797301291,0.5959942325199644,0.3177324017688169,-1.2213230418222225,4.4041367273263825,-3.1828137390093985
51.550000000000004,-64.9963791287083,0.05295508798304932,0.5959942321833214,0.31773240177377515,-1.221323041812736,4.404136728086712,-3.1828137386124893
51.575,-64.99637912741437,0.052955087992898504,0.5959942318475311,0.31773240177880235,-1.2213230417923524,4.404136728840186,-3.1828137382243114
51.6,-64.99637912614944,0.05295508800256109,0.5959942315125939,0.3177324017838962,-1.2213230417611134,4.404136729586719,-3.1828137378448305
51.625,-64.99637912491337,0.05295508801203766,0.5959942311785104,0.3177324017890544,-1.2213230417190601,4.404136730326223,-3.1828137374740124
51.650000000000006,-64.99637912370605,0.0529550880213288,0.5959942308452809,0.3177324017942745,-1.2213230416662324,4.4041367310586175,-3.1828137371118146
51.675000000000004,-64.99637912252736,0.05295508803043519,0.595994230512906,0.3177324017995543,-1.2213230416026777,4.404136731783819,-3.1828137367582072
51.7,-64.99637912137716,0.05295508803935748,0.5959942301813861,0.31773240180489154,-1.221323041528439,4.4041367325017475,-3.1828137364131477
51.725,-64.99637912025533,0.05295508804809629,0.5959942298507215,0.31773240181028395,-1.2213230414435594,4.404136733212329,-3.182813736076598
51.75,-64.99637911916173,0.052955088056652326,0.5959942295209126,0.31773240181572926,-1.2213230413480873,4.404136733915483,-3.182813735748519
51.775000000000006,-64.99637911809623,0.052955088065026294,0.5959942291919599,0.3177324018212253,-1.2213230412420706,4.404136734611143,-3.1828137354288684
51.800000000000004,-64.9963791170587,0.052955088073218866,0.5959942288638637,0.3177324018267699,-1.2213230411255556,4.404136735299231,-3.182813735117608
51.825,-64.99637911604898,0.0529550880812308,0.5959942285366243,0.3177324018323608,-1.2213230409985931,4.40413673597968,-3.182813734814695
51.85,-64.99637911506696,0.05295508808906277,0.5959942282102422,0.3177324018379959,-1.2213230408612297,4.404136736652423,-3.1828137345200873
51.875,-64.99637911411249,0.05295508809671564,0.5959942278847175,0.3177324018436731,-1.2213230407135243,4.404136737317388,-3.1828137342337457
51.900000000000006,-64.99637911318541,0.05295508810419007,0.5959942275600506,0.31773240184939017,-1.221323040555521,4.404136737974514,-3.1828137339556233
51.925000000000004,-64.9963791122856,0.05295508811148692,0.5959942272362418,0.3177324018551451,-1.2213230403872797,4.404136738623739,-3.1828137336856783
51.95,-64.99637911141289,0.05295508811860695,0.5959942269132914,0.3177324018609358,-1.2213230402088502,4.404136739264997,-3.1828137334238673
51.975,-64.99637911056716,0.05295508812555093,0.5959942265911996,0.3177324018667602,-1.2213230400202861,4.404136739898227,-3.1828137331701485
52.0,-64.99637910974823,0.052955088132319666,0.5959942262699667,0.3177324018726163,-1.2213230398216415,4.4041367405233816,-3.1828137329244695
52.025000000000006,-64.99637910895596,0.052955088138914044,0.5959942259495928,0.31773240187850205,-1.2213230396129766,4.404136741140398,-3.182813732686789
52.050000000000004,-64.99637910819021,0.05295508814533488,0.5959942256300782,0.3177324018844154,-1.221323039394347,4.404136741749219,-3.1828137324570633
52.075,-64.9963791074508,0.052955088151583,0.5959942253114231,0.3177324018903545,-1.2213230391658079,4.404136742349796,-3.1828137322352417
52.1,-64.99637910673759,0.052955088157659334,0.5959942249936276,0.3177324018963173,-1.2213230389274228,4.40413674294208,-3.1828137320212773
52.125,-64.99637910605041,0.05295508816356477,0.5959942246766919,0.3177324019023019,-1.2213230386792517,4.40413674352602,-3.1828137318151235
52.150000000000006,-64.99637910538911,0.052955088169300106,0.5959942243606162,0.31773240190830637,-1.2213230384213483,4.404136744101568,-3.182813731616733
52.175000000000004,-64.99637910475353,0.05295508817486632,0.5959942240454006,0.3177324019143288,-1.2213230381537792,4.404136744668674,-3.1828137314260587
52.2,-64.9963791041435,0.052955088180264315,0.5959942237310452,0.3177324019203673,-1.221323037876605,4.404136745227296,-3.18281373124305
52.225,-64.99637910355885,0.05295508818549497,0.5959942234175499,0.31773240192642005,-1.2213230375898847,4.404136745777397,-3.182813731067655
52.25,-64.99637910299943,0.05295508819055929,0.5959942231049151,0.3177324019324852,-1.2213230372936867,4.40413674631893,-3.1828137308998277
52.275000000000006,-64.99637910246506,0.05295508819545818,0.5959942227931406,0.31773240193856095,-1.221323036988072,4.404136746851859,-3.182813730739517
52.300000000000004,-64.99637910195558,0.05295508820019258,0.5959942224822267,0.31773240194464547,-1.2213230366731038,4.404136747376139,-3.1828137305866746
52.325,-64.99637910147082,0.052955088204763454,0.5959942221721731,0.317732401950737,-1.2213230363488468,4.40413674789174,-3.1828137304412465
52.35,-64.9963791010106,0.052955088209171795,0.59599422186298,0.3177324019568338,-1.2213230360153684,4.404136748398628,-3.182813730303181
52.375,-64.99637910057477,0.052955088213418586,0.5959942215546473,0.31773240196293406,-1.221323035672734,4.404136748896763,-3.182813730172431
52.400000000000006,-64.99637910016314,0.05295508821750479,0.595994221247175,0.3177324019690361,-1.2213230353210092,4.404136749386118,-3.1828137300489416
52.425000000000004,-64.99637909977552,0.05295508822143145,0.5959942209405632,0.3177324019751383,-1.2213230349602633,4.404136749866667,-3.182813729932657
52.45,-64.99637909941177,0.05295508822519957,0.5959942206348117,0.3177324019812389,-1.221323034590565,4.404136750338376,-3.1828137298235304
52.475,-64.99637909907169,0.052955088228810225,0.5959942203299203,0.3177324019873363,-1.2213230342119854,4.404136750801219,-3.1828137297215062
52.5,-64.9963790987551,0.052955088232264344,0.5959942200258891,0.31773240199342884,-1.221323033824587,4.404136751255173,-3.1828137296265298
52.525000000000006,-64.99637909846183,0.05295508823556301,0.5959942197227178,0.31773240199951486,-1.2213230334284433,4.404136751700211,-3.1828137295385486
52.550000000000004,-64.9963790981917,0.05295508823870724,0.5959942194204064,0.3177324020055928,-1.2213230330236213,4.404136752136311,-3.1828137294575085
52.575,-64.99637909794453,0.05295508824169815,0.5959942191189547,0.31773240201166103,-1.2213230326101971,4.404136752563449,-3.1828137293833576
52.6,-64.99637909772014,0.05295508824453671,0.5959942188183625,0.3177324020177181,-1.2213230321882347,4.404136752981609,-3.182813729316041
52.625,-64.99637909751834,0.05295508824722405,0.5959942185186295,0.31773240202376235,-1.2213230317578103,4.404136753390769,-3.1828137292555025
52.650000000000006,-64.99637909733896,0.05295508824976125,0.5959942182197557,0.31773240202979236,-1.2213230313189964,4.404136753790917,-3.1828137292016874
52.675000000000004,-64.9963790971818,0.05295508825214938,0.5959942179217408,0.3177324020358066,-1.2213230308718643,4.404136754182035,-3.18281372915454
52.7,-64.99637909704668,0.052955088254389535,0.5959942176245845,0.3177324020418036,-1.221323030416487,4.40413675456411,-3.182813729114005
52.725,-64.99637909693342,0.05295508825648277,0.5959942173282866,0.31773240204778186,-1.221323029952936,4.404136754937128,-3.182813729080027
52.75,-64.99637909684184,0.05295508825843024,0.5959942170328468,0.31773240205374,-1.2213230294812878,4.404136755301078,-3.1828137290525502
52.775000000000006,-64.99637909677173,0.05295508826023308,0.5959942167382648,0.31773240205967657,-1.221323029001619,4.404136755655951,-3.1828137290315195
52.800000000000004,-64.99637909672292,0.05295508826189234,0.5959942164445402,0.31773240206559017,-1.2213230285139984,4.404136756001738,-3.182813729016875
52.825,-64.99637909669521,0.05295508826340917,0.5959942161516727,0.3177324020714794,-1.2213230280185041,4.404136756338431,-3.182813729008562
52.85,-64.99637909668841,0.05295508826478469,0.595994215859662,0.31773240207734293,-1.2213230275152105,4.404136756666025,-3.1828137290065244
52.875,-64.99637909670236,0.052955088266020016,0.5959942155685076,0.31773240208317943,-1.2213230270041917,4.404136756984512,-3.1828137290107064
52.900000000000006,-64.99637909673683,0.052955088267116306,0.5959942152782093,0.31773240208898756,-1.221323026485525,4.404136757293893,-3.182813729021049
52.925000000000004,-64.99637909679166,0.052955088268074706,0.5959942149887665,0.31773240209476605,-1.2213230259592875,4.404136757594164,-3.182813729037497
52.95,-64.99637909686663,0.05295508826889639,0.5959942147001788,0.31773240210051357,-1.2213230254255565,4.404136757885323,-3.1828137290599896
52.975,-64.99637909696158,0.05295508826958248,0.5959942144124458,0.3177324021062289,-1.2213230248844074,4.404136758167372,-3.1828137290884726
53.0,-64.99637909707629,0.052955088270134135,0.5959942141255671,0.31773240211191073,-1.2213230243359172,4.404136758440313,-3.1828137291228855
53.025000000000006,-64.99637909721058,0.05295508827055254,0.5959942138395421,0.3177324021175579,-1.2213230237801656,4.404136758704145,-3.1828137291631733
53.050000000000004,-64.99637909736425,0.05295508827083884,0.5959942135543703,0.31773240212316917,-1.221323023217227,4.404136758958876,-3.182813729209276
53.075,-64.99637909753713,0.052955088270994204,0.5959942132700512,0.3177324021287434,-1.22132302264718,4.4041367592045075,-3.1828137292611385
53.1,-64.996379097729,0.0529550882710198,0.5959942129865843,0.31773240213427933,-1.221323022070103,4.404136759441048,-3.1828137293187013
53.125,-64.99637909793968,0.052955088270916814,0.5959942127039689,0.3177324021397759,-1.221323021486074,4.404136759668504,-3.182813729381904
53.150000000000006,-64.99637909816897,0.05295508827068646,0.5959942124222046,0.3177324021452319,-1.2213230208951737,4.404136759886884,-3.1828137294506917
53.175000000000004,-64.99637909841667,0.052955088270329846,0.5959942121412908,0.3177324021506463,-1.2213230202974763,4.404136760096203,-3.1828137295250003
53.2,-64.9963790986826,0.052955088269848224,0.5959942118612267,0.31773240215601795,-1.2213230196930644,4.404136760296463,-3.1828137296047783
53.225,-64.99637909896654,0.05295508826924277,0.5959942115820118,0.3177324021613458,-1.221323019082016,4.404136760487683,-3.1828137296899626
53.25,-64.99637909926831,0.05295508826851464,0.5959942113036455,0.3177324021666288,-1.2213230184644077,4.404136760669878,-3.182813729780493
53.275000000000006,-64.99637909958771,0.052955088267665075,0.595994211026127,0.3177324021718659,-1.2213230178403223,4.404136760843057,-3.182813729876314
53.300000000000004,-64.99637909992457,0.05295508826669529,0.5959942107494557,0.31773240217705606,-1.2213230172098397,4.404136761007233,-3.18281372997737
53.325,-64.99637910027866,0.052955088265606444,0.5959942104736309,0.31773240218219834,-1.2213230165730375,4.404136761162428,-3.1828137300835975
53.35,-64.99637910064979,0.05295508826439976,0.5959942101986517,0.3177324021872917,-1.221323015929996,4.40413676130866,-3.182813730194937
53.375,-64.99637910103777,0.052955088263076426,0.5959942099245176,0.31773240219233523,-1.2213230152807937,4.404136761445944,-3.182813730311332
53.400000000000006,-64.99637910144241,0.05295508826163767,0.5959942096512277,0.31773240219732796,-1.2213230146255125,4.404136761574301,-3.182813730432724
53.425000000000004,-64.99637910186351,0.05295508826008473,0.5959942093787813,0.31773240220226895,-1.2213230139642341,4.404136761693752,-3.182813730559053
53.45,-64.99637910230086,0.05295508825841876,0.5959942091071776,0.3177324022071573,-1.221323013297035,4.40413676180432,-3.182813730690259
53.475,-64.99637910275429,0.052955088256641004,0.5959942088364157,0.31773240221199217,-1.2213230126239971,4.404136761906025,-3.1828137308262865
53.5,-64.99637910322359,0.052955088254752626,0.5959942085664949,0.3177324022167726,-1.2213230119451968,4.404136761998888,-3.1828137309670765
53.525000000000006,-64.99637910370856,0.05295508825275491,0.5959942082974142,0.3177324022214978,-1.22132301126072,4.404136762082937,-3.1828137311125686
53.550000000000004,-64.99637910420901,0.05295508825064905,0.5959942080291728,0.3177324022261669,-1.2213230105706445,4.404136762158197,-3.1828137312627036
53.575,-64.99637910472474,0.052955088248436255,0.5959942077617698,0.31773240223077903,-1.221323009875051,4.404136762224696,-3.182813731417421
53.6,-64.99637910525556,0.05295508824611772,0.5959942074952044,0.31773240223533344,-1.2213230091740177,4.404136762282455,-3.1828137315766667
53.625,-64.99637910580127,0.05295508824369473,0.5959942072294756,0.31773240223982935,-1.2213230084676299,4.4041367623315075,-3.18281373174038
53.650000000000006,-64.99637910636167,0.05295508824116838,0.5959942069645825,0.31773240224426597,-1.221323007755959,4.4041367623718815,-3.1828137319085017
53.675000000000004,-64.99637910693657,0.052955088238540005,0.595994206700524,0.3177324022486426,-1.2213230070390935,4.404136762403609,-3.1828137320809717
53.7,-64.99637910752578,0.052955088235810764,0.5959942064372994,0.31773240225295846,-1.2213230063171094,4.40413676242672,-3.182813732257735
53.725,-64.9963791081291,0.05295508823298189,0.5959942061749075,0.31773240225721283,-1.2213230055900883,4.404136762441243,-3.1828137324387313
53.75,-64.99637910874634,0.052955088230054605,0.5959942059133474,0.31773240226140503,-1.2213230048581105,4.404136762447214,-3.1828137326239014
53.775000000000006,-64.9963791093773,0.05295508822703011,0.595994205652618,0.31773240226553434,-1.2213230041212542,4.4041367624446615,-3.18281373281319
53.800000000000004,-64.99637911002179,0.05295508822390965,0.5959942053927182,0.31773240226960014,-1.2213230033796028,4.404136762433624,-3.182813733006537
53.825,-64.99637911067961,0.05295508822069442,0.5959942051336471,0.3177324022736018,-1.2213230026332331,4.404136762414138,-3.1828137332038833
53.85,-64.99637911135058,0.05295508821738563,0.5959942048754036,0.3177324022775386,-1.2213230018822256,4.404136762386234,-3.182813733405173
53.875,-64.99637911203449,0.05295508821398451,0.5959942046179866,0.31773240228141,-1.2213230011266616,4.404136762349956,-3.1828137336103466
53.900000000000006,-64.99637911273116,0.05295508821049224,0.5959942043613949,0.3177324022852153,-1.2213230003666178,4.404136762305331,-3.1828137338193483
53.925000000000004,-64.9963791134404,0.05295508820691006,0.5959942041056275,0.31773240228895405,-1.2213229996021753,4.404136762252405,-3.182813734032119
53.95,-64.99637911416201,0.052955088203239166,0.5959942038506832,0.31773240229262556,-1.2213229988334124,4.404136762191211,-3.182813734248603
53.975,-64.9963791148958,0.05295508819948077,0.595994203596561,0.31773240229622934,-1.2213229980604094,4.404136762121792,-3.1828137344687404
54.0,-64.99637911564159,0.052955088195636074,0.5959942033432595,0.31773240229976485,-1.2213229972832447,4.404136762044187,-3.182813734692476
54.025000000000006,-64.99637911639917,0.0529550881917063,0.5959942030907776,0.3177324023032316,-1.221322996501998,4.404136761958442,-3.1828137349197503
54.050000000000004,-64.99637911716836,0.05295508818769265,0.5959942028391141,0.31773240230662897,-1.2213229957167488,4.404136761864592,-3.1828137351505075
54.075,-64.99637911794898,0.05295508818359631,0.5959942025882677,0.3177324023099566,-1.2213229949275741,4.4041367617626825,-3.1828137353846926
54.1,-64.99637911874082,0.05295508817941846,0.5959942023382374,0.3177324023132139,-1.2213229941345505,4.404136761652756,-3.1828137356222457
54.125,-64.9963791195437,0.05295508817516038,0.5959942020890218,0.31773240231640054,-1.2213229933377627,4.404136761534859,-3.182813735863111
54.150000000000006,-64.99637912035745,0.05295508817082319,0.5959942018406196,0.317732402319516,-1.2213229925372844,4.40413676140903,-3.1828137361072337
54.175000000000004,-64.99637912118186,0.052955088166408135,0.5959942015930295,0.31773240232255984,-1.2213229917331951,4.404136761275316,-3.1828137363545577
54.2,-64.99637912201676,0.05295508816191636,0.5959942013462503,0.3177324023255317,-1.221322990925571,4.404136761133763,-3.1828137366050284
54.225,-64.99637912286195,0.052955088157349096,0.5959942011002806,0.31773240232843114,-1.221322990114492,4.4041367609844215,-3.1828137368585856
54.25,-64.99637912371726,0.052955088152707455,0.5959942008551191,0.31773240233125777,-1.2213229893000304,4.404136760827329,-3.182813737115178
54.275000000000006,-64.9963791245825,0.052955088147992664,0.5959942006107646,0.31773240233401123,-1.221322988482267,4.404136760662536,-3.182813737374751
54.300000000000004,-64.99637912545748,0.05295508814320592,0.5959942003672155,0.3177324023366912,-1.2213229876612783,4.404136760490097,-3.1828137376372436
54.325,-64.99637912634202,0.05295508813834835,0.5959942001244706,0.3177324023392973,-1.2213229868371391,4.404136760310051,-3.182813737902606
54.35,-64.99637912723594,0.05295508813342113,0.5959941998825284,0.3177324023418292,-1.221322986009926,4.404136760122452,-3.1828137381707817
54.375,-64.99637912813905,0.05295508812842547,0.5959941996413877,0.3177324023442866,-1.2213229851797167,4.404136759927351,-3.182813738441716
54.400000000000006,-64.99637912905118,0.0529550881233625,0.5959941994010468,0.3177324023466693,-1.2213229843465847,4.404136759724796,-3.1828137387153532
54.425000000000004,-64.99637912997214,0.052955088118233386,0.5959941991615045,0.3177324023489768,-1.2213229835106072,4.404136759514835,-3.182813738991642
54.45,-64.99637913090176,0.05295508811303933,0.5959941989227593,0.31773240235120903,-1.221322982671862,4.404136759297523,-3.1828137392705274
54.475,-64.99637913183984,0.052955088107781406,0.5959941986848096,0.31773240235336564,-1.2213229818304172,4.40413675907291,-3.1828137395519533
54.5,-64.99637913278623,0.05295508810246081,0.5959941984476541,0.3177324023554464,-1.221322980986352,4.404136758841048,-3.182813739835869
54.525000000000006,-64.99637913374073,0.05295508809707867,0.5959941982112913,0.31773240235745115,-1.221322980139739,4.404136758601994,-3.1828137401222194
54.550000000000004,-64.99637913470318,0.052955088091636175,0.5959941979757196,0.31773240235937955,-1.2213229792906555,4.404136758355791,-3.1828137404109524
54.575,-64.99637913567338,0.05295508808613443,0.5959941977409375,0.3177324023612315,-1.2213229784391733,4.404136758102504,-3.1828137407020134
54.6,-64.99637913665119,0.05295508808057457,0.5959941975069436,0.31773240236300676,-1.221322977585366,4.404136757842174,-3.1828137409953556
54.625,-64.9963791376364,0.05295508807495774,0.5959941972737363,0.3177324023647052,-1.2213229767293068,4.404136757574868,-3.1828137412909183
54.650000000000006,-64.99637913862885,0.05295508806928507,0.595994197041314,0.3177324023663266,-1.2213229758710702,4.404136757300634,-3.1828137415886557
54.675000000000004,-64.99637913962839,0.052955088063557594,0.5959941968096751,0.31773240236787087,-1.2213229750107224,4.404136757019526,-3.1828137418885163
54.7,-64.99637914063482,0.05295508805777654,0.5959941965788181,0.3177324023693378,-1.2213229741483425,4.4041367567316,-3.182813742190444
54.725,-64.99637914164796,0.05295508805194297,0.5959941963487414,0.31773240237072736,-1.2213229732839996,4.404136756436919,-3.182813742494389
54.75,-64.99637914266768,0.05295508804605799,0.5959941961194434,0.31773240237203937,-1.221322972417765,4.404136756135529,-3.182813742800303
54.775000000000006,-64.99637914369379,0.05295508804012275,0.5959941958909224,0.3177324023732737,-1.2213229715497131,4.404136755827486,-3.182813743108136
54.800000000000004,-64.9963791447261,0.05295508803413831,0.5959941956631768,0.31773240237443034,-1.2213229706799122,4.404136755512856,-3.1828137434178316
54.825,-64.99637914576448,0.05295508802810571,0.595994195436205,0.3177324023755092,-1.2213229698084291,4.4041367551916935,-3.1828137437293433
54.85,-64.99637914680875,0.052955088022026114,0.5959941952100053,0.3177324023765102,-1.2213229689353389,4.404136754864049,-3.1828137440426247
54.875,-64.99637914785873,0.05295508801590054,0.5959941949845761,0.3177324023774333,-1.2213229680607072,4.40413675452999,-3.1828137443576194
54.900000000000006,-64.99637914891427,0.0529550880097301,0.5959941947599156,0.31773240237827843,-1.2213229671846053,4.404136754189571,-3.1828137446742812
54.925000000000004,-64.99637914997521,0.052955088003515866,0.5959941945360222,0.3177324023790456,-1.2213229663071026,4.404136753842846,-3.1828137449925635
54.95,-64.99637915104138,0.05295508799725891,0.5959941943128941,0.31773240237973477,-1.2213229654282682,4.40413675348988,-3.1828137453124143
54.975,-64.99637915211262,0.0529550879909603,0.5959941940905298,0.31773240238034595,-1.22132296454817,4.404136753130726,-3.182813745633787
55.0,-64.99637915318877,0.052955087984621015,0.5959941938689274,0.31773240238087913,-1.2213229636668717,4.40413675276545,-3.1828137459566306
55.025000000000006,-64.99637915426966,0.0529550879782422,0.5959941936480851,0.3177324023813344,-1.221322962784446,4.404136752394111,-3.1828137462808983
55.050000000000004,-64.99637915535514,0.05295508797182488,0.5959941934280013,0.3177324023817117,-1.2213229619009596,4.4041367520167665,-3.1828137466065427
55.075,-64.99637915644506,0.05295508796537008,0.5959941932086742,0.3177324023820111,-1.221322961016477,4.404136751633477,-3.1828137469335176
55.1,-64.99637915753925,0.0529550879588788,0.595994192990102,0.31773240238223266,-1.2213229601310631,4.404136751244301,-3.1828137472617755
55.125,-64.99637915863757,0.052955087952352084,0.5959941927722829,0.31773240238237643,-1.2213229592447843,4.4041367508492995,-3.1828137475912697
55.150000000000006,-64.99637915973986,0.052955087945790964,0.5959941925552152,0.3177324023824425,-1.2213229583577074,4.40413675044853,-3.1828137479219576
55.175000000000004,-64.99637916084596,0.05295508793919646,0.595994192338897,0.31773240238243095,-1.221322957469897,4.40413675004206,-3.182813748253788
55.2,-64.99637916195573,0.05295508793256961,0.5959941921233266,0.31773240238234185,-1.2213229565814192,4.404136749629946,-3.1828137485867187
55.225,-64.99637916306901,0.05295508792591138,0.595994191908502,0.3177324023821753,-1.2213229556923362,4.40413674921225,-3.1828137489207022
55.25,-64.99637916418564,0.052955087919222765,0.5959941916944215,0.31773240238193146,-1.2213229548027118,4.404136748789036,-3.182813749255692
55.275000000000006,-64.99637916530548,0.052955087912504695,0.5959941914810831,0.3177324023816104,-1.2213229539126038,4.404136748360362,-3.182813749591645
55.300000000000004,-64.9963791664284,0.05295508790575824,0.5959941912684852,0.31773240238121225,-1.2213229530220817,4.404136747926291,-3.182813749928519
55.325,-64.99637916755422,0.05295508789898435,0.5959941910566258,0.31773240238073724,-1.221322952131206,4.404136747486888,-3.182813750266267
55.35,-64.99637916868282,0.052955087892184,0.595994190845503,0.31773240238018546,-1.221322951240038,4.4041367470422115,-3.182813750604846
55.375,-64.99637916981405,0.05295508788535814,0.5959941906351149,0.3177324023795571,-1.221322950348639,4.404136746592323,-3.1828137509442143
55.400000000000006,-64.99637917094775,0.05295508787850772,0.5959941904254596,0.31773240237885225,-1.2213229494570685,4.404136746137289,-3.182813751284324
55.425000000000004,-64.99637917208379,0.052955087871633694,0.5959941902165353,0.31773240237807115,-1.2213229485653874,4.404136745677166,-3.182813751625137
55.45,-64.99637917322204,0.052955087864737044,0.5959941900083401,0.317732402377214,-1.2213229476736585,4.404136745212018,-3.1828137519666115
55.475,-64.99637917436233,0.052955087857818696,0.5959941898008719,0.317732402376281,-1.2213229467819398,4.404136744741912,-3.1828137523086992
55.5,-64.99637917550454,0.05295508785087954,0.595994189594129,0.3177324023752723,-1.221322945890288,4.404136744266907,-3.182813752651363
55.525000000000006,-64.99637917664855,0.0529550878439206,0.5959941893881093,0.31773240237418815,-1.2213229449987684,4.404136743787062,-3.1828137529945635
55.550000000000004,-64.99637917779418,0.052955087836942666,0.595994189182811,0.3177324023730288,-1.2213229441074303,4.404136743302448,-3.1828137533382543
55.575,-64.99637917894132,0.05295508782994673,0.595994188978232,0.31773240237179445,-1.2213229432163364,4.404136742813123,-3.1828137536823973
55.6,-64.99637918008985,0.0529550878229337,0.5959941887743704,0.3177324023704854,-1.221322942325545,4.4041367423191495,-3.1828137540269537
55.625,-64.9963791812396,0.05295508781590446,0.5959941885712242,0.31773240236910183,-1.221322941435111,4.404136741820592,-3.182813754371881
55.650000000000006,-64.99637918239047,0.05295508780885991,0.5959941883687915,0.317732402367644,-1.2213229405450912,4.404136741317509,-3.1828137547171407
55.675000000000004,-64.99637918354232,0.052955087801800915,0.5959941881670702,0.3177324023661122,-1.2213229396555407,4.4041367408099665,-3.182813755062695
55.7,-64.99637918469502,0.05295508779472832,0.5959941879660584,0.3177324023645067,-1.2213229387665123,4.404136740298025,-3.1828137554085045
55.725,-64.99637918584843,0.05295508778764305,0.5959941877657541,0.31773240236282785,-1.221322937878064,4.404136739781753,-3.1828137557545273
55.75,-64.99637918700243,0.05295508778054595,0.5959941875661552,0.31773240236107586,-1.2213229369902487,4.404136739261209,-3.1828137561007295
55.775000000000006,-64.9963791881569,0.05295508777343787,0.5959941873672597,0.31773240235925104,-1.2213229361031204,4.40413673873646,-3.182813756447068
55.800000000000004,-64.9963791893117,0.05295508776631969,0.5959941871690657,0.31773240235735367,-1.2213229352167345,4.404136738207563,-3.1828137567935086
55.825,-64.99637919046671,0.05295508775919221,0.5959941869715711,0.3177324023553841,-1.22132293433114,4.404136737674584,-3.1828137571400132
55.85,-64.99637919162183,0.05295508775205629,0.5959941867747739,0.3177324023533426,-1.221322933446392,4.404136737137582,-3.182813757486548
55.875,-64.99637919277691,0.0529550877449127,0.595994186578672,0.31773240235122957,-1.221322932562538,4.404136736596624,-3.182813757833074
55.900000000000006,-64.99637919393184,0.05295508773776234,0.5959941863832634,0.3177324023490453,-1.2213229316796348,4.4041367360517745,-3.182813758179553
55.925000000000004,-64.9963791950865,0.05295508773060598,0.595994186188546,0.3177324023467902,-1.22132293079773,4.404136735503093,-3.1828137585259513
55.95,-64.99637919624078,0.052955087723444455,0.5959941859945178,0.3177324023444645,-1.2213229299168757,4.404136734950642,-3.1828137588722343
55.975,-64.99637919739455,0.05295508771627857,0.5959941858011767,0.3177324023420686,-1.2213229290371224,4.404136734394487,-3.1828137592183636
56.0,-64.99637919854769,0.05295508770910908,0.5959941856085206,0.3177324023396029,-1.221322928158517,4.404136733834689,-3.1828137595643056
56.025000000000006,-64.9963791997001,0.05295508770193682,0.5959941854165475,0.3177324023370678,-1.2213229272811117,4.404136733271308,-3.18281375991003
56.050000000000004,-64.99637920085166,0.05295508769476252,0.5959941852252553,0.31773240233446354,-1.2213229264049517,4.404136732704407,-3.182813760255499
56.075,-64.99637920200226,0.052955087687586916,0.5959941850346419,0.31773240233179056,-1.2213229255300815,4.4041367321340505,-3.1828137606006774
56.1,-64.99637920315179,0.05295508768041087,0.595994184844705,0.31773240232904926,-1.2213229246565565,4.404136731560297,-3.1828137609455367
56.125,-64.99637920430014,0.05295508767323504,0.5959941846554428,0.31773240232624,-1.2213229237844165,4.404136730983208,-3.182813761290042
56.150000000000006,-64.9963792054472,0.052955087666060253,0.5959941844668531,0.31773240232336325,-1.2213229229137128,4.404136730402851,-3.182813761634159
56.175000000000004,-64.99637920659286,0.052955087658887234,0.5959941842789338,0.3177324023204194,-1.2213229220444901,4.404136729819284,-3.1828137619778585
56.2,-64.99637920773702,0.05295508765171668,0.5959941840916827,0.31773240231740874,-1.2213229211767915,4.404136729232568,-3.182813762321106
56.225,-64.99637920887956,0.05295508764454931,0.5959941839050977,0.3177324023143318,-1.2213229203106613,4.40413672864277,-3.182813762663868
56.25,-64.9963792100204,0.05295508763738587,0.5959941837191768,0.317732402311189,-1.2213229194461457,4.404136728049946,-3.1828137630061177
56.275000000000006,-64.99637921115941,0.05295508763022707,0.5959941835339178,0.31773240230798067,-1.221322918583288,4.404136727454157,-3.182813763347822
56.300000000000004,-64.9963792122965,0.052955087623073625,0.5959941833493184,0.31773240230470734,-1.221322917722132,4.404136726855468,-3.1828137636889506
56.325,-64.99637921343158,0.0529550876159262,0.5959941831653768,0.3177324023013694,-1.221322916862719,4.4041367262539355,-3.1828137640294742
56.35,-64.99637921456456,0.0529550876087855,0.5959941829820906,0.3177324022979673,-1.2213229160050927,4.404136725649617,-3.1828137643693664
56.375,-64.99637921569531,0.052955087601652205,0.5959941827994578,0.31773240229450145,-1.2213229151492935,4.404136725042579,-3.1828137647085937
56.400000000000006,-64.99637921682375,0.05295508759452698,0.5959941826174762,0.3177324022909724,-1.2213229142953628,4.404136724432886,-3.182813765047126
56.425000000000004,-64.9963792179498,0.052955087587410486,0.5959941824361435,0.3177324022873805,-1.2213229134433408,4.4041367238205895,-3.182813765384938
56.45,-64.99637921907333,0.05295508758030343,0.5959941822554579,0.31773240228372623,-1.2213229125932705,4.404136723205754,-3.1828137657219995
56.475,-64.99637922019429,0.05295508757320641,0.5959941820754169,0.3177324022800101,-1.2213229117451887,4.4041367225884365,-3.182813766058285
56.5,-64.99637922131255,0.05295508756612007,0.5959941818960185,0.3177324022762325,-1.2213229108991337,4.404136721968697,-3.1828137663937652
56.525000000000006,-64.99637922242805,0.05295508755904512,0.5959941817172605,0.31773240227239397,-1.2213229100551497,4.404136721346594,-3.182813766728414
56.550000000000004,-64.99637922354067,0.05295508755198206,0.5959941815391407,0.317732402268495,-1.221322909213266,4.404136720722193,-3.182813767062201
56.575,-64.99637922465035,0.052955087544931646,0.595994181361657,0.317732402264536,-1.2213229083735293,4.404136720095544,-3.182813767395106
56.6,-64.996379225757,0.052955087537894394,0.5959941811848073,0.31773240226051747,-1.2213229075359704,4.404136719466712,-3.1828137677270987
56.625,-64.99637922686051,0.05295508753087095,0.5959941810085893,0.3177324022564399,-1.2213229067006277,4.404136718835753,-3.1828137680581534
56.650000000000006,-64.99637922796082,0.05295508752386192,0.5959941808330007,0.3177324022523038,-1.2213229058675386,4.404136718202727,-3.1828137683882445
56.675000000000004,-64.99637922905782,0.05295508751686784,0.5959941806580396,0.31773240224810967,-1.2213229050367342,4.404136717567692,-3.1828137687173466
56.7,-64.99637923015146,0.052955087509889365,0.5959941804837036,0.317732402243858,-1.221322904208255,4.4041367169307035,-3.1828137690454383
56.725,-64.99637923124165,0.05295508750292705,0.5959941803099906,0.3177324022395493,-1.2213229033821345,4.404136716291818,-3.182813769372494
56.75,-64.9963792323283,0.05295508749598143,0.5959941801368985,0.31773240223518406,-1.2213229025584027,4.404136715651099,-3.182813769698488
56.775000000000006,-64.99637923341133,0.05295508748905311,0.595994179964425,0.3177324022307628,-1.2213229017370981,4.4041367150085975,-3.1828137700233996
56.800000000000004,-64.99637923449068,0.05295508748214264,0.595994179792568,0.31773240222628607,-1.2213229009182527,4.404136714364374,-3.1828137703472024
56.825,-64.99637923556625,0.05295508747525052,0.5959941796213252,0.3177324022217543,-1.2213229001018946,4.404136713718482,-3.1828137706698754
56.85,-64.99637923663799,0.052955087468377314,0.5959941794506944,0.3177324022171681,-1.2213228992880596,4.4041367130709785,-3.1828137709913973
56.875,-64.99637923770581,0.05295508746152356,0.5959941792806736,0.31773240221252785,-1.221322898476778,4.40413671242192,-3.182813771311743
56.900000000000006,-64.99637923876963,0.05295508745468977,0.5959941791112604,0.3177324022078342,-1.2213228976680808,4.404136711771366,-3.18281377163089
56.925000000000004,-64.99637923982941,0.05295508744787651,0.5959941789424528,0.3177324022030877,-1.2213228968620025,4.404136711119364,-3.1828137719488225
56.95,-64.99637924088505,0.05295508744108424,0.5959941787742484,0.31773240219828874,-1.2213228960585683,4.404136710465973,-3.182813772265514
56.975,-64.99637924193648,0.05295508743431345,0.5959941786066452,0.31773240219343796,-1.2213228952578075,4.404136709811252,-3.182813772580944
57.0,-64.99637924298365,0.05295508742756467,0.5959941784396408,0.3177324021885359,-1.2213228944597512,4.40413670915525,-3.182813772895095
57.025000000000006,-64.99637924402649,0.052955087420838404,0.5959941782732331,0.317732402183583,-1.2213228936644296,4.404136708498024,-3.1828137732079456
57.050000000000004,-64.99637924506492,0.05295508741413509,0.59599417810742,0.3177324021785799,-1.221322892871868,4.404136707839628,-3.182813773519474
57.075,-64.99637924609888,0.05295508740745522,0.5959941779421991,0.31773240217352705,-1.2213228920820944,4.404136707180111,-3.1828137738296647
57.1,-64.99637924712832,0.05295508740079923,0.5959941777775684,0.3177324021684251,-1.2213228912951344,4.404136706519535,-3.182813774138495
57.125,-64.99637924815316,0.05295508739416759,0.5959941776135256,0.3177324021632745,-1.2213228905110152,4.404136705857945,-3.182813774445948
57.150000000000006,-64.99637924917334,0.05295508738756081,0.5959941774500684,0.3177324021580758,-1.221322889729766,4.404136705195401,-3.182813774752003
57.175000000000004,-64.99637925018882,0.05295508738097925,0.5959941772871948,0.3177324021528296,-1.221322888951409,4.404136704531948,-3.1828137750566468
57.2,-64.99637925119953,0.05295508737442342,0.5959941771249025,0.31773240214753645,-1.221322888175972,4.4041367038676436,-3.182813775359858
57.225,-64.9963792522054,0.05295508736789369,0.5959941769631895,0.31773240214219683,-1.2213228874034765,4.404136703202535,-3.18281377566162
57.25,-64.99637925320638,0.05295508736139051,0.5959941768020532,0.31773240213681136,-1.2213228866339485,4.404136702536677,-3.182813775961915
57.275000000000006,-64.99637925420242,0.0529550873549143,0.5959941766414918,0.3177324021313806,-1.2213228858674108,4.404136701870124,-3.1828137762607267
57.300000000000004,-64.99637925519346,0.0529550873484655,0.5959941764815029,0.31773240212590503,-1.2213228851038906,4.404136701202921,-3.1828137765580378
57.325,-64.99637925617945,0.052955087342044474,0.5959941763220843,0.3177324021203853,-1.2213228843434072,4.40413670053512,-3.1828137768538354
57.35,-64.99637925716034,0.052955087335651546,0.5959941761632339,0.3177324021148219,-1.2213228835859782,4.40413669986677,-3.182813777148102
57.375,-64.99637925813607,0.05295508732928723,0.5959941760049494,0.31773240210921544,-1.2213228828316334,4.4041366991979265,-3.182813777440822
57.400000000000006,-64.9963792591066,0.052955087322951816,0.5959941758472287,0.3177324021035664,-1.2213228820803887,4.404136698528629,-3.182813777731981
57.425000000000004,-64.99637926007188,0.052955087316645735,0.5959941756900696,0.3177324020978754,-1.2213228813322687,4.4041366978589345,-3.1828137780215626
57.45,-64.99637926103185,0.0529550873103693,0.5959941755334699,0.317732402092143,-1.221322880587289,4.404136697188889,-3.182813778309554
57.475,-64.99637926198646,0.05295508730412291,0.5959941753774274,0.31773240208636977,-1.221322879845474,4.404136696518547,-3.1828137785959383
57.5,-64.99637926293569,0.05295508729790687,0.5959941752219399,0.31773240208055625,-1.221322879106839,4.404136695847947,-3.182813778880707
57.525000000000006,-64.99637926387948,0.05295508729172164,0.5959941750670052,0.31773240207470305,-1.2213228783714105,4.404136695177143,-3.1828137791638427
57.550000000000004,-64.99637926481778,0.05295508728556741,0.5959941749126213,0.31773240206881065,-1.2213228776391973,4.404136694506177,-3.1828137794453326
57.575,-64.99637926575055,0.05295508727944459,0.5959941747587858,0.31773240206287967,-1.2213228769102227,4.404136693835102,-3.1828137797251643
57.6,-64.99637926667775,0.052955087273353546,0.5959941746054966,0.31773240205691067,-1.221322876184507,4.404136693163963,-3.1828137800033245
57.625,-64.99637926759934,0.05295508726729448,0.5959941744527516,0.3177324020509042,-1.221322875462059,4.404136692492805,-3.182813780279801
57.650000000000006,-64.99637926851528,0.05295508726126777,0.5959941743005486,0.3177324020448608,-1.2213228747429008,4.40413669182167,-3.182813780554585
57.675000000000004,-64.99637926942553,0.05295508725527377,0.5959941741488853,0.3177324020387811,-1.2213228740270514,4.404136691150613,-3.1828137808276593
57.7,-64.99637927033007,0.052955087249312686,0.5959941739977597,0.3177324020326657,-1.2213228733145198,4.40413669047967,-3.18281378109902
57.725,-64.99637927122883,0.05295508724338486,0.5959941738471695,0.31773240202651504,-1.2213228726053258,4.404136689808893,-3.1828137813686497
57.75,-64.9963792721218,0.052955087237490574,0.5959941736971126,0.31773240202032976,-1.221322871899484,4.404136689138323,-3.18281378163654
57.775000000000006,-64.99637927300894,0.052955087231630095,0.5959941735475869,0.3177324020141104,-1.2213228711970077,4.404136688468,-3.182813781902682
57.800000000000004,-64.99637927389021,0.052955087225803714,0.5959941733985901,0.3177324020078576,-1.2213228704979118,4.404136687797975,-3.1828137821670635
57.825,-64.99637927476559,0.05295508722001169,0.5959941732501202,0.31773240200157177,-1.2213228698022107,4.404136687128285,-3.182813782429676
57.85,-64.99637927563502,0.05295508721425427,0.5959941731021748,0.3177324019952536,-1.2213228691099158,4.4041366864589815,-3.182813782690506
57.875,-64.9963792764985,0.05295508720853169,0.5959941729547521,0.3177324019889036,-1.2213228684210389,4.404136685790099,-3.1828137829495504
57.900000000000006,-64.99637927735598,0.05295508720284421,0.5959941728078497,0.3177324019825224,-1.221322867735593,4.404136685121682,-3.1828137832067953
57.925000000000004,-64.99637927820746,0.052955087197192094,0.5959941726614656,0.3177324019761105,-1.2213228670535925,4.404136684453772,-3.1828137834622368
57.95,-64.99637927905287,0.05295508719157552,0.5959941725155976,0.3177324019696685,-1.221322866375044,4.4041366837864135,-3.182813783715862
57.975,-64.99637927989222,0.05295508718599479,0.5959941723702435,0.31773240196319696,-1.2213228656999648,4.404136683119643,-3.182813783967667
58.0,-64.99637928072546,0.05295508718045004,0.5959941722254013,0.31773240195669644,-1.2213228650283592,4.404136682453508,-3.1828137842176387
58.025000000000006,-64.99637928155259,0.05295508717494161,0.5959941720810688,0.31773240195016744,-1.2213228643602452,4.404136681788036,-3.1828137844657776
58.050000000000004,-64.99637928237357,0.0529550871694696,0.5959941719372438,0.3177324019436106,-1.2213228636956268,4.404136681123277,-3.18281378471207
58.075,-64.99637928318836,0.05295508716403423,0.5959941717939243,0.3177324019370264,-1.2213228630345132,4.404136680459271,-3.182813784956508
58.1,-64.99637928399697,0.05295508715863569,0.5959941716511082,0.31773240193041546,-1.2213228623769143,4.404136679796051,-3.1828137851990914
58.125,-64.99637928479936,0.05295508715327419,0.5959941715087934,0.31773240192377833,-1.2213228617228384,4.404136679133662,-3.1828137854398078
58.150000000000006,-64.99637928559551,0.052955087147949914,0.5959941713669777,0.31773240191711555,-1.2213228610722957,4.404136678472138,-3.1828137856786527
58.175000000000004,-64.9963792863854,0.05295508714266308,0.5959941712256591,0.3177324019104277,-1.2213228604252953,4.404136677811518,-3.1828137859156214
58.2,-64.99637928716903,0.05295508713741378,0.5959941710848354,0.31773240190371527,-1.2213228597818393,4.404136677151838,-3.18281378615071
58.225,-64.99637928794637,0.0529550871322022,0.5959941709445046,0.3177324018969789,-1.2213228591419365,4.4041366764931364,-3.1828137863839103
58.25,-64.99637928871739,0.05295508712702854,0.5959941708046644,0.31773240189021906,-1.221322858505596,4.404136675835452,-3.1828137866152173
58.275000000000006,-64.99637928948209,0.052955087121892924,0.5959941706653129,0.3177324018834364,-1.221322857872822,4.404136675178821,-3.1828137868446276
58.300000000000004,-64.99637929024045,0.05295508711679553,0.595994170526448,0.3177324018766314,-1.221322857243622,4.404136674523276,-3.1828137870721362
58.325,-64.99637929099246,0.05295508711173646,0.5959941703880676,0.31773240186980456,-1.2213228566179992,4.4041366738688525,-3.1828137872977393
58.35,-64.99637929173811,0.052955087106715835,0.5959941702501695,0.3177324018629565,-1.2213228559959577,4.404136673215587,-3.1828137875214324
58.375,-64.99637929247737,0.052955087101733855,0.5959941701127519,0.3177324018560877,-1.2213228553775062,4.404136672563513,-3.182813787743211
58.400000000000006,-64.99637929321024,0.05295508709679062,0.5959941699758126,0.31773240184919876,-1.221322854762648,4.40413667191267,-3.1828137879630716
58.425000000000004,-64.99637929393671,0.052955087091886274,0.5959941698393495,0.31773240184229024,-1.2213228541513885,4.4041366712630845,-3.1828137881810137
58.45,-64.99637929465678,0.05295508708702086,0.5959941697033606,0.3177324018353626,-1.2213228535437264,4.404136670614794,-3.182813788397033
58.475,-64.99637929537042,0.052955087082194506,0.5959941695678439,0.31773240182841644,-1.221322852939666,4.404136669967832,-3.1828137886111247
58.5,-64.99637929607763,0.052955087077407356,0.5959941694327973,0.3177324018214523,-1.2213228523392134,4.404136669322228,-3.18281378882329
58.525000000000006,-64.9963792967784,0.052955087072659446,0.5959941692982187,0.31773240181447066,-1.2213228517423664,4.404136668678023,-3.1828137890335197
58.550000000000004,-64.99637929747273,0.05295508706795095,0.5959941691641061,0.3177324018074721,-1.221322851149133,4.40413666803524,-3.1828137892418185
58.575,-64.9963792981606,0.05295508706328187,0.5959941690304575,0.3177324018004571,-1.2213228505595093,4.404136667393915,-3.1828137894481814
58.6,-64.99637929884203,0.05295508705865242,0.595994168897271,0.3177324017934262,-1.2213228499735056,4.404136666754075,-3.1828137896526085
58.625,-64.996379299517,0.05295508705406256,0.5959941687645444,0.31773240178637996,-1.221322849391115,4.4041366661157495,-3.1828137898551003
58.650000000000006,-64.99637930018551,0.0529550870495124,0.5959941686322757,0.31773240177931883,-1.2213228488123415,4.404136665478973,-3.182813790055653
58.675000000000004,-64.99637930084755,0.052955087045001965,0.5959941685004629,0.3177324017722434,-1.2213228482371823,4.404136664843774,-3.182813790254265
58.7,-64.99637930150313,0.05295508704053136,0.5959941683691041,0.31773240176515416,-1.22132284766564,4.404136664210184,-3.1828137904509375
58.725,-64.99637930215223,0.052955087036100655,0.5959941682381973,0.3177324017580516,-1.221322847097716,4.404136663578227,-3.18281379064567
58.75,-64.99637930279488,0.05295508703170989,0.5959941681077404,0.3177324017509363,-1.2213228465334087,4.404136662947936,-3.182813790838463
58.775000000000006,-64.99637930343104,0.05295508702735907,0.5959941679777315,0.31773240174380873,-1.2213228459727148,4.404136662319343,-3.182813791029312
58.800000000000004,-64.99637930406074,0.05295508702304828,0.5959941678481686,0.31773240173666945,-1.2213228454156357,4.404136661692471,-3.1828137912182215
58.825,-64.99637930468397,0.052955087018777554,0.5959941677190498,0.3177324017295189,-1.22132284486217,4.404136661067347,-3.1828137914051906
58.85,-64.99637930530074,0.05295508701454689,0.595994167590373,0.31773240172235756,-1.2213228443123132,4.404136660443998,-3.1828137915902204
58.875,-64.99637930591105,0.05295508701035635,0.5959941674621364,0.317732401715186,-1.2213228437660664,4.40413665982245,-3.1828137917733144
58.900000000000006,-64.9963793065149,0.052955087006205936,0.5959941673343379,0.3177324017080047,-1.2213228432234244,4.404136659202734,-3.1828137919544686
58.925000000000004,-64.99637930711229,0.05295508700209566,0.5959941672069755,0.3177324017008142,-1.2213228426843852,4.404136658584872,-3.1828137921336874
58.95,-64.99637930770324,0.05295508699802552,0.5959941670800475,0.3177324016936149,-1.2213228421489446,4.404136657968892,-3.1828137923109705
58.975,-64.99637930828774,0.052955086993995565,0.5959941669535518,0.3177324016864073,-1.2213228416171018,4.404136657354815,-3.1828137924863227
59.0,-64.99637930886581,0.05295508699000576,0.5959941668274865,0.317732401679192,-1.221322841088851,4.40413665674267,-3.1828137926597435
59.025000000000006,-64.99637930943744,0.05295508698605615,0.5959941667018498,0.31773240167196937,-1.2213228405641907,4.404136656132484,-3.182813792831233
59.050000000000004,-64.99637931000267,0.05295508698214673,0.5959941665766396,0.31773240166474,-1.221322840043117,4.4041366555242725,-3.1828137930007996
59.075,-64.99637931056147,0.05295508697827745,0.5959941664518541,0.31773240165750427,-1.2213228395256233,4.404136654918068,-3.1828137931684393
59.1,-64.99637931111387,0.052955086974448326,0.5959941663274914,0.3177324016502627,-1.221322839011706,4.404136654313883,-3.182813793334161
59.125,-64.99637931165988,0.05295508697065935,0.5959941662035495,0.31773240164301575,-1.221322838501361,4.404136653711749,-3.1828137934979637
59.150000000000006,-64.9963793121995,0.052955086966910495,0.5959941660800265,0.31773240163576394,-1.2213228379945826,4.40413665311169,-3.182813793659848
59.175000000000004,-64.99637931273274,0.052955086963201704,0.5959941659569207,0.3177324016285077,-1.2213228374913632,4.404136652513721,-3.182813793819822
59.2,-64.99637931325962,0.052955086959532965,0.59599416583423,0.31773240162124744,-1.2213228369916986,4.404136651917866,-3.182813793977887
59.225,-64.99637931378015,0.052955086955904195,0.5959941657119527,0.3177324016139837,-1.221322836495579,4.404136651324148,-3.1828137941340455
59.25,-64.99637931429434,0.052955086952315385,0.595994165590087,0.31773240160671695,-1.2213228360030002,4.404136650732589,-3.182813794288303
59.275000000000006,-64.99637931480221,0.05295508694876653,0.5959941654686308,0.3177324015994476,-1.221322835513958,4.404136650143206,-3.1828137944406634
59.300000000000004,-64.99637931530377,0.05295508694525753,0.5959941653475825,0.31773240159217614,-1.221322835028442,4.404136649556021,-3.1828137945911306
59.325,-64.99637931579903,0.052955086941788396,0.5959941652269402,0.317732401584903,-1.2213228345464495,4.404136648971053,-3.1828137947397095
59.35,-64.99637931628801,0.052955086938358945,0.5959941651067019,0.3177324015776286,-1.2213228340679643,4.404136648388318,-3.1828137948864037
59.375,-64.99637931677073,0.05295508693496925,0.5959941649868659,0.31773240157035343,-1.221322833592987,4.404136647807841,-3.182813795031218
59.400000000000006,-64.99637931724719,0.05295508693161919,0.5959941648674303,0.3177324015630779,-1.2213228331215065,4.404136647229639,-3.1828137951741566
59.425000000000004,-64.99637931771743,0.05295508692830868,0.5959941647483934,0.3177324015558025,-1.2213228326535133,4.404136646653727,-3.182813795315228
59.45,-64.99637931818144,0.05295508692503768,0.5959941646297534,0.31773240154852767,-1.221322832189001,4.404136646080129,-3.1828137954544315
59.475,-64.99637931863926,0.052955086921806144,0.5959941645115084,0.31773240154125376,-1.2213228317279634,4.404136645508857,-3.182813795591777
59.5,-64.99637931909089,0.05295508691861395,0.5959941643936567,0.31773240153398125,-1.2213228312703872,4.404136644939931,-3.182813795727267
59.525000000000006,-64.99637931953637,0.052955086915461066,0.5959941642761964,0.31773240152671056,-1.2213228308162687,4.404136644373363,-3.1828137958609117
59.550000000000004,-64.99637931997572,0.052955086912347314,0.5959941641591259,0.3177324015194421,-1.2213228303655905,4.40413664380917,-3.1828137959927147
59.575,-64.99637932040893,0.05295508690927268,0.5959941640424432,0.3177324015121763,-1.221322829918349,4.404136643247373,-3.18281379612268
59.6,-64.99637932083604,0.05295508690623701,0.5959941639261467,0.3177324015049136,-1.2213228294745293,4.40413664268799,-3.1828137962508123
59.625,-64.99637932125707,0.05295508690324029,0.5959941638102345,0.3177324014976544,-1.221322829034128,4.404136642131033,-3.1828137963771197
59.650000000000006,-64.99637932167204,0.052955086900282326,0.595994163694705,0.3177324014903991,-1.2213228285971283,4.404136641576512,-3.1828137965016112
59.675000000000004,-64.99637932208097,0.05295508689736307,0.5959941635795565,0.3177324014831481,-1.221322828163523,4.4041366410244445,-3.1828137966242904
59.7,-64.99637932248388,0.05295508689448242,0.5959941634647871,0.31773240147590176,-1.2213228277333017,4.4041366404748485,-3.182813796745162
59.725,-64.99637932288078,0.05295508689164025,0.5959941633503951,0.31773240146866055,-1.2213228273064534,4.404136639927736,-3.182813796864235
59.75,-64.99637932327173,0.05295508688883642,0.5959941632363789,0.31773240146142484,-1.2213228268829635,4.404136639383118,-3.182813796981517
59.775000000000006,-64.99637932365673,0.052955086886070875,0.5959941631227367,0.31773240145419507,-1.2213228264628262,4.40413663884101,-3.1828137970970176
59.800000000000004,-64.9963793240358,0.05295508688334346,0.5959941630094667,0.31773240144697157,-1.221322826046027,4.4041366383014235,-3.18281379721074
59.825,-64.99637932440898,0.05295508688065407,0.5959941628965674,0.31773240143975473,-1.2213228256325555,4.40413663776437,-3.182813797322693
59.85,-64.99637932477627,0.052955086878002586,0.5959941627840369,0.31773240143254494,-1.2213228252224004,4.404136637229866,-3.182813797432881
59.875,-64.99637932513771,0.052955086875388836,0.5959941626718738,0.3177324014253426,-1.2213228248155465,4.404136636697922,-3.182813797541313
59.900000000000006,-64.99637932549332,0.0529550868728127,0.5959941625600761,0.317732401418148,-1.2213228244119823,4.404136636168547,-3.1828137976479964
59.925000000000004,-64.99637932584314,0.05295508687027409,0.5959941624486423,0.31773240141096165,-1.221322824011698,4.404136635641755,-3.182813797752941
59.95,-64.99637932618718,0.052955086867772796,0.5959941623375709,0.3177324014037838,-1.2213228236146776,4.40413663511755,-3.1828137978561544
59.975,-64.99637932652548,0.05295508686530877,0.5959941622268599,0.31773240139661485,-1.2213228232209132,4.404136634595948,-3.182813797957645
60.0,-64.99637932685806,0.0529550868628818,0.5959941621165079,0.3177324013894552,-1.2213228228303878,4.40413663407696,-3.1828137980574183
60.025,-64.99637932718495,0.05295508686049174,0.5959941620065132,0.31773240138230513,-1.2213228224430874,4.404136633560592,-3.182813798155486
60.05,-64.99637932750618,0.05295508685813845,0.5959941618968742,0.31773240137516506,-1.2213228220590002,4.404136633046857,-3.1828137982518525
60.075,-64.99637932782176,0.05295508685582182,0.5959941617875891,0.3177324013680353,-1.2213228216781151,4.4041366325357645,-3.1828137983465266
60.1,-64.99637932813174,0.052955086853541666,0.5959941616786566,0.3177324013609163,-1.2213228213004164,4.4041366320273205,-3.182813798439521
60.125,-64.99637932843613,0.052955086851297836,0.5959941615700749,0.31773240135380826,-1.2213228209258908,4.404136631521535,-3.18281379853084
60.15,-64.99637932873499,0.05295508684909016,0.5959941614618424,0.3177324013467116,-1.2213228205545232,4.404136631018414,-3.1828137986204963
60.175,-64.99637932902831,0.05295508684691847,0.5959941613539574,0.3177324013396266,-1.2213228201862991,4.404136630517968,-3.1828137987084943
60.2,-64.99637932931616,0.05295508684478264,0.5959941612464186,0.31773240133255365,-1.2213228198212067,4.404136630020201,-3.1828137987948466
60.225,-64.99637932959854,0.05295508684268248,0.5959941611392242,0.3177324013254931,-1.221322819459231,4.404136629525123,-3.1828137988795615
60.25,-64.99637932987548,0.052955086840617796,0.5959941610323728,0.31773240131844516,-1.221322819100355,4.404136629032744,-3.182813798962644
60.275,-64.99637933014704,0.052955086838588454,0.5959941609258627,0.31773240131141023,-1.2213228187445657,4.404136628543061,-3.1828137990441108
60.3,-64.99637933041322,0.05295508683659429,0.5959941608196924,0.3177324013043886,-1.22132281839185,4.404136628056089,-3.1828137991239656
60.325,-64.99637933067406,0.05295508683463514,0.5959941607138602,0.3177324012973807,-1.2213228180421931,4.404136627571833,-3.1828137992022176
60.35,-64.9963793309296,0.05295508683271082,0.5959941606083649,0.31773240129038666,-1.2213228176955802,4.4041366270902955,-3.1828137992788794
60.375,-64.99637933117987,0.05295508683082109,0.5959941605032046,0.3177324012834069,-1.221322817351991,4.404136626611483,-3.18281379935396
60.4,-64.99637933142489,0.05295508682896579,0.5959941603983782,0.3177324012764417,-1.2213228170114125,4.404136626135401,-3.182813799427467
60.425,-64.9963793316647,0.05295508682714474,0.5959941602938837,0.3177324012694913,-1.2213228166738288,4.404136625662053,-3.1828137994994092
60.45,-64.99637933189933,0.05295508682535781,0.5959941601897201,0.3177324012625561,-1.2213228163392285,4.404136625191445,-3.1828137995698
60.475,-64.99637933212883,0.05295508682360476,0.5959941600858855,0.3177324012556363,-1.2213228160075922,4.404136624723578,-3.182813799638647
60.5,-64.99637933235321,0.05295508682188547,0.5959941599823785,0.31773240124873225,-1.2213228156789089,4.4041366242584585,-3.182813799705964
60.525,-64.99637933257252,0.05295508682019962,0.5959941598791977,0.3177324012418442,-1.2213228153531541,4.4041366237960915,-3.1828137997717545
60.55,-64.99637933278677,0.05295508681854713,0.5959941597763416,0.3177324012349725,-1.2213228150303188,4.4041366233364805,-3.182813799836032
60.575,-64.99637933299603,0.05295508681692779,0.5959941596738088,0.3177324012281173,-1.2213228147103863,4.404136622879621,-3.1828137998988084
60.6,-64.99637933320031,0.05295508681534137,0.5959941595715976,0.317732401221279,-1.2213228143933383,4.404136622425523,-3.1828137999600927
60.625,-64.99637933339964,0.05295508681378769,0.5959941594697069,0.3177324012144578,-1.2213228140791599,4.404136621974188,-3.1828138000198933
60.65,-64.99637933359408,0.0529550868122665,0.595994159368135,0.31773240120765395,-1.2213228137678307,4.404136621525614,-3.182813800078223
60.675,-64.99637933378364,0.052955086810777686,0.5959941592668806,0.31773240120086776,-1.2213228134593397,4.404136621079807,-3.1828138001350905
60.7,-64.99637933396836,0.052955086809320984,0.5959941591659421,0.3177324011940995,-1.221322813153667,4.404136620636768,-3.182813800190509
60.725,-64.99637933414829,0.05295508680789616,0.5959941590653183,0.3177324011873494,-1.2213228128507942,4.404136620196498,-3.1828138002444857
60.75,-64.99637933432344,0.05295508680650307,0.5959941589650076,0.3177324011806177,-1.2213228125507078,4.404136619758998,-3.1828138002970303
60.775,-64.99637933449385,0.052955086805141535,0.5959941588650087,0.31773240117390467,-1.221322812253393,4.404136619324271,-3.1828138003481556
60.8,-64.99637933465958,0.05295508680381129,0.5959941587653201,0.3177324011672105,-1.2213228119588295,4.404136618892311,-3.1828138003978736
60.825,-64.99637933482065,0.052955086802512145,0.5959941586659405,0.3177324011605355,-1.2213228116670016,4.404136618463124,-3.182813800446193
60.85,-64.99637933497709,0.052955086801243875,0.5959941585668685,0.3177324011538799,-1.2213228113778911,4.404136618036705,-3.1828138004931277
60.875,-64.99637933512895,0.05295508680000625,0.5959941584681028,0.31773240114724394,-1.2213228110914798,4.4041366176130605,-3.1828138005386846
60.9,-64.99637933527625,0.052955086798799074,0.5959941583696419,0.3177324011406278,-1.2213228108077518,4.4041366171921865,-3.182813800582873
60.925,-64.99637933541904,0.05295508679762216,0.5959941582714845,0.31773240113403173,-1.2213228105266916,4.404136616774082,-3.1828138006257105
60.95,-64.99637933555735,0.052955086796475266,0.5959941581736293,0.317732401127456,-1.2213228102482798,4.404136616358744,-3.182813800667205
60.975,-64.99637933569122,0.0529550867953582,0.5959941580760749,0.31773240112090073,-1.2213228099725013,4.404136615946175,-3.1828138007073647
61.0,-64.99637933582068,0.05295508679427072,0.5959941579788199,0.31773240111436624,-1.2213228096993363,4.404136615536373,-3.182813800746203
61.025,-64.99637933594578,0.0529550867932126,0.5959941578818632,0.31773240110785267,-1.2213228094287678,4.404136615129333,-3.1828138007837325
61.05,-64.99637933606654,0.052955086792183595,0.5959941577852031,0.31773240110136025,-1.2213228091607757,4.404136614725055,-3.1828138008199613
61.075,-64.99637933618301,0.05295508679118354,0.5959941576888387,0.3177324010948892,-1.2213228088953472,4.404136614323536,-3.182813800854903
61.1,-64.99637933629522,0.05295508679021215,0.5959941575927684,0.31773240108843975,-1.2213228086324592,4.404136613924779,-3.182813800888566
61.125,-64.99637933640321,0.052955086789269246,0.5959941574969911,0.31773240108201206,-1.221322808372098,4.404136613528777,-3.1828138009209623
61.15,-64.99637933650702,0.05295508678835459,0.5959941574015054,0.3177324010756063,-1.2213228081142438,4.404136613135525,-3.1828138009521054
61.175,-64.99637933660668,0.052955086787467964,0.59599415730631,0.3177324010692227,-1.2213228078588805,4.404136612745023,-3.1828138009820037
61.2,-64.99637933670223,0.05295508678660916,0.5959941572114037,0.31773240106286144,-1.2213228076059905,4.4041366123572665,-3.1828138010106697
61.225,-64.99637933679372,0.05295508678577787,0.5959941571167852,0.3177324010565227,-1.221322807355551,4.404136611972249,-3.1828138010381166
61.25,-64.99637933688118,0.052955086784973966,0.5959941570224532,0.3177324010502066,-1.2213228071075508,4.404136611589971,-3.1828138010643525
61.275,-64.99637933696464,0.05295508678419714,0.5959941569284065,0.3177324010439134,-1.2213228068619664,4.404136611210426,-3.1828138010893907
61.3,-64.99637933704415,0.052955086783447194,0.5959941568346439,0.31773240103764333,-1.2213228066187816,4.404136610833611,-3.1828138011132436
61.325,-64.99637933711973,0.05295508678272394,0.5959941567411641,0.31773240103139644,-1.2213228063779815,4.404136610459521,-3.18281380113592
61.35,-64.99637933719144,0.05295508678202711,0.5959941566479658,0.3177324010251729,-1.2213228061395456,4.404136610088151,-3.1828138011574323
61.375,-64.99637933725931,0.05295508678135642,0.595994156555048,0.31773240101897293,-1.2213228059034527,4.404136609719493,-3.1828138011777938
61.4,-64.99637933732338,0.052955086780711674,0.5959941564624093,0.3177324010127967,-1.2213228056696859,4.40413660935355,-3.1828138011970126
61.425,-64.99637933738367,0.05295508678009268,0.5959941563700485,0.31773240100664435,-1.2213228054382306,4.404136608990313,-3.1828138012151013
61.45,-64.99637933744025,0.052955086779499165,0.5959941562779645,0.317732401000516,-1.2213228052090657,4.404136608629771,-3.1828138012320735
61.475,-64.99637933749312,0.052955086778930884,0.595994156186156,0.3177324009944118,-1.2213228049821723,4.4041366082719255,-3.1828138012479372
61.5,-64.99637933754235,0.05295508677838764,0.5959941560946219,0.31773240098833194,-1.2213228047575342,4.40413660791677,-3.182813801262705
61.525,-64.99637933758797,0.05295508677786921,0.5959941560033609,0.31773240098227656,-1.221322804535135,4.404136607564293,-3.18281380127639
61.55,-64.99637933763,0.052955086777375295,0.595994155912372,0.3177324009762458,-1.2213228043149509,4.404136607214497,-3.182813801289001
61.575,-64.9963793376685,0.052955086776905684,0.5959941558216539,0.3177324009702397,-1.2213228040969661,4.404136606867367,-3.18281380130055
61.6,-64.9963793377035,0.052955086776460186,0.5959941557312055,0.3177324009642585,-1.2213228038811652,4.404136606522899,-3.1828138013110503
61.625,-64.99637933773505,0.052955086776038524,0.5959941556410256,0.3177324009583023,-1.2213228036675268,4.404136606181086,-3.1828138013205147
61.65,-64.99637933776317,0.05295508677564045,0.5959941555511132,0.31773240095237126,-1.2213228034560326,4.404136605841924,-3.1828138013289515
61.675,-64.99637933778791,0.05295508677526575,0.5959941554614672,0.31773240094646543,-1.2213228032466656,4.404136605505399,-3.182813801336374
61.7,-64.9963793378093,0.05295508677491418,0.5959941553720862,0.317732400940585,-1.2213228030394063,4.404136605171516,-3.1828138013427902
61.725,-64.99637933782739,0.0529550867745855,0.5959941552829693,0.3177324009347301,-1.2213228028342367,4.404136604840255,-3.1828138013482175
61.75,-64.99637933784221,0.05295508677427948,0.5959941551941152,0.31773240092890076,-1.2213228026311391,4.404136604511611,-3.182813801352664
61.775,-64.9963793378538,0.05295508677399588,0.5959941551055231,0.3177324009230971,-1.2213228024300948,4.404136604185581,-3.1828138013561387
61.8,-64.9963793378622,0.052955086773734485,0.5959941550171917,0.3177324009173193,-1.2213228022310878,4.404136603862151,-3.182813801358658
61.825,-64.99637933786744,0.05295508677349504,0.5959941549291199,0.3177324009115674,-1.2213228020340976,4.404136603541315,-3.1828138013602314
61.85,-64.99637933786956,0.05295508677327727,0.5959941548413066,0.31773240090584154,-1.221322801839104,4.404136603223069,-3.1828138013608664
61.875,-64.9963793378686,0.05295508677308096,0.5959941547537508,0.3177324009001418,-1.2213228016460902,4.4041366029074,-3.182813801360581
61.9,-64.99637933786461,0.0529550867729059,0.5959941546664514,0.3177324008944683,-1.2213228014550397,4.4041366025943,-3.1828138013593827
61.925,-64.99637933785762,0.052955086772751854,0.5959941545794074,0.3177324008888211,-1.221322801265935,4.404136602283758,-3.1828138013572853
61.95,-64.99637933784766,0.05295508677261855,0.5959941544926177,0.3177324008832003,-1.2213228010787547,4.404136601975771,-3.1828138013542966
61.975,-64.99637933783477,0.05295508677250581,0.5959941544060813,0.317732400877606,-1.2213228008934847,4.404136601670326,-3.18281380135043
62.0,-64.996379337819,0.052955086772413326,0.595994154319797,0.31773240087203825,-1.2213228007101031,4.404136601367411,-3.1828138013456977
62.025,-64.99637933780036,0.05295508677234088,0.5959941542337639,0.3177324008664971,-1.2213228005285919,4.404136601067021,-3.182813801340109
62.05,-64.99637933777892,0.05295508677228824,0.595994154147981,0.31773240086098276,-1.2213228003489343,4.404136600769147,-3.1828138013336753
62.075,-64.9963793377547,0.052955086772255126,0.5959941540624472,0.3177324008554952,-1.221322800171108,4.404136600473777,-3.182813801326411
62.1,-64.99637933772775,0.052955086772241394,0.5959941539771615,0.3177324008500345,-1.2213227999951028,4.404136600180902,-3.1828138013183236
62.125,-64.99637933769809,0.05295508677224678,0.5959941538921228,0.31773240084460075,-1.2213227998208975,4.40413659989051,-3.182813801309426
62.15,-64.99637933766577,0.052955086772270996,0.5959941538073303,0.31773240083919396,-1.2213227996484715,4.404136599602589,-3.1828138012997313
62.175,-64.99637933763083,0.05295508677231384,0.595994153722783,0.31773240083381427,-1.2213227994778089,4.404136599317136,-3.182813801289248
62.2,-64.9963793375933,0.052955086772375086,0.5959941536384797,0.31773240082846166,-1.2213227993088918,4.404136599034133,-3.1828138012779887
62.225,-64.99637933755321,0.05295508677245451,0.5959941535544196,0.31773240082313625,-1.2213227991417037,4.404136598753577,-3.182813801265962
62.25,-64.9963793375106,0.05295508677255181,0.5959941534706017,0.31773240081783805,-1.2213227989762223,4.404136598475452,-3.182813801253181
62.275,-64.99637933746553,0.0529550867726668,0.595994153387025,0.31773240081256715,-1.2213227988124324,4.404136598199747,-3.1828138012396576
62.3,-64.996379337418,0.05295508677279926,0.5959941533036885,0.31773240080732357,-1.2213227986503183,4.404136597926454,-3.1828138012254015
62.325,-64.99637933736808,0.05295508677294894,0.5959941532205913,0.31773240080210735,-1.2213227984898596,4.40413659765556,-3.1828138012104246
62.35,-64.99637933731579,0.05295508677311558,0.5959941531377325,0.31773240079691856,-1.2213227983310382,4.4041365973870565,-3.182813801194736
62.375,-64.99637933726116,0.052955086773299034,0.5959941530551112,0.31773240079175724,-1.2213227981738422,4.404136597120932,-3.182813801178348
62.4,-64.99637933720423,0.052955086773499,0.5959941529727263,0.3177324007866234,-1.2213227980182486,4.404136596857176,-3.182813801161269
62.425,-64.99637933714504,0.05295508677371524,0.5959941528905769,0.3177324007815171,-1.2213227978642396,4.404136596595775,-3.1828138011435128
62.45,-64.99637933708364,0.05295508677394758,0.5959941528086622,0.31773240077643833,-1.2213227977118017,4.404136596336714,-3.1828138011250915
62.475,-64.99637933702004,0.052955086774195734,0.5959941527269812,0.31773240077138715,-1.221322797560914,4.404136596079986,-3.1828138011060134
62.5,-64.9963793369543,0.052955086774459495,0.595994152645533,0.3177324007663636,-1.2213227974115601,4.404136595825578,-3.1828138010862914
62.525,-64.99637933688645,0.0529550867747386,0.5959941525643168,0.31773240076136766,-1.2213227972637206,4.404136595573475,-3.1828138010659344
62.55,-64.9963793368165,0.05295508677503286,0.5959941524833314,0.3177324007563994,-1.2213227971173812,4.404136595323677,-3.1828138010449507
62.575,-64.99637933674452,0.0529550867753421,0.5959941524025762,0.3177324007514588,-1.221322796972528,4.404136595076155,-3.1828138010233573
62.6,-64.99637933667053,0.05295508677566601,0.5959941523220503,0.3177324007465459,-1.2213227968291382,4.404136594830911,-3.1828138010011586
62.625,-64.99637933659456,0.052955086776004384,0.5959941522417528,0.3177324007416607,-1.2213227966871962,4.404136594587926,-3.182813800978367
62.65,-64.99637933651665,0.052955086776356984,0.5959941521616827,0.3177324007368032,-1.2213227965466842,4.404136594347187,-3.182813800954996
62.675,-64.99637933643685,0.05295508677672359,0.5959941520818394,0.3177324007319734,-1.2213227964075852,4.4041365941086825,-3.1828138009310534
62.7,-64.99637933635516,0.052955086777103956,0.5959941520022217,0.31773240072717135,-1.2213227962698814,4.404136593872405,-3.182813800906548
62.725,-64.99637933627164,0.05295508677749791,0.595994151922829,0.317732400722397,-1.2213227961335593,4.404136593638335,-3.182813800881493
62.75,-64.99637933618634,0.05295508677790522,0.5959941518436603,0.3177324007176504,-1.2213227959986006,4.404136593406462,-3.1828138008559006
62.775,-64.99637933609925,0.05295508677832567,0.5959941517647149,0.3177324007129316,-1.2213227958649908,4.404136593176779,-3.1828138008297757
62.8,-64.99637933601045,0.05295508677875902,0.5959941516859919,0.31773240070824044,-1.2213227957327104,4.404136592949262,-3.1828138008031344
62.825,-64.99637933591994,0.05295508677920505,0.5959941516074905,0.317732400703577,-1.2213227956017434,4.4041365927239084,-3.182813800775982
62.85,-64.99637933582777,0.05295508677966355,0.5959941515292099,0.31773240069894126,-1.2213227954720738,4.4041365925007,-3.18281380074833
62.875,-64.99637933573396,0.05295508678013429,0.5959941514511492,0.31773240069433323,-1.2213227953436845,4.4041365922796265,-3.1828138007201887
62.9,-64.99637933563857,0.052955086780617014,0.5959941513733076,0.3177324006897529,-1.2213227952165568,4.404136592060673,-3.1828138006915694
62.925,-64.9963793355416,0.05295508678111156,0.5959941512956843,0.3177324006852002,-1.2213227950906775,4.404136591843826,-3.182813800662481
62.95,-64.99637933544311,0.05295508678161771,0.5959941512182786,0.31773240068067515,-1.2213227949660308,4.404136591629074,-3.1828138006329323
62.975,-64.99637933534312,0.05295508678213524,0.5959941511410896,0.31773240067617775,-1.2213227948425993,4.404136591416403,-3.1828138006029363
63.0,-64.99637933524167,0.052955086782663904,0.5959941510641166,0.31773240067170794,-1.2213227947203658,4.404136591205798,-3.1828138005725006
63.025,-64.99637933513878,0.052955086783203556,0.5959941509873588,0.3177324006672657,-1.221322794599318,4.4041365909972505,-3.1828138005416347
63.05,-64.99637933503449,0.052955086783753894,0.5959941509108153,0.317732400662851,-1.2213227944794338,4.4041365907907455,-3.182813800510347
63.075,-64.99637933492883,0.052955086784314855,0.5959941508344855,0.3177324006584639,-1.2213227943607083,4.40413659058627,-3.1828138004786495
63.1,-64.99637933482184,0.05295508678488606,0.5959941507583685,0.3177324006541043,-1.221322794243113,4.404136590383808,-3.1828138004465516
63.125,-64.99637933471355,0.05295508678546742,0.5959941506824635,0.3177324006497721,-1.2213227941266416,4.404136590183342,-3.1828138004140656
63.15,-64.99637933460399,0.05295508678605866,0.59599415060677,0.3177324006454673,-1.2213227940112732,4.404136589984864,-3.182813800381196
63.175,-64.99637933449318,0.05295508678665959,0.595994150531287,0.31773240064118996,-1.2213227938969937,4.4041365897883615,-3.182813800347955
63.2,-64.99637933438117,0.05295508678727005,0.5959941504560139,0.3177324006369399,-1.221322793783791,4.404136589593817,-3.182813800314352
63.225,-64.99637933426798,0.052955086787889794,0.5959941503809498,0.3177324006327172,-1.221322793671646,4.404136589401218,-3.182813800280395
63.25,-64.99637933415364,0.0529550867885186,0.5959941503060942,0.3177324006285217,-1.2213227935605433,4.404136589210553,-3.1828138002460933
63.275,-64.9963793340382,0.052955086789156294,0.5959941502314462,0.3177324006243535,-1.2213227934504691,4.404136589021806,-3.1828138002114583
63.3,-64.99637933392165,0.05295508678980266,0.5959941501570052,0.3177324006202124,-1.2213227933414075,4.404136588834965,-3.1828138001764956
63.325,-64.99637933380406,0.05295508679045751,0.5959941500827703,0.3177324006160985,-1.2213227932333441,4.404136588650015,-3.182813800141217
63.35,-64.99637933368544,0.0529550867911206,0.595994150008741,0.3177324006120116,-1.2213227931262611,4.4041365884669395,-3.1828138001056314
63.375,-64.99637933356583,0.05295508679179178,0.5959941499349165,0.3177324006079517,-1.2213227930201478,4.404136588285729,-3.1828138000697477
63.4,-64.99637933344525,0.05295508679247086,0.5959941498612961,0.31773240060391883,-1.2213227929149877,4.404136588106367,-3.182813800033574
63.425,-64.99637933332373,0.052955086793157635,0.595994149787879,0.31773240059991287,-1.221322792810768,4.404136587928843,-3.182813799997119
63.45,-64.9963793332013,0.052955086793851934,0.5959941497146647,0.3177324005959337,-1.2213227927074737,4.404136587753139,-3.182813799960391
63.475,-64.996379333078,0.0529550867945535,0.5959941496416524,0.3177324005919814,-1.2213227926050876,4.404136587579244,-3.1828137999233985
63.5,-64.99637933295385,0.05295508679526221,0.5959941495688414,0.31773240058805574,-1.221322792503599,4.404136587407139,-3.182813799886155
63.525,-64.99637933282888,0.0529550867959778,0.5959941494962312,0.3177324005841568,-1.2213227924029895,4.404136587236815,-3.1828137998486636
63.55,-64.99637933270311,0.052955086796700156,0.5959941494238209,0.31773240058028446,-1.2213227923032488,4.404136587068258,-3.182813799810934
63.575,-64.9963793325766,0.052955086797429045,0.59599414935161,0.31773240057643864,-1.221322792204361,4.404136586901449,-3.1828137997729784
63.6,-64.99637933244934,0.05295508679816427,0.5959941492795977,0.31773240057261926,-1.2213227921063108,4.404136586736375,-3.182813799734801
63.625,-64.99637933232137,0.052955086798905655,0.5959941492077835,0.3177324005688263,-1.2213227920090854,4.404136586573028,-3.1828137996964103
63.65,-64.99637933219272,0.05295508679965306,0.5959941491361666,0.31773240056505964,-1.2213227919126732,4.404136586411389,-3.182813799657815
63.675,-64.99637933206341,0.05295508680040624,0.5959941490647463,0.31773240056131924,-1.2213227918170568,4.404136586251446,-3.1828137996190233
63.7,-64.99637933193348,0.05295508680116506,0.5959941489935222,0.317732400557605,-1.221322791722226,4.404136586093182,-3.1828137995800447
63.725,-64.99637933180296,0.05295508680192931,0.5959941489224936,0.3177324005539168,-1.221322791628165,4.404136585936584,-3.1828137995408867
63.75,-64.99637933167186,0.05295508680269888,0.5959941488516597,0.3177324005502547,-1.221322791534865,4.404136585781638,-3.182813799501558
63.775,-64.99637933154023,0.05295508680347351,0.59599414878102,0.3177324005466185,-1.2213227914423075,4.404136585628327,-3.1828137994620675
63.8,-64.99637933140806,0.05295508680425301,0.5959941487105739,0.31773240054300816,-1.221322791350478,4.404136585476643,-3.1828137994224193
63.825,-64.99637933127542,0.05295508680503728,0.5959941486403206,0.3177324005394236,-1.2213227912593685,4.404136585326565,-3.1828137993826258
63.85,-64.99637933114231,0.052955086805826064,0.5959941485702598,0.3177324005358647,-1.221322791168961,4.404136585178084,-3.182813799342692
63.875,-64.99637933100875,0.0529550868066192,0.5959941485003906,0.3177324005323314,-1.2213227910792424,4.404136585031184,-3.1828137993026258
63.9,-64.99637933087479,0.052955086807416556,0.5959941484307125,0.3177324005288236,-1.2213227909902031,4.404136584885847,-3.182813799262436
63.925,-64.99637933074042,0.052955086808218,0.595994148361225,0.31773240052534124,-1.2213227909018325,4.404136584742066,-3.182813799222127
63.95,-64.9963793306057,0.05295508680902329,0.5959941482919273,0.31773240052188423,-1.2213227908141142,4.404136584599821,-3.1828137991817114
63.975,-64.99637933047065,0.0529550868098323,0.5959941482228189,0.3177324005184525,-1.2213227907270368,4.404136584459103,-3.1828137991411936
64.0,-64.99637933033526,0.05295508681064483,0.5959941481538993,0.31773240051504587,-1.2213227906405866,4.4041365843198985,-3.1828137991005776
64.025,-64.99637933019959,0.052955086811460744,0.5959941480851678,0.3177324005116643,-1.221322790554753,4.404136584182186,-3.182813799059876
64.05,-64.99637933006365,0.052955086812279895,0.5959941480166239,0.3177324005083077,-1.2213227904695247,4.404136584045958,-3.182813799019094
64.075,-64.99637932992746,0.052955086813102056,0.5959941479482669,0.317732400504976,-1.2213227903848856,4.404136583911197,-3.182813798978239
64.1,-64.99637932979105,0.05295508681392709,0.5959941478800963,0.317732400501669,-1.2213227903008246,4.404136583777893,-3.182813798937316
64.125,-64.99637932965446,0.0529550868147549,0.5959941478121116,0.3177324004983867,-1.2213227902173345,4.4041365836460225,-3.1828137988963374
64.15,-64.99637932951768,0.05295508681558526,0.5959941477443121,0.31773240049512896,-1.2213227901343984,4.404136583515584,-3.1828137988553036
64.175,-64.99637932938076,0.052955086816418015,0.5959941476766974,0.3177324004918957,-1.2213227900520052,4.404136583386554,-3.182813798814227
64.2,-64.99637932924371,0.052955086817253014,0.5959941476092669,0.31773240048868684,-1.2213227899701435,4.404136583258922,-3.1828137987731124
64.225,-64.99637932910655,0.05295508681809011,0.59599414754202,0.3177324004855022,-1.2213227898888015,4.4041365831326775,-3.1828137987319636
64.25,-64.99637932896931,0.0529550868189292,0.595994147474956,0.31773240048234175,-1.2213227898079724,4.404136583007799,-3.1828137986907934
64.275,-64.996379328832,0.05295508681977009,0.5959941474080747,0.3177324004792053,-1.2213227897276406,4.404136582884277,-3.1828137986496015
64.3,-64.99637932869467,0.05295508682061264,0.5959941473413752,0.31773240047609286,-1.2213227896477965,4.404136582762096,-3.1828137986084015
64.325,-64.99637932855731,0.05295508682145668,0.5959941472748573,0.3177324004730042,-1.221322789568427,4.404136582641247,-3.1828137985671927
64.35,-64.99637932841996,0.05295508682230208,0.5959941472085203,0.31773240046993934,-1.2213227894895224,4.404136582521708,-3.1828137985259883
64.375,-64.99637932828263,0.05295508682314865,0.5959941471423637,0.31773240046689805,-1.2213227894110688,4.404136582403473,-3.1828137984847884
64.4,-64.99637932814535,0.05295508682399633,0.5959941470763869,0.3177324004638803,-1.221322789333061,4.404136582286522,-3.1828137984436053
64.425,-64.99637932800813,0.0529550868248449,0.5959941470105894,0.31773240046088597,-1.2213227892554828,4.404136582170849,-3.182813798402439
64.45,-64.996379327871,0.05295508682569428,0.5959941469449708,0.3177324004579149,-1.2213227891783283,4.4041365820564335,-3.1828137983612987
64.475,-64.99637932773398,0.052955086826544304,0.5959941468795305,0.31773240045496703,-1.2213227891015845,4.404136581943264,-3.1828137983201925
64.5,-64.99637932759708,0.05295508682739486,0.5959941468142679,0.3177324004520422,-1.2213227890252436,4.404136581831324,-3.1828137982791245
64.525,-64.99637932746033,0.052955086828245804,0.5959941467491826,0.3177324004491403,-1.221322788949294,4.4041365817206035,-3.1828137982380995
64.55,-64.99637932732375,0.052955086829096935,0.5959941466842741,0.3177324004462613,-1.2213227888737215,4.404136581611088,-3.182813798197125
64.575,-64.99637932718736,0.0529550868299482,0.5959941466195419,0.31773240044340495,-1.2213227887985216,4.404136581502764,-3.1828137981562064
64.6,-64.99637932705116,0.052955086830799435,0.5959941465549855,0.3177324004405712,-1.221322788723682,4.40413658139562,-3.1828137981153475
64.625,-64.99637932691519,0.052955086831650504,0.5959941464906043,0.31773240043775997,-1.2213227886491922,4.404136581289638,-3.1828137980745566
64.65,-64.99637932677946,0.05295508683250128,0.595994146426398,0.3177324004349711,-1.2213227885750433,4.404136581184808,-3.182813798033838
64.675,-64.99637932664399,0.05295508683335167,0.595994146362366,0.3177324004322044,-1.2213227885012274,4.404136581081116,-3.1828137979931967
64.7,-64.9963793265088,0.0529550868342015,0.5959941462985079,0.3177324004294599,-1.221322788427732,4.404136580978547,-3.1828137979526403
64.725,-64.99637932637391,0.05295508683505064,0.595994146234823,0.31773240042673734,-1.2213227883545474,4.404136580877087,-3.1828137979121736
64.75,-64.99637932623934,0.05295508683589901,0.5959941461713111,0.31773240042403667,-1.2213227882816668,4.404136580776726,-3.1828137978718005
64.775,-64.99637932610509,0.052955086836746476,0.5959941461079715,0.31773240042135775,-1.2213227882090807,4.404136580677451,-3.182813797831525
64.8,-64.99637932597118,0.05295508683759289,0.5959941460448039,0.3177324004187005,-1.2213227881367779,4.4041365805792525,-3.182813797791353
64.825,-64.99637932583764,0.05295508683843814,0.5959941459818078,0.3177324004160647,-1.2213227880647495,4.404136580482108,-3.1828137977512907
64.85,-64.99637932570448,0.0529550868392821,0.5959941459189826,0.3177324004134503,-1.2213227879929867,4.404136580386008,-3.182813797711344
64.875,-64.99637932557172,0.052955086840124704,0.5959941458563279,0.3177324004108572,-1.2213227879214834,4.4041365802909445,-3.1828137976715167
64.9,-64.99637932543938,0.05295508684096579,0.5959941457938434,0.3177324004082852,-1.2213227878502277,4.404136580196898,-3.182813797631813
64.925,-64.99637932530747,0.05295508684180529,0.5959941457315284,0.31773240040573425,-1.2213227877792152,4.404136580103858,-3.1828137975922415
64.95,-64.99637932517601,0.05295508684264301,0.5959941456693827,0.31773240040320416,-1.2213227877084307,4.404136580011812,-3.1828137975528024
64.975,-64.99637932504501,0.05295508684347888,0.5959941456074056,0.3177324004006948,-1.2213227876378687,4.404136579920743,-3.1828137975135036
65.0,-64.99637932491449,0.05295508684431278,0.5959941455455968,0.31773240039820605,-1.2213227875675203,4.404136579830647,-3.1828137974743456
65.025,-64.99637932478446,0.05295508684514467,0.5959941454839559,0.3177324003957378,-1.2213227874973818,4.404136579741503,-3.1828137974353368
65.05,-64.99637932465494,0.052955086845974386,0.5959941454224824,0.3177324003932899,-1.221322787427442,4.4041365796533025,-3.182813797396481
65.075,-64.99637932452593,0.05295508684680182,0.5959941453611758,0.3177324003908623,-1.2213227873576915,4.404136579566035,-3.1828137973577797
65.1,-64.99637932439747,0.05295508684762689,0.5959941453000357,0.3177324003884548,-1.2213227872881245,4.404136579479687,-3.18281379731924
65.125,-64.99637932426955,0.052955086848449476,0.5959941452390617,0.31773240038606726,-1.2213227872187313,4.404136579394241,-3.182813797280866
65.15,-64.99637932414221,0.05295508684926948,0.5959941451782533,0.31773240038369954,-1.2213227871495054,4.404136579309688,-3.182813797242663
65.175,-64.99637932401544,0.05295508685008682,0.5959941451176102,0.3177324003813516,-1.2213227870804395,4.404136579226019,-3.1828137972046306
65.2,-64.99637932388926,0.052955086850901376,0.5959941450571319,0.3177324003790232,-1.2213227870115255,4.40413657914322,-3.182813797166777
65.225,-64.99637932376369,0.05295508685171307,0.595994144996818,0.3177324003767143,-1.2213227869427568,4.404136579061272,-3.182813797129107
65.25,-64.99637932363873,0.05295508685252178,0.595994144936668,0.3177324003744247,-1.221322786874124,4.4041365789801725,-3.18281379709162
65.275,-64.99637932351442,0.052955086853327386,0.5959941448766817,0.3177324003721543,-1.2213227868056185,4.4041365788999025,-3.182813797054325
65.3,-64.99637932339074,0.05295508685412987,0.5959941448168584,0.3177324003699029,-1.221322786737238,4.404136578820453,-3.182813797017222
65.325,-64.99637932326772,0.052955086854929126,0.5959941447571978,0.3177324003676705,-1.2213227866689742,4.404136578741813,-3.182813796980315
65.35,-64.99637932314536,0.052955086855725045,0.5959941446976995,0.31773240036545686,-1.2213227866008196,4.404136578663974,-3.1828137969436083
65.375,-64.99637932302369,0.052955086856517515,0.5959941446383632,0.3177324003632619,-1.2213227865327652,4.404136578586916,-3.1828137969071064
65.4,-64.99637932290271,0.052955086857306495,0.5959941445791883,0.3177324003610854,-1.2213227864648077,4.404136578510629,-3.1828137968708132
65.425,-64.99637932278245,0.052955086858091936,0.5959941445201745,0.31773240035892736,-1.2213227863969427,4.404136578435102,-3.182813796834733
65.45,-64.99637932266289,0.05295508685887365,0.5959941444613215,0.31773240035678757,-1.2213227863291574,4.404136578360328,-3.182813796798867
65.475,-64.99637932254406,0.05295508685965161,0.5959941444026288,0.3177324003546659,-1.2213227862614482,4.40413657828629,-3.182813796763217
65.5,-64.99637932242597,0.05295508686042575,0.5959941443440959,0.31773240035256217,-1.2213227861938099,4.404136578212979,-3.1828137967277894
65.525,-64.99637932230863,0.05295508686119593,0.5959941442857226,0.31773240035047634,-1.221322786126233,4.404136578140383,-3.182813796692588
65.55,-64.99637932219204,0.05295508686196208,0.5959941442275084,0.3177324003484082,-1.2213227860587108,4.404136578068492,-3.182813796657612
65.575,-64.99637932207624,0.052955086862724196,0.595994144169453,0.3177324003463577,-1.2213227859912437,4.40413657799729,-3.1828137966228707
65.6,-64.99637932196121,0.05295508686348214,0.5959941441115558,0.31773240034432465,-1.2213227859238203,4.404136577926771,-3.182813796588364
65.625,-64.99637932184697,0.05295508686423586,0.5959941440538167,0.31773240034230893,-1.2213227858564368,4.404136577856926,-3.182813796554092
65.65,-64.99637932173354,0.052955086864985255,0.5959941439962352,0.31773240034031036,-1.2213227857890856,4.4041365777877335,-3.1828137965200622
65.675,-64.9963793216209,0.05295508686573025,0.5959941439388109,0.31773240033832884,-1.221322785721761,4.4041365777191945,-3.182813796486272
65.7,-64.9963793215091,0.0529550868664708,0.5959941438815434,0.31773240033636424,-1.2213227856544586,4.404136577651292,-3.1828137964527285
65.725,-64.99637932139811,0.05295508686720687,0.5959941438244323,0.3177324003344164,-1.221322785587175,4.404136577584016,-3.1828137964194325
65.75,-64.99637932128796,0.052955086867938324,0.5959941437674773,0.31773240033248523,-1.2213227855199014,4.404136577517357,-3.182813796386388
65.775,-64.99637932117867,0.052955086868665104,0.595994143710678,0.31773240033057054,-1.2213227854526325,4.404136577451298,-3.1828137963535994
65.8,-64.99637932107022,0.05295508686938721,0.5959941436540341,0.3177324003286722,-1.2213227853853679,4.4041365773858345,-3.1828137963210663
65.825,-64.99637932096265,0.0529550868701045,0.5959941435975452,0.3177324003267902,-1.2213227853180963,4.404136577320955,-3.1828137962887935
65.85,-64.99637932085594,0.052955086870816966,0.5959941435412108,0.3177324003249242,-1.221322785250817,4.404136577256649,-3.182813796256781
65.875,-64.99637932075011,0.05295508687152451,0.5959941434850308,0.31773240032307426,-1.221322785183523,4.404136577192907,-3.1828137962250325
65.9,-64.99637932064516,0.0529550868722271,0.5959941434290046,0.3177324003212401,-1.2213227851162107,4.4041365771297185,-3.1828137961935483
65.925,-64.99637932054111,0.05295508687292464,0.595994143373132,0.3177324003194217,-1.2213227850488735,4.404136577067073,-3.1828137961623324
65.95,-64.99637932043795,0.05295508687361714,0.5959941433174124,0.3177324003176188,-1.2213227849815103,4.4041365770049605,-3.1828137961313856
65.975,-64.9963793203357,0.05295508687430443,0.5959941432618457,0.31773240031583133,-1.2213227849141097,4.40413657694337,-3.1828137961007115
66.0,-64.99637932023438,0.05295508687498657,0.5959941432064315,0.3177324003140592,-1.221322784846675,4.404136576882291,-3.1828137960703144
66.025,-64.99637932013398,0.05295508687566343,0.5959941431511694,0.3177324003123022,-1.2213227847791963,4.404136576821712,-3.1828137960401945
66.05,-64.9963793200345,0.052955086876335,0.595994143096059,0.3177324003105602,-1.221322784711673,4.404136576761625,-3.1828137960103517
66.075,-64.99637931993597,0.05295508687700122,0.5959941430411,0.31773240030883315,-1.221322784644099,4.404136576702023,-3.1828137959807905
66.1,-64.99637931983837,0.052955086877662046,0.595994142986292,0.31773240030712085,-1.2213227845764716,4.4041365766428955,-3.1828137959515104
66.125,-64.99637931974172,0.05295508687831742,0.5959941429316348,0.31773240030542316,-1.2213227845087853,4.404136576584227,-3.182813795922516
66.15,-64.99637931964602,0.052955086878967265,0.5959941428771279,0.31773240030373995,-1.2213227844410357,4.404136576526013,-3.182813795893807
66.175,-64.99637931955128,0.05295508687961155,0.5959941428227711,0.3177324003020711,-1.2213227843732184,4.404136576468247,-3.182813795865384
66.2,-64.9963793194575,0.05295508688025022,0.5959941427685639,0.3177324003004165,-1.2213227843053298,4.404136576410913,-3.1828137958372507
66.225,-64.99637931936469,0.05295508688088326,0.595994142714506,0.317732400298776,-1.2213227842373677,4.404136576354008,-3.1828137958094076
66.25,-64.99637931927286,0.05295508688151065,0.5959941426605971,0.31773240029714944,-1.2213227841693304,4.404136576297518,-3.182813795781858
66.275,-64.99637931918201,0.05295508688213236,0.5959941426068369,0.31773240029553673,-1.2213227841012153,4.404136576241435,-3.1828137957546034
66.3,-64.99637931909214,0.052955086882748255,0.595994142553225,0.3177324002939377,-1.221322784033012,4.404136576185749,-3.1828137957276423
66.325,-64.99637931900327,0.052955086883358315,0.5959941424997612,0.3177324002923522,-1.2213227839647196,4.404136576130453,-3.18281379570098
66.35,-64.99637931891539,0.05295508688396257,0.5959941424464451,0.3177324002907802,-1.2213227838963376,4.404136576075536,-3.182813795674616
66.375,-64.9963793188285,0.05295508688456093,0.5959941423932763,0.31773240028922145,-1.2213227838278613,4.40413657602099,-3.1828137956485505
66.4,-64.99637931874261,0.05295508688515337,0.5959941423402545,0.3177324002876759,-1.221322783759287,4.404136575966811,-3.1828137956227835
66.425,-64.99637931865773,0.052955086885739897,0.5959941422873793,0.3177324002861434,-1.2213227836906144,4.404136575912985,-3.182813795597319
66.45,-64.99637931857386,0.05295508688632043,0.5959941422346505,0.3177324002846238,-1.221322783621838,4.404136575859504,-3.1828137955721574
66.475,-64.99637931849101,0.05295508688689488,0.5959941421820677,0.31773240028311694,-1.2213227835529508,4.404136575806355,-3.1828137955473026
66.5,-64.99637931840917,0.05295508688746331,0.5959941421296306,0.31773240028162275,-1.221322783483956,4.404136575753538,-3.1828137955227502
66.525,-64.99637931832835,0.05295508688802567,0.5959941420773389,0.3177324002801411,-1.2213227834148503,4.40413657570104,-3.182813795498505
66.55,-64.99637931824856,0.052955086888581956,0.5959941420251923,0.31773240027867183,-1.2213227833456326,4.404136575648853,-3.182813795474567
66.575,-64.99637931816979,0.05295508688913207,0.5959941419731903,0.31773240027721483,-1.221322783276295,4.404136575596971,-3.1828137954509357
66.6,-64.99637931809204,0.05295508688967601,0.5959941419213328,0.31773240027577,-1.2213227832068372,4.404136575545388,-3.1828137954276117
66.625,-64.99637931801533,0.0529550868902137,0.5959941418696194,0.31773240027433713,-1.221322783137253,4.404136575494089,-3.1828137954045985
66.65,-64.99637931793966,0.05295508689074523,0.5959941418180498,0.31773240027291616,-1.2213227830675484,4.404136575443068,-3.1828137953818967
66.675,-64.99637931786502,0.0529550868912705,0.5959941417666236,0.31773240027150695,-1.2213227829977156,4.404136575392319,-3.182813795359506
66.7,-64.99637931779142,0.05295508689178955,0.5959941417153406,0.3177324002701094,-1.2213227829277569,4.404136575341836,-3.1828137953374265
66.725,-64.99637931771886,0.05295508689230224,0.5959941416642004,0.31773240026872335,-1.2213227828576618,4.404136575291609,-3.1828137953156586
66.75,-64.99637931764734,0.05295508689280867,0.5959941416132027,0.31773240026734867,-1.2213227827874373,4.4041365752416315,-3.1828137952942015
66.775,-64.99637931757687,0.05295508689330873,0.5959941415623473,0.31773240026598526,-1.2213227827170738,4.404136575191895,-3.1828137952730597
66.8,-64.99637931750743,0.05295508689380246,0.5959941415116338,0.31773240026463295,-1.2213227826465742,4.404136575142392,-3.1828137952522297
66.825,-64.99637931743905,0.05295508689428979,0.5959941414610619,0.31773240026329164,-1.221322782575934,4.404136575093112,-3.182813795231715
66.85,-64.9963793173717,0.052955086894770784,0.5959941414106312,0.3177324002619612,-1.2213227825051547,4.404136575044056,-3.182813795211511
66.875,-64.99637931730541,0.05295508689524536,0.5959941413603416,0.31773240026064153,-1.2213227824342323,4.404136574995211,-3.182813795191623
66.9,-64.99637931724017,0.05295508689571358,0.5959941413101926,0.3177324002593325,-1.2213227823631692,4.4041365749465715,-3.1828137951720508
66.925,-64.99637931717598,0.05295508689617529,0.595994141260184,0.317732400258034,-1.2213227822919548,4.404136574898128,-3.1828137951527933
66.95,-64.99637931711284,0.05295508689663058,0.5959941412103155,0.3177324002567459,-1.221322782220594,4.404136574849872,-3.182813795133852
66.975,-64.99637931705075,0.05295508689707945,0.5959941411605867,0.31773240025546806,-1.221322782149087,4.404136574801805,-3.1828137951152256
67.0,-64.99637931698972,0.052955086897521854,0.5959941411109974,0.31773240025420035,-1.2213227820774293,4.4041365747539105,-3.182813795096915
67.025,-64.99637931692973,0.05295508689795772,0.5959941410615472,0.3177324002529427,-1.2213227820056158,4.404136574706189,-3.18281379507892
67.05,-64.9963793168708,0.05295508689838715,0.595994141012236,0.31773240025169497,-1.2213227819336523,4.404136574658631,-3.18281379506124
67.075,-64.99637931681292,0.05295508689881007,0.5959941409630634,0.317732400250457,-1.2213227818615344,4.40413657461123,-3.182813795043876
67.1,-64.99637931675609,0.052955086899226504,0.5959941409140289,0.3177324002492287,-1.2213227817892613,4.404136574563978,-3.182813795026827
67.125,-64.99637931670031,0.052955086899636405,0.5959941408651325,0.31773240024800997,-1.2213227817168306,4.40413657451687,-3.1828137950100936
67.15,-64.99637931664559,0.052955086900039805,0.5959941408163737,0.31773240024680066,-1.2213227816442431,4.4041365744698995,-3.182813794993676
67.175,-64.99637931659191,0.052955086900436675,0.5959941407677523,0.3177324002456007,-1.2213227815714969,4.4041365744230605,-3.1828137949775734
67.2,-64.99637931653929,0.05295508690082707,0.5959941407192679,0.3177324002444099,-1.2213227814985943,4.404136574376346,-3.182813794961787
67.225,-64.99637931648772,0.05295508690121088,0.5959941406709204,0.31773240024322824,-1.2213227814255276,4.40413657432975,-3.1828137949463153
67.25,-64.99637931643719,0.052955086901588164,0.5959941406227094,0.31773240024205557,-1.2213227813523004,4.404136574283273,-3.1828137949311555
67.275,-64.9963793163877,0.05295508690195895,0.5959941405746345,0.3177324002408917,-1.2213227812789136,4.404136574236898,-3.1828137949163104
67.3,-64.99637931633927,0.052955086902323166,0.5959941405266955,0.31773240023973665,-1.221322781205362,4.404136574190625,-3.1828137949017816
67.325,-64.99637931629188,0.0529550869026809,0.5959941404788922,0.3177324002385902,-1.2213227811316507,4.404136574144448,-3.1828137948875637
67.35,-64.99637931624554,0.0529550869030321,0.5959941404312242,0.31773240023745225,-1.221322781057776,4.404136574098359,-3.182813794873661
67.375,-64.99637931620023,0.05295508690337676,0.5959941403836913,0.3177324002363227,-1.2213227809837364,4.404136574052354,-3.1828137948600697
67.4,-64.99637931615597,0.05295508690371491,0.595994140336293,0.3177324002352015,-1.2213227809095333,4.40413657400643,-3.1828137948467896
67.425,-64.99637931611274,0.05295508690404651,0.5959941402890293,0.31773240023408844,-1.221322780835164,4.404136573960579,-3.182813794833821
67.45,-64.99637931607054,0.052955086904371645,0.5959941402418997,0.3177324002329835,-1.2213227807606333,4.404136573914795,-3.1828137948211634
67.475,-64.99637931602939,0.052955086904690224,0.5959941401949039,0.3177324002318865,-1.2213227806859341,4.404136573869072,-3.182813794808817
67.5,-64.99637931598926,0.052955086905002294,0.5959941401480419,0.31773240023079735,-1.2213227806110691,4.4041365738234095,-3.1828137947967776
67.525,-64.99637931595016,0.05295508690530792,0.595994140101313,0.317732400229716,-1.2213227805360425,4.404136573777798,-3.182813794785049
67.55,-64.9963793159121,0.05295508690560702,0.5959941400547173,0.31773240022864224,-1.2213227804608482,4.404136573732233,-3.182813794773628
67.575,-64.99637931587505,0.05295508690589964,0.5959941400082542,0.31773240022757604,-1.221322780385488,4.40413657368671,-3.1828137947625135
67.6,-64.99637931583902,0.05295508690618578,0.5959941399619236,0.3177324002265173,-1.2213227803099618,4.404136573641225,-3.182813794751706
67.625,-64.99637931580402,0.052955086906465505,0.5959941399157253,0.31773240022546584,-1.221322780234274,4.404136573595769,-3.182813794741206
67.65,-64.99637931577004,0.05295508690673878,0.5959941398696588,0.3177324002244216,-1.2213227801584208,4.404136573550341,-3.1828137947310124
67.675,-64.99637931573707,0.05295508690700561,0.5959941398237238,0.3177324002233845,-1.2213227800824016,4.4041365735049345,-3.1828137947211217
67.7,-64.99637931570511,0.052955086907266,0.5959941397779203,0.3177324002223544,-1.2213227800062172,4.404136573459546,-3.182813794711534
67.725,-64.99637931567416,0.052955086907519947,0.5959941397322478,0.3177324002213312,-1.2213227799298663,4.404136573414172,-3.1828137947022483
67.75,-64.99637931564422,0.052955086907767485,0.595994139686706,0.3177324002203148,-1.2213227798533504,4.404136573368804,-3.1828137946932658
67.775,-64.99637931561527,0.05295508690800867,0.5959941396412948,0.3177324002193051,-1.2213227797766724,4.404136573323442,-3.182813794684581
67.8,-64.99637931558732,0.05295508690824342,0.5959941395960138,0.317732400218302,-1.2213227796998278,4.404136573278083,-3.1828137946761954
67.825,-64.99637931556036,0.05295508690847187,0.5959941395508627,0.3177324002173055,-1.2213227796228237,4.40413657323272,-3.182813794668108
67.85,-64.9963793155344,0.052955086908693966,0.5959941395058411,0.3177324002163153,-1.2213227795456552,4.404136573187348,-3.182813794660319
67.875,-64.99637931550943,0.052955086908909724,0.595994139460949,0.3177324002153315,-1.2213227794683246,4.404136573141962,-3.1828137946528288
67.9,-64.99637931548544,0.05295508690911917,0.595994139416186,0.31773240021435384,-1.221322779390832,4.404136573096556,-3.1828137946456323
67.925,-64.99637931546243,0.05295508690932231,0.5959941393715518,0.3177324002133823,-1.2213227793131778,4.40413657305113,-3.18281379463873
67.95,-64.99637931544041,0.05295508690951922,0.595994139327046,0.3177324002124168,-1.2213227792353665,4.40413657300568,-3.1828137946321218
67.975,-64.99637931541935,0.052955086909709896,0.5959941392826686,0.3177324002114572,-1.2213227791573964,4.404136572960204,-3.1828137946258037
68.0,-64.99637931539925,0.05295508690989433,0.5959941392384192,0.3177324002105035,-1.221322779079267,4.404136572914697,-3.1828137946197756
68.025,-64.99637931538012,0.05295508691007253,0.5959941391942974,0.31773240020955545,-1.2213227790009782,4.404136572869152,-3.182813794614037
68.05,-64.99637931536196,0.05295508691024452,0.5959941391503031,0.31773240020861304,-1.2213227789225312,4.404136572823565,-3.1828137946085886
68.075,-64.99637931534475,0.05295508691041033,0.595994139106436,0.3177324002076762,-1.2213227788439278,4.404136572777935,-3.182813794603426
68.1,-64.9963793153285,0.052955086910570014,0.5959941390626956,0.31773240020674476,-1.2213227787651701,4.4041365727322574,-3.1828137945985486
68.125,-64.99637931531318,0.052955086910723564,0.5959941390190819,0.3177324002058187,-1.2213227786862575,4.404136572686534,-3.182813794593953
68.15,-64.99637931529881,0.052955086910871,0.5959941389755946,0.31773240020489796,-1.221322778607191,4.404136572640754,-3.182813794589643
68.175,-64.99637931528538,0.05295508691101234,0.5959941389322333,0.31773240020398236,-1.221322778527971,4.404136572594916,-3.182813794585614
68.2,-64.99637931527288,0.052955086911147635,0.5959941388889978,0.31773240020307186,-1.2213227784486,4.404136572549023,-3.1828137945818624
68.225,-64.99637931526131,0.05295508691127689,0.5959941388458877,0.31773240020216637,-1.2213227783690785,4.404136572503062,-3.1828137945783923
68.25,-64.99637931525066,0.052955086911400176,0.5959941388029029,0.3177324002012658,-1.22132277828941,4.404136572457036,-3.182813794575199
68.275,-64.99637931524093,0.05295508691151742,0.595994138760043,0.3177324002003701,-1.22132277820959,4.404136572410944,-3.1828137945722785
68.3,-64.99637931523212,0.05295508691162874,0.5959941387173079,0.31773240019947907,-1.2213227781296248,4.404136572364775,-3.1828137945696353
68.325,-64.9963793152242,0.05295508691173416,0.5959941386746972,0.3177324001985927,-1.2213227780495157,4.404136572318537,-3.1828137945672608
68.35,-64.9963793152172,0.05295508691183366,0.5959941386322106,0.31773240019771093,-1.221322777969262,4.404136572272216,-3.182813794565159
68.375,-64.99637931521109,0.052955086911927275,0.595994138589848,0.31773240019683363,-1.2213227778888638,4.404136572225817,-3.1828137945633257
68.4,-64.99637931520587,0.05295508691201503,0.5959941385476089,0.3177324001959608,-1.2213227778083229,4.404136572179335,-3.182813794561761
68.425,-64.99637931520155,0.052955086912097,0.5959941385054931,0.31773240019509225,-1.221322777727644,4.4041365721327645,-3.1828137945604653
68.45,-64.99637931519811,0.052955086912173197,0.5959941384635004,0.31773240019422794,-1.2213227776468272,4.404136572086105,-3.1828137945594333
68.475,-64.99637931519554,0.052955086912243626,0.5959941384216304,0.3177324001933678,-1.2213227775658724,4.404136572039358,-3.182813794558662
68.5,-64.99637931519385,0.05295508691230836,0.595994138379883,0.3177324001925117,-1.2213227774847835,4.404136571992513,-3.1828137945581543
68.525,-64.99637931519302,0.05295508691236736,0.5959941383382579,0.3177324001916596,-1.221322777403558,4.404136571945571,-3.1828137945579074
68.55,-64.99637931519305,0.052955086912420665,0.5959941382967547,0.31773240019081145,-1.2213227773221973,4.404136571898535,-3.182813794557916
68.575,-64.99637931519393,0.05295508691246837,0.5959941382553733,0.3177324001899671,-1.221322777240708,4.404136571851399,-3.18281379455818
68.6,-64.99637931519567,0.05295508691251045,0.5959941382141133,0.3177324001891266,-1.2213227771590867,4.404136571804159,-3.1828137945587
68.625,-64.99637931519825,0.05295508691254699,0.5959941381729744,0.31773240018828974,-1.22132277707734,4.404136571756812,-3.182813794559476
68.65,-64.99637931520166,0.05295508691257795,0.5959941381319565,0.3177324001874565,-1.2213227769954635,4.404136571709364,-3.182813794560499
68.675,-64.99637931520591,0.05295508691260344,0.5959941380910592,0.31773240018662685,-1.2213227769134651,4.4041365716618035,-3.182813794561774
68.7,-64.99637931521099,0.05295508691262344,0.5959941380502822,0.3177324001858006,-1.221322776831342,4.404136571614132,-3.182813794563296
68.725,-64.99637931521688,0.05295508691263803,0.5959941380096254,0.3177324001849778,-1.2213227767490993,4.4041365715663465,-3.182813794565065
68.75,-64.99637931522359,0.05295508691264717,0.5959941379690884,0.31773240018415827,-1.2213227766667334,4.404136571518448,-3.1828137945670774
68.775,-64.99637931523111,0.05295508691265097,0.595994137928671,0.317732400183342,-1.2213227765842518,4.40413657147043,-3.182813794569333
68.8,-64.99637931523944,0.0529550869126494,0.5959941378883729,0.31773240018252885,-1.2213227765016519,4.404136571422292,-3.182813794571831
68.825,-64.99637931524856,0.0529550869126425,0.5959941378481938,0.31773240018171883,-1.221322776418936,4.404136571374034,-3.182813794574568
68.85,-64.99637931525847,0.0529550869126304,0.5959941378081334,0.31773240018091187,-1.2213227763361114,4.404136571325657,-3.1828137945775397
68.875,-64.99637931526915,0.05295508691261304,0.5959941377681915,0.3177324001801079,-1.2213227762531742,4.40413657127716,-3.1828137945807455
68.9,-64.99637931528062,0.0529550869125905,0.5959941377283678,0.3177324001793068,-1.221322776170129,4.404136571228538,-3.182813794584186
68.925,-64.99637931529286,0.05295508691256278,0.5959941376886622,0.31773240017850857,-1.2213227760869751,4.40413657117979,-3.1828137945878567
68.95,-64.99637931530586,0.052955086912529946,0.5959941376490742,0.3177324001777131,-1.2213227760037169,4.4041365711309135,-3.1828137945917576
68.975,-64.99637931531963,0.052955086912492004,0.5959941376096036,0.3177324001769203,-1.221322775920354,4.404136571081905,-3.1828137945958885
69.0,-64.99637931533415,0.05295508691244904,0.5959941375702502,0.31773240017613014,-1.221322775836892,4.404136571032766,-3.1828137946002455
69.025,-64.99637931534942,0.05295508691240105,0.5959941375310137,0.31773240017534254,-1.2213227757533294,4.4041365709835,-3.1828137946048245
69.05,-64.99637931536542,0.052955086912348064,0.5959941374918938,0.31773240017455745,-1.2213227756696683,4.404136570934099,-3.1828137946096247
69.075,-64.99637931538216,0.052955086912290145,0.5959941374528902,0.3177324001737748,-1.2213227755859115,4.404136570884562,-3.182813794614647
69.1,-64.99637931539962,0.052955086912227355,0.5959941374140028,0.31773240017299453,-1.2213227755020637,4.404136570834893,-3.1828137946198862
69.125,-64.9963793154178,0.052955086912159666,0.5959941373752311,0.31773240017221654,-1.2213227754181217,4.404136570785089,-3.182813794625339
69.15,-64.9963793154367,0.052955086912087175,0.595994137336575,0.31773240017144083,-1.2213227753340916,4.404136570735146,-3.1828137946310093
69.175,-64.99637931545631,0.05295508691200992,0.5959941372980342,0.31773240017066734,-1.2213227752499762,4.404136570685065,-3.1828137946368926
69.2,-64.99637931547662,0.052955086911927844,0.5959941372596085,0.31773240016989596,-1.2213227751657703,4.404136570634845,-3.1828137946429846
69.225,-64.99637931549762,0.0529550869118411,0.5959941372212975,0.3177324001691267,-1.2213227750814841,4.404136570584487,-3.182813794649286
69.25,-64.9963793155193,0.052955086911749716,0.5959941371831009,0.3177324001683594,-1.2213227749971185,4.404136570533988,-3.1828137946557917
69.275,-64.99637931554167,0.05295508691165371,0.5959941371450186,0.3177324001675941,-1.221322774912674,4.404136570483348,-3.182813794662502
69.3,-64.99637931556471,0.052955086911553116,0.5959941371070503,0.3177324001668307,-1.2213227748281532,4.40413657043257,-3.182813794669413
69.325,-64.99637931558841,0.05295508691144796,0.5959941370691957,0.31773240016606913,-1.2213227747435567,4.404136570381649,-3.1828137946765236
69.35,-64.99637931561278,0.05295508691133835,0.5959941370314545,0.3177324001653094,-1.221322774658892,4.404136570330586,-3.182813794683835
69.375,-64.99637931563781,0.05295508691122422,0.5959941369938265,0.3177324001645514,-1.2213227745741528,4.404136570279377,-3.182813794691343
69.4,-64.99637931566348,0.05295508691110569,0.5959941369563114,0.31773240016379506,-1.2213227744893478,4.404136570228024,-3.1828137946990425
69.425,-64.99637931568978,0.05295508691098277,0.5959941369189089,0.3177324001630404,-1.2213227744044761,4.404136570176531,-3.1828137947069335
69.45,-64.99637931571672,0.05295508691085551,0.5959941368816188,0.31773240016228727,-1.2213227743195418,4.404136570124889,-3.182813794715017
69.475,-64.99637931574429,0.05295508691072391,0.5959941368444408,0.3177324001615357,-1.2213227742345436,4.404136570073104,-3.1828137947232875
69.5,-64.99637931577249,0.052955086910588096,0.5959941368073747,0.31773240016078563,-1.221322774149489,4.404136570021172,-3.1828137947317456
69.525,-64.99637931580129,0.05295508691044803,0.5959941367704201,0.31773240016003695,-1.2213227740643757,4.404136569969093,-3.182813794740387
69.55,-64.99637931583071,0.05295508691030379,0.5959941367335768,0.31773240015928966,-1.221322773979208,4.404136569916867,-3.182813794749212
69.575,-64.99637931586072,0.05295508691015541,0.5959941366968446,0.3177324001585437,-1.2213227738939885,4.404136569864495,-3.1828137947582165
69.6,-64.99637931589132,0.05295508691000294,0.5959941366602232,0.317732400157799,-1.2213227738087182,4.404136569811981,-3.182813794767395
69.625,-64.99637931592251,0.05295508690984641,0.5959941366237123,0.3177324001570556,-1.2213227737234007,4.404136569759318,-3.1828137947767527
69.65,-64.99637931595427,0.05295508690968588,0.5959941365873116,0.3177324001563134,-1.2213227736380379,4.4041365697065125,-3.182813794786281
69.675,-64.99637931598662,0.05295508690952139,0.595994136551021,0.3177324001555723,-1.2213227735526326,4.404136569653557,-3.1828137947959845
69.7,-64.99637931601953,0.052955086909352946,0.59599413651484,0.31773240015483234,-1.2213227734671848,4.404136569600453,-3.1828137948058584
69.725,-64.996379316053,0.05295508690918058,0.5959941364787685,0.31773240015409343,-1.2213227733816963,4.404136569547206,-3.1828137948158983
69.75,-64.99637931608702,0.05295508690900437,0.5959941364428063,0.3177324001533555,-1.221322773296171,4.404136569493811,-3.1828137948261044
69.775,-64.99637931612158,0.0529550869088244,0.595994136406953,0.3177324001526186,-1.2213227732106147,4.404136569440273,-3.1828137948364725
69.8,-64.99637931615668,0.05295508690864067,0.5959941363712083,0.3177324001518826,-1.221322773125026,4.404136569386586,-3.1828137948470028
69.825,-64.9963793161923,0.052955086908453186,0.5959941363355721,0.31773240015114745,-1.221322773039406,4.404136569332755,-3.1828137948576907
69.85,-64.99637931622846,0.05295508690826207,0.5959941363000439,0.31773240015041315,-1.221322772953762,4.404136569278778,-3.1828137948685367
69.875,-64.99637931626512,0.0529550869080673,0.5959941362646237,0.3177324001496797,-1.2213227728680913,4.40413656922466,-3.182813794879536
69.9,-64.9963793163023,0.052955086907868966,0.5959941362293111,0.317732400148947,-1.2213227727823999,4.4041365691703955,-3.1828137948906883
69.925,-64.99637931633998,0.052955086907667065,0.5959941361941058,0.317732400148215,-1.2213227726966873,4.404136569115985,-3.182813794901995
69.95,-64.99637931637817,0.05295508690746168,0.5959941361590076,0.3177324001474837,-1.2213227726109583,4.404136569061428,-3.18281379491345
69.975,-64.99637931641684,0.05295508690725286,0.5959941361240163,0.3177324001467531,-1.2213227725252158,4.40413656900673,-3.18281379492505
70.0,-64.99637931645599,0.05295508690704056,0.5959941360891315,0.31773240014602305,-1.221322772439456,4.404136568951889,-3.1828137949367954
70.025,-64.9963793164956,0.052955086906824884,0.5959941360543531,0.3177324001452936,-1.2213227723536857,4.4041365688969085,-3.1828137949486814
70.05,-64.99637931653571,0.052955086906605935,0.5959941360196808,0.31773240014456466,-1.221322772267911,4.40413656884178,-3.1828137949607123
70.075,-64.99637931657627,0.052955086906383696,0.5959941359851141,0.31773240014383625,-1.2213227721821305,4.404136568786512,-3.18281379497288
70.1,-64.99637931661728,0.0529550869061582,0.595994135950653,0.31773240014310833,-1.2213227720963455,4.404136568731105,-3.1828137949851834
70.125,-64.99637931665875,0.052955086905929476,0.5959941359162971,0.31773240014238086,-1.2213227720105577,4.404136568675558,-3.1828137949976236
70.15,-64.99637931670065,0.05295508690569762,0.5959941358820462,0.31773240014165377,-1.221322771924773,4.404136568619867,-3.1828137950101962
70.175,-64.99637931674299,0.05295508690546258,0.5959941358479001,0.3177324001409271,-1.2213227718389872,4.404136568564044,-3.1828137950228963
70.2,-64.99637931678575,0.05295508690522449,0.5959941358138583,0.3177324001402007,-1.2213227717532091,4.404136568508082,-3.1828137950357243
70.225,-64.99637931682894,0.05295508690498338,0.5959941357799208,0.3177324001394747,-1.2213227716674395,4.404136568451983,-3.1828137950486806
70.25,-64.99637931687253,0.052955086904739275,0.5959941357460872,0.3177324001387489,-1.2213227715816808,4.404136568395747,-3.1828137950617603
70.275,-64.99637931691655,0.05295508690449223,0.5959941357123573,0.3177324001380234,-1.221322771495935,4.404136568339372,-3.1828137950749635
70.3,-64.99637931696095,0.05295508690424228,0.5959941356787307,0.3177324001372981,-1.2213227714102042,4.404136568282864,-3.182813795088286
70.325,-64.99637931700576,0.052955086903989444,0.5959941356452073,0.31773240013657295,-1.2213227713244899,4.404136568226219,-3.1828137951017283
70.35,-64.99637931705095,0.05295508690373383,0.5959941356117868,0.31773240013584797,-1.2213227712387977,4.404136568169443,-3.1828137951152855
70.375,-64.99637931709653,0.05295508690347542,0.5959941355784689,0.31773240013512316,-1.2213227711531267,4.404136568112535,-3.1828137951289577
70.4,-64.99637931714247,0.05295508690321425,0.5959941355452534,0.31773240013439846,-1.2213227710674786,4.404136568055497,-3.182813795142741
70.425,-64.99637931718878,0.0529550869029504,0.59599413551214,0.3177324001336738,-1.2213227709818577,4.404136567998329,-3.1828137951566347
70.45,-64.99637931723545,0.0529550869026839,0.5959941354791284,0.31773240013294923,-1.221322770896266,4.4041365679410305,-3.182813795170635
70.475,-64.99637931728248,0.05295508690241483,0.5959941354462184,0.3177324001322247,-1.221322770810709,4.404136567883606,-3.1828137951847424
70.5,-64.99637931732985,0.05295508690214314,0.5959941354134097,0.31773240013150017,-1.221322770725182,4.404136567826052,-3.182813795198956
70.525,-64.99637931737757,0.05295508690186895,0.5959941353807021,0.3177324001307756,-1.2213227706396925,4.4041365677683695,-3.182813795213272
70.55,-64.99637931742562,0.05295508690159226,0.5959941353480953,0.317732400130051,-1.2213227705542395,4.404136567710566,-3.1828137952276863
70.575,-64.996379317474,0.05295508690131315,0.595994135315589,0.3177324001293263,-1.2213227704688292,4.404136567652636,-3.182813795242198
70.6,-64.9963793175227,0.05295508690103161,0.5959941352831829,0.31773240012860154,-1.2213227703834593,4.404136567594585,-3.1828137952568083
70.625,-64.99637931757171,0.052955086900747746,0.5959941352508769,0.3177324001278767,-1.2213227702981375,4.404136567536412,-3.1828137952715125
70.65,-64.99637931762103,0.052955086900461544,0.5959941352186706,0.3177324001271517,-1.221322770212861,4.404136567478119,-3.18281379528631
70.675,-64.99637931767066,0.052955086900173046,0.5959941351865639,0.31773240012642656,-1.2213227701276332,4.404136567419706,-3.1828137953011972
70.7,-64.99637931772058,0.052955086899882355,0.5959941351545562,0.31773240012570125,-1.22132277004246,4.404136567361175,-3.182813795316174
70.725,-64.99637931777079,0.05295508689958948,0.5959941351226477,0.3177324001249757,-1.2213227699573412,4.404136567302528,-3.1828137953312363
70.75,-64.99637931782128,0.05295508689929443,0.5959941350908378,0.31773240012425,-1.2213227698722775,4.404136567243766,-3.1828137953463838
70.775,-64.99637931787204,0.05295508689899726,0.5959941350591262,0.31773240012352405,-1.2213227697872713,4.40413656718489,-3.182813795361612
70.8,-64.99637931792307,0.05295508689869803,0.595994135027513,0.31773240012279785,-1.2213227697023274,4.404136567125903,-3.1828137953769216
70.825,-64.99637931797437,0.05295508689839679,0.5959941349959976,0.3177324001220714,-1.2213227696174478,4.404136567066802,-3.182813795392312
70.85,-64.99637931802593,0.05295508689809355,0.5959941349645799,0.3177324001213446,-1.221322769532632,4.4041365670075905,-3.1828137954077786
70.875,-64.99637931807773,0.05295508689778837,0.5959941349332596,0.3177324001206176,-1.2213227694478845,4.404136566948276,-3.182813795423318
70.9,-64.99637931812978,0.05295508689748127,0.5959941349020365,0.31773240011989023,-1.2213227693632058,4.404136566888848,-3.1828137954389346
70.925,-64.99637931818206,0.052955086897172265,0.5959941348709101,0.31773240011916254,-1.2213227692785964,4.40413656682932,-3.1828137954546194
70.95,-64.99637931823459,0.052955086896861465,0.5959941348398804,0.3177324001184345,-1.2213227691940631,4.404136566769684,-3.182813795470376
70.975,-64.99637931828732,0.05295508689654889,0.595994134808947,0.3177324001177061,-1.221322769109607,4.404136566709948,-3.1828137954861973
71.0,-64.99637931834029,0.05295508689623455,0.5959941347781098,0.31773240011697734,-1.221322769025228,4.40413656665011,-3.1828137955020863
71.025,-64.99637931839347,0.052955086895918525,0.5959941347473684,0.3177324001162482,-1.2213227689409312,4.404136566590173,-3.1828137955180393
71.05,-64.99637931844684,0.05295508689560081,0.5959941347167226,0.3177324001155187,-1.2213227688567152,4.404136566530141,-3.1828137955340523
71.075,-64.99637931850043,0.05295508689528152,0.5959941346861721,0.3177324001147887,-1.2213227687725883,4.404136566470006,-3.1828137955501288
71.1,-64.9963793185542,0.0529550868949606,0.5959941346557167,0.31773240011405834,-1.2213227686885448,4.404136566409781,-3.182813795566261
71.125,-64.99637931860818,0.05295508689463816,0.5959941346253561,0.31773240011332754,-1.221322768604593,4.40413656634946,-3.182813795582453
71.15,-64.99637931866232,0.05295508689431418,0.59599413459509,0.3177324001125963,-1.2213227685207297,4.404136566289051,-3.182813795598696
71.175,-64.99637931871665,0.05295508689398873,0.5959941345649181,0.31773240011186454,-1.22132276843696,4.404136566228546,-3.1828137956149942
71.2,-64.99637931877115,0.052955086893661865,0.5959941345348403,0.31773240011113235,-1.221322768353287,4.404136566167955,-3.182813795631344
71.225,-64.99637931882582,0.05295508689333357,0.5959941345048563,0.31773240011039966,-1.2213227682697094,4.404136566107272,-3.182813795647745
71.25,-64.99637931888064,0.05295508689300395,0.5959941344749657,0.3177324001096665,-1.2213227681862324,4.404136566046509,-3.182813795664192
71.275,-64.99637931893562,0.052955086892673,0.5959941344451685,0.3177324001089329,-1.2213227681028571,4.4041365659856595,-3.182813795680687
71.3,-64.99637931899075,0.05295508689234075,0.5959941344154642,0.31773240010819875,-1.2213227680195835,4.4041365659247305,-3.182813795697224
71.325,-64.99637931904601,0.05295508689200732,0.5959941343858527,0.3177324001074641,-1.2213227679364198,4.404136565863722,-3.182813795713804
71.35,-64.99637931910142,0.052955086891672644,0.5959941343563336,0.31773240010672893,-1.221322767853361,4.404136565802631,-3.1828137957304263
71.375,-64.99637931915696,0.05295508689133677,0.5959941343269068,0.31773240010599324,-1.2213227677704095,4.404136565741465,-3.1828137957470872
71.4,-64.99637931921262,0.05295508689099978,0.595994134297572,0.317732400105257,-1.221322767687571,4.40413656568022,-3.1828137957637863
71.425,-64.9963793192684,0.05295508689066172,0.5959941342683288,0.31773240010452025,-1.2213227676048475,4.4041365656189075,-3.1828137957805196
71.45,-64.99637931932429,0.05295508689032258,0.5959941342391771,0.31773240010378295,-1.2213227675222376,4.404136565557522,-3.182813795797287
71.475,-64.9963793193803,0.052955086889982426,0.5959941342101166,0.3177324001030451,-1.2213227674397455,4.404136565496064,-3.1828137958140883
71.5,-64.9963793194364,0.0529550868896413,0.595994134181147,0.3177324001023067,-1.2213227673573737,4.404136565434538,-3.1828137958309197
71.525,-64.9963793194926,0.05295508688929918,0.5959941341522681,0.3177324001015677,-1.2213227672751206,4.404136565372944,-3.182813795847781
71.55,-64.9963793195489,0.052955086888956164,0.5959941341234796,0.3177324001008282,-1.221322767192991,4.40413656531129,-3.182813795864668
71.575,-64.99637931960528,0.05295508688861228,0.5959941340947813,0.3177324001000881,-1.221322767110987,4.404136565249565,-3.1828137958815845
71.6,-64.99637931966174,0.052955086888267555,0.5959941340661729,0.3177324000993474,-1.2213227670291105,4.404136565187782,-3.182813795898522
71.625,-64.99637931971829,0.05295508688792204,0.5959941340376541,0.31773240009860615,-1.2213227669473634,4.404136565125938,-3.182813795915486
71.65,-64.9963793197749,0.05295508688757575,0.5959941340092247,0.31773240009786435,-1.2213227668657467,4.404136565064038,-3.1828137959324705
71.675,-64.99637931983158,0.05295508688722872,0.5959941339808845,0.31773240009712195,-1.2213227667842623,4.404136565002081,-3.1828137959494724
71.7,-64.99637931988832,0.052955086886880984,0.5959941339526332,0.317732400096379,-1.221322766702912,4.404136564940069,-3.1828137959664957
71.725,-64.9963793199451,0.05295508688653255,0.5959941339244705,0.3177324000956354,-1.2213227666216953,4.404136564878007,-3.1828137959835314
71.75,-64.99637932000195,0.052955086886183486,0.5959941338963962,0.3177324000948913,-1.2213227665406168,4.404136564815893,-3.1828137960005844
71.775,-64.99637932005884,0.05295508688583382,0.59599413386841,0.31773240009414655,-1.221322766459678,4.40413656475373,-3.1828137960176504
71.8,-64.99637932011576,0.05295508688548361,0.5959941338405118,0.31773240009340126,-1.221322766378882,4.4041365646915205,-3.182813796034729
71.825,-64.99637932017272,0.052955086885132854,0.5959941338127012,0.31773240009265535,-1.221322766298228,4.404136564629266,-3.1828137960518164
71.85,-64.99637932022972,0.05295508688478162,0.5959941337849779,0.3177324000919089,-1.2213227662177202,4.404136564566966,-3.182813796068916
71.875,-64.99637932028674,0.052955086884429896,0.5959941337573417,0.3177324000911618,-1.2213227661373571,4.404136564504626,-3.18281379608602
71.9,-64.99637932034378,0.05295508688407776,0.5959941337297924,0.3177324000904142,-1.2213227660571442,4.404136564442246,-3.182813796103133
71.925,-64.99637932040083,0.0529550868837252,0.5959941337023297,0.31773240008966597,-1.2213227659770796,4.404136564379827,-3.18281379612025
71.95,-64.9963793204579,0.05295508688337229,0.5959941336749534,0.3177324000889172,-1.2213227658971675,4.40413656431737,-3.182813796137371
71.975,-64.99637932051498,0.05295508688301903,0.5959941336476631,0.31773240008816783,-1.2213227658174077,4.404136564254884,-3.1828137961544924
72.0,-64.99637932057205,0.05295508688266546,0.5959941336204587,0.3177324000874179,-1.2213227657378025,4.404136564192364,-3.182813796171614
72.025,-64.99637932062912,0.052955086882311604,0.59599413359334,0.31773240008666737,-1.2213227656583532,4.4041365641298125,-3.182813796188735
72.05,-64.99637932068617,0.0529550868819575,0.5959941335663065,0.3177324000859163,-1.2213227655790608,4.404136564067236,-3.182813796205852
72.075,-64.99637932074323,0.05295508688160318,0.5959941335393582,0.3177324000851647,-1.2213227654999284,4.404136564004628,-3.182813796222969
72.1,-64.99637932080026,0.052955086881248684,0.5959941335124946,0.3177324000844125,-1.221322765420957,4.404136563942001,-3.1828137962400773
72.125,-64.99637932085727,0.052955086880894085,0.5959941334857157,0.31773240008365977,-1.2213227653421523,4.404136563879347,-3.1828137962571814
72.15,-64.99637932091426,0.05295508688053929,0.5959941334590212,0.3177324000829065,-1.2213227652635066,4.4041365638166745,-3.182813796274277
72.175,-64.99637932097122,0.052955086880184424,0.5959941334324107,0.31773240008215264,-1.2213227651850271,4.404136563753979,-3.1828137962913643
72.2,-64.99637932102814,0.05295508687982951,0.595994133405884,0.31773240008139825,-1.2213227651067167,4.4041365636912655,-3.182813796308443
72.225,-64.99637932108503,0.052955086879474526,0.595994133379441,0.3177324000806433,-1.2213227650285716,4.404136563628535,-3.1828137963255085
72.25,-64.99637932114187,0.052955086879119546,0.5959941333530813,0.31773240007988784,-1.221322764950597,4.404136563565794,-3.1828137963425616
72.275,-64.99637932119866,0.05295508687876463,0.5959941333268046,0.31773240007913184,-1.2213227648727967,4.404136563503043,-3.1828137963595977
72.3,-64.9963793212554,0.052955086878409746,0.5959941333006109,0.31773240007837533,-1.2213227647951685,4.40413656344028,-3.182813796376621
72.325,-64.99637932131209,0.05295508687805494,0.5959941332744998,0.3177324000776183,-1.221322764717714,4.404136563377509,-3.182813796393627
72.35,-64.9963793213687,0.05295508687770018,0.5959941332484711,0.31773240007686077,-1.2213227646404312,4.404136563314734,-3.182813796410612
72.375,-64.99637932142527,0.052955086877345625,0.5959941332225244,0.3177324000761027,-1.2213227645633298,4.404136563251952,-3.1828137964275798
72.4,-64.99637932148175,0.052955086876991235,0.5959941331966595,0.3177324000753442,-1.2213227644864062,4.404136563189171,-3.182813796444526
72.425,-64.99637932153817,0.05295508687663701,0.5959941331708762,0.3177324000745852,-1.2213227644096614,4.404136563126389,-3.1828137964614513
72.45,-64.99637932159452,0.052955086876283065,0.5959941331451744,0.3177324000738257,-1.2213227643331015,4.404136563063605,-3.182813796478355
72.475,-64.99637932165078,0.05295508687592935,0.5959941331195536,0.31773240007306575,-1.2213227642567226,4.4041365630008285,-3.182813796495233
72.5,-64.99637932170695,0.052955086875575895,0.5959941330940137,0.3177324000723053,-1.2213227641805269,4.404136562938055,-3.182813796512086
72.525,-64.99637932176304,0.05295508687522273,0.5959941330685544,0.3177324000715444,-1.2213227641045155,4.404136562875288,-3.182813796528913
72.55,-64.99637932181905,0.05295508687486987,0.5959941330431755,0.31773240007078307,-1.2213227640286888,4.4041365628125275,-3.1828137965457146
72.575,-64.99637932187495,0.05295508687451736,0.5959941330178767,0.3177324000700213,-1.2213227639530495,4.4041365627497795,-3.182813796562486
72.6,-64.99637932193076,0.05295508687416524,0.5959941329926579,0.31773240006925907,-1.2213227638776,4.404136562687043,-3.182813796579228
72.625,-64.99637932198647,0.052955086873813534,0.5959941329675187,0.31773240006849646,-1.2213227638023416,4.404136562624321,-3.1828137965959398
72.65,-64.99637932204206,0.05295508687346226,0.5959941329424588,0.3177324000677334,-1.2213227637272739,4.404136562561616,-3.1828137966126175
72.675,-64.99637932209755,0.05295508687311142,0.5959941329174782,0.31773240006696996,-1.2213227636523978,4.404136562498928,-3.1828137966292656
72.7,-64.99637932215293,0.05295508687276105,0.5959941328925764,0.3177324000662061,-1.2213227635777146,4.404136562436258,-3.18281379664588
72.725,-64.99637932220818,0.052955086872411156,0.5959941328677534,0.3177324000654419,-1.2213227635032244,4.404136562373615,-3.182813796662455
72.75,-64.99637932226332,0.052955086872061845,0.5959941328430087,0.3177324000646773,-1.221322763428934,4.40413656231099,-3.1828137966789964
72.775,-64.99637932231833,0.05295508687171306,0.5959941328183422,0.31773240006391235,-1.2213227633548387,4.404136562248395,-3.1828137966954997
72.8,-64.99637932237322,0.052955086871364854,0.5959941327937537,0.317732400063147,-1.2213227632809416,4.404136562185825,-3.1828137967119643
72.825,-64.99637932242797,0.05295508687101728,0.5959941327692428,0.31773240006238135,-1.2213227632072463,4.404136562123284,-3.1828137967283907
72.85,-64.9963793224826,0.052955086870670305,0.5959941327448095,0.31773240006161535,-1.22132276313375,4.404136562060771,-3.1828137967447785
72.875,-64.99637932253708,0.052955086870323964,0.5959941327204533,0.3177324000608491,-1.2213227630604542,4.404136561998294,-3.182813796761124
72.9,-64.99637932259142,0.052955086869978255,0.5959941326961742,0.31773240006008246,-1.2213227629873586,4.404136561935853,-3.1828137967774266
72.925,-64.99637932264562,0.052955086869633225,0.5959941326719718,0.3177324000593156,-1.2213227629144654,4.404136561873447,-3.182813796793687
72.95,-64.99637932269968,0.052955086869288945,0.5959941326478458,0.3177324000585484,-1.2213227628417793,4.404136561811078,-3.182813796809904
72.975,-64.9963793227536,0.052955086868945324,0.5959941326237962,0.317732400057781,-1.2213227627692937,4.404136561748746,-3.182813796826079
73.0,-64.99637932280736,0.052955086868602494,0.5959941325998226,0.31773240005701325,-1.2213227626970173,4.404136561686455,-3.1828137968422068
73.025,-64.99637932286096,0.05295508686826042,0.5959941325759247,0.31773240005624526,-1.2213227626249465,4.404136561624206,-3.1828137968582877
73.05,-64.99637932291441,0.05295508686791912,0.5959941325521024,0.31773240005547704,-1.2213227625530823,4.404136561562003,-3.182813796874322
73.075,-64.9963793229677,0.05295508686757867,0.5959941325283554,0.3177324000547086,-1.2213227624814296,4.404136561499845,-3.182813796890309
73.1,-64.99637932302082,0.052955086867239,0.5959941325046835,0.31773240005393993,-1.2213227624099832,4.404136561437737,-3.1828137969062453
73.125,-64.99637932307377,0.05295508686690023,0.5959941324810863,0.31773240005317105,-1.2213227623387504,4.404136561375679,-3.18281379692213
73.15,-64.99637932312655,0.05295508686656232,0.5959941324575638,0.317732400052402,-1.221322762267728,4.404136561313675,-3.182813796937964
73.175,-64.99637932317916,0.0529550868662253,0.5959941324341157,0.3177324000516328,-1.2213227621969174,4.404136561251724,-3.1828137969537464
73.2,-64.9963793232316,0.05295508686588922,0.5959941324107416,0.3177324000508634,-1.2213227621263227,4.4041365611898255,-3.182813796969478
73.225,-64.99637932328386,0.05295508686555405,0.5959941323874415,0.31773240005009384,-1.2213227620559404,4.404136561127981,-3.182813796985158
73.25,-64.99637932333594,0.05295508686521982,0.595994132364215,0.3177324000493242,-1.2213227619857714,4.404136561066198,-3.182813797000783
73.275,-64.99637932338784,0.05295508686488654,0.5959941323410619,0.31773240004855435,-1.2213227619158178,4.404136561004474,-3.1828137970163524
73.3,-64.99637932343956,0.05295508686455426,0.595994132317982,0.31773240004778447,-1.2213227618460805,4.404136560942814,-3.182813797031866
73.325,-64.99637932349108,0.05295508686422296,0.5959941322949751,0.3177324000470145,-1.2213227617765592,4.404136560881216,-3.182813797047325
73.35,-64.99637932354243,0.052955086863892685,0.5959941322720409,0.31773240004624437,-1.221322761707255,4.40413656081968,-3.182813797062728
73.375,-64.99637932359357,0.05295508686356346,0.5959941322491792,0.3177324000454742,-1.221322761638171,4.404136560758214,-3.1828137970780714
73.4,-64.99637932364452,0.05295508686323528,0.5959941322263896,0.317732400044704,-1.221322761569304,4.404136560696817,-3.182813797093355
73.425,-64.99637932369528,0.05295508686290816,0.5959941322036721,0.3177324000439337,-1.2213227615006568,4.404136560635486,-3.1828137971085835
73.45,-64.99637932374584,0.052955086862582136,0.5959941321810265,0.31773240004316344,-1.22132276143223,4.404136560574226,-3.1828137971237522
73.475,-64.99637932379619,0.052955086862257215,0.5959941321584523,0.3177324000423931,-1.221322761364024,4.404136560513043,-3.182813797138857
73.5,-64.99637932384634,0.05295508686193339,0.5959941321359495,0.3177324000416228,-1.2213227612960382,4.404136560451932,-3.182813797153902
73.525,-64.99637932389629,0.052955086861610746,0.5959941321135178,0.3177324000408525,-1.221322761228277,4.404136560390898,-3.1828137971688872
73.55,-64.99637932394603,0.052955086861289274,0.5959941320911569,0.31773240004008224,-1.2213227611607405,4.404136560329942,-3.1828137971838086
73.575,-64.99637932399555,0.052955086860968933,0.5959941320688668,0.317732400039312,-1.2213227610934245,4.404136560269067,-3.182813797198666
73.6,-64.99637932404487,0.052955086860649765,0.595994132046647,0.31773240003854186,-1.221322761026332,4.404136560208273,-3.1828137972134596
73.625,-64.99637932409398,0.05295508686033183,0.5959941320244974,0.31773240003777176,-1.2213227609594661,4.404136560147555,-3.1828137972281936
73.65,-64.99637932414286,0.05295508686001507,0.5959941320024177,0.31773240003700176,-1.2213227608928225,4.404136560086927,-3.182813797242859
73.675,-64.99637932419154,0.05295508685969952,0.5959941319804077,0.3177324000362319,-1.2213227608264032,4.404136560026383,-3.182813797257461
73.7,-64.99637932424,0.05295508685938523,0.5959941319584673,0.3177324000354621,-1.221322760760211,4.404136559965924,-3.1828137972719985
73.725,-64.99637932428823,0.052955086859072166,0.5959941319365961,0.31773240003469244,-1.221322760694244,4.404136559905554,-3.182813797286468
73.75,-64.99637932433623,0.05295508685876036,0.595994131914794,0.31773240003392295,-1.2213227606285024,4.404136559845276,-3.182813797300869
73.775,-64.99637932438402,0.0529550868584498,0.5959941318930607,0.3177324000331536,-1.2213227605629864,4.404136559785087,-3.1828137973152066
73.8,-64.99637932443159,0.05295508685814057,0.595994131871396,0.31773240003238445,-1.2213227604976997,4.404136559724989,-3.1828137973294757
73.825,-64.99637932447892,0.05295508685783268,0.5959941318497998,0.3177324000316155,-1.2213227604326442,4.404136559664988,-3.1828137973436768
73.85,-64.99637932452603,0.052955086857526076,0.5959941318282715,0.31773240003084674,-1.2213227603678147,4.404136559605079,-3.1828137973578094
73.875,-64.9963793245729,0.05295508685722082,0.5959941318068113,0.3177324000300782,-1.2213227603032148,4.404136559545273,-3.1828137973718698
73.9,-64.99637932461954,0.05295508685691688,0.5959941317854187,0.3177324000293099,-1.2213227602388423,4.404136559485563,-3.1828137973858617
73.925,-64.99637932466594,0.052955086856614327,0.5959941317640937,0.31773240002854186,-1.2213227601747016,4.404136559425956,-3.182813797399781
73.95,-64.99637932471211,0.05295508685631307,0.5959941317428359,0.3177324000277741,-1.221322760110786,4.404136559366447,-3.1828137974136324
73.975,-64.99637932475804,0.05295508685601319,0.5959941317216452,0.3177324000270066,-1.2213227600471008,4.404136559307041,-3.182813797427411
74.0,-64.99637932480373,0.052955086855714706,0.5959941317005212,0.31773240002623937,-1.2213227599836463,4.40413655924774,-3.1828137974411175
74.025,-64.99637932484919,0.052955086855417645,0.5959941316794638,0.3177324000254725,-1.2213227599204242,4.404136559188541,-3.182813797454756
74.05,-64.9963793248944,0.052955086855122006,0.5959941316584728,0.31773240002470593,-1.221322759857434,4.404136559129448,-3.1828137974683215
74.075,-64.99637932493938,0.05295508685482776,0.595994131637548,0.3177324000239397,-1.2213227597946734,4.404136559070463,-3.1828137974818147
74.1,-64.9963793249841,0.05295508685453493,0.5959941316166891,0.3177324000231739,-1.221322759732143,4.404136559011594,-3.182813797495231
74.125,-64.99637932502858,0.05295508685424355,0.595994131595896,0.31773240002240843,-1.2213227596698448,4.4041365589528345,-3.182813797508575
74.15,-64.99637932507282,0.0529550868539536,0.5959941315751683,0.3177324000216434,-1.2213227596077776,4.4041365588941845,-3.1828137975218467
74.175,-64.9963793251168,0.052955086853665075,0.595994131554506,0.3177324000208787,-1.22132275954594,4.404136558835651,-3.1828137975350415
74.2,-64.99637932516055,0.05295508685337807,0.5959941315339087,0.3177324000201145,-1.221322759484338,4.40413655877723,-3.182813797548164
74.225,-64.99637932520405,0.05295508685309254,0.5959941315133762,0.31773240001935066,-1.2213227594229688,4.40413655871892,-3.1828137975612134
74.25,-64.99637932524729,0.05295508685280848,0.5959941314929084,0.3177324000185873,-1.2213227593618312,4.404136558660732,-3.1828137975741866
74.275,-64.99637932529028,0.05295508685252593,0.5959941314725049,0.31773240001782443,-1.2213227593009266,4.40413655860266,-3.182813797587083
74.3,-64.99637932533302,0.05295508685224485,0.5959941314521657,0.31773240001706204,-1.2213227592402531,4.404136558544707,-3.182813797599907
74.325,-64.99637932537551,0.052955086851965254,0.5959941314318905,0.31773240001630015,-1.221322759179811,4.404136558486875,-3.182813797612654
74.35,-64.99637932541775,0.05295508685168714,0.5959941314116791,0.31773240001553876,-1.2213227591195994,4.404136558429164,-3.1828137976253243
74.375,-64.99637932545973,0.05295508685141059,0.5959941313915312,0.3177324000147779,-1.221322759059623,4.404136558371577,-3.1828137976379183
74.4,-64.99637932550145,0.05295508685113555,0.5959941313714467,0.3177324000140176,-1.2213227589998785,4.4041365583141125,-3.182813797650435
74.425,-64.99637932554292,0.05295508685086208,0.5959941313514254,0.31773240001325787,-1.2213227589403695,4.404136558256775,-3.182813797662875
74.45,-64.99637932558413,0.052955086850590125,0.595994131331467,0.3177324000124987,-1.221322758881091,4.404136558199563,-3.1828137976752386
74.475,-64.99637932562509,0.052955086850319744,0.5959941313115712,0.31773240001174013,-1.2213227588220477,4.404136558142478,-3.1828137976875253
74.5,-64.99637932566577,0.05295508685005089,0.595994131291738,0.31773240001098213,-1.221322758763235,4.404136558085524,-3.182813797699731
74.525,-64.9963793257062,0.052955086849783624,0.595994131271967,0.3177324000102248,-1.2213227587046571,4.404136558028699,-3.18281379771186
74.55,-64.99637932574637,0.052955086849517954,0.5959941312522582,0.31773240000946806,-1.2213227586463145,4.404136557972003,-3.182813797723912
74.575,-64.9963793257863,0.052955086849253825,0.5959941312326112,0.317732400008712,-1.2213227585882025,4.404136557915438,-3.182813797735888
74.6,-64.99637932582594,0.05295508684899132,0.595994131213026,0.3177324000079566,-1.2213227585303263,4.404136557859008,-3.1828137977477824
74.625,-64.99637932586533,0.05295508684873036,0.5959941311935022,0.3177324000072019,-1.2213227584726805,4.404136557802709,-3.1828137977596
74.65,-64.99637932590446,0.05295508684847097,0.5959941311740397,0.31773240000644787,-1.2213227584152657,4.40413655774655,-3.182813797771337
74.675,-64.99637932594332,0.05295508684821322,0.5959941311546382,0.3177324000056946,-1.2213227583580866,4.404136557690523,-3.182813797782997
74.7,-64.99637932598193,0.05295508684795703,0.5959941311352975,0.317732400004942,-1.2213227583011377,4.404136557634631,-3.18281379779458
74.725,-64.99637932602027,0.052955086847702455,0.5959941311160175,0.3177324000041902,-1.221322758244422,4.4041365575788785,-3.1828137978060824
74.75,-64.99637932605835,0.05295508684744945,0.595994131096798,0.3177324000034391,-1.2213227581879356,4.404136557523268,-3.1828137978175035
74.775,-64.99637932609616,0.0529550868471981,0.5959941310776387,0.3177324000026888,-1.221322758131685,4.404136557467794,-3.182813797828848
74.8,-64.9963793261337,0.05295508684694836,0.5959941310585394,0.3177324000019393,-1.2213227580756654,4.404136557412462,-3.1828137978401116
74.825,-64.996379326171,0.05295508684670019,0.5959941310394999,0.31773240000119063,-1.2213227580198742,4.404136557357271,-3.1828137978512983
74.85,-64.99637932620801,0.05295508684645372,0.59599413102052,0.3177324000004428,-1.2213227579643202,4.404136557302224,-3.182813797862404
74.875,-64.99637932624476,0.05295508684620885,0.5959941310015996,0.31773239999969577,-1.2213227579089962,4.404136557247322,-3.182813797873429
74.9,-64.99637932628126,0.05295508684596559,0.5959941309827383,0.3177323999989496,-1.2213227578539014,4.404136557192562,-3.182813797884377
74.925,-64.99637932631748,0.052955086845723934,0.5959941309639362,0.31773239999820424,-1.221322757799036,4.404136557137945,-3.182813797895244
74.95,-64.99637932635343,0.05295508684548395,0.5959941309451928,0.3177323999974598,-1.2213227577444046,4.404136557083478,-3.18281379790603
74.975,-64.99637932638913,0.05295508684524561,0.5959941309265081,0.3177323999967162,-1.2213227576900034,4.404136557029153,-3.1828137979167392
75.0,-64.99637932642456,0.05295508684500889,0.5959941309078818,0.3177323999959736,-1.2213227576358316,4.40413655697498,-3.1828137979273676
75.025,-64.99637932645972,0.052955086844773784,0.5959941308893136,0.31773239999523184,-1.221322757581888,4.404136556920956,-3.1828137979379147
75.05,-64.99637932649462,0.052955086844540346,0.5959941308708036,0.31773239999449104,-1.2213227575281755,4.404136556867076,-3.1828137979483855
75.075,-64.99637932652925,0.052955086844308566,0.5959941308523513,0.3177323999937512,-1.2213227574746937,4.4041365568133495,-3.182813797958775
75.1,-64.99637932656361,0.05295508684407842,0.5959941308339567,0.31773239999301234,-1.2213227574214405,4.404136556759777,-3.1828137979690836
75.125,-64.9963793265977,0.05295508684384989,0.5959941308156195,0.31773239999227443,-1.2213227573684136,4.404136556706355,-3.182813797979311
75.15,-64.99637932663154,0.05295508684362306,0.5959941307973394,0.3177323999915375,-1.2213227573156185,4.404136556653083,-3.182813797989462
75.175,-64.9963793266651,0.052955086843397885,0.5959941307791164,0.3177323999908016,-1.2213227572630525,4.4041365565999655,-3.1828137979995317
75.2,-64.9963793266984,0.05295508684317433,0.5959941307609503,0.31773239999006675,-1.2213227572107117,4.404136556547005,-3.1828137980095206
75.225,-64.99637932673144,0.05295508684295241,0.5959941307428409,0.3177323999893329,-1.2213227571585978,4.404136556494194,-3.1828137980194326
75.25,-64.99637932676421,0.052955086842732174,0.5959941307247879,0.3177323999886001,-1.2213227571067133,4.404136556441541,-3.182813798029264
75.275,-64.99637932679671,0.05295508684251356,0.5959941307067912,0.31773239998786834,-1.221322757055053,4.404136556389045,-3.182813798039014
75.3,-64.99637932682896,0.05295508684229662,0.5959941306888505,0.3177323999871377,-1.2213227570036214,4.404136556336705,-3.182813798048687
75.325,-64.99637932686093,0.05295508684208131,0.5959941306709657,0.3177323999864081,-1.2213227569524139,4.404136556284522,-3.1828137980582794
75.35,-64.99637932689265,0.052955086841867685,0.5959941306531367,0.31773239998567965,-1.2213227569014344,4.404136556232494,-3.182813798067795
75.375,-64.9963793269241,0.05295508684165568,0.5959941306353631,0.31773239998495234,-1.2213227568506777,4.404136556180631,-3.1828137980772295
75.4,-64.99637932695528,0.05295508684144533,0.5959941306176448,0.31773239998422614,-1.221322756800146,4.404136556128927,-3.1828137980865834
75.425,-64.9963793269862,0.052955086841236676,0.5959941305999817,0.3177323999835011,-1.221322756749842,4.4041365560773835,-3.18281379809586
75.45,-64.99637932701687,0.052955086841029654,0.5959941305823735,0.3177323999827772,-1.2213227566997609,4.4041365560259935,-3.18281379810506
75.475,-64.99637932704726,0.05295508684082424,0.5959941305648201,0.31773239998205444,-1.2213227566499003,4.404136555974768,-3.182813798114179
75.5,-64.9963793270774,0.05295508684062046,0.5959941305473212,0.3177323999813329,-1.2213227566002618,4.404136555923704,-3.1828137981232216
75.525,-64.99637932710728,0.052955086840418365,0.5959941305298767,0.31773239998061253,-1.2213227565508484,4.404136555872804,-3.182813798132183
75.55,-64.99637932713689,0.05295508684021788,0.5959941305124864,0.3177323999798934,-1.2213227565016547,4.404136555822065,-3.182813798141068
75.575,-64.99637932716625,0.052955086840019074,0.59599413049515,0.31773239997917546,-1.2213227564526852,4.404136555771488,-3.1828137981498754
75.6,-64.99637932719534,0.05295508683982191,0.5959941304778675,0.31773239997845876,-1.2213227564039366,4.4041365557210765,-3.182813798158602
75.625,-64.99637932722418,0.05295508683962637,0.5959941304606386,0.31773239997774333,-1.2213227563554074,4.404136555670831,-3.1828137981672526
75.65,-64.99637932725275,0.05295508683943251,0.5959941304434632,0.3177323999770291,-1.2213227563071014,4.404136555620747,-3.1828137981758258
75.675,-64.99637932728108,0.05295508683924024,0.595994130426341,0.3177323999763162,-1.221322756259012,4.404136555570828,-3.1828137981843225
75.7,-64.99637932730913,0.05295508683904958,0.5959941304092718,0.31773239997560454,-1.22132275621114,4.404136555521078,-3.1828137981927385
75.725,-64.99637932733692,0.05295508683886058,0.5959941303922557,0.3177323999748942,-1.221322756163488,4.404136555471496,-3.182813798201077
75.75,-64.99637932736447,0.05295508683867319,0.5959941303752923,0.3177323999741852,-1.2213227561160536,4.404136555422078,-3.1828137982093394
75.775,-64.99637932739175,0.052955086838487445,0.5959941303583813,0.31773239997347746,-1.2213227560688373,4.404136555372829,-3.182813798217525
75.8,-64.99637932741878,0.05295508683830331,0.5959941303415228,0.3177323999727711,-1.2213227560218372,4.404136555323747,-3.1828137982256335
75.825,-64.99637932744555,0.05295508683812082,0.5959941303247165,0.31773239997206604,-1.2213227559750555,4.4041365552748335,-3.1828137982336657
75.85,-64.99637932747208,0.052955086837939924,0.5959941303079621,0.3177323999713624,-1.2213227559284876,4.404136555226085,-3.182813798241625
75.875,-64.99637932749836,0.052955086837760665,0.5959941302912596,0.31773239997066005,-1.2213227558821362,4.404136555177503,-3.1828137982495077
75.9,-64.99637932752438,0.05295508683758298,0.5959941302746087,0.3177323999699591,-1.2213227558359976,4.404136555129093,-3.182813798257314
75.925,-64.99637932755014,0.05295508683740692,0.5959941302580092,0.31773239996925956,-1.2213227557900734,4.4041365550808536,-3.1828137982650433
75.95,-64.99637932757567,0.05295508683723241,0.595994130241461,0.3177323999685614,-1.2213227557443591,4.404136555032781,-3.1828137982727
75.975,-64.99637932760093,0.05295508683705953,0.595994130224964,0.3177323999678647,-1.22132275569886,4.4041365549848805,-3.18281379828028
76.0,-64.99637932762596,0.052955086836888265,0.5959941302085179,0.3177323999671694,-1.2213227556535742,4.40413655493715,-3.1828137982877878
76.025,-64.99637932765073,0.05295508683671857,0.5959941301921226,0.3177323999664755,-1.2213227556084982,4.40413655488959,-3.1828137982952183
76.05,-64.99637932767526,0.05295508683655048,0.5959941301757777,0.31773239996578306,-1.2213227555636348,4.404136554842197,-3.182813798302577
76.075,-64.99637932769953,0.05295508683638392,0.5959941301594834,0.3177323999650921,-1.2213227555189774,4.404136554794983,-3.1828137983098586
76.1,-64.99637932772356,0.05295508683621895,0.5959941301432393,0.3177323999644026,-1.2213227554745305,4.404136554747937,-3.1828137983170675
76.125,-64.99637932774735,0.052955086836055563,0.5959941301270453,0.3177323999637146,-1.2213227554302934,4.404136554701062,-3.1828137983242044
76.15,-64.9963793277709,0.052955086835893776,0.5959941301109012,0.31773239996302804,-1.2213227553862667,4.4041365546543565,-3.1828137983312685
76.175,-64.9963793277942,0.05295508683573353,0.5959941300948067,0.317732399962343,-1.2213227553424457,4.404136554607823,-3.1828137983382603
76.2,-64.99637932781725,0.052955086835574816,0.5959941300787619,0.3177323999616595,-1.2213227552988295,4.404136554561469,-3.182813798345175
76.225,-64.99637932784007,0.052955086835417685,0.5959941300627665,0.31773239996097746,-1.221322755255422,4.404136554515281,-3.182813798352022
76.25,-64.99637932786266,0.052955086835262115,0.5959941300468202,0.31773239996029695,-1.2213227552122206,4.404136554469265,-3.1828137983587963
76.275,-64.996379327885,0.052955086835108016,0.595994130030923,0.317732399959618,-1.221322755169219,4.404136554423425,-3.182813798365498
76.3,-64.99637932790709,0.05295508683495549,0.5959941300150747,0.3177323999589406,-1.2213227551264239,4.404136554377759,-3.1828137983721274
76.325,-64.99637932792895,0.05295508683480449,0.5959941299992751,0.31773239995826474,-1.221322755083831,4.4041365543322675,-3.1828137983786844
76.35,-64.99637932795058,0.05295508683465503,0.5959941299835241,0.31773239995759045,-1.2213227550414425,4.404136554286946,-3.182813798385173
76.375,-64.99637932797197,0.052955086834507094,0.5959941299678214,0.31773239995691777,-1.2213227549992558,4.404136554241802,-3.182813798391589
76.4,-64.99637932799313,0.05295508683436068,0.5959941299521669,0.31773239995624664,-1.221322754957271,4.404136554196827,-3.1828137983979374
76.425,-64.99637932801404,0.05295508683421576,0.5959941299365605,0.3177323999555771,-1.2213227549154846,4.404136554152031,-3.182813798404213
76.45,-64.99637932803473,0.05295508683407237,0.595994129921002,0.3177323999549092,-1.2213227548739005,4.404136554107408,-3.1828137984104203
76.475,-64.9963793280552,0.05295508683393048,0.5959941299054912,0.3177323999542429,-1.2213227548325154,4.404136554062958,-3.1828137984165594
76.5,-64.99637932807543,0.0529550868337901,0.5959941298900279,0.3177323999535782,-1.2213227547913295,4.404136554018679,-3.18281379842263
76.525,-64.99637932809544,0.052955086833651174,0.595994129874612,0.31773239995291513,-1.2213227547503394,4.404136553974573,-3.182813798428633
76.55,-64.99637932811522,0.0529550868335137,0.5959941298592434,0.3177323999522537,-1.221322754709544,4.404136553930644,-3.1828137984345672
76.575,-64.99637932813478,0.05295508683337773,0.5959941298439217,0.3177323999515939,-1.2213227546689465,4.404136553886887,-3.1828137984404337
76.6,-64.9963793281541,0.0529550868332432,0.5959941298286471,0.3177323999509358,-1.2213227546285426,4.404136553843305,-3.1828137984462317
76.625,-64.9963793281732,0.0529550868331101,0.5959941298134191,0.3177323999502793,-1.2213227545883307,4.4041365537998995,-3.1828137984519613
76.65,-64.99637932819208,0.05295508683297845,0.5959941297982378,0.3177323999496245,-1.221322754548312,4.40413655375667,-3.182813798457623
76.675,-64.99637932821074,0.05295508683284832,0.595994129783103,0.31773239994897134,-1.2213227545084924,4.40413655371361,-3.1828137984632208
76.7,-64.99637932822917,0.052955086832719614,0.5959941297680144,0.3177323999483199,-1.221322754468863,4.404136553670731,-3.18281379846875
76.725,-64.99637932824739,0.05295508683259233,0.5959941297529718,0.31773239994767016,-1.2213227544294238,4.40413655362802,-3.1828137984742155
76.75,-64.99637932826539,0.05295508683246645,0.5959941297379753,0.3177323999470221,-1.2213227543901746,4.404136553585484,-3.182813798479617
76.775,-64.99637932828317,0.05295508683234203,0.5959941297230245,0.3177323999463758,-1.2213227543511167,4.404136553543127,-3.1828137984849505
76.8,-64.99637932830073,0.052955086832219,0.5959941297081193,0.3177323999457312,-1.2213227543122473,4.404136553500942,-3.1828137984902196
76.825,-64.99637932831808,0.05295508683209735,0.5959941296932596,0.31773239994508834,-1.2213227542735636,4.404136553458932,-3.1828137984954252
76.85,-64.99637932833522,0.05295508683197713,0.5959941296784452,0.3177323999444472,-1.22132275423507,4.404136553417096,-3.182813798500567
76.875,-64.99637932835215,0.05295508683185829,0.595994129663676,0.31773239994380775,-1.2213227541967615,4.404136553375434,-3.182813798505644
76.9,-64.99637932836887,0.05295508683174086,0.5959941296489519,0.3177323999431701,-1.2213227541586418,4.4041365533339425,-3.182813798510662
76.925,-64.99637932838539,0.05295508683162478,0.5959941296342727,0.31773239994253416,-1.2213227541207043,4.4041365532926235,-3.182813798515616
76.95,-64.99637932840169,0.052955086831510095,0.5959941296196382,0.3177323999419,-1.221322754082953,4.404136553251483,-3.182813798520506
76.975,-64.99637932841779,0.05295508683139674,0.5959941296050482,0.31773239994126756,-1.2213227540453828,4.404136553210511,-3.1828137985253364
77.0,-64.99637932843368,0.052955086831284776,0.5959941295905026,0.3177323999406369,-1.2213227540079976,4.404136553169714,-3.1828137985301024
77.025,-64.99637932844936,0.05295508683117411,0.5959941295760013,0.317732399940008,-1.2213227539707905,4.4041365531290895,-3.1828137985348093
77.05,-64.99637932846485,0.0529550868310648,0.5959941295615441,0.3177323999393809,-1.2213227539337663,4.4041365530886365,-3.1828137985394562
77.075,-64.99637932848015,0.0529550868309568,0.5959941295471308,0.3177323999387556,-1.2213227538969205,4.404136553048358,-3.1828137985440432
77.1,-64.99637932849524,0.05295508683085013,0.5959941295327613,0.3177323999381321,-1.2213227538602538,4.404136553008251,-3.182813798548571
77.125,-64.99637932851013,0.05295508683074478,0.5959941295184356,0.3177323999375104,-1.2213227538237656,4.404136552968316,-3.1828137985530387
77.15,-64.99637932852482,0.05295508683064075,0.5959941295041533,0.3177323999368905,-1.2213227537874567,4.404136552928554,-3.182813798557447
77.175,-64.99637932853932,0.052955086830537984,0.5959941294899144,0.3177323999362724,-1.2213227537513218,4.404136552888965,-3.1828137985617957
77.2,-64.99637932855362,0.0529550868304365,0.5959941294757186,0.3177323999356561,-1.2213227537153617,4.40413655284955,-3.1828137985660843
77.225,-64.99637932856773,0.05295508683033635,0.5959941294615659,0.31773239993504165,-1.2213227536795799,4.4041365528103045,-3.1828137985703178
77.25,-64.99637932858164,0.05295508683023744,0.5959941294474562,0.31773239993442903,-1.2213227536439706,4.4041365527712335,-3.1828137985744918
77.275,-64.99637932859537,0.052955086830139816,0.5959941294333893,0.31773239993381824,-1.2213227536085354,4.404136552732331,-3.18281379857861
77.3,-64.9963793286089,0.0529550868300434,0.5959941294193649,0.3177323999332093,-1.221322753573269,4.404136552693605,-3.1828137985826683
77.325,-64.99637932862224,0.05295508682994823,0.5959941294053831,0.31773239993260216,-1.2213227535381737,4.404136552655046,-3.182813798586672
77.35,-64.9963793286354,0.05295508682985433,0.5959941293914436,0.31773239993199687,-1.2213227535032518,4.4041365526166585,-3.1828137985906193
77.375,-64.99637932864837,0.05295508682976163,0.5959941293775464,0.31773239993139346,-1.2213227534684974,4.404136552578443,-3.1828137985945117
77.4,-64.99637932866116,0.05295508682967018,0.5959941293636911,0.3177323999307919,-1.2213227534339128,4.404136552540396,-3.1828137985983487
77.425,-64.99637932867378,0.05295508682957995,0.5959941293498778,0.3177323999301922,-1.221322753399498,4.404136552502516,-3.1828137986021345
77.45,-64.99637932868622,0.05295508682949097,0.5959941293361063,0.31773239992959434,-1.221322753365252,4.404136552464807,-3.182813798605865
77.475,-64.99637932869847,0.052955086829403156,0.5959941293223764,0.3177323999289984,-1.221322753331171,4.404136552427269,-3.1828137986095397
77.5,-64.99637932871055,0.05295508682931653,0.595994129308688,0.3177323999284043,-1.2213227532972553,4.404136552389898,-3.1828137986131635
77.525,-64.99637932872244,0.05295508682923111,0.595994129295041,0.31773239992781205,-1.2213227532635058,4.404136552352697,-3.1828137986167317
77.55,-64.99637932873416,0.05295508682914686,0.5959941292814352,0.3177323999272217,-1.2213227532299196,4.404136552315664,-3.182813798620249
77.575,-64.99637932874572,0.05295508682906376,0.5959941292678705,0.3177323999266332,-1.2213227531964954,4.404136552278797,-3.182813798623715
77.6,-64.9963793287571,0.05295508682898184,0.5959941292543468,0.3177323999260466,-1.2213227531632354,4.404136552242098,-3.18281379862713
77.625,-64.99637932876831,0.05295508682890104,0.5959941292408638,0.31773239992546193,-1.2213227531301343,4.404136552205565,-3.1828137986304936
77.65,-64.99637932877935,0.05295508682882137,0.5959941292274215,0.3177323999248791,-1.2213227530971928,4.4041365521692,-3.182813798633806
77.675,-64.99637932879023,0.052955086828742864,0.5959941292140196,0.3177323999242982,-1.2213227530644128,4.404136552133003,-3.1828137986370675
77.7,-64.99637932880093,0.052955086828665454,0.5959941292006582,0.3177323999237192,-1.2213227530317903,4.404136552096975,-3.182813798640278
77.725,-64.99637932881147,0.052955086828589085,0.5959941291873371,0.3177323999231421,-1.2213227529993205,4.404136552061109,-3.182813798643441
77.75,-64.99637932882185,0.05295508682851386,0.595994129174056,0.3177323999225669,-1.2213227529670099,4.404136552025411,-3.1828137986465532
77.775,-64.99637932883206,0.05295508682843972,0.595994129160815,0.31773239992199365,-1.2213227529348547,4.404136551989878,-3.1828137986496188
77.8,-64.99637932884212,0.05295508682836671,0.5959941291476137,0.31773239992142227,-1.2213227529028574,4.404136551954506,-3.1828137986526372
77.825,-64.99637932885202,0.05295508682829475,0.5959941291344523,0.3177323999208528,-1.2213227528710133,4.4041365519193025,-3.182813798655604
77.85,-64.99637932886175,0.05295508682822388,0.5959941291213304,0.31773239992028524,-1.2213227528393233,4.404136551884264,-3.1828137986585245
77.875,-64.99637932887133,0.05295508682815407,0.595994129108248,0.3177323999197196,-1.2213227528077866,4.404136551849387,-3.1828137986613982
77.9,-64.99637932888075,0.05295508682808531,0.5959941290952049,0.31773239991915586,-1.2213227527764006,4.404136551814675,-3.1828137986642244
77.925,-64.99637932889003,0.05295508682801759,0.595994129082201,0.3177323999185941,-1.221322752745166,4.404136551780122,-3.1828137986670084
77.95,-64.99637932889915,0.052955086827950935,0.5959941290692361,0.3177323999180342,-1.221322752714083,4.404136551745733,-3.1828137986697453
77.975,-64.99637932890812,0.05295508682788523,0.5959941290563102,0.31773239991747626,-1.221322752683144,4.404136551711509,-3.1828137986724356
78.0,-64.99637932891694,0.05295508682782058,0.5959941290434231,0.31773239991692026,-1.2213227526523562,4.404136551677443,-3.1828137986750833
78.025,-64.99637932892563,0.052955086827756924,0.5959941290305747,0.31773239991636615,-1.2213227526217147,4.404136551643534,-3.182813798677688
78.05,-64.99637932893415,0.052955086827694293,0.5959941290177648,0.317732399915814,-1.2213227525912218,4.404136551609791,-3.182813798680246
78.075,-64.99637932894254,0.05295508682763265,0.5959941290049934,0.31773239991526375,-1.221322752560874,4.404136551576208,-3.182813798682761
78.1,-64.99637932895078,0.052955086827571995,0.5959941289922602,0.31773239991471547,-1.2213227525306718,4.404136551542784,-3.182813798685234
78.125,-64.99637932895888,0.052955086827512265,0.5959941289795653,0.31773239991416913,-1.2213227525006105,4.404136551509521,-3.182813798687664
78.15,-64.99637932896684,0.05295508682745347,0.5959941289669083,0.3177323999136247,-1.2213227524706902,4.404136551476414,-3.1828137986900513
78.175,-64.99637932897465,0.052955086827395616,0.5959941289542893,0.31773239991308216,-1.221322752440911,4.404136551443467,-3.182813798692396
78.2,-64.99637932898234,0.052955086827338765,0.595994128941708,0.3177323999125416,-1.2213227524112775,4.404136551410675,-3.1828137986947027
78.225,-64.99637932898989,0.05295508682728282,0.5959941289291644,0.31773239991200297,-1.2213227523817816,4.404136551378042,-3.1828137986969662
78.25,-64.9963793289973,0.05295508682722785,0.5959941289166583,0.3177323999114663,-1.2213227523524293,4.404136551345564,-3.182813798699192
78.275,-64.99637932900458,0.05295508682717378,0.5959941289041896,0.31773239991093155,-1.2213227523232146,4.404136551313247,-3.1828137987013747
78.3,-64.99637932901173,0.05295508682712059,0.5959941288917582,0.31773239991039876,-1.2213227522941361,4.404136551281082,-3.182813798703519
78.325,-64.99637932901875,0.05295508682706831,0.595994128879364,0.3177323999098679,-1.2213227522651944,4.404136551249074,-3.182813798705625
78.35,-64.99637932902564,0.052955086827016905,0.5959941288670069,0.317732399909339,-1.2213227522363888,4.404136551217221,-3.1828137987076928
78.375,-64.99637932903241,0.05295508682696635,0.5959941288546866,0.31773239990881197,-1.2213227522077155,4.404136551185518,-3.1828137987097223
78.4,-64.99637932903904,0.052955086826916714,0.5959941288424032,0.31773239990828694,-1.2213227521791805,4.404136551153973,-3.182813798711713
78.425,-64.99637932904555,0.05295508682686794,0.5959941288301565,0.3177323999077638,-1.2213227521507788,4.40413655112258,-3.1828137987136658
78.45,-64.99637932905195,0.05295508682682001,0.5959941288179463,0.3177323999072426,-1.221322752122509,4.404136551091337,-3.1828137987155842
78.475,-64.99637932905821,0.05295508682677294,0.5959941288057726,0.31773239990672336,-1.2213227520943724,4.4041365510602475,-3.182813798717464
78.5,-64.99637932906437,0.05295508682672669,0.5959941287936352,0.31773239990620605,-1.2213227520663656,4.404136551029308,-3.18281379871931
78.525,-64.9963793290704,0.05295508682668126,0.595994128781534,0.3177323999056907,-1.2213227520384875,4.4041365509985235,-3.1828137987211176
78.55,-64.9963793290763,0.052955086826636626,0.5959941287694689,0.31773239990517727,-1.2213227520107386,4.404136550967888,-3.1828137987228913
78.575,-64.9963793290821,0.05295508682659281,0.5959941287574397,0.3177323999046658,-1.2213227519831182,4.404136550937402,-3.1828137987246308
78.6,-64.99637932908779,0.05295508682654983,0.5959941287454464,0.31773239990415625,-1.2213227519556276,4.404136550907064,-3.182813798726336
78.625,-64.99637932909336,0.05295508682650757,0.5959941287334889,0.3177323999036486,-1.2213227519282592,4.404136550876875,-3.182813798728007
78.65,-64.99637932909881,0.05295508682646613,0.595994128721567,0.3177323999031429,-1.2213227519010195,4.404136550846833,-3.182813798729644
78.675,-64.99637932910416,0.05295508682642551,0.5959941287096805,0.31773239990263913,-1.2213227518739076,4.4041365508169426,-3.1828137987312473
78.7,-64.9963793291094,0.0529550868263856,0.5959941286978294,0.3177323999021373,-1.2213227518469163,4.404136550787195,-3.18281379873282
78.725,-64.99637932911453,0.052955086826346476,0.5959941286860136,0.31773239990163743,-1.221322751820051,4.404136550757597,-3.1828137987343594
78.75,-64.99637932911956,0.05295508682630809,0.5959941286742331,0.3177323999011395,-1.2213227517933074,4.404136550728143,-3.1828137987358684
78.775,-64.99637932912448,0.05295508682627043,0.5959941286624875,0.31773239990064345,-1.2213227517666847,4.404136550698836,-3.1828137987373437
78.8,-64.9963793291293,0.05295508682623349,0.5959941286507768,0.31773239990014934,-1.2213227517401823,4.404136550669674,-3.182813798738789
78.825,-64.99637932913402,0.052955086826197297,0.595994128639101,0.3177323998996572,-1.2213227517138014,4.404136550640655,-3.1828137987402045
78.85,-64.99637932913863,0.052955086826161804,0.5959941286274598,0.3177323998991669,-1.2213227516875396,4.404136550611778,-3.18281379874159
78.875,-64.99637932914315,0.05295508682612702,0.5959941286158533,0.3177323998986786,-1.221322751661397,4.404136550583043,-3.1828137987429455
78.9,-64.99637932914757,0.052955086826092915,0.5959941286042812,0.31773239989819213,-1.2213227516353702,4.404136550554451,-3.1828137987442715
78.925,-64.99637932915189,0.05295508682605947,0.5959941285927436,0.31773239989770763,-1.221322751609459,4.404136550526003,-3.1828137987455674
78.95,-64.99637932915611,0.0529550868260267,0.5959941285812401,0.317732399897225,-1.2213227515836629,4.404136550497697,-3.182813798746834
78.975,-64.99637932916025,0.052955086825994604,0.5959941285697709,0.31773239989674434,-1.2213227515579834,4.404136550469529,-3.1828137987480742
79.0,-64.99637932916428,0.05295508682596319,0.5959941285583357,0.31773239989626556,-1.2213227515324196,4.404136550441502,-3.1828137987492853
79.025,-64.99637932916824,0.052955086825932425,0.5959941285469343,0.3177323998957887,-1.221322751506969,4.404136550413614,-3.18281379875047
79.05,-64.9963793291721,0.052955086825902296,0.5959941285355669,0.31773239989531377,-1.221322751481631,4.4041365503858625,-3.18281379875163
79.075,-64.99637932917587,0.052955086825872785,0.5959941285242332,0.3177323998948407,-1.2213227514564038,4.404136550358252,-3.18281379875276
79.1,-64.99637932917955,0.052955086825843906,0.595994128512933,0.3177323998943695,-1.2213227514312883,4.404136550330777,-3.182813798753864
79.125,-64.99637932918314,0.05295508682581568,0.5959941285016663,0.3177323998939003,-1.2213227514062857,4.404136550303441,-3.1828137987549425
79.15,-64.99637932918665,0.052955086825788054,0.5959941284904331,0.31773239989343294,-1.2213227513813922,4.404136550276241,-3.1828137987559955
79.175,-64.99637932919008,0.052955086825761014,0.5959941284792332,0.3177323998929675,-1.2213227513566065,4.404136550249178,-3.182813798757023
79.2,-64.99637932919343,0.05295508682573457,0.5959941284680663,0.3177323998925039,-1.221322751331929,4.404136550222244,-3.182813798758029
79.225,-64.9963793291967,0.05295508682570869,0.5959941284569326,0.3177323998920422,-1.2213227513073575,4.404136550195448,-3.1828137987590095
79.25,-64.99637932919988,0.05295508682568341,0.5959941284458318,0.3177323998915824,-1.2213227512828944,4.404136550168786,-3.1828137987599647
79.275,-64.996379329203,0.05295508682565866,0.5959941284347638,0.3177323998911245,-1.221322751258534,4.404136550142256,-3.182813798760898
79.3,-64.99637932920602,0.052955086825634455,0.5959941284237287,0.3177323998906685,-1.2213227512342784,4.404136550115861,-3.1828137987618064
79.325,-64.99637932920898,0.052955086825610835,0.5959941284127261,0.3177323998902143,-1.2213227512101288,4.404136550089595,-3.182813798762693
79.35,-64.99637932921186,0.05295508682558776,0.5959941284017563,0.317732399889762,-1.2213227511860834,4.404136550063457,-3.1828137987635583
79.375,-64.99637932921468,0.05295508682556521,0.5959941283908188,0.31773239988931157,-1.2213227511621396,4.404136550037452,-3.1828137987644025
79.4,-64.99637932921742,0.052955086825543174,0.5959941283799136,0.317732399888863,-1.2213227511382967,4.4041365500115734,-3.1828137987652254
79.425,-64.99637932922009,0.05295508682552165,0.5959941283690408,0.3177323998884163,-1.2213227511145552,4.404136549985827,-3.182813798766027
79.45,-64.99637932922269,0.052955086825500666,0.5959941283582,0.3177323998879714,-1.2213227510909157,4.4041365499602065,-3.1828137987668073
79.475,-64.99637932922522,0.05295508682548014,0.5959941283473913,0.31773239988752844,-1.221322751067373,4.4041365499347185,-3.1828137987675658
79.5,-64.99637932922768,0.05295508682546013,0.5959941283366146,0.3177323998870873,-1.2213227510439306,4.4041365499093565,-3.1828137987683034
79.525,-64.99637932923007,0.05295508682544056,0.5959941283258696,0.317732399886648,-1.2213227510205835,4.404136549884123,-3.1828137987690197
79.55,-64.9963793292324,0.052955086825421535,0.5959941283151564,0.3177323998862105,-1.2213227509973383,4.404136549859012,-3.1828137987697187
79.575,-64.99637932923467,0.052955086825402974,0.5959941283044748,0.3177323998857749,-1.221322750974189,4.404136549834027,-3.182813798770401
79.6,-64.99637932923687,0.05295508682538486,0.5959941282938248,0.31773239988534113,-1.2213227509511349,4.404136549809169,-3.1828137987710616
79.625,-64.99637932923902,0.052955086825367204,0.5959941282832063,0.31773239988490914,-1.2213227509281763,4.404136549784431,-3.1828137987717056
79.65,-64.99637932924111,0.05295508682535002,0.5959941282726191,0.317732399884479,-1.2213227509053142,4.404136549759814,-3.182813798772332
79.675,-64.99637932924313,0.05295508682533323,0.5959941282620631,0.31773239988405066,-1.2213227508825424,4.404136549735325,-3.1828137987729375
79.7,-64.99637932924509,0.052955086825316876,0.5959941282515383,0.3177323998836242,-1.2213227508598639,4.404136549710959,-3.182813798773526
79.725,-64.99637932924699,0.052955086825300986,0.5959941282410446,0.3177323998831995,-1.2213227508372808,4.404136549686714,-3.1828137987740974
79.75,-64.99637932924885,0.052955086825285505,0.5959941282305817,0.31773239988277663,-1.2213227508147888,4.404136549662585,-3.1828137987746556
79.775,-64.99637932925066,0.05295508682527039,0.5959941282201497,0.3177323998823556,-1.221322750792385,4.404136549638578,-3.182813798775197
79.8,-64.9963793292524,0.05295508682525571,0.5959941282097485,0.3177323998819363,-1.221322750770073,4.404136549614689,-3.1828137987757215
79.825,-64.9963793292541,0.05295508682524143,0.595994128199378,0.3177323998815188,-1.2213227507478517,4.404136549590922,-3.182813798776229
79.85,-64.99637932925575,0.05295508682522753,0.5959941281890381,0.31773239988110313,-1.2213227507257185,4.40413654956727,-3.1828137987767233
79.875,-64.99637932925734,0.052955086825214,0.5959941281787287,0.31773239988068924,-1.2213227507036732,4.404136549543738,-3.1828137987772007
79.9,-64.99637932925889,0.05295508682520084,0.5959941281684495,0.3177323998802771,-1.2213227506817144,4.40413654952032,-3.1828137987776657
79.925,-64.99637932926039,0.052955086825188034,0.5959941281582007,0.3177323998798668,-1.2213227506598427,4.404136549497016,-3.1828137987781173
79.95,-64.99637932926184,0.05295508682517563,0.5959941281479821,0.3177323998794582,-1.2213227506380597,4.404136549473833,-3.1828137987785525
79.975,-64.99637932926325,0.052955086825163575,0.5959941281377936,0.31773239987905144,-1.221322750616362,4.4041365494507625,-3.1828137987789744
80.0,-64.99637932926461,0.05295508682515187,0.5959941281276351,0.31773239987864643,-1.2213227505947495,4.404136549427806,-3.182813798779384
80.025,-64.99637932926593,0.05295508682514047,0.5959941281175065,0.31773239987824314,-1.2213227505732192,4.404136549404961,-3.18281379877978
80.05,-64.99637932926721,0.0529550868251294,0.5959941281074078,0.31773239987784163,-1.2213227505517725,4.40413654938223,-3.1828137987801637
80.075,-64.99637932926845,0.05295508682511866,0.5959941280973388,0.31773239987744184,-1.221322750530409,4.4041365493596105,-3.182813798780535
80.1,-64.99637932926964,0.05295508682510822,0.5959941280872993,0.3177323998770438,-1.2213227505091264,4.404136549337104,-3.182813798780893
80.125,-64.9963793292708,0.05295508682509809,0.5959941280772895,0.31773239987664753,-1.2213227504879252,4.4041365493147095,-3.1828137987812384
80.15,-64.99637932927192,0.05295508682508828,0.5959941280673091,0.31773239987625296,-1.2213227504668065,4.404136549292421,-3.182813798781575
80.175,-64.996379329273,0.05295508682507877,0.5959941280573581,0.3177323998758601,-1.2213227504457678,4.404136549270243,-3.182813798781899
80.2,-64.99637932927405,0.05295508682506951,0.5959941280474363,0.317732399875469,-1.2213227504248068,4.404136549248172,-3.1828137987822145
80.225,-64.99637932927506,0.052955086825060546,0.5959941280375438,0.31773239987507956,-1.2213227504039252,4.404136549226211,-3.1828137987825174
80.25,-64.99637932927604,0.052955086825051866,0.5959941280276804,0.3177323998746919,-1.2213227503831225,4.404136549204355,-3.1828137987828113
80.275,-64.99637932927699,0.05295508682504348,0.5959941280178459,0.3177323998743059,-1.2213227503624,4.404136549182606,-3.182813798783097
80.3,-64.9963793292779,0.05295508682503531,0.5959941280080404,0.3177323998739216,-1.2213227503417503,4.404136549160964,-3.18281379878337
80.325,-64.99637932927878,0.05295508682502739,0.5959941279982638,0.317732399873539,-1.2213227503211777,4.404136549139428,-3.1828137987836342
80.35,-64.99637932927963,0.05295508682501978,0.5959941279885159,0.3177323998731581,-1.2213227503006843,4.404136549117997,-3.18281379878389
80.375,-64.99637932928046,0.05295508682501239,0.5959941279787967,0.31773239987277885,-1.2213227502802648,4.404136549096666,-3.1828137987841374
80.4,-64.99637932928125,0.05295508682500519,0.595994127969106,0.31773239987240126,-1.2213227502599164,4.40413654907544,-3.182813798784376
80.425,-64.99637932928202,0.05295508682499826,0.5959941279594438,0.3177323998720254,-1.2213227502396455,4.404136549054317,-3.1828137987846064
80.45,-64.99637932928276,0.05295508682499152,0.5959941279498101,0.3177323998716512,-1.2213227502194453,4.404136549033299,-3.182813798784828
80.475,-64.99637932928347,0.05295508682498503,0.5959941279402047,0.3177323998712786,-1.22132275019932,4.40413654901238,-3.182813798785041
80.5,-64.99637932928415,0.052955086824978743,0.5959941279306274,0.3177323998709077,-1.2213227501792665,4.4041365489915645,-3.182813798785246
80.525,-64.99637932928482,0.052955086824972686,0.5959941279210783,0.3177323998705384,-1.2213227501592863,4.404136548970846,-3.182813798785446
80.55,-64.99637932928546,0.05295508682496682,0.5959941279115573,0.3177323998701708,-1.2213227501393766,4.40413654895023,-3.182813798785638
80.575,-64.99637932928609,0.05295508682496115,0.5959941279020642,0.31773239986980484,-1.221322750119538,4.404136548929709,-3.1828137987858254
80.6,-64.99637932928668,0.05295508682495565,0.595994127892599,0.31773239986944046,-1.221322750099767,4.404136548909287,-3.1828137987860043
80.625,-64.99637932928727,0.05295508682495035,0.5959941278831616,0.31773239986907775,-1.2213227500800672,4.404136548888963,-3.1828137987861793
80.65,-64.99637932928782,0.0529550868249452,0.595994127873752,0.31773239986871665,-1.2213227500604344,4.404136548868738,-3.1828137987863454
80.675,-64.99637932928836,0.05295508682494023,0.5959941278643701,0.31773239986835716,-1.221322750040871,4.404136548848609,-3.1828137987865075
80.7,-64.99637932928889,0.052955086824935424,0.5959941278550157,0.3177323998679993,-1.2213227500213746,4.404136548828573,-3.182813798786665
80.725,-64.9963793292894,0.05295508682493078,0.5959941278456887,0.317732399867643,-1.221322750001946,4.404136548808633,-3.182813798786819
80.75,-64.99637932928988,0.05295508682492628,0.5959941278363892,0.3177323998672883,-1.2213227499825825,4.404136548788788,-3.1828137987869636
80.775,-64.99637932929035,0.05295508682492195,0.5959941278271169,0.3177323998669352,-1.221322749963287,4.4041365487690385,-3.1828137987871044
80.8,-64.9963793292908,0.05295508682491775,0.5959941278178719,0.31773239986658364,-1.2213227499440567,4.40413654874938,-3.1828137987872407
80.825,-64.99637932929124,0.052955086824913705,0.595994127808654,0.3177323998662337,-1.2213227499248918,4.404136548729816,-3.182813798787373
80.85,-64.99637932929167,0.05295508682490977,0.5959941277994631,0.3177323998658853,-1.22132274990579,4.404136548710342,-3.182813798787501
80.875,-64.9963793292921,0.05295508682490599,0.5959941277902994,0.3177323998655385,-1.221322749886754,4.404136548690956,-3.182813798787629
80.9,-64.99637932929251,0.05295508682490232,0.5959941277811625,0.3177323998651932,-1.2213227498677812,4.404136548671661,-3.1828137987877523
80.925,-64.9963793292929,0.052955086824898794,0.5959941277720523,0.31773239986484947,-1.2213227498488726,4.404136548652458,-3.1828137987878717
80.95,-64.99637932929329,0.052955086824895324,0.5959941277629689,0.3177323998645073,-1.221322749830023,4.404136548633345,-3.1828137987879868
80.975,-64.99637932929367,0.05295508682489196,0.5959941277539123,0.3177323998641666,-1.221322749811235,4.404136548614316,-3.182813798788102
81.0,-64.99637932929404,0.0529550868248887,0.5959941277448821,0.3177323998638275,-1.2213227497925085,4.404136548595378,-3.182813798788213
81.025,-64.99637932929441,0.05295508682488555,0.5959941277358786,0.3177323998634899,-1.221322749773844,4.404136548576524,-3.182813798788324
81.05,-64.99637932929477,0.05295508682488252,0.5959941277269014,0.3177323998631538,-1.2213227497552424,4.40413654855776,-3.1828137987884304
81.075,-64.99637932929512,0.05295508682487958,0.5959941277179506,0.31773239986281926,-1.2213227497367003,4.404136548539079,-3.182813798788537
81.1,-64.99637932929546,0.052955086824876665,0.595994127709026,0.3177323998624862,-1.2213227497182142,4.404136548520488,-3.182813798788639
81.125,-64.9963793292958,0.052955086824873834,0.5959941277001277,0.3177323998621546,-1.2213227496997874,4.404136548501979,-3.1828137987887417
81.15,-64.99637932929613,0.05295508682487106,0.5959941276912555,0.31773239986182455,-1.2213227496814176,4.404136548483559,-3.1828137987888394
81.175,-64.99637932929646,0.05295508682486837,0.5959941276824093,0.317732399861496,-1.2213227496631074,4.404136548465221,-3.1828137987889376
81.2,-64.99637932929679,0.05295508682486575,0.5959941276735892,0.31773239986116886,-1.221322749644855,4.404136548446965,-3.1828137987890357
81.225,-64.99637932929711,0.05295508682486318,0.5959941276647949,0.31773239986084323,-1.2213227496266592,4.40413654842879,-3.182813798789134
81.25,-64.99637932929744,0.05295508682486067,0.5959941276560263,0.31773239986051904,-1.2213227496085206,4.404136548410696,-3.182813798789232
81.275,-64.99637932929777,0.0529550868248582,0.5959941276472835,0.31773239986019636,-1.2213227495904373,4.404136548392684,-3.1828137987893297
81.3,-64.9963793292981,0.05295508682485578,0.5959941276385664,0.3177323998598751,-1.2213227495724097,4.404136548374754,-3.182813798789428
81.325,-64.99637932929842,0.052955086824853406,0.5959941276298749,0.3177323998595553,-1.2213227495544383,4.404136548356902,-3.182813798789526
81.35,-64.99637932929875,0.052955086824851054,0.595994127621209,0.31773239985923696,-1.2213227495365206,4.404136548339132,-3.182813798789624
81.375,-64.99637932929907,0.052955086824848736,0.5959941276125684,0.31773239985892,-1.2213227495186572,4.404136548321437,-3.1828137987897223
81.4,-64.9963793292994,0.052955086824846447,0.5959941276039532,0.31773239985860446,-1.2213227495008478,4.404136548303823,-3.18281379878982
81.425,-64.99637932929973,0.05295508682484418,0.5959941275953633,0.3177323998582904,-1.2213227494830916,4.404136548286289,-3.182813798789918
81.45,-64.99637932930005,0.05295508682484194,0.5959941275867986,0.3177323998579777,-1.2213227494653895,4.4041365482688315,-3.1828137987900162
81.475,-64.9963793293004,0.052955086824839716,0.595994127578259,0.3177323998576664,-1.2213227494477397,4.404136548251446,-3.1828137987901184
81.5,-64.99637932930074,0.052955086824837495,0.5959941275697445,0.3177323998573565,-1.221322749430141,4.404136548234141,-3.182813798790221
81.525,-64.99637932930108,0.05295508682483528,0.5959941275612549,0.31773239985704804,-1.2213227494125947,4.404136548216912,-3.182813798790323
81.55,-64.99637932930143,0.05295508682483313,0.5959941275527904,0.31773239985674095,-1.2213227493951042,4.404136548199756,-3.1828137987904297
81.575,-64.99637932930179,0.052955086824830966,0.5959941275443507,0.31773239985643525,-1.2213227493776633,4.404136548182676,-3.1828137987905363
81.6,-64.99637932930216,0.05295508682482876,0.5959941275359357,0.3177323998561309,-1.2213227493602705,4.404136548165665,-3.1828137987906473
81.625,-64.99637932930253,0.05295508682482652,0.5959941275275454,0.3177323998558279,-1.2213227493429257,4.404136548148731,-3.182813798790758
81.65,-64.99637932930291,0.05295508682482428,0.5959941275191798,0.31773239985552626,-1.2213227493256318,4.4041365481318655,-3.1828137987908733
81.675,-64.9963793293033,0.05295508682482203,0.5959941275108388,0.317732399855226,-1.2213227493083878,4.404136548115077,-3.1828137987909884
81.7,-64.99637932930369,0.052955086824819794,0.5959941275025222,0.3177323998549271,-1.2213227492911949,4.404136548098357,-3.182813798791108
81.725,-64.9963793293041,0.05295508682481754,0.5959941274942301,0.3177323998546295,-1.2213227492740508,4.404136548081706,-3.1828137987912313
81.75,-64.99637932930452,0.052955086824815215,0.5959941274859623,0.3177323998543332,-1.2213227492569518,4.404136548065128,-3.1828137987913547
81.775,-64.99637932930494,0.052955086824812855,0.5959941274777187,0.3177323998540383,-1.2213227492399001,4.404136548048619,-3.1828137987914826
81.8,-64.99637932930538,0.05295508682481044,0.5959941274694994,0.31773239985374463,-1.2213227492228946,4.404136548032176,-3.182813798791615
81.825,-64.99637932930584,0.052955086824808054,0.5959941274613042,0.3177323998534523,-1.2213227492059406,4.404136548015802,-3.1828137987917513
81.85,-64.9963793293063,0.05295508682480558,0.5959941274531331,0.3177323998531613,-1.22132274918903,4.404136547999501,-3.1828137987918876
81.875,-64.99637932930676,0.05295508682480307,0.595994127444986,0.3177323998528716,-1.2213227491721663,4.404136547983267,-3.1828137987920284
81.9,-64.99637932930725,0.052955086824800525,0.5959941274368629,0.31773239985258317,-1.221322749155349,4.404136547967097,-3.1828137987921736
81.925,-64.99637932930774,0.052955086824797916,0.5959941274287636,0.317732399852296,-1.2213227491385765,4.404136547950992,-3.182813798792323
81.95,-64.99637932930825,0.05295508682479525,0.595994127420688,0.31773239985201013,-1.221322749121849,4.404136547934955,-3.182813798792476
81.975,-64.99637932930878,0.052955086824792524,0.5959941274126362,0.3177323998517255,-1.2213227491051661,4.404136547918982,-3.1828137987926337
82.0,-64.99637932930932,0.05295508682478979,0.5959941274046081,0.3177323998514422,-1.2213227490885314,4.404136547903074,-3.182813798792796
82.025,-64.99637932930987,0.052955086824786946,0.5959941273966036,0.31773239985116014,-1.2213227490719374,4.404136547887234,-3.1828137987929623
82.05,-64.99637932931044,0.052955086824784024,0.5959941273886227,0.3177323998508793,-1.2213227490553866,4.404136547871453,-3.182813798793133
82.075,-64.99637932931103,0.052955086824781,0.5959941273806652,0.3177323998505997,-1.2213227490388767,4.404136547855737,-3.1828137987933074
82.1,-64.99637932931162,0.05295508682477797,0.5959941273727309,0.31773239985032137,-1.2213227490224143,4.404136547840086,-3.1828137987934864
82.125,-64.99637932931223,0.05295508682477485,0.59599412736482,0.31773239985004426,-1.2213227490059941,4.404136547824497,-3.1828137987936698
82.15,-64.99637932931286,0.052955086824771624,0.5959941273569325,0.31773239984976837,-1.2213227489896141,4.404136547808972,-3.1828137987938576
82.175,-64.9963793293135,0.05295508682476837,0.5959941273490681,0.3177323998494937,-1.2213227489732799,4.404136547793508,-3.1828137987940495
82.2,-64.99637932931417,0.05295508682476502,0.5959941273412268,0.31773239984922025,-1.2213227489569862,4.404136547778101,-3.1828137987942497
82.225,-64.99637932931485,0.052955086824761584,0.5959941273334086,0.31773239984894797,-1.221322748940735,4.4041365477627545,-3.1828137987944545
82.25,-64.99637932931554,0.05295508682475808,0.5959941273256134,0.3177323998486769,-1.221322748924526,4.40413654774747,-3.182813798794663
82.275,-64.99637932931626,0.052955086824754444,0.5959941273178411,0.317732399848407,-1.2213227489083547,4.404136547732246,-3.1828137987948764
82.3,-64.996379329317,0.05295508682475076,0.5959941273100916,0.31773239984813834,-1.2213227488922271,4.404136547717078,-3.182813798795098
82.325,-64.99637932931775,0.05295508682474692,0.5959941273023649,0.31773239984787083,-1.221322748876136,4.404136547701969,-3.182813798795324
82.35,-64.99637932931851,0.052955086824743064,0.595994127294661,0.3177323998476045,-1.22132274886009,4.404136547686921,-3.182813798795554
82.375,-64.99637932931931,0.05295508682473909,0.5959941272869796,0.3177323998473393,-1.2213227488440828,4.404136547671927,-3.182813798795793
82.4,-64.99637932932012,0.05295508682473496,0.595994127279321,0.3177323998470753,-1.2213227488281113,4.404136547656991,-3.182813798796036
82.425,-64.99637932932096,0.0529550868247308,0.5959941272716849,0.3177323998468124,-1.2213227488121847,4.404136547642107,-3.1828137987962877
82.45,-64.99637932932181,0.052955086824726466,0.5959941272640712,0.31773239984655066,-1.2213227487962917,4.4041365476272825,-3.1828137987965435
82.475,-64.99637932932268,0.05295508682472209,0.5959941272564799,0.31773239984629004,-1.2213227487804417,4.404136547612514,-3.1828137987968033
82.5,-64.99637932932357,0.05295508682471754,0.595994127248911,0.3177323998460306,-1.2213227487646263,4.4041365475978,-3.182813798797072
82.525,-64.99637932932448,0.05295508682471294,0.5959941272413644,0.31773239984577223,-1.221322748748853,4.404136547583143,-3.1828137987973446
82.55,-64.99637932932542,0.05295508682470819,0.5959941272338399,0.317732399845515,-1.2213227487331149,4.404136547568536,-3.182813798797626
82.575,-64.99637932932637,0.05295508682470335,0.5959941272263377,0.31773239984525886,-1.2213227487174168,4.4041365475539855,-3.1828137987979117
82.6,-64.99637932932735,0.05295508682469835,0.5959941272188576,0.31773239984500384,-1.2213227487017524,4.404136547539486,-3.182813798798206
82.625,-64.99637932932835,0.052955086824693236,0.5959941272113994,0.31773239984474994,-1.2213227486861258,4.404136547525043,-3.1828137987985046
82.65,-64.99637932932937,0.052955086824688,0.5959941272039633,0.3177323998444971,-1.2213227486705358,4.404136547510649,-3.1828137987988114
82.675,-64.99637932933041,0.05295508682468264,0.595994127196549,0.31773239984424534,-1.2213227486549827,4.40413654749631,-3.1828137987991227
82.7,-64.99637932933148,0.05295508682467718,0.5959941271891566,0.31773239984399465,-1.2213227486394673,4.40413654748202,-3.1828137987994425
82.725,-64.99637932933257,0.052955086824671586,0.5959941271817859,0.317732399843745,-1.221322748623988,4.404136547467777,-3.1828137987997707
82.75,-64.99637932933368,0.05295508682466586,0.595994127174437,0.3177323998434965,-1.2213227486085443,4.404136547453592,-3.1828137988001033
82.775,-64.99637932933481,0.05295508682466002,0.5959941271671098,0.317732399843249,-1.2213227485931368,4.404136547439453,-3.1828137988004443
82.8,-64.99637932933598,0.052955086824654045,0.595994127159804,0.3177323998430026,-1.221322748577765,4.404136547425364,-3.182813798800794
82.825,-64.99637932933716,0.052955086824647876,0.5959941271525199,0.3177323998427572,-1.2213227485624238,4.404136547411324,-3.182813798801148
82.85,-64.99637932933837,0.05295508682464163,0.5959941271452572,0.31773239984251284,-1.2213227485471219,4.404136547397332,-3.18281379880151
82.875,-64.99637932933959,0.052955086824635206,0.595994127138016,0.31773239984226953,-1.2213227485318512,4.404136547383395,-3.1828137988018765
82.9,-64.99637932934084,0.052955086824628704,0.5959941271307961,0.3177323998420272,-1.2213227485166198,4.4041365473695,-3.182813798802252
82.925,-64.99637932934212,0.05295508682462202,0.5959941271235976,0.3177323998417859,-1.2213227485014195,4.404136547355652,-3.1828137988026355
82.95,-64.99637932934343,0.052955086824615236,0.5959941271164202,0.31773239984154567,-1.2213227484862557,4.404136547341852,-3.1828137988030276
82.975,-64.99637932934475,0.05295508682460832,0.595994127109264,0.3177323998413064,-1.2213227484711264,4.404136547328101,-3.182813798803424
83.0,-64.9963793293461,0.05295508682460125,0.595994127102129,0.31773239984106816,-1.2213227484560303,4.404136547314397,-3.182813798803829
83.025,-64.99637932934748,0.052955086824594044,0.595994127095015,0.3177323998408309,-1.2213227484409683,4.404136547300737,-3.1828137988042426
83.05,-64.99637932934888,0.05295508682458666,0.595994127087922,0.3177323998405946,-1.2213227484259377,4.404136547287117,-3.182813798804665
83.075,-64.9963793293503,0.05295508682457916,0.5959941270808499,0.3177323998403593,-1.2213227484109415,4.40413654727355,-3.1828137988050913
83.1,-64.99637932935175,0.052955086824571486,0.5959941270737986,0.31773239984012497,-1.2213227483959763,4.404136547260027,-3.182813798805526
83.125,-64.99637932935323,0.0529550868245637,0.5959941270667682,0.3177323998398916,-1.2213227483810465,4.404136547246545,-3.1828137988059693
83.15,-64.99637932935474,0.052955086824555735,0.5959941270597586,0.3177323998396592,-1.2213227483661468,4.404136547233106,-3.1828137988064213
83.175,-64.99637932935626,0.052955086824547595,0.5959941270527697,0.31773239983942775,-1.221322748351278,4.404136547219716,-3.1828137988068774
83.2,-64.99637932935781,0.05295508682453931,0.5959941270458013,0.31773239983919727,-1.2213227483364417,4.404136547206369,-3.182813798807342
83.225,-64.99637932935939,0.052955086824530886,0.5959941270388537,0.3177323998389677,-1.2213227483216382,4.404136547193064,-3.1828137988078153
83.25,-64.99637932936099,0.05295508682452238,0.5959941270319266,0.31773239983873913,-1.2213227483068714,4.4041365471798,-3.182813798808297
83.275,-64.99637932936263,0.052955086824513664,0.5959941270250199,0.3177323998385114,-1.2213227482921325,4.404136547166575,-3.1828137988087875
83.3,-64.99637932936427,0.0529550868245048,0.5959941270181336,0.31773239983828466,-1.2213227482774254,4.4041365471533975,-3.1828137988092817
83.325,-64.99637932936595,0.05295508682449578,0.5959941270112676,0.31773239983805884,-1.2213227482627493,4.404136547140262,-3.182813798809785
83.35,-64.99637932936766,0.05295508682448661,0.595994127004422,0.3177323998378339,-1.2213227482481044,4.404136547127165,-3.1828137988102965
83.375,-64.99637932936939,0.052955086824477283,0.5959941269975967,0.3177323998376099,-1.2213227482334912,4.404136547114111,-3.1828137988108165
83.4,-64.99637932937115,0.05295508682446779,0.5959941269907915,0.3177323998373868,-1.2213227482189077,4.404136547101094,-3.1828137988113454
83.425,-64.99637932937293,0.052955086824458104,0.5959941269840064,0.3177323998371646,-1.2213227482043523,4.404136547088122,-3.1828137988118783
83.45,-64.99637932937473,0.05295508682444831,0.5959941269772415,0.3177323998369433,-1.2213227481898308,4.404136547075189,-3.1828137988124197
83.475,-64.99637932937657,0.05295508682443838,0.5959941269704966,0.31773239983672286,-1.2213227481753413,4.404136547062294,-3.1828137988129694
83.5,-64.99637932937843,0.05295508682442827,0.5959941269637716,0.3177323998365033,-1.2213227481608808,4.404136547049439,-3.182813798813528
83.525,-64.99637932938032,0.052955086824418005,0.5959941269570666,0.3177323998362846,-1.2213227481464506,4.404136547036619,-3.182813798814095
83.55,-64.99637932938224,0.052955086824407534,0.5959941269503813,0.31773239983606677,-1.2213227481320468,4.404136547023837,-3.1828137988146707
83.575,-64.99637932938418,0.05295508682439696,0.5959941269437159,0.31773239983584983,-1.221322748117677,4.404136547011095,-3.1828137988152547
83.6,-64.99637932938614,0.052955086824386176,0.5959941269370702,0.3177323998356337,-1.221322748103333,4.4041365469983935,-3.182813798815843
83.625,-64.99637932938813,0.05295508682437525,0.5959941269304442,0.31773239983541846,-1.2213227480890199,4.404136546985728,-3.18281379881644
83.65,-64.99637932939015,0.0529550868243642,0.5959941269238378,0.317732399835204,-1.2213227480747395,4.404136546973097,-3.1828137988170453
83.675,-64.9963793293922,0.05295508682435295,0.595994126917251,0.3177323998349904,-1.2213227480604847,4.404136546960504,-3.182813798817659
83.7,-64.99637932939427,0.05295508682434159,0.5959941269106837,0.31773239983477763,-1.221322748046263,4.404136546947945,-3.1828137988182816
83.725,-64.99637932939638,0.05295508682433,0.5959941269041358,0.3177323998345657,-1.2213227480320652,4.404136546935423,-3.1828137988189127
83.75,-64.9963793293985,0.052955086824318265,0.5959941268976073,0.3177323998343546,-1.2213227480178976,4.404136546922941,-3.1828137988195477
83.775,-64.99637932940064,0.05295508682430636,0.5959941268910983,0.3177323998341443,-1.2213227480037583,4.404136546910495,-3.1828137988201917
83.8,-64.99637932940281,0.0529550868242943,0.5959941268846085,0.3177323998339348,-1.221322747989648,4.404136546898082,-3.182813798820844
83.825,-64.99637932940502,0.05295508682428212,0.595994126878138,0.31773239983372614,-1.221322747975569,4.404136546885705,-3.182813798821505
83.85,-64.99637932940725,0.05295508682426975,0.5959941268716867,0.31773239983351825,-1.2213227479615167,4.404136546873359,-3.182813798822174
83.875,-64.9963793294095,0.05295508682425721,0.5959941268652545,0.3177323998333112,-1.2213227479474922,4.40413654686105,-3.1828137988228518
83.9,-64.9963793294118,0.052955086824244504,0.5959941268588415,0.3177323998331049,-1.2213227479334956,4.404136546848774,-3.1828137988235383
83.925,-64.9963793294141,0.052955086824231654,0.5959941268524473,0.3177323998328994,-1.2213227479195279,4.4041365468365345,-3.182813798824229
83.95,-64.99637932941643,0.052955086824218595,0.5959941268460723,0.3177323998326947,-1.2213227479055853,4.404136546824329,-3.182813798824928
83.975,-64.99637932941879,0.05295508682420542,0.5959941268397162,0.31773239983249074,-1.2213227478916735,4.404136546812156,-3.1828137988256358
84.0,-64.99637932942117,0.05295508682419202,0.5959941268333789,0.3177323998322875,-1.2213227478777855,4.404136546800012,-3.182813798826352
84.025,-64.99637932942359,0.052955086824178516,0.5959941268270605,0.31773239983208507,-1.2213227478639292,4.4041365467879015,-3.182813798827077
84.05,-64.99637932942602,0.052955086824164846,0.5959941268207609,0.3177323998318834,-1.2213227478500999,4.4041365467758276,-3.1828137988278056
84.075,-64.99637932942848,0.05295508682415099,0.5959941268144799,0.31773239983168244,-1.221322747836296,4.404136546763784,-3.182813798828543
84.1,-64.99637932943097,0.05295508682413701,0.5959941268082176,0.31773239983148227,-1.2213227478225221,4.404136546751772,-3.1828137988292893
84.125,-64.99637932943348,0.05295508682412282,0.595994126801974,0.3177323998312828,-1.221322747808772,4.4041365467397915,-3.182813798830044
84.15,-64.99637932943602,0.05295508682410854,0.5959941267957488,0.3177323998310841,-1.2213227477950546,4.404136546727839,-3.182813798830807
84.175,-64.99637932943858,0.05295508682409403,0.5959941267895422,0.3177323998308861,-1.221322747781359,4.404136546715923,-3.1828137988315746
84.2,-64.99637932944117,0.05295508682407942,0.5959941267833541,0.3177323998306888,-1.2213227477676951,4.404136546704035,-3.1828137988323504
84.225,-64.99637932944378,0.05295508682406459,0.5959941267771843,0.31773239983049223,-1.221322747754054,4.404136546692177,-3.1828137988331346
84.25,-64.99637932944643,0.05295508682404962,0.5959941267710329,0.3177323998302964,-1.2213227477404403,4.404136546680349,-3.182813798833928
84.275,-64.99637932944908,0.05295508682403448,0.5959941267648998,0.31773239983010126,-1.2213227477268527,4.404136546668555,-3.182813798834725
84.3,-64.99637932945177,0.0529550868240192,0.595994126758785,0.31773239982990686,-1.2213227477132937,4.404136546656791,-3.182813798835531
84.325,-64.99637932945448,0.052955086824003794,0.5959941267526884,0.31773239982971313,-1.2213227476997635,4.404136546645054,-3.182813798836345
84.35,-64.99637932945723,0.052955086823988196,0.5959941267466099,0.3177323998295201,-1.2213227476862571,4.404136546633348,-3.182813798837168
84.375,-64.99637932945998,0.05295508682397246,0.5959941267405495,0.31773239982932777,-1.2213227476727786,4.404136546621671,-3.1828137988379948
84.4,-64.99637932946277,0.05295508682395653,0.5959941267345072,0.31773239982913615,-1.2213227476593242,4.404136546610024,-3.1828137988388305
84.425,-64.99637932946558,0.05295508682394046,0.595994126728483,0.3177323998289452,-1.221322747645897,4.404136546598404,-3.1828137988396747
84.45,-64.99637932946841,0.05295508682392424,0.5959941267224765,0.3177323998287549,-1.2213227476324962,4.404136546586816,-3.182813798840523
84.475,-64.99637932947127,0.05295508682390788,0.5959941267164881,0.31773239982856527,-1.2213227476191229,4.404136546575255,-3.18281379884138
84.5,-64.99637932947415,0.052955086823891336,0.5959941267105174,0.3177323998283763,-1.2213227476057733,4.404136546563719,-3.1828137988422456
84.525,-64.99637932947705,0.05295508682387466,0.5959941267045646,0.317732399828188,-1.221322747592452,4.404136546552215,-3.182813798843115
84.55,-64.99637932947998,0.05295508682385784,0.5959941266986296,0.3177323998280004,-1.2213227475791573,4.404136546540738,-3.1828137988439935
84.575,-64.99637932948293,0.05295508682384087,0.5959941266927122,0.3177323998278134,-1.2213227475658883,4.404136546529289,-3.18281379884488
84.6,-64.9963793294859,0.05295508682382369,0.5959941266868125,0.3177323998276271,-1.2213227475526414,4.404136546517867,-3.182813798845771
84.625,-64.9963793294889,0.05295508682380642,0.5959941266809303,0.3177323998274414,-1.2213227475394244,4.404136546506471,-3.1828137988466705
84.65,-64.99637932949193,0.05295508682378895,0.5959941266750658,0.3177323998272563,-1.2213227475262303,4.404136546495098,-3.1828137988475786
84.675,-64.99637932949497,0.05295508682377138,0.5959941266692187,0.3177323998270719,-1.2213227475130648,4.404136546483759,-3.1828137988484912
84.7,-64.99637932949804,0.05295508682375362,0.595994126663389,0.3177323998268881,-1.2213227474999224,4.404136546472442,-3.182813798849412
84.725,-64.99637932950112,0.052955086823735766,0.5959941266575768,0.3177323998267049,-1.221322747486809,4.404136546461154,-3.182813798850337
84.75,-64.99637932950424,0.052955086823717704,0.595994126651782,0.31773239982652235,-1.2213227474737176,4.404136546449889,-3.182813798851271
84.775,-64.99637932950738,0.05295508682369954,0.5959941266460044,0.31773239982634044,-1.2213227474606545,4.40413654643865,-3.1828137988522127
84.8,-64.99637932951053,0.05295508682368119,0.5959941266402441,0.3177323998261591,-1.2213227474476147,4.404136546427439,-3.1828137988531595
84.825,-64.99637932951372,0.05295508682366275,0.595994126634501,0.31773239982597834,-1.2213227474346033,4.4041365464162485,-3.1828137988541143
84.85,-64.99637932951691,0.05295508682364411,0.5959941266287752,0.3177323998257982,-1.2213227474216144,4.404136546405088,-3.1828137988550735
84.875,-64.99637932952014,0.05295508682362537,0.5959941266230664,0.3177323998256187,-1.2213227474086534,4.404136546393951,-3.182813798856041
84.9,-64.99637932952338,0.052955086823606445,0.5959941266173746,0.31773239982543977,-1.2213227473957147,4.404136546382842,-3.1828137988570133
84.925,-64.99637932952665,0.05295508682358744,0.5959941266116999,0.3177323998252614,-1.2213227473828059,4.404136546371754,-3.182813798857994
84.95,-64.99637932952993,0.05295508682356823,0.5959941266060422,0.31773239982508367,-1.2213227473699177,4.404136546360695,-3.182813798858979
84.975,-64.99637932953324,0.052955086823548894,0.5959941266004014,0.3177323998249065,-1.2213227473570556,4.404136546349656,-3.182813798859972
85.0,-64.99637932953657,0.052955086823529424,0.5959941265947775,0.3177323998247299,-1.2213227473442192,4.404136546338645,-3.1828137988609697
85.025,-64.9963793295399,0.0529550868235098,0.5959941265891704,0.31773239982455387,-1.2213227473314068,4.40413654632766,-3.1828137988619716
85.05,-64.99637932954327,0.052955086823490066,0.5959941265835801,0.3177323998243784,-1.221322747318621,4.404136546316695,-3.182813798862982
85.075,-64.99637932954666,0.05295508682347019,0.5959941265780064,0.31773239982420354,-1.2213227473058605,4.40413654630576,-3.1828137988639966
85.1,-64.99637932955007,0.052955086823450195,0.5959941265724495,0.31773239982402923,-1.221322747293126,4.404136546294843,-3.18281379886502
85.125,-64.99637932955349,0.05295508682343006,0.5959941265669093,0.3177323998238555,-1.2213227472804158,4.4041365462839535,-3.182813798866047
85.15,-64.99637932955693,0.052955086823409735,0.5959941265613856,0.3177323998236823,-1.221322747267727,4.404136546273089,-3.182813798867079
85.175,-64.9963793295604,0.05295508682338934,0.5959941265558785,0.31773239982350965,-1.2213227472550672,4.404136546262245,-3.182813798868119
85.2,-64.99637932956388,0.05295508682336878,0.5959941265503879,0.3177323998233375,-1.2213227472424302,4.404136546251423,-3.1828137988691636
85.225,-64.99637932956739,0.05295508682334814,0.5959941265449137,0.3177323998231659,-1.2213227472298216,4.404136546240623,-3.1828137988702165
85.25,-64.99637932957091,0.052955086823327314,0.5959941265394559,0.3177323998229949,-1.2213227472172339,4.404136546229847,-3.182813798871274
85.275,-64.99637932957445,0.05295508682330643,0.5959941265340145,0.3177323998228244,-1.221322747204676,4.404136546219096,-3.1828137988723353
85.3,-64.99637932957802,0.0529550868232854,0.5959941265285894,0.31773239982265444,-1.2213227471921413,4.404136546208363,-3.1828137988734055
85.325,-64.9963793295816,0.0529550868232642,0.5959941265231806,0.317732399822485,-1.2213227471796289,4.404136546197656,-3.18281379887448
85.35,-64.9963793295852,0.05295508682324293,0.595994126517788,0.3177323998223161,-1.2213227471671448,4.4041365461869715,-3.1828137988755585
85.375,-64.9963793295888,0.052955086823221496,0.5959941265124116,0.3177323998221477,-1.2213227471546826,4.404136546176309,-3.182813798876641
85.4,-64.99637932959244,0.05295508682319998,0.5959941265070513,0.3177323998219798,-1.2213227471422483,4.404136546165668,-3.1828137988777327
85.425,-64.9963793295961,0.052955086823178316,0.5959941265017071,0.31773239982181245,-1.2213227471298367,4.404136546155047,-3.1828137988788283
85.45,-64.99637932959976,0.052955086823156534,0.595994126496379,0.3177323998216456,-1.22132274711745,4.404136546144451,-3.1828137988799283
85.475,-64.99637932960344,0.05295508682313468,0.5959941264910668,0.3177323998214792,-1.2213227471050907,4.404136546133875,-3.1828137988810323
85.5,-64.99637932960714,0.05295508682311265,0.5959941264857705,0.31773239982131335,-1.2213227470927532,4.404136546123324,-3.1828137988821408
85.525,-64.99637932961086,0.05295508682309053,0.5959941264804902,0.317732399821148,-1.2213227470804415,4.404136546112789,-3.182813798883258
85.55,-64.9963793296146,0.05295508682306832,0.5959941264752258,0.3177323998209831,-1.2213227470681565,4.404136546102277,-3.182813798884379
85.575,-64.99637932961835,0.05295508682304596,0.5959941264699771,0.31773239982081874,-1.2213227470558936,4.404136546091786,-3.1828137988855048
85.6,-64.99637932962212,0.05295508682302349,0.5959941264647443,0.3177323998206549,-1.2213227470436552,4.404136546081319,-3.1828137988866345
85.625,-64.9963793296259,0.05295508682300092,0.5959941264595271,0.31773239982049145,-1.2213227470314432,4.4041365460708715,-3.1828137988877683
85.65,-64.99637932962969,0.05295508682297823,0.5959941264543256,0.3177323998203285,-1.2213227470192545,4.404136546060446,-3.182813798888907
85.675,-64.9963793296335,0.05295508682295543,0.5959941264491397,0.3177323998201661,-1.2213227470070904,4.404136546050043,-3.182813798890049
85.7,-64.99637932963734,0.05295508682293253,0.5959941264439695,0.3177323998200041,-1.221322746994952,4.404136546039654,-3.1828137988912
85.725,-64.99637932964119,0.05295508682290952,0.5959941264388149,0.31773239981984264,-1.2213227469828374,4.404136546029288,-3.1828137988923557
85.75,-64.99637932964505,0.052955086822886396,0.5959941264336757,0.3177323998196816,-1.2213227469707473,4.4041365460189414,-3.1828137988935152
85.775,-64.99637932964893,0.052955086822863186,0.595994126428552,0.31773239981952106,-1.2213227469586831,4.404136546008617,-3.182813798894679
85.8,-64.99637932965283,0.05295508682283987,0.5959941264234437,0.31773239981936097,-1.221322746946643,4.404136545998312,-3.182813798895847
85.825,-64.99637932965673,0.05295508682281643,0.5959941264183508,0.3177323998192013,-1.2213227469346264,4.404136545988026,-3.1828137988970195
85.85,-64.99637932966066,0.05295508682279291,0.5959941264132732,0.3177323998190421,-1.2213227469226353,4.404136545977759,-3.1828137988981964
85.875,-64.99637932966459,0.05295508682276928,0.5959941264082109,0.31773239981888335,-1.2213227469106684,4.404136545967513,-3.182813798899377
85.9,-64.99637932966853,0.05295508682274555,0.5959941264031638,0.3177323998187251,-1.2213227468987262,4.404136545957294,-3.182813798900558
85.925,-64.99637932967248,0.052955086822721736,0.595994126398132,0.31773239981856727,-1.2213227468868089,4.404136545947094,-3.1828137989017433
85.95,-64.99637932967644,0.05295508682269783,0.5959941263931153,0.3177323998184099,-1.2213227468749166,4.404136545936915,-3.182813798902933
85.975,-64.99637932968042,0.05295508682267384,0.5959941263881138,0.31773239981825296,-1.2213227468630496,4.404136545926754,-3.1828137989041267
86.0,-64.99637932968442,0.05295508682264972,0.5959941263831273,0.3177323998180964,-1.2213227468512047,4.404136545916608,-3.1828137989053245
86.025,-64.99637932968842,0.05295508682262557,0.5959941263781559,0.3177323998179403,-1.221322746839389,4.404136545906484,-3.1828137989065266
86.05,-64.99637932969245,0.05295508682260131,0.5959941263731994,0.31773239981778467,-1.2213227468275965,4.404136545896377,-3.182813798907733
86.075,-64.99637932969648,0.05295508682257697,0.5959941263682578,0.31773239981762946,-1.2213227468158288,4.404136545886292,-3.1828137989089442
86.1,-64.99637932970053,0.0529550868225525,0.5959941263633312,0.31773239981747464,-1.2213227468040828,4.404136545876222,-3.1828137989101593
86.125,-64.99637932970458,0.052955086822527996,0.5959941263584193,0.31773239981732027,-1.2213227467923649,4.404136545866176,-3.1828137989113743
86.15,-64.99637932970865,0.05295508682250341,0.5959941263535223,0.31773239981716633,-1.2213227467806722,4.40413654585615,-3.1828137989125933
86.175,-64.99637932971272,0.052955086822478695,0.5959941263486401,0.3177323998170128,-1.2213227467690004,4.404136545846141,-3.1828137989138168
86.2,-64.99637932971682,0.05295508682245389,0.5959941263437727,0.3177323998168597,-1.2213227467573533,4.404136545836151,-3.1828137989150447
86.225,-64.99637932972091,0.052955086822429054,0.5959941263389199,0.317732399816707,-1.2213227467457337,4.404136545826182,-3.1828137989162726
86.25,-64.99637932972502,0.05295508682240415,0.5959941263340818,0.3177323998165547,-1.22132274673414,4.404136545816233,-3.1828137989175045
86.275,-64.99637932972914,0.05295508682237913,0.5959941263292582,0.31773239981640283,-1.221322746722568,4.404136545806299,-3.182813798918741
86.3,-64.99637932973327,0.05295508682235402,0.5959941263244493,0.31773239981625134,-1.22132274671102,4.4041365457963835,-3.1828137989199816
86.325,-64.99637932973741,0.05295508682232889,0.5959941263196548,0.31773239981610024,-1.2213227466995005,4.404136545786488,-3.1828137989212224
86.35,-64.99637932974156,0.052955086822303696,0.5959941263148748,0.3177323998159496,-1.221322746688006,4.404136545776613,-3.182813798922467
86.375,-64.99637932974572,0.05295508682227841,0.5959941263101093,0.3177323998157993,-1.221322746676535,4.404136545766753,-3.1828137989237164
86.4,-64.99637932974989,0.052955086822253014,0.5959941263053582,0.31773239981564944,-1.2213227466650862,4.4041365457569155,-3.182813798924965
86.425,-64.99637932975406,0.05295508682222757,0.5959941263006214,0.31773239981549994,-1.2213227466536634,4.404136545747094,-3.182813798926219
86.45,-64.99637932975824,0.05295508682220209,0.595994126295899,0.31773239981535084,-1.2213227466422674,4.404136545737294,-3.182813798927472
86.475,-64.99637932976243,0.05295508682217654,0.5959941262911908,0.3177323998152021,-1.221322746630896,4.404136545727511,-3.1828137989287297
86.5,-64.99637932976664,0.05295508682215093,0.5959941262864967,0.3177323998150538,-1.2213227466195498,4.404136545717743,-3.182813798929992
86.525,-64.99637932977085,0.05295508682212522,0.5959941262818169,0.31773239981490586,-1.2213227466082255,4.404136545707997,-3.1828137989312535
86.55,-64.99637932977507,0.05295508682209946,0.5959941262771513,0.3177323998147583,-1.2213227465969272,4.404136545698268,-3.18281379893252
86.575,-64.99637932977929,0.05295508682207362,0.5959941262724998,0.31773239981461115,-1.2213227465856522,4.404136545688561,-3.182813798933786
86.6,-64.99637932978352,0.052955086822047796,0.5959941262678623,0.31773239981446433,-1.221322746574407,4.404136545678867,-3.1828137989350567
86.625,-64.99637932978776,0.05295508682202188,0.5959941262632389,0.3177323998143179,-1.2213227465631844,4.404136545669194,-3.1828137989363268
86.65,-64.996379329792,0.05295508682199588,0.5959941262586295,0.31773239981417184,-1.221322746551985,4.404136545659537,-3.1828137989376017
86.675,-64.99637932979626,0.052955086821969824,0.595994126254034,0.3177323998140261,-1.2213227465408103,4.404136545649899,-3.1828137989388763
86.7,-64.99637932980052,0.05295508682194373,0.5959941262494525,0.3177323998138808,-1.2213227465296612,4.404136545640276,-3.1828137989401553
86.725,-64.99637932980478,0.05295508682191758,0.5959941262448848,0.31773239981373586,-1.2213227465185374,4.404136545630676,-3.1828137989414342
86.75,-64.99637932980905,0.05295508682189138,0.5959941262403309,0.31773239981359125,-1.2213227465074377,4.404136545621094,-3.182813798942713
86.775,-64.99637932981332,0.05295508682186518,0.5959941262357907,0.31773239981344703,-1.2213227464963665,4.40413654561153,-3.1828137989439966
86.8,-64.9963793298176,0.05295508682183893,0.5959941262312644,0.31773239981330315,-1.22132274648532,4.404136545601982,-3.1828137989452796
86.825,-64.99637932982189,0.05295508682181259,0.5959941262267517,0.31773239981315965,-1.221322746474296,4.4041365455924515,-3.1828137989465675
86.85,-64.99637932982618,0.05295508682178621,0.5959941262222528,0.3177323998130165,-1.221322746463297,4.404136545582939,-3.182813798947855
86.875,-64.99637932983048,0.05295508682175976,0.5959941262177675,0.31773239981287366,-1.2213227464523215,4.404136545573445,-3.1828137989491423
86.9,-64.99637932983478,0.05295508682173328,0.5959941262132957,0.3177323998127312,-1.2213227464413707,4.4041365455639685,-3.182813798950434
86.925,-64.99637932983909,0.05295508682170675,0.5959941262088375,0.3177323998125891,-1.2213227464304455,4.4041365455545085,-3.182813798951726
86.95,-64.99637932984339,0.0529550868216802,0.5959941262043928,0.31773239981244733,-1.2213227464195462,4.404136545545068,-3.1828137989530174
86.975,-64.99637932984771,0.052955086821653605,0.5959941261999616,0.31773239981230594,-1.2213227464086713,4.404136545535644,-3.1828137989543137
87.0,-64.99637932985203,0.052955086821626966,0.5959941261955438,0.3177323998121649,-1.221322746397821,4.404136545526239,-3.1828137989556096
87.025,-64.99637932985635,0.05295508682160035,0.5959941261911395,0.31773239981202417,-1.2213227463869996,4.404136545516851,-3.182813798956906
87.05,-64.99637932986067,0.0529550868215737,0.5959941261867484,0.3177323998118838,-1.2213227463762037,4.404136545507482,-3.1828137989582017
87.075,-64.99637932986501,0.05295508682154699,0.5959941261823707,0.3177323998117437,-1.2213227463654304,4.404136545498127,-3.182813798959502
87.1,-64.99637932986934,0.05295508682152023,0.5959941261780063,0.317732399811604,-1.2213227463546816,4.4041365454887895,-3.1828137989608023
87.125,-64.99637932987368,0.052955086821493455,0.5959941261736551,0.3177323998114646,-1.2213227463439587,4.404136545479471,-3.1828137989621026
87.15,-64.99637932987801,0.052955086821466636,0.5959941261693171,0.31773239981132556,-1.2213227463332594,4.404136545470171,-3.182813798963403
87.175,-64.99637932988234,0.0529550868214398,0.5959941261649923,0.31773239981118684,-1.2213227463225858,4.404136545460889,-3.182813798964703
87.2,-64.99637932988668,0.052955086821412936,0.5959941261606805,0.31773239981104845,-1.2213227463119374,4.4041365454516255,-3.1828137989660035
87.225,-64.99637932989103,0.052955086821386055,0.5959941261563818,0.3177323998109104,-1.2213227463013148,4.404136545442376,-3.182813798967308
87.25,-64.99637932989538,0.052955086821359146,0.5959941261520962,0.31773239981077267,-1.2213227462907172,4.404136545433144,-3.1828137989686125
87.275,-64.99637932989972,0.0529550868213322,0.5959941261478237,0.3177323998106353,-1.2213227462801437,4.404136545423931,-3.1828137989699172
87.3,-64.99637932990407,0.052955086821305244,0.5959941261435641,0.3177323998104982,-1.2213227462695957,4.404136545414737,-3.1828137989712215
87.325,-64.99637932990842,0.05295508682127826,0.5959941261393173,0.31773239981036144,-1.2213227462590723,4.404136545405557,-3.1828137989725263
87.35,-64.99637932991277,0.05295508682125125,0.5959941261350835,0.317732399810225,-1.221322746248574,4.404136545396397,-3.182813798973831
87.375,-64.99637932991712,0.05295508682122422,0.5959941261308626,0.3177323998100889,-1.2213227462381,4.404136545387256,-3.1828137989751353
87.4,-64.99637932992147,0.05295508682119718,0.5959941261266545,0.3177323998099531,-1.221322746227652,4.4041365453781305,-3.18281379897644
87.425,-64.99637932992582,0.052955086821170116,0.5959941261224592,0.3177323998098176,-1.2213227462172287,4.404136545369022,-3.1828137989777443
87.45,-64.99637932993016,0.052955086821143055,0.5959941261182766,0.31773239980968243,-1.2213227462068315,4.4041365453599335,-3.182813798979049
87.475,-64.99637932993451,0.052955086821115986,0.5959941261141067,0.3177323998095476,-1.2213227461964598,4.404136545350862,-3.1828137989803538
87.5,-64.99637932993886,0.05295508682108891,0.5959941261099495,0.31773239980941304,-1.2213227461861134,4.404136545341805,-3.182813798981658
87.525,-64.99637932994321,0.05295508682106182,0.5959941261058049,0.3177323998092788,-1.221322746175792,4.4041365453327685,-3.182813798982963
87.55,-64.99637932994756,0.05295508682103473,0.5959941261016729,0.31773239980914486,-1.2213227461654967,4.4041365453237455,-3.182813798984267
87.575,-64.9963793299519,0.05295508682100764,0.5959941260975535,0.31773239980901125,-1.2213227461552272,4.404136545314743,-3.182813798985572
87.6,-64.99637932995626,0.05295508682098056,0.5959941260934466,0.3177323998088779,-1.2213227461449832,4.404136545305754,-3.1828137989868766
87.625,-64.9963793299606,0.05295508682095348,0.5959941260893522,0.3177323998087449,-1.2213227461347653,4.404136545296784,-3.182813798988181
87.65,-64.99637932996495,0.052955086820926374,0.5959941260852702,0.3177323998086122,-1.2213227461245713,4.404136545287829,-3.1828137989894856
87.675,-64.9963793299693,0.052955086820899264,0.5959941260812007,0.3177323998084798,-1.2213227461144025,4.404136545278893,-3.18281379899079
87.7,-64.99637932997365,0.052955086820872146,0.5959941260771435,0.31773239980834767,-1.2213227461042582,4.404136545269973,-3.1828137989920946
87.725,-64.99637932997798,0.052955086820845036,0.5959941260730987,0.3177323998082159,-1.2213227460941398,4.404136545261076,-3.182813798993395
87.75,-64.99637932998232,0.05295508682081793,0.5959941260690661,0.3177323998080844,-1.221322746084047,4.404136545252194,-3.182813798994695
87.775,-64.99637932998665,0.052955086820790837,0.5959941260650459,0.31773239980795315,-1.22132274607398,4.404136545243328,-3.1828137989959955
87.8,-64.99637932999099,0.05295508682076375,0.5959941260610379,0.31773239980782225,-1.2213227460639382,4.40413654523448,-3.1828137989972958
87.825,-64.99637932999532,0.05295508682073666,0.595994126057042,0.31773239980769163,-1.2213227460539215,4.404136545225648,-3.182813798998596
87.85,-64.99637932999964,0.052955086820709575,0.5959941260530583,0.3177323998075613,-1.2213227460439302,4.404136545216836,-3.182813798999892
87.875,-64.99637933000396,0.052955086820682534,0.5959941260490867,0.3177323998074313,-1.2213227460339664,4.4041365452080425,-3.182813799001188
87.9,-64.99637933000828,0.05295508682065549,0.5959941260451272,0.31773239980730156,-1.2213227460240277,4.404136545199266,-3.182813799002484
87.925,-64.9963793300126,0.052955086820628425,0.5959941260411799,0.3177323998071721,-1.2213227460141114,4.404136545190503,-3.1828137990037804
87.95,-64.99637933001691,0.05295508682060137,0.5959941260372444,0.31773239980704293,-1.2213227460042209,4.404136545181761,-3.1828137990050718
87.975,-64.99637933002121,0.05295508682057432,0.595994126033321,0.31773239980691403,-1.221322745994355,4.404136545173035,-3.1828137990063636
88.0,-64.99637933002552,0.0529550868205473,0.5959941260294095,0.31773239980678547,-1.2213227459845157,4.404136545164326,-3.1828137990076555
88.025,-64.99637933002982,0.05295508682052028,0.5959941260255099,0.3177323998066572,-1.2213227459747011,4.404136545155634,-3.1828137990089473
88.05,-64.99637933003412,0.052955086820493276,0.5959941260216222,0.3177323998065292,-1.2213227459649107,4.4041365451469625,-3.1828137990102348
88.075,-64.99637933003841,0.0529550868204663,0.5959941260177463,0.31773239980640144,-1.2213227459551474,4.404136545138305,-3.182813799011522
88.1,-64.9963793300427,0.05295508682043936,0.5959941260138821,0.317732399806274,-1.2213227459454108,4.4041365451296635,-3.1828137990128096
88.125,-64.99637933004698,0.05295508682041243,0.5959941260100298,0.3177323998061468,-1.2213227459356986,4.404136545121044,-3.182813799014093
88.15,-64.99637933005125,0.052955086820385563,0.5959941260061892,0.3177323998060199,-1.2213227459260148,4.404136545112438,-3.1828137990153764
88.175,-64.99637933005553,0.05295508682035872,0.5959941260023602,0.31773239980589335,-1.2213227459163565,4.404136545103851,-3.1828137990166594
88.2,-64.9963793300598,0.052955086820331836,0.595994125998543,0.317732399805767,-1.221322745906719,4.404136545095282,-3.1828137990179384
88.225,-64.99637933006406,0.05295508682030499,0.5959941259947373,0.31773239980564094,-1.2213227458971085,4.404136545086728,-3.1828137990192173
88.25,-64.99637933006832,0.05295508682027817,0.5959941259909434,0.31773239980551515,-1.2213227458875235,4.40413654507819,-3.1828137990204963
88.275,-64.99637933007257,0.05295508682025136,0.595994125987161,0.31773239980538964,-1.2213227458779623,4.4041365450696714,-3.1828137990217713
88.3,-64.99637933007682,0.05295508682022458,0.5959941259833901,0.3177323998052644,-1.2213227458684275,4.40413654506117,-3.182813799023046
88.325,-64.99637933008106,0.05295508682019786,0.5959941259796306,0.31773239980513945,-1.2213227458589198,4.404136545052688,-3.1828137990243164
88.35,-64.99637933008529,0.05295508682017118,0.5959941259758826,0.3177323998050148,-1.2213227458494382,4.404136545044222,-3.182813799025587
88.375,-64.99637933008952,0.052955086820144534,0.5959941259721461,0.3177323998048904,-1.2213227458399825,4.40413654503577,-3.182813799026857
88.4,-64.99637933009375,0.05295508682011787,0.5959941259684209,0.31773239980476625,-1.2213227458305487,4.40413654502734,-3.1828137990281236
88.425,-64.99637933009795,0.05295508682009123,0.5959941259647071,0.3177323998046424,-1.2213227458211398,4.40413654501893,-3.182813799029385
88.45,-64.99637933010216,0.05295508682006462,0.5959941259610047,0.31773239980451884,-1.2213227458117561,4.404136545010536,-3.1828137990306473
88.475,-64.99637933010635,0.052955086820038064,0.5959941259573134,0.31773239980439555,-1.2213227458023992,4.404136545002161,-3.182813799031905
88.5,-64.99637933011054,0.05295508682001158,0.5959941259536334,0.31773239980427254,-1.2213227457930704,4.404136544993802,-3.1828137990331626
88.525,-64.99637933011473,0.052955086819985134,0.5959941259499647,0.3177323998041498,-1.221322745783767,4.40413654498546,-3.1828137990344203
88.55,-64.99637933011891,0.05295508681995871,0.5959941259463071,0.3177323998040273,-1.2213227457744877,4.404136544977134,-3.1828137990356735
88.575,-64.99637933012308,0.05295508681993228,0.5959941259426607,0.31773239980390505,-1.2213227457652311,4.4041365449688294,-3.1828137990369227
88.6,-64.99637933012724,0.052955086819905905,0.5959941259390253,0.3177323998037831,-1.2213227457560007,4.404136544960539,-3.182813799038172
88.625,-64.99637933013139,0.052955086819879565,0.5959941259354011,0.3177323998036614,-1.2213227457467954,4.40413654495227,-3.1828137990394167
88.65,-64.99637933013554,0.052955086819853316,0.5959941259317879,0.31773239980354,-1.2213227457376192,4.404136544944016,-3.1828137990406615
88.675,-64.99637933013967,0.052955086819827094,0.5959941259281858,0.31773239980341883,-1.2213227457284672,4.404136544935781,-3.1828137990419023
88.7,-64.99637933014381,0.052955086819800906,0.5959941259245947,0.3177323998032979,-1.22132274571934,4.40413654492756,-3.1828137990431427
88.725,-64.99637933014793,0.05295508681977472,0.5959941259210144,0.3177323998031773,-1.2213227457102354,4.40413654491936,-3.182813799044379
88.75,-64.99637933015205,0.052955086819748594,0.5959941259174452,0.31773239980305695,-1.2213227457011573,4.404136544911175,-3.1828137990456153
88.775,-64.99637933015616,0.052955086819722545,0.5959941259138868,0.3177323998029368,-1.2213227456921065,4.404136544903008,-3.1828137990468477
88.8,-64.99637933016025,0.05295508681969654,0.5959941259103392,0.317732399802817,-1.221322745683081,4.404136544894861,-3.1828137990480756
88.825,-64.99637933016434,0.05295508681967059,0.5959941259068025,0.3177323998026974,-1.2213227456740814,4.404136544886731,-3.182813799049303
88.85,-64.99637933016842,0.05295508681964462,0.5959941259032765,0.31773239980257806,-1.2213227456651028,4.404136544878616,-3.182813799050527
88.875,-64.99637933017249,0.05295508681961872,0.5959941258997613,0.317732399802459,-1.2213227456561502,4.404136544870523,-3.182813799051746
88.9,-64.99637933017655,0.0529550868195929,0.5959941258962568,0.3177323998023402,-1.221322745647225,4.404136544862446,-3.1828137990529655
88.925,-64.9963793301806,0.05295508681956715,0.595994125892763,0.3177323998022216,-1.2213227456383273,4.404136544854386,-3.1828137990541805
88.95,-64.99637933018464,0.05295508681954145,0.5959941258892799,0.3177323998021033,-1.2213227456294542,4.404136544846346,-3.182813799055391
88.975,-64.99637933018867,0.052955086819515745,0.5959941258858074,0.3177323998019853,-1.2213227456206026,4.404136544838322,-3.182813799056602
89.0,-64.9963793301927,0.05295508681949013,0.5959941258823455,0.3177323998018675,-1.2213227456117786,4.404136544830315,-3.1828137990578083
89.025,-64.9963793301967,0.05295508681946457,0.5959941258788941,0.31773239980175,-1.2213227456029803,4.40413654482233,-3.182813799059011
89.05,-64.99637933020071,0.05295508681943908,0.5959941258754533,0.31773239980163276,-1.2213227455942082,4.404136544814358,-3.182813799060213
89.075,-64.9963793302047,0.052955086819413646,0.5959941258720229,0.31773239980151574,-1.2213227455854614,4.404136544806406,-3.1828137990614107
89.1,-64.99637933020868,0.052955086819388215,0.5959941258686031,0.317732399801399,-1.2213227455767361,4.404136544798473,-3.1828137990626044
89.125,-64.99637933021266,0.05295508681936288,0.5959941258651936,0.3177323998012825,-1.2213227455680387,4.4041365447905525,-3.182813799063798
89.15,-64.99637933021663,0.052955086819337596,0.5959941258617946,0.31773239980116624,-1.221322745559366,4.404136544782653,-3.182813799064988
89.175,-64.99637933022058,0.052955086819312366,0.5959941258584059,0.3177323998010503,-1.221322745550718,4.404136544774774,-3.182813799066173
89.2,-64.99637933022451,0.05295508681928716,0.5959941258550276,0.31773239980093454,-1.2213227455420927,4.404136544766913,-3.182813799067354
89.225,-64.99637933022845,0.05295508681926205,0.5959941258516596,0.3177323998008191,-1.2213227455334956,4.404136544759067,-3.182813799068535
89.25,-64.99637933023237,0.05295508681923701,0.5959941258483018,0.31773239980070384,-1.2213227455249238,4.404136544751237,-3.1828137990697116
89.275,-64.99637933023628,0.05295508681921202,0.5959941258449543,0.31773239980058887,-1.2213227455163769,4.40413654474343,-3.182813799070884
89.3,-64.99637933024017,0.05295508681918705,0.5959941258416169,0.31773239980047413,-1.2213227455078512,4.40413654473564,-3.182813799072052
89.325,-64.99637933024407,0.0529550868191622,0.5959941258382898,0.31773239980035967,-1.2213227454993554,4.404136544727864,-3.18281379907322
89.35,-64.99637933024795,0.0529550868191374,0.5959941258349728,0.3177323998002454,-1.2213227454908835,4.4041365447201075,-3.182813799074384
89.375,-64.99637933025181,0.052955086819112665,0.595994125831666,0.31773239980013146,-1.2213227454824365,4.404136544712371,-3.1828137990755434
89.4,-64.99637933025566,0.052955086819088025,0.5959941258283692,0.3177323998000178,-1.2213227454740165,4.404136544704654,-3.182813799076699
89.425,-64.9963793302595,0.0529550868190634,0.5959941258250825,0.3177323997999043,-1.2213227454656186,4.404136544696955,-3.18281379907785
89.45,-64.99637933026334,0.052955086819038856,0.5959941258218058,0.31773239979979107,-1.2213227454572462,4.404136544689269,-3.182813799079001
89.475,-64.99637933026716,0.05295508681901437,0.5959941258185391,0.3177323997996781,-1.2213227454488984,4.404136544681603,-3.1828137990801477
89.5,-64.99637933027097,0.05295508681899,0.5959941258152823,0.31773239979956536,-1.221322745440579,4.404136544673955,-3.1828137990812904
89.525,-64.99637933027476,0.05295508681896564,0.5959941258120356,0.3177323997994529,-1.2213227454322804,4.4041365446663265,-3.1828137990824286
89.55,-64.99637933027854,0.05295508681894135,0.5959941258087987,0.31773239979934065,-1.221322745424007,4.404136544658717,-3.1828137990835628
89.575,-64.99637933028231,0.05295508681891714,0.5959941258055718,0.3177323997992287,-1.2213227454157594,4.404136544651126,-3.1828137990846925
89.6,-64.99637933028608,0.05295508681889304,0.5959941258023547,0.31773239979911694,-1.2213227454075393,4.40413654464355,-3.1828137990858223
89.625,-64.99637933028983,0.05295508681886896,0.5959941257991473,0.31773239979900547,-1.2213227453993403,4.404136544635993,-3.1828137990869476
89.65,-64.99637933029356,0.05295508681884495,0.5959941257959498,0.3177323997988942,-1.2213227453911661,4.404136544628454,-3.182813799088069
89.675,-64.99637933029729,0.052955086818821044,0.595994125792762,0.31773239979878326,-1.2213227453830195,4.404136544620935,-3.182813799089186
89.7,-64.996379330301,0.052955086818797174,0.595994125789584,0.3177323997986725,-1.2213227453748947,4.404136544613435,-3.1828137990902987
89.725,-64.99637933030469,0.052955086818773374,0.5959941257864156,0.31773239979856205,-1.2213227453667947,4.4041365446059535,-3.182813799091407
89.75,-64.99637933030837,0.05295508681874966,0.595994125783257,0.3177323997984518,-1.2213227453587199,4.404136544598491,-3.182813799092511
89.775,-64.99637933031205,0.05295508681872605,0.5959941257801079,0.3177323997983418,-1.2213227453506725,4.40413654459104,-3.1828137990936156
89.8,-64.99637933031572,0.05295508681870245,0.5959941257769684,0.31773239979823203,-1.2213227453426454,4.4041365445836105,-3.1828137990947156
89.825,-64.99637933031937,0.05295508681867895,0.5959941257738386,0.3177323997981225,-1.221322745334644,4.404136544576198,-3.182813799095811
89.85,-64.99637933032301,0.052955086818655565,0.5959941257707183,0.31773239979801327,-1.2213227453266708,4.404136544568806,-3.1828137990969023
89.875,-64.99637933032663,0.052955086818632244,0.5959941257676075,0.31773239979790424,-1.2213227453187208,4.404136544561432,-3.1828137990979894
89.9,-64.99637933033024,0.052955086818608936,0.5959941257645062,0.31773239979779544,-1.2213227453107913,4.404136544554075,-3.1828137990990726
89.925,-64.99637933033384,0.05295508681858573,0.5959941257614143,0.3177323997976869,-1.221322745302888,4.404136544546739,-3.1828137991001513
89.95,-64.99637933033742,0.05295508681856265,0.5959941257583319,0.3177323997975786,-1.2213227452950124,4.40413654453942,-3.1828137991012255
89.975,-64.99637933034099,0.052955086818539596,0.5959941257552589,0.3177323997974706,-1.2213227452871582,4.404136544532122,-3.1828137991022953
90.0,-64.99637933034454,0.05295508681851662,0.5959941257521952,0.3177323997973628,-1.2213227452793278,4.404136544524841,-3.182813799103361
90.025,-64.99637933034809,0.052955086818493785,0.5959941257491409,0.31773239979725526,-1.2213227452715265,4.404136544517575,-3.182813799104427
90.05,-64.99637933035163,0.05295508681847101,0.5959941257460959,0.31773239979714796,-1.2213227452637487,4.404136544510329,-3.182813799105489
90.075,-64.99637933035515,0.05295508681844826,0.5959941257430602,0.3177323997970409,-1.2213227452559912,4.404136544503098,-3.182813799106546
90.1,-64.99637933035866,0.05295508681842563,0.5959941257400337,0.3177323997969341,-1.221322745248261,4.404136544495889,-3.182813799107599
90.125,-64.99637933036216,0.05295508681840307,0.5959941257370165,0.3177323997968275,-1.221322745240554,4.404136544488696,-3.1828137991086476
90.15,-64.99637933036564,0.052955086818380556,0.5959941257340085,0.31773239979672113,-1.221322745232869,4.404136544481522,-3.182813799109692
90.175,-64.99637933036911,0.052955086818358164,0.5959941257310096,0.31773239979661505,-1.2213227452252113,4.404136544474368,-3.1828137991107326
90.2,-64.99637933037256,0.052955086818335835,0.5959941257280199,0.3177323997965092,-1.2213227452175763,4.404136544467232,-3.1828137991117686
90.225,-64.996379330376,0.052955086818313596,0.5959941257250393,0.3177323997964036,-1.2213227452099662,4.404136544460116,-3.1828137991128003
90.25,-64.99637933037943,0.05295508681829144,0.5959941257220678,0.31773239979629825,-1.2213227452023805,4.404136544453018,-3.1828137991138274
90.275,-64.99637933038284,0.052955086818269353,0.5959941257191054,0.3177323997961931,-1.2213227451948179,4.4041365444459375,-3.1828137991148506
90.3,-64.99637933038623,0.05295508681824735,0.595994125716152,0.31773239979608825,-1.2213227451872795,4.404136544438877,-3.18281379911587
90.325,-64.99637933038962,0.05295508681822539,0.5959941257132076,0.3177323997959836,-1.2213227451797624,4.404136544431834,-3.1828137991168846
90.35,-64.99637933039298,0.05295508681820357,0.5959941257102722,0.3177323997958792,-1.2213227451722732,4.40413654442481,-3.182813799117895
90.375,-64.99637933039634,0.05295508681818184,0.5959941257073458,0.31773239979577506,-1.221322745164808,4.404136544417805,-3.1828137991189007
90.4,-64.99637933039968,0.05295508681816018,0.5959941257044282,0.31773239979567114,-1.2213227451573663,4.404136544410818,-3.1828137991199026
90.425,-64.996379330403,0.052955086818138604,0.5959941257015196,0.31773239979556744,-1.2213227451499482,4.404136544403849,-3.1828137991209005
90.45,-64.99637933040631,0.05295508681811712,0.5959941256986198,0.317732399795464,-1.2213227451425546,4.404136544396899,-3.182813799121894
90.475,-64.99637933040962,0.052955086818095715,0.5959941256957288,0.31773239979536083,-1.2213227451351847,4.404136544389964,-3.182813799122887
90.5,-64.99637933041292,0.052955086818074384,0.5959941256928467,0.31773239979525786,-1.2213227451278377,4.404136544383045,-3.1828137991238763
90.525,-64.9963793304162,0.05295508681805313,0.5959941256899733,0.31773239979515516,-1.2213227451205138,4.404136544376146,-3.182813799124861
90.55,-64.99637933041947,0.05295508681803195,0.5959941256871087,0.3177323997950527,-1.221322745113213,4.4041365443692655,-3.1828137991258414
90.575,-64.99637933042273,0.05295508681801086,0.5959941256842529,0.31773239979495044,-1.2213227451059359,4.404136544362402,-3.182813799126818
90.6,-64.99637933042597,0.05295508681798985,0.5959941256814058,0.31773239979484846,-1.221322745098682,4.404136544355559,-3.1828137991277896
90.625,-64.99637933042919,0.05295508681796892,0.5959941256785674,0.3177323997947467,-1.221322745091452,4.404136544348734,-3.1828137991287577
90.65,-64.9963793304324,0.052955086817948124,0.5959941256757375,0.3177323997946452,-1.2213227450842483,4.4041365443419265,-3.182813799129721
90.675,-64.9963793304356,0.05295508681792736,0.5959941256729163,0.31773239979454393,-1.2213227450770643,4.404136544335139,-3.18281379913068
90.7,-64.99637933043878,0.052955086817906685,0.5959941256701038,0.3177323997944429,-1.2213227450699038,4.40413654432837,-3.1828137991316354
90.725,-64.99637933044195,0.05295508681788612,0.5959941256672998,0.3177323997943421,-1.2213227450627688,4.404136544321618,-3.1828137991325858
90.75,-64.99637933044511,0.05295508681786559,0.5959941256645044,0.3177323997942415,-1.2213227450556534,4.404136544314883,-3.1828137991335326
90.775,-64.99637933044825,0.052955086817845165,0.5959941256617174,0.3177323997941412,-1.2213227450485624,4.4041365443081695,-3.1828137991344745
90.8,-64.99637933045138,0.052955086817824855,0.595994125658939,0.3177323997940411,-1.2213227450414967,4.4041365443014735,-3.1828137991354124
90.825,-64.99637933045449,0.05295508681780458,0.5959941256561689,0.31773239979394124,-1.2213227450344504,4.404136544294794,-3.1828137991363463
90.85,-64.99637933045759,0.05295508681778439,0.5959941256534074,0.31773239979384166,-1.2213227450274273,4.404136544288136,-3.1828137991372754
90.875,-64.99637933046067,0.05295508681776434,0.5959941256506542,0.3177323997937423,-1.2213227450204311,4.404136544281496,-3.182813799138201
90.9,-64.99637933046374,0.052955086817744336,0.5959941256479094,0.31773239979364315,-1.221322745013455,4.4041365442748726,-3.1828137991391214
90.925,-64.9963793304668,0.05295508681772441,0.5959941256451731,0.3177323997935443,-1.2213227450065012,4.404136544268271,-3.182813799140038
90.95,-64.99637933046984,0.05295508681770461,0.595994125642445,0.31773239979344564,-1.2213227449995732,4.404136544261685,-3.1828137991409506
90.975,-64.99637933047286,0.05295508681768492,0.5959941256397253,0.3177323997933472,-1.2213227449926696,4.404136544255118,-3.1828137991418584
91.0,-64.99637933047588,0.05295508681766526,0.5959941256370138,0.317732399793249,-1.2213227449857849,4.404136544248567,-3.1828137991427625
91.025,-64.99637933047887,0.05295508681764573,0.5959941256343106,0.3177323997931511,-1.221322744978926,4.404136544242038,-3.182813799143662
91.05,-64.99637933048186,0.05295508681762628,0.5959941256316157,0.3177323997930534,-1.2213227449720896,4.404136544235525,-3.182813799144557
91.075,-64.99637933048483,0.05295508681760687,0.595994125628929,0.3177323997929559,-1.2213227449652724,4.404136544229032,-3.1828137991454484
91.1,-64.99637933048778,0.0529550868175876,0.5959941256262503,0.3177323997928587,-1.2213227449584814,4.404136544222558,-3.1828137991463348
91.125,-64.99637933049073,0.052955086817568414,0.5959941256235799,0.31773239979276174,-1.221322744951713,4.404136544216103,-3.1828137991472176
91.15,-64.99637933049365,0.05295508681754926,0.5959941256209176,0.317732399792665,-1.2213227449449635,4.4041365442096625,-3.1828137991480956
91.175,-64.99637933049657,0.05295508681753025,0.5959941256182634,0.3177323997925685,-1.2213227449382396,4.4041365442032445,-3.1828137991489696
91.2,-64.99637933049947,0.052955086817511335,0.5959941256156173,0.31773239979247225,-1.2213227449315391,4.404136544196844,-3.1828137991498395
91.225,-64.99637933050235,0.05295508681749244,0.5959941256129792,0.3177323997923762,-1.2213227449248565,4.404136544190461,-3.1828137991507046
91.25,-64.99637933050522,0.05295508681747368,0.5959941256103491,0.3177323997922804,-1.2213227449181991,4.404136544184096,-3.182813799151566
91.275,-64.99637933050808,0.05295508681745502,0.5959941256077271,0.31773239979218487,-1.2213227449115656,4.40413654417775,-3.182813799152423
91.3,-64.99637933051092,0.05295508681743645,0.5959941256051131,0.31773239979208956,-1.2213227449049544,4.404136544171424,-3.1828137991532754
91.325,-64.99637933051375,0.05295508681741796,0.595994125602507,0.31773239979199447,-1.2213227448983643,4.404136544165114,-3.182813799154124
91.35,-64.99637933051656,0.05295508681739955,0.5959941255999088,0.3177323997918996,-1.2213227448917965,4.404136544158821,-3.182813799154968
91.375,-64.99637933051936,0.05295508681738125,0.5959941255973186,0.317732399791805,-1.2213227448852522,4.404136544152551,-3.182813799155808
91.4,-64.99637933052215,0.052955086817363016,0.5959941255947362,0.31773239979171064,-1.2213227448787283,4.404136544146296,-3.1828137991566434
91.425,-64.99637933052492,0.05295508681734488,0.5959941255921617,0.3177323997916165,-1.2213227448722266,4.4041365441400595,-3.1828137991574748
91.45,-64.99637933052767,0.052955086817326816,0.595994125589595,0.31773239979152257,-1.2213227448657467,4.4041365441338405,-3.182813799158302
91.475,-64.99637933053042,0.052955086817308844,0.595994125587036,0.3177323997914289,-1.2213227448592883,4.404136544127641,-3.1828137991591245
91.5,-64.99637933053314,0.05295508681729096,0.5959941255844848,0.3177323997913355,-1.221322744852852,4.404136544121461,-3.1828137991599434
91.525,-64.99637933053586,0.05295508681727318,0.5959941255819414,0.3177323997912423,-1.2213227448464385,4.404136544115297,-3.1828137991607575
91.55,-64.99637933053856,0.05295508681725546,0.5959941255794058,0.3177323997911493,-1.2213227448400454,4.404136544109151,-3.1828137991615675
91.575,-64.99637933054125,0.05295508681723786,0.5959941255768778,0.3177323997910566,-1.2213227448336754,4.404136544103026,-3.1828137991623735
91.6,-64.99637933054392,0.05295508681722034,0.5959941255743576,0.3177323997909641,-1.221322744827327,4.404136544096918,-3.1828137991631746
91.625,-64.99637933054657,0.05295508681720295,0.5959941255718451,0.31773239979087187,-1.2213227448210036,4.404136544090828,-3.1828137991639722
91.65,-64.99637933054922,0.05295508681718558,0.5959941255693401,0.3177323997907799,-1.2213227448146966,4.404136544084758,-3.182813799164765
91.675,-64.99637933055185,0.05295508681716833,0.5959941255668427,0.3177323997906881,-1.2213227448084134,4.404136544078706,-3.1828137991655536
91.7,-64.99637933055446,0.052955086817151206,0.5959941255643529,0.3177323997905966,-1.2213227448021542,4.404136544072671,-3.1828137991663383
91.725,-64.99637933055706,0.05295508681713411,0.5959941255618708,0.31773239979050527,-1.2213227447959123,4.404136544066654,-3.182813799167118
91.75,-64.99637933055965,0.0529550868171171,0.5959941255593962,0.31773239979041423,-1.2213227447896922,4.404136544060657,-3.1828137991678944
91.775,-64.99637933056222,0.05295508681710024,0.5959941255569291,0.3177323997903234,-1.2213227447834971,4.404136544054679,-3.182813799168666
91.8,-64.99637933056478,0.052955086817083406,0.5959941255544695,0.3177323997902328,-1.2213227447773196,4.404136544048717,-3.182813799169433
91.825,-64.99637933056732,0.05295508681706666,0.5959941255520174,0.31773239979014245,-1.2213227447711628,4.404136544042773,-3.1828137991701966
91.85,-64.99637933056985,0.052955086817050044,0.5959941255495727,0.31773239979005236,-1.22132274476503,4.40413654403685,-3.182813799170955
91.875,-64.99637933057237,0.052955086817033536,0.5959941255471354,0.3177323997899625,-1.2213227447589203,4.404136544030944,-3.18281379917171
91.9,-64.99637933057487,0.05295508681701706,0.5959941255447055,0.31773239978987283,-1.2213227447528274,4.4041365440250555,-3.18281379917246
91.925,-64.99637933057735,0.0529550868170007,0.595994125542283,0.3177323997897834,-1.2213227447467578,4.404136544019185,-3.182813799173206
91.95,-64.99637933057983,0.05295508681698444,0.5959941255398679,0.3177323997896942,-1.2213227447407096,4.4041365440133315,-3.1828137991739482
91.975,-64.99637933058229,0.05295508681696822,0.59599412553746,0.31773239978960527,-1.2213227447346793,4.404136544007499,-3.1828137991746854
92.0,-64.99637933058473,0.05295508681695214,0.5959941255350595,0.31773239978951656,-1.2213227447286736,4.404136544001683,-3.182813799175419
92.025,-64.99637933058716,0.05295508681693614,0.5959941255326663,0.3177323997894281,-1.2213227447226882,4.404136543995886,-3.182813799176148
92.05000000000001,-64.99637933058958,0.052955086816920176,0.5959941255302803,0.3177323997893398,-1.2213227447167199,4.404136543990107,-3.1828137991768726
92.075,-64.99637933059198,0.05295508681690432,0.5959941255279017,0.31773239978925183,-1.221322744710774,4.404136543984347,-3.1828137991775933
92.1,-64.99637933059437,0.05295508681688859,0.5959941255255302,0.31773239978916407,-1.2213227447048514,4.404136543978605,-3.182813799178309
92.125,-64.99637933059674,0.05295508681687295,0.5959941255231659,0.3177323997890765,-1.2213227446989494,4.40413654397288,-3.1828137991790215
92.15,-64.9963793305991,0.05295508681685734,0.5959941255208088,0.3177323997889892,-1.221322744693064,4.404136543967174,-3.182813799179729
92.17500000000001,-64.99637933060146,0.05295508681684188,0.5959941255184588,0.3177323997889021,-1.2213227446872037,4.404136543961479,-3.182813799180437
92.2,-64.9963793306038,0.052955086816826494,0.595994125516116,0.3177323997888153,-1.221322744681363,4.404136543955804,-3.1828137991811403
92.225,-64.99637933060613,0.052955086816811124,0.5959941255137803,0.3177323997887287,-1.2213227446755381,4.404136543950148,-3.1828137991818393
92.25,-64.99637933060845,0.05295508681679588,0.5959941255114516,0.3177323997886423,-1.2213227446697361,4.404136543944509,-3.1828137991825343
92.275,-64.99637933061075,0.05295508681678072,0.59599412550913,0.31773239978855616,-1.2213227446639539,4.404136543938889,-3.182813799183225
92.30000000000001,-64.99637933061304,0.052955086816765654,0.5959941255068154,0.31773239978847023,-1.221322744658193,4.4041365439332845,-3.1828137991839114
92.325,-64.99637933061531,0.052955086816750666,0.5959941255045079,0.3177323997883846,-1.2213227446524513,4.404136543927701,-3.1828137991845935
92.35,-64.99637933061757,0.052955086816735754,0.5959941255022074,0.31773239978829915,-1.2213227446467296,4.404136543922135,-3.182813799185271
92.375,-64.99637933061982,0.05295508681672094,0.5959941254999139,0.31773239978821394,-1.2213227446410284,4.404136543916587,-3.182813799185945
92.4,-64.99637933062205,0.052955086816706194,0.5959941254976273,0.31773239978812895,-1.221322744635346,4.404136543911057,-3.182813799186614
92.42500000000001,-64.99637933062426,0.052955086816691546,0.5959941254953477,0.3177323997880442,-1.2213227446296848,4.404136543905543,-3.1828137991872794
92.45,-64.99637933062647,0.05295508681667698,0.595994125493075,0.3177323997879597,-1.221322744624043,4.404136543900051,-3.18281379918794
92.475,-64.99637933062866,0.0529550868166625,0.5959941254908091,0.31773239978787543,-1.2213227446184207,4.404136543894575,-3.1828137991885965
92.5,-64.99637933063084,0.052955086816648116,0.5959941254885501,0.3177323997877914,-1.2213227446128199,4.404136543889113,-3.1828137991892533
92.525,-64.99637933063302,0.05295508681663379,0.5959941254862979,0.31773239978770756,-1.2213227446072363,4.404136543883668,-3.1828137991899053
92.55000000000001,-64.99637933063518,0.05295508681661955,0.5959941254840526,0.31773239978762396,-1.221322744601673,4.40413654387824,-3.1828137991905536
92.575,-64.99637933063732,0.05295508681660542,0.5959941254818141,0.31773239978754064,-1.221322744596131,4.404136543872833,-3.182813799191197
92.6,-64.99637933063946,0.05295508681659133,0.5959941254795823,0.31773239978745754,-1.2213227445906052,4.404136543867444,-3.1828137991918366
92.625,-64.99637933064157,0.052955086816577325,0.5959941254773573,0.31773239978737466,-1.2213227445850992,4.404136543862071,-3.182813799192472
92.65,-64.99637933064368,0.05295508681656341,0.5959941254751391,0.317732399787292,-1.2213227445796135,4.404136543856716,-3.1828137991931027
92.67500000000001,-64.99637933064577,0.05295508681654957,0.5959941254729275,0.3177323997872096,-1.221322744574146,4.40413654385138,-3.1828137991937298
92.7,-64.99637933064784,0.0529550868165358,0.5959941254707227,0.31773239978712736,-1.2213227445686972,4.40413654384606,-3.182813799194352
92.725,-64.99637933064992,0.05295508681652214,0.5959941254685246,0.31773239978704537,-1.2213227445632695,4.404136543840753,-3.1828137991949745
92.75,-64.99637933065198,0.052955086816508574,0.5959941254663331,0.31773239978696366,-1.2213227445578618,4.404136543835466,-3.1828137991955927
92.775,-64.99637933065402,0.05295508681649504,0.5959941254641482,0.31773239978688217,-1.2213227445524697,4.404136543830198,-3.1828137991962064
92.80000000000001,-64.99637933065605,0.05295508681648158,0.59599412546197,0.3177323997868009,-1.2213227445470967,4.404136543824946,-3.182813799196816
92.825,-64.99637933065807,0.05295508681646825,0.5959941254597982,0.31773239978671985,-1.2213227445417452,4.404136543819712,-3.1828137991974215
92.85,-64.99637933066008,0.052955086816455006,0.5959941254576332,0.31773239978663903,-1.2213227445364134,4.404136543814496,-3.1828137991980228
92.875,-64.99637933066207,0.05295508681644179,0.5959941254554747,0.31773239978655843,-1.221322744531097,4.4041365438092965,-3.1828137991986196
92.9,-64.99637933066406,0.052955086816428645,0.5959941254533228,0.31773239978647805,-1.221322744525799,4.4041365438041105,-3.1828137991992165
92.92500000000001,-64.99637933066603,0.05295508681641563,0.5959941254511772,0.31773239978639795,-1.2213227445205226,4.404136543798944,-3.182813799199809
92.95,-64.99637933066799,0.05295508681640268,0.5959941254490383,0.31773239978631806,-1.2213227445152641,4.404136543793796,-3.1828137992003973
92.975,-64.99637933066994,0.05295508681638977,0.5959941254469058,0.3177323997862384,-1.2213227445100217,4.404136543788664,-3.1828137992009813
93.0,-64.99637933067187,0.05295508681637698,0.5959941254447797,0.31773239978615897,-1.2213227445048003,4.404136543783552,-3.1828137992015613
93.025,-64.99637933067379,0.05295508681636426,0.5959941254426601,0.31773239978607976,-1.221322744499597,4.404136543778455,-3.182813799202137
93.05000000000001,-64.9963793306757,0.052955086816351575,0.5959941254405469,0.31773239978600076,-1.2213227444944095,4.404136543773378,-3.182813799202708
93.075,-64.9963793306776,0.05295508681633897,0.59599412543844,0.317732399785922,-1.2213227444892398,4.404136543768311,-3.1828137992032794
93.1,-64.99637933067949,0.052955086816326484,0.5959941254363396,0.31773239978584344,-1.2213227444840922,4.404136543763263,-3.182813799203846
93.125,-64.99637933068136,0.05295508681631408,0.5959941254342455,0.3177323997857651,-1.221322744478962,4.404136543758232,-3.182813799204409
93.15,-64.99637933068323,0.052955086816301684,0.5959941254321577,0.317732399785687,-1.2213227444738461,4.404136543753218,-3.1828137992049674
93.17500000000001,-64.99637933068507,0.05295508681628938,0.5959941254300762,0.31773239978560913,-1.221322744468749,4.404136543748222,-3.1828137992055217
93.2,-64.99637933068692,0.0529550868162772,0.595994125428001,0.3177323997855315,-1.2213227444636732,4.404136543743241,-3.182813799206076
93.225,-64.99637933068875,0.052955086816265096,0.5959941254259321,0.31773239978545414,-1.2213227444586154,4.404136543738278,-3.182813799206626
93.25,-64.99637933069057,0.05295508681625301,0.5959941254238694,0.317732399785377,-1.221322744453572,4.404136543733332,-3.1828137992071714
93.275,-64.99637933069238,0.052955086816241,0.595994125421813,0.31773239978530005,-1.2213227444485457,4.404136543728405,-3.1828137992077132
93.30000000000001,-64.99637933069418,0.0529550868162291,0.5959941254197627,0.31773239978522333,-1.2213227444435402,4.404136543723489,-3.1828137992082546
93.325,-64.99637933069597,0.05295508681621725,0.5959941254177187,0.31773239978514684,-1.2213227444385513,4.404136543718591,-3.1828137992087915
93.35,-64.99637933069775,0.0529550868162055,0.5959941254156809,0.31773239978507056,-1.2213227444335806,4.40413654371371,-3.1828137992093244
93.375,-64.99637933069951,0.052955086816193805,0.5959941254136492,0.3177323997849945,-1.221322744428627,4.404136543708847,-3.1828137992098533
93.4,-64.99637933070126,0.05295508681618219,0.5959941254116236,0.3177323997849187,-1.221322744423691,4.404136543704002,-3.1828137992103778
93.42500000000001,-64.99637933070301,0.05295508681617065,0.5959941254096041,0.3177323997848431,-1.2213227444187729,4.404136543699169,-3.182813799210902
93.45,-64.99637933070474,0.05295508681615917,0.5959941254075907,0.3177323997847677,-1.2213227444138712,4.404136543694353,-3.1828137992114223
93.475,-64.99637933070646,0.05295508681614776,0.5959941254055834,0.31773239978469253,-1.2213227444089862,4.404136543689554,-3.182813799211938
93.5,-64.99637933070817,0.05295508681613643,0.5959941254035822,0.3177323997846176,-1.2213227444041195,4.404136543684774,-3.1828137992124494
93.525,-64.99637933070987,0.052955086816125166,0.595994125401587,0.3177323997845429,-1.22132274439927,4.404136543680005,-3.182813799212961
93.55000000000001,-64.99637933071156,0.052955086816113967,0.5959941253995978,0.3177323997844684,-1.2213227443944366,4.404136543675255,-3.1828137992134686
93.575,-64.99637933071324,0.05295508681610281,0.5959941253976146,0.3177323997843941,-1.2213227443896184,4.404136543670521,-3.1828137992139713
93.6,-64.9963793307149,0.05295508681609176,0.5959941253956375,0.31773239978432005,-1.2213227443848202,4.404136543665805,-3.1828137992144705
93.625,-64.99637933071656,0.05295508681608077,0.5959941253936663,0.3177323997842462,-1.2213227443800379,4.404136543661102,-3.182813799214969
93.65,-64.99637933071821,0.05295508681606985,0.595994125391701,0.3177323997841726,-1.2213227443752726,4.404136543656415,-3.1828137992154635
93.67500000000001,-64.99637933071985,0.05295508681605904,0.5959941253897417,0.31773239978409923,-1.2213227443705268,4.404136543651747,-3.1828137992159538
93.7,-64.99637933072147,0.05295508681604824,0.5959941253877883,0.31773239978402606,-1.2213227443657937,4.4041365436470965,-3.18281379921644
93.725,-64.99637933072309,0.052955086816037486,0.5959941253858407,0.3177323997839531,-1.221322744361076,4.4041365436424575,-3.182813799216926
93.75,-64.9963793307247,0.05295508681602682,0.5959941253838991,0.3177323997838804,-1.2213227443563763,4.404136543637837,-3.1828137992174077
93.775,-64.99637933072628,0.05295508681601623,0.5959941253819633,0.3177323997838079,-1.2213227443516936,4.404136543633233,-3.182813799217885
93.80000000000001,-64.99637933072788,0.05295508681600569,0.5959941253800334,0.31773239978373563,-1.2213227443470263,4.404136543628642,-3.1828137992183625
93.825,-64.99637933072945,0.052955086815995214,0.5959941253781093,0.3177323997836636,-1.2213227443423755,4.404136543624068,-3.182813799218836
93.85,-64.99637933073102,0.052955086815984806,0.5959941253761909,0.31773239978359175,-1.2213227443377406,4.404136543619512,-3.182813799219305
93.875,-64.99637933073258,0.05295508681597449,0.5959941253742783,0.31773239978352014,-1.221322744333124,4.404136543614968,-3.182813799219774
93.9,-64.99637933073413,0.05295508681596426,0.5959941253723715,0.31773239978344875,-1.2213227443285253,4.404136543610442,-3.1828137992202383
93.92500000000001,-64.99637933073566,0.05295508681595404,0.5959941253704705,0.3177323997833776,-1.2213227443239385,4.404136543605933,-3.182813799220699
93.95,-64.99637933073718,0.05295508681594389,0.5959941253685752,0.31773239978330664,-1.2213227443193686,4.4041365436014415,-3.182813799221155
93.975,-64.9963793307387,0.05295508681593379,0.5959941253666856,0.3177323997832359,-1.2213227443148142,4.404136543596963,-3.1828137992216115
94.0,-64.99637933074021,0.05295508681592381,0.5959941253648017,0.3177323997831654,-1.2213227443102794,4.404136543592501,-3.182813799222063
94.025,-64.99637933074172,0.05295508681591391,0.5959941253629234,0.31773239978309514,-1.221322744305761,4.404136543588052,-3.182813799222515
94.05000000000001,-64.99637933074321,0.052955086815904,0.5959941253610509,0.31773239978302503,-1.221322744301254,4.4041365435836175,-3.182813799222963
94.075,-64.99637933074469,0.052955086815894156,0.595994125359184,0.31773239978295514,-1.2213227442967627,4.404136543579201,-3.182813799223406
94.1,-64.99637933074615,0.05295508681588438,0.5959941253573227,0.3177323997828855,-1.2213227442922876,4.4041365435748006,-3.182813799223845
94.125,-64.99637933074762,0.05295508681587469,0.5959941253554669,0.31773239978281603,-1.2213227442878303,4.404136543570413,-3.1828137992242844
94.15,-64.99637933074906,0.052955086815865075,0.5959941253536168,0.3177323997827468,-1.221322744283389,4.404136543566043,-3.182813799224719
94.17500000000001,-64.99637933075051,0.05295508681585547,0.5959941253517723,0.3177323997826778,-1.22132274427896,4.404136543561686,-3.182813799225154
94.2,-64.99637933075195,0.05295508681584593,0.5959941253499333,0.31773239978260903,-1.221322744274547,4.404136543557345,-3.1828137992255847
94.225,-64.99637933075337,0.05295508681583646,0.5959941253480999,0.3177323997825404,-1.2213227442701493,4.40413654355302,-3.182813799226011
94.25,-64.99637933075479,0.05295508681582709,0.595994125346272,0.31773239978247203,-1.2213227442657706,4.404136543548707,-3.1828137992264374
94.275,-64.9963793307562,0.052955086815817766,0.5959941253444496,0.31773239978240386,-1.2213227442614056,4.404136543544411,-3.1828137992268593
94.30000000000001,-64.99637933075759,0.05295508681580845,0.5959941253426327,0.3177323997823359,-1.2213227442570525,4.404136543540133,-3.182813799227277
94.325,-64.99637933075898,0.0529550868157992,0.5959941253408213,0.3177323997822682,-1.2213227442527153,4.404136543535867,-3.182813799227695
94.35,-64.99637933076036,0.05295508681579005,0.5959941253390153,0.3177323997822007,-1.2213227442483963,4.404136543531619,-3.1828137992281085
94.375,-64.99637933076174,0.05295508681578097,0.5959941253372147,0.3177323997821334,-1.2213227442440928,4.4041365435273825,-3.182813799228522
94.4,-64.9963793307631,0.05295508681577193,0.5959941253354196,0.3177323997820663,-1.221322744239803,4.404136543523162,-3.1828137992289314
94.42500000000001,-64.99637933076446,0.05295508681576289,0.5959941253336298,0.3177323997819994,-1.2213227442355246,4.404136543518957,-3.1828137992293364
94.45,-64.9963793307658,0.052955086815753914,0.5959941253318455,0.31773239978193274,-1.221322744231261,4.404136543514766,-3.1828137992297414
94.475,-64.99637933076714,0.05295508681574503,0.5959941253300665,0.3177323997818663,-1.2213227442270151,4.404136543510591,-3.182813799230142
94.5,-64.99637933076848,0.05295508681573623,0.5959941253282928,0.3177323997818,-1.2213227442227856,4.404136543506427,-3.182813799230543
94.525,-64.9963793307698,0.05295508681572748,0.5959941253265245,0.31773239978173395,-1.2213227442185706,4.404136543502279,-3.182813799230939
94.55000000000001,-64.99637933077112,0.05295508681571877,0.5959941253247615,0.3177323997816681,-1.221322744214369,4.404136543498143,-3.1828137992313357
94.575,-64.99637933077243,0.05295508681571006,0.5959941253230038,0.3177323997816025,-1.2213227442101784,4.404136543494026,-3.182813799231728
94.6,-64.99637933077372,0.05295508681570141,0.5959941253212514,0.31773239978153706,-1.2213227442060028,4.404136543489923,-3.182813799232116
94.625,-64.99637933077501,0.05295508681569285,0.5959941253195042,0.31773239978147183,-1.221322744201844,4.404136543485831,-3.182813799232504
94.65,-64.99637933077629,0.05295508681568436,0.5959941253177624,0.3177323997814068,-1.2213227441977006,4.404136543481758,-3.1828137992328878
94.67500000000001,-64.99637933077757,0.05295508681567592,0.5959941253160258,0.31773239978134205,-1.2213227441935715,4.404136543477698,-3.1828137992332715
94.7,-64.99637933077884,0.05295508681566754,0.5959941253142944,0.3177323997812775,-1.2213227441894574,4.404136543473654,-3.1828137992336507
94.725,-64.9963793307801,0.05295508681565915,0.5959941253125682,0.3177323997812131,-1.221322744185353,4.404136543469619,-3.18281379923403
94.75,-64.99637933078135,0.052955086815650865,0.5959941253108472,0.3177323997811489,-1.2213227441812662,4.404136543465603,-3.182813799234405
94.775,-64.9963793307826,0.05295508681564262,0.5959941253091313,0.317732399781085,-1.2213227441771928,4.404136543461599,-3.1828137992347805
94.80000000000001,-64.99637933078384,0.05295508681563442,0.5959941253074206,0.3177323997810212,-1.221322744173133,4.404136543457608,-3.1828137992351513
94.825,-64.99637933078508,0.05295508681562626,0.595994125305715,0.31773239978095763,-1.2213227441690866,4.404136543453632,-3.182813799235522
94.85,-64.9963793307863,0.05295508681561816,0.5959941253040146,0.3177323997808943,-1.2213227441650545,4.40413654344967,-3.182813799235889
94.875,-64.9963793307875,0.052955086815610064,0.5959941253023193,0.3177323997808311,-1.221322744161033,4.404136543445725,-3.1828137992362513
94.9,-64.99637933078871,0.05295508681560207,0.5959941253006291,0.31773239978076817,-1.2213227441570291,4.404136543441791,-3.1828137992366137
94.92500000000001,-64.9963793307899,0.05295508681559412,0.595994125298944,0.31773239978070544,-1.2213227441530385,4.404136543437875,-3.1828137992369716
94.95,-64.9963793307911,0.05295508681558622,0.5959941252972639,0.3177323997806429,-1.221322744149062,4.404136543433969,-3.18281379923733
94.975,-64.99637933079228,0.052955086815578374,0.5959941252955889,0.31773239978058054,-1.2213227441450991,4.40413654343008,-3.182813799237684
95.0,-64.99637933079346,0.05295508681557057,0.5959941252939189,0.3177323997805184,-1.2213227441411492,4.404136543426203,-3.1828137992380374
95.025,-64.99637933079462,0.05295508681556277,0.5959941252922539,0.3177323997804565,-1.22132274413721,4.40413654342234,-3.1828137992383874
95.05000000000001,-64.99637933079579,0.05295508681555506,0.5959941252905939,0.31773239978039475,-1.2213227441332875,4.40413654341849,-3.182813799238737
95.075,-64.99637933079696,0.052955086815547406,0.5959941252889389,0.31773239978033324,-1.2213227441293786,4.404136543414653,-3.1828137992390864
95.1,-64.9963793307981,0.052955086815539794,0.5959941252872889,0.3177323997802719,-1.221322744125483,4.4041365434108295,-3.182813799239432
95.125,-64.99637933079926,0.052955086815532224,0.5959941252856438,0.3177323997802108,-1.2213227441216001,4.404136543407019,-3.182813799239777
95.15,-64.9963793308004,0.05295508681552469,0.5959941252840036,0.31773239978014983,-1.22132274411773,4.404136543403221,-3.182813799240118
95.17500000000001,-64.99637933080153,0.052955086815517194,0.5959941252823684,0.3177323997800891,-1.2213227441138725,4.404136543399438,-3.182813799240459
95.2,-64.99637933080265,0.052955086815509735,0.5959941252807381,0.31773239978002854,-1.2213227441100274,4.404136543395668,-3.182813799240796
95.225,-64.99637933080378,0.052955086815502324,0.5959941252791128,0.3177323997799682,-1.2213227441061958,4.40413654339191,-3.1828137992411327
95.25,-64.99637933080488,0.052955086815494955,0.5959941252774923,0.3177323997799081,-1.221322744102377,4.40413654338817,-3.1828137992414653
95.275,-64.996379330806,0.05295508681548765,0.5959941252758766,0.31773239977984813,-1.2213227440985726,4.40413654338444,-3.182813799241798
95.30000000000001,-64.99637933080709,0.05295508681548039,0.5959941252742658,0.3177323997797884,-1.221322744094781,4.404136543380727,-3.182813799242126
95.325,-64.99637933080818,0.05295508681547317,0.5959941252726598,0.31773239977972884,-1.221322744091002,4.404136543377023,-3.1828137992424543
95.35,-64.99637933080926,0.05295508681546599,0.5959941252710587,0.3177323997796695,-1.2213227440872358,4.404136543373336,-3.1828137992427785
95.375,-64.99637933081034,0.05295508681545885,0.5959941252694623,0.3177323997796103,-1.2213227440834815,4.404136543369659,-3.1828137992431023
95.4,-64.99637933081142,0.05295508681545175,0.5959941252678707,0.31773239977955137,-1.2213227440797405,4.404136543365994,-3.1828137992434264
95.42500000000001,-64.99637933081249,0.05295508681544468,0.5959941252662838,0.3177323997794926,-1.221322744076011,4.404136543362343,-3.182813799243746
95.45,-64.99637933081355,0.05295508681543765,0.5959941252647017,0.317732399779434,-1.2213227440722938,4.404136543358706,-3.182813799244066
95.475,-64.9963793308146,0.052955086815430666,0.5959941252631245,0.3177323997793756,-1.2213227440685892,4.404136543355082,-3.1828137992443812
95.5,-64.99637933081566,0.05295508681542371,0.5959941252615519,0.31773239977931744,-1.221322744064897,4.40413654335147,-3.182813799244697
95.525,-64.9963793308167,0.05295508681541683,0.5959941252599841,0.31773239977925943,-1.2213227440612189,4.404136543347874,-3.182813799245008
95.55000000000001,-64.99637933081773,0.052955086815410016,0.595994125258421,0.31773239977920165,-1.2213227440575556,4.40413654334429,-3.182813799245319
95.575,-64.99637933081877,0.052955086815403195,0.5959941252568626,0.317732399779144,-1.221322744053901,4.404136543340714,-3.1828137992456305
95.6,-64.99637933081979,0.0529550868153964,0.5959941252553088,0.3177323997790866,-1.2213227440502579,4.404136543337156,-3.1828137992459373
95.625,-64.99637933082082,0.05295508681538966,0.5959941252537597,0.3177323997790294,-1.2213227440466277,4.404136543333608,-3.182813799246244
95.65,-64.99637933082182,0.05295508681538295,0.5959941252522153,0.31773239977897233,-1.2213227440430094,4.404136543330074,-3.182813799246547
95.67500000000001,-64.99637933082283,0.05295508681537627,0.5959941252506754,0.3177323997789155,-1.2213227440394023,4.404136543326551,-3.18281379924685
95.7,-64.99637933082384,0.05295508681536963,0.5959941252491402,0.3177323997788588,-1.2213227440358079,4.404136543323039,-3.1828137992471524
95.725,-64.99637933082484,0.05295508681536309,0.5959941252476095,0.31773239977880235,-1.221322744032229,4.404136543319543,-3.182813799247451
95.75,-64.99637933082583,0.05295508681535657,0.5959941252460835,0.31773239977874607,-1.2213227440286616,4.404136543316058,-3.182813799247749
95.775,-64.99637933082683,0.05295508681535004,0.5959941252445621,0.31773239977869,-1.2213227440251024,4.404136543312584,-3.1828137992480476
95.80000000000001,-64.9963793308278,0.05295508681534355,0.5959941252430452,0.3177323997786341,-1.221322744021555,4.404136543309125,-3.182813799248342
95.825,-64.99637933082879,0.05295508681533709,0.5959941252415328,0.31773239977857837,-1.2213227440180194,4.4041365433056745,-3.182813799248636
95.85,-64.99637933082975,0.052955086815330676,0.595994125240025,0.31773239977852286,-1.2213227440144963,4.404136543302243,-3.182813799248926
95.875,-64.99637933083072,0.0529550868153243,0.5959941252385218,0.3177323997784675,-1.2213227440109846,4.4041365432988195,-3.182813799249216
95.9,-64.99637933083169,0.05295508681531796,0.595994125237023,0.31773239977841233,-1.2213227440074848,4.404136543295405,-3.1828137992495056
95.92500000000001,-64.99637933083264,0.05295508681531164,0.5959941252355287,0.3177323997783574,-1.2213227440039962,4.404136543292009,-3.1828137992497916
95.95,-64.99637933083359,0.05295508681530541,0.5959941252340389,0.3177323997783026,-1.2213227440005223,4.404136543288622,-3.182813799250077
95.975,-64.99637933083454,0.05295508681529921,0.5959941252325536,0.31773239977824796,-1.221322743997059,4.404136543285245,-3.1828137992503627
96.0,-64.99637933083548,0.052955086815292984,0.5959941252310726,0.3177323997781935,-1.2213227439936036,4.404136543281881,-3.1828137992506442
96.025,-64.99637933083642,0.052955086815286795,0.5959941252295962,0.3177323997781393,-1.2213227439901597,4.40413654327853,-3.1828137992509253
96.05000000000001,-64.99637933083736,0.05295508681528066,0.5959941252281241,0.3177323997780852,-1.221322743986729,4.404136543275189,-3.182813799251207
96.075,-64.99637933083828,0.052955086815274555,0.5959941252266565,0.3177323997780313,-1.2213227439833085,4.404136543271861,-3.182813799251484
96.1,-64.9963793308392,0.052955086815268476,0.5959941252251932,0.3177323997779776,-1.2213227439798993,4.404136543268546,-3.182813799251761
96.125,-64.99637933084013,0.052955086815262425,0.5959941252237344,0.3177323997779241,-1.221322743976501,4.40413654326524,-3.1828137992520382
96.15,-64.99637933084104,0.05295508681525641,0.5959941252222799,0.31773239977787077,-1.221322743973114,4.404136543261948,-3.182813799252311
96.17500000000001,-64.99637933084195,0.05295508681525047,0.5959941252208297,0.31773239977781764,-1.221322743969741,4.404136543258669,-3.182813799252584
96.2,-64.99637933084286,0.05295508681524456,0.595994125219384,0.3177323997777647,-1.2213227439663787,4.404136543255399,-3.1828137992528567
96.225,-64.99637933084377,0.05295508681523866,0.5959941252179426,0.3177323997777119,-1.2213227439630265,4.404136543252138,-3.1828137992531293
96.25,-64.99637933084466,0.05295508681523274,0.5959941252165055,0.31773239977765927,-1.2213227439596819,4.404136543248892,-3.182813799253398
96.275,-64.99637933084556,0.052955086815226864,0.5959941252150727,0.3177323997776068,-1.2213227439563483,4.404136543245655,-3.1828137992536667
96.30000000000001,-64.99637933084645,0.05295508681522102,0.5959941252136441,0.3177323997775545,-1.2213227439530265,4.404136543242426,-3.1828137992539354
96.325,-64.99637933084733,0.052955086815215185,0.59599412521222,0.31773239977750245,-1.2213227439497136,4.4041365432392166,-3.1828137992541996
96.35,-64.99637933084821,0.052955086815209405,0.5959941252108,0.31773239977745055,-1.221322743946413,4.4041365432360156,-3.182813799254464
96.375,-64.9963793308491,0.05295508681520366,0.5959941252093842,0.3177323997773988,-1.2213227439431236,4.404136543232824,-3.182813799254728
96.4,-64.99637933084996,0.05295508681519797,0.5959941252079727,0.31773239977734724,-1.2213227439398464,4.404136543229646,-3.1828137992549883
96.42500000000001,-64.99637933085083,0.052955086815192315,0.5959941252065654,0.31773239977729584,-1.2213227439365806,4.404136543226479,-3.1828137992552485
96.45,-64.9963793308517,0.052955086815186694,0.5959941252051623,0.3177323997772446,-1.2213227439333258,4.40413654322332,-3.1828137992555083
96.475,-64.99637933085256,0.052955086815181095,0.5959941252037634,0.3177323997771936,-1.2213227439300807,4.404136543220174,-3.1828137992557686
96.5,-64.99637933085342,0.05295508681517551,0.5959941252023687,0.31773239977714274,-1.2213227439268455,4.404136543217041,-3.1828137992560244
96.525,-64.99637933085427,0.0529550868151699,0.5959941252009783,0.31773239977709206,-1.2213227439236172,4.404136543213919,-3.18281379925628
96.55000000000001,-64.99637933085512,0.052955086815164316,0.5959941251995919,0.31773239977704154,-1.2213227439203989,4.4041365432108055,-3.182813799256536
96.575,-64.99637933085596,0.052955086815158765,0.5959941251982098,0.3177323997769912,-1.2213227439171912,4.404136543207706,-3.1828137992567873
96.6,-64.9963793308568,0.05295508681515325,0.5959941251968318,0.317732399776941,-1.221322743913995,4.404136543204615,-3.182813799257039
96.625,-64.99637933085764,0.05295508681514777,0.5959941251954579,0.317732399776891,-1.2213227439108092,4.404136543201535,-3.1828137992572905
96.65,-64.99637933085847,0.052955086815142285,0.5959941251940881,0.31773239977684115,-1.2213227439076315,4.404136543198463,-3.182813799257542
96.67500000000001,-64.9963793308593,0.05295508681513684,0.5959941251927224,0.31773239977679146,-1.2213227439044652,4.404136543195407,-3.182813799257789
96.7,-64.99637933086012,0.052955086815131475,0.5959941251913609,0.31773239977674195,-1.2213227439013123,4.404136543192359,-3.1828137992580365
96.725,-64.99637933086095,0.052955086815126125,0.5959941251900034,0.3177323997766926,-1.2213227438981693,4.4041365431893205,-3.182813799258284
96.75,-64.99637933086177,0.05295508681512082,0.5959941251886499,0.3177323997766434,-1.2213227438950376,4.404136543186291,-3.1828137992585313
96.775,-64.99637933086258,0.05295508681511552,0.5959941251873005,0.3177323997765944,-1.2213227438919143,4.404136543183276,-3.182813799258774
96.80000000000001,-64.99637933086339,0.05295508681511025,0.5959941251859552,0.31773239977654555,-1.2213227438888012,4.40413654318027,-3.182813799259017
96.825,-64.9963793308642,0.052955086815104996,0.5959941251846138,0.31773239977649687,-1.2213227438856975,4.404136543177274,-3.18281379925926
96.85,-64.99637933086501,0.05295508681509973,0.5959941251832764,0.31773239977644835,-1.221322743882601,4.404136543174287,-3.182813799259503
96.875,-64.9963793308658,0.05295508681509448,0.5959941251819432,0.3177323997764,-1.2213227438795144,4.4041365431713135,-3.182813799259742
96.9,-64.9963793308666,0.05295508681508926,0.5959941251806138,0.3177323997763518,-1.2213227438764371,4.404136543168351,-3.1828137992599808
96.92500000000001,-64.9963793308674,0.052955086815084054,0.5959941251792884,0.3177323997763038,-1.2213227438733696,4.404136543165396,-3.1828137992602192
96.95,-64.9963793308682,0.052955086815078885,0.595994125177967,0.31773239977625595,-1.2213227438703125,4.404136543162451,-3.182813799260458
96.975,-64.99637933086899,0.052955086815073736,0.5959941251766496,0.31773239977620826,-1.221322743867265,4.404136543159515,-3.1828137992606966
97.0,-64.99637933086977,0.05295508681506864,0.5959941251753361,0.31773239977616075,-1.2213227438642296,4.404136543156594,-3.182813799260931
97.025,-64.99637933087055,0.05295508681506358,0.5959941251740266,0.3177323997761134,-1.2213227438612035,4.404136543153682,-3.1828137992611656
97.05000000000001,-64.99637933087133,0.05295508681505852,0.595994125172721,0.3177323997760662,-1.2213227438581864,4.404136543150779,-3.1828137992614
97.075,-64.99637933087212,0.05295508681505349,0.5959941251714193,0.3177323997760192,-1.2213227438551792,4.404136543147885,-3.1828137992616345
97.1,-64.9963793308729,0.05295508681504847,0.5959941251701214,0.31773239977597234,-1.2213227438521808,4.404136543145001,-3.182813799261869
97.125,-64.99637933087367,0.05295508681504347,0.5959941251688274,0.31773239977592566,-1.2213227438491912,4.404136543142131,-3.1828137992620995
97.15,-64.99637933087443,0.05295508681503848,0.5959941251675374,0.3177323997758791,-1.2213227438462104,4.404136543139267,-3.1828137992623295
97.17500000000001,-64.9963793308752,0.05295508681503351,0.5959941251662512,0.3177323997758327,-1.221322743843239,4.404136543136413,-3.18281379926256
97.2,-64.99637933087597,0.05295508681502857,0.5959941251649687,0.31773239977578643,-1.2213227438402776,4.404136543133568,-3.18281379926279
97.225,-64.99637933087674,0.05295508681502366,0.5959941251636902,0.31773239977574036,-1.2213227438373258,4.404136543130731,-3.18281379926302
97.25,-64.99637933087749,0.05295508681501871,0.5959941251624155,0.31773239977569445,-1.221322743834379,4.404136543127909,-3.182813799263246
97.275,-64.99637933087824,0.05295508681501378,0.5959941251611446,0.3177323997756487,-1.2213227438314416,4.404136543125096,-3.182813799263472
97.30000000000001,-64.996379330879,0.05295508681500887,0.5959941251598775,0.3177323997756031,-1.2213227438285137,4.4041365431222905,-3.1828137992636982
97.325,-64.99637933087975,0.05295508681500399,0.5959941251586142,0.3177323997755576,-1.2213227438255954,4.404136543119494,-3.1828137992639243
97.35,-64.9963793308805,0.05295508681499912,0.5959941251573546,0.3177323997755123,-1.221322743822685,4.404136543116706,-3.18281379926415
97.375,-64.99637933088124,0.052955086814994286,0.5959941251560988,0.3177323997754672,-1.221322743819785,4.404136543113932,-3.182813799264372
97.4,-64.99637933088198,0.052955086814989505,0.5959941251548468,0.3177323997754222,-1.2213227438168965,4.404136543111169,-3.1828137992645935
97.42500000000001,-64.99637933088272,0.052955086814984745,0.5959941251535986,0.31773239977537737,-1.221322743814017,4.40413654310841,-3.182813799264815
97.45,-64.99637933088346,0.05295508681497999,0.5959941251523541,0.3177323997753327,-1.2213227438111454,4.404136543105662,-3.1828137992650367
97.475,-64.9963793308842,0.052955086814975245,0.5959941251511133,0.31773239977528817,-1.2213227438082823,4.404136543102922,-3.1828137992652583
97.5,-64.99637933088493,0.05295508681497053,0.5959941251498762,0.3177323997752438,-1.2213227438054286,4.404136543100192,-3.1828137992654804
97.525,-64.99637933088566,0.05295508681496581,0.5959941251486428,0.31773239977519957,-1.2213227438025824,4.404136543097472,-3.1828137992656975
97.55000000000001,-64.99637933088638,0.05295508681496111,0.5959941251474131,0.3177323997751555,-1.2213227437997454,4.404136543094762,-3.182813799265915
97.575,-64.99637933088711,0.052955086814956434,0.5959941251461871,0.3177323997751116,-1.221322743796917,4.404136543092063,-3.1828137992661323
97.6,-64.99637933088783,0.05295508681495178,0.5959941251449647,0.31773239977506784,-1.2213227437940979,4.404136543089371,-3.18281379926635
97.625,-64.99637933088856,0.05295508681494713,0.5959941251437461,0.3177323997750242,-1.2213227437912864,4.404136543086686,-3.1828137992665675
97.65,-64.99637933088928,0.052955086814942494,0.595994125142531,0.31773239977498074,-1.2213227437884835,4.40413654308401,-3.1828137992667846
97.67500000000001,-64.99637933089001,0.052955086814937866,0.5959941251413197,0.31773239977493745,-1.2213227437856888,4.404136543081345,-3.1828137992670023
97.7,-64.99637933089072,0.05295508681493325,0.5959941251401119,0.31773239977489426,-1.2213227437829017,4.404136543078689,-3.1828137992672154
97.725,-64.99637933089143,0.0529550868149286,0.5959941251389077,0.31773239977485124,-1.22132274378012,4.404136543076043,-3.1828137992674286
97.75,-64.99637933089214,0.052955086814923974,0.5959941251377071,0.3177323997748083,-1.221322743777347,4.404136543073403,-3.1828137992676417
97.775,-64.99637933089285,0.05295508681491938,0.5959941251365102,0.3177323997747656,-1.221322743774584,4.404136543070772,-3.182813799267855
97.80000000000001,-64.99637933089356,0.05295508681491481,0.5959941251353168,0.317732399774723,-1.2213227437718297,4.404136543068151,-3.182813799268068
97.825,-64.99637933089427,0.05295508681491025,0.595994125134127,0.31773239977468054,-1.2213227437690835,4.404136543065535,-3.1828137992682812
97.85,-64.99637933089497,0.0529550868149057,0.5959941251329407,0.31773239977463824,-1.2213227437663452,4.4041365430629345,-3.18281379926849
97.875,-64.99637933089566,0.052955086814901214,0.595994125131758,0.3177323997745961,-1.2213227437636187,4.404136543060344,-3.182813799268699
97.9,-64.99637933089636,0.05295508681489675,0.5959941251305788,0.3177323997745541,-1.221322743760901,4.404136543057758,-3.182813799268908
97.92500000000001,-64.99637933089706,0.0529550868148923,0.5959941251294032,0.31773239977451223,-1.2213227437581913,4.4041365430551815,-3.1828137992691166
97.95,-64.99637933089775,0.05295508681488786,0.595994125128231,0.3177323997744705,-1.2213227437554894,4.404136543052611,-3.1828137992693257
97.975,-64.99637933089845,0.05295508681488341,0.5959941251270624,0.3177323997744289,-1.2213227437527943,4.404136543050051,-3.1828137992695344
98.0,-64.99637933089915,0.05295508681487898,0.5959941251258973,0.31773239977438744,-1.2213227437501077,4.404136543047497,-3.1828137992697436
98.025,-64.99637933089984,0.05295508681487457,0.5959941251247357,0.31773239977434614,-1.2213227437474292,4.4041365430449515,-3.1828137992699523
98.05000000000001,-64.99637933090052,0.05295508681487016,0.5959941251235775,0.317732399774305,-1.2213227437447582,4.404136543042421,-3.182813799270157
98.075,-64.9963793309012,0.052955086814865764,0.5959941251224229,0.317732399774264,-1.2213227437420953,4.404136543039895,-3.182813799270362
98.1,-64.99637933090189,0.05295508681486138,0.5959941251212717,0.31773239977422313,-1.2213227437394398,4.40413654303738,-3.182813799270566
98.125,-64.99637933090257,0.05295508681485702,0.595994125120124,0.3177323997741824,-1.2213227437367935,4.404136543034871,-3.182813799270771
98.15,-64.99637933090325,0.05295508681485266,0.5959941251189796,0.3177323997741418,-1.2213227437341543,4.4041365430323705,-3.1828137992709755
98.17500000000001,-64.99637933090393,0.05295508681484831,0.5959941251178387,0.31773239977410134,-1.2213227437315224,4.4041365430298764,-3.1828137992711802
98.2,-64.99637933090462,0.05295508681484397,0.5959941251167011,0.31773239977406104,-1.2213227437288983,4.404136543027392,-3.182813799271385
98.225,-64.9963793309053,0.052955086814839646,0.595994125115567,0.31773239977402085,-1.2213227437262824,4.404136543024913,-3.1828137992715893
98.25,-64.99637933090598,0.05295508681483532,0.5959941251144363,0.31773239977398077,-1.2213227437236733,4.404136543022441,-3.182813799271794
98.275,-64.99637933090665,0.05295508681483101,0.595994125113309,0.31773239977394085,-1.2213227437210714,4.404136543019983,-3.1828137992719943
98.30000000000001,-64.99637933090732,0.05295508681482671,0.595994125112185,0.31773239977390105,-1.2213227437184782,4.404136543017531,-3.182813799272195
98.325,-64.99637933090798,0.05295508681482242,0.5959941251110644,0.3177323997738614,-1.2213227437158924,4.404136543015088,-3.1828137992723953
98.35,-64.99637933090865,0.05295508681481814,0.5959941251099472,0.3177323997738219,-1.2213227437133136,4.404136543012652,-3.1828137992725956
98.375,-64.99637933090932,0.052955086814813826,0.5959941251088333,0.31773239977378254,-1.22132274371074,4.404136543010225,-3.182813799272796
98.4,-64.99637933090999,0.05295508681480954,0.5959941251077228,0.3177323997737433,-1.2213227437081744,4.404136543007803,-3.182813799272996
98.42500000000001,-64.99637933091066,0.05295508681480524,0.5959941251066155,0.31773239977370415,-1.2213227437056153,4.4041365430053885,-3.182813799273197
98.45,-64.99637933091132,0.052955086814800975,0.5959941251055116,0.3177323997736652,-1.221322743703065,4.404136543002983,-3.182813799273397
98.475,-64.99637933091199,0.05295508681479671,0.5959941251044111,0.31773239977362633,-1.2213227437005216,4.404136543000583,-3.1828137992735974
98.5,-64.99637933091265,0.05295508681479245,0.5959941251033137,0.3177323997735876,-1.2213227436979848,4.404136542998196,-3.1828137992737937
98.525,-64.9963793309133,0.05295508681478825,0.5959941251022197,0.317732399773549,-1.2213227436954595,4.404136542995817,-3.1828137992739896
98.55000000000001,-64.99637933091395,0.05295508681478406,0.5959941251011289,0.31773239977351053,-1.2213227436929412,4.404136542993443,-3.182813799274186
98.575,-64.9963793309146,0.05295508681477989,0.5959941251000415,0.3177323997734722,-1.221322743690431,4.404136542991077,-3.1828137992743817
98.6,-64.99637933091526,0.05295508681477572,0.5959941250989572,0.317732399773434,-1.2213227436879277,4.404136542988719,-3.182813799274578
98.625,-64.99637933091591,0.05295508681477156,0.5959941250978762,0.3177323997733959,-1.221322743685432,4.404136542986368,-3.1828137992747743
98.65,-64.99637933091657,0.05295508681476741,0.5959941250967984,0.31773239977335793,-1.221322743682943,4.404136542984023,-3.18281379927497
98.67500000000001,-64.99637933091722,0.05295508681476329,0.5959941250957238,0.31773239977332013,-1.2213227436804628,4.404136542981687,-3.1828137992751664
98.7,-64.99637933091788,0.05295508681475917,0.5959941250946524,0.31773239977328244,-1.221322743677989,4.404136542979359,-3.1828137992753622
98.725,-64.99637933091853,0.05295508681475504,0.5959941250935843,0.31773239977324486,-1.2213227436755214,4.404136542977034,-3.1828137992755585
98.75,-64.99637933091918,0.05295508681475093,0.5959941250925194,0.31773239977320744,-1.221322743673062,4.404136542974721,-3.182813799275755
98.775,-64.99637933091984,0.05295508681474682,0.5959941250914577,0.31773239977317014,-1.2213227436706087,4.404136542972412,-3.1828137992759507
98.80000000000001,-64.99637933092048,0.05295508681474271,0.5959941250903991,0.31773239977313295,-1.2213227436681617,4.404136542970115,-3.1828137992761425
98.825,-64.99637933092112,0.05295508681473861,0.5959941250893437,0.31773239977309586,-1.2213227436657221,4.404136542967825,-3.1828137992763343
98.85,-64.99637933092176,0.05295508681473453,0.5959941250882914,0.31773239977305895,-1.2213227436632903,4.404136542965543,-3.182813799276526
98.875,-64.9963793309224,0.05295508681473045,0.5959941250872424,0.31773239977302214,-1.221322743660865,4.404136542963268,-3.182813799276718
98.9,-64.99637933092303,0.05295508681472639,0.5959941250861964,0.31773239977298545,-1.2213227436584477,4.404136542960999,-3.18281379927691
98.92500000000001,-64.99637933092367,0.05295508681472234,0.5959941250851536,0.31773239977294887,-1.221322743656037,4.404136542958737,-3.1828137992771017
98.95,-64.99637933092431,0.05295508681471829,0.5959941250841139,0.31773239977291245,-1.2213227436536334,4.404136542956483,-3.1828137992772936
98.975,-64.99637933092495,0.05295508681471425,0.5959941250830773,0.31773239977287615,-1.2213227436512364,4.404136542954235,-3.1828137992774854
99.0,-64.99637933092559,0.052955086814710214,0.5959941250820437,0.31773239977283996,-1.2213227436488459,4.404136542951993,-3.1828137992776773
99.025,-64.99637933092623,0.05295508681470618,0.5959941250810133,0.3177323997728039,-1.2213227436464622,4.404136542949758,-3.182813799277869
99.05000000000001,-64.99637933092687,0.05295508681470215,0.5959941250799861,0.3177323997727679,-1.221322743644085,4.404136542947529,-3.182813799278061
99.075,-64.99637933092751,0.052955086814698134,0.5959941250789619,0.31773239977273204,-1.2213227436417151,4.404136542945307,-3.182813799278253
99.1,-64.99637933092815,0.05295508681469411,0.5959941250779407,0.31773239977269635,-1.2213227436393508,4.404136542943093,-3.1828137992784447
99.125,-64.99637933092879,0.05295508681469009,0.5959941250769226,0.31773239977266077,-1.2213227436369933,4.404136542940885,-3.1828137992786365
99.15,-64.99637933092941,0.05295508681468608,0.5959941250759075,0.3177323997726253,-1.2213227436346423,4.404136542938689,-3.1828137992788244
99.17500000000001,-64.99637933093004,0.05295508681468207,0.5959941250748956,0.31773239977258994,-1.2213227436322978,4.4041365429365,-3.1828137992790118
99.2,-64.99637933093067,0.05295508681467807,0.5959941250738866,0.3177323997725547,-1.2213227436299603,4.404136542934316,-3.182813799279199
99.225,-64.99637933093129,0.05295508681467408,0.5959941250728806,0.31773239977251955,-1.2213227436276288,4.404136542932138,-3.182813799279387
99.25,-64.99637933093192,0.0529550868146701,0.5959941250718777,0.3177323997724845,-1.2213227436253051,4.404136542929966,-3.1828137992795744
99.275,-64.99637933093254,0.05295508681466613,0.5959941250708778,0.3177323997724496,-1.221322743622988,4.404136542927802,-3.1828137992797623
99.30000000000001,-64.99637933093317,0.05295508681466216,0.5959941250698809,0.3177323997724148,-1.2213227436206773,4.404136542925642,-3.1828137992799497
99.325,-64.99637933093379,0.05295508681465821,0.5959941250688869,0.31773239977238016,-1.2213227436183733,4.404136542923492,-3.182813799280137
99.35,-64.99637933093442,0.052955086814654245,0.595994125067896,0.31773239977234563,-1.2213227436160752,4.404136542921348,-3.182813799280325
99.375,-64.99637933093504,0.052955086814650304,0.595994125066908,0.3177323997723112,-1.2213227436137846,4.40413654291921,-3.1828137992805123
99.4,-64.99637933093567,0.052955086814646314,0.595994125065923,0.3177323997722769,-1.2213227436114966,4.40413654291708,-3.1828137992807
99.42500000000001,-64.99637933093629,0.05295508681464233,0.5959941250649409,0.3177323997722427,-1.221322743609215,4.404136542914954,-3.1828137992808876
99.45,-64.99637933093692,0.05295508681463835,0.5959941250639618,0.31773239977220863,-1.2213227436069398,4.404136542912835,-3.182813799281075
99.475,-64.99637933093754,0.05295508681463438,0.5959941250629855,0.31773239977217466,-1.2213227436046714,4.404136542910722,-3.182813799281263
99.5,-64.99637933093815,0.05295508681463042,0.5959941250620123,0.3177323997721408,-1.2213227436024094,4.404136542908619,-3.1828137992814463
99.525,-64.99637933093877,0.052955086814626476,0.595994125061042,0.31773239977210704,-1.2213227436001548,4.404136542906524,-3.182813799281629
99.55000000000001,-64.99637933093938,0.052955086814622535,0.5959941250600745,0.3177323997720734,-1.221322743597906,4.4041365429044355,-3.1828137992818126
99.575,-64.99637933093999,0.052955086814618656,0.59599412505911,0.3177323997720399,-1.2213227435956677,4.404136542902352,-3.182813799281996
99.6,-64.9963793309406,0.05295508681461477,0.5959941250581483,0.31773239977200646,-1.2213227435934346,4.404136542900274,-3.1828137992821794
99.625,-64.99637933094121,0.052955086814610905,0.5959941250571895,0.31773239977197315,-1.2213227435912088,4.404136542898204,-3.182813799282363
99.65,-64.99637933094182,0.05295508681460704,0.5959941250562336,0.31773239977193996,-1.221322743588989,4.40413654289614,-3.182813799282546
99.67500000000001,-64.99637933094243,0.05295508681460318,0.5959941250552806,0.31773239977190687,-1.2213227435867757,4.404136542894081,-3.1828137992827292
99.7,-64.99637933094304,0.052955086814599324,0.5959941250543304,0.3177323997718739,-1.221322743584568,4.4041365428920285,-3.1828137992829126
99.725,-64.99637933094365,0.052955086814595466,0.595994125053383,0.31773239977184103,-1.2213227435823661,4.404136542889981,-3.182813799283096
99.75,-64.99637933094427,0.05295508681459163,0.5959941250524385,0.3177323997718083,-1.2213227435801715,4.404136542887942,-3.1828137992832795
99.775,-64.99637933094488,0.052955086814587785,0.5959941250514968,0.3177323997717756,-1.2213227435779825,4.4041365428859045,-3.1828137992834624
99.80000000000001,-64.99637933094549,0.05295508681458395,0.595994125050558,0.317732399771743,-1.2213227435757996,4.404136542883874,-3.182813799283646
99.825,-64.9963793309461,0.05295508681458011,0.595994125049622,0.3177323997717105,-1.2213227435736227,4.40413654288185,-3.1828137992838292
99.85,-64.99637933094671,0.05295508681457627,0.5959941250486888,0.31773239977167816,-1.2213227435714509,4.40413654287983,-3.1828137992840126
99.875,-64.99637933094732,0.05295508681457244,0.5959941250477583,0.3177323997716459,-1.221322743569286,4.404136542877818,-3.182813799284196
99.9,-64.99637933094793,0.05295508681456861,0.5959941250468307,0.31773239977161377,-1.2213227435671263,4.404136542875812,-3.182813799284379
99.92500000000001,-64.99637933094854,0.05295508681456479,0.5959941250459059,0.31773239977158174,-1.2213227435649734,4.404136542873812,-3.1828137992845624
99.95,-64.99637933094915,0.05295508681456096,0.5959941250449838,0.3177323997715498,-1.221322743562825,4.404136542871818,-3.182813799284746
99.975,-64.99637933094976,0.05295508681455713,0.5959941250440646,0.317732399771518,-1.2213227435606828,4.40413654286983,-3.1828137992849292
100.0,-64.99637933095038,0.0529550868145533,0.595994125043148,0.31773239977148626,-1.2213227435585463,4.404136542867845,-3.1828137992851127
