time_ms,voltage_mV,m,h,n,INa_uA_cm2,IK_uA_cm2,IL_uA_cm2
0.0,-65.0,0.05293248525724958,0.5961207535084603,0.3176769140606974,-0.0,4.399733467282938,-3.1839
0.025,-65.03014346102401,0.05292286847064809,0.5961223030018157,0.31767585529999137,-0.0,4.388623027935281,-3.192943038307203
0.05,-65.05978582742007,0.052895532924888355,0.5961269085231262,0.31767271036388717,-0.0,4.377581610033522,-3.201835748226021
0.07500000000000001,-65.08893257994455,0.05285258170291302,0.5961345063573382,0.31766752573456125,-0.0,4.366610604895257,-3.210579773983366
0.1,-65.11758919201345,0.05279590943260754,0.5961450337442094,0.31766034718462904,-0.0,4.355711320767658,-3.219176757604036
0.125,-65.14576112772126,0.05272722198619333,0.5961584288667582,0.31765121978493693,-0.0,4.3448849854711185,-3.2276283383163773
0.15000000000000002,-65.17345383993988,0.05264805437376686,0.5961746308397988,0.3176401879123546,-0.0,4.334132748990145,-3.235936151981964
0.17500000000000002,-65.20067276849566,0.0525597869913526,0.596193579698561,0.317627295257563,-0.0,4.323455686011169,-3.2441018305486993
0.2,-65.22742333842254,0.05246366037012974,0.5962152163873979,0.3176125848328344,-0.0,4.312854798407089,-3.2521270015267616
0.225,-65.25371095828943,0.052360788560901476,0.5962394827485822,0.31759609897980023,-0.0,4.302331017668407,-3.2600132874868293
0.25,-65.27954101860006,0.05225217127631646,0.5962663215111919,0.3175778793772035,-0.0,4.291885207280906,-3.2677623055800167
0.275,-65.30491889026327,0.052138704902742326,0.5962956762800867,0.3175579670486318,-0.0,4.281518165049918,-3.2753756670789795
0.30000000000000004,-65.32984992313199,0.05202119248396205,0.5963274915249768,0.3175364023702285,-0.0,4.271230625371348,-3.2828549769395963
0.325,-65.35433944460905,0.05190035276994261,0.5963617125695825,0.3175132250783779,-0.0,4.261023261449579,-3.290201833382716
0.35000000000000003,-65.37839275831793,0.05177682841575093,0.5963982855808887,0.31748847427736226,-0.0,4.2508966874626015,-3.2974178274953787
0.375,-65.40201514283676,0.05165119340820335,0.5964371575584921,0.3174621884469875,-0.0,4.240851460674633,-3.304504542851028
0.4,-65.42521185049374,0.05152395979098033,0.5964782763240438,0.31743440545017504,-0.0,4.230888083496643,-3.3114635551481215
0.42500000000000004,-65.44798810622224,0.051395583752663884,0.5965215905107861,0.3174051625405174,-0.0,4.221007005495212,-3.318296431866672
0.45,-65.47034910647382,0.05126647113641538,0.5965670495531854,0.317374496369795,-0.0,4.211208625350225,-3.3250047319421454
0.47500000000000003,-65.49230001818752,0.05113698242476521,0.5966146036766605,0.3173424429954516,-0.0,4.201493292761906,-3.331590005456256
0.5,-65.51384597781374,0.05100743724818918,0.5966642038874077,0.31730903788802767,-0.0,4.191861310307781,-3.338053793344123
0.525,-65.53499209039104,0.05087811846176434,0.5967158019623217,0.31727431593854766,-0.0,4.182312935250173,-3.3443976271173126
0.55,-65.55574342867418,0.05074927583019746,0.5967693504390134,0.31723831146586123,-0.0,4.1728483812949095,-3.3506230286022527
0.5750000000000001,-65.57610503231197,0.05062112935786495,0.5968248026059253,0.31720105822393563,-0.0,4.163467820301843,-3.3567315096935912
0.6000000000000001,-65.59608190707327,0.05049387229717202,0.5968821124925426,0.3171625894090977,-0.0,4.154171383947947,-3.3627245721219805
0.625,-65.61567902411947,0.05036767386549857,0.5969412348597024,0.3171229376672246,-0.0,4.1449591653437095,-3.3686037072358417
0.65,-65.63490131932232,0.05024268169822772,0.5970021251899992,0.31708213510088123,-0.0,4.135831220603525,-3.374370395796697
0.675,-65.65375369262519,0.05011902406282733,0.5970647396782881,0.3170402132764032,-0.0,4.126787570370908,-3.380026107787556
0.7000000000000001,-65.67224100744664,0.0499968118566544,0.5971290352222843,0.3169972032309243,-0.0,4.117828201299269,-3.3855723022339927
0.7250000000000001,-65.69036809012484,0.049876140409055365,0.5971949694132601,0.3169531354793474,-0.0,4.108953067489073,-3.3910104270374504
0.75,-65.7081397294012,0.04975709110642899,0.5972625005268377,0.31690804002125744,-0.0,4.100162091882182,-3.3963419188203585
0.775,-65.72556067594229,0.04963973285718146,0.5973315875138796,0.31686194634777576,-0.0,4.091455167614194,-3.401568202782687
0.8,-65.74263564189837,0.04952412341192507,0.5974021899914744,0.316814883448355,-0.0,4.082832159325602,-3.406690692569512
0.8250000000000001,-65.7593693004974,0.04941031055283466,0.5974742682340192,0.3167668798175137,-0.0,4.074292904432618,-3.4117107901492187
0.8500000000000001,-65.77576628567319,0.04929833316477099,0.5975477831643968,0.31671796346151,-0.0,4.065837214358509,-3.4166298857019552
0.875,-65.79183119172662,0.04918822219959421,0.5976226963452501,0.3166681619049531,-0.0,4.0574648757262075,-3.4214493575179845
0.9,-65.80756857301856,0.04908000154401219,0.5976989699703497,0.3166175021973535,-0.0,4.0491756515131465,-3.426170571905567
0.925,-65.82298294369336,0.04897368880033007,0.5977765668560573,0.31656601091960973,-0.0,4.0409692821690815,-3.430794883108008
0.9500000000000001,-65.83807877743183,0.04886929598857894,0.5978554504328831,0.316513714190432,-0.0,4.032845486697745,-3.4353236332295496
0.9750000000000001,-65.85286050723256,0.048766830177695085,0.5979355847371374,0.31646063767270294,-0.0,4.024803963703204,-3.4397581521697687
1.0,-65.8673325252205,0.04866629405268929,0.5980169344026749,0.3164068065797736,-0.0,4.016844392401689,-3.444099757566151
1.0250000000000001,-65.88149918248175,0.04856768642408359,0.598099464652733,0.316352245681696,-0.0,4.008966433599794,-3.4483497547445237
1.05,-65.89536478892349,0.04847100268528908,0.598183141291862,0.316296979311391,-0.0,4.001169730639809,-3.452509436677046
1.075,-65.90893361315824,0.04837623522305497,0.5982679306979474,0.31624103137075177,-0.0,3.993453910312993,-3.456580083947472
1.1,-65.92220988241117,0.04828337378562467,0.5983537998143234,0.31618442533668256,-0.0,3.9858185837416618,-3.46056296472335
1.125,-65.93519778244979,0.048192405812785694,0.5984407161419781,0.3161271842670727,-0.0,3.9782633472307842,-3.464459334734937
1.1500000000000001,-65.94790145753497,0.04810331673159705,0.5985286477318487,0.316069330806706,-0.0,3.9707877830899814,-3.46827043726049
1.175,-65.96032501039247,0.04801609022120909,0.5986175631772057,0.31601088719310527,-0.0,3.963391460426592,-3.47199750311774
1.2000000000000002,-65.97247250220404,0.04793070844985919,0.598707431606128,0.315951875262312,-0.0,3.9560739359106747,-3.4756417506612123
1.225,-65.98434795261734,0.04784715228682668,0.5987982226740652,0.31589231645460175,-0.0,3.9488347545126468,-3.479204385785202
1.25,-65.99595533977379,0.047765401491857665,0.5988899065564882,0.3158322318201348,-0.0,3.941673450214304,-3.482686601932136
1.2750000000000001,-66.0072986003536,0.04768543488432505,0.5989824539416279,0.3157716420245422,-0.0,3.934589546693973,-3.4860895801060776
1.3,-66.01838162963725,0.04760723049416699,0.5990758360232994,0.31571056735444814,-0.0,3.9275825579865127,-3.489414488891174
1.3250000000000002,-66.0292082815826,0.04753076569644551,0.5991700244938138,0.3156490277229277,-0.0,3.920651989118877,-3.492662484474779
1.35,-66.03978236891697,0.04745601733118598,0.5992649915369742,0.3155870426749014,-0.0,3.9137973367219203,-3.495834710675092
1.375,-66.05010766324351,0.047382961809994004,0.5993607098211567,0.3155246313924658,-0.0,3.907018089619142,-3.4989322989730525
1.4000000000000001,-66.06018789516106,0.04731157521079789,0.5994571524924762,0.315461812700161,-0.0,3.900313729393053,-3.5019563685483193
1.425,-66.07002675439712,0.04724183336193177,0.5995542931680345,0.3153986050701754,-0.0,3.893683730929797,-3.5049080263191357
1.4500000000000002,-66.07962788995295,0.04717371191665277,0.5996521059292521,0.3153350266274875,-0.0,3.8871275629426782,-3.5077883669858836
1.475,-66.08899491026048,0.047107186419077476,0.5997505653152814,0.3152710951549457,-0.0,3.880644688475263,-3.510598473078144
1.5,-66.09813138335028,0.04704223236242439,0.5998496463165014,0.3152068280982861,-0.0,3.874234565384628,-3.5133394150050834
1.5250000000000001,-66.1070408370301,0.046978825240359644,0.5999493243680932,0.31514224257108864,-0.0,3.867896646805366,-3.516012251109029
1.55,-66.11572675907335,0.046916940592165085,0.600049575343695,0.3150773553596726,-0.0,3.8616303815949937,-3.518618027722006
1.5750000000000002,-66.12419259741712,0.046856554042372975,0.6001503755491362,0.3150121829279306,-0.0,3.855435214761261,-3.521157779225136
1.6,-66.13244176036906,0.04679764133544949,0.6002517017162506,0.31494674142210327,-0.0,3.8493105878720004,-3.5236325281107184
1.625,-66.14047761682278,0.04674017836604799,0.6003535309967666,0.31488104667549327,-0.0,3.8432559394480252,-3.5260432850468333
1.6500000000000001,-66.14830349648113,0.04668414120530239,0.6004558409562745,0.31481511421312036,-0.0,3.837270705339647,-3.5283910489443397
1.675,-66.15592269008712,0.046629506123581445,0.6005586095682705,0.31474895925631735,-0.0,3.8313543190872994,-3.5306768070261367
1.7000000000000002,-66.16333844966178,0.04657624961008365,0.6006618152082756,0.3146825967272678,-0.0,3.825506212266836,-3.5329015348985338
1.725,-66.17055398874872,0.04652434838961264,0.6007654366480296,0.31461604125348563,-0.0,3.819725814819955,-3.535066196624616
1.75,-66.1775724826649,0.04647377943683859,0.6008694530497595,0.3145493071722373,-0.0,3.8140125553702813,-3.5371717447994695
1.7750000000000001,-66.18439706875725,0.046424519988320354,0.6009738439605198,0.31448240853490694,-0.0,3.808365861525534,-3.5392191206271746
1.8,-66.19103084666466,0.04637654755253392,0.6010785893066071,0.3144153591113053,-0.0,3.802785160166309,-3.541209253999398
1.8250000000000002,-66.19747687858514,0.046329839918128744,0.6011836693880453,0.3143481723939224,-0.0,3.7972698777218583,-3.5431430635755405
1.85,-66.20373818954758,0.04628437516060911,0.6012890648731427,0.31428086160212493,-0.0,3.791819440433372,-3.5450214568642733
1.875,-66.20981776768801,0.04624013164761905,0.6013947567931183,0.314213439686299,-0.0,3.7864332746051397,-3.5468453303064025
1.9000000000000001,-66.21571856452981,0.04619708804298921,0.6015007265367989,0.3141459193319381,-0.0,3.7811108068440302,-3.5486155693589425
1.925,-66.22144349526768,0.04615522330968869,0.601606955845384,0.3140783129636775,-0.0,3.7758514642877183,-3.550333048580303
1.9500000000000002,-66.22699543905506,0.04611451671180947,0.6017134268072801,0.3140106327492754,-0.0,3.770654674821989,-3.5519986317165175
1.975,-66.23237723929464,0.04607494781569771,0.6018201218530007,0.31394289060354114,-0.0,3.765519867287587,-3.5536131717883905
2.0,-66.23759170393176,0.046036496490334304,0.6019270237501342,0.31387509819221154,-0.0,3.7604464716769024,-3.5551775111795263
2.025,-66.24264160575035,0.04599914290705603,0.6020341155983773,0.3138072669357754,-0.0,3.7554339193209336,-3.5566924817251047
2.0500000000000003,-66.24752968267128,0.04596286753869953,0.6021413808246335,0.31373940801324657,-0.0,3.750481643066782,-3.558158904801385
2.075,-66.25225863805271,0.0459276511582408,0.6022488031781764,0.31367153236588735,-0.0,3.7455890774461245,-3.5595775914158123
2.1,-66.25683114099226,0.04589347483699575,0.6023563667258758,0.31360365070088103,-0.0,3.7407556588349298,-3.560949342297678
2.125,-66.26124982663093,0.04586031994244017,0.6024640558474879,0.3135357734949554,-0.0,3.735980825604743,-3.562274947989279
2.15,-66.26551729645824,0.045828168135700884,0.6025718552310072,0.3134679109979574,-0.0,3.7312640182658865,-3.5635551889374724
2.1750000000000003,-66.26963611861872,0.04579700136876465,0.6026797498680803,0.3134000732363791,-0.0,3.726604679602829,-3.5647908355856157
2.2,-66.27360882821925,0.045766801881446155,0.6027877250494796,0.3133322700168363,-0.0,3.7220022548020704,-3.5659826484657757
2.225,-66.27743792763731,0.045737552198151794,0.6028957663606388,0.31326451092949964,-0.0,3.7174561915727846,-3.5671313782911924
2.25,-66.28112588682976,0.0457092351244717,0.6030038596772461,0.31319680535147915,-0.0,3.712965940260508,-3.5682377660489264
2.275,-66.2846751436421,0.045681833743629545,0.6031119911608975,0.31312916245016237,-0.0,3.7085309539541584,-3.5693025430926313
2.3000000000000003,-66.28808810411805,0.04565533141281573,0.6032201472548072,0.31306159118650734,-0.0,3.7041506885866133,-3.5703264312354137
2.325,-66.2913671428091,0.04562971175942658,0.603328314679576,0.31299410031829006,-0.0,3.6998246030291218,-3.571310142842728
2.35,-66.2945146030842,0.04560495867722988,0.603436480429016,0.31292669840330767,-0.0,3.6955521591797713,-3.5722543809252585
2.375,-66.29753279743915,0.04558105632247515,0.6035446317660313,0.3128593938025375,-0.0,3.691332822046275,-3.5731598392317436
2.4000000000000004,-66.30042400780572,0.04555798910996385,0.6036527562185544,0.3127921946832529,-0.0,3.687166059823264,-3.5740272023417146
2.4250000000000003,-66.30319048586028,0.04553574170909371,0.6037608415755364,0.3127251090220959,-0.0,3.683051343964354,-3.574857145758085
2.45,-66.30583445333194,0.04551429903988932,0.6038688758829924,0.3126581446081075,-0.0,3.67898814924915,-3.575650335999582
2.475,-66.30835810230985,0.04549364626903015,0.6039768474400989,0.31259130904571625,-0.0,3.674975953845429,-3.5764074306929556
2.5,-66.31076359554989,0.04547376880588464,0.6040847447953449,0.3125246097576854,-0.0,3.671014239366684,-3.577129078664966
2.5250000000000004,-66.31305306678023,0.04545465229855963,0.6041925567427342,0.3124580539880191,-0.0,3.6671024909252288,-3.5778159200340682
2.5500000000000003,-66.31522862100607,0.04543628262997116,0.6043002723180398,0.31239164880482834,-0.0,3.6632401971810378,-3.578468586301821
2.575,-66.31729233481313,0.04541864591394396,0.6044078807951083,0.3123254011031572,-0.0,3.6594268503865286,-3.579087700443939
2.6,-66.31924625667003,0.04540172849134379,0.604515371682215,0.3122593176077696,-0.0,3.6556619464273976,-3.579673877001008
2.625,-66.3210924072293,0.04538551692624876,0.6046227347184678,0.3121934048758974,-0.0,3.651944984859772,-3.58022772216879
2.6500000000000004,-66.3228327796271,0.045369998002161675,0.6047299598702607,0.31212766929995023,-0.0,3.648275468943747,-3.5807498338881314
2.6750000000000003,-66.32446933978144,0.045355158718268854,0.6048370373277746,0.31206211711018705,-0.0,3.6446529056735213,-3.5812408019344333
2.7,-66.3260040266889,0.04534098628574619,0.6049439575015267,0.3119967543773511,-0.0,3.641076805804244,-3.5817012080066717
2.725,-66.32743875271977,0.04532746812411645,0.6050507110189661,0.3119315870152674,-0.0,3.6375466838757733,-3.5821316258159315
2.75,-66.32877540391148,0.045314591857658404,0.6051572887211161,0.3118666207834043,-0.0,3.6340620582334244,-3.5825326211734434
2.7750000000000004,-66.33001584026044,0.04530234531187073,0.605263681659262,0.31180186128939885,-0.0,3.630622451045862,-3.5829047520781327
2.8000000000000003,-66.331161896012,0.045290716509990274,0.605369881091685,0.3117373139915467,-0.0,3.627227388320299,-3.5832485688036013
2.825,-66.33221537994864,0.04527969366956717,0.6054758784804393,0.3116729842012575,-0.0,3.623876399915095,-3.5835646139845907
2.85,-66.33317807567623,0.04526926519909623,0.6055816654881744,0.31160887708547536,-0.0,3.6205690195498716,-3.5838534227028687
2.875,-66.3340517419085,0.045259419694706086,0.6056872339750007,0.31154499766906535,-0.0,3.6173047848132884,-3.5841155225725485
2.9000000000000004,-66.33483811274941,0.04525014593690543,0.6057925759953973,0.31148135083716655,-0.0,3.6140832371685634,-3.5843514338248226
2.9250000000000003,-66.33553889797359,0.04524143288738696,0.605897683795163,0.3114179413375118,-0.0,3.61090392195688,-3.584561669392077
2.95,-66.33615578330478,0.045233269685889164,0.6060025498084086,0.31135477378271503,-0.0,3.6077663883987356,-3.5847467349914326
2.975,-66.33669043069206,0.04522564564711489,0.6061071666545906,0.31129185265252585,-0.0,3.6046701895933966,-3.5849071292076173
3.0,-66.3371444785842,0.045218550257707206,0.6062115271355855,0.3112291822960528,-0.0,3.6016148825164818,-3.585043343575258
3.0250000000000004,-66.33751954220162,0.04521197317328178,0.6063156242328043,0.3111667669339548,-0.0,3.5986000280158423,-3.5851558626604856
3.0500000000000003,-66.33781721380645,0.045205904215515194,0.6064194511043471,0.31110461066060185,-0.0,3.5956251908057646,-3.5852451641419334
3.075,-66.33803906297017,0.04520033336928878,0.606523001082196,0.31104271744620526,-0.0,3.592689939459641,-3.58531171889105
3.1,-66.33818663683925,0.04519525077988742,0.606626267669447,0.31098109113891736,-0.0,3.5897938464011245,-3.585355991051776
3.125,-66.33826146039844,0.04519064675025192,0.6067292445375804,0.3109197354669016,-0.0,3.586936487893899,-3.5853784381195326
3.1500000000000004,-66.33826503673187,0.04518651173828556,0.6068319255237677,0.31085865404037366,-0.0,3.5841174440301384,-3.5853795110195605
3.1750000000000003,-66.33819884728186,0.04518283635421246,0.6069343046282172,0.310797850353613,-0.0,3.5813362987176927,-3.5853596541845576
3.2,-66.33806435210553,0.045179611357988016,0.6070363760115542,0.31073732778694635,-0.0,3.5785926396660996,-3.5853193056316597
3.225,-66.3378629901291,0.04517682765676035,0.6071381339922394,0.3106770896087028,-0.0,3.5758860583714975,-3.5852588970387287
3.25,-66.33759617939982,0.04517447630238159,0.607239573044021,0.31061713897714127,-0.0,3.5732161501004684,-3.585178853819947
3.2750000000000004,-66.33726531733575,0.04517254848896841,0.6073406877934233,0.3105574789423501,-0.0,3.570582513872921,-3.5850795952007246
3.3000000000000003,-66.33687178097311,0.04517103555051094,0.6074414730172696,0.3104981124481203,-0.0,3.5679847524440227,-3.5849615342919336
3.325,-66.33641692721142,0.04516992895852894,0.6075419236402387,0.3104390423337917,-0.0,3.5654224722852823,-3.584825078163425
3.35,-66.33590209305619,0.045169220319774495,0.6076420347324565,0.3103802713360727,-0.0,3.562895283564824,-3.584670627916857
3.375,-66.33532859585948,0.04516890137398049,0.607741801507119,0.31032180209083454,-0.0,3.5604028001268926,-3.584498578757844
3.4000000000000004,-66.33469773355799,0.04516896399165343,0.60784121931815,0.3102636371348795,-0.0,3.5579446394706418,-3.5843093200673963
3.4250000000000003,-66.33401078490888,0.04516940017191047,0.6079402836578904,0.31020577890768397,-0.0,3.5555204227282866,-3.5841032354726647
3.45,-66.33326900972335,0.04517020204035903,0.6080389901548191,0.310148229753117,-0.0,3.55312977464262,-3.5838807029170057
3.475,-66.33247364909779,0.045171361847018636,0.6081373345713061,0.31009099192113376,-0.0,3.55077232354397,-3.5836420947293375
3.5,-66.33162592564267,0.04517287196428386,0.6082353128013966,0.31003406756944507,-0.0,3.5484477013266478,-3.5833877776928005
3.5250000000000004,-66.33072704370916,0.0451747248849276,0.6083329208686254,0.3099774587651629,-0.0,3.5461555434248697,-3.583118113112748
3.5500000000000003,-66.32977818961344,0.04517691322014373,0.6084301549238621,0.3099211674864227,-0.0,3.543895488788274,-3.5828334568840305
3.575,-66.32878053185864,0.04517942969762842,0.6085270112431856,0.30986519562398174,-0.0,3.5416671798570136,-3.582534159557592
3.6,-66.32773522135463,0.04518226715969921,0.6086234862257889,0.30980954498279545,-0.0,3.53947026253647,-3.5822205664063884
3.625,-66.32664339163543,0.045185418561450974,0.608719576391912,0.3097542172835703,-0.0,3.5373043861716282,-3.5818930174906285
3.6500000000000004,-66.32550615907438,0.04518887696894809,0.6088152783808043,0.3096992141642949,-0.0,3.5351692035211646,-3.5815518477223134
3.6750000000000003,-66.32432462309708,0.04519263555745208,0.608910588948715,0.3096445371817491,-0.0,3.5330643707312315,-3.581197386929125
3.7,-66.32309986639207,0.0451966876096836,0.6090055049669111,0.3095901878129911,-0.0,3.530989547309023,-3.580829959917621
3.725,-66.3218329551192,0.045201026514118316,0.6091000234197235,0.3095361674568233,-0.0,3.528944396096109,-3.5804498865357615
3.75,-66.32052493911597,0.04520564576331605,0.6091941414026198,0.30948247743523727,-0.0,3.5269285832415704,-3.5800574817347908
3.7750000000000004,-66.3191768521014,0.045210538952281894,0.6092878561203044,0.3094291189948376,-0.0,3.5249417781749885,-3.579653055630422
3.8000000000000003,-66.31778971187794,0.04521569977685927,0.6093811648848443,0.3093760933082454,-0.0,3.522983653579296,-3.5792369135633804
3.825,-66.316364520531,0.04522112203215377,0.6094740651138216,0.3093234014754815,-0.0,3.521053885363484,-3.5788093561592986
3.85,-66.31490226462645,0.04522679961098706,0.6095665543285118,0.30927104452532955,-0.0,3.519152152635246,-3.578370679387936
3.875,-66.31340391540591,0.045232726502380624,0.6096586301520868,0.3092190234166799,-0.0,3.5172781376735336,-3.577921174621774
3.9000000000000004,-66.31187042897986,0.04523889679006807,0.6097502903078436,0.3091673390398533,-0.0,3.515431525901053,-3.5774611286939573
3.9250000000000003,-66.31030274651867,0.04524530465103581,0.6098415326174574,0.30911599221790603,-0.0,3.513612005856736,-3.5769908239556014
3.95,-66.30870179444152,0.0452519443540914,0.6099323549992592,0.3090649837079162,-0.0,3.5118192691682064,-3.5765105383324554
3.975,-66.30706848460319,0.045258810258458675,0.6100227554665373,0.3090143142022506,-0.0,3.510053010524204,-3.5760205453809575
4.0,-66.30540371447877,0.04526589681239944,0.6101127321258623,0.3089639843298143,-0.0,3.5083129276470917,-3.575521114343631
4.025,-66.30370836734635,0.04527319855186058,0.6102022831754363,0.3089139946572812,-0.0,3.5065987212653327,-3.5750125102039036
4.05,-66.30198331246758,0.045280710099146824,0.6102914069034644,0.308864345690307,-0.0,3.5049100950860463,-3.574494993740275
4.075,-66.30022940526632,0.04528842616161772,0.610380101686549,0.3088150378747249,-0.0,3.503246755767626,-3.5739688215798964
4.1000000000000005,-66.29844748750513,0.04529634153040892,0.6104683659881072,0.3087660715977231,-0.0,3.5016084128924096,-3.5734342462515385
4.125,-66.29663838745985,0.04530445107917681,0.6105561983568094,0.30871744718900596,-0.0,3.499994778939464,-3.572891516237955
4.15,-66.29480292009221,0.045312749762866276,0.610643597425041,0.3086691649219376,-0.0,3.4984055692574443,-3.5723408760276625
4.175,-66.29294188722042,0.045321232616500846,0.6107305619073844,0.3086212250146691,-0.0,3.49684050203756,-3.5717825661661267
4.2,-66.29105607768784,0.04532989475399478,0.6108170905991229,0.3085736276312493,-0.0,3.49529929828669,-3.571216823306352
4.2250000000000005,-66.28914626752973,0.045338731366986726,0.610903182374766,0.30852637288271895,-0.0,3.4937816818005807,-3.570643880258919
4.25,-66.28721322013807,0.045347737723694354,0.6109888361865944,0.3084794608281894,-0.0,3.492287379137224,-3.570063966041421
4.275,-66.28525768642452,0.04535690916778931,0.6110740510632261,0.3084328914759048,-0.0,3.4908161195903418,-3.569477305927354
4.3,-66.28328040498144,0.0453662411172925,0.6111588261082029,0.30838666478428944,-0.0,3.4893676351630556,-3.5688841214944316
4.325,-66.28128210224116,0.045375729063488864,0.6112431604985962,0.308340780662979,-0.0,3.487941660541693,-3.568284630672349
4.3500000000000005,-66.27926349263328,0.045385368569861216,0.6113270534836324,0.30829523897383704,-0.0,3.4865379330697848,-3.5676790477899827
4.375,-66.2772252787402,0.04539515527104305,0.6114105043833383,0.30825003953195645,-0.0,3.4851561927222123,-3.567067583622061
4.4,-66.27516815145097,0.045405084871789424,0.6114935125872054,0.3082051821066461,-0.0,3.483796182079544,-3.5664504454352906
4.425,-66.2730927901131,0.04541515314596594,0.6115760775528722,0.3081606664224027,-0.0,3.482457646302564,-3.565827837033929
4.45,-66.27099986268284,0.04542535593555522,0.6116581988048264,0.3081164921598687,-0.0,3.481140333106979,-3.5651999588048526
4.4750000000000005,-66.26889002587359,0.045435689149680415,0.6117398759331245,0.3080726589567756,-0.0,3.479843992738331,-3.564567007762076
4.5,-66.2667639253026,0.04544614876364547,0.6118211085921299,0.3080291664088735,-0.0,3.478568377947086,-3.5639291775907793
4.525,-66.26462219563597,0.04545673081799202,0.6119018964992691,0.30798601407084686,-0.0,3.4773132439639642,-3.563286658690789
4.55,-66.26246546073192,0.045467431417571806,0.6119822394338048,0.3079432014572163,-0.0,3.476078348475439,-3.562639638219575
4.575,-66.26029433378244,0.04547824673063531,0.6120621372356271,0.30790072804322755,-0.0,3.4748634515994654,-3.5619883001347317
4.6000000000000005,-66.25810941745323,0.045489172987935325,0.6121415898040615,0.30785859326572645,-0.0,3.4736683158614183,-3.5613328252359677
4.625,-66.255911304022,0.045500206481845606,0.6122205970966941,0.3078167965240216,-0.0,3.4724927061702378,-3.5606733912066018
4.65,-66.25370057551523,0.04551134356549434,0.6122991591282131,0.30777533718073335,-0.0,3.4713363897947933,-3.560010172654567
4.675,-66.25147780384313,0.045522580651911705,0.6123772759692672,0.30773421456263067,-0.0,3.470199136340477,-3.559343341152939
4.7,-66.24924355093324,0.045533914213191584,0.6124549477453402,0.3076934279614551,-0.0,3.469080717726014,-3.5586730652799727
4.7250000000000005,-66.24699836886231,0.04554534077966705,0.6125321746356415,0.30765297663473246,-0.0,3.4679809081604827,-3.557999510658692
4.75,-66.24474279998664,0.04555685693909909,0.6126089568720124,0.30761285980657227,-0.0,3.4668994841205736,-3.5573228399959915
4.775,-66.24247737707095,0.04556845933587874,0.6126852947378488,0.30757307666845507,-0.0,3.4658362243280614,-3.556643213121286
4.800000000000001,-66.2402026234157,0.04558014467024179,0.6127611885670379,0.307533626380008,-0.0,3.4647909097275096,-3.555960787024709
4.825,-66.2379190529828,0.04559190969749615,0.6128366387429113,0.3074945080697683,-0.0,3.463763323464202,-3.5552757158948407
4.8500000000000005,-66.23562717052006,0.0456037512272617,0.6129116456972131,0.3074557208359357,-0.0,3.4627532508622876,-3.5545881511560182
4.875,-66.23332747168391,0.04561566612272191,0.6129862099090824,0.30741726374711276,-0.0,3.4617604794031736,-3.553898241505172
4.9,-66.23102044316086,0.0456276512998873,0.6130603319040501,0.30737913584303445,-0.0,3.460784798704121,-3.553206132948257
4.925000000000001,-66.22870656278745,0.04563970372687077,0.6131340122530514,0.3073413361352864,-0.0,3.4598260004970856,-3.552511968836235
4.95,-66.22638629966879,0.045651820423173645,0.6132072515714514,0.30730386360801215,-0.0,3.4588838786077685,-3.5518158899006367
4.9750000000000005,-66.22406011429564,0.0456639984589833,0.6132800505180851,0.3072667172186094,-0.0,3.4579582289349102,-3.5511180342886917
5.0,-66.22172845866022,0.04567623495448126,0.6133524097943117,0.3072298958984158,-0.0,3.4570488494297886,-3.5504185375980666
5.025,-66.21939177637054,0.04568852707916199,0.6134243301430822,0.3071933985533843,-0.0,3.4561555400759616,-3.5497175329111625
5.050000000000001,-66.21705050276341,0.045700872051162154,0.6134958123480205,0.3071572240647475,-0.0,3.4552781028692223,-3.5490151508290237
5.075,-66.21470506501615,0.04571326713659998,0.6135668572325182,0.3071213712896723,-0.0,3.4544163417977654,-3.548311519504844
5.1000000000000005,-66.21235588225686,0.04572570964892439,0.6136374656588424,0.3070858390619043,-0.0,3.45357006282261,-3.5476067646770573
5.125,-66.21000336567354,0.04573819694827422,0.6137076385272562,0.3070506261924017,-0.0,3.4527390738581993,-3.546901009702063
5.15,-66.20764791862182,0.04575072644084658,0.613777376775153,0.30701573146996014,-0.0,3.451923184753245,-3.546194375586545
5.175000000000001,-66.20528993673135,0.04576329557827482,0.6138466813762024,0.30698115366182693,-0.0,3.4511222072717853,-3.545486981019404
5.2,-66.20292980801106,0.045775901857015716,0.613915553339509,0.3069468915143064,-0.0,3.4503359550744617,-3.544778942403319
5.2250000000000005,-66.20056791295313,0.04578854281774531,0.6139839937087843,0.3069129437533551,-0.0,3.4495642436999914,-3.5440703738859396
5.25,-66.19820462463564,0.045801216044763726,0.6140520035615294,0.30687930908516825,-0.0,3.4488068905468787,-3.5433613873906906
5.275,-66.19584030882407,0.04581391916540873,0.614119584008231,0.30684598619675646,-0.0,3.4480637148553237,-3.5426520926472223
5.300000000000001,-66.19347532407167,0.04582664984947735,0.6141867361915685,0.3068129737565134,-0.0,3.4473345376893256,-3.541942597221501
5.325,-66.19111002181843,0.04583940580865607,0.6142534612856334,0.3067802704147748,-0.0,3.4466191819190355,-3.541233006545529
5.3500000000000005,-66.18874474648909,0.04585218479595918,0.6143197604951598,0.30674787480436805,-0.0,3.445917472203264,-3.5405234239467274
5.375,-66.18637983558985,0.045864984605174644,0.6143856350547666,0.30671578554115353,-0.0,3.4452292349722375,-3.5398139506769537
5.4,-66.18401561980394,0.04587780307031812,0.6144510862282112,0.3066840012245569,-0.0,3.444554298410531,-3.539104685941183
5.425000000000001,-66.1816524230862,0.04589063806509474,0.6145161153076538,0.30665252043809293,-0.0,3.4438924924401806,-3.5383957269258617
5.45,-66.1792905627563,0.04590348750236774,0.6145807236129334,0.3066213417498811,-0.0,3.443243648704061,-3.5376871688268876
5.4750000000000005,-66.17693034959099,0.045916349333635156,0.6146449124908536,0.3065904637131526,-0.0,3.4426076005493824,-3.5369791048772967
5.5,-66.17457208791532,0.045929221548513276,0.6147086833144806,0.3065598848667492,-0.0,3.4419841830114266,-3.5362716263745964
5.525,-66.17221607569259,0.04594210217422716,0.6147720374824506,0.3065296037356143,-0.0,3.4413732327974733,-3.5355648227077765
5.550000000000001,-66.16986260461337,0.04595498927510828,0.6148349764182881,0.30649961883127536,-0.0,3.4407745882708816,-3.534858781384011
5.575,-66.16751196018345,0.04596788095209889,0.6148975015697347,0.30646992865231915,-0.0,3.440188089435402,-3.534153588055034
5.6000000000000005,-66.16516442181063,0.04598077534226283,0.6149596144080874,0.3064405316848586,-0.0,3.439613577919647,-3.5334493265431886
5.625,-66.16282026289068,0.04599367061830321,0.6150213164275483,0.30641142640299224,-0.0,3.439050896961741,-3.5327460788672025
5.65,-66.16047975089205,0.046006564988086224,0.6150826091445823,0.3063826112692563,-0.0,3.438499891394173,-3.5320439252676152
5.675000000000001,-66.15814314743974,0.04601945669417141,0.6151434940972869,0.30635408473506864,-0.0,3.437960407628814,-3.5313429442319233
5.7,-66.15581070839812,0.04603234401334804,0.6152039728447694,0.30632584524116585,-0.0,3.437432293642092,-3.5306432125194362
5.7250000000000005,-66.1534826839527,0.04604522525617768,0.6152640469665355,0.306297891218033,-0.0,3.4369153989603873,-3.5299448051858104
5.75,-66.15115931869106,0.04605809876654239,0.6153237180618863,0.30627022108632596,-0.0,3.4364095746455483,-3.529247795607317
5.775,-66.14884085168269,0.04607096292119907,0.6153829877493252,0.30624283325728663,-0.0,3.4359146732806045,-3.5285522555048074
5.800000000000001,-66.14652751655795,0.04608381612933947,0.6154418576659733,0.3062157261331514,-0.0,3.43543054895565,-3.5278582549673856
5.825,-66.14421954158607,0.04609665683215578,0.6155003294669946,0.30618889810755245,-0.0,3.4349570572538717,-3.52716586247582
5.8500000000000005,-66.14191714975222,0.04610948350241185,0.6155584048250301,0.3061623475659123,-0.0,3.434494055237755,-3.526475144925665
5.875,-66.13962055883367,0.04612229464401958,0.6156160854296401,0.30613607288583167,-0.0,3.434041401435442,-3.5257861676501006
5.9,-66.13732998147505,0.04613508879162111,0.6156733729867562,0.3061100724374705,-0.0,3.433598955827255,-3.5250989944425144
5.925000000000001,-66.13504562526268,0.046147864510175794,0.6157302692181411,0.3060843445839227,-0.0,3.433166579832367,-3.524413687578803
5.95,-66.13276769279804,0.0461606203945526,0.6157867758608576,0.30605888768158396,-0.0,3.4327441362956286,-3.5237303078394118
5.9750000000000005,-66.1304963817704,0.046173355069127585,0.6158428946667457,0.3060337000805137,-0.0,3.4323314894745494,-3.5230489145311195
6.0,-66.12823188502848,0.04618606718738614,0.6158986274019078,0.3060087801247905,-0.0,3.4319285050264274,-3.5223695655085447
6.025,-66.12597439065141,0.04619875543153033,0.6159539758462026,0.3059841261528608,-0.0,3.431535049995614,-3.521692317195422
6.050000000000001,-66.12372408201867,0.046211418512090964,0.6160089417927468,0.30595973649788244,-0.0,3.431150992800941,-3.5210172246056004
6.075,-66.12148113787933,0.04622405516754442,0.616063527047425,0.30593560948806114,-0.0,3.430776203223281,-3.5203443413637983
6.1000000000000005,-66.11924573242042,0.046236664163934155,0.6161177334284071,0.3059117434469817,-0.0,3.430410552393243,-3.519673719726127
6.125,-66.11701803533448,0.0462492442944966,0.6161715627656745,0.30588813669393283,-0.0,3.430053912779016,-3.5190054106003443
6.15,-66.11479821188628,0.046261794379291975,0.6162250169005524,0.3058647875442265,-0.0,3.4297061581743415,-3.518339463565884
6.175000000000001,-66.11258642297881,0.046274313264839,0.6162780976852514,0.30584169430951125,-0.0,3.429367163686621,-3.517675926893642
6.2,-66.11038282521841,0.04628679982375444,0.6163308069824155,0.3058188552980799,-0.0,3.4290368057251612,-3.5170148475655223
6.2250000000000005,-66.10818757097917,0.046299252954396575,0.616383146664678,0.3057962688151717,-0.0,3.4287149619895363,-3.5163562712937506
6.25,-66.10600080846656,0.04631167158051318,0.6164351186142245,0.30577393316326906,-0.0,3.4284015114580892,-3.515700242539968
6.275,-66.10382268178024,0.04632405465089337,0.6164867247223637,0.30575184664238847,-0.0,3.4280963343765585,-3.515046804534073
6.300000000000001,-66.10165333097623,0.04633640113902385,0.6165379668891041,0.30573000755036633,-0.0,3.4277993122468127,-3.5143959992928697
6.325,-66.09949289212821,0.04634871004274901,0.6165888470227397,0.3057084141831395,-0.0,3.4275103278157326,-3.5137478676384633
6.3500000000000005,-66.09734149738817,0.0463609803839349,0.6166393670394406,0.30568706483502023,-0.0,3.4272292650641925,-3.513102449216451
6.375,-66.09519927504631,0.04637321120813721,0.6166895288628517,0.3056659577989663,-0.0,3.4269560091961644,-3.5124597825138935
6.4,-66.09306634959025,0.04638540158427329,0.6167393344236981,0.30564509136684603,-0.0,3.426690446627936,-3.5118199048770733
6.425000000000001,-66.09094284176345,0.04639755060429765,0.6167887856593971,0.30562446382969777,-0.0,3.42643246497745,-3.5111828525290347
6.45,-66.08882886862304,0.04640965738288118,0.6168378845136765,0.3056040734779851,-0.0,3.426181953053755,-3.510548660586912
6.4750000000000005,-66.08672454359686,0.0464217210570945,0.6168866329361999,0.3055839186018467,-0.0,3.4259388008465512,-3.509917363079057
6.5,-66.08462997653986,0.0464337407860942,0.6169350328821983,0.3055639974913413,-0.0,3.4257028995158683,-3.5092889929619573
6.525,-66.08254527378982,0.04644571575081343,0.6169830863121079,0.30554430843668823,-0.0,3.425474141381838,-3.5086635821369456
6.550000000000001,-66.08047053822243,0.04645764515365546,0.6170307951912143,0.30552484972850297,-0.0,3.425252419914553,-3.5080411614667284
6.575,-66.07840586930563,0.04646952821819097,0.6170781614893036,0.30550561965802797,-0.0,3.4250376297240592,-3.5074217607916878
6.6000000000000005,-66.07635136315335,0.04648136418885862,0.6171251871803183,0.3054866165173593,-0.0,3.424829666550451,-3.5068054089460046
6.625,-66.07430711257862,0.04649315233066907,0.6171718742420201,0.30546783859966825,-0.0,3.4246284272540266,-3.506192133773587
6.65,-66.072273207146,0.04650489192891252,0.6172182246556592,0.3054492841994188,-0.0,3.4244338098055835,-3.505581962143799
6.675000000000001,-66.07024973322336,0.04651658228886899,0.6172642404056481,0.30543095161258055,-0.0,3.424245713276787,-3.5049749199670086
6.7,-66.06823677403312,0.046528222735522436,0.6173099234792423,0.30541283913683737,-0.0,3.424064037830646,-3.5043710322099373
6.7250000000000005,-66.06623440970277,0.046539812613277776,0.6173552758662268,0.30539494507179177,-0.0,3.4238886847120806,-3.5037703229108317
6.75,-66.06424271731484,0.04655135128568102,0.6174002995586079,0.3053772677191648,-0.0,3.423719556238563,-3.503172815194452
6.775,-66.06226177095625,0.04656283813514271,0.6174449965503099,0.30535980538299223,-0.0,3.42355655579088,-3.502578531286876
6.800000000000001,-66.0602916417671,0.04657427256266424,0.6174893688368794,0.30534255636981616,-0.0,3.4233995878039516,-3.501987492530128
6.825,-66.05833239798874,0.04658565398756728,0.617533418415193,0.3053255189888728,-0.0,3.4232485577577623,-3.50139971939662
6.8500000000000005,-66.05638410501143,0.04659698184722626,0.6175771472831716,0.3053086915522761,-0.0,3.423103372168368,-3.5008152315034295
6.875,-66.05444682542132,0.04660825559680362,0.6176205574394992,0.30529207237519773,-0.0,3.4229639385789814,-3.5002340476263964
6.9,-66.05252061904686,0.04661947470898835,0.6176636508833478,0.3052756597760429,-0.0,3.4228301655511513,-3.499656185714058
6.925000000000001,-66.05060554300462,0.046630638673736985,0.6177064296141076,0.3052594520766221,-0.0,3.4227019626560224,-3.499081662901386
6.95,-66.04870165174468,0.046641746998017666,0.6177488956311207,0.30524344760231975,-0.0,3.4225792404656623,-3.4985104955234037
6.9750000000000005,-66.0468089970953,0.046652799205556886,0.617791050933422,0.3052276446822583,-0.0,3.4224619105444773,-3.497942699128589
7.0,-66.04492762830715,0.046663794836589396,0.617832897519484,0.3052120416494595,-0.0,3.4223498854407177,-3.4973782884921447
7.025,-66.04305759209699,0.046674733447610306,0.6178744373869663,0.30519663684100085,-0.0,3.4222430786780227,-3.4968172776290953
7.050000000000001,-66.04119893269072,0.04668561461113028,0.6179156725324708,0.30518142859817,-0.0,3.422141404747096,-3.4962596798072156
7.075,-66.03935169186607,0.04669643791543326,0.6179566049513009,0.3051664152666141,-0.0,3.422044779097387,-3.495705507559822
7.1000000000000005,-66.0375159089946,0.04670720296433688,0.617997236637226,0.3051515951964867,-0.0,3.4219531181289122,-3.4951547726983816
7.125,-66.03569162108329,0.04671790937695558,0.6180375695822509,0.30513696674259083,-0.0,3.4218663391840973,-3.4946074863249863
7.15,-66.03387886281551,0.046728556787466076,0.6180776057763885,0.3051225282645185,-0.0,3.421784360539719,-3.4940636588446536
7.175000000000001,-66.03207766659169,0.04673914484487575,0.6181173472074389,0.30510827812678737,-0.0,3.4217071013988973,-3.4935232999775065
7.2,-66.0302880625692,0.046749673212793136,0.618156795860772,0.3050942146989734,-0.0,3.4216344818831694,-3.492986418770759
7.2250000000000005,-66.02851007870197,0.04676014156920138,0.6181959537191142,0.30508033635584114,-0.0,3.421566423024631,-3.4924530236105906
7.25,-66.02674374077954,0.046770549606233794,0.6182348227623402,0.3050666414774699,-0.0,3.421502846758123,-3.4919231222338607
7.275,-66.02498907246559,0.04678089702995198,0.6182734049672692,0.3050531284493776,-0.0,3.4214436759135074,-3.491396721739676
7.300000000000001,-66.02324609533602,0.04679118356012661,0.6183117023074647,0.3050397956626406,-0.0,3.4213888342079968,-3.490873828600806
7.325,-66.02151482891657,0.04680140893002015,0.6183497167530388,0.3050266415140115,-0.0,3.4213382462385504,-3.4903544486749696
7.3500000000000005,-66.01979529071994,0.04681157288617245,0.6183874502704614,0.30501366440603284,-0.0,3.4212918374743166,-3.489838587215982
7.375,-66.0180874962825,0.04682167518818826,0.618424904822372,0.3050008627471488,-0.0,3.4212495342491613,-3.489326248884751
7.4,-66.01639145920046,0.046831715608527315,0.6184620823673974,0.30498823495181326,-0.0,3.4212112637542313,-3.488817437760139
7.425000000000001,-66.01470719116563,0.04684169393229665,0.6184989848599715,0.3049757794405951,-0.0,3.421176954030602,-3.488312157349688
7.45,-66.01303470200074,0.04685160995704534,0.6185356142501602,0.304963494640281,-0.0,3.421146533961953,-3.487810410600221
7.4750000000000005,-66.0113739996943,0.04686146349256117,0.618571972483491,0.304951378983975,-0.0,3.4211199332673394,-3.4873121999082897
7.5,-66.00972509043504,0.04687125436066978,0.6186080615007836,0.3049394309111955,-0.0,3.4210970824939713,-3.486817527130512
7.525,-66.00808797864585,0.046880982395035964,0.6186438832379879,0.30492764886796947,-0.0,3.4210779130100972,-3.4863263935937536
7.550000000000001,-66.00646266701736,0.04689064744096727,0.6186794396260228,0.3049160313069239,-0.0,3.4210623569979086,-3.4858388001052076
7.575,-66.00484915654108,0.0469002493552194,0.6187147325906198,0.3049045766873748,-0.0,3.421050347446513,-3.485354746962325
7.6000000000000005,-66.0032474465421,0.04690978800580434,0.6187497640521715,0.3048932834754134,-0.0,3.4210418181449564,-3.484874233962631
7.625,-66.00165753471136,0.04691926327179998,0.6187845359255811,0.30488215014398967,-0.0,3.4210367036753007,-3.4843972604134064
7.65,-66.00007941713754,0.04692867504316228,0.6188190501201175,0.3048711751729938,-0.0,3.4210349394057413,-3.4839238251412623
7.675000000000001,-65.99851308833854,0.046938023220539415,0.618853308539273,0.30486035704933434,-0.0,3.4210364614837956,-3.483453926501562
7.7,-65.9969585412925,0.046947307715087934,0.618887313080625,0.3048496942670149,-0.0,3.4210412068295364,-3.4829875623877498
7.7250000000000005,-65.99541576746851,0.046956528448290805,0.6189210656357002,0.3048391853272075,-0.0,3.4210491131288463,-3.4825247302405544
7.75,-65.99388475685687,0.04696568535177795,0.6189545680898432,0.304828828738324,-0.0,3.4210601188267633,-3.4820654270570612
7.775,-65.99236549799892,0.0469747783671483,0.6189878223220877,0.3048186230160853,-0.0,3.421074163120854,-3.481609649399675
7.800000000000001,-65.99085797801658,0.04698380744579413,0.6190208302050312,0.3048085666835878,-0.0,3.421091185954625,-3.481157393404973
7.825,-65.98936218264141,0.04699277254872724,0.6190535936047128,0.3047986582713679,-0.0,3.4211111280110074,-3.480708654792424
7.8500000000000005,-65.9878780962434,0.047001673646407165,0.6190861143804945,0.304788896317464,-0.0,3.4211339307058486,-3.480263428873022
7.875,-65.98640570185923,0.04701051071857115,0.6191183943849454,0.30477927936747656,-0.0,3.421159536181501,-3.4798217105577676
7.9,-65.98494498122028,0.04701928375406636,0.6191504354637285,0.30476980597462605,-0.0,3.42118788730041,-3.479383494366084
7.925000000000001,-65.9834959147803,0.0470279927506838,0.6191822394554914,0.3047604746998081,-0.0,3.421218927638763,-3.4789487744340915
7.95,-65.98205848174257,0.047036637714993876,0.6192138081917599,0.30475128411164737,-0.0,3.4212526014802003,-3.4785175445227705
7.9750000000000005,-65.98063266008683,0.047045218662184383,0.6192451434968334,0.30474223278654883,-0.0,3.421288853809535,-3.4780897980260477
8.0,-65.97921842659578,0.04705373561589984,0.6192762471876848,0.3047333193087471,-0.0,3.421327630306542,-3.477665527978733
8.025,-65.9778157568813,0.047062188608082915,0.6193071210738624,0.30472454227035384,-0.0,3.4213688773397837,-3.4772447270643894
8.05,-65.97642462541023,0.04707057767881767,0.6193377669573947,0.3047159002714033,-0.0,3.4214125419604766,-3.4768273876230693
8.075000000000001,-65.97504500552988,0.0470789028761745,0.6193681866326978,0.3047073919198953,-0.0,3.4214585718963897,-3.4764135016589632
8.1,-65.97367686949316,0.04708716425605685,0.6193983818864861,0.3046990158318373,-0.0,3.4215069155457947,-3.476003060847948
8.125,-65.9723201884834,0.04709536188204991,0.6194283544976855,0.3046907706312835,-0.0,3.4215575219714642,-3.475596056545018
8.15,-65.97097493263878,0.047103495825270764,0.6194581062373491,0.304682654950373,-0.0,3.421610340894684,-3.4751924797916343
8.175,-65.96964107107651,0.04711156616422067,0.6194876388685752,0.3046746674293654,-0.0,3.421665322689339,-3.4747923213229526
8.200000000000001,-65.9683185719166,0.04711957298463859,0.6195169541464288,0.3046668067166752,-0.0,3.4217224183760124,-3.4743955715749792
8.225,-65.96700740230537,0.04712751637935675,0.6195460538178651,0.304659071468904,-0.0,3.4217815796161273,-3.474002220691611
8.25,-65.96570752843863,0.04713539644815806,0.6195749396216552,0.30465146035087115,-0.0,3.4218427587061346,-3.4736122585315883
8.275,-65.96441891558446,0.047143213297634615,0.6196036132883153,0.30464397203564275,-0.0,3.421905908571748,-3.4732256746753376
8.3,-65.96314152810581,0.047150967041048666,0.6196320765400367,0.30463660520455876,-0.0,3.421970982762191,-3.4728424584317423
8.325000000000001,-65.9618753294827,0.047158657798194496,0.6196603310906204,0.30462935854725864,-0.0,3.422037935444497,-3.472462598844808
8.35,-65.96062028233412,0.04716628569526239,0.6196883786454117,0.3046222307617053,-0.0,3.4221067213978498,-3.4720860847002357
8.375,-65.95937634843968,0.04717385086470425,0.6197162209012391,0.3046152205542074,-0.0,3.4221772960079484,-3.4717129045319024
8.4,-65.95814348876085,0.04718135344510043,0.6197438595463542,0.3046083266394402,-0.0,3.4222496152614226,-3.471343046628256
8.425,-65.95692166346204,0.04718879358102864,0.6197712962603747,0.30460154774046466,-0.0,3.422323635740275,-3.470976499038612
8.450000000000001,-65.95571083193127,0.04719617142293423,0.619798532714229,0.30459488258874534,-0.0,3.4223993146163587,-3.470613249579381
8.475,-65.95451095280062,0.047203487127001904,0.6198255705701032,0.30458832992416657,-0.0,3.4224766096458983,-3.4702532858401853
8.5,-65.95332198396633,0.047210740855029354,0.6198524114813908,0.304581888495047,-0.0,3.4225554791640334,-3.4698965951899
8.525,-65.95214388260872,0.04721793277430206,0.6198790570926436,0.3045755570581533,-0.0,3.4226358820794056,-3.4695431647826167
8.55,-65.95097660521168,0.047225063057469985,0.619905509039525,0.3045693343787117,-0.0,3.4227177778687845,-3.4691929815635034
8.575000000000001,-65.94982010758197,0.0472321318824254,0.6199317689487662,0.3045632192304186,-0.0,3.4228011265717186,-3.468846032274591
8.6,-65.9486743448683,0.04723913943218276,0.619957838438123,0.3045572103954499,-0.0,3.4228858887852156,-3.4685023034604883
8.625,-65.94753927157994,0.04724608589475937,0.6199837191163357,0.30455130666446856,-0.0,3.422972025658482,-3.4681617814739822
8.65,-65.94641484160533,0.04725297146305824,0.6200094125830902,0.30454550683663123,-0.0,3.4230594988876635,-3.4678244524815995
8.675,-65.94530100823016,0.04725979633475207,0.620034920428982,0.3045398097195934,-0.0,3.4231482707106413,-3.4674903024690478
8.700000000000001,-65.94419772415536,0.04726656071216857,0.620060244235481,0.30453421412951326,-0.0,3.4232383039018512,-3.4671593172466073
8.725,-65.94310494151476,0.04727326480217754,0.620085385574899,0.30452871889105454,-0.0,3.423329561767136,-3.466831482454428
8.75,-65.94202261189248,0.04727990881607919,0.6201103460103584,0.30452332283738787,-0.0,3.4234220081386484,-3.4665067835677448
8.775,-65.94095068634012,0.047286492969493873,0.6201351270957633,0.30451802481019097,-0.0,3.423515607369747,-3.466185205902035
8.8,-65.93988911539358,0.04729301748225355,0.6201597303757721,0.3045128236596478,-0.0,3.4236103243299723,-3.465866734618075
8.825000000000001,-65.93883784908984,0.04729948257829415,0.6201841573857716,0.3045077182444466,-0.0,3.42370612440001,-3.4655513547269505
8.85,-65.93779683698321,0.0473058884855497,0.620208409651853,0.30450270743177643,-0.0,3.423802973466724,-3.465239051094963
8.875,-65.93676602816159,0.04731223543584767,0.6202324886907904,0.304497790097323,-0.0,3.4239008379181914,-3.4649298084484754
8.9,-65.9357453712623,0.04731852366480585,0.6202563960100194,0.30449296512526325,-0.0,3.423999684638797,-3.46462361137869
8.925,-65.93473481448781,0.04732475341173037,0.6202801331076185,0.3044882314082589,-0.0,3.424099481004329,-3.464320444346343
8.950000000000001,-65.93373430562114,0.04733092491951527,0.6203037014722916,0.30448358784744894,-0.0,3.424200194877125,-3.4640202916863427
8.975,-65.93274379204105,0.04733703843454313,0.6203271025833526,0.3044790333524408,-0.0,3.4243017946012455,-3.463723137612315
9.0,-65.931763220737,0.04734309420658739,0.6203503379107108,0.3044745668413012,-0.0,3.4244042489976807,-3.4634289662210986
9.025,-65.93079253832387,0.047349092488715695,0.6203734089148586,0.3044701872405453,-0.0,3.424507527359581,-3.463137761497161
9.05,-65.92983169105648,0.0473550335371946,0.62039631704686,0.3044658934851253,-0.0,3.4246115994475237,-3.462849507316943
9.075000000000001,-65.92888062484384,0.047360917611395784,0.6204190637483409,0.30446168451841804,-0.0,3.4247164354848074,-3.4625641874531525
9.1,-65.92793928526325,0.04736674497370321,0.6204416504514809,0.3044575592922114,-0.0,3.4248220061527688,-3.4622817855789747
9.125,-65.92700761757403,0.04737251588942171,0.620464078579007,0.30445351676669025,-0.0,3.4249282825861593,-3.46200228527221
9.15,-65.92608556673126,0.04737823062668689,0.6204863495441871,0.304449555910421,-0.0,3.425035236368502,-3.4617256700193777
9.175,-65.92517307739905,0.0473838894563763,0.6205084647508267,0.30444567570033587,-0.0,3.425142839527534,-3.461451923219715
9.200000000000001,-65.92427009396381,0.047389492652021636,0.6205304255932658,0.3044418751217156,-0.0,3.425251064530629,-3.4611810281891437
9.225,-65.92337656054717,0.047395040489722276,0.6205522334563778,0.3044381531681721,-0.0,3.425359884280292,-3.4609129681641506
9.25,-65.92249242101876,0.047400533248060164,0.6205738897155695,0.3044345088416294,-0.0,3.4254692721096403,-3.4606477263056274
9.275,-65.92161761900876,0.047405971208015825,0.6205953957367812,0.30443094115230496,-0.0,3.4255792017779583,-3.460385285702627
9.3,-65.92075209792024,0.04741135465288532,0.6206167528764905,0.3044274491186888,-0.0,3.425689647466243,-3.4601256293760727
9.325000000000001,-65.91989580094133,0.047416683868198854,0.6206379624817152,0.3044240317675231,-0.0,3.4258005837728036,-3.4598687402823995
9.35,-65.91904867105714,0.047421959141640185,0.6206590258900181,0.30442068813378037,-0.0,3.425911985708881,-3.459614601317142
9.375,-65.91821065106149,0.04742718076296725,0.6206799444295131,0.30441741726064103,-0.0,3.4260238286942974,-3.4593631953184456
9.4,-65.9173816835685,0.0474323490239342,0.6207007194188727,0.3044142181994705,-0.0,3.426136088553138,-3.4591145050705476
9.425,-65.91656171102393,0.047437464218214265,0.6207213521673356,0.30441109000979516,-0.0,3.4262487415094394,-3.4588685133071793
9.450000000000001,-65.91575067571637,0.04744252664132394,0.6207418439747168,0.3044080317592781,-0.0,3.4263617641829556,-3.45862520271491
9.475,-65.91494851978817,0.047447536590548206,0.6207621961314176,0.30440504252369394,-0.0,3.426475133584895,-3.4583845559364503
9.5,-65.91415518524627,0.0474524943648669,0.6207824099184376,0.30440212138690287,-0.0,3.426588827113722,-3.4581465555738817
9.525,-65.91337061397279,0.047457400264882196,0.6208024866073868,0.3043992674408246,-0.0,3.426702822550987,-3.457911184191836
9.55,-65.91259474773544,0.047462254592747215,0.6208224274604998,0.3043964797854109,-0.0,3.4268170980571586,-3.457678424320632
9.575000000000001,-65.91182752819779,0.047467057652095516,0.6208422337306498,0.30439375752861836,-0.0,3.426931632167511,-3.457448258459337
9.600000000000001,-65.91106889692932,0.047471809747971945,0.620861906661365,0.3043910997863799,-0.0,3.4270464037880215,-3.4572206690787963
9.625,-65.9103187954153,0.04747651118676456,0.6208814474868444,0.3043885056825762,-0.0,3.4271613921913153,-3.4569956386245875
9.65,-65.90957716506647,0.047481162276137,0.6209008574319758,0.3043859743490061,-0.0,3.427276577012616,-3.4567731495199396
9.675,-65.90884394722865,0.04748576332496295,0.6209201377123541,0.30438350492535704,-0.0,3.4273919382457376,-3.4565531841685937
9.700000000000001,-65.90811908319205,0.04749031464326066,0.620939289534301,0.3043810965591744,-0.0,3.4275074562391037,-3.456335724957614
9.725000000000001,-65.9074025142005,0.04749481654212897,0.6209583140948846,0.30437874840583057,-0.0,3.4276231116917786,-3.4561207542601493
9.75,-65.90669418146045,0.04749926933368434,0.6209772125819408,0.30437645962849363,-0.0,3.4277388856495548,-3.4559082544381354
9.775,-65.90599402614986,0.04750367333099873,0.6209959861740957,0.3043742293980955,-0.0,3.4278547595010513,-3.4556982078449563
9.8,-65.90530198942687,0.04750802884803869,0.6210146360407875,0.3043720568932993,-0.0,3.427970714973825,-3.4554905968280623
9.825000000000001,-65.90461801243842,0.04751233619960514,0.6210331633422912,0.30436994130046685,-0.0,3.428086734130542,-3.4552854037315255
9.850000000000001,-65.90394203632853,0.047516595701274436,0.6210515692297416,0.30436788181362495,-0.0,3.428202799365143,-3.455082610898559
9.875,-65.90327400224659,0.04752080766934014,0.6210698548451598,0.304365877634432,-0.0,3.4283188933990663,-3.454882200673977
9.9,-65.90261385135543,0.047524972420755936,0.6210880213214781,0.3043639279721438,-0.0,3.4284349992774708,-3.4546841554066274
9.925,-65.9019615248392,0.04752909027307943,0.6211060697825675,0.30436203204357876,-0.0,3.4285511003655045,-3.4544884574517583
9.950000000000001,-65.90131696391116,0.047533161544416856,0.6211240013432644,0.3043601890730832,-0.0,3.428667180344594,-3.4542950891733466
9.975000000000001,-65.9006801098213,0.04753718655336881,0.6211418171093988,0.304358398292496,-0.0,3.428783223208762,-3.4541040329463883
10.0,-65.90005090386377,0.04754116561897675,0.6211595181778231,0.30435665894111263,-0.0,3.4288992132609617,-3.4539152711591314
10.025,-65.65132575440356,0.047620162207822364,0.6211647223384331,0.30436351220663566,-0.0,3.5060489796137766,-3.379297726321067
10.05,-65.40637609594992,0.04783769711100972,0.621145172587231,0.30438737347180406,-0.0,3.58284682303314,-3.3058128287849766
10.075,-65.16516560965334,0.04817819434084632,0.6211010574638602,0.304428050954648,-0.0,3.65934498537259,-3.2334496828960027
10.1,-64.9276595184197,0.04862811872301241,0.6210325655243883,0.30448534978635483,-0.0,3.7355932539281453,-3.1621978555259105
10.125,-64.6938245152696,0.049175676159561,0.620939885934712,0.304559072022307,-0.0,3.811639041824795,-3.092047354580879
10.15,-64.46362869416878,0.04981056057758841,0.6208232090328859,0.30464901665775873,-0.0,3.8875274631466152,-3.0229886082506323
10.175,-64.23704148318443,0.05052373985059987,0.6206827268612046,0.3047549796480526,-0.0,3.963301403122683,-2.955012444955328
10.2,-64.01403357983048,0.05130727432726504,0.6205186336687826,0.3048767539332797,-0.0,4.039001583665903,-2.8881100739491443
10.225,-63.794576888473216,0.052154162702128845,0.6203311263852985,0.30501412946729095,-0.0,4.114666624547761,-2.8222730665419644
10.25,-63.578644459676866,0.05305821086267582,0.620120405066508,0.3051668932509703,-0.0,4.190333100479095,-2.7574933379030595
10.275,-63.366210431375535,0.054013920085082996,0.6198866733120657,0.30533482936968165,-0.0,4.2660355943553006,-2.6937631294126603
10.3,-63.15724997176569,0.0550163915575774,0.6196301386561511,0.3055177190348049,-0.0,4.341806746913257,-2.631074991529706
10.325,-62.951739223819864,0.056061244710065135,0.6193510129313469,0.30571534062927713,-0.0,4.417677303037374,-2.569421767145959
10.35,-62.74965525132884,0.05714454724135206,0.6190495126061814,0.3059274697570573,-0.0,4.493676154942886,-2.5087965753986516
10.375,-62.550975986385936,0.05826275507675682,0.6187258590967218,0.30615387929643195,-0.0,4.569830382455774,-2.4491927959157804
10.4,-62.3556801782329,0.05941266077210931,0.6183802790525725,0.3063943394570831,-0.0,4.6461652906011315,-2.3906040534698705
10.425,-62.1637473433928,0.06059134911546418,0.6180130046176194,0.30664861784083736,-0.0,4.722704444704075,-2.3330242030178394
10.45,-61.975157717020785,0.061796158873837666,0.6176242736658479,0.30691647950601636,-0.0,4.799469703200708,-2.2764473151062354
10.475,-61.789892205409,0.0630246497957991,0.6172143300125483,0.30719768703530925,-0.0,4.876481248350213,-2.2208676616226986
10.5,-61.6079323395871,0.06427457411745915,0.6167834236012226,0.30749200060708626,-0.0,4.953757615033091,-2.1662797018761304
10.525,-61.429260229964704,0.06554385193391836,0.6163318106665022,0.30779917807007307,-0.0,5.031315717815099,-2.112678068989411
10.55,-61.25385852196699,0.06683054989434059,0.6158597538733915,0.3081189750213036,-0.0,5.109170876450934,-2.0600575565900967
10.575,-61.081710352619375,0.06813286275962255,0.6153675224331574,0.3084511448872693,-0.0,5.187336839996787,-2.008413105785812
10.6,-60.91279930804137,0.06944909742968766,0.6148553921961925,0.30879543900818035,-0.0,5.265825809695948,-1.9577397924124114
10.625,-60.74710938181462,0.07077765910485859,0.6143236457221963,0.30915160672525327,-0.0,5.344648460796912,-1.908032814544385
10.65,-60.584624934193506,0.07211703929430367,0.6137725723280285,0.3095193954709384,-0.0,5.423813963458996,-1.8592874802580517
10.675,-60.42533065213156,0.07346580542564526,0.6132024681136062,0.30989855086199725,-0.0,5.503330002895842,-1.8114991956394668
10.7,-60.269211510100185,0.07482259184467183,0.6126136359662396,0.31028881679534004,-0.0,5.583202798902855,-1.7646634530300551
10.725,-60.116252731680355,0.07618609202369998,0.612006385543815,0.31068993554652913,-0.0,5.663437124910222,-1.7187758195041063
10.75,-59.96643975191134,0.07755505182231955,0.6113810332372607,0.311101647870853,-0.0,5.744036326698603,-1.673831925573401
10.775,-59.81975818038404,0.07892826366571973,0.6107379021127509,0.3115236931068735,-0.0,5.8250023409104,-1.6298274541152125
10.8,-59.67619376507,0.08030456152410988,0.6100773218341294,0.3119558092823454,-0.0,5.9063357134847285,-1.586758129521001
10.825,-59.53573235688011,0.0816828165924054,0.6093996285660582,0.31239773322240433,-0.0,5.988035618139731,-1.544619707064033
10.85,-59.39835987495029,0.08306193358275105,0.6087051648584193,0.3128492006599185,-0.0,6.0700998750212225,-1.503407962485086
10.875,-59.26406227265436,0.0844408475539399,0.6079942795125283,0.31330994634789366,-0.0,6.1525249696316155,-1.4631186817963069
10.9,-59.132825504346876,0.08581852121165102,0.6072673274297382,0.31377970417382045,-0.0,6.235306072148318,-1.4237476513040626
10.925,-59.00463549284159,0.08719394262190398,0.6065246694430414,0.31425820727584897,-0.0,6.318437057235458,-1.3852906478524758
10.95,-58.879478097633495,0.08856612328742716,0.6057666721322995,0.3147451881606723,-0.0,6.401910524447547,-1.3477434292900483
10.975,-58.7573390838749,0.08993409654292944,0.6049937076237567,0.31524037882299877,-0.0,6.485717819318184,-1.3111017251624708
11.0,-58.63820409211801,0.0912969162306925,0.604206153374517,0.315743510866487,-0.0,6.569849055221055,-1.2753612276354025
11.025,-58.522058608838506,0.09265365562259925,0.603404391942684,0.31625431562601936,-0.0,6.654293136084883,-1.2405175826515518
11.05,-58.4088879377566,0.09400340655877405,0.6025888107438894,0.316772524291181,-0.0,6.739037780037536,-1.2065663813269807
11.075,-58.29867717197357,0.0953452787765336,0.6017598017949507,0.3172978680308129,-0.0,6.824069544048414,-1.1735031515920717
11.1,-58.19141116694332,0.09667839940640453,0.6009177614454231,0.3178300781185021,-0.0,6.909373849631727,-1.1413233500829953
11.125,-58.08707451429992,0.09800191261461923,0.600063090097824,0.31836888605887065,-0.0,6.994935009666446,-1.110022354289976
11.15,-57.98565151656319,0.099314979373817,0.5991961919173258,0.31891402371452127,-0.0,7.080736256382065,-1.0795954549689561
11.175,-57.88712616274513,0.10061677734569023,0.5983174745317268,0.31946522343349604,-0.0,7.166759770552148,-1.0500378488235398
11.2,-57.791482104881354,0.10190650086107794,0.5974273487225233,0.32002221817710075,-0.0,7.252986711930386,-1.021344631464406
11.225,-57.69870263551153,0.10318336098454745,0.5965262281079129,0.32058474164794704,-0.0,7.339397250956816,-0.9935107906534589
11.25,-57.608770666133985,0.10444658565185158,0.5956145288185722,0.3211525284180601,-0.0,7.425970601754062,-0.9665311998401953
11.275,-57.521668706659256,0.10569541986983487,0.5946926691670541,0.32172531405690014,-0.0,7.512685056426287,-0.9404006119977765
11.3,-57.43737884588774,0.10692912596939881,0.5937610693116552,0.32230283525914294,-0.0,7.599518020665658,-0.9151136537663227
11.325,-57.35588273303639,0.10814698390305413,0.5928201509156079,0.3228848299720626,-0.0,7.686446050663538,-0.8906648199109163
11.35,-57.277161560338776,0.10934829157939696,0.591870336802448,0.32347103752236084,-0.0,7.773444891316116,-0.8670484681016326
11.375,-57.2011960467429,0.11053236522755926,0.5909120506084091,0.32406119874228373,-0.0,7.860489515706104,-0.8442588140228701
11.4,-57.127966422729706,0.11169853978532265,0.5899457164326876,0.32465505609486794,-0.0,7.947554165835005,-0.8222899268189117
11.425,-57.057452416274735,0.11284616930514499,0.5889717584864184,0.32525235379815753,-0.0,8.03461239457248,-0.8011357248824204
11.45,-56.989633239974346,0.11397462737285662,0.5879906007411891,0.3258528379482321,-0.0,8.121637108782059,-0.7807899719923036
11.475,-56.92448757935634,0.11508330753423257,0.5870026665779108,0.3264562566408888,-0.0,8.208600613575143,-0.7612462738069012
11.5,-56.86199358239367,0.11617162372505203,0.5860083784368499,0.32706236009181894,-0.0,8.295474657637941,-0.7424980747181017
11.525,-56.80212885023822,0.11723901070062345,0.5850081574696103,0.32767090075512445,-0.0,8.382230479569236,-0.7245386550714655
11.55,-56.74487042918969,0.11828492446108294,0.5840024231938354,0.3282816334400173,-0.0,8.468838855160051,-0.7073611287569065
11.575,-56.690194803913194,0.11930884266907457,0.582991593151383,0.3288943154255492,-0.0,8.555270145539767,-0.690958441173958
11.6,-56.638077891916545,0.12031026505669744,0.5819760825707022,0.32950870657322046,-0.0,8.641494346107425,-0.6753233675749634
11.625,-56.58849503929641,0.12128871381885394,0.5809563040341191,0.33012456943731855,-0.0,8.727481136160772,-0.6604485117889233
11.65,-56.54142101776014,0.12224373399036939,0.579932667150713,0.33074166937284133,-0.0,8.813199929130544,-0.6463263053280428
11.675,-56.49683002292747,0.12317489380446633,0.5789055782354385,0.3313597746408618,-0.0,8.898619923322286,-0.6329490068782405
11.7,-56.454695673913996,0.12408178503037844,0.5778754399951195,0.3319786565111959,-0.0,8.98371015306351,-0.6203087021741985
11.725,-56.41499101419568,0.12496402328807842,0.5768426512219127,0.33259808936223834,-0.0,9.068439540149853,-0.6083973042587033
11.75,-56.37768851375076,0.12582124833826866,0.575807606494808,0.33321785077783567,-0.0,9.152776945480252,-0.5972065541252284
11.775,-56.34276007247289,0.12665312434595466,0.5747706958896982,0.33383772164107206,-0.0,9.236691220768236,-0.5867280217418674
11.8,-56.3101770248465,0.12745934011607704,0.573732304698522,0.3344574862248457,-0.0,9.320151260213427,-0.5769531074539508
11.825,-56.27991014587248,0.12823960929983272,0.5726928131579456,0.33507693227912205,-0.0,9.403126052015747,-0.5678730437617432
11.85,-56.25192965822934,0.12899367057046074,0.571652596188017,0.3356958511147537,-0.0,9.485584729613036,-0.5594788974688029
11.875,-56.22620524065245,0.12972128776740824,0.5706120231411905,0.3363140376837639,-0.0,9.567496622521912,-0.5517615721957341
11.9,-56.202706037510566,0.13042225000792984,0.5695714575620827,0.3369312906559969,-0.0,9.648831306661451,-0.5447118112531697
11.925,-56.18140066955669,0.13109637176530298,0.5685312569582855,0.33754741249204506,-0.0,9.729558654039327,-0.538320200867006
11.95,-56.1622572458267,0.1317434929129719,0.567491772582526,0.33816220951236825,-0.0,9.809648881680934,-0.5325771737480103
11.975,-56.145243376657255,0.13236347873405607,0.566453349226425,0.33877549196253115,-0.0,9.88907259968337,-0.5274730129971764
12.0,-56.13032618779099,0.13295621989578174,0.5654163250260715,0.3393870740744875,-0.0,9.967800858277998,-0.5229978563372973
12.025,-56.11747233553511,0.1335216323885138,0.5643810312795924,0.3399967741238515,-0.0,10.045805193787865,-0.5191417006605334
12.05,-56.10664802293624,0.1340596574291819,0.5633477922768612,0.3406044144831015,-0.0,10.12305767336926,-0.5158944068808722
12.075,-56.09781901693263,0.13457026132900837,0.5623169251414555,0.3412098216706713,-0.0,10.199530938430188,-0.5132457050797896
12.1,-56.090950666442005,0.13505343532555825,0.5612887396849356,0.3418128263958896,-0.0,10.275198246622557,-0.5111851999326014
12.125,-56.08600792134124,0.13550919537923947,0.5602635382734845,0.3424132635997385,-0.0,10.350033512309402,-0.5097023764023724
12.15,-56.08295535229223,0.1359375819344904,0.5592416157069136,0.3430109724914094,-0.0,10.424011345413513,-0.5087866056876692
12.175,-56.08175717136606,0.13633865964599481,0.5582232591100094,0.34360579658064144,-0.0,10.497107088559,-0.508427151409817
12.2,-56.082377253415935,0.13671251707036783,0.5572087478361607,0.34419758370583803,-0.0,10.569296852423356,-0.5086131760247802
12.225,-56.08477915814789,0.13705926632385607,0.5561983533831778,0.3447861860579627,-0.0,10.640557549223484,-0.5093337474443664
12.25,-56.08892615283656,0.1373790427066909,0.555192339321186,0.34537146020022474,-0.0,10.710866924265584,-0.5105778458509668
12.275,-56.094781235632155,0.13767200429483079,0.554190961232445,0.34595326708357366,-0.0,10.780203585495796,-0.5123343706896463
12.3,-56.102307159403864,0.1379383314999164,0.5531944666629228,0.34653147205802776,-0.0,10.848547030995093,-0.514592147821159
12.325,-56.111466456063724,0.13817822659835372,0.5522030950854225,0.3471059448798708,-0.0,10.91587767436919,-0.5173399368191169
12.35,-56.122221461314346,0.13839191323052225,0.5512170778740401,0.3476765597147578,-0.0,10.982176867991749,-0.5205664383943037
12.375,-56.134534339763626,0.13857963587118913,0.5502366382897086,0.3482431951367788,-0.0,11.04742692406621,-0.5242603019290876
12.4,-56.148367110348794,0.13874165927228507,0.5492619914765596,0.34880573412353627,-0.0,11.111611133479506,-0.5284101331046379
12.425,-56.16368167201241,0.1388782678792733,0.5482933444688166,0.3493640640472984,-0.0,11.17471378242811,-0.5330045016037225
12.45,-56.180439829572585,0.13898976522241108,0.5473308962079162,0.3499180766622982,-0.0,11.236720166804659,-0.5380319488717752
12.475,-56.19860331973038,0.13907647328426845,0.5463748375695358,0.35046766808825264,-0.0,11.297616604340666,-0.5434809959191141
12.5,-56.21813383715729,0.1391387318449288,0.5454253514001927,0.35101273879018546,-0.0,11.357390444508457,-0.5493401511471866
12.525,-56.23899306060656,0.13917689780635226,0.5444826125630654,0.35155319355463904,-0.0,11.416030076192632,-0.555597918181968
12.55,-56.26114267899287,0.13919134449743237,0.5435467879926773,0.35208894146236946,-0.0,11.473524933148456,-0.5622428036978604
12.575,-56.284544417385774,0.139182460961323,0.5426180367580719,0.3526198958576225,-0.0,11.529865497271583,-0.5692633252157321
12.6,-56.30916006286331,0.13915065122665132,0.5416965101341006,0.3531459743140931,-0.0,11.585043299710286,-0.5766480188589937
12.625,-56.334951490173694,0.13909633356426826,0.5407823516804384,0.3536670985976756,-0.0,11.639050919857556,-0.584385447052108
12.65,-56.36188068715414,0.13901993973121668,0.5398756973279347,0.3541831946261159,-0.0,11.691881982266981,-0.5924642061462421
12.675,-56.38990977985756,0.13892191420362118,0.5389766754719048,0.35469419242568084,-0.0,11.743531151541841,-0.6008729339572682
12.7,-56.41900105733951,0.13880271340021988,0.5380854070719641,0.35520002608496204,-0.0,11.79399412525259,-0.6096003172018519
12.725,-56.44911699605963,0.1386628048982723,0.5372020057580066,0.35570063370593674,-0.0,11.843267624942984,-0.6186350988178887
12.75,-56.48022028385349,0.13850266664358188,0.5363265779419272,0.35619595735240805,-0.0,11.89134938528996,-0.6279660851560471
12.775,-56.512273843433114,0.13832278615637283,0.5354592229346918,0.35668594299595135,-0.0,11.938238141486746,-0.637582153029934
12.8,-56.54524085537622,0.13812365973475454,0.5346000330683596,0.35717054045949387,-0.0,11.983933614922785,-0.6474722566128662
12.825,-56.579084780566625,0.13790579165749584,0.533749093822665,0.3576497033586573,-0.0,12.028436497237653,-0.6576254341699872
12.85,-56.61376938205036,0.13766969338781385,0.5329064839557751,0.35812338904099295,-0.0,12.071748432829258,-0.6680308146151069
12.875,-56.64925874627436,0.13741588277985975,0.5320722756388392,0.3585915585232405,-0.0,12.113871999899695,-0.6786776238823087
12.9,-56.68551730367712,0.13714488328955513,0.5312465345939573,0.3590541764267418,-0.0,12.154810690124087,-0.6895551911031369
12.925,-56.72250984860278,0.1368572231913985,0.5304293202352015,0.35951121091114097,-0.0,12.194568887030174,-0.7006529545808348
12.95,-56.76020155851283,0.1365534348028239,0.5296206858123303,0.3599626336065008,-0.0,12.233151843177552,-0.7119604675538497
12.975,-56.79855801247181,0.13623405371764788,0.5288206785568482,0.36040841954396796,-0.0,12.270565656227111,-0.7234674037415424
13.0,-56.83754520888598,0.13589961805009512,0.5280293398300695,0.3608485470851131,-0.0,12.306817243991304,-0.7351635626657931
13.025,-56.8771295824763,0.13555066769083646,0.5272467052728579,0.3612829978500769,-0.0,12.341914318556988,-0.7470388747428899
13.05,-56.917278020469475,0.13518774357641913,0.5264728049567226,0.36171175664464716,-0.0,12.375865359572115,-0.7590834061408422
13.075,-56.95795787799313,0.13481138697340564,0.5257076635359643,0.3621348113863918,-0.0,12.408679586787342,-0.7712873633979391
13.1,-56.99913699266379,0.13442213877847362,0.5249513004005748,0.3625521530299707,-0.0,12.440366931942929,-0.7836410977991377
13.125,-57.04078369835842,0.13402053883566092,0.5242037298296056,0.36296377549174663,-0.0,12.470938010090252,-0.7961351095075251
13.15,-57.08286683816258,0.13360712527186824,0.5234649611447358,0.3633696755738136,-0.0,12.500404090436001,-0.8087600514487739
13.175,-57.12535577649076,0.13318243385165918,0.5227349988637778,0.3637698528875573,-0.0,12.528777066795397,-0.8215067329472269
13.2,-57.168220410376044,0.13274699735232018,0.5220138428538751,0.36416430977686043,-0.0,12.55606942773904,-0.8343661231128131
13.225,-57.211431179929114,0.1323013449600662,0.5213014884841572,0.36455305124106197,-0.0,12.582294226515629,-0.8473293539787342
13.25,-57.25495907796792,0.13184600168819743,0.520597926777631,0.36493608485777645,-0.0,12.607465050830672,-0.8603877233903752
13.275,-57.298775658821704,0.13138148781793232,0.5199031445620972,0.36531342070567624,-0.0,12.631595992558578,-0.873532697646511
13.3,-57.342853046314886,0.13090831836256134,0.5192171246198984,0.3656850712873352,-0.0,12.654701617462774,-0.8867559138944656
13.325,-57.3871639409379,0.13042700255548262,0.5185398458363109,0.36605105145223077,-0.0,12.676796934995705,-0.9000491822813707
13.35,-57.43168162621408,0.12993804336260073,0.5178712833464099,0.36641137831999543,-0.0,12.697897368247297,-0.9134044878642236
13.375,-57.47637997427291,0.12944193701948759,0.5172114086802498,0.36676607120400545,-0.0,12.718018724107385,-0.9268139922818726
13.4,-57.521233450641915,0.12893917259362206,0.5165601899062073,0.36711515153539304,-0.0,12.737177163704406,-0.9402700351925745
13.425,-57.56621711827048,0.1284302315719485,0.5159175917723539,0.36745864278756035,-0.0,12.75538917317901,-0.9537651354811437
13.45,-57.611306640800414,0.12791558747391268,0.5152835758457308,0.3677965704012738,-0.0,12.77267153484816,-0.9672919922401242
13.475,-57.65647828509938,0.12739570549005863,0.5146581006494138,0.3681289617104104,-0.0,12.78904129881139,-0.9808434855298145
13.5,-57.701708923074094,0.12687104214619432,0.514041121797261,0.3684558458684255,-0.0,12.80451575504787,-0.9944126769222279
13.525,-57.746976032781696,0.12634204499306143,0.5134325921262541,0.36877725377560716,-0.0,12.81911240604887,-1.0079928098345086
13.55,-57.79225769885828,0.12580915232137452,0.5128324618263463,0.36909321800717715,-0.0,12.832848940027116,-1.0215773096574836
13.575,-57.83753261228453,0.12527279290202678,0.5122406785677457,0.3694037727422975,-0.0,12.84574320474087,-1.0351597836853579
13.6,-57.882780069509195,0.12473338575119539,0.5116571876255681,0.36970895369403484,-0.0,12.857813181967053,-1.0487340208527585
13.625,-57.927979970951775,0.12419133992001803,0.5110819320018046,0.3700087980403324,-0.0,12.8690769626544,-1.0622939912855323
13.65,-57.97311281890623,0.12364705430845274,0.5105148525445554,0.3703033443560362,-0.0,12.879552722784329,-1.075833845671869
13.675,-58.018159714868325,0.12310091750288012,0.5099558880644929,0.3705926325460171,-0.0,12.889258699963683,-1.0893479144604974
13.7,-58.06310235630922,0.12255330763695346,0.5094049754485199,0.37087670377942816,-0.0,12.898213170770724,-1.1028307068927667
13.725,-58.10792303291856,0.12200459227515649,0.5088620497706015,0.3711556004251318,-0.0,12.906434428872164,-1.116276909875569
13.75,-58.15260462234035,0.1214551283184832,0.5083270443997508,0.3714293659883294,-0.0,12.913940763926407,-1.1296813867021043
13.775,-58.19713058542519,0.12090526193161379,0.5077998911051607,0.37169804504842124,-0.0,12.920750441285026,-1.1430391756275575
13.8,-58.24148496102251,0.12035532849092521,0.5072805201584734,0.37196168319812306,-0.0,12.926881682501865,-1.156345488306752
13.825,-58.28565236033633,0.11980565255264118,0.5067688604331922,0.37222032698386015,-0.0,12.932352646656323,-1.1695957081008983
13.85,-58.329617960868326,0.11925654784039712,0.5062648395012401,0.37247402384745926,-0.0,12.937181412494958,-1.1827853882604977
13.875,-58.37336749997146,0.1187083172514723,0.5057683837266768,0.3727228220691543,-0.0,12.941385961393138,-1.1959102499914371
13.9,-58.41688726803773,0.11816125288091713,0.5052794183565904,0.37296677071191897,-0.0,12.944984161135913,-1.2089661804113199
13.925,-58.46016410134302,0.11761563606278726,0.5047978676091852,0.3732059195671379,-0.0,12.947993750515558,-1.2219492304029054
13.95,-58.50318537457189,0.11707173742768238,0.5043236547590887,0.37344031910162323,-0.0,12.950432324740598,-1.2348556123715675
13.975,-58.545938993044956,0.11652981697577462,0.5038567022199049,0.37367002040598446,-0.0,12.952317321649954,-1.2476816979134866
14.0,-58.588413384670794,0.11599012416450602,0.5033969316240494,0.37389507514435205,-0.0,12.953666008723232,-1.260424015401238
14.025,-58.63059749164442,0.11545289801012862,0.5029442638998954,0.374115535505459,-0.0,12.954495470877328,-1.2730792474933266
14.05,-58.672480761913434,0.11491836720226056,0.5024986193462717,0.37433145415507724,-0.0,12.95482259903738,-1.28564422857403
14.075,-58.71405314043285,0.11438675023063256,0.5020599177043509,0.3745428841898065,-0.0,12.954664079468982,-1.2981159421298556
14.100000000000001,-58.755305060228935,0.1138582555232034,0.5016280782269698,0.37474987909221136,-0.0,12.95403638385737,-1.3104915180686803
14.125,-58.79622743329174,0.1133330815948321,0.5012030197454257,0.37495249268729824,-0.0,12.952955760117867,-1.3227682299875219
14.15,-58.83681164131596,0.11281141720569979,0.5007846607337954,0.3751507791003261,-0.0,12.951438223921114,-1.3349434923947883
14.175,-58.87704952630846,0.11229344152869206,0.500372919370822,0.37534479271593874,-0.0,12.949499550915462,-1.3470148578925383
14.2,-58.91693338108085,0.11177932432496092,0.49996771359942016,0.37553458813860824,-0.0,12.94715526962824,-1.3589800143242556
14.225000000000001,-58.956455939644584,0.11126922612690493,0.49956896118384825,0.3757202201543771,-0.0,12.944420655026825,-1.370836781893375
14.25,-58.995610367525344,0.11076329842782322,0.49917657976459734,0.3759017436938839,-0.0,12.941310722719928,-1.3825831102576032
14.275,-59.03439025201334,0.11026168387751668,0.4987904869110498,0.37607921379665776,-0.0,12.937840223778766,-1.3942170756040013
14.3,-59.07278959236482,0.10976451648313378,0.49841060017195826,0.3762526855766654,-0.0,12.934023640157703,-1.4057368777094459
14.325,-59.110802789970116,0.1092719218145767,0.49803683712379754,0.37642221418909244,-0.0,12.92987518069328,-1.4171408369910345
14.350000000000001,-59.1484246385024,0.10878401721380965,0.4976691154170414,0.37658785479834234,-0.0,12.925408777660714,-1.4284273915507193
14.375,-59.185650314061064,0.10830091200743455,0.4973073528204188,0.3767496625472314,-0.0,12.920638083866175,-1.439595094218319
14.4,-59.222475365322786,0.10782270772192272,0.49695146726319966,0.3769076925273624,-0.0,12.915576470253768,-1.4506426095968357
14.425,-59.25889570371277,0.10734949830091994,0.49660137687556477,0.3770619997506544,-0.0,12.910237024005529,-1.46156871111383
14.45,-59.29490759360801,0.10688137032406493,0.49625700002711165,0.37721263912200875,-0.0,12.90463254711312,-1.4723722780824027
14.475000000000001,-59.33050764258388,0.10641840322678993,0.49591825536354833,0.3773596654130888,-0.0,12.898775555399922,-1.4830522927751644
14.5,-59.36569279171459,0.10596066952059932,0.49558506184162743,0.3775031332371918,-0.0,12.892678277972362,-1.4936078375143758
14.525,-59.400460305937656,0.10550823501334569,0.49525733876237094,0.37764309702519017,-0.0,12.886352657079415,-1.5040380917812968
14.55,-59.434807764491644,0.10506115902905462,0.49493500580263755,0.3777796110025187,-0.0,12.87981034835984,-1.5143423293474931
14.575,-59.46873305143624,0.10461949462687113,0.4946179830450821,0.3779127291671863,-0.0,12.873062721456492,-1.5245199154308715
14.600000000000001,-59.50223434626276,0.1041832888187313,0.49430619100655654,0.3780425052687867,-0.0,12.866120860977825,-1.5345703038788279
14.625,-59.53531011460293,0.10375258278538607,0.49399955066500256,0.3781689927884862,-0.0,12.85899556778683,-1.5444930343808785
14.65,-59.56795909904301,0.1033274120904312,0.4936979834848817,0.37829224491996466,-0.0,12.851697360598193,-1.5542877297129023
14.675,-59.60018031005007,0.10290780689202356,0.49340141144119276,0.3784123145512852,-0.0,12.844236477864714,-1.563954093015021
14.7,-59.631973017016385,0.10249379215198622,0.4931097570421212,0.37852925424767003,-0.0,12.836622879934732,-1.5734919051049154
14.725000000000001,-59.66333673942773,0.10208538784203192,0.4928229433503671,0.3786431162351583,-0.0,12.828866251462562,-1.582901021828318
14.75,-59.69427123816062,0.10168260914685626,0.4925408940031962,0.3787539523851218,-0.0,12.820976004054499,-1.592181371448185
14.775,-59.72477650691329,0.10128546666387506,0.49226353323125704,0.37886181419961645,-0.0,12.81296127913363,-1.6013329520739858
14.8,-59.75485276377459,0.10089396659940336,0.49199078587620954,0.37896675279754505,-0.0,12.804830951006867,-1.6103558291323778
14.825,-59.78450044293461,0.10050811096109351,0.49172257740720327,0.3790688189016082,-0.0,12.796593630118563,-1.619250132880382
14.850000000000001,-59.81372018654044,0.1001278977464715,0.4914588339362501,0.379168062826021,-0.0,12.788257666475168,-1.6280160559621328
14.875,-59.84251283670015,0.09975332112743014,0.49119948223252907,0.3792645344649726,-0.0,12.779831153226429,-1.6366538510100455
14.9,-59.870879427637355,0.09938437163055534,0.49094444973566315,0.3793582832818056,-0.0,12.771321930388687,-1.6451638282912064
14.925,-59.8988211779989,0.09902103631318196,0.49069366456800634,0.37944935829889376,-0.0,12.762737588696776,-1.653546353399669
14.95,-59.92633948331734,0.09866329893509061,0.49044705554597806,0.37953780808819537,-0.0,12.75408547357128,-1.6618018449952026
14.975000000000001,-59.953435908629956,0.09831114012577453,0.49020455219048037,0.37962368076246167,-0.0,12.745372689188708,-1.6699307725889867
15.0,-59.98011218125529,0.09796453754722019,0.48996608473643505,0.3797070239670775,-0.0,12.736606102642456,-1.677933654376588
15.025,-60.00637018372853,0.09762346605215992,0.4897315841414727,0.37978788487251475,-0.0,12.727792348183087,-1.685811055118558
15.05,-60.032211946895885,0.09728789783776914,0.48950098209380855,0.37986631016737704,-0.0,12.718937831527127,-1.6935635840687653
15.075,-60.057639643168905,0.09695780259479243,0.48927421101933705,0.3799423460520155,-0.0,12.710048734223642,-1.7011918929506713
15.100000000000001,-60.08265557993838,0.09663314765209564,0.48905120408797664,0.3800160382326961,-0.0,12.701131018068988,-1.7086966739815146
15.125,-60.107262193147974,0.09631389811665171,0.48883189521929554,0.38008743191629885,-0.0,12.692190429560183,-1.716078657944392
15.15,-60.131462041027206,0.09600001700897867,0.4886162190874474,0.3801565718055297,-0.0,12.683232504377923,-1.7233386123081615
15.175,-60.15525779798314,0.09569146539405735,0.4884041111254468,0.38022350209462635,-0.0,12.67426257189095,-1.7304773393949417
15.2,-60.178652248650145,0.09538820250776593,0.4881955075288116,0.3802882664655399,-0.0,12.665285759673697,-1.7374956745950434
15.225000000000001,-60.201648282096684,0.0950901858788753,0.48799034525859936,0.38035090808457456,-0.0,12.656306998029782,-1.7443944846290051
15.25,-60.22424888618804,0.09479737144665826,0.4877885620438644,0.38041146959946726,-0.0,12.647331024514259,-1.7511746658564127
15.275,-60.24645714210379,0.0945097136741702,0.48759009638356016,0.38046999313689084,-0.0,12.63836238844794,-1.7578371426311377
15.3,-60.268276219008406,0.09422716565726735,0.4873948875479121,0.3805265203003638,-0.0,12.629405455417766,-1.7643828657025218
15.325,-60.2897093688736,0.09394967922943182,0.48720287557928466,0.3805810921685504,-0.0,12.620464411757217,-1.7708128106620804
15.350000000000001,-60.310759921450654,0.09367720506247894,0.48701400129256484,0.3806337492939349,-0.0,12.61154326900149,-1.777127976435196
15.375,-60.33143127939085,0.0934096927632267,0.48682820627508533,0.3806845317018555,-0.0,12.602645868312386,-1.7833293838172544
15.4,-60.351726913512195,0.09314709096620964,0.4866454328861082,0.38073347888988185,-0.0,12.593775884868235,-1.7894180740536583
15.425,-60.37165035821036,0.09288934742252392,0.48646562425588985,0.380780629827522,-0.0,12.584936832214536,-1.7953951074631078
15.45,-60.39120520701168,0.09263640908489305,0.48628872428434783,0.3808260229562446,-0.0,12.576132066571397,-1.8012615621035037
15.475000000000001,-60.410395108266236,0.09238822218904497,0.48611467763934796,0.38086969618980293,-0.0,12.567364791093988,-1.8070185324798707
15.5,-60.42922376097838,0.0921447323314943,0.4859434297546313,0.38091168691484556,-0.0,12.558638060082876,-1.812667128293514
15.525,-60.44769491077285,0.09190588454382427,0.4857749268273985,0.38095203199180366,-0.0,12.54995478314101,-1.8182084732318557
15.55,-60.46581234599374,0.09167162336356471,0.48560911581556926,0.3809907677560393,-0.0,12.541317729274647,-1.8236437037981217
15.575,-60.48357989393404,0.09144189290176195,0.4854459444347331,0.3810279300192441,-0.0,12.532729530935782,-1.8289739681802124
15.600000000000001,-60.50100141719333,0.09121663690733833,0.48528536115480814,0.38106355407107606,-0.0,12.524192688003758,-1.8342004251579986
15.625,-60.518080810161024,0.09099579882833887,0.4851273151964234,0.3810976746810227,-0.0,12.515709571704138,-1.839324243048307
15.65,-60.53482199562275,0.0907793218701612,0.48497175652703944,0.38113032610047987,-0.0,12.507282428463025,-1.8443465986868246
15.675,-60.55122892148719,0.09056714905086681,0.48481863585682194,0.38116154206503494,-0.0,12.498913383695328,-1.849268676446156
15.7,-60.56730555763097,0.09035922325366881,0.4846679046342819,0.381191355796944,-0.0,12.49060444552559,-1.8540916672892898
15.725000000000001,-60.583055892858894,0.09015548727669206,0.4845195150416961,0.3812198000077932,-0.0,12.482357508440298,-1.8588167678576681
15.75,-60.59848393197702,0.08995588388010017,0.4843734199903212,0.3812469069013342,-0.0,12.474174356870734,-1.8634451795931062
15.775,-60.61359369297595,0.08976035583068204,0.4842295731154119,0.3812727081764844,-0.0,12.46605666870548,-1.8679781078927837
15.8,-60.62838920432174,0.08956884594399038,0.48408792877105866,0.38129723503048224,-0.0,12.458006018732112,-1.8724167612965223
15.825,-60.64287450235199,0.08938129712412254,0.48394844202485215,0.38132051816219026,-0.0,12.450023882007569,-1.8767623507055957
15.850000000000001,-60.657053628774285,0.08919765240123195,0.4838110686523891,0.3813425877755354,-0.0,12.442111637156845,-1.8810160886322853
15.875,-60.670930628264735,0.0890178549668584,0.483675765131628,0.3813634735830799,-0.0,12.434270569599922,-1.8851791884794202
15.9,-60.684509546163845,0.08884184820716148,0.4835424886371058,0.38138320480971377,-0.0,12.426501874706785,-1.8892528638491533
15.925,-60.69779442626734,0.08866957573414144,0.4834111970340246,0.38140181019646213,-0.0,12.418806660880705,-1.8932383278802027
15.95,-60.710789308709344,0.08850098141492863,0.4832818488722186,0.3814193180043996,-0.0,12.411185952569962,-1.897136792612803
15.975000000000001,-60.72349822793554,0.08833600939922143,0.48315440338000976,0.3814357560186642,-0.0,12.403640693208148,-1.900949468380663
16.0,-60.735925210763824,0.08817460414495028,0.48302882045796086,0.3814511515525648,-0.0,12.396171748083656,-1.904677563229147
16.025,-60.74807427452998,0.088016710442243,0.48290506067253425,0.3814655314517752,-0.0,12.388779907138677,-1.908322282358995
16.05,-60.75994942531615,0.08786227343576523,0.48278308524966423,0.38147892209860795,-0.0,12.381465887698264,-1.911884827594845
16.075,-60.77155465625953,0.0877112386455074,0.4826628560682511,0.38149134941636276,-0.0,12.374230337130166,-1.9153663968778594
16.1,-60.78289394593921,0.08756355198608685,0.48254433565358307,0.38150283887374303,-0.0,12.36707383543603,-1.918768183781762
16.125,-60.79397125683866,0.08741915978463308,0.48242748717069434,0.3815134154893351,-0.0,12.359996897774812,-1.9220913770515977
16.15,-60.8047905338818,0.08727800879732024,0.48231227441766494,0.3815231038361448,-0.0,12.352999976919174,-1.9253371601645397
16.175,-60.81535570304028,0.08714004622461075,0.4821986618188697,0.3815319280461862,-0.0,12.346083465645709,-1.9285067109120844
16.2,-60.82567067000995,0.08700521972526978,0.4820866144181813,0.3815399118151169,-0.0,12.339247699059905,-1.9316012010029844
16.225,-60.83573931895427,0.0868734774292101,0.4819760978721342,0.38154707840691676,-0.0,12.332492956856909,-1.9346217956862801
16.25,-60.845565511312685,0.0867447679492239,0.48186707844305493,0.38155345065860363,-0.0,12.325819465518883,-1.9375696533938054
16.275,-60.8551530846718,0.08661904039165566,0.48175952299216357,0.3815590509849825,-0.0,12.319227400450128,-1.9404459254015392
16.3,-60.864505851697416,0.08649624436606958,0.4816533989726519,0.38156390138342416,-0.0,12.312716888050975,-1.9432517555092246
16.325,-60.873627599125484,0.08637632999396168,0.48154867442274296,0.38156802343866913,-0.0,12.306288007731524,-1.945988279737645
16.35,-60.88252208680993,0.08625924791656564,0.4814453179587369,0.3815714383276526,-0.0,12.299940793866307,-1.948656626042978
16.375,-60.891193046825656,0.08614494930179925,0.48134329876804727,0.38157416682434736,-0.0,12.293675237690973,-1.9512579140476964
16.4,-60.89964418262471,0.08603338585039642,0.4812425866022319,0.38157622930462054,-0.0,12.287491289142178,-1.9537932547874135
16.425,-60.907879168243895,0.08592450980126842,0.48114315177002276,0.38157764575110176,-0.0,12.281388858641787,-1.9562637504731681
16.45,-60.91590164756206,0.08581827393613546,0.4810449651303586,0.3815784357580582,-0.0,12.275367818826513,-1.9586704942686175
16.475,-60.92371523360537,0.0857146315834687,0.4809479980854232,0.38157861853627484,-0.0,12.269428006224151,-1.961014570081611
16.5,-60.931323507898824,0.08561353662178078,0.4808522225736941,0.3815782129179356,-0.0,12.26356922287761,-1.9632970523696471
16.525,-60.938730019862476,0.08551494348230138,0.48075761106300385,0.38157723736150406,-0.0,12.25779123791782,-1.9655190059587424
16.55,-60.945938286250666,0.0854188071510728,0.48066413654361767,0.38157570995660006,-0.0,12.25209378908676,-1.9676814858751994
16.575,-60.95295179063281,0.08532508317049953,0.48057177252133004,0.38157364842886976,-0.0,12.246476584211681,-1.9697855371898427
16.6,-60.95977398291416,0.08523372764038253,0.4804804930105833,0.3815710701448473,-0.0,12.240939302631707,-1.971832194874247
16.625,-60.9664082788951,0.08514469721847039,0.48039027252761124,0.38156799211680525,-0.0,12.235481596577968,-1.9738224836685303
16.65,-60.972858059867576,0.08505794912055518,0.48030108608360894,0.38156443100759185,-0.0,12.230103092508362,-1.9757574179602726
16.675,-60.97912667224717,0.08497344112014199,0.4802129091779331,0.3815604031354532,-0.0,12.224803392398131,-1.9776380016741504
16.7,-60.98521742723957,0.08489113154771759,0.4801257177913335,0.38155592447883796,-0.0,12.21958207498731,-1.9794652281718703
16.725,-60.991133600540074,0.0848109792896444,0.4800394883792191,0.3815510106811833,-0.0,12.214438696986159,-1.981240080162022
16.75,-60.996878432064825,0.08473294378670367,0.47995419786495924,0.38154567705567966,-0.0,12.209372794239727,-1.9829635296194474
16.775,-61.0024551257126,0.08465698503231044,0.4798698236332234,0.3815399385900134,-0.0,12.204383882852522,-1.98463653771378
16.8,-61.00786684915587,0.08458306357042279,0.47978634352336036,0.38153380995108516,-0.0,12.199471460274472,-1.98626005474676
16.825,-61.01311673366,0.0845111404931655,0.47970373582281894,0.3815273054897029,-0.0,12.194635006349138,-1.9878350200979993
16.85,-61.01820787392947,0.08444117743818845,0.47962197926061123,0.38152043924524764,-0.0,12.189873984325232,-1.9893623621788405
16.875,-61.023143327979966,0.08437313658577812,0.4795410530008206,0.38151322495031154,-0.0,12.185187841832484,-1.9908429983939895
16.9,-61.02792611703532,0.08430698065574019,0.4794609366361556,0.38150567603530583,-0.0,12.18057601182281,-1.992277835110596
16.925,-61.032559225448225,0.08424267290407018,0.47938161018155057,0.38149780563303853,-0.0,12.176037913477803,-1.9936677676344672
16.95,-61.03704560064372,0.08418017711942825,0.47930305406781526,0.3814896265832604,-0.0,12.171572953083523,-1.9950136801931164
16.975,-61.04138815308454,0.08411945761943278,0.47922524913533315,0.38148115143717787,-0.0,12.167180524873459,-1.9963164459253617
17.0,-61.045589756257264,0.08406047924678818,0.47914817662781095,0.38147239246193243,-0.0,12.162860011840674,-1.997576926877179
17.025,-61.049653246678474,0.08400320736525954,0.47907181818607925,0.38146336164504535,-0.0,12.158610786519997,-1.9987959740035421
17.05,-61.053581423919965,0.08394760785550776,0.4789961558419456,0.38145407069882686,-0.0,12.154432211741138,-1.9999744271759894
17.075,-61.05737705065216,0.08389364711079685,0.4789211720121012,0.38144453106474924,-0.0,12.150323641353692,-2.001113115195647
17.1,-61.06104285270494,0.08384129203258532,0.478846849492081,0.3814347539177827,-0.0,12.146284420924717,-2.002212855811481
17.125,-61.064581519145015,0.08379051002601244,0.47877317145027914,0.381424750170694,-0.0,12.142313888409934,-2.0032744557435045
17.15,-61.06799570236921,0.08374126899528941,0.4787001214220194,0.3814145304783064,-0.0,12.138411374799132,-2.0042987107107626
17.175,-61.071288018212684,0.08369353733900559,0.47862768330368166,0.38140410524172114,-0.0,12.134576204736765,-2.005286405463805
17.2,-61.0744610460716,0.08364728394535868,0.478555841346885,0.3813934846124992,-0.0,12.130807697118431,-2.006238313821479
17.225,-61.077517329039395,0.08360247818731742,0.4784845801527275,0.3813826784968038,-0.0,12.127105165663977,-2.007155198711818
17.25,-61.08045937405604,0.08355908991772507,0.4784138846660837,0.381371696559502,-0.0,12.123467919468027,-2.008037812216812
17.275,-61.08328965206961,0.08351708946435121,0.47834374016995973,0.3813605482282262,-0.0,12.119895263528612,-2.0088868956208827
17.3,-61.08601059820955,0.08347644762489916,0.4782741322799064,0.3813492426973944,-0.0,12.116386499254606,-2.009703179462864
17.325,-61.08862461197102,0.08343713566197579,0.47820504693849086,0.3813377889321893,-0.0,12.112940924952698,-2.010487383591306
17.35,-61.09113405740979,0.08339912529802977,0.47813647040982676,0.38132619567249554,-0.0,12.109557836294488,-2.0112402172229364
17.375,-61.093541263346985,0.08336238871026443,0.4780683892741635,0.3813144714367954,-0.0,12.106236526764413,-2.0119623790040952
17.4,-61.095848523583314,0.08332689852553089,0.47800079042253385,0.3813026245260225,-0.0,12.102976288089161,-2.012654557074994
17.425,-61.09805809712211,0.08329262781520662,0.47793366105146146,0.3812906630273729,-0.0,12.099776410649097,-2.0133174291366336
17.45,-61.10017220840075,0.08325955009006387,0.4778669886577271,0.3812785948180744,-0.0,12.096636183872384,-2.0139516625202245
17.475,-61.10219304752995,0.08322763929513338,0.47780076103319413,0.38126642756911294,-0.0,12.093554896612332,-2.0145579142589853
17.5,-61.10412277054049,0.08319686980456681,0.4777349662596937,0.38125416874891654,-0.0,12.090531837508554,-2.0151368311621476
17.525,-61.105963499636864,0.08316721641650245,0.4776695927039687,0.3812418256269967,-0.0,12.087566295332481,-2.015689049891059
17.55,-61.10771732345744,0.08313865434793742,0.47760462901267736,0.38122940527754706,-0.0,12.084657559317783,-2.0162151970372326
17.575,-61.10938629734079,0.08311115922961047,0.4775400641074559,0.3812169145829993,-0.0,12.081804919476154,-2.016715889202237
17.6,-61.11097244359763,0.08308470710089758,0.4774758871800403,0.38120436023753645,-0.0,12.079007666899056,-2.0171917330792892
17.625,-61.11247775178815,0.08305927440472448,0.47741208768744703,0.3811917487505636,-0.0,12.076265094045803,-2.017643325536444
17.65,-61.11390417900421,0.08303483798249804,0.4773486553472128,0.38117908645013576,-0.0,12.073576495018564,-2.018071253701262
17.675,-61.1152536501562,0.08301137506905922,0.4772855801326929,0.3811663794863433,-0.0,12.070941165824653,-2.0184760950468594
17.7,-61.116528058264045,0.08298886328766035,0.47722285226841793,0.38115363383465495,-0.0,12.068358404626608,-2.0188584174792132
17.725,-61.117729264752214,0.08296728064496826,0.4771604622255093,0.38114085529921854,-0.0,12.065827511980467,-2.019218779425664
17.75,-61.118859099748214,0.08294660552609597,0.4770984007171525,0.3811280495161191,-0.0,12.063347791062668,-2.019557729924464
17.775,-61.11991936238446,0.08292681668966412,0.47703665869412826,0.3811152219565954,-0.0,12.060918547885954,-2.0198758087153372
17.8,-61.120911821103064,0.08290789326289422,0.47697522734040154,0.38110237793021395,-0.0,12.058539091504697,-2.020173546330919
17.825,-61.121838213963386,0.08288981473673523,0.4769140980687677,0.3810895225880017,-0.0,12.056208734210054,-2.0204514641890157
17.85,-61.12270024895198,0.08287256096102472,0.47685326251655596,0.3810766609255369,-0.0,12.053926791715224,-2.0207100746855935
17.875,-61.12349960429474,0.08285611213968606,0.47679271254138944,0.38106379778599814,-0.0,12.051692583331246,-2.0209498812884226
17.9,-61.124237928770995,0.08284044882596257,0.4767324402170018,0.3810509378631731,-0.0,12.049505432133698,-2.021171378631298
17.925,-61.12491684202925,0.08282555191768999,0.4766724378291101,0.38103808570442543,-0.0,12.04736466512053,-2.021375052608775
17.95,-61.12553793490445,0.08281140265260785,0.4766126978713434,0.3810252457136209,-0.0,12.045269613361421,-2.021561380471335
17.975,-61.12610276973645,0.08279798260371088,0.4765532130412267,0.3810124221540135,-0.0,12.043219612139023,-2.021730830920934
18.0,-61.126612880689535,0.08278527367464104,0.47649397623622036,0.38099961915109076,-0.0,12.041214001082254,-2.02188386420686
18.025,-61.127069774072794,0.08277325809512094,0.4764349805498139,0.3809868406953792,-0.0,12.039252124292082,-2.022020932221838
18.05,-61.12747492866111,0.08276191841642891,0.47637621926767454,0.3809740906452098,-0.0,12.037333330459973,-2.022142478598332
18.075000000000003,-61.12782979601664,0.0827512375069168,0.4763176858638493,0.38096137272944414,-0.0,12.035456972979297,-2.0222489388049922
18.1,-61.12813580081058,0.08274119854757048,0.4762593739970213,0.3809486905501609,-0.0,12.033622410050034,-2.0223407402431746
18.125,-61.12839434114503,0.08273178502761322,0.4762012775068186,0.38093604758530386,-0.0,12.031829004776924,-2.0224183023435094
18.15,-61.12860678887484,0.08272298074015312,0.4761433904101766,0.3809234471912908,-0.0,12.030076125261365,-2.022482036662452
18.175,-61.12877448992928,0.08271476977787375,0.47608570689775187,0.38091089260558414,-0.0,12.028363144687289,-2.022532346978783
18.200000000000003,-61.12889876463331,0.08270713652876902,0.4760282213303891,0.3808983869492235,-0.0,12.026689441401267,-2.0225696293899937
18.225,-61.12898090802849,0.08270006567192183,0.47597092823563847,0.3808859332293203,-0.0,12.025054398986983,-2.022594272408546
18.25,-61.12902219019311,0.08269354217332714,0.47591382230432505,0.3808735343415149,-0.0,12.023457406334426,-2.0226066570579335
18.275,-61.12902385656178,0.08268755128175893,0.4758568983871683,0.38086119307239674,-0.0,12.021897857703852,-2.0226071569685335
18.3,-61.128987128244,0.08268207852468173,0.4758001514914523,0.3808489121018874,-0.0,12.02037515278486,-2.0225961384731996
18.325000000000003,-61.12891320234185,0.08267710970420575,0.475743576777745,0.3808366940055872,-0.0,12.018888696750663,-2.0225739607025544
18.35,-61.1288032522666,0.08267263089308662,0.47568716955666795,0.3808245412570853,-0.0,12.017437900307788,-2.0225409756799797
18.375,-61.128658428054074,0.08266862843076887,0.4756309252857141,0.3808124562302347,-0.0,12.016022179741423,-2.022497528416222
18.4,-61.12847985667881,0.08266508891947337,0.47557483956611424,0.3808004412013904,-0.0,12.01464095695647,-2.022443957003642
18.425,-61.1282686423668,0.08266199922032826,0.4755189081397517,0.3807884983516136,-0.0,12.013293659514597,-2.0223805927100393
18.450000000000003,-61.12802586690677,0.08265934644954383,0.47546312688612424,0.38077662976884014,-0.0,12.01197972066737,-2.0223077600720303
18.475,-61.12775258995992,0.08265711797463039,0.4754074918193536,0.3807648374500147,-0.0,12.01069857938567,-2.0222257769879755
18.5,-61.12744984936805,0.0826553014106594,0.47535199908524095,0.38075312330319083,-0.0,12.00944968038547,-2.022134954810414
18.525,-61.12711866145996,0.08265388461656746,0.4752966449583692,0.3807414891495969,-0.0,12.008232474150216,-2.022035598437988
18.55,-61.126760021356084,0.0826528556915029,0.47524142583925055,0.3807299367256685,-0.0,12.007046416949887,-2.021928006406825
18.575000000000003,-61.12637490327129,0.08265220297121476,0.47518633825151957,0.38071846768504825,-0.0,12.005890970856875,-2.021812470981387
18.6,-61.12596426081576,0.08265191502448391,0.4751313788391711,0.3807070836005514,-0.0,12.004765603758807,-2.021689278244729
18.625,-61.125529027293936,0.08265198064959572,0.4750765443638422,0.38069578596610043,-0.0,12.00366978936848,-2.0215587081881807
18.65,-61.12507011600138,0.08265238887085448,0.4750218317021382,0.3806845761986265,-0.0,12.002603007230991,-2.0214210348004142
18.675,-61.12458842051965,0.0826531289351387,0.47496723784300215,0.3806734556399395,-0.0,12.001564742728178,-2.0212765261558947
18.700000000000003,-61.12408481500898,0.0826541903084975,0.4749127598851272,0.3806624255585663,-0.0,12.000554487080459,-2.021125444502693
18.725,-61.1235601544988,0.08265556267278729,0.4748583950344114,0.3806514871515583,-0.0,11.999571737346296,-2.020968046349639
18.75,-61.12301527517607,0.08265723592234862,0.4748041406014545,0.3806406415462677,-0.0,11.998615996419206,-2.0208045825528216
18.775,-61.122450994671354,0.08265920016072295,0.47474999399909634,0.3806298898020939,-0.0,11.997686773022581,-2.0206352984014058
18.8,-61.12186811234255,0.08266144569740873,0.4746959527399965,0.380619232912199,-0.0,11.996783581702285,-2.020460433702764
18.825000000000003,-61.121267409556346,0.08266396304465666,0.47464201443425424,0.3806086718051945,-0.0,11.995905942817247,-2.0202802228669037
18.85,-61.12064964996731,0.08266674291430379,0.47458817678706905,0.38059820734679767,-0.0,11.99505338252804,-2.0200948949901933
18.875,-61.12001557979454,0.08266977621464562,0.4745344375964405,0.38058784034145965,-0.0,11.994225432783567,-2.019904673938362
18.9,-61.11936592809594,0.08267305404734676,0.4744807947509075,0.38057757153396415,-0.0,11.993421631305937,-2.019709778428781
18.925,-61.11870140704003,0.08267656770438879,0.47442724622732657,0.3805674016109983,-0.0,11.992641521573633,-2.0195104221120084
18.950000000000003,-61.118022712175275,0.08268030866505553,0.47437379008868824,0.380557331202695,-0.0,11.991884652803014,-2.0193068136525825
18.975,-61.11733052269696,0.08268426859295541,0.47432042448197137,0.38054736088414803,-0.0,11.991150579928206,-2.0190991568090877
19.0,-61.11662550171149,0.08268843933308026,0.47426714763603506,0.3805374911768992,-0.0,11.990438863579564,-2.0188876505134465
19.025,-61.11590829649821,0.08269281290890015,0.47421395785954734,0.3805277225503992,-0.0,11.989749070060634,-2.018672488949463
19.05,-61.11517953876868,0.08269738151949436,0.47416085353895077,0.38051805542344097,-0.0,11.989080771323753,-2.0184538616306034
19.075000000000003,-61.114439844923325,0.08270213753671758,0.4741078331364637,0.3805084901655673,-0.0,11.988433544944366,-2.0182319534769975
19.1,-61.11368981630561,0.08270707350240127,0.47405489518811783,0.3804990270984522,-0.0,11.98780697409408,-2.0180069448916824
19.125,-61.11293003945352,0.08271218212558995,0.4740020383018302,0.38048966649725635,-0.0,11.987200647512577,-2.017779011836057
19.15,-61.11216108634857,0.08271745627981152,0.4739492611555106,0.38048040859195764,-0.0,11.986614159478309,-2.017548325904571
19.175,-61.11138351466209,0.08272288900038205,0.4738965624952033,0.38047125356865613,-0.0,11.98604710977821,-2.017315054398626
19.200000000000003,-61.110597867998976,0.08272847348174384,0.47384394113326234,0.3804622015708547,-0.0,11.985499103676348,-2.0170793603996926
19.225,-61.109804676138836,0.08273420307483716,0.4737913959465607,0.38045325270071506,-0.0,11.984969751881614,-2.0168414028416506
19.25,-61.109004455274444,0.08274007128450478,0.4737389258747325,0.38044440702028975,-0.0,11.984458670514506,-2.016601336582333
19.275,-61.10819770824765,0.08274607176692923,0.4736865299184474,0.38043566455273053,-0.0,11.983965481073035,-2.0163593124742953
19.3,-61.10738492478264,0.08275219832710233,0.473634207137718,0.380427025283473,-0.0,11.983489810397788,-2.0161154774347927
19.325000000000003,-61.106566581716564,0.08275844491632679,0.47358195665023833,0.3804184891613983,-0.0,11.983031290636248,-2.015869974514969
19.35,-61.105743143227535,0.08276480562974932,0.4735297776297543,0.3804100560999722,-0.0,11.982589559206362,-2.0156229429682604
19.375,-61.10491506106006,0.08277127470392509,0.4734776693044646,0.380401725978361,-0.0,11.982164258759381,-2.0153745183180183
19.4,-61.10408277474778,0.08277784651441326,0.4734256309554527,0.38039349864252625,-0.0,11.981755037142111,-2.015124832424334
19.425,-61.10324671183366,0.08278451557340323,0.4733736619151485,0.38038537390629645,-0.0,11.98136154735847,-2.0148740135500987
19.450000000000003,-61.102407288087534,0.08279127652737091,0.4733217615658202,0.3803773515524182,-0.0,11.980983447530527,-2.01462218642626
19.475,-61.10156490772105,0.08279812415476545,0.47326992933809514,0.38036943133358525,-0.0,11.98062040085895,-2.0143694723163144
19.5,-61.100719963600035,0.0828050533637254,0.47321816470950995,0.38036161297344706,-0.0,11.980272075582961,-2.01411598908001
19.525,-61.09987283745425,0.08281205918982443,0.47316646720308886,0.38035389616759663,-0.0,11.97993814493984,-2.0138618512362747
19.55,-61.099023900084575,0.08281913679384605,0.47311483638595053,0.3803462805845376,-0.0,11.979618287123905,-2.0136071700253724
19.575000000000003,-61.09817351156762,0.08282628145958729,0.4730632718679425,0.3803387658666317,-0.0,11.979312185245158,-2.0133520534702867
19.6,-61.09732202145778,0.08283348859169082,0.4730117733003029,0.380331351631026,-0.0,11.979019527287502,-2.0130966064373332
19.625,-61.09646976898667,0.08284075371350515,0.47296034037434953,0.3803240374705609,-0.0,11.97874000606659,-2.0128409306960013
19.65,-61.09561708326015,0.08284807246497315,0.472908972820195,0.380316822954659,-0.0,11.978473319187394,-2.0125851249780453
19.675,-61.09476428345267,0.0828554406005478,0.47285767040548865,0.3803097076301944,-0.0,11.978219169001392,-2.0123292850358006
19.700000000000003,-61.09391167899919,0.08286285398713551,0.47280643293418423,0.38030269102234404,-0.0,11.977977262563533,-2.012073503699757
19.725,-61.09305956978456,0.08287030860206664,0.47275526024533265,0.3802957726354204,-0.0,11.97774731158896,-2.011817870935367
19.75,-61.092208246330394,0.08287780053109255,0.47270415221190043,0.38028895195368595,-0.0,11.977529032409416,-2.011562473899118
19.775,-61.09135798997947,0.08288532596640942,0.47265310873961247,0.38028222844214976,-0.0,11.977322145929563,-2.0113073969938413
19.8,-61.09050907307768,0.08289288120470828,0.4726021297658195,0.38027560154734685,-0.0,11.977126377582993,-2.011052721923305
19.825000000000003,-61.089661759153486,0.08290046264525108,0.4725512152583895,0.3802690706980999,-0.0,11.976941457288168,-2.010798527746046
19.85,-61.08881630309495,0.08290806678797244,0.47250036521462263,0.38026263530626403,-0.0,11.976767119404165,-2.010544890928485
19.875,-61.08797295132437,0.0829156902316069,0.47244957966018974,0.38025629476745487,-0.0,11.976603102686301,-2.01029188539731
19.9,-61.08713194197043,0.0829233296718415,0.4723988586480937,0.3802500484617601,-0.0,11.976449150241677,-2.01003958259113
19.925,-61.08629350503806,0.08293098189949323,0.47234820225765345,0.3802438957544346,-0.0,11.97630500948462,-2.009788051511417
19.950000000000003,-61.0854578625758,0.08293864379871127,0.4722976105935101,0.3802378359965799,-0.0,11.976170432092013,-2.00953735877274
19.975,-61.084625228840906,0.08294631234520373,0.4722470837846555,0.3802318685258074,-0.0,11.97604517395866,-2.0092875686522715
20.0,-61.08379581046202,0.08295398460448859,0.4721966219834818,0.3802259926668868,-0.0,11.975928995152538,-2.009038743138606
20.025,-61.08296980659959,0.08296165773016867,0.4721462253648526,0.38022020773237847,-0.0,11.975821659870064,-2.0087909419798775
20.05,-61.082147409103925,0.08296932896223036,0.47209589412519537,0.38021451302325154,-0.0,11.975722936391335,-2.008544222731177
20.075000000000003,-61.081328802670946,0.08297699562536577,0.47204562848161363,0.3802089078294868,-0.0,11.975632597035414,-2.0082986408012835
20.1,-61.080514164995705,0.08298465512731848,0.4719954286710203,0.3802033914306652,-0.0,11.975550418115605,-2.0080542494987115
20.125,-61.07970366692363,0.08299230495725195,0.4719452949492905,0.3801979630965423,-0.0,11.975476179894763,-2.007811100077088
20.15,-61.078897472599486,0.08299994268414106,0.4718952275904343,0.38019262208760807,-0.0,11.97540966654069,-2.0075692417798456
20.175,-61.078095739614184,0.08300756595518617,0.47184522688578834,0.3801873676556336,-0.0,11.975350666081537,-2.0073287218842553
20.200000000000003,-61.0772986191493,0.08301517249424946,0.4717952931432275,0.380182199044204,-0.0,11.97529897036137,-2.0070895857447906
20.225,-61.0765062561195,0.08302276010031365,0.47174542668639374,0.38017711548923744,-0.0,11.975254374995709,-2.00685187683585
20.25,-61.075718789312695,0.08303032664596245,0.47169562785394487,0.38017211621949204,-0.0,11.975216679327264,-2.0066156367938084
20.275,-61.074936351528144,0.08303787007588291,0.47164589699882054,0.38016720045705904,-0.0,11.975185686381737,-2.006380905458443
20.3,-61.07415906971236,0.08304538840538914,0.4715962344875263,0.38016236741784354,-0.0,11.97516120282373,-2.0061477209137073
20.325000000000003,-61.07338706509293,0.08305287971896738,0.47154664069943525,0.38015761631203293,-0.0,11.975143038912803,-2.0059161195278787
20.35,-61.072620453310236,0.08306034216884224,0.47149711602610667,0.38015294634455304,-0.0,11.975131008459709,-2.0056861359930704
20.375,-61.07185934454711,0.08306777397356366,0.471447660870622,0.3801483567155121,-0.0,11.975124928782696,-2.005457803364132
20.4,-61.07110384365642,0.08307517341661469,0.47139827564693704,0.380143846620633,-0.0,11.97512462066402,-2.0052311530969247
20.425,-61.07035405028664,0.08308253884503966,0.4713489607792507,0.3801394152516739,-0.0,11.975129908306634,-2.0050062150859915
20.450000000000003,-61.0696100590054,0.08308986866809252,0.47129971670139004,0.3801350617968376,-0.0,11.975140619291027,-2.0047830177016195
20.475,-61.068871959421024,0.08309716135590553,0.4712505438562107,0.3801307854411694,-0.0,11.975156584532243,-2.004561587826307
20.5,-61.0681398363021,0.08310441543817744,0.47120144269501324,0.38012658536694427,-0.0,11.97517763823712,-2.0043419508906304
20.525,-61.06741376969512,0.08311162950288158,0.4711524136769746,0.3801224607540431,-0.0,11.975203617861714,-2.0041241309085365
20.55,-61.06669383504015,0.0831188021949934,0.47110345726859437,0.3801184107803182,-0.0,11.9752343640689,-2.003908150512044
20.575000000000003,-61.065980103284566,0.08312593221523702,0.4710545739431563,0.38011443462194877,-0.0,11.975269720686251,-2.0036940309853697
20.6,-61.06527264099498,0.0831330183188512,0.4710057641802038,0.3801105314537858,-0.0,11.975309534664072,-2.0034817922984947
20.625,-61.06457151046718,0.083140059314374,0.47095702846502974,0.380106700449687,-0.0,11.975353656033683,-2.0032714531401545
20.65,-61.06387676983427,0.08314705406244609,0.4709083672881805,0.380102940782842,-0.0,11.975401937865964,-2.003063030950282
20.675,-61.063188473172985,0.08315400147463264,0.47085978114497334,0.3800992516260882,-0.0,11.975454236230092,-2.0028565419518953
20.700000000000003,-61.06250667060813,0.08316090051226345,0.4708112705350277,0.38009563215221637,-0.0,11.97551041015256,-2.002652001182439
20.725,-61.061831408415294,0.08316775018529135,0.47076283596180907,0.38009208153426755,-0.0,11.975570321576392,-2.002449422524588
20.75,-61.06116272912172,0.08317454955116822,0.47071447793218646,0.3800885989458208,-0.0,11.975633835320686,-2.0022488187365153
20.775,-61.060500671605446,0.08318129771373915,0.4706661969560022,0.3800851835612719,-0.0,11.975700819040359,-2.0020502014816337
20.8,-61.05984527119273,0.08318799382215372,0.4706179935456544,0.3800818345561032,-0.0,11.975771143186174,-2.001853581357818
20.825000000000003,-61.05919655975367,0.08319463706979516,0.47056986821569174,0.38007855110714506,-0.0,11.97584468096504,-2.0016589679261014
20.85,-61.05855456579626,0.08320122669322609,0.47052182148241994,0.38007533239282876,-0.0,11.975921308300585,-2.001466369738877
20.875,-61.05791931455861,0.08320776197115196,0.4704738538635205,0.38007217759343126,-0.0,11.976000903793985,-2.001275794367583
20.9,-61.05729082809963,0.08321424222340072,0.4704259658776805,0.38006908589131166,-0.0,11.976083348685112,-2.001087248429889
20.925,-61.05666912538802,0.0832206668099195,0.47037815804423444,0.38006605647114,-0.0,11.97616852681392,-2.0009007376164054
20.950000000000003,-61.05605422238961,0.08322703512978771,0.4703304308828164,0.38006308852011816,-0.0,11.976256324582174,-2.0007162667168834
20.975,-61.055446132153165,0.08323334662024628,0.4702827849130237,0.380060181228193,-0.0,11.976346630915408,-2.000533839645949
21.0,-61.05484486489454,0.08323960075574313,0.47023522065409107,0.38005733378826245,-0.0,11.976439337225237,-2.000353459468362
21.025,-61.05425042807932,0.08324579704699465,0.47018773862457525,0.38005454539637373,-0.0,11.976534337371922,-2.000175128423796
21.05,-61.05366282650388,0.08325193504006285,0.4701403393420499,0.380051815251915,-0.0,11.976631527627244,-1.9999988479511641
21.075000000000003,-61.05308206237494,0.08325801431544823,0.4700930233228107,0.38004914255779965,-0.0,11.97673080663772,-1.999824618712482
21.1,-61.05250813538761,0.08326403448719781,0.47004579108159017,0.3800465265206438,-0.0,11.976832075388058,-1.9996524406162832
21.125,-61.05194104280192,0.08326999520202881,0.46999864313128215,0.38004396635093723,-0.0,11.976935237164996,-1.999482312840576
21.15,-61.05138077951793,0.08327589613846707,0.4699515799826759,0.38004146126320754,-0.0,11.977040197521365,-1.999314233855378
21.175,-61.050827338149325,0.08328173700600057,0.4699046021441994,0.38003901047617805,-0.0,11.977146864240558,-1.9991482014447974
21.200000000000003,-61.05028070909566,0.08328751754424756,0.46985771012167166,0.3800366132129193,-0.0,11.97725514730122,-1.9989842127286976
21.225,-61.04974088061309,0.0832932375221395,0.469810904418064,0.38003426870099455,-0.0,11.977364958842337,-1.9988222641839277
21.25,-61.04920783888382,0.0832988967371182,0.46976418553327004,0.380031976172599,-0.0,11.977476213128575,-1.9986623516651447
21.275,-61.04868156808405,0.08330449501434725,0.4697175539638842,0.3800297348646935,-0.0,11.977588826515994,-1.9985044704252146
21.3,-61.04816205045068,0.08331003220593752,0.4696710102029886,0.38002754401913225,-0.0,11.97770271741805,-1.9983486151352032
21.325000000000003,-61.047649266346596,0.08331550819018683,0.469624554739948,0.3800254028827849,-0.0,11.977817806271917,-1.9981947799039785
21.35,-61.047143194324676,0.08332092287083286,0.4695781880602128,0.3800233107076532,-0.0,11.977934015505141,-1.9980429582974024
21.375,-61.04664381119046,0.0833262761763201,0.4695319106451297,0.3800212667509824,-0.0,11.978051269502638,-1.9978931433571367
21.4,-61.04615109206355,0.08333156805908011,0.4694857229717606,0.38001927027536714,-0.0,11.97816949457397,-1.9977453276190658
21.425,-61.045665010437766,0.08333679849482496,0.469439625512708,0.3800173205488524,-0.0,11.978288618920995,-1.9975995031313296
21.450000000000003,-61.04518553823998,0.08334196748185381,0.46939361873594854,0.38001541684502954,-0.0,11.978408572605813,-1.997455661471993
21.475,-61.04471264588779,0.08334707504037259,0.4693477031046733,0.3800135584431272,-0.0,11.97852928751905,-1.9973137937663372
21.5,-61.04424630234595,0.08335212121182618,0.46930187907713494,0.38001174462809756,-0.0,11.978650697348483,-1.9971738907037837
21.525,-61.04378647518157,0.08335710605824348,0.4692561471065024,0.3800099746906981,-0.0,11.97877273754795,-1.9970359425544706
21.55,-61.043333130618194,0.08336202966159491,0.4692105076407209,0.3800082479275683,-0.0,11.978895345306633,-1.996899939185458
21.575000000000003,-61.04288623358867,0.08336689212316206,0.46916496112238043,0.38000656364130275,-0.0,11.979018459518658,-1.9967658700766
21.6,-61.04244574778686,0.08337169356291975,0.46911950798858837,0.380004921140519,-0.0,11.979142020753013,-1.996633724336057
21.625,-61.042011635718275,0.08337643411892996,0.46907414867085,0.3800033197399219,-0.0,11.979265971223812,-1.9965034907154822
21.65,-61.04158385874955,0.08338111394674755,0.4690288835949544,0.3800017587603635,-0.0,11.979390254760842,-1.9963751576248638
21.675,-61.0411623771568,0.083385733218838,0.4689837131808663,0.380000237528899,-0.0,11.979514816780522,-1.9962487131470403
21.700000000000003,-61.040747150173,0.08339029212400634,0.46893863784262374,0.3799987553788387,-0.0,11.979639604257095,-1.996124145051899
21.725,-61.04033813603412,0.08339479086683758,0.46889365798824145,0.37999731164979644,-0.0,11.979764565694225,-1.9960014408102367
21.75,-61.03993529202443,0.08339922966714866,0.46884877401961966,0.37999590568773395,-0.0,11.979889651096872,-1.9958805876073291
21.775,-61.03953857452056,0.0834036087594511,0.46880398633245834,0.37999453684500173,-0.0,11.980014811943514,-1.9957615723561686
21.8,-61.0391479390347,0.08340792839242493,0.46875929531617644,0.37999320448037666,-0.0,11.980140001158698,-1.9956443817104095
21.825000000000003,-61.03876334025669,0.08341218882840325,0.4687147013538366,0.3799919079590957,-0.0,11.980265173085916,-1.9955290020770078
21.85,-61.038384732095224,0.08341639034286762,0.46867020482207444,0.37999064665288673,-0.0,11.980390283460787,-1.995415419628567
21.875,-61.038012067717986,0.0834205332239538,0.46862580609103316,0.37998941993999574,-0.0,11.980515289384568,-1.9953036203153955
21.9,-61.037645299590885,0.08342461777196791,0.4685815055243023,0.37998822720521125,-0.0,11.980640149298036,-1.9951935898772653
21.925,-61.03728437951635,0.083428644298913,0.46853730347886147,0.3799870678398853,-0.0,11.980764822955607,-1.995085313854905
21.950000000000003,-61.03692925867067,0.0834326131280254,0.46849320030502856,0.37998594124195173,-0.0,11.980889271399867,-1.9949787776012
21.975,-61.03657988764046,0.08343652459332133,0.46844919634641213,0.3799848468159414,-0.0,11.981013456936326,-1.9948739662921369
22.0,-61.03623621645818,0.08344037903915315,0.4684052919398682,0.3799837839729947,-0.0,11.9811373431086,-1.9947708649374531
22.025,-61.03589819463685,0.08344417681977523,0.4683614874154609,0.3799827521308712,-0.0,11.981260894673806,-1.994669458391055
22.05,-61.035565771203814,0.08344791829891963,0.4683177830964275,0.3799817507139566,-0.0,11.98138407757835,-1.994569731361144
22.075000000000003,-61.03523889473371,0.0834516038493808,0.4682741792991472,0.3799807791532676,-0.0,11.981506858933987,-1.9944716684201125
22.1,-61.03491751338058,0.08345523385260986,0.4682306763331135,0.3799798368864534,-0.0,11.98162920699422,-1.994375254014173
22.125,-61.034601574909146,0.08345880869831782,0.4681872745009105,0.3799789233577956,-0.0,11.981751091130986,-1.9942804724727436
22.15,-61.03429102672531,0.08346232878408784,0.46814397409819286,0.3799780380182051,-0.0,11.98187248181169,-1.9941873080175938
22.175,-61.03398581590582,0.0834657945149964,0.46810077541366896,0.3799771803252173,-0.0,11.981993350576493,-1.9940957447717464
22.200000000000003,-61.03368588922718,0.0834692063032431,0.4680576787290876,0.3799763497429847,-0.0,11.982113670015977,-1.9940057667681534
22.225,-61.03339119319375,0.08347256456778918,0.468014684319228,0.37997554574226733,-0.0,11.982233413749057,-1.993917357958125
22.25,-61.033101674065165,0.08347586973400428,0.46797179245189285,0.3799747678004213,-0.0,11.982352556401219,-1.9938305022195493
22.275,-61.032817277882934,0.08347912223332188,0.46792900338790483,0.37997401540138537,-0.0,11.982471073583074,-1.99374518336488
22.3,-61.03253795049635,0.08348232250290252,0.4678863173811054,0.37997328803566544,-0.0,11.9825889418692,-1.9936613851489042
22.325000000000003,-61.03226363758767,0.0834854709853056,0.46784373467835744,0.37997258520031707,-0.0,11.98270613877726,-1.9935790912763003
22.35,-61.03199428469661,0.08348856812816859,0.46780125551954965,0.3799719063989266,-0.0,11.982822642747479,-1.9934982854089824
22.375,-61.031729837244114,0.08349161438389449,0.4677588801376047,0.3799712511415899,-0.0,11.982938433122358,-1.993418951173234
22.4,-61.031470240555485,0.08349461020934673,0.4677166087584893,0.3799706189448901,-0.0,11.98305349012669,-1.9933410721666454
22.425,-61.031215439882814,0.08349755606555195,0.46767444160122706,0.3799700093318731,-0.0,11.983167794847907,-1.993264631964844
22.450000000000003,-61.030965380426764,0.08350045241740986,0.46763237887791403,0.37996942183202187,-0.0,11.983281329216677,-1.993189614128029
22.475,-61.03072000735774,0.08350329973341065,0.46759042079373614,0.3799688559812292,-0.0,11.983394075987794,-1.9931160022073229
22.5,-61.03047926583639,0.08350609848535971,0.4675485675469893,0.3799683113217687,-0.0,11.983506018721377,-1.993043779750917
22.525,-61.030243101033506,0.08350884914810926,0.46750681932910193,0.3799677874022649,-0.0,11.983617141764313,-1.9929729303100514
22.55,-61.03001145814931,0.08351155219929689,0.467465176324659,0.37996728377766137,-0.0,11.983727430232046,-1.992903437444793
22.575000000000003,-61.029784282432175,0.08351420811909148,0.4674236387114287,0.3799668000091881,-0.0,11.983836869990537,-1.9928352847296522
22.6,-61.029561519196704,0.08351681738994511,0.4673822066603911,0.37996633566432736,-0.0,11.983945447638648,-1.992768455759011
22.625,-61.0293431138413,0.08351938049635217,0.46734088033576826,0.3799658903167783,-0.0,11.984053150490652,-1.9927029341523896
22.65,-61.02912901186512,0.08352189792461485,0.4672996598950567,0.37996546354642063,-0.0,11.984159966559126,-1.9926387035595368
22.675,-61.028919158884534,0.08352437016261496,0.4672585454890614,0.3799650549392769,-0.0,11.98426588453805,-1.99257574766536
22.700000000000003,-61.02871350064897,0.08352679769959206,0.46721753726193194,0.3799646640874741,-0.0,11.984370893786224,-1.9925140501946905
22.725,-61.02851198305631,0.08352918102592789,0.4671766353511993,0.3799642905892038,-0.0,11.984474984310886,-1.9924535949168933
22.75,-61.02831455216772,0.08353152063293676,0.4671358398878156,0.3799639340486817,-0.0,11.984578146751668,-1.9923943656503162
22.775,-61.02812115422197,0.08353381701266192,0.4670951509961943,0.379963594076106,-0.0,11.984680372364757,-1.992336346266591
22.8,-61.0279317356493,0.08353607065767797,0.4670545687942524,0.37996327028761534,-0.0,11.98478165300733,-1.9922795206947888
22.825000000000003,-61.02774624308471,0.08353828206089876,0.4670140933934538,0.37996296230524496,-0.0,11.984881981122268,-1.9922238729254118
22.85,-61.0275646233809,0.08354045171539119,0.46697372489885425,0.37996266975688325,-0.0,11.984981349723101,-1.992169387014269
22.875,-61.02738682362062,0.08354258011419434,0.4669334634091473,0.37996239227622663,-0.0,11.985079752379198,-1.992116047086185
22.9,-61.02721279112863,0.08354466775014427,0.46689330901671183,0.3799621295027342,-0.0,11.985177183201237,-1.9920638373385897
22.925,-61.027042473483206,0.08354671511570404,0.4668532618076603,0.37996188108158147,-0.0,11.985273636826888,-1.9920127420449616
22.950000000000003,-61.026875818527174,0.08354872270279905,0.46681332186188856,0.3799616466636135,-0.0,11.985369108406763,-1.991962745558152
22.975,-61.026712774378545,0.08355069100265736,0.4667734892531266,0.37996142590529747,-0.0,11.985463593590605,-1.9919138323135632
23.0,-61.02655328944072,0.08355262050565535,0.46673376404899014,0.37996121846867487,-0.0,11.98555708851372,-1.9918659868322157
23.025,-61.0263973124123,0.08355451170116812,0.4666941463110333,0.3799610240213127,-0.0,11.985649589783621,-1.9918191937236898
23.05,-61.02624479229645,0.08355636507742482,0.46665463609480234,0.3799608422362545,-0.0,11.985741094466933,-1.9917734376889356
23.075000000000003,-61.02609567840992,0.08355818112136879,0.46661523344989003,0.3799606727919708,-0.0,11.985831600076535,-1.991728703522977
23.1,-61.025949920391646,0.08355996031852224,0.46657593841999107,0.37996051537230935,-0.0,11.985921104558908,-1.9916849761174937
23.125,-61.025807468210985,0.08356170315285569,0.46653675104295794,0.3799603696664444,-0.0,11.986009606281732,-1.9916422404632952
23.15,-61.0256682721756,0.08356341010666184,0.466497671350858,0.37996023536882634,-0.0,11.986097104021674,-1.99160048165268
23.175,-61.025532282938954,0.08356508166043371,0.4664586993700307,0.3799601121791302,-0.0,11.986183596952465,-1.991559684881686
23.200000000000003,-61.02539945150747,0.08356671829274734,0.46641983512114593,0.37995999980220474,-0.0,11.986269084633122,-1.99151983545224
23.225,-61.025269729247356,0.08356832048014849,0.46638107861926265,0.37995989794802026,-0.0,11.98635356699644,-1.9914809187742064
23.25,-61.02514306789107,0.0835698886970437,0.4663424298738883,0.37995980633161686,-0.0,11.986437044337658,-1.9914429203673214
23.275,-61.02501941954349,0.08357142341559508,0.46630388888903845,0.3799597246730523,-0.0,11.98651951730339,-1.9914058258630467
23.3,-61.02489873668773,0.08357292510561949,0.4662654556632973,0.37995965269734944,-0.0,11.986600986880717,-1.9913696210063192
23.325000000000003,-61.02478097219066,0.0835743942344912,0.46622713018987844,0.3799595901344437,-0.0,11.986681454386504,-1.9913342916571983
23.35,-61.02466607930815,0.08357583126704873,0.4661889124566858,0.37995953671913035,-0.0,11.986760921456932,-1.991299823792444
23.375,-61.02455401168993,0.0835772366655051,0.4661508024463756,0.3799594921910115,-0.0,11.986839390037224,-1.9912662035069786
23.4,-61.024444723384285,0.0835786108893619,0.46611280013641776,0.37995945629444317,-0.0,11.98691686237157,-1.9912334170152852
23.425,-61.024338168842355,0.08357995439532692,0.4660749054991586,0.37995942877848216,-0.0,11.986993340993259,-1.9912014506527065
23.450000000000003,-61.02423430292222,0.08358126763723518,0.46603711850188284,0.37995940939683287,-0.0,11.98706882871498,-1.9911702908766649
23.475,-61.02413308089269,0.08358255106597347,0.46599943910687674,0.3799593979077941,-0.0,11.987143328619362,-1.9911399242678065
23.5,-61.02403445843687,0.08358380512940816,0.46596186727149075,0.37995939407420576,-0.0,11.987216844049655,-1.9911103375310617
23.525,-61.023938391655406,0.08358503027231634,0.4659244029482027,0.37995939766339565,-0.0,11.987289378600646,-1.9910815174966217
23.55,-61.02384483706953,0.08358622693632,0.4658870460846811,0.37995940844712617,-0.0,11.98736093610971,-1.9910534511208595
23.575000000000003,-61.02375375162388,0.08358739555982357,0.46584979662384857,0.3799594262015411,-0.0,11.987431520648085,-1.9910261254871635
23.6,-61.023665092688994,0.08358853657795427,0.46581265450394516,0.3799594507071125,-0.0,11.987501136512325,-1.9909995278066979
23.625,-61.02357881806369,0.08358965042250557,0.46577561965859215,0.37995948174858746,-0.0,11.98756978821589,-1.990973645419107
23.65,-61.023494885977144,0.08359073752188359,0.4657386920168554,0.37995951911493514,-0.0,11.987637480480966,-1.9909484657931429
23.675,-61.023413255090766,0.08359179830105602,0.46570187150330916,0.379959562599294,-0.0,11.987704218230443,-1.9909239765272295
23.700000000000003,-61.023333884499884,0.08359283318150441,0.46566515803809955,0.37995961199891864,-0.0,11.987770006580018,-1.990900165349965
23.725,-61.023256733735195,0.08359384258117857,0.4656285515370083,0.3799596671151275,-0.0,11.987834850830545,-1.9908770201205583
23.75,-61.02318176276405,0.08359482691445387,0.46559205191151604,0.3799597277532501,-0.0,11.987898756460488,-1.9908545288292139
23.775,-61.02310893199149,0.08359578659209124,0.4655556590688661,0.37995979372257466,-0.0,11.987961729118572,-1.990832679597446
23.8,-61.023038202261155,0.08359672202119936,0.46551937291212747,0.37995986483629596,-0.0,11.988023774616584,-1.9908114606783462
23.825000000000003,-61.02296953485598,0.08359763360519964,0.4654831933402584,0.37995994091146335,-0.0,11.988084898922327,-1.9907908604567943
23.85,-61.02290289149868,0.08359852174379327,0.46544712024816925,0.3799600217689289,-0.0,11.988145108152764,-1.990770867449604
23.875,-61.02283823435214,0.08359938683293089,0.4654111535267857,0.37996010723329576,-0.0,11.988204408567254,-1.9907514703056428
23.9,-61.02277552601956,0.08360022926478432,0.46537529306311115,0.3799601971328668,-0.0,11.988262806561,-1.990732657805867
23.925,-61.02271472954446,0.08360104942772059,0.46533953874028966,0.37996029129959347,-0.0,11.98832030865865,-1.990714418863338
23.950000000000003,-61.022655808410576,0.08360184770627815,0.4653038904376681,0.37996038956902495,-0.0,11.988376921507973,-1.9906967425231725
23.975,-61.02259872654152,0.08360262448114507,0.46526834803085854,0.3799604917802575,-0.0,11.988432651873772,-1.9906796179624549
24.0,-61.02254344830035,0.08360338012913944,0.4652329113917997,0.379960597775884,-0.0,11.988487506631886,-1.9906630344901037
24.025,-61.02248993848898,0.08360411502319148,0.46519758038881903,0.379960707401944,-0.0,11.988541492763337,-1.990646981546694
24.05,-61.02243816234746,0.08360482953232802,0.4651623548866939,0.3799608205078737,-0.0,11.988594617348634,-1.9906314487042387
24.075000000000003,-61.02238808555308,0.08360552402165847,0.46512723474671247,0.37996093694645683,-0.0,11.988646887562215,-1.9906164256659244
24.1,-61.022339674219396,0.08360619885236269,0.465092219826735,0.379961056573775,-0.0,11.988698310667013,-1.9906019022658183
24.125,-61.02229289489511,0.0836068543816809,0.46505730998125355,0.37996117924915906,-0.0,11.988748894009134,-1.9905878684685325
24.15,-61.02224771456281,0.08360749096290492,0.4650225050614527,0.37996130483514057,-0.0,11.98879864501273,-1.9905743143688426
24.175,-61.02220410063762,0.08360810894537142,0.46498780491526903,0.37996143319740344,-0.0,11.98884757117493,-1.9905612301912867
24.200000000000003,-61.02216202096574,0.0836087086744566,0.4649532093874506,0.3799615642047361,-0.0,11.988895680060933,-1.990548606289721
24.225,-61.02212144382281,0.0836092904915727,0.4649187183196161,0.3799616977289839,-0.0,11.98894297929923,-1.9905364331468434
24.25,-61.02208233791229,0.08360985473416566,0.4648843315503134,0.379961833645002,-0.0,11.988989476576924,-1.990524701373686
24.275,-61.02204467236359,0.08361040173571455,0.4648500489150776,0.3799619718306085,-0.0,11.989035179635206,-1.9905134017090773
24.3,-61.02200841673025,0.08361093182573238,0.4648158702464894,0.37996211216653775,-0.0,11.98908009626491,-1.9905025250190753
24.325000000000003,-61.02197354098791,0.08361144532976844,0.46478179537423236,0.3799622545363946,-0.0,11.989124234302212,-1.9904920622963722
24.35,-61.02194001553222,0.08361194256941168,0.46474782412514987,0.37996239882660837,-0.0,11.98916760162443,-1.9904820046596667
24.375,-61.021907811176746,0.08361242386229573,0.46471395632330176,0.37996254492638765,-0.0,11.989210206145954,-1.9904723433530236
24.4,-61.02187689915063,0.08361288952210498,0.4646801917900207,0.3799626927276752,-0.0,11.989252055814251,-1.9904630697451877
24.425,-61.021847251096325,0.0836133398585821,0.4646465303439675,0.37996284212510345,-0.0,11.989293158606023,-1.9904541753288973
24.450000000000003,-61.021818839067166,0.08361377517753645,0.46461297180118727,0.3799629930159503,-0.0,11.989333522523445,-1.9904456517201494
24.475,-61.021791635524885,0.08361419578085401,0.4645795159751633,0.3799631453000953,-0.0,11.9893731555905,-1.9904374906574651
24.5,-61.02176561333706,0.08361460196650812,0.46454616267687193,0.3799632988799761,-0.0,11.989412065849448,-1.9904296840011177
24.525,-61.02174074577451,0.08361499402857148,0.46451291171483655,0.3799634536605458,-0.0,11.989450261357371,-1.9904222237323523
24.55,-61.02171700650858,0.08361537225722912,0.4644797628951808,0.37996360954923003,-0.0,11.989487750182821,-1.990415101952574
24.575000000000003,-61.021694369608426,0.08361573693879236,0.46444671602168147,0.3799637664558849,-0.0,11.989524540402577,-1.9904083108825275
24.6,-61.02167280953818,0.08361608835571384,0.4644137708958213,0.3799639242927554,-0.0,11.98956064009849,-1.990401842861454
24.625,-61.0216523011541,0.08361642678660329,0.4643809273168406,0.37996408297443357,-0.0,11.989596057354417,-1.9903956903462294
24.65,-61.02163281970165,0.0836167525062445,0.4643481850817889,0.3799642424178181,-0.0,11.989630800253247,-1.990389845910495
24.675,-61.02161434081255,0.08361706578561283,0.4643155439855759,0.37996440254207353,-0.0,11.989664876874036,-1.990384302243764
24.700000000000003,-61.02159684050171,0.08361736689189375,0.46428300382102194,0.3799645632685901,-0.0,11.989698295289218,-1.9903790521505123
24.725,-61.02158029516423,0.08361765608850219,0.46425056437890794,0.3799647245209443,-0.0,11.989731063561884,-1.990374088549268
24.75,-61.02156468157225,0.08361793363510257,0.4642182254480248,0.37996488622485947,-0.0,11.989763189743188,-1.990369404471675
24.775,-61.021549976871825,0.08361819978762958,0.46418598681522255,0.3799650483081669,-0.0,11.989794681869812,-1.9903649930615472
24.8,-61.02153615857972,0.08361845479830972,0.46415384826545836,0.3799652107007676,-0.0,11.989825547961486,-1.990360847573916
24.825000000000003,-61.02152320458022,0.08361869891568359,0.4641218095818449,0.3799653733345943,-0.0,11.989855796018663,-1.9903569613740657
24.85,-61.02151109312184,0.08361893238462863,0.4640898705456974,0.3799655361435738,-0.0,11.9898854340202,-1.990353327936551
24.875,-61.021499802814056,0.08361915544638264,0.46405803093658055,0.37996569906358996,-0.0,11.989914469921152,-1.9903499408442165
24.9,-61.021489312624,0.08361936833856791,0.4640262905323549,0.37996586203244687,-0.0,11.989942911650614,-1.9903467937871993
24.925,-61.02147960187308,0.0836195712952158,0.4639946491092226,0.37996602498983273,-0.0,11.989970767109698,-1.9903438805619245
24.950000000000003,-61.02147065023365,0.08361976454679194,0.4639631064417727,0.379966187877284,-0.0,11.989998044169516,-1.9903411950700955
24.975,-61.021462437725596,0.08361994832022204,0.4639316623030258,0.3799663506381499,-0.0,11.990024750669258,-1.9903387313176786
25.0,-61.02145494471291,0.08362012283891795,0.4639003164644783,0.37996651321755753,-0.0,11.990050894414365,-1.990336483413872
25.025,-61.02144815190028,0.08362028832280442,0.46386906869614625,0.37996667556237734,-0.0,11.990076483174716,-1.9903344455700838
25.05,-61.02144204032964,0.08362044498834617,0.463837918766608,0.3799668376211888,-0.0,11.990101524682936,-1.9903326120988913
25.075000000000003,-61.02143659137666,0.0836205930485755,0.4638068664430474,0.3799669993442471,-0.0,11.990126026632758,-1.9903309774129987
25.1,-61.021431786747314,0.0836207327131202,0.4637759114912955,0.3799671606834494,-0.0,11.990149996677415,-1.990329536024194
25.125,-61.021427608474355,0.08362086418823184,0.4637450536758721,0.3799673215923023,-0.0,11.990173442428118,-1.990328282542306
25.15,-61.021424038913814,0.08362098767681447,0.46371429276002696,0.37996748202588937,-0.0,11.990196371452615,-1.990327211674144
25.175,-61.02142106074149,0.08362110337845362,0.46368362850578015,0.37996764194083915,-0.0,11.990218791273795,-1.9903263182224462
25.200000000000003,-61.021418656949415,0.08362121148944558,0.46365306067396195,0.37996780129529345,-0.0,11.990240709368313,-1.9903255970848241
25.225,-61.02141681084235,0.08362131220282715,0.4636225890242524,0.37996796004887634,-0.0,11.990262133165338,-1.9903250432527038
25.25,-61.0214155060342,0.08362140570840525,0.4635922133152201,0.3799681181626633,-0.0,11.99028307004531,-1.9903246518102604
25.275,-61.02141472644454,0.08362149219278743,0.46356193330436063,0.379968275599151,-0.0,11.990303527338792,-1.990324417933362
25.3,-61.02141445629502,0.0836215718394119,0.46353174874813435,0.37996843232222716,-0.0,11.990323512325304,-1.9903243368885057
25.325000000000003,-61.021414680105856,0.08362164482857834,0.4635016594020037,0.3799685882971414,-0.0,11.990343032232301,-1.9903244040317567
25.35,-61.021415382692275,0.08362171133747866,0.4634716650204701,0.37996874349047594,-0.0,11.99036209423414,-1.9903246148076823
25.375,-61.021416549160975,0.08362177154022786,0.4634417653571101,0.37996889787011673,-0.0,11.990380705451113,-1.9903249647482921
25.4,-61.0214181649066,0.08362182560789537,0.4634119601646112,0.3799690514052256,-0.0,11.990398872948537,-1.9903254494719795
25.425,-61.0214202156082,0.08362187370853608,0.4633822491948071,0.37996920406621204,-0.0,11.990416603735884,-1.9903260646824605
25.450000000000003,-61.02142268722571,0.08362191600722196,0.46335263219871226,0.3799693558247059,-0.0,11.990433904765958,-1.9903268061677124
25.475,-61.02142556599642,0.08362195266607358,0.4633231089265565,0.37996950665353035,-0.0,11.99045078293412,-1.9903276697989247
25.5,-61.02142883843147,0.08362198384429174,0.46329367912781827,0.37996965652667497,-0.0,11.990467245077546,-1.9903286515294403
25.525,-61.02143249131235,0.08362200969818917,0.4632643425512582,0.3799698054192697,-0.0,11.990483297974558,-1.9903297473937058
25.55,-61.02143651168741,0.08362203038122235,0.4632350989449515,0.37996995330755895,-0.0,11.990498948343959,-1.9903309535062235
25.575000000000003,-61.021440886868355,0.08362204604402337,0.4632059480563204,0.37997010016887595,-0.0,11.990514202844443,-1.9903322660605063
25.6,-61.02144560442678,0.0836220568344319,0.46317688963216574,0.37997024598161766,-0.0,11.990529068074004,-1.990333681328034
25.625,-61.02145065219073,0.08362206289752713,0.46314792341869804,0.37997039072522026,-0.0,11.990543550569457,-1.9903351956572186
25.65,-61.021456018241224,0.0836220643756597,0.46311904916156854,0.3799705343801345,-0.0,11.990557656805896,-1.9903368054723671
25.675,-61.02146169090885,0.0836220614084837,0.4630902666058991,0.37997067692780195,-0.0,11.990571393196278,-1.990338507272655
25.700000000000003,-61.02146765877033,0.08362205413298866,0.4630615754963121,0.37997081835063123,-0.0,11.990584766090988,-1.9903402976310978
25.725,-61.02147391064511,0.0836220426835315,0.4630329755769597,0.379970958631975,-0.0,11.990597781777481,-1.9903421731935338
25.75,-61.02148043559201,0.0836220271918685,0.46300446659155253,0.37997109775610693,-0.0,11.990610446479925,-1.990344130677603
25.775,-61.02148722290582,0.08362200778718715,0.46297604828338806,0.3799712357081993,-0.0,11.990622766358873,-1.9903461668717455
25.8,-61.02149426211395,0.08362198459613808,0.46294772039537835,0.3799713724743008,-0.0,11.990634747511027,-1.990348278634184
25.825000000000003,-61.02150154297312,0.08362195774286678,0.46291948267007754,0.37997150804131485,-0.0,11.99064639596893,-1.9903504628919357
25.85,-61.02150905546603,0.08362192734904542,0.4628913348497086,0.37997164239697817,-0.0,11.990657717700813,-1.9903527166398098
25.875,-61.021516789798085,0.08362189353390447,0.46286327667619,0.3799717755298397,-0.0,11.990668718610353,-1.9903550369394252
25.9,-61.02152473639409,0.08362185641426426,0.46283530789116123,0.37997190742923986,-0.0,11.990679404536547,-1.9903574209182273
25.925,-61.02153288589503,0.0836218161045665,0.4628074282360089,0.37997203808529034,-0.0,11.99068978125357,-1.990359865768508
25.950000000000003,-61.02154122915481,0.08362177271690566,0.4627796374518914,0.37997216748885393,-0.0,11.99069985447067,-1.9903623687464438
25.975,-61.02154975723709,0.0836217263610601,0.46275193527976366,0.37997229563152496,-0.0,11.990709629832107,-1.9903649271711266
26.0,-61.02155846141203,0.08362167714452348,0.46272432146040143,0.3799724225056098,-0.0,11.990719112917082,-1.990367538423608
26.025000000000002,-61.02156733315319,0.08362162517253557,0.46269679573442485,0.3799725481041082,-0.0,11.990728309239728,-1.9903701999459578
26.05,-61.021576364134376,0.08362157054811319,0.4626693578423219,0.37997267242069416,-0.0,11.99073722424909,-1.9903729092403124
26.075,-61.02158554622648,0.08362151337208104,0.46264200752447127,0.379972795449698,-0.0,11.990745863329167,-1.9903756638679446
26.1,-61.02159487149445,0.08362145374310223,0.4626147445211648,0.37997291718608805,-0.0,11.99075423179895,-1.9903784614483349
26.125,-61.021604332194165,0.0836213917577087,0.46258756857262956,0.37997303762545326,-0.0,11.990762334912501,-1.9903812996582495
26.150000000000002,-61.02161392076945,0.0836213275103316,0.4625604794190494,0.3799731567639854,-0.0,11.990770177858991,-1.9903841762308339
26.175,-61.02162362984899,0.08362126109333136,0.4625334768005862,0.3799732745984624,-0.0,11.990777765762884,-1.9903870889546964
26.2,-61.02163345224341,0.08362119259702762,0.46250656045740085,0.3799733911262314,-0.0,11.990785103684008,-1.9903900356730218
26.225,-61.021643380942244,0.08362112210972904,0.4624797301296733,0.3799735063451922,-0.0,11.99079219661773,-1.990393014282673
26.25,-61.021653409111046,0.08362104971776287,0.4624529855576228,0.37997362025378145,-0.0,11.990799049495116,-1.9903960227333135
26.275000000000002,-61.02166353008843,0.08362097550550432,0.4624263264815276,0.3799737328509564,-0.0,11.990805667183134,-1.9903990590265295
26.3,-61.021673737383225,0.08362089955540589,0.4623997526417438,0.3799738441361797,-0.0,11.990812054484813,-1.9904021212149672
26.325,-61.02168402467158,0.08362082194802625,0.4623732637787247,0.37997395410940377,-0.0,11.990818216139505,-1.9904052074014735
26.35,-61.02169438579415,0.08362074276205905,0.46234685963303856,0.3799740627710563,-0.0,11.990824156823109,-1.9904083157382444
26.375,-61.02170481475328,0.08362066207436164,0.4623205399453874,0.37997417012202517,-0.0,11.99082988114833,-1.990411444425983
26.400000000000002,-61.02171530571023,0.08362057995998326,0.4622943044566243,0.37997427616364426,-0.0,11.990835393664915,-1.9904145917130691
26.425,-61.021725852982435,0.08362049649219347,0.46226815290777057,0.37997438089767926,-0.0,11.990840698859962,-1.9904177558947302
26.45,-61.02173645104075,0.08362041174250986,0.46224208504003317,0.37997448432631387,-0.0,11.990845801158226,-1.9904209353122253
26.475,-61.02174709450679,0.08362032578072605,0.46221610059482093,0.37997458645213616,-0.0,11.990850704922396,-1.9904241283520376
26.5,-61.021757778150246,0.08362023867493892,0.4621901993137609,0.37997468727812533,-0.0,11.990855414453431,-1.9904273334450735
26.525000000000002,-61.02176849688623,0.08362015049157609,0.46216438093871426,0.37997478680763863,-0.0,11.990859933990896,-1.9904305490658691
26.55,-61.02177924577269,0.0836200612954228,0.462138645211792,0.3799748850443987,-0.0,11.990864267713325,-1.9904337737318072
26.575,-61.02179002000782,0.083619971149649,0.46211299187536975,0.37997498199248086,-0.0,11.990868419738542,-1.990437006002346
26.6,-61.02180081492749,0.08361988011583568,0.462087420672103,0.379975077656301,-0.0,11.990872394124056,-1.990440244478246
26.625,-61.02181162600273,0.0836197882540013,0.4620619313449415,0.3799751720406036,-0.0,11.990876194867438,-1.9904434878008188
26.650000000000002,-61.02182244883725,0.08361969562262793,0.4620365236371433,0.37997526515044977,-0.0,11.990879825906694,-1.9904467346511743
26.675,-61.02183327916493,0.08361960227868705,0.46201119729228896,0.37997535699120594,-0.0,11.990883291120687,-1.990449983749479
26.7,-61.02184411284741,0.08361950827766518,0.4619859520542948,0.3799754475685325,-0.0,11.990886594329535,-1.9904532338542231
26.725,-61.021854945871674,0.08361941367358934,0.46196078766742604,0.3799755368883729,-0.0,11.990889739295023,-1.990456483761502
26.75,-61.02186577434765,0.08361931851905205,0.4619357038763103,0.3799756249569425,-0.0,11.990892729721029,-1.9904597323042956
26.775000000000002,-61.02187659450588,0.08361922286523625,0.4619107004259493,0.37997571178071843,-0.0,11.99089556925397,-1.9904629783517649
26.8,-61.02188740269518,0.08361912676193987,0.4618857770617321,0.379975797366429,-0.0,11.990898261483222,-1.9904662208085533
26.825,-61.02189819538032,0.08361903025760038,0.46186093352944635,0.3799758817210437,-0.0,11.990900809941584,-1.9904694586140947
26.85,-61.02190896913978,0.0836189333993186,0.46183616957529044,0.3799759648517631,-0.0,11.990903218105721,-1.9904726907419337
26.875,-61.02191972066351,0.08361883623288281,0.4618114849458847,0.37997604676600955,-0.0,11.990905489396646,-1.9904759161990533
26.900000000000002,-61.021930446750716,0.08361873880279234,0.4617868793882826,0.37997612747141735,-0.0,11.990907627180153,-1.9904791340252146
26.925,-61.02194114430764,0.08361864115228076,0.4617623526499816,0.37997620697582374,-0.0,11.990909634767322,-1.9904823432922916
26.95,-61.021951810345456,0.08361854332333911,0.46173790447893365,0.37997628528725985,-0.0,11.99091151541498,-1.9904855431036366
26.975,-61.021962441978104,0.08361844535673872,0.4617135346235555,0.3799763624139417,-0.0,11.990913272326186,-1.990488732593431
27.0,-61.021973036420206,0.0836183472920537,0.46168924283273877,0.3799764383642618,-0.0,11.990914908650705,-1.9904919109260617
27.025000000000002,-61.02198359098497,0.08361824916768333,0.46166502885585947,0.3799765131467806,-0.0,11.99091642748555,-1.990495077295492
27.05,-61.02199410308219,0.08361815102087411,0.4616408924427878,0.3799765867702182,-0.0,11.990917831875402,-1.9904982309246577
27.075,-61.022004570216176,0.0836180528877416,0.4616168333438971,0.3799766592434466,-0.0,11.99091912481318,-1.9905013710648525
27.1,-61.022014989983795,0.08361795480329194,0.46159285131007294,0.3799767305754815,-0.0,11.990920309240506,-1.9905044969951382
27.125,-61.022025360072504,0.08361785680144303,0.46156894609272187,0.3799768007754748,-0.0,11.99092138804821,-1.9905076080217512
27.150000000000002,-61.022035678258405,0.08361775891504578,0.46154511744377974,0.37997686985270723,-0.0,11.990922364076857,-1.9905107034775211
27.175,-61.022045942404354,0.08361766117590465,0.46152136511572,0.37997693781658093,-0.0,11.99092324011724,-1.990513782721306
27.2,-61.02205615045806,0.08361756361479836,0.4614976888615617,0.3799770046766124,-0.0,11.99092401891092,-1.9905168451374187
27.225,-61.022066300450255,0.08361746626150005,0.46147408843487714,0.3799770704424255,-0.0,11.990924703150712,-1.9905198901350765
27.25,-61.02207639049283,0.08361736914479724,0.4614505635897996,0.37997713512374487,-0.0,11.990925295481228,-1.990522917147848
27.275000000000002,-61.02208641877707,0.08361727229251167,0.4614271140810302,0.37997719873038904,-0.0,11.990925798499367,-1.9905259256331211
27.3,-61.02209638357186,0.08361717573151875,0.4614037396638455,0.37997726127226433,-0.0,11.99092621475488,-1.9905289150715588
27.325,-61.02210628322195,0.0836170794877668,0.46138044009410384,0.37997732275935836,-0.0,11.990926546750845,-1.9905318849665852
27.35,-61.02211611614622,0.08361698358629603,0.46135721512825223,0.3799773832017341,-0.0,11.990926796944214,-1.9905348348438663
27.375,-61.022125880835986,0.08361688805125723,0.4613340645233327,0.3799774426095238,-0.0,11.990926967746345,-1.9905377642507958
27.400000000000002,-61.022135575853326,0.08361679290593035,0.46131098803698845,0.37997750099292343,-0.0,11.990927061523507,-1.9905406727559978
27.425,-61.02214519982945,0.08361669817274267,0.46128798542746985,0.3799775583621868,-0.0,11.990927080597409,-1.9905435599488355
27.45,-61.02215475146308,0.08361660387328676,0.46126505645364024,0.37997761472762015,-0.0,11.990927027245728,-1.990546425438923
27.475,-61.02216422951882,0.08361651002833825,0.4612422008749815,0.37997767009957706,-0.0,11.990926903702636,-1.9905492688556463
27.5,-61.02217363282565,0.08361641665787328,0.46121941845159947,0.3799777244884529,-0.0,11.990926712159306,-1.9905520898476943
27.525000000000002,-61.0221829602753,0.08361632378108573,0.461196708944229,0.3799777779046801,-0.0,11.990926454764475,-1.9905548880825903
27.55,-61.02219221082081,0.08361623141640427,0.46117407211423905,0.3799778303587232,-0.0,11.990926133624919,-1.9905576632462434
27.575,-61.022201383474986,0.0836161395815091,0.46115150772363767,0.37997788186107373,-0.0,11.990925750806003,-1.9905604150424956
27.6,-61.02221047730893,0.08361604829334841,0.4611290155350763,0.3799779324222462,-0.0,11.990925308332198,-1.9905631431926791
27.625,-61.02221949145062,0.08361595756815467,0.4611065953118545,0.37997798205277317,-0.0,11.990924808187598,-1.990565847435186
27.650000000000002,-61.022228425083455,0.08361586742146065,0.4610842468179241,0.37997803076320097,-0.0,11.99092425231643,-1.9905685275250362
27.675,-61.02223727744487,0.08361577786811523,0.4610619698178932,0.3799780785640856,-0.0,11.990923642623592,-1.9905711832334616
27.7,-61.022246047824964,0.08361568892229901,0.46103976407703046,0.3799781254659886,-0.0,11.99092298097516,-1.9905738143474891
27.725,-61.022254735565134,0.08361560059753947,0.46101762936126844,0.37997817147947277,-0.0,11.99092226919887,-1.99057642066954
27.75,-61.02226334005675,0.08361551290672627,0.4609955654372075,0.3799782166150989,-0.0,11.99092150908469,-1.9905790020170258
27.775000000000002,-61.02227186073985,0.08361542586212588,0.46097357207211903,0.3799782608834214,-0.0,11.990920702385273,-1.9905815582219546
27.8,-61.02228029710183,0.0836153394753964,0.460951649033949,0.37997830429498514,-0.0,11.990919850816507,-1.9905840891305486
27.825,-61.022288648676216,0.08361525375760188,0.4609297960913208,0.3799783468603216,-0.0,11.990918956057987,-1.9905865946028647
27.85,-61.02229691504141,0.08361516871922646,0.4609080130135385,0.37997838858994587,-0.0,11.990918019753547,-1.9905890745124224
27.875,-61.02230509581945,0.08361508437018833,0.46088629957058946,0.3799784294943529,-0.0,11.990917043511732,-1.990591528745834
27.900000000000002,-61.02231319067483,0.0836150007198536,0.46086465553314704,0.37997846958401466,-0.0,11.990916028906323,-1.9905939572024485
27.925,-61.02232119931333,0.08361491777704959,0.4608430806725733,0.3799785088693769,-0.0,11.990914977476805,-1.9905963597939993
27.95,-61.022329121480844,0.08361483555007826,0.4608215747609213,0.37997854736085634,-0.0,11.990913890728901,-1.990598736444253
27.975,-61.02233695696224,0.08361475404672923,0.4608001375709373,0.3799785850688376,-0.0,11.990912770135003,-1.9906010870886723
28.0,-61.022344705580274,0.08361467327429266,0.46077876887606306,0.37997862200367055,-0.0,11.990911617134717,-1.9906034116740818
28.025000000000002,-61.022352367194465,0.08361459323957192,0.4607574684504377,0.3799786581756676,-0.0,11.990910433135305,-1.9906057101583392
28.05,-61.02235994170004,0.08361451394889592,0.46073623606889963,0.3799786935951012,-0.0,11.990909219512188,-1.9906079825100114
28.075,-61.022367429026865,0.08361443540813145,0.4607150715069883,0.3799787282722013,-0.0,11.99090797760942,-1.9906102287080591
28.1,-61.022374829138435,0.0836143576226951,0.46069397454094585,0.3799787622171528,-0.0,11.990906708740148,-1.9906124487415304
28.125,-61.02238214203083,0.08361428059756519,0.46067294494771854,0.3799787954400936,-0.0,11.990905414187104,-1.9906146426092484
28.150000000000002,-61.022389367731726,0.08361420433729329,0.46065198250495815,0.379978827951112,-0.0,11.99090409520306,-1.9906168103195176
28.175,-61.02239650629945,0.08361412884601561,0.4606310869910233,0.3799788597602448,-0.0,11.990902753011287,-1.990618951889835
28.2,-61.02240355782198,0.08361405412746431,0.4606102581849806,0.37997889087747533,-0.0,11.990901388806027,-1.990621067346594
28.225,-61.022410522416024,0.0836139801849784,0.4605894958666057,0.3799789213127312,-0.0,11.990900003752957,-1.990623156724807
28.25,-61.022417400226104,0.08361390702151468,0.46056879981638416,0.37997895107588264,-0.0,11.990898598989606,-1.990625220067831
28.275000000000002,-61.02242419142365,0.08361383463965821,0.46054816981551233,0.37997898017674064,-0.0,11.990897175625843,-1.9906272574270956
28.3,-61.02243089620611,0.08361376304163289,0.4605276056458982,0.37997900862505524,-0.0,11.990895734744319,-1.9906292688618328
28.325,-61.02243751479608,0.0836136922293116,0.4605071070901617,0.37997903643051373,-0.0,11.990894277400876,-1.9906312544388243
28.35,-61.02244404744048,0.08361362220422636,0.46048667393163556,0.3799790636027393,-0.0,11.990892804625021,-1.990633214232144
28.375,-61.02245049440968,0.08361355296757815,0.46046630595436566,0.3799790901512894,-0.0,11.990891317420344,-1.9906351483229043
28.400000000000002,-61.02245685599673,0.08361348452024651,0.4604460029431112,0.3799791160856542,-0.0,11.990889816764945,-1.9906370567990186
28.425,-61.02246313251651,0.0836134168627992,0.4604257646833453,0.37997914141525546,-0.0,11.990888303611868,-1.9906389397549538
28.45,-61.02246932430501,0.0836133499955015,0.4604055909612546,0.37997916614944505,-0.0,11.990886778889529,-1.990640797291502
28.475,-61.02247543171849,0.08361328391832527,0.46038548156374,0.37997919029750377,-0.0,11.990885243502124,-1.9906426295155468
28.5,-61.022481455132805,0.08361321863095811,0.4603654362784161,0.3799792138686402,-0.0,11.990883698330045,-1.9906444365398412
28.525000000000002,-61.02248739494262,0.08361315413281191,0.46034545489361134,0.3799792368719894,-0.0,11.990882144230282,-1.9906462184827864
28.55,-61.02249325156072,0.08361309042303178,0.4603255371983679,0.37997925931661225,-0.0,11.990880582036853,-1.9906479754682151
28.575,-61.02249902541728,0.08361302750050437,0.4603056829824411,0.37997928121149394,-0.0,11.990879012561168,-1.9906497076251846
28.6,-61.022504716959205,0.08361296536386609,0.4602858920362996,0.37997930256554346,-0.0,11.99087743659248,-1.9906514150877612
28.625,-61.02251032664944,0.0836129040115115,0.46026616415112437,0.3799793233875926,-0.0,11.990875854898233,-1.9906530979948314
28.650000000000002,-61.02251585496632,0.08361284344160103,0.46024649911880866,0.37997934368639497,-0.0,11.990874268224456,-1.9906547564898964
28.675,-61.02252130240292,0.08361278365206898,0.46022689673195727,0.3799793634706254,-0.0,11.990872677296178,-1.9906563907208763
28.7,-61.02252666946644,0.08361272464063108,0.46020735678388597,0.37997938274887916,-0.0,11.990871082817785,-1.9906580008399308
28.725,-61.02253195667757,0.08361266640479208,0.4601878790686207,0.3799794015296713,-0.0,11.99086948547339,-1.9906595870032702
28.75,-61.022537164569904,0.08361260894185306,0.46016846338089684,0.379979419821436,-0.0,11.990867885927232,-1.990661149370971
28.775000000000002,-61.02254229368935,0.0836125522489186,0.46014910951615856,0.37997943763252606,-0.0,11.990866284824024,-1.9906626881068041
28.8,-61.02254734459355,0.08361249632290393,0.46012981727055774,0.37997945497121227,-0.0,11.990864682789326,-1.9906642033780642
28.825,-61.02255231785133,0.08361244116054177,0.46011058644095304,0.3799794718456831,-0.0,11.9908630804299,-1.9906656953553983
28.85,-61.022557214042145,0.08361238675838911,0.4600914168249089,0.37997948826404404,-0.0,11.99086147833407,-1.9906671642126432
28.875,-61.02256203375555,0.08361233311283378,0.46007230822069456,0.3799795042343175,-0.0,11.990859877072076,-1.9906686101266642
28.900000000000002,-61.02256677759067,0.08361228022010098,0.4600532604272828,0.37997951976444205,-0.0,11.990858277196407,-1.9906700332772003
28.925,-61.0225714461557,0.08361222807625959,0.46003427324434887,0.37997953486227265,-0.0,11.990856679242167,-1.9906714338467104
28.95,-61.02257604006741,0.08361217667722848,0.46001534647226916,0.37997954953557983,-0.0,11.990855083727391,-1.9906728120202237
28.975,-61.02258055995065,0.0836121260187823,0.4599964799121201,0.3799795637920498,-0.0,11.99085349115339,-1.990674167985194
29.0,-61.022585006437865,0.0836120760965578,0.4599776733656766,0.3799795776392842,-0.0,11.990851902005094,-1.9906755019313591
29.025000000000002,-61.02258938016868,0.08361202690605925,0.4599589266354107,0.3799795910847999,-0.0,11.99085031675135,-1.9906768140506044
29.05,-61.02259368178942,0.08361197844266438,0.4599402395244904,0.3799796041360288,-0.0,11.990848735845267,-1.9906781045368247
29.075,-61.02259791195264,0.08361193070162977,0.45992161183677793,0.37997961680031805,-0.0,11.990847159724527,-1.9906793735857908
29.1,-61.022602071316754,0.08361188367809633,0.45990304337682825,0.37997962908492955,-0.0,11.990845588811709,-1.990680621395026
29.125,-61.02260616054561,0.08361183736709459,0.45988453394988754,0.3799796409970403,-0.0,11.990844023514567,-1.9906818481636819
29.150000000000002,-61.02261018030804,0.08361179176354984,0.45986608336189166,0.3799796525437422,-0.0,11.990842464226374,-1.9906830540924125
29.175,-61.02261413127753,0.0836117468622872,0.4598476914194644,0.3799796637320422,-0.0,11.990840911326199,-1.9906842393832582
29.200000000000003,-61.02261801413176,0.0836117026580366,0.4598293579299159,0.37997967456886234,-0.0,11.990839365179214,-1.9906854042395272
29.225,-61.02262182955231,0.08361165914543746,0.45981108270124094,0.37997968506103974,-0.0,11.990837826136977,-1.9906865488656917
29.25,-61.02262557822423,0.08361161631904354,0.45979286554211696,0.379979695215327,-0.0,11.990836294537747,-1.9906876734672685
29.275000000000002,-61.02262926083572,0.0836115741733275,0.45977470626190253,0.379979705038392,-0.0,11.990834770706746,-1.990688778250716
29.3,-61.02263287807779,0.08361153270268526,0.45975660467063556,0.3799797145368184,-0.0,11.990833254956431,-1.9906898634233379
29.325000000000003,-61.02263643064391,0.08361149190144046,0.4597385605790311,0.3799797237171056,-0.0,11.990831747586801,-1.9906909291931718
29.35,-61.02263991922967,0.0836114517638488,0.4597205737984799,0.3799797325856691,-0.0,11.990830248885645,-1.9906919757689003
29.375,-61.0226433445325,0.083611412284102,0.4597026441410462,0.37997974114884076,-0.0,11.990828759128831,-1.990693003359749
29.400000000000002,-61.022646707251326,0.08361137345633204,0.45968477141946584,0.37997974941286894,-0.0,11.990827278580559,-1.9906940121753975
29.425,-61.02265000808631,0.08361133527461495,0.4596669554471443,0.37997975738391904,-0.0,11.990825807493627,-1.9906950024258925
29.450000000000003,-61.022653247738525,0.08361129773297478,0.4596491960381548,0.3799797650680735,-0.0,11.990824346109672,-1.9906959743215573
29.475,-61.0226564269097,0.08361126082538725,0.4596314930072361,0.3799797724713324,-0.0,11.990822894659452,-1.9906969280729092
29.5,-61.02265954630192,0.08361122454578353,0.4596138461697906,0.37997977959961365,-0.0,11.990821453363075,-1.9906978638905748
29.525000000000002,-61.02266260661738,0.08361118888805363,0.45959625534188225,0.3799797864587535,-0.0,11.990820022430263,-1.990698781985214
29.55,-61.022665608558135,0.08361115384605006,0.4595787203402343,0.37997979305450685,-0.0,11.99081860206057,-1.9906996825674403
29.575000000000003,-61.02266855282583,0.08361111941359091,0.4595612409822273,0.37997979939254767,-0.0,11.990817192443648,-1.990700565847748
29.6,-61.02267144012147,0.0836110855844635,0.4595438170858971,0.3799798054784694,-0.0,11.990815793759449,-1.990701432036441
29.625,-61.02267427114519,0.08361105235242718,0.4595264484699324,0.3799798113177854,-0.0,11.990814406178496,-1.9907022813435573
29.650000000000002,-61.02267704659602,0.08361101971121684,0.45950913495367285,0.3799798169159295,-0.0,11.990813029862066,-1.9907031139788067
29.675,-61.02267976717168,0.08361098765454558,0.4594918763571066,0.3799798222782565,-0.0,11.990811664962466,-1.9907039301515042
29.700000000000003,-61.022682433568356,0.08361095617610781,0.45947467250086826,0.3799798274100423,-0.0,11.990810311623195,-1.9907047300705065
29.725,-61.02268504648049,0.08361092526958203,0.45945752320623673,0.3799798323164849,-0.0,11.990808969979211,-1.9907055139441467
29.75,-61.022687606600606,0.08361089492863374,0.4594404282951327,0.37997983700270455,-0.0,11.99080764015711,-1.9907062819801815
29.775000000000002,-61.022690114619095,0.08361086514691789,0.45942338759011664,0.3799798414737444,-0.0,11.990806322275356,-1.9907070343857285
29.8,-61.02269257122405,0.08361083591808165,0.4594064009143864,0.37997984573457116,-0.0,11.990805016444476,-1.9907077713672143
29.825000000000003,-61.02269497710106,0.083610807235767,0.45938946809177494,0.37997984979007543,-0.0,11.99080372276728,-1.990708493130318
29.85,-61.022697332933085,0.08361077909361299,0.4593725889467481,0.37997985364507236,-0.0,11.990802441339028,-1.9907091998799251
29.875,-61.02269963940024,0.0836107514852583,0.4593557633044022,0.3799798573043022,-0.0,11.990801172247656,-1.990709891820071
29.900000000000002,-61.022701897179665,0.08361072440434344,0.4593389909904617,0.379979860772431,-0.0,11.990799915573948,-1.9907105691538993
29.925,-61.022704106945376,0.08361069784451305,0.4593222718312771,0.379979864054051,-0.0,11.99079867139175,-1.9907112320836127
29.950000000000003,-61.02270626936809,0.08361067179941804,0.4593056056538223,0.3799798671536813,-0.0,11.990797439768128,-1.9907118808104278
29.975,-61.022708385115116,0.08361064626271766,0.45928899228569237,0.3799798700757686,-0.0,11.990796220763576,-1.9907125155345347
30.0,-61.02271045485019,0.08361062122808166,0.45927243155510117,0.37997987282468765,-0.0,11.990795014432173,-1.9907131364550572
30.025000000000002,-61.02271247923336,0.08361059668919209,0.4592559232908791,0.3799798754047418,-0.0,11.990793820821773,-1.9907137437700086
30.05,-61.02271445892087,0.08361057263974528,0.4592394673224707,0.3799798778201639,-0.0,11.990792639974167,-1.9907143376762617
30.075000000000003,-61.02271639456502,0.08361054907345372,0.45922306347993197,0.37997988007511674,-0.0,11.990791471925274,-1.9907149183695068
30.1,-61.02271828681406,0.08361052598404778,0.4592067115939285,0.37997988217369366,-0.0,11.990790316705283,-1.9907154860442182
30.125,-61.022720136312074,0.0836105033652774,0.45919041149573275,0.37997988411991934,-0.0,11.990789174338838,-1.990716040893622
30.150000000000002,-61.022721943698876,0.08361048121091386,0.45917416301722164,0.37997988591775034,-0.0,11.99078804484519,-1.9907165831096627
30.175,-61.02272370960993,0.08361045951475121,0.4591579659908742,0.3799798875710758,-0.0,11.990786928238354,-1.990717112882978
30.200000000000003,-61.02272543467622,0.08361043827060798,0.4591418202497694,0.37997988908371805,-0.0,11.99078582452725,-1.990717630402865
30.225,-61.02272711952419,0.08361041747232853,0.45912572562758336,0.3799798904594333,-0.0,11.990784733715886,-1.9907181358572572
30.25,-61.022728764775636,0.08361039711378461,0.45910968195858726,0.37997989170191243,-0.0,11.990783655803497,-1.9907186294326904
30.275000000000002,-61.02273037104763,0.0836103771888766,0.4590936890776447,0.37997989281478134,-0.0,11.990782590784661,-1.9907191113142886
30.3,-61.02273193895244,0.08361035769153495,0.45907774682020946,0.379979893801602,-0.0,11.990781538649498,-1.9907195816857317
30.325000000000003,-61.02273346909746,0.08361033861572134,0.4590618550223231,0.3799798946658729,-0.0,11.990780499383758,-1.9907200407292378
30.35,-61.022734962085146,0.08361031995543007,0.45904601352061236,0.37997989541102967,-0.0,11.990779472968988,-1.9907204886255434
30.375,-61.022736418512935,0.083610301704689,0.4590302221522869,0.379979896040446,-0.0,11.990778459382657,-1.9907209255538802
30.400000000000002,-61.022737838973185,0.08361028385756093,0.45901448075513684,0.3799798965574342,-0.0,11.990777458598307,-1.9907213516919553
30.425,-61.02273922405313,0.08361026640814444,0.45899878916753045,0.3799798969652457,-0.0,11.990776470585647,-1.9907217672159396
30.450000000000003,-61.02274057433482,0.08361024935057511,0.45898314722841166,0.37997989726707204,-0.0,11.990775495310713,-1.9907221723004453
30.475,-61.02274189039504,0.08361023267902638,0.45896755477729756,0.3799798974660454,-0.0,11.990774532735989,-1.9907225671185116
30.5,-61.02274317280531,0.08361021638771061,0.4589520116542762,0.37997989756523926,-0.0,11.990773582820516,-1.9907229518415939
30.525000000000002,-61.02274442213182,0.08361020047087987,0.458936517700004,0.37997989756766914,-0.0,11.990772645520012,-1.9907233266395465
30.55,-61.022745638935376,0.08361018492282686,0.4589210727557035,0.3799798974762933,-0.0,11.990771720787007,-1.9907236916806126
30.575000000000003,-61.02274682377137,0.08361016973788568,0.4589056766631608,0.3799798972940133,-0.0,11.990770808570938,-1.990724047131411
30.6,-61.02274797718976,0.0836101549104327,0.4588903292647234,0.37997989702367496,-0.0,11.990769908818278,-1.9907243931569276
30.625,-61.022749099735016,0.08361014043488717,0.45887503040329763,0.3799798966680686,-0.0,11.990769021472625,-1.9907247299205046
30.650000000000002,-61.0227501919461,0.08361012630571207,0.45885977992234633,0.37997989622993017,-0.0,11.990768146474842,-1.9907250575838304
30.675,-61.02275125435645,0.08361011251741464,0.4588445776658864,0.3799798957119417,-0.0,11.990767283763129,-1.9907253763069348
30.700000000000003,-61.02275228749394,0.08361009906454708,0.4588294234784865,0.37997989511673197,-0.0,11.990766433273146,-1.9907256862481808
30.725,-61.02275329188087,0.08361008594170716,0.45881431720526467,0.37997989444687735,-0.0,11.990765594938111,-1.99072598756426
30.75,-61.022754268033935,0.08361007314353862,0.458799258691886,0.37997989370490226,-0.0,11.990764768688894,-1.9907262804101804
30.775000000000002,-61.02275521646423,0.083610060664732,0.4587842477845602,0.37997989289327994,-0.0,11.990763954454115,-1.9907265649392698
30.8,-61.02275613767723,0.0836100485000248,0.4587692843300392,0.3799798920144332,-0.0,11.99076315216025,-1.990726841303168
30.825000000000003,-61.022757032172755,0.08361003664420212,0.4587543681756151,0.3799798910707351,-0.0,11.99076236173171,-1.9907271096518264
30.85,-61.02275790044501,0.08361002509209708,0.45873949916911744,0.37997989006450933,-0.0,11.990761583090924,-1.9907273701335022
30.875,-61.02275874298253,0.08361001383859115,0.458724677158911,0.37997988899803126,-0.0,11.990760816158451,-1.9907276228947595
30.900000000000002,-61.02275956026821,0.08361000287861454,0.45870990199389367,0.3799798878735283,-0.0,11.99076006085305,-1.9907278680804636
30.925,-61.022760352779294,0.08360999220714667,0.4586951735234938,0.37997988669318083,-0.0,11.990759317091767,-1.9907281058337878
30.950000000000003,-61.02276112098736,0.08360998181921625,0.45868049159766827,0.3799798854591226,-0.0,11.99075858479002,-1.9907283362962083
30.975,-61.022761865358355,0.08360997170990177,0.4586658560668998,0.3799798841734415,-0.0,11.990757863861667,-1.9907285596075062
31.0,-61.02276258635256,0.08360996187433155,0.4586512667821949,0.3799798828381802,-0.0,11.990757154219109,-1.9907287759057688
31.025000000000002,-61.022763284424634,0.08360995230768421,0.45863672359508156,0.37997988145533684,-0.0,11.99075645577335,-1.9907289853273902
31.05,-61.022763960023596,0.08360994300518867,0.4586222263576068,0.37997988002686567,-0.0,11.99075576843407,-1.9907291880070785
31.075000000000003,-61.02276461359285,0.08360993396212443,0.4586077749223346,0.3799798785546775,-0.0,11.990755092109705,-1.9907293840778542
31.1,-61.022765245570184,0.08360992517382175,0.4585933691423436,0.3799798770406407,-0.0,11.990754426707515,-1.990729573671055
31.125,-61.02276585638781,0.08360991663566171,0.4585790088712247,0.3799798754865813,-0.0,11.990753772133642,-1.9907297569163418
31.150000000000002,-61.02276644647233,0.08360990834307638,0.45856469396307903,0.3799798738942842,-0.0,11.990753128293212,-1.9907299339416993
31.175,-61.02276701624481,0.08360990029154888,0.45855042427251547,0.3799798722654935,-0.0,11.990752495090367,-1.9907301048734438
31.200000000000003,-61.02276756612076,0.08360989247661342,0.45853619965464865,0.37997987060191296,-0.0,11.990751872428335,-1.9907302698362286
31.225,-61.02276809651016,0.08360988489385546,0.4585220199650966,0.37997986890520696,-0.0,11.990751260209516,-1.9907304289530485
31.25,-61.0227686078175,0.08360987753891158,0.4585078850599786,0.3799798671770009,-0.0,11.990750658335509,-1.9907305823452488
31.275000000000002,-61.022769100441764,0.08360987040746966,0.45849379479591285,0.37997986541888173,-0.0,11.990750066707193,-1.9907307301325288
31.3,-61.022769574776504,0.08360986349526871,0.4584797490300145,0.37997986363239883,-0.0,11.990749485224779,-1.9907308724329509
31.325000000000003,-61.022770031209824,0.08360985679809897,0.4584657476198932,0.37997986181906435,-0.0,11.990748913787872,-1.990731009362947
31.35,-61.02277047012442,0.08360985031180176,0.4584517904236513,0.37997985998035394,-0.0,11.990748352295528,-1.990731141037326
31.375,-61.022770891897615,0.08360984403226954,0.4584378772998813,0.3799798581177072,-0.0,11.990747800646279,-1.9907312675692843
31.400000000000002,-61.02277129690137,0.08360983795544562,0.45842400810766387,0.3799798562325284,-0.0,11.990747258738232,-1.9907313890704101
31.425,-61.022771685502335,0.08360983207732436,0.4584101827065658,0.37997985432618697,-0.0,11.990746726469073,-1.9907315056507002
31.450000000000003,-61.02277205806186,0.08360982639395083,0.45839640095663764,0.3799798524000182,-0.0,11.990746203736153,-1.990731617418558
31.475,-61.022772414936036,0.0836098209014207,0.4583826627184118,0.37997985045532356,-0.0,11.990745690436519,-1.9907317244808105
31.5,-61.02277275647573,0.08360981559588027,0.45836896785290043,0.37997984849337146,-0.0,11.990745186466944,-1.9907318269427192
31.525000000000002,-61.02277308302661,0.0836098104735261,0.45835531622159303,0.3799798465153978,-0.0,11.990744691724014,-1.9907319249079818
31.55,-61.022773394929175,0.08360980553060501,0.4583417076864547,0.3799798445226064,-0.0,11.990744206104138,-1.9907320184787523
31.575000000000003,-61.02277369251882,0.08360980076341387,0.45832814210992395,0.3799798425161697,-0.0,11.99074372950359,-1.9907321077556452
31.6,-61.022773976125826,0.08360979616829925,0.4583146193549106,0.37997984049722905,-0.0,11.990743261818576,-1.9907321928377477
31.625,-61.022774246075436,0.08360979174165743,0.4583011392847936,0.37997983846689554,-0.0,11.990742802945244,-1.9907322738226305
31.650000000000002,-61.02277450268787,0.08360978747993406,0.4582877017634194,0.3799798364262504,-0.0,11.990742352779751,-1.9907323508063597
31.675,-61.02277474627836,0.08360978337962392,0.45827430665509933,0.37997983437634547,-0.0,11.99074191121829,-1.9907324238835074
31.700000000000003,-61.02277497715722,0.08360977943727087,0.458260953824608,0.3799798323182038,-0.0,11.990741478157101,-1.9907324931471655
31.725,-61.02277519562984,0.08360977564946726,0.4582476431371813,0.3799798302528201,-0.0,11.990741053492552,-1.990732558688952
31.75,-61.02277540199677,0.08360977201285401,0.458234374458514,0.37997982818116127,-0.0,11.990740637121135,-1.9907326205990301
31.775000000000002,-61.022775596553714,0.08360976852412011,0.4582211476547582,0.3799798261041669,-0.0,11.990740228939519,-1.990732678966114
31.8,-61.02277577959162,0.08360976518000254,0.458207962592521,0.3799798240227498,-0.0,11.990739828844571,-1.9907327338774854
31.825000000000003,-61.02277595139668,0.08360976197728573,0.4581948191388629,0.3799798219377965,-0.0,11.990739436733406,-1.9907327854190042
31.85,-61.0227761122504,0.08360975891280154,0.4581817171612954,0.3799798198501676,-0.0,11.990739052503397,-1.990732833675119
31.875,-61.02277626242961,0.08360975598342868,0.4581686565277795,0.3799798177606984,-0.0,11.990738676052208,-1.9907328787288825
31.900000000000002,-61.022776402206546,0.08360975318609266,0.45815563710672336,0.3799798156701993,-0.0,11.990738307277827,-1.9907329206619635
31.925,-61.02277653184887,0.08360975051776533,0.45814265876698057,0.3799798135794563,-0.0,11.990737946078594,-1.9907329595546606
31.950000000000003,-61.02277665161971,0.08360974797546455,0.45812972137784835,0.37997981148923154,-0.0,11.990737592353225,-1.990732995485912
31.975,-61.02277676177771,0.08360974555625393,0.45811682480906535,0.37997980940026355,-0.0,11.990737246000828,-1.9907330285333138
32.0,-61.02277686257709,0.08360974325724246,0.45810396893081,0.3799798073132678,-0.0,11.990736906920942,-1.9907330587731265
32.025000000000006,-61.02277695426765,0.08360974107558408,0.4580911536136985,0.37997980522893726,-0.0,11.990736575013548,-1.9907330862802943
32.05,-61.02277703709485,0.0836097390084775,0.45807837872878304,0.3799798031479427,-0.0,11.990736250179106,-1.990733111128454
32.075,-61.022777111299845,0.0836097370531657,0.4580656441475498,0.3799798010709332,-0.0,11.990735932318549,-1.9907331333899534
32.1,-61.02277717711953,0.08360973520693567,0.45805294974191724,0.37997979899853657,-0.0,11.99073562133335,-1.9907331531358585
32.125,-61.022777234786574,0.08360973346711792,0.4580402953842342,0.37997979693135964,-0.0,11.990735317125484,-1.9907331704359719
32.150000000000006,-61.022777284529475,0.08360973183108626,0.45802768094727797,0.37997979486998895,-0.0,11.990735019597501,-1.9907331853588424
32.175,-61.02277732657261,0.08360973029625728,0.45801510630425274,0.3799797928149909,-0.0,11.990734728652503,-1.9907331979717824
32.2,-61.022777361136264,0.08360972886009012,0.4580025713287875,0.37997979076691235,-0.0,11.990734444194196,-1.9907332083408789
32.225,-61.02277738843669,0.08360972752008598,0.45799007589493446,0.37997978872628085,-0.0,11.990734166126874,-1.9907332165310059
32.25,-61.022777408686146,0.08360972627378775,0.457977619877167,0.3799797866936052,-0.0,11.990733894355456,-1.9907332226058436
32.275000000000006,-61.02277742209295,0.08360972511877965,0.45796520315037825,0.37997978466937576,-0.0,11.990733628785504,-1.990733226627885
32.3,-61.02277742886152,0.08360972405268687,0.45795282558987915,0.3799797826540648,-0.0,11.990733369323214,-1.9907332286584547
32.325,-61.0227774291924,0.08360972307317505,0.4579404870713964,0.379979780648127,-0.0,11.990733115875468,-1.9907332287577204
32.35,-61.022777423282356,0.08360972217795007,0.45792818747107145,0.37997977865199967,-0.0,11.990732868349806,-1.9907332269847067
32.375,-61.02277741132436,0.08360972136475749,0.4579159266654579,0.3799797766661033,-0.0,11.990732626654463,-1.9907332233973085
32.400000000000006,-61.02277739350769,0.08360972063138214,0.4579037045315204,0.3799797746908417,-0.0,11.990732390698383,-1.9907332180523063
32.425,-61.02277737001792,0.08360971997564788,0.45789152094663277,0.37997977272660266,-0.0,11.990732160391216,-1.9907332110053757
32.45,-61.02277734103703,0.0836097193954171,0.4578793757885761,0.37997977077375794,-0.0,11.990731935643334,-1.990733202311108
32.475,-61.0227773067434,0.08360971888859024,0.4578672689355375,0.379979768832664,-0.0,11.990731716365842,-1.9907331920230198
32.5,-61.02277726731187,0.0836097184531055,0.45785520026610776,0.3799797669036621,-0.0,11.990731502470611,-1.9907331801935597
32.525000000000006,-61.02277722291379,0.08360971808693833,0.4578431696592804,0.3799797649870786,-0.0,11.990731293870235,-1.9907331668741364
32.55,-61.02277717371707,0.08360971778810113,0.4578311769944496,0.3799797630832255,-0.0,11.990731090478087,-1.99073315211512
32.575,-61.02277711988621,0.08360971755464279,0.45781922215140847,0.37997976119240073,-0.0,11.990730892208308,-1.990733135965862
32.6,-61.022777061582346,0.08360971738464823,0.4578073050103477,0.37997975931488825,-0.0,11.990730698975815,-1.9907331184747035
32.625,-61.02277699896332,0.08360971727623805,0.4577954254518538,0.3799797574509586,-0.0,11.990730510696292,-1.9907330996889967
32.650000000000006,-61.022776932183696,0.08360971722756806,0.4577835833569074,0.3799797556008691,-0.0,11.990730327286238,-1.9907330796551086
32.675,-61.022776861394796,0.08360971723682895,0.4577717786068818,0.37997975376486437,-0.0,11.990730148662944,-1.9907330584184386
32.7,-61.02277678674478,0.08360971730224584,0.4577600110835412,0.37997975194317624,-0.0,11.990729974744493,-1.9907330360234332
32.725,-61.022776708378665,0.0836097174220778,0.45774828066903933,0.3799797501360244,-0.0,11.990729805449774,-1.9907330125135991
32.75,-61.02277662643838,0.08360971759461751,0.45773658724591765,0.37997974834361664,-0.0,11.9907296406985,-1.9907329879315134
32.775000000000006,-61.0227765410628,0.08360971781819092,0.4577249306971039,0.37997974656614897,-0.0,11.990729480411193,-1.9907329623188388
32.8,-61.02277645238779,0.08360971809115667,0.4577133109059105,0.37997974480380603,-0.0,11.99072932450919,-1.9907329357163361
32.825,-61.02277636054625,0.08360971841190579,0.45770172775603307,0.37997974305676135,-0.0,11.990729172914648,-1.9907329081638756
32.85,-61.02277626566817,0.08360971877886124,0.4576901811315488,0.37997974132517764,-0.0,11.990729025550564,-1.9907328797004509
32.875,-61.02277616788065,0.08360971919047759,0.45767867091691494,0.3799797396092071,-0.0,11.990728882340752,-1.9907328503641948
32.900000000000006,-61.02277606730795,0.08360971964524053,0.45766719699696734,0.3799797379089916,-0.0,11.99072874320986,-1.9907328201923853
32.925,-61.02277596407155,0.08360972014166648,0.45765575925691887,0.37997973622466297,-0.0,11.990728608083375,-1.9907327892214646
32.95,-61.02277585829016,0.08360972067830214,0.45764435758235794,0.3799797345563433,-0.0,11.990728476887602,-1.9907327574870477
32.975,-61.022775750079795,0.0836097212537242,0.4576329918592471,0.3799797329041452,-0.0,11.990728349549691,-1.9907327250239382
33.0,-61.022775639553785,0.08360972186653894,0.45762166197392135,0.37997973126817197,-0.0,11.990728225997627,-1.9907326918661354
33.025000000000006,-61.022775526822834,0.0836097225153816,0.4576103678130869,0.37997972964851784,-0.0,11.990728106160224,-1.9907326580468498
33.05,-61.02277541199506,0.08360972319891628,0.45759910926381947,0.3799797280452684,-0.0,11.990727989967144,-1.9907326235985188
33.075,-61.02277529517603,0.08360972391583538,0.4575878862135631,0.37997972645850064,-0.0,11.990727877348876,-1.9907325885528095
33.1,-61.022775176468805,0.08360972466485925,0.45757669855012845,0.3799797248882832,-0.0,11.990727768236741,-1.9907325529406412
33.125,-61.02277505597396,0.08360972544473569,0.45756554616169154,0.37997972333467667,-0.0,11.99072766256291,-1.9907325167921874
33.150000000000006,-61.022774933789655,0.08360972625423982,0.45755442893679227,0.37997972179773387,-0.0,11.99072756026037,-1.9907324801368964
33.175,-61.022774810011654,0.08360972709217336,0.457543346764333,0.37997972027749993,-0.0,11.990727461262958,-1.990732443003496
33.2,-61.02277468473337,0.08360972795736456,0.45753229953357705,0.37997971877401254,-0.0,11.990727365505322,-1.9907324054200108
33.225,-61.0227745580459,0.08360972884866759,0.45752128713414747,0.37997971728730223,-0.0,11.990727272922948,-1.9907323674137707
33.25,-61.02277443003806,0.08360972976496221,0.45751030945602555,0.37997971581739254,-0.0,11.990727183452156,-1.9907323290114185
33.275000000000006,-61.02277430079643,0.08360973070515348,0.45749936638954936,0.3799797143643002,-0.0,11.99072709703008,-1.9907322902389282
33.3,-61.02277417040538,0.08360973166817127,0.4574884578254126,0.37997971292803545,-0.0,11.990727013594684,-1.9907322511216128
33.325,-61.02277403894713,0.08360973265296998,0.45747758365466296,0.379979711508602,-0.0,11.99072693308474,-1.9907322116841377
33.35,-61.022773906501754,0.08360973365852807,0.457466743768701,0.37997971010599746,-0.0,11.99072685543985,-1.9907321719505262
33.375,-61.02277377314724,0.08360973468384778,0.45745593805927864,0.37997970872021347,-0.0,11.990726780600426,-1.9907321319441726
33.400000000000006,-61.022773638959535,0.08360973572795476,0.45744516641849786,0.37997970735123576,-0.0,11.99072670850768,-1.9907320916878604
33.425,-61.02277350401254,0.08360973678989761,0.4574344287388094,0.3799797059990445,-0.0,11.990726639103634,-1.990732051203762
33.45,-61.02277336837818,0.08360973786874762,0.4574237249130115,0.3799797046636144,-0.0,11.990726572331125,-1.9907320105134545
33.475,-61.02277323212643,0.08360973896359837,0.4574130548342483,0.3799797033449149,-0.0,11.990726508133772,-1.9907319696379295
33.5,-61.02277309532535,0.08360974007356543,0.457402418396009,0.37997970204291026,-0.0,11.990726446456003,-1.9907319285976044
33.525000000000006,-61.0227729580411,0.0836097411977859,0.457391815492126,0.37997970075755994,-0.0,11.990726387243027,-1.9907318874123305
33.55,-61.02277282033802,0.08360974233541811,0.4573812460167741,0.3799796994888185,-0.0,11.990726330440834,-1.9907318461014056
33.575,-61.022772682278614,0.0836097434856414,0.457370709864469,0.3799796982366359,-0.0,11.990726275996199,-1.990731804683584
33.6,-61.0227725439236,0.08360974464765551,0.4573602069300659,0.3799796970009578,-0.0,11.990726223856688,-1.99073176317708
33.625,-61.02277240533196,0.08360974582068054,0.4573497371087585,0.3799796957817254,-0.0,11.990726173970621,-1.9907317215995888
33.650000000000006,-61.022772266560956,0.08360974700395638,0.4573393002960775,0.3799796945788759,-0.0,11.990726126287097,-1.9907316799682866
33.675,-61.02277212766615,0.08360974819674244,0.45732889638788954,0.37997969339234244,-0.0,11.990726080755966,-1.9907316382998452
33.7,-61.022771988701464,0.08360974939831742,0.45731852528039574,0.37997969222205424,-0.0,11.990726037327839,-1.990731596610439
33.725,-61.022771849719184,0.08360975060797884,0.45730818687013075,0.37997969106793694,-0.0,11.990725995954085,-1.9907315549157552
33.75,-61.022771710770016,0.08360975182504288,0.4572978810539612,0.37997968992991255,-0.0,11.990725956586806,-1.9907315132310046
33.775000000000006,-61.02277157190309,0.0836097530488439,0.45728760772908467,0.3799796888078997,-0.0,11.990725919178853,-1.9907314715709274
33.8,-61.02277143316603,0.0836097542787341,0.4572773667930285,0.3799796877018137,-0.0,11.990725883683812,-1.9907314299498082
33.825,-61.022771294604915,0.08360975551408345,0.4572671581436484,0.37997968661156667,-0.0,11.990725850055995,-1.9907313883814743
33.85,-61.02277115626439,0.0836097567542791,0.4572569816791273,0.3799796855370678,-0.0,11.990725818250434,-1.9907313468793169
33.875,-61.02277101818763,0.08360975799872523,0.4572468372979745,0.3799796844782233,-0.0,11.990725788222889,-1.9907313054562898
33.900000000000006,-61.02277088041641,0.08360975924684275,0.45723672489902384,0.3799796834349366,-0.0,11.990725759929825,-1.9907312641249226
33.925,-61.022770742991106,0.08360976049806886,0.45722664438143307,0.3799796824071085,-0.0,11.990725733328413,-1.9907312228973317
33.95,-61.02277060595075,0.08360976175185696,0.45721659564468237,0.3799796813946372,-0.0,11.990725708376518,-1.9907311817852238
33.975,-61.02277046933302,0.08360976300767613,0.4572065785885734,0.3799796803974186,-0.0,11.990725685032704,-1.9907311407999053
34.0,-61.0227703331743,0.08360976426501103,0.45719659311322786,0.37997967941534605,-0.0,11.990725663256221,-1.9907310999522898
34.025000000000006,-61.0227701975097,0.0836097655233615,0.45718663911908664,0.3799796784483109,-0.0,11.990725643006998,-1.99073105925291
34.05,-61.02277006237308,0.08360976678224231,0.4571767165069085,0.37997967749620226,-0.0,11.990725624245638,-1.990731018711923
34.075,-61.02276992779706,0.0836097680411829,0.45716682517776885,0.3799796765589074,-0.0,11.990725606933413,-1.990730978339117
34.1,-61.02276979381307,0.08360976929972706,0.45715696503305886,0.3799796756363116,-0.0,11.99072559103226,-1.9907309381439204
34.125,-61.02276966045137,0.08360977055743268,0.4571471359744841,0.37997967472829824,-0.0,11.99072557650476,-1.9907308981354097
34.150000000000006,-61.02276952774105,0.08360977181387144,0.4571373379040635,0.3799796738347492,-0.0,11.990725563314156,-1.990730858322314
34.175,-61.0227693957101,0.0836097730686286,0.45712757072412835,0.3799796729555446,-0.0,11.990725551424319,-1.9907308187130297
34.2,-61.022769264385396,0.08360977432130276,0.457117834337321,0.3799796720905631,-0.0,11.990725540799765,-1.9907307793156184
34.225,-61.022769133792735,0.08360977557150547,0.4571081286465938,0.37997967123968196,-0.0,11.990725531405635,-1.9907307401378205
34.25,-61.02276900395687,0.08360977681886109,0.4570984535552081,0.37997967040277714,-0.0,11.990725523207699,-1.9907307011870599
34.275000000000006,-61.02276887490151,0.08360977806300646,0.45708880896673315,0.37997966957972323,-0.0,11.99072551617233,-1.9907306624704524
34.3,-61.02276874664937,0.08360977930359074,0.45707919478504483,0.37997966877039374,-0.0,11.990725510266516,-1.9907306239948106
34.325,-61.02276861922218,0.08360978054027508,0.45706961091432485,0.37997966797466104,-0.0,11.990725505457842,-1.9907305857666528
34.35,-61.022768492640694,0.08360978177273237,0.4570600572590594,0.37997966719239656,-0.0,11.990725501714495,-1.990730547792208
34.375,-61.022768366924744,0.08360978300064706,0.45705053372403837,0.3799796664234708,-0.0,11.990725499005258,-1.990730510077423
34.400000000000006,-61.022768242093235,0.0836097842237149,0.45704104021435393,0.3799796656677533,-0.0,11.990725497299469,-1.9907304726279704
34.425,-61.02276811816417,0.08360978544164265,0.4570315766353999,0.37997966492511304,-0.0,11.99072549656707,-1.9907304354492517
34.45,-61.02276799515469,0.08360978665414794,0.4570221428928703,0.379979664195418,-0.0,11.990725496778552,-1.990730398546406
34.475,-61.02276787308106,0.08360978786095898,0.45701273889275856,0.37997966347853573,-0.0,11.990725497904975,-1.9907303619243173
34.5,-61.022767751958725,0.08360978906181431,0.45700336454135637,0.37997966277433315,-0.0,11.990725499917954,-1.9907303255876172
34.525000000000006,-61.02276763180231,0.08360979025646265,0.4569940197452528,0.3799796620826767,-0.0,11.990725502789655,-1.9907302895406929
34.55,-61.02276751262565,0.08360979144466264,0.456984704411333,0.3799796614034323,-0.0,11.990725506492772,-1.9907302537876943
34.575,-61.022767394441786,0.08360979262618261,0.45697541844677725,0.37997966073646555,-0.0,11.990725511000548,-1.9907302183325355
34.6,-61.02276727726302,0.08360979380080046,0.45696616175906035,0.37997966008164175,-0.0,11.990725516286753,-1.9907301831789062
34.625,-61.02276716110091,0.08360979496830326,0.45695693425594996,0.37997965943882583,-0.0,11.990725522325668,-1.9907301483302724
34.650000000000006,-61.02276704596628,0.0836097961284872,0.4569477358455061,0.37997965880788265,-0.0,11.990725529092098,-1.9907301137898847
34.675,-61.02276693186928,0.0836097972811574,0.45693856643607983,0.37997965818867685,-0.0,11.990725536561357,-1.990730079560783
34.7,-61.02276681881935,0.08360979842612759,0.4569294259363125,0.37997965758107294,-0.0,11.990725544709242,-1.9907300456458046
34.725,-61.02276670682527,0.08360979956322,0.45692031425513463,0.37997965698493547,-0.0,11.990725553512075,-1.9907300120475817
34.75,-61.022766595895185,0.08360980069226513,0.45691123130176486,0.37997965640012893,-0.0,11.990725562946642,-1.990729978768555
34.775000000000006,-61.02276648603657,0.08360980181310154,0.4569021769857091,0.3799796558265179,-0.0,11.990725572990225,-1.9907299458109717
34.8,-61.02276637725634,0.0836098029255758,0.45689315121675955,0.37997965526396704,-0.0,11.990725583620574,-1.9907299131769014
34.825,-61.022766269560755,0.08360980402954203,0.4568841539049936,0.37997965471234113,-0.0,11.9907255948159,-1.9907298808682263
34.85,-61.02276616295553,0.08360980512486202,0.45687518496077295,0.3799796541715052,-0.0,11.990725606554895,-1.9907298488866578
34.875,-61.022766057445786,0.0836098062114048,0.45686624429474265,0.3799796536413245,-0.0,11.990725618816699,-1.9907298172337355
34.900000000000006,-61.022765953036114,0.08360980728904666,0.4568573318178302,0.37997965312166454,-0.0,11.990725631580883,-1.990729785910834
34.925,-61.02276584973055,0.08360980835767082,0.45684844744124453,0.37997965261239114,-0.0,11.990725644827496,-1.9907297549191638
34.95,-61.02276574753262,0.0836098094171674,0.4568395910764749,0.3799796521133705,-0.0,11.990725658536991,-1.9907297242597848
34.975,-61.02276564644533,0.08360981046743313,0.4568307626352903,0.3799796516244691,-0.0,11.990725672690271,-1.9907296939335986
35.0,-61.022765546471206,0.08360981150837118,0.4568219620297383,0.3799796511455541,-0.0,11.990725687268657,-1.9907296639413614
35.025000000000006,-61.022765447612294,0.08360981253989118,0.456813189172144,0.37997965067649286,-0.0,11.990725702253883,-1.9907296342836878
35.05,-61.02276534987016,0.08360981356190873,0.4568044439751094,0.37997965021715335,-0.0,11.990725717628102,-1.9907296049610486
35.075,-61.02276525324594,0.08360981457434562,0.4567957263515123,0.37997964976740406,-0.0,11.990725733373864,-1.9907295759737826
35.1,-61.022765157740324,0.0836098155771294,0.4567870362145053,0.37997964932711403,-0.0,11.990725749474127,-1.990729547322097
35.125,-61.02276506335356,0.08360981657019334,0.4567783734775151,0.37997964889615293,-0.0,11.990725765912241,-1.9907295190060679
35.150000000000006,-61.02276497008551,0.08360981755347624,0.4567697380542415,0.37997964847439103,-0.0,11.990725782671946,-1.990729491025653
35.175,-61.02276487793563,0.08360981852692237,0.4567611298586563,0.3799796480616992,-0.0,11.990725799737348,-1.9907294633806885
35.2,-61.022764786902975,0.08360981949048119,0.4567525488050027,0.37997964765794906,-0.0,11.990725817092942,-1.9907294360708923
35.225,-61.022764696986236,0.08360982044410721,0.45674399480779426,0.37997964726301287,-0.0,11.990725834723598,-1.9907294090958707
35.25,-61.02276460818374,0.08360982138776009,0.45673546778181395,0.3799796468767636,-0.0,11.990725852614531,-1.9907293824551224
35.275000000000006,-61.022764520493475,0.0836098223214042,0.4567269676421134,0.37997964649907506,-0.0,11.99072587075133,-1.9907293561480421
35.3,-61.02276443391307,0.08360982324500864,0.45671849430401185,0.37997964612982177,-0.0,11.990725889119927,-1.9907293301739202
35.325,-61.02276434843983,0.08360982415854706,0.4567100476830954,0.37997964576887905,-0.0,11.990725907706612,-1.9907293045319483
35.35,-61.022764264070744,0.08360982506199756,0.45670162769521616,0.379979645416123,-0.0,11.990725926498003,-1.990729279221223
35.375,-61.02276418080251,0.08360982595534261,0.45669323425649117,0.3799796450714306,-0.0,11.990725945481051,-1.990729254240753
35.400000000000006,-61.02276409863151,0.08360982683856877,0.45668486728330177,0.3799796447346797,-0.0,11.990725964643051,-1.9907292295894534
35.425,-61.02276401755385,0.0836098277116667,0.4566765266922926,0.37997964440574894,-0.0,11.990725983971615,-1.9907292052661538
35.45,-61.02276393756535,0.08360982857463106,0.4566682124003707,0.3799796440845179,-0.0,11.990726003454665,-1.990729181269605
35.475,-61.02276385866158,0.08360982942746023,0.4566599243247048,0.37997964377086707,-0.0,11.990726023080459,-1.990729157598473
35.5,-61.02276378083784,0.08360983027015632,0.45665166238272437,0.37997964346467783,-0.0,11.990726042837531,-1.9907291342513522
35.525000000000006,-61.0227637040892,0.08360983110272514,0.45664342649211875,0.37997964316583255,-0.0,11.99072606271475,-1.99072911122676
35.55,-61.02276362841047,0.08360983192517583,0.45663521657083633,0.37997964287421443,-0.0,11.990726082701258,-1.9907290885231417
35.575,-61.02276355379627,0.08360983273752096,0.4566270325370838,0.3799796425897078,-0.0,11.990726102786503,-1.99072906613888
35.6,-61.02276348024095,0.08360983353977638,0.45661887430932513,0.37997964231219783,-0.0,11.990726122960222,-1.9907290440722838
35.625,-61.02276340773869,0.0836098343319611,0.45661074180628086,0.3799796420415707,-0.0,11.990726143212415,-1.9907290223216059
35.650000000000006,-61.02276333628345,0.08360983511409718,0.4566026349469272,0.37997964177771365,-0.0,11.990726163533385,-1.9907290008850338
35.675,-61.022763265868996,0.0836098358862096,0.45659455365049534,0.37997964152051483,-0.0,11.990726183913688,-1.9907289797606984
35.7,-61.022763196488924,0.08360983664832622,0.45658649783647043,0.3799796412698635,-0.0,11.99072620434416,-1.990728958946677
35.725,-61.022763128136646,0.08360983740047764,0.45657846742459085,0.3799796410256499,-0.0,11.990726224815887,-1.9907289384409934
35.75,-61.02276306080539,0.08360983814269718,0.45657046233484744,0.3799796407877653,-0.0,11.990726245320227,-1.9907289182416164
35.775000000000006,-61.02276299448824,0.08360983887502059,0.45656248248748266,0.379979640556102,-0.0,11.990726265848773,-1.9907288983464717
35.8,-61.02276292917812,0.08360983959748625,0.4565545278029896,0.37997964033055337,-0.0,11.990726286393379,-1.990728878753436
35.825,-61.02276286486781,0.08360984031013485,0.4565465982021115,0.3799796401110138,-0.0,11.99072630694614,-1.990728859460342
35.85,-61.02276280154994,0.0836098410130094,0.45653869360584076,0.3799796398973788,-0.0,11.990726327499383,-1.990728840464981
35.875,-61.02276273921701,0.08360984170615511,0.45653081393541806,0.3799796396895449,-0.0,11.99072634804568,-1.990728821765102
35.900000000000006,-61.0227626778614,0.08360984238961931,0.4565229591123317,0.3799796394874097,-0.0,11.990726368577832,-1.99072880335842
35.925,-61.02276261747538,0.08360984306345139,0.45651512905831676,0.37997963929087186,-0.0,11.990726389088845,-1.9907287852426137
35.95,-61.02276255805108,0.08360984372770269,0.4565073236953543,0.3799796390998312,-0.0,11.990726409571977,-1.9907287674153231
35.975,-61.02276249958054,0.0836098443824265,0.4564995429456706,0.3799796389141885,-0.0,11.99072643002069,-1.9907287498741608
36.0,-61.0227624420557,0.08360984502767782,0.4564917867317363,0.37997963873384577,-0.0,11.990726450428642,-1.99072873261671
36.025000000000006,-61.022762385468404,0.08360984566351344,0.45648405497626576,0.379979638558706,-0.0,11.990726470789724,-1.990728715640521
36.05,-61.0227623298104,0.08360984628999185,0.45647634760221617,0.3799796383886732,-0.0,11.99072649109802,-1.9907286989431192
36.075,-61.022762275073354,0.08360984690717306,0.4564686645327868,0.3799796382236527,-0.0,11.990726511347816,-1.990728682522006
36.1,-61.02276222124887,0.0836098475151186,0.4564610056914181,0.37997963806355073,-0.0,11.990726531533587,-1.9907286663746602
36.125,-61.02276216832846,0.08360984811389155,0.4564533710017913,0.37997963790827466,-0.0,11.990726551650008,-1.9907286504985384
36.150000000000006,-61.02276211630358,0.08360984870355623,0.45644576038782714,0.3799796377577329,-0.0,11.990726571691939,-1.9907286348910744
36.175,-61.02276206516562,0.0836098492841784,0.45643817377368556,0.3799796376118351,-0.0,11.990726591654429,-1.9907286195496865
36.2,-61.02276201490592,0.08360984985582501,0.4564306110837647,0.37997963747049185,-0.0,11.99072661153269,-1.9907286044717765
36.225,-61.022761965515755,0.08360985041856421,0.4564230722427001,0.3799796373336149,-0.0,11.990726631322136,-1.9907285896547264
36.25,-61.02276191698636,0.08360985097246527,0.4564155571753642,0.37997963720111705,-0.0,11.990726651018335,-1.9907285750959083
36.275000000000006,-61.02276186930893,0.0836098515175986,0.4564080658068652,0.3799796370729122,-0.0,11.990726670617029,-1.9907285607926788
36.3,-61.02276182247462,0.08360985205403555,0.45640059806254674,0.3799796369489154,-0.0,11.99072669011413,-1.990728546742386
36.325,-61.02276177647455,0.08360985258184844,0.45639315386798684,0.3799796368290427,-0.0,11.990726709505704,-1.9907285329423656
36.35,-61.022761731299816,0.0836098531011105,0.4563857331489973,0.37997963671321117,-0.0,11.990726728787982,-1.9907285193899447
36.375,-61.02276168694147,0.08360985361189581,0.4563783358316229,0.3799796366013391,-0.0,11.990726747957345,-1.9907285060824413
36.400000000000006,-61.02276164339057,0.08360985411427925,0.4563709618421407,0.3799796364933458,-0.0,11.990726767010335,-1.9907284930171698
36.425,-61.022761600638134,0.0836098546083364,0.45636361110705936,0.3799796363891516,-0.0,11.990726785943618,-1.99072848019144
36.45,-61.02276155867518,0.08360985509414356,0.4563562835531182,0.3799796362886779,-0.0,11.990726804754031,-1.9907284676025532
36.475,-61.022761517492704,0.08360985557177773,0.45634897910728667,0.37997963619184727,-0.0,11.990726823438541,-1.9907284552478108
36.5,-61.02276147708171,0.08360985604131643,0.45634169769676364,0.3799796360985832,-0.0,11.990726841994261,-1.9907284431245122
36.525000000000006,-61.02276143743319,0.08360985650283775,0.45633443924897654,0.3799796360088103,-0.0,11.990726860418421,-1.9907284312299565
36.55,-61.02276139853813,0.08360985695642029,0.45632720369158064,0.3799796359224542,-0.0,11.990726878708406,-1.9907284195614388
36.575,-61.022761360387534,0.08360985740214313,0.4563199909524585,0.37997963583944155,-0.0,11.990726896861705,-1.99072840811626
36.6,-61.02276132297241,0.08360985784008572,0.4563128009597191,0.3799796357597001,-0.0,11.990726914875953,-1.990728396891722
36.625,-61.02276128628375,0.08360985827032796,0.45630563364169713,0.3799796356831586,-0.0,11.990726932748903,-1.9907283858851257
36.650000000000006,-61.022761250312605,0.08360985869295001,0.45629848892695235,0.37997963560974685,-0.0,11.990726950478425,-1.9907283750937814
36.675,-61.022761215050004,0.0836098591080324,0.4562913667442689,0.37997963553939557,-0.0,11.9907269680625,-1.990728364515001
36.7,-61.022761180487,0.08360985951565589,0.45628426702265446,0.37997963547203656,-0.0,11.990726985499233,-1.9907283541461005
36.725,-61.02276114661469,0.08360985991590142,0.4562771896913397,0.37997963540760266,-0.0,11.990727002786832,-1.990728343984407
36.75,-61.02276111342417,0.08360986030885018,0.45627013467977745,0.3799796353460277,-0.0,11.990727019923627,-1.99072833402725
36.775000000000006,-61.02276108090656,0.08360986069458347,0.4562631019176422,0.37997963528724643,-0.0,11.990727036908039,-1.9907283242719684
36.8,-61.02276104905303,0.08360986107318272,0.4562560913348291,0.37997963523119466,-0.0,11.990727053738603,-1.9907283147159092
36.825,-61.02276101785476,0.08360986144472944,0.4562491028614535,0.37997963517780914,-0.0,11.990727070413946,-1.9907283053564284
36.85,-61.02276098730298,0.08360986180930523,0.4562421364278502,0.3799796351270276,-0.0,11.990727086932797,-1.9907282961908939
36.875,-61.02276095738895,0.08360986216699165,0.4562351919645728,0.3799796350787887,-0.0,11.990727103293969,-1.9907282872166838
36.900000000000006,-61.02276092810395,0.08360986251787035,0.4562282694023929,0.3799796350330321,-0.0,11.99072711949639,-1.9907282784311846
36.925,-61.02276089943933,0.08360986286202281,0.4562213686722996,0.3799796349896985,-0.0,11.990727135539064,-1.9907282698317976
36.95,-61.022760871386446,0.0836098631995305,0.4562144897054985,0.3799796349487294,-0.0,11.990727151421089,-1.9907282614159334
36.975,-61.02276084393673,0.08360986353047481,0.4562076324334114,0.3799796349100672,-0.0,11.99072716714164,-1.9907282531810189
37.0,-61.02276081708164,0.08360986385493706,0.4562007967876754,0.3799796348736554,-0.0,11.990727182699986,-1.9907282451244916
37.025000000000006,-61.02276079081268,0.08360986417299833,0.4561939827001423,0.37997963483943825,-0.0,11.990727198095469,-1.9907282372438047
37.05,-61.02276076512142,0.08360986448473959,0.4561871901028778,0.3799796348073611,-0.0,11.990727213327515,-1.9907282295364253
37.075,-61.02276073999945,0.08360986479024154,0.4561804189281611,0.37997963477736996,-0.0,11.990727228395627,-1.9907282219998343
37.1,-61.02276071543844,0.08360986508958476,0.45617366910848395,0.37997963474941193,-0.0,11.990727243299375,-1.990728214631531
37.125,-61.022760691430086,0.08360986538284955,0.45616694057655016,0.3799796347234349,-0.0,11.990727258038403,-1.9907282074290258
37.150000000000006,-61.02276066796617,0.08360986567011594,0.45616023326527483,0.37997963469938767,-0.0,11.990727272612435,-1.99072820038985
37.175,-61.022760645038495,0.08360986595146368,0.45615354710778383,0.3799796346772199,-0.0,11.990727287021254,-1.9907281935115484
37.2,-61.022760622638955,0.08360986622697225,0.45614688203741294,0.37997963465688217,-0.0,11.99072730126471,-1.9907281867916864
37.225,-61.02276060075947,0.08360986649672073,0.45614023798770736,0.3799796346383258,-0.0,11.990727315342728,-1.9907281802278405
37.25,-61.02276057939204,0.08360986676078794,0.456133614892421,0.379979634621503,-0.0,11.990727329255273,-1.9907281738176124
37.275000000000006,-61.02276055852872,0.08360986701925228,0.4561270126855158,0.3799796346063669,-0.0,11.990727343002396,-1.9907281675586148
37.3,-61.02276053816161,0.08360986727219182,0.4561204313011612,0.3799796345928713,-0.0,11.990727356584182,-1.9907281614484837
37.325,-61.02276051828291,0.0836098675196842,0.45611387067373327,0.37997963458097095,-0.0,11.990727370000789,-1.9907281554848721
37.35,-61.022760498884836,0.08360986776180672,0.45610733073781434,0.37997963457062134,-0.0,11.99072738325243,-1.9907281496654505
37.375,-61.0227604799597,0.08360986799863618,0.4561008114281921,0.3799796345617788,-0.0,11.99072739633937,-1.9907281439879099
37.400000000000006,-61.02276046149987,0.08360986823024896,0.4560943126798591,0.3799796345544004,-0.0,11.990727409261916,-1.990728138449961
37.425,-61.02276044349778,0.083609868456721,0.4560878344280122,0.37997963454844413,-0.0,11.990727422020438,-1.990728133049334
37.45,-61.02276042594593,0.08360986867812778,0.45608137660805165,0.37997963454386857,-0.0,11.990727434615339,-1.9907281277837796
37.475,-61.02276040883689,0.08360986889454429,0.45607493915558067,0.37997963454063316,-0.0,11.990727447047085,-1.990728122651066
37.5,-61.022760392163285,0.08360986910604501,0.45606852200640485,0.37997963453869804,-0.0,11.990727459316165,-1.9907281176489853
37.525000000000006,-61.02276037591783,0.08360986931270391,0.4560621250965314,0.3799796345380242,-0.0,11.99072747142313,-1.9907281127753478
37.55,-61.02276036009328,0.08360986951459448,0.4560557483621685,0.3799796345385733,-0.0,11.990727483368573,-1.9907281080279837
37.575,-61.02276034468248,0.08360986971178971,0.45604939173972486,0.37997963454030775,-0.0,11.990727495153125,-1.9907281034047442
37.6,-61.02276032967835,0.08360986990436199,0.45604305516580884,0.37997963454319067,-0.0,11.990727506777445,-1.9907280989035043
37.625,-61.02276031507385,0.08360987009238315,0.4560367385772281,0.3799796345471859,-0.0,11.990727518242243,-1.9907280945221557
37.650000000000006,-61.022760300862046,0.08360987027592455,0.4560304419109887,0.37997963455225797,-0.0,11.990727529548256,-1.9907280902586137
37.675,-61.02276028703605,0.08360987045505691,0.45602416510429467,0.37997963455837214,-0.0,11.990727540696259,-1.9907280861108148
37.7,-61.02276027358906,0.08360987062985045,0.4560179080945474,0.37997963456549433,-0.0,11.990727551687065,-1.9907280820767168
37.725,-61.02276026051433,0.08360987080037476,0.45601167081934496,0.37997963457359113,-0.0,11.990727562521508,-1.9907280781542993
37.75,-61.02276024780521,0.08360987096669878,0.45600545321648145,0.37997963458262984,-0.0,11.990727573200466,-1.9907280743415625
37.775000000000006,-61.022760235455095,0.083609871128891,0.4559992552239464,0.37997963459257833,-0.0,11.990727583724825,-1.9907280706365285
37.8,-61.02276022345747,0.0836098712870192,0.45599307677992434,0.3799796346034053,-0.0,11.990727594095533,-1.99072806703724
37.825,-61.022760211805874,0.08360987144115059,0.4559869178227939,0.37997963461507983,-0.0,11.990727604313534,-1.990728063541762
37.85,-61.02276020049394,0.08360987159135178,0.45598077829112743,0.3799796346275719,-0.0,11.990727614379812,-1.9907280601481823
37.875,-61.02276018951537,0.08360987173768875,0.45597465812369037,0.379979634640852,-0.0,11.990727624295385,-1.9907280568546097
37.900000000000006,-61.02276017886392,0.08360987188022685,0.4559685572594405,0.37997963465489115,-0.0,11.99072763406126,-1.9907280536591756
37.925,-61.02276016853343,0.08360987201903079,0.45596247563752756,0.37997963466966117,-0.0,11.990727643678513,-1.9907280505600289
37.95,-61.022760158517826,0.08360987215416468,0.45595641319729246,0.37997963468513435,-0.0,11.990727653148207,-1.9907280475553477
37.975,-61.02276014881108,0.08360987228569199,0.45595036987826676,0.37997963470128354,-0.0,11.990727662471434,-1.990728044643324
38.0,-61.02276013940726,0.0836098724136755,0.45594434562017216,0.3799796347180823,-0.0,11.990727671649312,-1.990728041822178
38.025000000000006,-61.02276013030049,0.08360987253817742,0.45593834036291975,0.3799796347355047,-0.0,11.990727680682978,-1.990728039090147
38.05,-61.02276012148498,0.08360987265925926,0.45593235404660953,0.3799796347535254,-0.0,11.990727689573577,-1.9907280364454933
38.075,-61.022760112955,0.08360987277698194,0.4559263866115298,0.37997963477211955,-0.0,11.990727698322265,-1.9907280338864992
38.1,-61.02276010470489,0.0836098728914057,0.4559204379981565,0.3799796347912629,-0.0,11.990727706930238,-1.990728031411468
38.125,-61.02276009672909,0.08360987300259008,0.4559145081471528,0.3799796348109318,-0.0,11.990727715398691,-1.990728029018726
38.150000000000006,-61.022760089022064,0.08360987311059406,0.4559085969993683,0.37997963483110303,-0.0,11.990727723728835,-1.990728026706619
38.175,-61.02276008157839,0.08360987321547589,0.4559027044958387,0.37997963485175396,-0.0,11.990727731921885,-1.9907280244735168
38.2,-61.0227600743927,0.0836098733172932,0.45589683057778496,0.37997963487286246,-0.0,11.990727739979079,-1.9907280223178097
38.225,-61.0227600674597,0.08360987341610296,0.45589097518661287,0.37997963489440695,-0.0,11.990727747901664,-1.9907280202379098
38.25,-61.02276006077416,0.08360987351196147,0.45588513826391247,0.3799796349163663,-0.0,11.990727755690903,-1.990728018232248
38.275000000000006,-61.02276005433093,0.08360987360492442,0.45587931975145746,0.37997963493871995,-0.0,11.990727763348056,-1.990728016299279
38.3,-61.02276004812492,0.08360987369504673,0.4558735195912046,0.3799796349614477,-0.0,11.990727770874402,-1.9907280144374766
38.325,-61.02276004215112,0.08360987378238278,0.45586773772529315,0.3799796349845299,-0.0,11.99072777827122,-1.9907280126453357
38.35,-61.02276003640458,0.08360987386698626,0.45586197409604445,0.37997963500794746,-0.0,11.990727785539809,-1.990728010921373
38.375,-61.02276003088043,0.08360987394891019,0.45585622864596104,0.3799796350316816,-0.0,11.990727792681458,-1.990728009264128
38.400000000000006,-61.02276002557385,0.08360987402820698,0.45585050131772636,0.3799796350557141,-0.0,11.99072779969748,-1.9907280076721554
38.425,-61.02276002048012,0.08360987410492829,0.4558447920542041,0.37997963508002713,-0.0,11.99072780658918,-1.990728006144036
38.45,-61.022760015594564,0.08360987417912522,0.45583910079843765,0.3799796351046034,-0.0,11.99072781335787,-1.9907280046783689
38.475,-61.02276001091257,0.08360987425084818,0.4558334274936495,0.37997963512942595,-0.0,11.990727820004873,-1.9907280032737709
38.5,-61.022760006429614,0.08360987432014698,0.4558277720832408,0.3799796351544783,-0.0,11.99072782653151,-1.990728001928884
38.525000000000006,-61.022760002141226,0.08360987438707071,0.4558221345107906,0.37997963517974437,-0.0,11.990727832939104,-1.9907280006423675
38.55,-61.022759998043,0.0836098744516678,0.4558165147200555,0.3799796352052085,-0.0,11.990727839228981,-1.9907279994128997
38.575,-61.0227599941306,0.08360987451398619,0.45581091265496904,0.3799796352308555,-0.0,11.990727845402478,-1.9907279982391806
38.6,-61.022759990399756,0.08360987457407296,0.45580532825964104,0.37997963525667044,-0.0,11.990727851460926,-1.9907279971199265
38.625,-61.02275998684626,0.08360987463197474,0.4557997614783572,0.3799796352826389,-0.0,11.990727857405647,-1.990727996053878
38.650000000000006,-61.022759983465974,0.0836098746877374,0.4557942122555785,0.3799796353087468,-0.0,11.990727863237979,-1.990727995039792
38.675,-61.02275998025482,0.08360987474140626,0.45578868053594046,0.37997963533498047,-0.0,11.990727868959258,-1.9907279940764453
38.7,-61.022759977208786,0.08360987479302595,0.4557831662642531,0.3799796353613266,-0.0,11.99072787457081,-1.9907279931626354
38.725,-61.02275997432392,0.08360987484264054,0.45577766938549974,0.37997963538777224,-0.0,11.990727880073967,-1.9907279922971752
38.75,-61.02275997159634,0.08360987489029344,0.4557721898448371,0.3799796354143048,-0.0,11.990727885470056,-1.9907279914789007
38.775000000000006,-61.02275996902221,0.08360987493602745,0.4557667275875942,0.379979635440912,-0.0,11.9907278907604,-1.990727990706663
38.8,-61.02275996659778,0.0836098749798847,0.45576128255927223,0.37997963546758207,-0.0,11.990727895946332,-1.9907279899793344
38.825,-61.02275996431934,0.08360987502190678,0.45575585470554386,0.37997963549430336,-0.0,11.990727901029167,-1.9907279892958023
38.85,-61.022759962183244,0.08360987506213464,0.4557504439722526,0.3799796355210647,-0.0,11.99072790601023,-1.990727988654973
38.875,-61.022759960185915,0.08360987510060865,0.4557450503054125,0.37997963554785513,-0.0,11.990727910890824,-1.9907279880557744
38.900000000000006,-61.02275995832383,0.08360987513736855,0.45573967365120743,0.3799796355746642,-0.0,11.99072791567227,-1.9907279874971493
38.925,-61.022759956593525,0.08360987517245344,0.4557343139559907,0.3799796356014816,-0.0,11.990727920355873,-1.9907279869780572
38.95,-61.0227599549916,0.08360987520590196,0.45572897116628425,0.37997963562829745,-0.0,11.990727924942925,-1.9907279864974796
38.975,-61.022759953514694,0.08360987523775201,0.45572364522877856,0.37997963565510207,-0.0,11.990727929434737,-1.9907279860544078
39.0,-61.022759952159525,0.083609875268041,0.45571833609033174,0.37997963568188614,-0.0,11.990727933832591,-1.9907279856478572
39.025000000000006,-61.02275995092286,0.08360987529680572,0.4557130436979692,0.37997963570864063,-0.0,11.990727938137779,-1.990727985276858
39.05,-61.022759949801525,0.08360987532408246,0.45570776799888313,0.37997963573535676,-0.0,11.99072794235157,-1.9907279849404573
39.075,-61.02275994879239,0.08360987534990683,0.4557025089404318,0.3799796357620261,-0.0,11.990727946475248,-1.990727984637717
39.1,-61.02275994789239,0.0836098753743139,0.4556972664701393,0.3799796357886404,-0.0,11.990727950510083,-1.9907279843677166
39.125,-61.022759947098514,0.08360987539733827,0.4556920405356949,0.37997963581519184,-0.0,11.990727954457327,-1.990727984129554
39.150000000000006,-61.0227599464078,0.08360987541901387,0.45568683108495245,0.37997963584167266,-0.0,11.990727958318237,-1.9907279839223406
39.175,-61.02275994581735,0.08360987543937413,0.45568163806593004,0.3799796358680755,-0.0,11.990727962094061,-1.9907279837452043
39.2,-61.0227599453243,0.08360987545845194,0.45567646142680934,0.3799796358943932,-0.0,11.99072796578604,-1.9907279835972906
39.225,-61.02275994492586,0.08360987547627961,0.4556713011159352,0.3799796359206189,-0.0,11.990727969395405,-1.9907279834777576
39.25,-61.022759944619274,0.08360987549288895,0.455666157081815,0.37997963594674594,-0.0,11.990727972923379,-1.990727983385782
39.275000000000006,-61.02275994440185,0.08360987550831124,0.4556610292731184,0.3799796359727679,-0.0,11.990727976371174,-1.9907279833205542
39.3,-61.02275994427093,0.08360987552257713,0.4556559176386765,0.37997963599867857,-0.0,11.990727979739999,-1.990727983281279
39.325,-61.02275994422392,0.08360987553571693,0.4556508221274816,0.37997963602447205,-0.0,11.990727983031059,-1.990727983267176
39.35,-61.022759944258276,0.08360987554776032,0.4556457426886865,0.37997963605014257,-0.0,11.990727986245536,-1.9907279832774825
39.375,-61.022759944371494,0.08360987555873646,0.4556406792716043,0.37997963607568463,-0.0,11.990727989384613,-1.990727983311448
39.400000000000006,-61.02275994456112,0.08360987556867402,0.45563563182570743,0.379979636101093,-0.0,11.990727992449465,-1.9907279833683367
39.425,-61.022759944824756,0.08360987557760122,0.45563060030062763,0.3799796361263625,-0.0,11.990727995441256,-1.9907279834474265
39.45,-61.02275994516003,0.08360987558554565,0.4556255846461552,0.37997963615148833,-0.0,11.990727998361143,-1.9907279835480096
39.475,-61.022759945564644,0.08360987559253458,0.4556205848122386,0.3799796361764658,-0.0,11.990728001210266,-1.990727983669393
39.5,-61.022759946036324,0.08360987559859465,0.4556156007489837,0.37997963620129044,-0.0,11.990728003989764,-1.9907279838108969
39.525000000000006,-61.022759946572855,0.0836098756037521,0.4556106324066537,0.37997963622595793,-0.0,11.99072800670076,-1.9907279839718561
39.55,-61.022759947172055,0.08360987560803267,0.4556056797356684,0.3799796362504642,-0.0,11.990728009344371,-1.9907279841516163
39.575,-61.022759947831794,0.08360987561146162,0.45560074268660367,0.37997963627480535,-0.0,11.990728011921705,-1.990727984349538
39.6,-61.022759948549975,0.08360987561406376,0.45559582121019104,0.3799796362989776,-0.0,11.990728014433854,-1.9907279845649923
39.625,-61.02275994932456,0.08360987561586343,0.4555909152573174,0.3799796363229774,-0.0,11.990728016881913,-1.9907279847973676
39.650000000000006,-61.02275995015354,0.08360987561688457,0.45558602477902405,0.3799796363468014,-0.0,11.990728019266955,-1.9907279850460624
39.675,-61.022759951034956,0.08360987561715057,0.4555811497265067,0.3799796363704463,-0.0,11.99072802159004,-1.9907279853104867
39.7,-61.02275995196688,0.08360987561668443,0.45557629005111466,0.37997963639390914,-0.0,11.990728023852238,-1.9907279855900646
39.725,-61.02275995294744,0.08360987561550871,0.4555714457043506,0.37997963641718696,-0.0,11.990728026054585,-1.9907279858842315
39.75,-61.02275995397479,0.08360987561364555,0.45556661663786985,0.37997963644027705,-0.0,11.990728028198115,-1.9907279861924372
39.775000000000006,-61.02275995504713,0.08360987561111664,0.45556180280348,0.3799796364631768,-0.0,11.990728030283854,-1.9907279865141383
39.8,-61.022759956162695,0.08360987560794327,0.45555700415314065,0.37997963648588373,-0.0,11.990728032312822,-1.9907279868488081
39.825,-61.022759957319764,0.08360987560414623,0.4555522206389625,0.3799796365083956,-0.0,11.990728034286015,-1.990727987195929
39.85,-61.022759958516644,0.08360987559974603,0.45554745221320725,0.3799796365307102,-0.0,11.99072803620443,-1.990727987554993
39.875,-61.02275995975169,0.08360987559476266,0.4555426988282869,0.3799796365528256,-0.0,11.990728038069054,-1.9907279879255064
39.900000000000006,-61.02275996102329,0.08360987558921577,0.4555379604367635,0.37997963657473977,-0.0,11.99072803988085,-1.9907279883069868
39.925,-61.022759962329864,0.08360987558312459,0.4555332369913484,0.37997963659645106,-0.0,11.99072804164079,-1.990727988698959
39.95,-61.02275996366987,0.08360987557650794,0.45552852844490205,0.3799796366179578,-0.0,11.99072804334982,-1.9907279891009608
39.975,-61.02275996504181,0.08360987556938432,0.4555238347504334,0.3799796366392585,-0.0,11.990728045008874,-1.9907279895125418
40.0,-61.0227599664442,0.0836098755617718,0.45551915586109937,0.3799796366603517,-0.0,11.990728046618889,-1.9907279899332593
40.025000000000006,-61.022759967875615,0.08360987555368807,0.45551449173020453,0.37997963668123624,-0.0,11.990728048180776,-1.9907279903626842
40.05,-61.02275996933464,0.08360987554515047,0.4555098423112006,0.37997963670191093,-0.0,11.990728049695454,-1.9907279908003928
40.075,-61.02275997081991,0.08360987553617588,0.45550520755768603,0.37997963672237467,-0.0,11.99072805116381,-1.9907279912459734
40.1,-61.02275997233009,0.08360987552678102,0.45550058742340527,0.3799796367426266,-0.0,11.990728052586736,-1.9907279916990275
40.125,-61.02275997386387,0.08360987551698205,0.4554959818622487,0.37997963676266583,-0.0,11.990728053965109,-1.9907279921591607
40.150000000000006,-61.02275997541997,0.08360987550679493,0.45549139082825196,0.3799796367824917,-0.0,11.990728055299789,-1.9907279926259918
40.175,-61.02275997699715,0.08360987549623512,0.45548681427559545,0.3799796368021035,-0.0,11.990728056591637,-1.9907279930991448
40.2,-61.022759978594195,0.08360987548531788,0.4554822521586041,0.37997963682150077,-0.0,11.99072805784149,-1.9907279935782582
40.225,-61.02275998020992,0.0836098754740581,0.4554777044317467,0.379979636840683,-0.0,11.990728059050186,-1.9907279940629756
40.25,-61.02275998184317,0.0836098754624703,0.4554731710496354,0.37997963685964986,-0.0,11.990728060218542,-1.9907279945529517
40.275000000000006,-61.022759983492826,0.08360987545056868,0.4554686519670257,0.37997963687840114,-0.0,11.990728061347376,-1.9907279950478474
40.3,-61.02275998515778,0.08360987543836715,0.45546414713881533,0.3799796368969366,-0.0,11.99072806243748,-1.990727995547335
40.325,-61.02275998683698,0.08360987542587928,0.4554596565200444,0.3799796369152562,-0.0,11.990728063489657,-1.990727996051094
40.35,-61.02275998852937,0.08360987541311833,0.45545518006589464,0.3799796369333599,-0.0,11.990728064504673,-1.9907279965588116
40.375,-61.02275999023394,0.08360987540009725,0.45545071773168905,0.3799796369512478,-0.0,11.990728065483314,-1.9907279970701828
40.400000000000006,-61.022759991949705,0.08360987538682872,0.45544626947289135,0.37997963696892,-0.0,11.990728066426328,-1.9907279975849113
40.425,-61.0227599936757,0.0836098753733251,0.4554418352451058,0.37997963698637677,-0.0,11.99072806733447,-1.9907279981027095
40.45,-61.022759995410986,0.08360987535959839,0.4554374150040764,0.37997963700361836,-0.0,11.990728068208476,-1.9907279986232957
40.475,-61.02275999715466,0.08360987534566043,0.4554330087056868,0.37997963702064513,-0.0,11.990728069049075,-1.9907279991463973
40.5,-61.022759998905826,0.08360987533152268,0.45542861630595965,0.3799796370374575,-0.0,11.990728069856987,-1.9907279996717477
40.525000000000006,-61.02276000066364,0.0836098753171964,0.4554242377610561,0.37997963705405596,-0.0,11.990728070632906,-1.9907280001990912
40.55,-61.02276000242725,0.08360987530269245,0.45541987302727566,0.3799796370704411,-0.0,11.99072807137755,-1.990728000728174
40.575,-61.02276000419584,0.08360987528802152,0.4554155220610555,0.3799796370866135,-0.0,11.990728072091603,-1.9907280012587512
40.6,-61.02276000596863,0.08360987527319406,0.45541118481897014,0.37997963710257376,-0.0,11.990728072775735,-1.9907280017905882
40.625,-61.02276000774484,0.08360987525822021,0.4554068612577309,0.3799796371183227,-0.0,11.990728073430615,-1.9907280023234526
40.650000000000006,-61.02276000952374,0.08360987524310978,0.45540255133418567,0.3799796371338611,-0.0,11.990728074056907,-1.9907280028571228
40.675,-61.0227600113046,0.08360987522787243,0.4553982550053183,0.37997963714918975,-0.0,11.990728074655253,-1.9907280033913792
40.7,-61.02276001308671,0.08360987521251756,0.45539397222824823,0.37997963716430955,-0.0,11.990728075226293,-1.990728003926013
40.725,-61.02276001486939,0.08360987519705428,0.4553897029602302,0.3799796371792214,-0.0,11.99072807577066,-1.990728004460817
40.75,-61.022760016651986,0.08360987518149152,0.45538544715865353,0.3799796371939263,-0.0,11.990728076288969,-1.9907280049955958
40.775000000000006,-61.02276001843385,0.08360987516583791,0.45538120478104205,0.3799796372084253,-0.0,11.99072807678184,-1.9907280055301548
40.8,-61.02276002021436,0.08360987515010186,0.4553769757850533,0.37997963722271944,-0.0,11.99072807724986,-1.9907280060643089
40.825,-61.02276002199293,0.08360987513429162,0.4553727601284785,0.3799796372368098,-0.0,11.990728077693621,-1.9907280065978787
40.85,-61.02276002376896,0.08360987511841515,0.4553685577692418,0.3799796372506975,-0.0,11.990728078113708,-1.9907280071306879
40.875,-61.02276002554189,0.0836098751024802,0.4553643686654001,0.37997963726438383,-0.0,11.990728078510699,-1.9907280076625673
40.900000000000006,-61.022760027311186,0.08360987508649431,0.45536019277514245,0.37997963727786993,-0.0,11.990728078885148,-1.9907280081933556
40.925,-61.02276002907631,0.08360987507046481,0.45535603005678976,0.3799796372911571,-0.0,11.990728079237615,-1.9907280087228925
40.95,-61.02276003083675,0.08360987505439878,0.4553518804687944,0.37997963730424655,-0.0,11.990728079568642,-1.9907280092510247
40.975,-61.022760032592025,0.0836098750383032,0.45534774396973965,0.3799796373171397,-0.0,11.990728079878764,-1.9907280097776072
41.0,-61.02276003434165,0.08360987502218473,0.45534362051833943,0.3799796373298378,-0.0,11.99072808016851,-1.9907280103024951
41.025000000000006,-61.022760036085174,0.08360987500604994,0.45533951007343776,0.37997963734234236,-0.0,11.990728080438403,-1.9907280108255518
41.05,-61.02276003782215,0.08360987498990514,0.4553354125940085,0.3799796373546547,-0.0,11.990728080688944,-1.9907280113466455
41.075,-61.02276003955215,0.08360987497375642,0.4553313280391549,0.3799796373667762,-0.0,11.990728080920636,-1.9907280118656459
41.1,-61.022760041274765,0.08360987495760977,0.45532725636810906,0.37997963737870843,-0.0,11.990728081133984,-1.9907280123824291
41.125,-61.022760042989596,0.08360987494147094,0.45532319754023165,0.3799796373904529,-0.0,11.990728081329465,-1.9907280128968785
41.150000000000006,-61.02276004469627,0.08360987492534554,0.45531915151501157,0.37997963740201096,-0.0,11.990728081507545,-1.9907280134088807
41.175,-61.02276004639441,0.08360987490923891,0.45531511825206533,0.37997963741338425,-0.0,11.990728081668706,-1.9907280139183228
41.2,-61.02276004808367,0.08360987489315634,0.45531109771113687,0.3799796374245743,-0.0,11.990728081813401,-1.9907280144251003
41.225,-61.02276004976371,0.08360987487710292,0.455307089852097,0.37997963743558266,-0.0,11.990728081942079,-1.990728014929113
41.25,-61.02276005143421,0.08360987486108352,0.4553030946349432,0.3799796374464109,-0.0,11.99072808205518,-1.9907280154302631
41.275000000000006,-61.022760053094856,0.08360987484510288,0.4552991120197989,0.37997963745706065,-0.0,11.99072808215315,-1.9907280159284566
41.3,-61.02276005474535,0.0836098748291656,0.4552951419669134,0.3799796374675335,-0.0,11.990728082236412,-1.990728016423604
41.325,-61.0227600563854,0.0836098748132761,0.4552911844366614,0.3799796374778311,-0.0,11.990728082305385,-1.99072801691562
41.35,-61.02276005801475,0.08360987479743863,0.4552872393895424,0.37997963748795505,-0.0,11.990728082360475,-1.9907280174044237
41.375,-61.02276005963312,0.08360987478165735,0.45528330678618056,0.37997963749790703,-0.0,11.990728082402095,-1.9907280178899363
41.400000000000006,-61.02276006124028,0.08360987476593622,0.4552793865873242,0.3799796375076887,-0.0,11.990728082430634,-1.9907280183720828
41.425,-61.02276006283597,0.08360987475027906,0.45527547875384544,0.3799796375173018,-0.0,11.990728082446497,-1.990728018850791
41.45,-61.022760064419984,0.08360987473468957,0.4552715832467398,0.37997963752674796,-0.0,11.990728082450055,-1.9907280193259949
41.475,-61.0227600659921,0.08360987471917135,0.4552677000271257,0.37997963753602887,-0.0,11.990728082441683,-1.9907280197976305
41.5,-61.02276006755212,0.08360987470372777,0.4552638290562443,0.37997963754514624,-0.0,11.990728082421747,-1.990728020265636
41.525000000000006,-61.022760069099846,0.08360987468836216,0.4552599702954589,0.3799796375541018,-0.0,11.990728082390612,-1.9907280207299536
41.55,-61.022760070635094,0.08360987467307764,0.45525612370625473,0.37997963756289727,-0.0,11.990728082348635,-1.990728021190528
41.575,-61.022760072157695,0.0836098746578773,0.4552522892502385,0.37997963757153436,-0.0,11.990728082296156,-1.9907280216473082
41.6,-61.022760073667484,0.08360987464276402,0.45524846688913784,0.3799796375800148,-0.0,11.99072808223352,-1.990728022100245
41.625,-61.02276007516431,0.08360987462774058,0.4552446565848013,0.3799796375883403,-0.0,11.990728082161061,-1.9907280225492918
41.650000000000006,-61.02276007664802,0.08360987461280968,0.4552408582991975,0.3799796375965126,-0.0,11.9907280820791,-1.9907280229944055
41.675,-61.022760078118495,0.08360987459797387,0.4552370719944153,0.3799796376045334,-0.0,11.990728081987951,-1.9907280234355482
41.7,-61.022760079575605,0.08360987458323559,0.45523329763266296,0.3799796376124045,-0.0,11.990728081887935,-1.9907280238726812
41.725,-61.02276008101922,0.08360987456859718,0.45522953517626785,0.3799796376201276,-0.0,11.990728081779366,-1.9907280243057661
41.75,-61.022760082449246,0.08360987455406087,0.4552257845876763,0.3799796376277045,-0.0,11.990728081662542,-1.9907280247347734
41.775000000000006,-61.02276008386558,0.08360987453962877,0.4552220458294531,0.3799796376351368,-0.0,11.990728081537748,-1.990728025159673
41.8,-61.022760085268125,0.08360987452530294,0.4552183188642809,0.3799796376424264,-0.0,11.990728081405283,-1.9907280255804372
41.825,-61.022760086656795,0.08360987451108523,0.45521460365496025,0.379979637649575,-0.0,11.990728081265429,-1.9907280259970384
41.85,-61.02276008803152,0.08360987449697754,0.455210900164409,0.3799796376565842,-0.0,11.990728081118455,-1.9907280264094551
41.875,-61.02276008939222,0.08360987448298156,0.4552072083556619,0.3799796376634559,-0.0,11.99072808096464,-1.9907280268176661
41.900000000000006,-61.02276009073885,0.08360987446909894,0.4552035281918703,0.3799796376701917,-0.0,11.990728080804242,-1.9907280272216545
41.925,-61.02276009207134,0.08360987445533123,0.45519985963630183,0.3799796376767934,-0.0,11.990728080637522,-1.990728027621401
41.95,-61.02276009338964,0.0836098744416799,0.45519620265233984,0.37997963768326265,-0.0,11.99072808046473,-1.9907280280168926
41.975,-61.022760094693716,0.08360987442814628,0.4551925572034833,0.37997963768960125,-0.0,11.99072808028613,-1.9907280284081146
42.0,-61.02276009598353,0.08360987441473165,0.45518892325334626,0.37997963769581083,-0.0,11.990728080101945,-1.9907280287950584
42.025,-61.02276009725905,0.08360987440143722,0.45518530076565755,0.3799796377018932,-0.0,11.990728079912424,-1.9907280291777154
42.050000000000004,-61.02276009852026,0.08360987438826417,0.45518168970426043,0.3799796377078499,-0.0,11.990728079717794,-1.9907280295560774
42.075,-61.02276009976713,0.08360987437521347,0.45517809003311216,0.37997963771368276,-0.0,11.990728079518279,-1.9907280299301398
42.1,-61.02276010099966,0.08360987436228612,0.4551745017162837,0.3799796377193934,-0.0,11.990728079314108,-1.9907280302998984
42.125,-61.022760102217845,0.08360987434948301,0.45517092471795934,0.37997963772498355,-0.0,11.99072807910549,-1.9907280306653532
42.15,-61.022760103421675,0.08360987433680495,0.4551673590024363,0.3799796377304548,-0.0,11.990728078892637,-1.990728031026502
42.175000000000004,-61.02276010461116,0.0836098743242527,0.4551638045341245,0.37997963773580884,-0.0,11.990728078675756,-1.9907280313833473
42.2,-61.022760105786304,0.08360987431182694,0.45516026127754605,0.3799796377410473,-0.0,11.990728078455051,-1.990728031735891
42.225,-61.022760106947125,0.08360987429952829,0.455156729197335,0.3799796377461719,-0.0,11.990728078230717,-1.9907280320841372
42.25,-61.02276010809364,0.08360987428735733,0.45515320825823696,0.3799796377511842,-0.0,11.99072807800295,-1.9907280324280925
42.275,-61.02276010922588,0.0836098742753145,0.45514969842510866,0.37997963775608584,-0.0,11.99072807777193,-1.9907280327677632
42.300000000000004,-61.02276011034386,0.08360987426340023,0.4551461996629178,0.37997963776087845,-0.0,11.990728077537844,-1.9907280331031578
42.325,-61.022760111447624,0.08360987425161494,0.45514271193674255,0.37997963776556365,-0.0,11.990728077300872,-1.9907280334342872
42.35,-61.022760112537206,0.0836098742399589,0.4551392352117712,0.379979637770143,-0.0,11.99072807706118,-1.9907280337611617
42.375,-61.02276011361264,0.08360987422843237,0.4551357694533018,0.3799796377746181,-0.0,11.990728076818945,-1.990728034083792
42.4,-61.02276011467398,0.08360987421703556,0.45513231462674203,0.3799796377789905,-0.0,11.990728076574337,-1.9907280344021934
42.425000000000004,-61.02276011572127,0.0836098742057686,0.4551288706976085,0.3799796377832618,-0.0,11.990728076327503,-1.9907280347163805
42.45,-61.022760116754554,0.08360987419463159,0.45512543763152674,0.37997963778743354,-0.0,11.99072807607861,-1.990728035026366
42.475,-61.0227601177739,0.08360987418362456,0.4551220153942307,0.37997963779150723,-0.0,11.990728075827805,-1.9907280353321695
42.5,-61.02276011877936,0.08360987417274757,0.45511860395156223,0.37997963779548444,-0.0,11.990728075575241,-1.9907280356338077
42.525,-61.02276011977099,0.08360987416200047,0.45511520326947114,0.37997963779936667,-0.0,11.990728075321067,-1.9907280359312978
42.550000000000004,-61.02276012074887,0.08360987415138328,0.45511181331401457,0.3799796378031554,-0.0,11.990728075065416,-1.9907280362246609
42.575,-61.022760121713056,0.0836098741408958,0.45510843405135676,0.3799796378068522,-0.0,11.99072807480843,-1.9907280365139164
42.6,-61.02276012266362,0.08360987413053783,0.45510506544776863,0.3799796378104584,-0.0,11.99072807455024,-1.9907280367990856
42.625,-61.02276012360064,0.08360987412030917,0.4551017074696275,0.3799796378139756,-0.0,11.990728074290972,-1.990728037080192
42.65,-61.02276012452419,0.08360987411020956,0.4550983600834169,0.3799796378174052,-0.0,11.99072807403076,-1.9907280373572567
42.675000000000004,-61.022760125434345,0.08360987410023869,0.4550950232557259,0.3799796378207486,-0.0,11.990728073769725,-1.9907280376303034
42.7,-61.02276012633119,0.08360987409039622,0.45509169695324897,0.37997963782400734,-0.0,11.990728073507983,-1.9907280378993575
42.725,-61.02276012721481,0.08360987408068178,0.45508838114278577,0.37997963782718275,-0.0,11.990728073245656,-1.9907280381644425
42.75,-61.02276012808528,0.08360987407109496,0.45508507579124063,0.3799796378302763,-0.0,11.990728072982856,-1.990728038425584
42.775,-61.0227601289427,0.08360987406163534,0.4550817808656223,0.37997963783328925,-0.0,11.990728072719687,-1.9907280386828097
42.800000000000004,-61.02276012978715,0.08360987405230243,0.45507849633304354,0.37997963783622307,-0.0,11.990728072456257,-1.9907280389361452
42.825,-61.022760130618735,0.08360987404309571,0.4550752221607209,0.3799796378390791,-0.0,11.990728072192669,-1.9907280391856204
42.85,-61.022760131437536,0.08360987403401465,0.45507195831597436,0.37997963784185873,-0.0,11.990728071929023,-1.9907280394312608
42.875,-61.022760132243654,0.08360987402505869,0.45506870476622696,0.37997963784456323,-0.0,11.99072807166542,-1.990728039673096
42.9,-61.02276013303719,0.08360987401622723,0.4550654614790045,0.37997963784719396,-0.0,11.990728071401945,-1.9907280399111562
42.925000000000004,-61.02276013381823,0.08360987400751967,0.4550622284219353,0.37997963784975225,-0.0,11.9907280711387,-1.990728040145469
42.95,-61.02276013458689,0.08360987399893535,0.45505900556274964,0.3799796378522393,-0.0,11.99072807087576,-1.9907280403760665
42.975,-61.022760135343255,0.0836098739904736,0.4550557928692798,0.3799796378546565,-0.0,11.990728070613226,-1.9907280406029761
43.0,-61.022760136087435,0.0836098739821337,0.4550525903094593,0.37997963785700506,-0.0,11.990728070351178,-1.9907280408262302
43.025,-61.022760136819535,0.08360987397391494,0.4550493978513231,0.37997963785928623,-0.0,11.990728070089686,-1.9907280410458603
43.050000000000004,-61.02276013753966,0.08360987396581664,0.4550462154630067,0.37997963786150124,-0.0,11.990728069828824,-1.9907280412618986
43.075,-61.02276013824792,0.08360987395783794,0.4550430431127464,0.3799796378636513,-0.0,11.99072806956868,-1.990728041474375
43.1,-61.02276013894441,0.0836098739499782,0.45503988076887847,0.3799796378657377,-0.0,11.990728069309323,-1.9907280416833237
43.125,-61.022760139629256,0.08360987394223648,0.4550367283998392,0.3799796378677615,-0.0,11.990728069050816,-1.9907280418887765
43.15,-61.02276014030255,0.08360987393461204,0.45503358597416443,0.37997963786972405,-0.0,11.990728068793235,-1.9907280420907654
43.175000000000004,-61.022760140964415,0.08360987392710403,0.4550304534604892,0.3799796378716264,-0.0,11.990728068536642,-1.9907280422893243
43.2,-61.02276014161495,0.0836098739197116,0.4550273308275476,0.3799796378734697,-0.0,11.99072806828109,-1.9907280424844855
43.225,-61.02276014225428,0.0836098739124339,0.4550242180441722,0.3799796378752552,-0.0,11.990728068026655,-1.990728042676283
43.25,-61.022760142882504,0.08360987390526999,0.45502111507929405,0.37997963787698386,-0.0,11.990728067773379,-1.990728042864751
43.275,-61.022760143499745,0.08360987389821907,0.4550180219019421,0.3799796378786569,-0.0,11.990728067521328,-1.9907280430499235
43.300000000000004,-61.022760144106115,0.08360987389128018,0.4550149384812431,0.37997963788027544,-0.0,11.990728067270556,-1.9907280432318344
43.325,-61.02276014470172,0.08360987388445239,0.455011864786421,0.3799796378818405,-0.0,11.990728067021113,-1.990728043410516
43.35,-61.02276014528668,0.08360987387773475,0.4550088007867972,0.3799796378833532,-0.0,11.990728066773043,-1.9907280435860044
43.375,-61.02276014586111,0.08360987387112634,0.45500574645178943,0.37997963788481454,-0.0,11.990728066526396,-1.9907280437583337
43.4,-61.02276014642513,0.0836098738646262,0.45500270175091223,0.3799796378862256,-0.0,11.990728066281218,-1.990728043927538
43.425000000000004,-61.02276014697884,0.08360987385823337,0.4549996666537762,0.3799796378875874,-0.0,11.990728066037557,-1.9907280440936517
43.45,-61.02276014752236,0.08360987385194688,0.4549966411300878,0.37997963788890093,-0.0,11.990728065795453,-1.9907280442567084
43.475,-61.022760148055816,0.08360987384576575,0.4549936251496491,0.3799796378901672,-0.0,11.990728065554936,-1.9907280444167448
43.5,-61.022760148579316,0.08360987383968896,0.45499061868235735,0.3799796378913872,-0.0,11.990728065316054,-1.9907280445737945
43.525,-61.022760149092974,0.08360987383371553,0.45498762169820484,0.37997963789256195,-0.0,11.990728065078839,-1.990728044727892
43.550000000000004,-61.022760149596905,0.08360987382784445,0.45498463416727847,0.3799796378936924,-0.0,11.990728064843333,-1.9907280448790714
43.575,-61.02276015009122,0.08360987382207473,0.45498165605975954,0.37997963789477945,-0.0,11.99072806460957,-1.9907280450273666
43.6,-61.02276015057605,0.08360987381640533,0.45497868734592345,0.37997963789582406,-0.0,11.99072806437757,-1.990728045172814
43.625,-61.0227601510515,0.08360987381083528,0.4549757279961393,0.37997963789682715,-0.0,11.990728064147365,-1.99072804531545
43.65,-61.02276015151769,0.08360987380536349,0.45497277798086966,0.3799796378977896,-0.0,11.990728063918981,-1.990728045455306
43.675000000000004,-61.02276015197472,0.08360987379998892,0.45496983727067036,0.37997963789871236,-0.0,11.990728063692456,-1.9907280455924166
43.7,-61.02276015242273,0.08360987379471059,0.4549669058361901,0.37997963789959627,-0.0,11.990728063467808,-1.9907280457268177
43.725,-61.022760152861814,0.08360987378952743,0.45496398364817014,0.3799796379004422,-0.0,11.990728063245056,-1.990728045858544
43.75,-61.02276015329209,0.08360987378443842,0.454961070677444,0.37997963790125105,-0.0,11.990728063024237,-1.9907280459876269
43.775,-61.022760153713676,0.0836098737794425,0.45495816689493734,0.3799796379020236,-0.0,11.990728062805356,-1.9907280461141026
43.800000000000004,-61.022760154126686,0.08360987377453863,0.4549552722716674,0.37997963790276074,-0.0,11.99072806258844,-1.9907280462380057
43.825,-61.022760154531234,0.08360987376972577,0.4549523867787429,0.37997963790346323,-0.0,11.990728062373503,-1.99072804635937
43.85,-61.02276015492743,0.08360987376500287,0.45494951038736375,0.3799796379041319,-0.0,11.990728062160569,-1.9907280464782295
43.875,-61.02276015531539,0.0836098737603689,0.4549466430688207,0.3799796379047676,-0.0,11.990728061949646,-1.9907280465946164
43.9,-61.02276015569522,0.08360987375582277,0.454943784794495,0.379979637905371,-0.0,11.990728061740754,-1.9907280467085648
43.925000000000004,-61.02276015606703,0.08360987375136346,0.45494093553585824,0.3799796379059429,-0.0,11.990728061533906,-1.9907280468201085
43.95,-61.02276015643094,0.08360987374698994,0.454938095264472,0.37997963790648415,-0.0,11.990728061329111,-1.990728046929282
43.975,-61.02276015678706,0.08360987374270117,0.4549352639519876,0.3799796379069954,-0.0,11.990728061126385,-1.990728047036117
44.0,-61.022760157135494,0.08360987373849608,0.4549324415701457,0.3799796379074774,-0.0,11.990728060925727,-1.9907280471406479
44.025,-61.02276015747635,0.08360987373437363,0.4549296280907762,0.3799796379079309,-0.0,11.99072806072716,-1.9907280472429043
44.050000000000004,-61.02276015780974,0.0836098737303328,0.4549268234857978,0.37997963790835654,-0.0,11.990728060530682,-1.9907280473429223
44.075,-61.022760158135775,0.08360987372637252,0.45492402772721796,0.3799796379087551,-0.0,11.990728060336306,-1.990728047440732
44.1,-61.02276015845455,0.08360987372249178,0.45492124078713214,0.37997963790912725,-0.0,11.990728060144043,-1.9907280475363656
44.125,-61.02276015876619,0.08360987371868954,0.4549184626377241,0.37997963790947364,-0.0,11.990728059953884,-1.9907280476298566
44.15,-61.02276015907079,0.0836098737149648,0.45491569325126524,0.37997963790979494,-0.0,11.990728059765841,-1.9907280477212375
44.175000000000004,-61.02276015936846,0.08360987371131649,0.4549129326001144,0.37997963791009176,-0.0,11.99072805957991,-1.9907280478105376
44.2,-61.0227601596593,0.08360987370774366,0.4549101806567177,0.3799796379103648,-0.0,11.990728059396107,-1.9907280478977896
44.225,-61.02276015994341,0.08360987370424519,0.4549074373936081,0.3799796379106147,-0.0,11.99072805921442,-1.9907280479830227
44.25,-61.0227601602209,0.08360987370082013,0.45490470278340533,0.379979637910842,-0.0,11.990728059034865,-1.990728048066269
44.275,-61.02276016049187,0.08360987369746746,0.45490197679881533,0.37997963791104733,-0.0,11.990728058857421,-1.9907280481475609
44.300000000000004,-61.02276016075643,0.08360987369418618,0.4548992594126303,0.37997963791123135,-0.0,11.990728058682102,-1.9907280482269278
44.325,-61.022760161014666,0.0836098736909753,0.4548965505977282,0.3799796379113946,-0.0,11.990728058508903,-1.9907280483043996
44.35,-61.02276016126669,0.08360987368783385,0.4548938503270725,0.37997963791153766,-0.0,11.99072805833782,-1.9907280483800065
44.375,-61.02276016151259,0.08360987368476076,0.4548911585737121,0.3799796379116611,-0.0,11.990728058168855,-1.9907280484537777
44.4,-61.02276016175247,0.08360987368175507,0.45488847531078075,0.3799796379117655,-0.0,11.990728058002002,-1.9907280485257415
44.425000000000004,-61.02276016198643,0.08360987367881588,0.4548858005114971,0.37997963791185135,-0.0,11.990728057837257,-1.9907280485959298
44.45,-61.02276016221457,0.08360987367594214,0.45488313414916415,0.37997963791191924,-0.0,11.990728057674614,-1.99072804866437
44.475,-61.022760162436974,0.0836098736731329,0.45488047619716926,0.37997963791196965,-0.0,11.990728057514062,-1.9907280487310919
44.5,-61.022760162653746,0.08360987367038723,0.4548778266289837,0.3799796379120031,-0.0,11.990728057355604,-1.9907280487961236
44.525,-61.022760162864984,0.08360987366770417,0.4548751854181623,0.37997963791202016,-0.0,11.990728057199224,-1.990728048859495
44.550000000000004,-61.02276016307077,0.08360987366508275,0.4548725525383435,0.3799796379120212,-0.0,11.990728057044914,-1.9907280489212311
44.575,-61.0227601632712,0.08360987366252204,0.4548699279632488,0.37997963791200684,-0.0,11.990728056892682,-1.9907280489813601
44.6,-61.022760163466366,0.08360987366002112,0.45486731166668265,0.3799796379119775,-0.0,11.990728056742503,-1.9907280490399095
44.625,-61.02276016365636,0.08360987365757905,0.45486470362253206,0.3799796379119336,-0.0,11.990728056594383,-1.990728049096907
44.65,-61.02276016384127,0.08360987365519494,0.4548621038047665,0.3799796379118757,-0.0,11.990728056448301,-1.9907280491523807
44.675000000000004,-61.022760164021186,0.08360987365286782,0.4548595121874375,0.3799796379118042,-0.0,11.99072805630425,-1.9907280492063555
44.7,-61.02276016419619,0.08360987365059684,0.45485692874467837,0.37997963791171957,-0.0,11.990728056162224,-1.9907280492588575
44.725,-61.02276016436638,0.0836098736483811,0.45485435345070424,0.3799796379116222,-0.0,11.990728056022208,-1.9907280493099142
44.75,-61.02276016453184,0.08360987364621968,0.45485178627981143,0.3799796379115125,-0.0,11.99072805588419,-1.9907280493595514
44.775,-61.02276016469264,0.08360987364411172,0.4548492272063773,0.37997963791139094,-0.0,11.990728055748166,-1.9907280494077924
44.800000000000004,-61.02276016484888,0.08360987364205637,0.45484667620486025,0.3799796379112579,-0.0,11.990728055614111,-1.9907280494546646
44.825,-61.02276016500064,0.08360987364005269,0.454844133249799,0.3799796379111138,-0.0,11.990728055482029,-1.990728049500192
44.85,-61.022760165148,0.0836098736380999,0.4548415983158127,0.37997963791095896,-0.0,11.990728055351894,-1.9907280495443997
44.875,-61.02276016529104,0.0836098736361971,0.45483907137760066,0.37997963791079387,-0.0,11.990728055223709,-1.9907280495873116
44.9,-61.022760165429844,0.08360987363434347,0.4548365524099418,0.37997963791061884,-0.0,11.990728055097444,-1.990728049628953
44.925000000000004,-61.02276016556449,0.08360987363253816,0.4548340413876948,0.3799796379104342,-0.0,11.990728054973086,-1.9907280496693474
44.95,-61.02276016569506,0.08360987363078039,0.4548315382857975,0.3799796379102404,-0.0,11.990728054850637,-1.990728049708518
44.975,-61.02276016582162,0.08360987362906924,0.45482904307926686,0.37997963791003775,-0.0,11.99072805473007,-1.9907280497464868
45.0,-61.02276016594426,0.08360987362740399,0.4548265557431987,0.3799796379098266,-0.0,11.990728054611376,-1.9907280497832787
45.025,-61.02276016606305,0.08360987362578381,0.45482407625276733,0.37997963790960726,-0.0,11.990728054494543,-1.990728049818915
45.050000000000004,-61.02276016617807,0.08360987362420794,0.45482160458322546,0.37997963790938005,-0.0,11.990728054379545,-1.99072804985342
45.075,-61.02276016628938,0.08360987362267554,0.45481914070990376,0.37997963790914535,-0.0,11.99072805426638,-1.9907280498868138
45.1,-61.02276016639707,0.08360987362118584,0.4548166846082108,0.37997963790890343,-0.0,11.990728054155024,-1.990728049919121
45.125,-61.0227601665012,0.0836098736197381,0.4548142362536326,0.37997963790865463,-0.0,11.990728054045473,-1.99072804995036
45.15,-61.02276016660185,0.08360987361833154,0.4548117956217327,0.3799796379083992,-0.0,11.9907280539377,-1.9907280499805544
45.175000000000004,-61.02276016669908,0.08360987361696542,0.4548093626881516,0.3799796379081375,-0.0,11.99072805383169,-1.9907280500097235
45.2,-61.02276016679297,0.08360987361563901,0.4548069374286067,0.37997963790786976,-0.0,11.99072805372743,-1.990728050037891
45.225,-61.02276016688358,0.08360987361435154,0.4548045198188919,0.3799796379075963,-0.0,11.990728053624915,-1.9907280500650735
45.25,-61.02276016697098,0.08360987361310232,0.4548021098348776,0.37997963790731737,-0.0,11.99072805352411,-1.9907280500912945
45.275,-61.02276016705524,0.08360987361189058,0.4547997074525103,0.37997963790703326,-0.0,11.990728053425016,-1.9907280501165714
45.300000000000004,-61.022760167136425,0.08360987361071566,0.45479731264781226,0.3799796379067442,-0.0,11.9907280533276,-1.9907280501409275
45.325,-61.0227601672146,0.08360987360957686,0.45479492539688143,0.3799796379064505,-0.0,11.990728053231859,-1.9907280501643796
45.35,-61.022760167289825,0.08360987360847344,0.4547925456758912,0.37997963790615236,-0.0,11.990728053137769,-1.990728050186947
45.375,-61.022760167362165,0.08360987360740475,0.45479017346109013,0.37997963790585,-0.0,11.990728053045313,-1.9907280502086493
45.4,-61.02276016743168,0.08360987360637011,0.45478780872880165,0.3799796379055437,-0.0,11.99072805295448,-1.990728050229503
45.425000000000004,-61.02276016749843,0.0836098736053689,0.4547854514554239,0.37997963790523365,-0.0,11.990728052865245,-1.9907280502495297
45.45,-61.02276016756248,0.08360987360440036,0.4547831016174294,0.3799796379049201,-0.0,11.990728052777605,-1.990728050268744
45.475,-61.02276016762389,0.08360987360346392,0.4547807591913651,0.3799796379046033,-0.0,11.990728052691527,-1.9907280502871678
45.5,-61.02276016768272,0.08360987360255889,0.4547784241538518,0.37997963790428346,-0.0,11.990728052607007,-1.9907280503048155
45.525,-61.02276016773902,0.08360987360168468,0.4547760964815839,0.3799796379039608,-0.0,11.99072805252402,-1.9907280503217066
45.550000000000004,-61.02276016779285,0.0836098736008406,0.4547737761513295,0.3799796379036354,-0.0,11.990728052442552,-1.9907280503378557
45.575,-61.022760167844275,0.08360987360002607,0.45477146313993005,0.37997963790330763,-0.0,11.990728052362584,-1.9907280503532823
45.6,-61.02276016789334,0.0836098735992405,0.45476915742429985,0.3799796379029776,-0.0,11.990728052284108,-1.9907280503680012
45.625,-61.0227601679401,0.08360987359848326,0.45476685898142616,0.37997963790264555,-0.0,11.9907280522071,-1.9907280503820295
45.65,-61.02276016798461,0.08360987359775376,0.4547645677883688,0.3799796379023116,-0.0,11.990728052131542,-1.990728050395382
45.675000000000004,-61.02276016802692,0.08360987359705141,0.45476228382226,0.3799796379019759,-0.0,11.990728052057419,-1.9907280504080758
45.7,-61.02276016806709,0.08360987359637562,0.45476000706030406,0.3799796379016387,-0.0,11.990728051984705,-1.990728050420126
45.725,-61.022760168105165,0.08360987359572587,0.4547577374797771,0.3799796379013001,-0.0,11.990728051913393,-1.9907280504315494
45.75,-61.0227601681412,0.08360987359510161,0.45475547505802716,0.37997963790096034,-0.0,11.990728051843462,-1.9907280504423588
45.775,-61.02276016817523,0.08360987359450221,0.4547532197724735,0.37997963790061956,-0.0,11.990728051774905,-1.9907280504525693
45.800000000000004,-61.02276016820733,0.08360987359392716,0.4547509716006068,0.3799796379002779,-0.0,11.99072805170769,-1.9907280504621978
45.825,-61.022760168237525,0.08360987359337595,0.4547487305199886,0.37997963789993544,-0.0,11.990728051641801,-1.9907280504712572
45.85,-61.02276016826587,0.08360987359284804,0.45474649650825133,0.37997963789959244,-0.0,11.990728051577234,-1.9907280504797604
45.875,-61.02276016829241,0.08360987359234286,0.4547442695430979,0.379979637899249,-0.0,11.990728051513965,-1.990728050487722
45.9,-61.02276016831719,0.08360987359185992,0.4547420496023016,0.3799796378989052,-0.0,11.990728051451972,-1.9907280504951572
45.925000000000004,-61.02276016834026,0.08360987359139872,0.45473983666370577,0.37997963789856126,-0.0,11.990728051391242,-1.9907280505020786
45.95,-61.022760168361664,0.0836098735909588,0.4547376307052237,0.37997963789821726,-0.0,11.990728051331757,-1.990728050508499
45.975,-61.02276016838144,0.0836098735905396,0.45473543170483843,0.37997963789787337,-0.0,11.99072805127351,-1.9907280505144314
46.0,-61.02276016839963,0.0836098735901407,0.4547332396406023,0.37997963789752964,-0.0,11.990728051216474,-1.9907280505198883
46.025,-61.022760168416276,0.0836098735897616,0.45473105449063694,0.37997963789718625,-0.0,11.990728051160634,-1.9907280505248828
46.050000000000004,-61.022760168431425,0.08360987358940182,0.45472887623313296,0.3799796378968433,-0.0,11.990728051105977,-1.9907280505294274
46.075,-61.02276016844512,0.0836098735890609,0.45472670484634986,0.3799796378965009,-0.0,11.990728051052482,-1.990728050533535
46.1,-61.02276016845739,0.08360987358873839,0.45472454030861564,0.37997963789615913,-0.0,11.990728051000133,-1.9907280505372162
46.125,-61.02276016846828,0.08360987358843389,0.4547223825983267,0.3799796378958181,-0.0,11.990728050948915,-1.990728050540484
46.15,-61.022760168477824,0.08360987358814688,0.4547202316939476,0.37997963789547795,-0.0,11.990728050898813,-1.990728050543347
46.175000000000004,-61.022760168486066,0.08360987358787694,0.4547180875740107,0.3799796378951387,-0.0,11.990728050849809,-1.9907280505458196
46.2,-61.022760168493036,0.0836098735876237,0.4547159502171163,0.37997963789480055,-0.0,11.990728050801891,-1.9907280505479106
46.225,-61.02276016849878,0.08360987358738674,0.454713819601932,0.37997963789446354,-0.0,11.990728050755044,-1.990728050549633
46.25,-61.02276016850332,0.08360987358716557,0.45471169570719294,0.37997963789412775,-0.0,11.99072805070925,-1.9907280505509952
46.275,-61.0227601685067,0.08360987358695986,0.45470957851170096,0.37997963789379324,-0.0,11.99072805066449,-1.9907280505520097
46.300000000000004,-61.02276016850895,0.08360987358676918,0.4547074679943251,0.3799796378934601,-0.0,11.990728050620751,-1.9907280505526854
46.325,-61.02276016851011,0.08360987358659315,0.4547053641340009,0.3799796378931285,-0.0,11.990728050578022,-1.990728050553033
46.35,-61.02276016851021,0.08360987358643139,0.45470326690973045,0.37997963789279837,-0.0,11.99072805053628,-1.990728050553063
46.375,-61.02276016850928,0.08360987358628352,0.45470117630058193,0.37997963789246986,-0.0,11.990728050495509,-1.9907280505527836
46.4,-61.022760168507354,0.08360987358614914,0.45469909228568967,0.37997963789214306,-0.0,11.990728050455706,-1.9907280505522058
46.425000000000004,-61.02276016850446,0.08360987358602795,0.4546970148442538,0.379979637891818,-0.0,11.990728050416845,-1.9907280505513383
46.45,-61.02276016850064,0.08360987358591952,0.45469494395554,0.37997963789149475,-0.0,11.99072805037891,-1.9907280505501914
46.475,-61.02276016849591,0.08360987358582357,0.4546928795988794,0.37997963789117334,-0.0,11.990728050341893,-1.9907280505487719
46.5,-61.0227601684903,0.08360987358573965,0.4546908217536683,0.37997963789085387,-0.0,11.990728050305774,-1.99072805054709
46.525,-61.02276016848385,0.08360987358566753,0.45468877039936806,0.3799796378905364,-0.0,11.990728050270546,-1.9907280505451546
46.550000000000004,-61.02276016847658,0.08360987358560679,0.45468672551550476,0.379979637890221,-0.0,11.990728050236187,-1.9907280505429739
46.575,-61.02276016846852,0.08360987358555716,0.45468468708166904,0.3799796378899077,-0.0,11.990728050202687,-1.9907280505405565
46.6,-61.0227601684597,0.08360987358551829,0.454682655077516,0.3799796378895965,-0.0,11.990728050170029,-1.990728050537909
46.625,-61.022760168450134,0.08360987358548987,0.4546806294827649,0.37997963788928746,-0.0,11.9907280501382,-1.99072805053504
46.65,-61.02276016843986,0.0836098735854716,0.4546786102771989,0.3799796378889807,-0.0,11.990728050107192,-1.9907280505319576
46.675000000000004,-61.0227601684289,0.0836098735854632,0.454676597440665,0.3799796378886762,-0.0,11.99072805007698,-1.9907280505286706
46.7,-61.022760168417285,0.08360987358546433,0.4546745909530738,0.3799796378883741,-0.0,11.99072805004756,-1.9907280505251854
46.725,-61.02276016840503,0.0836098735854747,0.4546725907943991,0.37997963788807426,-0.0,11.990728050018916,-1.9907280505215084
46.75,-61.02276016839216,0.08360987358549404,0.45467059694467804,0.37997963788777683,-0.0,11.99072804999103,-1.990728050517648
46.775,-61.0227601683787,0.08360987358552206,0.4546686093840107,0.37997963788748185,-0.0,11.990728049963895,-1.9907280505136107
46.800000000000004,-61.02276016836468,0.08360987358555848,0.45466662809256,0.3799796378871893,-0.0,11.990728049937497,-1.9907280505094027
46.825,-61.02276016835011,0.08360987358560305,0.45466465305055115,0.37997963788689926,-0.0,11.990728049911814,-1.9907280505050329
46.85,-61.022760168335026,0.0836098735856555,0.45466268423827205,0.3799796378866117,-0.0,11.99072804988684,-1.9907280505005076
46.875,-61.02276016831944,0.08360987358571555,0.4546607216360727,0.3799796378863267,-0.0,11.990728049862565,-1.9907280504958307
46.9,-61.022760168303364,0.08360987358578295,0.45465876522436494,0.3799796378860443,-0.0,11.990728049838976,-1.990728050491009
46.925000000000004,-61.02276016828684,0.08360987358585746,0.45465681498362254,0.37997963788576444,-0.0,11.99072804981606,-1.9907280504860507
46.95,-61.02276016826987,0.08360987358593884,0.45465487089438084,0.3799796378854872,-0.0,11.990728049793802,-1.9907280504809606
46.975,-61.02276016825248,0.08360987358602684,0.4546529329372365,0.3799796378852126,-0.0,11.990728049772187,-1.9907280504757443
47.0,-61.0227601682347,0.08360987358612128,0.45465100109284756,0.37997963788494066,-0.0,11.990728049751208,-1.990728050470409
47.025,-61.02276016821653,0.08360987358622184,0.45464907534193283,0.3799796378846714,-0.0,11.990728049730851,-1.9907280504649583
47.050000000000004,-61.022760168198,0.08360987358632836,0.45464715566527214,0.37997963788440475,-0.0,11.990728049711105,-1.9907280504593992
47.075,-61.02276016817912,0.08360987358644059,0.4546452420437059,0.37997963788414085,-0.0,11.990728049691963,-1.9907280504537352
47.1,-61.02276016815991,0.0836098735865583,0.4546433344581348,0.3799796378838797,-0.0,11.990728049673411,-1.9907280504479736
47.125,-61.022760168140394,0.0836098735866813,0.45464143288952,0.3799796378836212,-0.0,11.990728049655434,-1.9907280504421179
47.15,-61.022760168120584,0.08360987358680941,0.4546395373188827,0.3799796378833655,-0.0,11.99072804963802,-1.990728050436175
47.175000000000004,-61.0227601681005,0.08360987358694237,0.4546376477273037,0.37997963788311245,-0.0,11.99072804962116,-1.9907280504301488
47.2,-61.02276016808014,0.08360987358708002,0.45463576409592377,0.3799796378828622,-0.0,11.990728049604849,-1.9907280504240417
47.225,-61.02276016805954,0.08360987358722222,0.45463388640594304,0.37997963788261474,-0.0,11.99072804958907,-1.9907280504178622
47.25,-61.02276016803871,0.08360987358736867,0.45463201463862096,0.37997963788237,-0.0,11.990728049573812,-1.9907280504116123
47.275,-61.022760168017655,0.08360987358751927,0.4546301487752761,0.379979637882128,-0.0,11.99072804955907,-1.9907280504052962
47.300000000000004,-61.0227601679964,0.08360987358767381,0.4546282887972859,0.3799796378818888,-0.0,11.990728049544828,-1.9907280503989204
47.325,-61.02276016797496,0.08360987358783209,0.45462643468608666,0.3799796378816524,-0.0,11.990728049531077,-1.9907280503924873
47.35,-61.02276016795334,0.08360987358799395,0.45462458642317316,0.37997963788141875,-0.0,11.990728049517813,-1.9907280503860008
47.375,-61.02276016793155,0.08360987358815922,0.4546227439900985,0.3799796378811879,-0.0,11.990728049505021,-1.990728050379465
47.4,-61.02276016790962,0.08360987358832778,0.4546209073684741,0.37997963788095973,-0.0,11.990728049492684,-1.9907280503728848
47.425000000000004,-61.02276016788754,0.08360987358849942,0.45461907653996925,0.37997963788073436,-0.0,11.990728049480804,-1.9907280503662619
47.45,-61.02276016786534,0.08360987358867403,0.45461725148631116,0.37997963788051176,-0.0,11.990728049469366,-1.9907280503596025
47.475,-61.02276016784303,0.0836098735888514,0.45461543218928463,0.37997963788029193,-0.0,11.990728049458363,-1.9907280503529092
47.5,-61.02276016782062,0.08360987358903144,0.4546136186307319,0.3799796378800748,-0.0,11.990728049447776,-1.9907280503461862
47.525,-61.02276016779812,0.08360987358921396,0.45461181079255253,0.3799796378798605,-0.0,11.990728049437612,-1.9907280503394353
47.550000000000004,-61.02276016777554,0.08360987358939881,0.45461000865670315,0.3799796378796489,-0.0,11.99072804942785,-1.990728050332661
47.575,-61.022760167752885,0.0836098735895859,0.45460821220519726,0.37997963787944,-0.0,11.990728049418482,-1.9907280503258653
47.6,-61.022760167730176,0.08360987358977505,0.4546064214201052,0.3799796378792339,-0.0,11.990728049409507,-1.9907280503190528
47.625,-61.02276016770742,0.08360987358996613,0.4546046362835538,0.37997963787903044,-0.0,11.990728049400909,-1.990728050312225
47.65,-61.022760167684616,0.08360987359015903,0.45460285677772627,0.3799796378788297,-0.0,11.990728049392684,-1.9907280503053846
47.675000000000004,-61.02276016766179,0.08360987359035366,0.454601082884862,0.3799796378786317,-0.0,11.990728049384822,-1.9907280502985358
47.7,-61.022760167638936,0.08360987359054985,0.45459931458725644,0.37997963787843636,-0.0,11.990728049377314,-1.9907280502916804
47.725,-61.02276016761607,0.08360987359074747,0.4545975518672609,0.3799796378782437,-0.0,11.990728049370155,-1.9907280502848208
47.75,-61.022760167593205,0.08360987359094645,0.45459579470728234,0.37997963787805367,-0.0,11.99072804936333,-1.9907280502779612
47.775,-61.02276016757035,0.08360987359114665,0.45459404308978313,0.3799796378778663,-0.0,11.990728049356836,-1.9907280502711038
47.800000000000004,-61.022760167547496,0.08360987359134793,0.45459229699728104,0.3799796378776816,-0.0,11.990728049350666,-1.9907280502642486
47.825,-61.022760167524666,0.08360987359155023,0.454590556412349,0.3799796378774995,-0.0,11.990728049344817,-1.9907280502573996
47.85,-61.022760167501865,0.08360987359175343,0.45458882131761497,0.37997963787732003,-0.0,11.990728049339276,-1.990728050250559
47.875,-61.0227601674791,0.08360987359195744,0.4545870916957615,0.3799796378771431,-0.0,11.990728049334031,-1.9907280502437295
47.9,-61.022760167456376,0.08360987359216215,0.4545853675295259,0.3799796378769688,-0.0,11.990728049329084,-1.9907280502369125
47.925000000000004,-61.02276016743371,0.08360987359236749,0.45458364880169994,0.37997963787679706,-0.0,11.990728049324414,-1.9907280502301126
47.95,-61.0227601674111,0.08360987359257334,0.45458193549512965,0.37997963787662786,-0.0,11.990728049320028,-1.9907280502233298
47.975,-61.02276016738855,0.08360987359277962,0.45458022759271516,0.37997963787646116,-0.0,11.990728049315909,-1.990728050216564
48.0,-61.022760167366066,0.08360987359298622,0.45457852507741053,0.37997963787629696,-0.0,11.990728049312054,-1.9907280502098195
48.025,-61.02276016734366,0.08360987359319308,0.45457682793222365,0.37997963787613526,-0.0,11.990728049308458,-1.9907280502030984
48.050000000000004,-61.02276016732134,0.08360987359340011,0.4545751361402159,0.37997963787597605,-0.0,11.990728049305117,-1.9907280501964009
48.075,-61.022760167299104,0.08360987359360725,0.45457344968450214,0.3799796378758193,-0.0,11.990728049302014,-1.990728050189731
48.1,-61.02276016727696,0.08360987359381439,0.45457176854825054,0.37997963787566497,-0.0,11.990728049299157,-1.9907280501830869
48.125,-61.02276016725491,0.08360987359402146,0.4545700927146823,0.3799796378755131,-0.0,11.990728049296532,-1.9907280501764724
48.15,-61.02276016723296,0.08360987359422838,0.45456842216707155,0.3799796378753636,-0.0,11.990728049294136,-1.9907280501698876
48.175000000000004,-61.02276016721112,0.08360987359443511,0.4545667568887452,0.3799796378752165,-0.0,11.990728049291958,-1.990728050163335
48.2,-61.02276016718939,0.08360987359464156,0.4545650968630828,0.3799796378750717,-0.0,11.990728049289993,-1.9907280501568165
48.225,-61.022760167167775,0.08360987359484767,0.4545634420735162,0.3799796378749293,-0.0,11.990728049288233,-1.9907280501503322
48.25,-61.02276016714628,0.0836098735950534,0.4545617925035295,0.37997963787478917,-0.0,11.990728049286682,-1.990728050143884
48.275,-61.022760167124915,0.08360987359525865,0.4545601481366591,0.3799796378746514,-0.0,11.990728049285323,-1.9907280501374742
48.300000000000004,-61.02276016710368,0.08360987359546335,0.4545585089564932,0.3799796378745159,-0.0,11.99072804928416,-1.9907280501311027
48.325,-61.022760167082566,0.08360987359566749,0.4545568749466717,0.3799796378743826,-0.0,11.990728049283177,-1.9907280501247697
48.35,-61.0227601670616,0.083609873595871,0.4545552460908862,0.3799796378742516,-0.0,11.990728049282378,-1.9907280501184792
48.375,-61.022760167040765,0.08360987359607384,0.4545536223728798,0.3799796378741228,-0.0,11.990728049281758,-1.9907280501122293
48.400000000000006,-61.022760167020074,0.08360987359627592,0.4545520037764466,0.3799796378739962,-0.0,11.990728049281303,-1.990728050106022
48.425000000000004,-61.02276016699953,0.08360987359647717,0.4545503902854322,0.37997963787387173,-0.0,11.99072804928101,-1.9907280500998594
48.45,-61.02276016697913,0.08360987359667761,0.4545487818837329,0.37997963787374944,-0.0,11.990728049280884,-1.9907280500937397
48.475,-61.02276016695889,0.08360987359687713,0.4545471785552958,0.3799796378736293,-0.0,11.990728049280913,-1.9907280500876665
48.5,-61.022760166938795,0.08360987359707575,0.4545455802841188,0.3799796378735113,-0.0,11.990728049281097,-1.9907280500816382
48.525000000000006,-61.02276016691886,0.08360987359727337,0.45454398705425003,0.37997963787339534,-0.0,11.990728049281422,-1.990728050075657
48.550000000000004,-61.02276016689908,0.08360987359746996,0.4545423988497882,0.37997963787328143,-0.0,11.990728049281884,-1.9907280500697246
48.575,-61.022760166879465,0.0836098735976655,0.454540815654882,0.3799796378731696,-0.0,11.99072804928249,-1.9907280500638391
48.6,-61.02276016686002,0.08360987359785994,0.4545392374537302,0.3799796378730598,-0.0,11.990728049283224,-1.990728050058005
48.625,-61.02276016684073,0.08360987359805323,0.45453766423058134,0.37997963787295197,-0.0,11.99072804928409,-1.9907280500522198
48.650000000000006,-61.02276016682161,0.0836098735982454,0.4545360959697337,0.3799796378728461,-0.0,11.990728049285078,-1.9907280500464835
48.675000000000004,-61.02276016680266,0.08360987359843634,0.4545345326555351,0.3799796378727422,-0.0,11.990728049286183,-1.9907280500407984
48.7,-61.02276016678388,0.08360987359862604,0.4545329742723827,0.3799796378726402,-0.0,11.990728049287405,-1.9907280500351645
48.725,-61.02276016676527,0.08360987359881449,0.45453142080472286,0.3799796378725402,-0.0,11.990728049288744,-1.9907280500295819
48.75,-61.02276016674684,0.08360987359900163,0.45452987223705105,0.37997963787244204,-0.0,11.990728049290189,-1.9907280500240523
48.775000000000006,-61.02276016672858,0.08360987359918745,0.45452832855391156,0.37997963787234573,-0.0,11.990728049291736,-1.990728050018574
48.800000000000004,-61.0227601667105,0.08360987359937191,0.4545267897398975,0.37997963787225125,-0.0,11.99072804929338,-1.990728050013149
48.825,-61.02276016669259,0.08360987359955502,0.4545252557796506,0.3799796378721586,-0.0,11.990728049295125,-1.9907280500077773
48.85,-61.022760166674864,0.08360987359973672,0.45452372665786095,0.3799796378720678,-0.0,11.990728049296967,-1.990728050002459
48.875,-61.022760166657314,0.08360987359991698,0.454522202359267,0.37997963787197875,-0.0,11.990728049298898,-1.9907280499971938
48.900000000000006,-61.02276016663995,0.08360987360009582,0.4545206828686553,0.37997963787189143,-0.0,11.990728049300909,-1.9907280499919842
48.925000000000004,-61.02276016662276,0.08360987360027321,0.45451916817086047,0.37997963787180583,-0.0,11.990728049303005,-1.9907280499868278
48.95,-61.02276016660576,0.0836098736004491,0.4545176582507648,0.37997963787172195,-0.0,11.990728049305178,-1.9907280499817268
48.975,-61.02276016658893,0.08360987360062347,0.45451615309329835,0.3799796378716398,-0.0,11.990728049307435,-1.990728049976679
49.0,-61.02276016657229,0.08360987360079634,0.4545146526834388,0.3799796378715593,-0.0,11.990728049309762,-1.9907280499716868
49.025000000000006,-61.022760166555834,0.0836098736009677,0.45451315700621114,0.3799796378714804,-0.0,11.990728049312159,-1.99072804996675
49.050000000000004,-61.02276016653956,0.08360987360113749,0.4545116660466876,0.3799796378714032,-0.0,11.990728049314622,-1.9907280499618685
49.075,-61.022760166523476,0.08360987360130574,0.45451017978998737,0.37997963787132755,-0.0,11.990728049317145,-1.9907280499570426
49.1,-61.02276016650757,0.08360987360147236,0.4545086982212768,0.3799796378712535,-0.0,11.990728049319737,-1.9907280499522697
49.125,-61.02276016649184,0.08360987360163741,0.45450722132576893,0.379979637871181,-0.0,11.990728049322387,-1.9907280499475526
49.150000000000006,-61.0227601664763,0.08360987360180087,0.45450574908872343,0.37997963787111,-0.0,11.990728049325087,-1.9907280499428905
49.175000000000004,-61.02276016646095,0.0836098736019627,0.45450428149544647,0.37997963787104055,-0.0,11.990728049327846,-1.9907280499382842
49.2,-61.02276016644578,0.08360987360212292,0.45450281853129054,0.3799796378709726,-0.0,11.990728049330654,-1.9907280499337332
49.225,-61.02276016643079,0.08360987360228152,0.4545013601816544,0.3799796378709061,-0.0,11.990728049333507,-1.9907280499292375
49.25,-61.02276016641599,0.08360987360243848,0.45449990643198274,0.37997963787084105,-0.0,11.9907280493364,-1.9907280499247975
49.275000000000006,-61.022760166401376,0.08360987360259382,0.45449845726776633,0.37997963787077743,-0.0,11.99072804933934,-1.9907280499204125
49.300000000000004,-61.02276016638694,0.0836098736027475,0.4544970126745416,0.37997963787071526,-0.0,11.99072804934233,-1.990728049916081
49.325,-61.022760166372684,0.08360987360289954,0.4544955726378907,0.3799796378706544,-0.0,11.990728049345348,-1.9907280499118052
49.35,-61.022760166358616,0.08360987360304993,0.45449413714344106,0.37997963787059497,-0.0,11.9907280493484,-1.9907280499075846
49.375,-61.022760166344725,0.08360987360319866,0.4544927061768656,0.37997963787053685,-0.0,11.990728049351489,-1.9907280499034172
49.400000000000006,-61.02276016633102,0.08360987360334574,0.4544912797238824,0.37997963787048006,-0.0,11.990728049354608,-1.9907280498993052
49.425000000000004,-61.02276016631749,0.08360987360349113,0.45448985777025463,0.3799796378704246,-0.0,11.990728049357761,-1.9907280498952467
49.45,-61.022760166304145,0.08360987360363485,0.45448844030179025,0.3799796378703704,-0.0,11.990728049360936,-1.9907280498912434
49.475,-61.02276016629098,0.08360987360377693,0.4544870273043421,0.3799796378703175,-0.0,11.99072804936414,-1.9907280498872935
49.5,-61.02276016627799,0.08360987360391732,0.4544856187638076,0.37997963787026584,-0.0,11.990728049367364,-1.9907280498833968
49.525000000000006,-61.02276016626518,0.08360987360405606,0.45448421466612865,0.37997963787021544,-0.0,11.990728049370619,-1.9907280498795537
49.550000000000004,-61.022760166252546,0.08360987360419311,0.4544828149972915,0.3799796378701662,-0.0,11.990728049373883,-1.9907280498757636
49.575,-61.02276016624008,0.08360987360432849,0.45448141974332656,0.3799796378701182,-0.0,11.990728049377175,-1.9907280498720246
49.6,-61.0227601662278,0.08360987360446222,0.45448002889030836,0.37997963787007133,-0.0,11.990728049380483,-1.990728049868339
49.625,-61.02276016621569,0.0836098736045943,0.4544786424243553,0.37997963787002564,-0.0,11.9907280493838,-1.9907280498647069
49.650000000000006,-61.02276016620375,0.08360987360472473,0.45447726033162966,0.37997963786998107,-0.0,11.990728049387133,-1.9907280498611257
49.675000000000004,-61.022760166191986,0.08360987360485349,0.45447588259833727,0.3799796378699376,-0.0,11.990728049390478,-1.9907280498575957
49.7,-61.02276016618039,0.08360987360498058,0.4544745092107275,0.37997963786989525,-0.0,11.990728049393834,-1.9907280498541169
49.725,-61.022760166168965,0.08360987360510604,0.45447314015509316,0.37997963786985395,-0.0,11.990728049397198,-1.9907280498506892
49.75,-61.02276016615771,0.08360987360522988,0.4544717754177702,0.3799796378698137,-0.0,11.990728049400563,-1.9907280498473128
49.775000000000006,-61.022760166146625,0.08360987360535206,0.4544704149851376,0.3799796378697745,-0.0,11.990728049403936,-1.9907280498439874
49.800000000000004,-61.022760166135704,0.08360987360547262,0.45446905884361755,0.3799796378697364,-0.0,11.990728049407318,-1.990728049840711
49.825,-61.022760166124954,0.08360987360559155,0.45446770697967487,0.37997963786969924,-0.0,11.990728049410698,-1.990728049837486
49.85,-61.02276016611437,0.08360987360570889,0.4544663593798171,0.3799796378696631,-0.0,11.990728049414082,-1.9907280498343098
49.875,-61.02276016610394,0.08360987360582461,0.4544650160305944,0.3799796378696279,-0.0,11.990728049417463,-1.9907280498311826
49.900000000000006,-61.02276016609368,0.08360987360593872,0.45446367691859935,0.37997963786959366,-0.0,11.99072804942084,-1.9907280498281046
49.925000000000004,-61.02276016608358,0.08360987360605122,0.4544623420304667,0.37997963786956035,-0.0,11.990728049424218,-1.9907280498250735
49.95,-61.02276016607364,0.08360987360616218,0.45446101135287353,0.379979637869528,-0.0,11.990728049427595,-1.9907280498220912
49.975,-61.022760166063854,0.08360987360627153,0.45445968487253885,0.3799796378694965,-0.0,11.990728049430965,-1.990728049819156
50.0,-61.022760166054226,0.08360987360637932,0.4544583625762235,0.3799796378694659,-0.0,11.990728049434328,-1.9907280498162676
50.025000000000006,-61.022760166044755,0.08360987360648559,0.4544570444507302,0.3799796378694362,-0.0,11.990728049437687,-1.990728049813426
50.050000000000004,-61.02276016603544,0.08360987360659025,0.4544557304829033,0.37997963786940736,-0.0,11.990728049441037,-1.9907280498106317
50.075,-61.02276016602627,0.08360987360669339,0.4544544206596285,0.3799796378693793,-0.0,11.990728049444375,-1.9907280498078819
50.1,-61.022760166017264,0.08360987360679498,0.45445311496783297,0.3799796378693521,-0.0,11.990728049447704,-1.990728049805179
50.125,-61.0227601660084,0.08360987360689508,0.45445181339448515,0.37997963786932576,-0.0,11.990728049451024,-1.9907280498025208
50.150000000000006,-61.02276016599969,0.08360987360699365,0.4544505159265945,0.37997963786930017,-0.0,11.990728049454331,-1.9907280497999074
50.175000000000004,-61.02276016599113,0.08360987360709071,0.4544492225512115,0.37997963786927536,-0.0,11.990728049457626,-1.9907280497973388
50.2,-61.02276016598271,0.08360987360718629,0.4544479332554275,0.3799796378692513,-0.0,11.99072804946091,-1.9907280497948128
50.225,-61.02276016597443,0.08360987360728038,0.45444664802637447,0.379979637869228,-0.0,11.990728049464181,-1.9907280497923294
50.25,-61.022760165966304,0.08360987360737304,0.45444536685122505,0.37997963786920547,-0.0,11.990728049467435,-1.990728049789891
50.275000000000006,-61.02276016595831,0.08360987360746425,0.45444408971719236,0.37997963786918365,-0.0,11.99072804947068,-1.9907280497874928
50.300000000000004,-61.02276016595046,0.083609873607554,0.4544428166115298,0.3799796378691625,-0.0,11.990728049473905,-1.9907280497851374
50.325,-61.02276016594275,0.08360987360764231,0.454441547521531,0.3799796378691421,-0.0,11.990728049477111,-1.9907280497828246
50.35,-61.022760165935175,0.0836098736077292,0.4544402824345296,0.3799796378691223,-0.0,11.990728049480301,-1.9907280497805522
50.375,-61.022760165927735,0.0836098736078147,0.4544390213378993,0.3799796378691032,-0.0,11.990728049483474,-1.9907280497783204
50.400000000000006,-61.02276016592043,0.08360987360789882,0.45443776421905363,0.3799796378690848,-0.0,11.99072804948663,-1.990728049776129
50.425000000000004,-61.02276016591326,0.08360987360798149,0.4544365110654457,0.37997963786906697,-0.0,11.990728049489762,-1.9907280497739783
50.45,-61.02276016590622,0.08360987360806281,0.45443526186456823,0.3799796378690498,-0.0,11.990728049492882,-1.9907280497718658
50.475,-61.02276016589931,0.08360987360814282,0.4544340166039535,0.37997963786903327,-0.0,11.990728049495981,-1.9907280497697917
50.5,-61.02276016589253,0.08360987360822145,0.454432775271173,0.37997963786901734,-0.0,11.990728049499058,-1.9907280497677582
50.525000000000006,-61.02276016588587,0.08360987360829876,0.45443153785383744,0.37997963786900196,-0.0,11.990728049502113,-1.990728049765761
50.550000000000004,-61.02276016587934,0.08360987360837474,0.4544303043395967,0.37997963786898714,-0.0,11.990728049505142,-1.9907280497638018
50.575,-61.02276016587294,0.08360987360844942,0.4544290747161395,0.37997963786897293,-0.0,11.990728049508155,-1.9907280497618813
50.6,-61.02276016586666,0.08360987360852282,0.4544278489711935,0.3799796378689593,-0.0,11.990728049511144,-1.9907280497599968
50.625,-61.0227601658605,0.08360987360859491,0.4544266270925249,0.3799796378689461,-0.0,11.990728049514107,-1.9907280497581488
50.650000000000006,-61.02276016585446,0.08360987360866576,0.45442540906793866,0.3799796378689335,-0.0,11.990728049517049,-1.9907280497563369
50.675000000000004,-61.02276016584853,0.08360987360873537,0.45442419488527813,0.3799796378689214,-0.0,11.99072804951997,-1.9907280497545592
50.7,-61.022760165842726,0.08360987360880373,0.454422984532425,0.3799796378689098,-0.0,11.990728049522861,-1.9907280497528177
50.725,-61.022760165837035,0.08360987360887087,0.45442177799729927,0.3799796378688987,-0.0,11.990728049525732,-1.9907280497511102
50.75,-61.02276016583146,0.08360987360893678,0.4544205752678589,0.3799796378688881,-0.0,11.990728049528578,-1.9907280497494368
50.775000000000006,-61.02276016582599,0.08360987360900149,0.4544193763320999,0.37997963786887795,-0.0,11.990728049531398,-1.9907280497477977
50.800000000000004,-61.022760165820635,0.083609873609065,0.4544181811780562,0.37997963786886824,-0.0,11.99072804953419,-1.9907280497461903
50.825,-61.02276016581539,0.08360987360912735,0.4544169897937994,0.379979637868859,-0.0,11.990728049536964,-1.9907280497446171
50.85,-61.022760165810254,0.08360987360918853,0.45441580216743876,0.3799796378688502,-0.0,11.990728049539705,-1.9907280497430762
50.875,-61.022760165805224,0.08360987360924857,0.454414618287121,0.3799796378688418,-0.0,11.990728049542422,-1.990728049741567
50.900000000000006,-61.0227601658003,0.08360987360930747,0.4544134381410303,0.3799796378688339,-0.0,11.990728049545115,-1.9907280497400897
50.925000000000004,-61.022760165795475,0.08360987360936524,0.454412261717388,0.3799796378688263,-0.0,11.990728049547783,-1.9907280497386424
50.95,-61.02276016579075,0.08360987360942189,0.45441108900445276,0.37997963786881916,-0.0,11.990728049550425,-1.9907280497372248
50.975,-61.02276016578613,0.08360987360947746,0.45440991999052016,0.3799796378688124,-0.0,11.990728049553038,-1.9907280497358393
51.0,-61.02276016578161,0.08360987360953197,0.45440875466392266,0.379979637868806,-0.0,11.990728049555623,-1.9907280497344835
51.025000000000006,-61.02276016577719,0.0836098736095854,0.45440759301302963,0.3799796378688,-0.0,11.990728049558184,-1.9907280497331576
51.050000000000004,-61.022760165772866,0.08360987360963776,0.45440643502624706,0.37997963786879435,-0.0,11.990728049560717,-1.9907280497318594
51.075,-61.02276016576864,0.08360987360968908,0.45440528069201747,0.3799796378687891,-0.0,11.990728049563222,-1.990728049730591
51.1,-61.0227601657645,0.08360987360973937,0.45440412999881996,0.37997963786878414,-0.0,11.990728049565703,-1.9907280497293505
51.125,-61.02276016576046,0.08360987360978865,0.45440298293516984,0.37997963786877953,-0.0,11.990728049568157,-1.9907280497281377
51.150000000000006,-61.0227601657565,0.08360987360983693,0.45440183948961876,0.37997963786877526,-0.0,11.990728049570587,-1.9907280497269504
51.175000000000004,-61.022760165752636,0.08360987360988423,0.4544006996507544,0.37997963786877126,-0.0,11.990728049572983,-1.9907280497257906
51.2,-61.02276016574886,0.08360987360993057,0.45439956340720045,0.3799796378687676,-0.0,11.99072804957535,-1.9907280497246589
51.225,-61.022760165745176,0.08360987360997593,0.4543984307476165,0.3799796378687642,-0.0,11.99072804957769,-1.9907280497235524
51.25,-61.02276016574157,0.08360987361002035,0.4543973016606979,0.37997963786876116,-0.0,11.99072804958001,-1.9907280497224717
51.275000000000006,-61.022760165738056,0.0836098736100638,0.4543961761351757,0.3799796378687584,-0.0,11.9907280495823,-1.9907280497214166
51.300000000000004,-61.02276016573462,0.0836098736101064,0.4543950541598164,0.3799796378687559,-0.0,11.990728049584567,-1.990728049720385
51.325,-61.02276016573126,0.08360987361014807,0.454393935723422,0.37997963786875366,-0.0,11.990728049586801,-1.9907280497193787
51.35,-61.02276016572799,0.08360987361018882,0.45439282081482985,0.3799796378687517,-0.0,11.990728049589015,-1.9907280497183961
51.375,-61.02276016572479,0.08360987361022869,0.4543917094229124,0.37997963786875,-0.0,11.990728049591196,-1.9907280497174369
51.400000000000006,-61.02276016572167,0.08360987361026768,0.45439060153657734,0.37997963786874855,-0.0,11.990728049593356,-1.990728049716501
51.425000000000004,-61.02276016571863,0.08360987361030583,0.45438949714476723,0.37997963786874733,-0.0,11.990728049595484,-1.9907280497155888
51.45,-61.02276016571567,0.08360987361034312,0.45438839623645955,0.37997963786874633,-0.0,11.990728049597582,-1.9907280497146997
51.475,-61.022760165712775,0.08360987361037961,0.4543872988006666,0.37997963786874556,-0.0,11.990728049599655,-1.9907280497138322
51.5,-61.022760165709954,0.08360987361041525,0.4543862048264352,0.379979637868745,-0.0,11.990728049601701,-1.990728049712986
51.525000000000006,-61.02276016570721,0.0836098736104501,0.4543851143028469,0.37997963786874467,-0.0,11.990728049603717,-1.990728049712163
51.550000000000004,-61.02276016570453,0.08360987361048414,0.4543840272190175,0.37997963786874456,-0.0,11.990728049605714,-1.9907280497113595
51.575,-61.022760165701925,0.08360987361051737,0.4543829435640973,0.3799796378687446,-0.0,11.990728049607679,-1.9907280497105773
51.6,-61.02276016569939,0.08360987361054985,0.45438186332727076,0.3799796378687449,-0.0,11.990728049609617,-1.9907280497098163
51.625,-61.022760165696916,0.08360987361058159,0.4543807864977564,0.37997963786874533,-0.0,11.990728049611528,-1.9907280497090745
51.650000000000006,-61.022760165694514,0.08360987361061258,0.45437971306480673,0.379979637868746,-0.0,11.990728049613416,-1.990728049708354
51.675000000000004,-61.022760165692176,0.08360987361064283,0.4543786430177084,0.37997963786874683,-0.0,11.990728049615274,-1.9907280497076527
51.7,-61.022760165689895,0.08360987361067232,0.4543775763457815,0.37997963786874783,-0.0,11.990728049617111,-1.9907280497069684
51.725,-61.02276016568768,0.0836098736107011,0.45437651303838006,0.379979637868749,-0.0,11.990728049618923,-1.9907280497063033
51.75,-61.022760165685526,0.08360987361072919,0.4543754530848916,0.37997963786875033,-0.0,11.990728049620706,-1.9907280497056574
51.775000000000006,-61.02276016568343,0.08360987361075656,0.4543743964747371,0.37997963786875183,-0.0,11.99072804962247,-1.9907280497050286
51.800000000000004,-61.0227601656814,0.08360987361078327,0.45437334319737094,0.37997963786875344,-0.0,11.990728049624197,-1.990728049704419
51.825,-61.02276016567942,0.08360987361080935,0.45437229324228073,0.3799796378687552,-0.0,11.990728049625902,-1.9907280497038264
51.85,-61.022760165677504,0.08360987361083475,0.4543712465989873,0.3799796378687571,-0.0,11.990728049627583,-1.990728049703251
51.875,-61.02276016567564,0.08360987361085945,0.4543702032570445,0.37997963786875916,-0.0,11.99072804962924,-1.9907280497026925
51.900000000000006,-61.02276016567383,0.08360987361088354,0.45436916320603915,0.3799796378687613,-0.0,11.990728049630873,-1.990728049702149
51.925000000000004,-61.022760165672075,0.08360987361090699,0.4543681264355908,0.37997963786876365,-0.0,11.990728049632484,-1.9907280497016222
51.95,-61.02276016567038,0.08360987361092989,0.45436709293535193,0.3799796378687661,-0.0,11.990728049634068,-1.9907280497011128
51.975,-61.02276016566873,0.08360987361095215,0.4543660626950075,0.37997963786876865,-0.0,11.990728049635626,-1.9907280497006183
52.0,-61.02276016566713,0.08360987361097381,0.4543650357042751,0.3799796378687713,-0.0,11.990728049637163,-1.9907280497001387
52.025000000000006,-61.02276016566558,0.0836098736109949,0.45436401195290477,0.3799796378687741,-0.0,11.990728049638674,-1.990728049699674
52.050000000000004,-61.02276016566408,0.08360987361101539,0.45436299143067876,0.379979637868777,-0.0,11.990728049640165,-1.9907280496992241
52.075,-61.02276016566263,0.08360987361103532,0.45436197412741164,0.3799796378687799,-0.0,11.990728049641623,-1.9907280496987894
52.1,-61.022760165661225,0.0836098736110547,0.45436096003295007,0.37997963786878297,-0.0,11.990728049643065,-1.9907280496983673
52.125,-61.02276016565987,0.08360987361107351,0.45435994913717276,0.37997963786878614,-0.0,11.990728049644483,-1.9907280496979602
52.150000000000006,-61.02276016565855,0.08360987361109183,0.45435894142999034,0.37997963786878935,-0.0,11.990728049645876,-1.990728049697566
52.175000000000004,-61.02276016565728,0.08360987361110961,0.45435793690134524,0.3799796378687927,-0.0,11.990728049647252,-1.9907280496971842
52.2,-61.02276016565605,0.08360987361112689,0.45435693554121165,0.37997963786879607,-0.0,11.9907280496486,-1.9907280496968154
52.225,-61.022760165654866,0.08360987361114365,0.4543559373395954,0.3799796378687995,-0.0,11.990728049649926,-1.9907280496964594
52.25,-61.02276016565372,0.08360987361115993,0.4543549422865338,0.37997963786880307,-0.0,11.990728049651233,-1.9907280496961164
52.275000000000006,-61.02276016565262,0.08360987361117574,0.4543539503720956,0.3799796378688067,-0.0,11.990728049652512,-1.990728049695786
52.300000000000004,-61.022760165651555,0.08360987361119103,0.45435296158638083,0.37997963786881034,-0.0,11.990728049653775,-1.9907280496954662
52.325,-61.02276016565053,0.08360987361120589,0.45435197591952087,0.37997963786881406,-0.0,11.990728049655013,-1.9907280496951592
52.35,-61.022760165649544,0.08360987361122031,0.45435099336167806,0.37997963786881783,-0.0,11.99072804965623,-1.990728049694863
52.375,-61.0227601656486,0.08360987361123424,0.4543500139030459,0.37997963786882166,-0.0,11.990728049657424,-1.9907280496945794
52.400000000000006,-61.02276016564769,0.08360987361124776,0.4543490375338488,0.37997963786882555,-0.0,11.990728049658598,-1.9907280496943065
52.425000000000004,-61.022760165646815,0.08360987361126086,0.45434806424434193,0.3799796378688295,-0.0,11.990728049659753,-1.9907280496940443
52.45,-61.02276016564598,0.08360987361127352,0.4543470940248113,0.3799796378688335,-0.0,11.990728049660884,-1.990728049693793
52.475,-61.022760165645174,0.08360987361128575,0.4543461268655735,0.37997963786883754,-0.0,11.990728049661998,-1.990728049693552
52.5,-61.0227601656444,0.08360987361129758,0.4543451627569757,0.37997963786884165,-0.0,11.990728049663097,-1.9907280496933195
52.525000000000006,-61.02276016564366,0.083609873611309,0.4543442016893954,0.37997963786884575,-0.0,11.99072804966417,-1.990728049693098
52.550000000000004,-61.02276016564296,0.08360987361132004,0.4543432436532406,0.3799796378688499,-0.0,11.990728049665226,-1.990728049692887
52.575,-61.02276016564228,0.08360987361133067,0.4543422886389495,0.3799796378688541,-0.0,11.990728049666258,-1.9907280496926845
52.6,-61.022760165641635,0.08360987361134095,0.45434133663699044,0.3799796378688583,-0.0,11.990728049667274,-1.9907280496924904
52.625,-61.02276016564102,0.08360987361135083,0.4543403876378619,0.3799796378688626,-0.0,11.990728049668277,-1.990728049692305
52.650000000000006,-61.022760165640435,0.08360987361136037,0.4543394416320922,0.37997963786886685,-0.0,11.990728049669256,-1.9907280496921302
52.675000000000004,-61.02276016563987,0.08360987361136955,0.4543384986102397,0.3799796378688711,-0.0,11.990728049670215,-1.9907280496919617
52.7,-61.02276016563934,0.0836098736113784,0.45433755856289243,0.37997963786887545,-0.0,11.990728049671162,-1.9907280496918018
52.725,-61.022760165638836,0.08360987361138691,0.45433662148066806,0.3799796378688798,-0.0,11.990728049672088,-1.9907280496916506
52.75,-61.02276016563836,0.08360987361139512,0.4543356873542139,0.3799796378688841,-0.0,11.990728049672994,-1.9907280496915076
52.775000000000006,-61.02276016563791,0.08360987361140297,0.4543347561742069,0.3799796378688885,-0.0,11.99072804967388,-1.9907280496913735
52.800000000000004,-61.022760165637486,0.08360987361141049,0.4543338279313532,0.3799796378688929,-0.0,11.990728049674754,-1.9907280496912456
52.825,-61.02276016563709,0.08360987361141771,0.45433290261638837,0.37997963786889727,-0.0,11.990728049675608,-1.9907280496911262
52.85,-61.02276016563671,0.08360987361142463,0.45433198022007726,0.37997963786890165,-0.0,11.990728049676441,-1.9907280496910131
52.875,-61.022760165636356,0.08360987361143125,0.4543310607332137,0.37997963786890604,-0.0,11.990728049677264,-1.9907280496909066
52.900000000000006,-61.02276016563603,0.08360987361143761,0.45433014414662065,0.3799796378689104,-0.0,11.990728049678063,-1.9907280496908086
52.925000000000004,-61.022760165635724,0.08360987361144367,0.45432923045115,0.3799796378689148,-0.0,11.990728049678843,-1.990728049690717
52.95,-61.02276016563544,0.08360987361144945,0.4543283196376825,0.3799796378689192,-0.0,11.990728049679612,-1.9907280496906317
52.975,-61.02276016563518,0.08360987361145496,0.45432741169712765,0.37997963786892364,-0.0,11.990728049680369,-1.9907280496905528
53.0,-61.022760165634935,0.0836098736114602,0.4543265066204237,0.3799796378689281,-0.0,11.99072804968111,-1.9907280496904802
53.025000000000006,-61.02276016563471,0.08360987361146521,0.4543256043985373,0.37997963786893246,-0.0,11.990728049681836,-1.990728049690412
53.050000000000004,-61.0227601656345,0.08360987361146995,0.4543247050224638,0.37997963786893685,-0.0,11.990728049682543,-1.9907280496903503
53.075,-61.02276016563432,0.08360987361147446,0.4543238084832268,0.37997963786894123,-0.0,11.990728049683236,-1.9907280496902948
53.1,-61.022760165634146,0.0836098736114787,0.4543229147718783,0.3799796378689456,-0.0,11.990728049683918,-1.9907280496902438
53.125,-61.022760165634,0.08360987361148271,0.4543220238794985,0.37997963786895,-0.0,11.990728049684583,-1.990728049690199
53.150000000000006,-61.02276016563386,0.0836098736114865,0.45432113579719574,0.3799796378689544,-0.0,11.990728049685238,-1.9907280496901585
53.175000000000004,-61.02276016563375,0.0836098736114901,0.4543202505161064,0.3799796378689588,-0.0,11.990728049685876,-1.9907280496901243
53.2,-61.02276016563365,0.0836098736114935,0.4543193680273948,0.3799796378689631,-0.0,11.990728049686497,-1.9907280496900945
53.225,-61.022760165633564,0.08360987361149665,0.4543184883222532,0.37997963786896743,-0.0,11.990728049687107,-1.9907280496900688
53.25,-61.0227601656335,0.0836098736114996,0.4543176113919015,0.37997963786897176,-0.0,11.990728049687704,-1.9907280496900497
53.275000000000006,-61.02276016563345,0.08360987361150238,0.4543167372275875,0.37997963786897604,-0.0,11.990728049688279,-1.9907280496900348
53.300000000000004,-61.022760165633414,0.08360987361150492,0.45431586582058636,0.3799796378689803,-0.0,11.990728049688846,-1.9907280496900241
53.325,-61.02276016563339,0.08360987361150728,0.454314997162201,0.3799796378689846,-0.0,11.990728049689402,-1.9907280496900177
53.35,-61.022760165633386,0.08360987361150944,0.4543141312437616,0.3799796378689888,-0.0,11.990728049689938,-1.9907280496900155
53.375,-61.02276016563339,0.08360987361151143,0.45431326805662575,0.379979637868993,-0.0,11.990728049690468,-1.9907280496900177
53.400000000000006,-61.022760165633414,0.08360987361151326,0.45431240759217834,0.37997963786899724,-0.0,11.990728049690983,-1.9907280496900241
53.425000000000004,-61.02276016563344,0.08360987361151491,0.45431154984183136,0.3799796378690014,-0.0,11.990728049691487,-1.9907280496900326
53.45,-61.022760165633485,0.08360987361151638,0.45431069479702396,0.37997963786900557,-0.0,11.990728049691981,-1.9907280496900455
53.475,-61.02276016563354,0.0836098736115177,0.4543098424492222,0.3799796378690097,-0.0,11.990728049692455,-1.9907280496900626
53.5,-61.022760165633606,0.08360987361151886,0.4543089927899191,0.3799796378690138,-0.0,11.990728049692928,-1.9907280496900817
53.525000000000006,-61.022760165633684,0.08360987361151986,0.4543081458106346,0.3799796378690179,-0.0,11.990728049693386,-1.9907280496901052
53.550000000000004,-61.02276016563377,0.08360987361152072,0.45430730150291526,0.37997963786902195,-0.0,11.990728049693834,-1.9907280496901307
53.575,-61.02276016563387,0.08360987361152145,0.4543064598583344,0.379979637869026,-0.0,11.990728049694269,-1.9907280496901605
53.6,-61.022760165633976,0.08360987361152203,0.45430562086849186,0.37997963786903,-0.0,11.990728049694695,-1.9907280496901925
53.625,-61.0227601656341,0.08360987361152247,0.45430478452501394,0.379979637869034,-0.0,11.990728049695111,-1.9907280496902287
53.650000000000006,-61.022760165634224,0.08360987361152276,0.4543039508195535,0.37997963786903793,-0.0,11.99072804969551,-1.990728049690267
53.675000000000004,-61.02276016563436,0.08360987361152294,0.45430311974378956,0.3799796378690419,-0.0,11.990728049695909,-1.9907280496903077
53.7,-61.0227601656345,0.08360987361152297,0.4543022912894275,0.37997963786904576,-0.0,11.99072804969629,-1.9907280496903503
53.725,-61.02276016563465,0.08360987361152288,0.4543014654481988,0.37997963786904965,-0.0,11.990728049696669,-1.990728049690395
53.75,-61.022760165634814,0.08360987361152271,0.45430064221186106,0.3799796378690535,-0.0,11.99072804969703,-1.990728049690444
53.775000000000006,-61.022760165634985,0.08360987361152239,0.45429982157219784,0.37997963786905725,-0.0,11.99072804969738,-1.990728049690495
53.800000000000004,-61.02276016563516,0.08360987361152196,0.45429900352101865,0.379979637869061,-0.0,11.990728049697722,-1.9907280496905484
53.825,-61.02276016563535,0.08360987361152146,0.4542981880501588,0.37997963786906475,-0.0,11.990728049698053,-1.990728049690604
53.85,-61.02276016563554,0.08360987361152082,0.45429737515147944,0.37997963786906847,-0.0,11.990728049698378,-1.9907280496906614
53.875,-61.02276016563574,0.0836098736115201,0.4542965648168673,0.37997963786907213,-0.0,11.99072804969869,-1.9907280496907211
53.900000000000006,-61.022760165635944,0.08360987361151931,0.4542957570382347,0.3799796378690758,-0.0,11.990728049699,-1.9907280496907829
53.925000000000004,-61.02276016563615,0.08360987361151839,0.45429495180751955,0.3799796378690794,-0.0,11.9907280496993,-1.9907280496908448
53.95,-61.02276016563636,0.08360987361151738,0.45429414911668514,0.37997963786908295,-0.0,11.99072804969959,-1.9907280496909088
53.975,-61.02276016563658,0.08360987361151627,0.45429334895772006,0.3799796378690865,-0.0,11.990728049699873,-1.9907280496909747
54.0,-61.02276016563681,0.08360987361151513,0.45429255132263824,0.37997963786909,-0.0,11.990728049700142,-1.9907280496910431
54.025000000000006,-61.02276016563704,0.08360987361151387,0.4542917562034788,0.3799796378690935,-0.0,11.990728049700413,-1.9907280496911113
54.050000000000004,-61.02276016563727,0.08360987361151255,0.4542909635923059,0.37997963786909694,-0.0,11.990728049700671,-1.9907280496911817
54.075,-61.022760165637514,0.08360987361151115,0.45429017348120887,0.37997963786910033,-0.0,11.990728049700918,-1.990728049691254
54.1,-61.022760165637756,0.08360987361150966,0.45428938586230183,0.3799796378691037,-0.0,11.990728049701165,-1.9907280496913264
54.125,-61.022760165638005,0.08360987361150812,0.45428860072772387,0.37997963786910705,-0.0,11.990728049701397,-1.990728049691401
54.150000000000006,-61.02276016563825,0.08360987361150651,0.4542878180696388,0.3799796378691103,-0.0,11.990728049701625,-1.9907280496914757
54.175000000000004,-61.02276016563851,0.08360987361150483,0.4542870378802353,0.3799796378691136,-0.0,11.990728049701845,-1.9907280496915525
54.2,-61.022760165638765,0.08360987361150309,0.45428626015172646,0.3799796378691168,-0.0,11.99072804970206,-1.9907280496916293
54.225,-61.02276016563903,0.08360987361150128,0.4542854848763502,0.37997963786912003,-0.0,11.99072804970227,-1.9907280496917081
54.25,-61.02276016563929,0.08360987361149945,0.45428471204636867,0.3799796378691232,-0.0,11.990728049702472,-1.990728049691787
54.275000000000006,-61.02276016563956,0.08360987361149755,0.4542839416540686,0.3799796378691263,-0.0,11.990728049702662,-1.990728049691868
54.300000000000004,-61.02276016563983,0.08360987361149559,0.45428317369176097,0.3799796378691294,-0.0,11.99072804970285,-1.990728049691949
54.325,-61.0227601656401,0.0836098736114936,0.454282408151781,0.37997963786913247,-0.0,11.990728049703034,-1.9907280496920299
54.35,-61.02276016564038,0.08360987361149155,0.4542816450264882,0.37997963786913547,-0.0,11.990728049703206,-1.9907280496921131
54.375,-61.022760165640655,0.08360987361148947,0.454280884308266,0.37997963786913846,-0.0,11.990728049703375,-1.9907280496921962
54.400000000000006,-61.02276016564094,0.08360987361148732,0.45428012598952205,0.3799796378691414,-0.0,11.990728049703533,-1.9907280496922815
54.425000000000004,-61.02276016564122,0.08360987361148514,0.4542793700626878,0.3799796378691443,-0.0,11.990728049703684,-1.9907280496923667
54.45,-61.02276016564151,0.08360987361148292,0.4542786165202186,0.3799796378691472,-0.0,11.990728049703833,-1.990728049692452
54.475,-61.02276016564179,0.08360987361148066,0.4542778653545937,0.37997963786915,-0.0,11.990728049703979,-1.9907280496925372
54.5,-61.022760165642076,0.08360987361147837,0.4542771165583159,0.37997963786915284,-0.0,11.990728049704122,-1.9907280496926225
54.525000000000006,-61.02276016564237,0.08360987361147604,0.45427637012391175,0.3799796378691556,-0.0,11.990728049704254,-1.99072804969271
54.550000000000004,-61.02276016564266,0.08360987361147369,0.45427562604393146,0.37997963786915834,-0.0,11.99072804970438,-1.9907280496927973
54.575,-61.02276016564295,0.08360987361147132,0.45427488431094853,0.37997963786916106,-0.0,11.990728049704503,-1.9907280496928847
54.6,-61.02276016564324,0.0836098736114689,0.4542741449175601,0.3799796378691637,-0.0,11.990728049704622,-1.9907280496929722
54.625,-61.02276016564353,0.08360987361146646,0.4542734078563864,0.37997963786916633,-0.0,11.990728049704733,-1.9907280496930595
54.650000000000006,-61.022760165643824,0.083609873611464,0.4542726731200713,0.37997963786916894,-0.0,11.990728049704844,-1.990728049693147
54.675000000000004,-61.022760165644115,0.08360987361146152,0.4542719407012815,0.3799796378691715,-0.0,11.990728049704947,-1.9907280496932342
54.7,-61.02276016564441,0.08360987361145902,0.4542712105927071,0.379979637869174,-0.0,11.990728049705043,-1.9907280496933217
54.725,-61.0227601656447,0.0836098736114565,0.4542704827870611,0.3799796378691765,-0.0,11.990728049705139,-1.9907280496934092
54.75,-61.02276016564499,0.08360987361145396,0.4542697572770796,0.37997963786917893,-0.0,11.99072804970523,-1.9907280496934965
54.775000000000006,-61.02276016564528,0.08360987361145142,0.45426903405552144,0.3799796378691814,-0.0,11.99072804970532,-1.990728049693584
54.800000000000004,-61.02276016564557,0.08360987361144885,0.4542683131151685,0.37997963786918376,-0.0,11.990728049705401,-1.9907280496936712
54.825,-61.02276016564586,0.08360987361144627,0.45426759444882536,0.3799796378691861,-0.0,11.990728049705478,-1.9907280496937587
54.85,-61.022760165646154,0.08360987361144369,0.4542668780493192,0.3799796378691884,-0.0,11.990728049705554,-1.9907280496938462
54.875,-61.022760165646446,0.0836098736114411,0.4542661639095,0.3799796378691907,-0.0,11.990728049705622,-1.9907280496939335
54.900000000000006,-61.02276016564674,0.0836098736114385,0.45426545202224006,0.379979637869193,-0.0,11.990728049705691,-1.990728049694021
54.925000000000004,-61.02276016564703,0.08360987361143588,0.4542647423804344,0.3799796378691952,-0.0,11.990728049705753,-1.9907280496941082
54.95,-61.02276016564732,0.08360987361143322,0.45426403497700035,0.37997963786919736,-0.0,11.990728049705806,-1.9907280496941957
54.975,-61.02276016564761,0.08360987361143059,0.45426332980487755,0.3799796378691995,-0.0,11.99072804970586,-1.9907280496942832
55.0,-61.0227601656479,0.08360987361142794,0.4542626268570279,0.37997963786920164,-0.0,11.99072804970591,-1.9907280496943704
55.025000000000006,-61.02276016564819,0.08360987361142526,0.45426192612643557,0.37997963786920375,-0.0,11.990728049705963,-1.9907280496944557
55.050000000000004,-61.02276016564847,0.08360987361142261,0.4542612276061068,0.3799796378692058,-0.0,11.990728049706007,-1.990728049694541
55.075,-61.022760165648755,0.08360987361141996,0.45426053128907,0.37997963786920785,-0.0,11.990728049706053,-1.9907280496946262
55.1,-61.02276016564904,0.0836098736114173,0.4542598371683754,0.37997963786920985,-0.0,11.990728049706094,-1.9907280496947115
55.125,-61.02276016564932,0.08360987361141466,0.45425914523709526,0.3799796378692118,-0.0,11.990728049706123,-1.9907280496947968
55.150000000000006,-61.02276016564961,0.08360987361141199,0.45425845548832366,0.37997963786921374,-0.0,11.990728049706156,-1.990728049694882
55.175000000000004,-61.02276016564989,0.08360987361140933,0.4542577679151765,0.3799796378692156,-0.0,11.990728049706183,-1.9907280496949673
55.2,-61.02276016565017,0.08360987361140668,0.4542570825107914,0.3799796378692175,-0.0,11.990728049706213,-1.9907280496950506
55.225,-61.022760165650446,0.08360987361140404,0.4542563992683275,0.37997963786921934,-0.0,11.990728049706235,-1.9907280496951336
55.25,-61.02276016565072,0.0836098736114014,0.45425571818096566,0.3799796378692212,-0.0,11.99072804970626,-1.9907280496952167
55.275000000000006,-61.022760165651,0.08360987361139877,0.4542550392419082,0.37997963786922295,-0.0,11.990728049706275,-1.9907280496953
55.300000000000004,-61.02276016565128,0.08360987361139614,0.45425436244437883,0.37997963786922473,-0.0,11.990728049706293,-1.990728049695383
55.325,-61.02276016565155,0.08360987361139352,0.45425368778162273,0.37997963786922645,-0.0,11.990728049706304,-1.990728049695464
55.35,-61.02276016565182,0.0836098736113909,0.45425301524690637,0.37997963786922817,-0.0,11.99072804970632,-1.990728049695545
55.375,-61.02276016565209,0.0836098736113883,0.45425234483351734,0.37997963786922984,-0.0,11.990728049706329,-1.9907280496956261
55.400000000000006,-61.02276016565236,0.08360987361138571,0.45425167653476456,0.3799796378692315,-0.0,11.990728049706336,-1.990728049695707
55.425000000000004,-61.02276016565262,0.08360987361138311,0.45425101034397797,0.3799796378692331,-0.0,11.990728049706341,-1.990728049695786
55.45,-61.02276016565288,0.08360987361138052,0.45425034625450855,0.3799796378692347,-0.0,11.990728049706348,-1.9907280496958648
55.475,-61.022760165653146,0.08360987361137795,0.45424968425972834,0.3799796378692363,-0.0,11.990728049706346,-1.9907280496959436
55.5,-61.0227601656534,0.08360987361137538,0.4542490243530301,0.37997963786923783,-0.0,11.99072804970635,-1.9907280496960205
55.525000000000006,-61.02276016565366,0.08360987361137284,0.45424836652782763,0.37997963786923933,-0.0,11.990728049706346,-1.990728049696097
55.550000000000004,-61.022760165653914,0.08360987361137033,0.4542477107775554,0.3799796378692408,-0.0,11.990728049706345,-1.990728049696174
55.575,-61.02276016565417,0.0836098736113678,0.45424705709566854,0.37997963786924227,-0.0,11.990728049706334,-1.9907280496962505
55.6,-61.02276016565442,0.08360987361136529,0.454246405475643,0.3799796378692437,-0.0,11.99072804970633,-1.990728049696325
55.625,-61.02276016565467,0.08360987361136282,0.45424575591097516,0.3799796378692451,-0.0,11.99072804970632,-1.9907280496963997
55.650000000000006,-61.022760165654915,0.08360987361136035,0.45424510839518195,0.3799796378692465,-0.0,11.990728049706307,-1.9907280496964743
55.675000000000004,-61.02276016565516,0.08360987361135788,0.4542444629218007,0.3799796378692478,-0.0,11.990728049706293,-1.990728049696547
55.7,-61.0227601656554,0.08360987361135545,0.45424381948438924,0.37997963786924915,-0.0,11.990728049706282,-1.9907280496966193
55.725,-61.02276016565564,0.08360987361135302,0.45424317807652564,0.37997963786925043,-0.0,11.990728049706261,-1.990728049696692
55.75,-61.02276016565588,0.0836098736113506,0.4542425386918083,0.3799796378692517,-0.0,11.990728049706242,-1.9907280496967643
55.775000000000006,-61.022760165656116,0.08360987361134821,0.45424190132385567,0.37997963786925293,-0.0,11.990728049706219,-1.9907280496968347
55.800000000000004,-61.02276016565635,0.08360987361134585,0.4542412659663065,0.37997963786925415,-0.0,11.990728049706197,-1.990728049696905
55.825,-61.02276016565658,0.08360987361134348,0.45424063261281944,0.37997963786925537,-0.0,11.990728049706181,-1.9907280496969733
55.85,-61.022760165656805,0.08360987361134115,0.45424000125707326,0.37997963786925654,-0.0,11.990728049706158,-1.9907280496970414
55.875,-61.02276016565703,0.08360987361133881,0.4542393718927666,0.3799796378692577,-0.0,11.990728049706133,-1.9907280496971096
55.900000000000006,-61.02276016565726,0.08360987361133651,0.454238744513618,0.3799796378692588,-0.0,11.990728049706101,-1.9907280496971778
55.925000000000004,-61.02276016565748,0.08360987361133423,0.4542381191133659,0.3799796378692599,-0.0,11.990728049706078,-1.990728049697244
55.95,-61.0227601656577,0.08360987361133197,0.4542374956857684,0.37997963786926103,-0.0,11.990728049706053,-1.99072804969731
55.975,-61.022760165657914,0.08360987361132971,0.4542368742246032,0.3799796378692621,-0.0,11.990728049706027,-1.990728049697374
56.0,-61.02276016565813,0.08360987361132748,0.4542362547236678,0.37997963786926314,-0.0,11.990728049705998,-1.990728049697438
56.025000000000006,-61.02276016565834,0.08360987361132526,0.4542356371767792,0.37997963786926414,-0.0,11.990728049705966,-1.990728049697502
56.050000000000004,-61.02276016565855,0.08360987361132308,0.45423502157777385,0.37997963786926514,-0.0,11.99072804970593,-1.990728049697566
56.075,-61.02276016565876,0.0836098736113209,0.45423440792050773,0.37997963786926614,-0.0,11.990728049705902,-1.9907280496976276
56.1,-61.022760165658966,0.08360987361131873,0.4542337961988561,0.3799796378692671,-0.0,11.990728049705869,-1.9907280496976894
56.125,-61.02276016565917,0.08360987361131661,0.4542331864067136,0.379979637869268,-0.0,11.990728049705831,-1.9907280496977513
56.150000000000006,-61.02276016565937,0.08360987361131453,0.45423257853799415,0.37997963786926897,-0.0,11.990728049705803,-1.990728049697811
56.175000000000004,-61.02276016565957,0.08360987361131246,0.45423197258663084,0.37997963786926986,-0.0,11.990728049705764,-1.9907280496978705
56.2,-61.02276016565977,0.0836098736113104,0.45423136854657586,0.37997963786927075,-0.0,11.990728049705728,-1.9907280496979303
56.225,-61.02276016565996,0.08360987361130834,0.45423076641180055,0.3799796378692716,-0.0,11.990728049705687,-1.9907280496979878
56.25,-61.02276016566015,0.08360987361130631,0.4542301661762952,0.3799796378692724,-0.0,11.99072804970565,-1.9907280496980455
56.275000000000006,-61.02276016566034,0.08360987361130427,0.45422956783406904,0.37997963786927325,-0.0,11.990728049705615,-1.9907280496981008
56.300000000000004,-61.02276016566052,0.0836098736113023,0.4542289713791503,0.3799796378692741,-0.0,11.990728049705583,-1.9907280496981563
56.325,-61.022760165660706,0.0836098736113003,0.454228376805586,0.37997963786927486,-0.0,11.990728049705542,-1.9907280496982116
56.35,-61.02276016566089,0.08360987361129836,0.4542277841074418,0.37997963786927563,-0.0,11.9907280497055,-1.990728049698267
56.375,-61.02276016566107,0.08360987361129646,0.4542271932788023,0.3799796378692764,-0.0,11.990728049705467,-1.9907280496983204
56.400000000000006,-61.022760165661246,0.08360987361129459,0.45422660431377065,0.37997963786927713,-0.0,11.990728049705423,-1.9907280496983737
56.425000000000004,-61.022760165661424,0.08360987361129273,0.4542260172064686,0.37997963786927785,-0.0,11.990728049705382,-1.990728049698427
56.45,-61.022760165661595,0.0836098736112909,0.45422543195103643,0.3799796378692786,-0.0,11.990728049705343,-1.990728049698478
56.475,-61.022760165661765,0.08360987361128905,0.4542248485416329,0.37997963786927924,-0.0,11.990728049705302,-1.9907280496985293
56.5,-61.022760165661936,0.08360987361128723,0.4542242669724353,0.3799796378692799,-0.0,11.990728049705258,-1.9907280496985804
56.525000000000006,-61.0227601656621,0.08360987361128543,0.4542236872376391,0.3799796378692806,-0.0,11.990728049705218,-1.9907280496986295
56.550000000000004,-61.02276016566226,0.08360987361128364,0.45422310933145826,0.37997963786928124,-0.0,11.99072804970518,-1.9907280496986786
56.575,-61.022760165662426,0.08360987361128189,0.4542225332481249,0.37997963786928185,-0.0,11.990728049705135,-1.9907280496987276
56.6,-61.02276016566259,0.08360987361128017,0.4542219589818893,0.37997963786928246,-0.0,11.990728049705089,-1.9907280496987765
56.625,-61.022760165662746,0.08360987361127846,0.45422138652701993,0.37997963786928307,-0.0,11.990728049705048,-1.9907280496988236
56.650000000000006,-61.0227601656629,0.0836098736112768,0.4542208158778034,0.3799796378692836,-0.0,11.990728049705,-1.9907280496988704
56.675000000000004,-61.02276016566306,0.08360987361127513,0.45422024702854413,0.3799796378692842,-0.0,11.990728049704954,-1.9907280496989173
56.7,-61.02276016566321,0.08360987361127349,0.45421967997356477,0.37997963786928474,-0.0,11.990728049704911,-1.990728049698962
56.725,-61.02276016566336,0.08360987361127184,0.4542191147072057,0.3799796378692853,-0.0,11.990728049704868,-1.9907280496990067
56.75,-61.0227601656635,0.08360987361127022,0.45421855122382526,0.3799796378692858,-0.0,11.990728049704826,-1.9907280496990494
56.775000000000006,-61.02276016566364,0.08360987361126862,0.45421798951779946,0.3799796378692863,-0.0,11.990728049704783,-1.990728049699092
56.800000000000004,-61.02276016566378,0.08360987361126705,0.4542174295835222,0.3799796378692868,-0.0,11.990728049704739,-1.9907280496991346
56.825,-61.02276016566392,0.08360987361126551,0.45421687141540484,0.3799796378692873,-0.0,11.990728049704702,-1.9907280496991753
56.85,-61.02276016566405,0.083609873611264,0.4542163150078766,0.3799796378692878,-0.0,11.990728049704662,-1.9907280496992157
56.875,-61.02276016566419,0.08360987361126251,0.45421576035538425,0.37997963786928823,-0.0,11.990728049704618,-1.990728049699256
56.900000000000006,-61.02276016566432,0.08360987361126104,0.4542152074523919,0.3799796378692887,-0.0,11.990728049704572,-1.9907280496992967
56.925000000000004,-61.02276016566446,0.08360987361125959,0.4542146562933813,0.3799796378692891,-0.0,11.990728049704527,-1.9907280496993371
56.95,-61.022760165664586,0.08360987361125816,0.4542141068728515,0.37997963786928957,-0.0,11.990728049704487,-1.9907280496993756
56.975,-61.022760165664714,0.08360987361125675,0.45421355918531897,0.37997963786928995,-0.0,11.990728049704439,-1.990728049699414
57.0,-61.022760165664835,0.08360987361125534,0.4542130132253174,0.37997963786929034,-0.0,11.990728049704398,-1.9907280496994502
57.025000000000006,-61.022760165664955,0.08360987361125395,0.4542124689873977,0.37997963786929073,-0.0,11.990728049704357,-1.9907280496994864
57.050000000000004,-61.022760165665076,0.08360987361125259,0.4542119264661282,0.3799796378692911,-0.0,11.990728049704316,-1.9907280496995226
57.075,-61.0227601656652,0.08360987361125123,0.45421138565609404,0.3799796378692915,-0.0,11.990728049704275,-1.990728049699559
57.1,-61.02276016566531,0.08360987361124991,0.4542108465518977,0.37997963786929184,-0.0,11.99072804970423,-1.990728049699593
57.125,-61.022760165665424,0.08360987361124862,0.4542103091481585,0.3799796378692922,-0.0,11.990728049704188,-1.9907280496996271
57.150000000000006,-61.02276016566554,0.08360987361124736,0.4542097734395129,0.3799796378692925,-0.0,11.990728049704146,-1.990728049699661
57.175000000000004,-61.02276016566565,0.08360987361124611,0.4542092394206141,0.37997963786929284,-0.0,11.990728049704101,-1.9907280496996953
57.2,-61.02276016566576,0.08360987361124488,0.45420870708613226,0.3799796378692932,-0.0,11.990728049704064,-1.9907280496997273
57.225,-61.022760165665865,0.08360987361124367,0.4542081764307544,0.37997963786929345,-0.0,11.990728049704018,-1.9907280496997593
57.25,-61.02276016566597,0.08360987361124247,0.45420764744918424,0.37997963786929373,-0.0,11.990728049703973,-1.9907280496997912
57.275000000000006,-61.02276016566608,0.08360987361124131,0.4542071201361422,0.379979637869294,-0.0,11.990728049703929,-1.9907280496998232
57.300000000000004,-61.02276016566618,0.08360987361124012,0.4542065944863653,0.3799796378692943,-0.0,11.990728049703888,-1.990728049699853
57.325,-61.02276016566628,0.08360987361123895,0.4542060704946073,0.37997963786929456,-0.0,11.990728049703849,-1.990728049699883
57.35,-61.02276016566638,0.08360987361123781,0.45420554815563846,0.37997963786929484,-0.0,11.990728049703808,-1.9907280496999127
57.375,-61.022760165666476,0.0836098736112367,0.45420502746424546,0.37997963786929506,-0.0,11.990728049703762,-1.9907280496999427
57.400000000000006,-61.02276016566657,0.08360987361123563,0.45420450841523147,0.3799796378692953,-0.0,11.990728049703721,-1.9907280496999702
57.425000000000004,-61.02276016566666,0.08360987361123458,0.454203991003416,0.3799796378692955,-0.0,11.990728049703678,-1.990728049699998
57.45,-61.02276016566675,0.08360987361123354,0.454203475223635,0.3799796378692957,-0.0,11.990728049703637,-1.9907280497000257
57.475,-61.022760165666845,0.08360987361123251,0.4542029610707407,0.37997963786929595,-0.0,11.990728049703598,-1.9907280497000535
57.5,-61.02276016566693,0.0836098736112315,0.4542024485396015,0.37997963786929617,-0.0,11.990728049703563,-1.990728049700079
57.525000000000006,-61.022760165667016,0.0836098736112305,0.454201937625102,0.3799796378692964,-0.0,11.990728049703526,-1.9907280497001045
57.550000000000004,-61.0227601656671,0.08360987361122953,0.454201428322143,0.37997963786929656,-0.0,11.990728049703483,-1.99072804970013
57.575,-61.02276016566719,0.08360987361122856,0.45420092062564127,0.3799796378692967,-0.0,11.99072804970344,-1.9907280497001558
57.6,-61.022760165667265,0.0836098736112276,0.45420041453052973,0.3799796378692969,-0.0,11.990728049703401,-1.9907280497001791
57.625,-61.02276016566734,0.08360987361122664,0.4541999100317572,0.37997963786929706,-0.0,11.990728049703366,-1.9907280497002027
57.650000000000006,-61.02276016566742,0.08360987361122571,0.45419940712428847,0.3799796378692972,-0.0,11.990728049703327,-1.990728049700226
57.675000000000004,-61.0227601656675,0.08360987361122478,0.4541989058031042,0.3799796378692974,-0.0,11.99072804970329,-1.9907280497002495
57.7,-61.02276016566757,0.08360987361122388,0.4541984060632009,0.37997963786929756,-0.0,11.990728049703257,-1.9907280497002708
57.725,-61.02276016566764,0.08360987361122302,0.4541979078995908,0.3799796378692977,-0.0,11.990728049703225,-1.9907280497002922
57.75,-61.02276016566771,0.08360987361122217,0.454197411307302,0.3799796378692979,-0.0,11.990728049703192,-1.9907280497003135
57.775000000000006,-61.02276016566778,0.08360987361122134,0.45419691628137815,0.379979637869298,-0.0,11.990728049703153,-1.9907280497003348
57.800000000000004,-61.022760165667854,0.08360987361122053,0.4541964228168786,0.3799796378692981,-0.0,11.990728049703113,-1.990728049700356
57.825,-61.022760165667925,0.08360987361121974,0.4541959309088782,0.3799796378692982,-0.0,11.990728049703074,-1.9907280497003774
57.85,-61.02276016566799,0.08360987361121895,0.45419544055246747,0.37997963786929834,-0.0,11.990728049703039,-1.9907280497003965
57.875,-61.02276016566805,0.08360987361121819,0.4541949517427523,0.37997963786929845,-0.0,11.990728049703007,-1.9907280497004158
57.900000000000006,-61.02276016566812,0.08360987361121743,0.4541944644748541,0.37997963786929856,-0.0,11.990728049702973,-1.990728049700435
57.925000000000004,-61.02276016566818,0.08360987361121669,0.4541939787439096,0.37997963786929867,-0.0,11.990728049702938,-1.9907280497004542
57.95,-61.022760165668245,0.08360987361121597,0.4541934945450709,0.3799796378692988,-0.0,11.990728049702904,-1.9907280497004733
57.975,-61.0227601656683,0.08360987361121525,0.4541930118735054,0.3799796378692989,-0.0,11.990728049702875,-1.9907280497004904
58.0,-61.02276016566836,0.08360987361121454,0.45419253072439575,0.379979637869299,-0.0,11.990728049702847,-1.9907280497005075
58.025000000000006,-61.022760165668416,0.08360987361121386,0.45419205109293975,0.37997963786929906,-0.0,11.99072804970281,-1.9907280497005244
58.050000000000004,-61.02276016566847,0.08360987361121315,0.45419157297435037,0.3799796378692991,-0.0,11.990728049702776,-1.9907280497005415
58.075,-61.02276016566853,0.08360987361121246,0.4541910963638557,0.37997963786929917,-0.0,11.990728049702739,-1.9907280497005586
58.1,-61.02276016566858,0.08360987361121179,0.45419062125669885,0.3799796378692992,-0.0,11.99072804970271,-1.9907280497005735
58.125,-61.02276016566863,0.08360987361121115,0.454190147648138,0.3799796378692993,-0.0,11.990728049702678,-1.9907280497005884
58.150000000000006,-61.02276016566868,0.08360987361121054,0.45418967553344614,0.37997963786929934,-0.0,11.99072804970265,-1.9907280497006035
58.175000000000004,-61.02276016566873,0.08360987361120994,0.45418920490791137,0.3799796378692994,-0.0,11.990728049702618,-1.9907280497006183
58.2,-61.02276016566878,0.08360987361120936,0.4541887357668365,0.37997963786929945,-0.0,11.990728049702588,-1.9907280497006332
58.225,-61.02276016566883,0.08360987361120878,0.4541882681055392,0.3799796378692995,-0.0,11.990728049702557,-1.990728049700648
58.25,-61.02276016566888,0.08360987361120821,0.45418780191935193,0.37997963786929956,-0.0,11.990728049702527,-1.990728049700663
58.275000000000006,-61.02276016566892,0.08360987361120766,0.45418733720362187,0.3799796378692996,-0.0,11.990728049702502,-1.9907280497006759
58.300000000000004,-61.02276016566896,0.08360987361120711,0.4541868739537108,0.37997963786929967,-0.0,11.990728049702478,-1.9907280497006887
58.325,-61.022760165669006,0.08360987361120659,0.45418641216499533,0.3799796378692997,-0.0,11.990728049702453,-1.9907280497007014
58.35,-61.02276016566905,0.08360987361120606,0.45418595183286636,0.3799796378692997,-0.0,11.99072804970242,-1.9907280497007143
58.375,-61.02276016566909,0.08360987361120555,0.4541854929527296,0.3799796378692997,-0.0,11.990728049702389,-1.990728049700727
58.400000000000006,-61.02276016566913,0.08360987361120505,0.45418503552000505,0.3799796378692997,-0.0,11.990728049702357,-1.9907280497007398
58.425000000000004,-61.022760165669176,0.08360987361120456,0.4541845795301273,0.3799796378692997,-0.0,11.990728049702325,-1.9907280497007527
58.45,-61.02276016566922,0.08360987361120409,0.45418412497854527,0.3799796378692997,-0.0,11.990728049702293,-1.9907280497007653
58.475,-61.022760165669254,0.08360987361120363,0.4541836718607222,0.3799796378692997,-0.0,11.990728049702266,-1.990728049700776
58.5,-61.02276016566929,0.08360987361120317,0.4541832201721358,0.3799796378692997,-0.0,11.99072804970224,-1.9907280497007867
58.525000000000006,-61.022760165669325,0.08360987361120271,0.4541827699082779,0.3799796378692997,-0.0,11.990728049702213,-1.9907280497007973
58.550000000000004,-61.02276016566936,0.08360987361120227,0.4541823210646545,0.3799796378692997,-0.0,11.990728049702186,-1.990728049700808
58.575,-61.022760165669396,0.08360987361120181,0.4541818736367859,0.3799796378692997,-0.0,11.99072804970216,-1.9907280497008186
58.6,-61.02276016566943,0.08360987361120135,0.4541814276202065,0.3799796378692997,-0.0,11.990728049702133,-1.9907280497008293
58.625,-61.02276016566946,0.08360987361120092,0.4541809830104648,0.3799796378692997,-0.0,11.990728049702112,-1.990728049700838
58.650000000000006,-61.02276016566949,0.08360987361120052,0.45418053980312323,0.3799796378692997,-0.0,11.99072804970209,-1.9907280497008464
58.675000000000004,-61.02276016566952,0.08360987361120013,0.45418009799375836,0.3799796378692997,-0.0,11.990728049702069,-1.9907280497008548
58.7,-61.022760165669546,0.08360987361119974,0.45417965757796064,0.3799796378692997,-0.0,11.990728049702048,-1.9907280497008635
58.725,-61.022760165669574,0.08360987361119938,0.4541792185513345,0.3799796378692997,-0.0,11.990728049702026,-1.990728049700872
58.75,-61.0227601656696,0.08360987361119904,0.4541787809094981,0.3799796378692997,-0.0,11.990728049702005,-1.9907280497008806
58.775000000000006,-61.02276016566963,0.08360987361119869,0.4541783446480835,0.3799796378692997,-0.0,11.990728049701984,-1.990728049700889
58.800000000000004,-61.02276016566966,0.08360987361119834,0.4541779097627366,0.3799796378692997,-0.0,11.990728049701962,-1.9907280497008975
58.825,-61.02276016566969,0.083609873611198,0.4541774762491169,0.3799796378692997,-0.0,11.990728049701941,-1.990728049700906
58.85,-61.022760165669716,0.08360987361119768,0.4541770441028977,0.3799796378692997,-0.0,11.99072804970192,-1.9907280497009145
58.875,-61.02276016566974,0.08360987361119736,0.45417661331976594,0.3799796378692997,-0.0,11.990728049701904,-1.990728049700921
58.900000000000006,-61.02276016566976,0.08360987361119704,0.454176183895422,0.3799796378692997,-0.0,11.990728049701888,-1.9907280497009274
58.925000000000004,-61.02276016566978,0.08360987361119673,0.4541757558255801,0.37997963786929967,-0.0,11.990728049701865,-1.9907280497009339
58.95,-61.0227601656698,0.08360987361119643,0.4541753291059678,0.3799796378692996,-0.0,11.990728049701842,-1.99072804970094
58.975,-61.02276016566982,0.08360987361119615,0.4541749037323261,0.37997963786929956,-0.0,11.990728049701818,-1.9907280497009465
59.0,-61.022760165669844,0.08360987361119587,0.4541744797004096,0.3799796378692995,-0.0,11.990728049701795,-1.990728049700953
59.025000000000006,-61.022760165669865,0.0836098736111956,0.45417405700598606,0.37997963786929945,-0.0,11.990728049701772,-1.9907280497009594
59.050000000000004,-61.02276016566989,0.08360987361119532,0.45417363564483687,0.3799796378692994,-0.0,11.99072804970175,-1.9907280497009658
59.075,-61.02276016566991,0.08360987361119505,0.4541732156127565,0.37997963786929934,-0.0,11.990728049701728,-1.990728049700972
59.1,-61.02276016566993,0.08360987361119479,0.45417279690555273,0.3799796378692993,-0.0,11.990728049701703,-1.9907280497009785
59.125,-61.02276016566995,0.08360987361119454,0.4541723795190467,0.3799796378692992,-0.0,11.990728049701682,-1.990728049700985
59.150000000000006,-61.022760165669965,0.08360987361119429,0.45417196344907257,0.37997963786929917,-0.0,11.990728049701662,-1.9907280497009892
59.175000000000004,-61.02276016566998,0.08360987361119405,0.4541715486914777,0.3799796378692991,-0.0,11.990728049701646,-1.9907280497009934
59.2,-61.02276016566999,0.08360987361119382,0.45417113524212255,0.37997963786929906,-0.0,11.990728049701627,-1.9907280497009978
59.225,-61.02276016567001,0.0836098736111936,0.45417072309688067,0.379979637869299,-0.0,11.99072804970161,-1.990728049701002
59.25,-61.02276016567002,0.08360987361119339,0.45417031225163856,0.37997963786929895,-0.0,11.990728049701591,-1.9907280497010063
59.275000000000006,-61.022760165670036,0.08360987361119318,0.45416990270229574,0.3799796378692989,-0.0,11.990728049701575,-1.9907280497010105
59.300000000000004,-61.02276016567005,0.083609873611193,0.45416949444476457,0.37997963786929884,-0.0,11.990728049701557,-1.9907280497010147
59.325,-61.022760165670064,0.08360987361119282,0.4541690874749705,0.3799796378692988,-0.0,11.99072804970154,-1.9907280497010191
59.35,-61.02276016567008,0.08360987361119264,0.4541686817888516,0.3799796378692987,-0.0,11.990728049701522,-1.9907280497010233
59.375,-61.02276016567009,0.08360987361119246,0.454168277382359,0.37997963786929867,-0.0,11.990728049701504,-1.9907280497010276
59.400000000000006,-61.02276016567011,0.08360987361119228,0.4541678742514563,0.3799796378692986,-0.0,11.990728049701486,-1.9907280497010318
59.425000000000004,-61.022760165670114,0.08360987361119207,0.4541674723921202,0.37997963786929856,-0.0,11.990728049701476,-1.990728049701034
59.45,-61.02276016567012,0.08360987361119189,0.4541670718003397,0.3799796378692985,-0.0,11.990728049701461,-1.990728049701036
59.475,-61.02276016567013,0.08360987361119174,0.4541666724721168,0.37997963786929845,-0.0,11.99072804970145,-1.9907280497010382
59.5,-61.022760165670135,0.0836098736111916,0.4541662744034658,0.3799796378692984,-0.0,11.990728049701437,-1.9907280497010404
59.525000000000006,-61.02276016567014,0.08360987361119146,0.4541658775904138,0.37997963786929834,-0.0,11.990728049701424,-1.9907280497010424
59.550000000000004,-61.02276016567015,0.08360987361119132,0.4541654820290004,0.3799796378692983,-0.0,11.990728049701412,-1.9907280497010447
59.575,-61.02276016567016,0.0836098736111912,0.45416508771527764,0.3799796378692982,-0.0,11.9907280497014,-1.9907280497010467
59.6,-61.022760165670164,0.08360987361119107,0.45416469464530995,0.37997963786929817,-0.0,11.990728049701387,-1.9907280497010489
59.625,-61.02276016567017,0.08360987361119096,0.4541643028151743,0.3799796378692981,-0.0,11.990728049701374,-1.990728049701051
59.650000000000006,-61.02276016567018,0.08360987361119085,0.4541639122209599,0.37997963786929806,-0.0,11.990728049701364,-1.990728049701053
59.675000000000004,-61.022760165670185,0.08360987361119075,0.4541635228587685,0.379979637869298,-0.0,11.99072804970135,-1.9907280497010553
59.7,-61.02276016567019,0.08360987361119065,0.45416313472471387,0.37997963786929795,-0.0,11.990728049701339,-1.9907280497010573
59.725,-61.0227601656702,0.08360987361119056,0.4541627478149223,0.3799796378692979,-0.0,11.990728049701325,-1.9907280497010595
59.75,-61.022760165670206,0.08360987361119046,0.4541623621255321,0.37997963786929784,-0.0,11.990728049701314,-1.9907280497010618
59.775000000000006,-61.02276016567021,0.08360987361119036,0.45416197765269395,0.3799796378692978,-0.0,11.9907280497013,-1.9907280497010638
59.800000000000004,-61.02276016567022,0.08360987361119027,0.4541615943925705,0.3799796378692977,-0.0,11.99072804970129,-1.990728049701066
59.825,-61.02276016567023,0.08360987361119017,0.45416121234133655,0.37997963786929767,-0.0,11.990728049701275,-1.990728049701068
59.85,-61.022760165670235,0.08360987361119009,0.45416083149517905,0.3799796378692976,-0.0,11.990728049701264,-1.9907280497010702
59.875,-61.02276016567024,0.08360987361119,0.4541604518502969,0.37997963786929756,-0.0,11.990728049701252,-1.9907280497010724
59.900000000000006,-61.02276016567025,0.08360987361118992,0.45416007340290104,0.3799796378692975,-0.0,11.99072804970124,-1.9907280497010744
59.925000000000004,-61.022760165670256,0.08360987361118984,0.45415969614921425,0.37997963786929745,-0.0,11.990728049701227,-1.9907280497010766
59.95,-61.02276016567026,0.08360987361118975,0.45415932008547133,0.3799796378692974,-0.0,11.990728049701215,-1.9907280497010786
59.975,-61.02276016567026,0.08360987361118967,0.45415894520791894,0.37997963786929734,-0.0,11.990728049701207,-1.9907280497010786
60.0,-61.02276016567026,0.08360987361118959,0.4541585715128155,0.3799796378692973,-0.0,11.9907280497012,-1.9907280497010786
60.025,-61.2694961904652,0.08351157654353558,0.45417202809758167,0.3799702281261541,-0.0,11.80438624548894,-2.064748857139559
60.05,-61.50978011994039,0.08323156905793287,0.45421243735069466,0.3799424777814836,-0.0,11.620678493154397,-2.136834035982116
60.075,-61.74372704088241,0.0827910194067781,0.45427877269097683,0.37989708711855036,-0.0,11.439704477829187,-2.2070181122647234
60.1,-61.97145349159179,0.08220959042991172,0.45437005023417365,0.37983473291879527,-0.0,11.261550291896702,-2.2753360474775364
60.125,-62.193077123684596,0.08150548995648371,0.4544853264814384,0.37975606915420934,-0.0,11.086289327655866,-2.3418231371053784
60.15,-62.40871638826151,0.08069552470084286,0.45462369615331805,0.37966172767372103,-0.0,10.91398313825035,-2.4065149164784527
60.175,-62.618490245452925,0.07979515709754104,0.45478429016091826,0.3795523188817215,-0.0,10.744682265352914,-2.469447073635877
60.2,-62.822517896323085,0.0788185645110279,0.4549662737061212,0.3794284324071108,-0.0,10.578427032541773,-2.5306553688969253
60.225,-63.02091853610212,0.07777870025788232,0.45516884450297246,0.37929063776149197,-0.0,10.415248303698883,-2.5901755608306365
60.25,-63.213811127711764,0.07668735589196983,0.4553912311126402,0.3791394849853502,-0.0,10.255168206100944,-2.648043338313529
60.275,-63.40131419455145,0.07555522422421325,0.45563269138465906,0.37897550528125695,-0.0,10.098200818172515,-2.7042942583654357
60.3,-63.58354563152396,0.0743919625771552,0.4558925109975045,0.3787992116333085,-0.0,9.944352822123236,-2.7589636894571883
60.325,-63.760622533294494,0.07320625580872606,0.45617000209188563,0.37861109941217186,-0.0,9.793624121908515,-2.812086759988348
60.35,-63.93266103879784,0.07200587867818793,0.4564645019904929,0.3784116469652496,-0.0,9.646008427135177,-2.8636983116393515
60.375,-64.09977619103421,0.07079775716879001,0.45677537199828727,0.37820131619159925,-0.0,9.501493803683262,-2.9138328573102625
60.4,-64.26208181122038,0.06958802842508285,0.4571019962777623,0.3779805531013585,-0.0,9.360063191940469,-2.962524543366115
60.425,-64.41969038639526,0.06838209900698758,0.45744378079394943,0.37774978835952067,-0.0,9.221694893642525,-3.0098071159185777
60.45,-64.57271296961035,0.06718470120671517,0.4578001523242671,0.3775094378139946,-0.0,9.086363028390613,-3.055713890883105
60.475,-64.72125909186953,0.06599994721765726,0.45817055752863184,0.37725990300795537,-0.0,8.954037960974725,-3.100277727560858
60.5,-64.86543668501858,0.06483138098576552,0.4585544620755561,0.3770015716765599,-0.0,8.824686700671617,-3.1435310055055736
60.525,-65.00535201481848,0.06368202761318888,0.4589513498202479,0.37673481822815635,-0.0,8.698273273713928,-3.185505604445545
60.55,-65.14110962347388,0.062554440220595,0.45936072203100625,0.37646000421016484,-0.0,8.574759070139127,-3.226232887042164
60.575,-65.27281228092296,0.06145074420840976,0.4597820966604698,0.376177478759847,-0.0,8.454103166230277,-3.2657436842768885
60.6,-65.4005609442302,0.06037267888793331,0.46021500765852225,0.3758875790402185,-0.0,8.336262623754493,-3.3040682832690575
60.625,-65.5244547244588,0.05932163648083652,0.46065900432389423,0.3755906306613851,-0.0,8.221192767189715,-3.3412364173376417
60.65,-65.64459086043307,0.05829869850988919,0.4611136506917183,0.37528694808760665,-0.0,8.108847440110745,-3.377277258129921
60.675,-65.76106469883436,0.05730466962492768,0.4615785249545005,0.37497683503041473,-0.0,7.999179241878638,-3.412219409650308
60.7,-65.87396968010728,0.05634010892615608,0.4620532189141623,0.37466058482812015,-0.0,7.892139745747022,-3.4460909040321837
60.725,-65.98339732968249,0.055405358862008536,0.4625373374629847,0.3743384808120626,-0.0,7.787679699465859,-3.4789191989047468
60.75,-66.08943725405459,0.05450057179115113,0.4630304980914564,0.3740107966599582,-0.0,7.685749209425115,-3.510731176216376
60.775,-66.1921771412806,0.05362573430798073,0.4635323304211746,0.3736777967367104,-0.0,7.586297909343929,-3.541553142384178
60.8,-66.29170276549362,0.052780689438367175,0.4640424757610968,0.3733397364230503,-0.0,7.489275114469661,-3.5714108296480873
60.825,-66.38809799505236,0.05196515681763935,0.46456058668557176,0.3729968624323723,-0.0,7.394629962210964,-3.6003293985157083
60.85,-66.48144480397235,0.05117875096613465,0.4650863266326972,0.3726494131161345,-0.0,7.302311540087757,-3.628333441191705
60.875,-66.57182328630938,0.05042099777924861,0.4656193695216714,0.3722976187581849,-0.0,7.2122690018394024,-3.655446985892814
60.9,-66.65931167318794,0.04969134934906542,0.46615939938790163,0.37194170185837655,-0.0,7.12445167249173,-3.681693501956383
60.925,-66.74398635218944,0.048989197233503354,0.46670611003473617,0.37158187740582566,-0.0,7.0388091431428625,-3.707095905656831
60.95,-66.8259218888358,0.04831388428670223,0.467259204700769,0.3712183531421636,-0.0,6.955291356187834,-3.7316765666507377
60.975,-66.90519104992299,0.04766471516127315,0.46781839574175094,0.3708513298151263,-0.0,6.873848681663495,-3.755457314976897
61.0,-66.98186482847788,0.04704096558920146,0.46838340432621617,0.37048100142281587,-0.0,6.794431985356953,-3.778459448543364
61.025,-67.05601247012832,0.04644189054380852,0.468953960143997,0.3701075554489657,-0.0,6.716992689284799,-3.8007037410384967
61.05,-67.12770150069356,0.04586673138035006,0.46952980112686915,0.3697311730895277,-0.0,6.6414828251143225,-3.8222104502080683
61.075,-67.19699775481668,0.04531472204770939,0.47011067318062305,0.36935202947089507,-0.0,6.567855081064246,-3.8429993264450033
61.1,-67.26396540547499,0.04478509445832529,0.47069632992791127,0.3689702938600646,-0.0,6.496062842790044,-3.863089621642497
61.125,-67.32866699421844,0.04427708309807243,0.47128653246127206,0.36858612986703165,-0.0,6.426060228726866,-3.882500098265531
61.15,-67.39116346199775,0.04378992895237708,0.4718810491057701,0.36819969563970756,-0.0,6.357802120334168,-3.9012490385993246
61.175,-67.45151418045623,0.043322882819456184,0.47247965519074087,0.3678111440516339,-0.0,6.291244187657019,-3.919354254136868
61.2,-67.50977698357019,0.042875208076283734,0.47308213283015865,0.3674206228827641,-0.0,6.226342910592067,-3.936833095071057
61.225,-67.56600819953277,0.042446182957751745,0.473688270711185,0.3670282749935721,-0.0,6.163055596220643,-3.953702459859832
61.25,-67.62026268278576,0.04203510240454249,0.47429786389048595,0.366634238492738,-0.0,6.10134039254682,-3.969978804835729
61.275,-67.6725938461127,0.04164127953049553,0.47491071359793186,0.36623864689865604,-0.0,6.041156298955449,-3.985678153833811
61.3,-67.72305369271487,0.04126404675575101,0.47552662704732523,0.3658416292949969,-0.0,5.9824631736831195,-4.000816107814461
61.325,-67.77169284819924,0.04090275664769882,0.47614541725382165,0.36544331048055195,-0.0,5.92522173857463,-4.015407854459771
61.35,-67.81856059241461,0.04055678250776881,0.47676690285773393,0.3650438111135769,-0.0,5.869393581378133,-4.029468177724383
61.375,-67.8637048910791,0.04022551873836104,0.4773909079544298,0.36464324785084484,-0.0,5.814941155813533,-4.043011467323728
61.4,-67.90717242714712,0.03990838102074096,0.47801726193004895,0.36424173348161143,-0.0,5.761827779632303,-4.056051728144134
61.425,-67.94900863187108,0.039604806331504976,0.4786457993027879,0.3638393770566877,-0.0,5.710017630869947,-4.068602589561324
61.45,-67.98925771551683,0.03931425282225135,0.47927635956951187,0.36343628401280725,-0.0,5.6594757424778965,-4.080677314655048
61.475,-68.02796269769765,0.039036199584364974,0.47990878705746964,0.36303255629246983,-0.0,5.610167995506949,-4.092288809309293
61.5,-68.06516543729533,0.03877014631832458,0.4805429307809031,0.36262829245943284,-0.0,5.562061111001533,-4.1034496311886
61.525,-68.10090666194134,0.03851561292466733,0.48117864430234863,0.3622235878100208,-0.0,5.515122640751453,-4.114171998582401
61.55,-68.13522599703447,0.03827213903167332,0.4818157855984468,0.3618185344804117,-0.0,5.46932095703622,-4.12446779911034
61.575,-68.16816199427498,0.038039283472959935,0.4824542169300818,0.3614132215500551,-0.0,5.424625241486425,-4.134348598282494
61.6,-68.19975215969833,0.037816623726485026,0.4830938047166832,0.36100773514137163,-0.0,5.38100547317628,-4.1438256479095
61.625,-68.23003298119438,0.03760375532493527,0.48373441941453443,0.36060215851587424,-0.0,5.338432416052218,-4.152909894358315
61.65,-68.25903995550055,0.037400291246113646,0.4843759353989345,0.36019657216685186,-0.0,5.296877605793804,-4.161611986650166
61.675,-68.28680761465999,0.03720586129072005,0.48501823085007256,0.35979105390874455,-0.0,5.256313336194793,-4.169942284397997
61.7,-68.31336955193753,0.03702011145383271,0.4856611876424809,0.3593856789633379,-0.0,5.216712645144931,-4.177910865581258
61.725,-68.33875844718881,0.03684270329543613,0.48630469123793507,0.35898052004289893,-0.0,5.178049300285785,-4.185527534156642
61.75,-68.36300609167917,0.036673313314485756,0.4869486305816826,0.3585756474303686,-0.0,5.140297784407553,-4.19280182750375
61.775,-68.38614341235075,0.036511632330250565,0.48759289800187916,0.35817112905672577,-0.0,5.103433280647773,-4.199743023705224
61.8,-68.40820049553783,0.03635736487401089,0.48823738911212416,0.3577670305756279,-0.0,5.067431657547105,-4.206360148661347
61.825,-68.42920661013132,0.036210228593613454,0.4888820027169876,0.3573634154354341,-0.0,5.032269454012395,-4.2126619830393945
61.85,-68.4491902301952,0.036069953672879684,0.48952664072042607,0.3569603449487088,-0.0,4.997923864232162,-4.218657069058559
61.875,-68.46817905703793,0.03593628226742501,0.49017120803699277,0.35655787835930175,-0.0,4.9643727225854875,-4.224353717111378
61.9,-68.48620004074344,0.035808967958070995,0.4908156125057449,0.35615607290709644,-0.0,4.931594488581042,-4.229760012223032
61.925,-68.5032794011669,0.0356877752227038,0.4914597648067609,0.35575498389051513,-0.0,4.899568231859232,-4.234883820350071
61.95,-68.51944264840108,0.03557247892715559,0.4921035783801816,0.3553546647268641,-0.0,4.868273617287011,-4.239732794520324
61.975,-68.53471460271999,0.03546286383544832,0.49274696934769086,0.3549551670106023,-0.0,4.8376908901716975,-4.244314380815996
62.0,-68.54911941400702,0.035358724139538555,0.4933898564363603,0.35455654056960867,-0.0,4.807800861617027,-4.248635824202107
62.025,-68.56268058067519,0.03525986300853552,0.49403216090477686,0.3541588335195259,-0.0,4.7785848940422735,-4.252704174202557
62.05,-68.57542096808744,0.03516609215722318,0.4946738064713835,0.3537620923162509,-0.0,4.750024886882505,-4.256526290426232
62.075,-68.58736282648572,0.03507723143360413,0.4953147192449607,0.3533663618066411,-0.0,4.722103262485825,-4.260108847945714
62.1,-68.59852780843737,0.034993108425089486,0.4959548276571806,0.3529716852775047,-0.0,4.694802952221489,-4.26345834253121
62.125,-68.60893698580793,0.03491355808288347,0.49659406239717,0.35257810450293564,-0.0,4.668107382810647,-4.266581095742379
62.15,-68.6186108662696,0.034838422364055495,0.4972323563480158,0.3521856597900574,-0.0,4.642000462889882,-4.269483259880881
62.175,-68.62756940935459,0.03476754989074589,0.49786964452515403,0.3517943900232331,-0.0,4.616466569816132,-4.272170822806378
62.2,-68.63583204206302,0.03470079562592043,0.4985058640165834,0.35140433270679855,-0.0,4.591490536719916,-4.274649612618904
62.225,-68.64341767403491,0.03463802056506673,0.49914095392484453,0.35101552400637315,-0.0,4.567057639812717,-4.276925302210472
62.25,-68.65034471229588,0.03457909144321076,0.4997748553107136,0.3506279987887992,-0.0,4.543153585952944,-4.279003413688763
62.275,-68.65663107558626,0.03452388045662701,0.5004075111385523,0.35024179066076216,-0.0,4.51976450047398,-4.280889322675878
62.3,-68.6622942082832,0.03447226499861403,0.5010388662232673,0.3498569320061383,-0.0,4.49687691527677,-4.28258826248496
62.325,-68.66735109392556,0.03442412740871294,0.501668867178827,0.3494734540221161,-0.0,4.474477757188341,-4.2841053281776675
62.35,-68.67181826835115,0.034379354734754605,0.5022974623682868,0.3490913867541374,-0.0,4.452554336587187,-4.285445480505343
62.375,-68.6757118324557,0.03433783850713293,0.5029246018552809,0.3487107591296987,-0.0,4.431094336295332,-4.286613549736711
62.4,-68.6790474645834,0.03429947452471794,0.50355023735693,0.34833159899105565,-0.0,4.410085800736522,-4.287614239375022
62.425,-68.6818404325578,0.03426416265183727,0.5041743221981246,0.34795393312687,-0.0,4.389517125359351,-4.288452129767341
62.45,-68.68410560536297,0.03423180662577382,0.5047968112671415,0.3475777873028357,-0.0,4.369377046323379,-4.289131681608891
62.475,-68.68585746448358,0.034202313874247284,0.5054176609725518,0.34720318629132213,-0.0,4.349654630446214,-4.289657239345073
62.5,-68.68711011491312,0.03417559534236653,0.5060368292013836,0.34683015390006894,-0.0,4.330339265408798,-4.290033034473937
62.525,-68.68787729583926,0.03415156532856078,0.5066542752784967,0.34645871299996617,-0.0,4.311420650215915,-4.290263188751777
62.55,-68.6881723910146,0.03413014132901919,0.507269959927136,0.34608888555195233,-0.0,4.292888785908668,-4.290351717304381
62.575,-68.68800843882204,0.03411124389018747,0.5078838452306274,0.34572069263306177,-0.0,4.27473396652526,-4.290302531646611
62.6,-68.68739814204265,0.03409479646889342,0.5084958945951781,0.3453541544616512,-0.0,4.256946770306252,-4.290119442612796
62.625,-68.68635387733465,0.03408072529969112,0.5091060727137543,0.34498929042183396,-0.0,4.239518051140294,-4.289806163200396
62.65,-68.68488770443139,0.03406895926903519,0.5097143455309963,0.3446261190871507,-0.0,4.222438930246078,-4.289366311329417
62.675,-68.68301137506633,0.03405942979591556,0.5103206802091443,0.34426465824350216,-0.0,4.205700788086204,-4.288803412519898
62.7,-68.6807363416328,0.03405207071860106,0.5109250450949435,0.34390492491137076,-0.0,4.189295256508434,-4.288120902489838
62.725,-68.67807376558609,0.034046818187160426,0.5115274096874968,0.34354693536735514,-0.0,4.1732142111097925,-4.287322129675827
62.75,-68.67503452559538,0.0340436105614446,0.5121277446070396,0.3431907051650413,-0.0,4.157449763818813,-4.286410357678613
62.775,-68.67162922545253,0.03404238831423246,0.5127260215646064,0.34283624915523425,-0.0,4.1419942556913245,-4.28538876763576
62.8,-68.6678682017452,0.03404309393925799,0.5133222133325636,0.3424835815055711,-0.0,4.126840249914899,-4.284260460523558
62.825,-68.6637615313006,0.03404567186385222,0.5139162937159808,0.34213271571953774,-0.0,4.111980525017393,-4.283028459390178
62.85,-68.65931903840732,0.03405006836594749,0.514508237524818,0.34178366465490895,-0.0,4.097408068274597,-4.281695711522195
62.875,-68.65455030182126,0.034056231495206965,0.5150980205469018,0.34143644054163186,-0.0,4.083116069312343,-4.2802650905463775
62.9,-68.64946466156223,0.03406411099805384,0.5156856195216672,0.34109105499917197,-0.0,4.069097913898345,-4.27873939846867
62.925,-68.64407122550752,0.03407365824638899,0.5162710121146435,0.3407475190533397,-0.0,4.055347177918983,-4.277121367652255
62.95,-68.63837887578845,0.034084826169796544,0.5168541768926603,0.3404058431526149,-0.0,4.041857621536325,-4.275413662736534
62.975,-68.63239627499571,0.03409756919104892,0.5174350932997513,0.3400660371839872,-0.0,4.028623183520903,-4.273618882498714
63.0,-68.62613187219942,0.0341118431647335,0.518013741633739,0.33972811048832674,-0.0,4.015637975755412,-4.271739561659826
63.025,-68.61959390878933,0.03412760531883288,0.518590103023475,0.33939207187530307,-0.0,4.002896277904983,-4.269778172636798
63.05,-68.61279042414074,0.03414481419910081,0.5191641594067183,0.3390579296378661,-0.0,3.9903925322494564,-4.2677371272422215
63.075,-68.60572926111128,0.03416342961608428,0.5197358935086344,0.3387256915663037,-0.0,3.978121338673335,-4.265618778333383
63.1,-68.59841807137381,0.03418341259465175,0.5203052888208918,0.33839536496189104,-0.0,3.9660774498089553,-4.263425421412144
63.125,-68.59086432059034,0.034204725325893824,0.5208723295813451,0.3380669566501434,-0.0,3.9542557663287554,-4.2611592961771025
63.15,-68.58307529343183,0.03422733112127299,0.5214370007542793,0.33774047299368776,-0.0,3.9426513323823547,-4.25882258802955
63.175,-68.57505809844866,0.03425119436890267,0.5219992880112045,0.33741591990476405,-0.0,3.931259331174399,-4.256417429534599
63.2,-68.56681967279627,0.03427628049184617,0.5225591777121823,0.33709330285736855,-0.0,3.9200750806790765,-4.253945901838881
63.225,-68.55836678682034,0.034302555908329264,0.5231166568876674,0.33677262689905246,-0.0,3.9090940294875107,-4.251410036046103
63.25,-68.54970604850601,0.03432998799376863,0.5236717132208515,0.33645389666238446,-0.0,3.898311752783983,-4.248811814551803
63.275,-68.54084390779515,0.03435854504452212,0.5242243350304914,0.3361371163760902,-0.0,3.8877239484473414,-4.246153172338545
63.3,-68.53178666077577,0.0343881962432731,0.5247745112542096,0.335822289875879,-0.0,3.877326433273952,-4.243435998232729
63.325,-68.52254045374754,0.034418911625965824,0.5253222314322522,0.3355094206149666,-0.0,3.8671151393184435,-4.240662136124262
63.35,-68.51311128716733,0.034450662050213535,0.5258674856916898,0.3351985116743054,-0.0,3.8570861103488605,-4.2378333861502
63.375,-68.5035050194782,0.03448341916510482,0.5264102647310508,0.33488956577252993,-0.0,3.8472354984127612,-4.234951505843459
63.4,-68.4937273708257,0.03451715538233908,0.5269505598053715,0.334582585275628,-0.0,3.8375595605109067,-4.232018211247708
63.425,-68.48378392666487,0.03455184384862414,0.5274883627116521,0.3342775722063458,-0.0,3.8280546553753076,-4.229035177999461
63.45,-68.4736801412613,0.03458745841927447,0.5280236657747065,0.33397452825333535,-0.0,3.8187172403484575,-4.226004042378389
63.475,-68.4634213410895,0.03462397363295051,0.5285564618333939,0.33367345478005245,-0.0,3.8095438683606373,-4.222926402326849
63.5,-68.45301272813181,0.03466136468748366,0.5290867442272226,0.33337435283341305,-0.0,3.800531185002337,-4.2198038184395426
63.525,-68.44245938308089,0.03469960741673412,0.5296145067833117,0.3330772231522158,-0.0,3.791675925688818,-4.216637814924266
63.55,-68.43176626844878,0.03473867826843162,0.5301397438037037,0.3327820661753376,-0.0,3.7829749129140025,-4.213429880534634
63.575,-68.42093823158545,0.034778554282952255,0.5306624500530158,0.3324888820497106,-0.0,3.7744250535909334,-4.210181469475636
63.6,-68.40998000760958,0.03481921307298628,0.53118262074642,0.33219767063808553,-0.0,3.7660233364760836,-4.206894002282873
63.625,-68.39889622225427,0.03486063280405528,0.5317002515379432,0.3319084315265892,-0.0,3.757766829674928,-4.203568866676279
63.65,-68.3876913946304,0.03490279217583786,0.5322153385090783,0.3316211640320828,-0.0,3.7496526782262634,-4.200207418389118
63.675,-68.37636993991019,0.03494567040426695,0.5327278781576945,0.33133586720932606,-0.0,3.741678101762718,-4.196810981973057
63.7,-68.3649361719332,0.0349892472043619,0.5332378673872419,0.33105253985795413,-0.0,3.733840392245216,-4.193380851579958
63.725,-68.35339430573744,0.0350335027737619,0.5337453034962384,0.330771180529273,-0.0,3.7261369117689336,-4.189918291721232
63.75,-68.3417484600178,0.03507841777692839,0.5342501841680343,0.33049178753287795,-0.0,3.7185650904385534,-4.186424538005339
63.775,-68.33000265951401,0.0351239733299857,0.5347525074608424,0.3302143589431014,-0.0,3.711122424310605,-4.182900797854202
63.8,-68.3181608373303,0.035170150986170864,0.5352522717980296,0.3299388926052952,-0.0,3.7038064734008214,-4.179348251199088
63.825,-68.30622683718889,0.03521693272186536,0.5357494759586597,0.32966538614195207,-0.0,3.6966148597544226,-4.175768051156666
63.85,-68.29420441561938,0.03526430092318237,0.5362441190682817,0.3293938369586714,-0.0,3.6895452655773138,-4.1721613246858125
63.875,-68.28209724408595,0.03531223837308455,0.5367362005899566,0.3291242422499733,-0.0,3.6825954314262552,-4.168529173225783
63.9,-68.26990891105432,0.03536072823900941,0.5372257203155149,0.32885659900496633,-0.0,3.675763154456207,-4.164872673316294
63.925,-68.25764292400027,0.035409754060979015,0.5377126783570382,0.32859090401287305,-0.0,3.669046286722938,-4.1611928772000795
63.95,-68.24530271136156,0.035459299740173394,0.53819707513856,0.3283271538684173,-0.0,3.6624427335392156,-4.157490813408468
63.975,-68.23289162443506,0.03550934952794682,0.5386789113879765,0.32806534497707773,-0.0,3.6559504518827866,-4.153767487330517
64.0,-68.2204129392205,0.035559888015268354,0.5391581881291659,0.3278054735602106,-0.0,3.6495674488545733,-4.150023881766148
64.025,-68.20786985821286,0.03561090012256789,0.5396349066743045,0.32754753566004696,-0.0,3.643291780185414,-4.146260957463857
64.05,-68.19526551214462,0.035662371089970106,0.5401090686163782,0.3272915271445676,-0.0,3.6371215487899065,-4.1424796536433846
64.075,-68.18260296167956,0.03571428646790026,0.5405806758218848,0.3270374437122575,-0.0,3.6310549033656603,-4.138680888503869
64.1,-68.16988519905969,0.0357666321080455,0.5410497304237152,0.3267852808967472,-0.0,3.625090037036747,-4.134865559717907
64.125,-68.15711514970639,0.03581939415465711,0.5415162348142164,0.326535034071339,-0.0,3.619225186039712,-4.131034544911915
64.15,-68.14429567377765,0.03587255903617862,0.5419801916384261,0.32628669845342717,-0.0,3.613458628450916,-4.127188702133294
64.175,-68.1314295676823,0.03592611345718706,0.5424416037874747,0.3260402691088101,-0.0,3.607788682953855,-4.12332887030469
64.2,-68.11851956555273,0.0359800443906337,0.5429004743921529,0.3257957409559006,-0.0,3.6022137076451712,-4.119455869665819
64.225,-68.1055683406774,0.036034339070371596,0.5433568068166353,0.3255531087698363,-0.0,3.5967320988781046,-4.115570502203218
64.25,-68.09257850689417,0.03608898498395899,0.543810604652361,0.32531236718649265,-0.0,3.5913422901422254,-4.111673552068251
64.275,-68.07955261994599,0.03614396986572632,0.5442618717120616,0.32507351070640195,-0.0,3.58604275097822,-4.107765785983795
64.3,-68.06649317879959,0.036199281690096785,0.5447106120239371,0.3248365336985808,-0.0,3.580831985926699,-4.103847953639876
64.325,-68.05340262692873,0.03625490866514937,0.5451568298259736,0.32460143040426737,-0.0,3.575708533509829,-4.099920788078618
64.35,-68.04028335356284,0.03631083922641527,0.5456005295603955,0.3243681949405738,-0.0,3.5706709652448474,-4.095985006068852
64.375,-68.02713769490205,0.036367062030897845,0.546041715868257,0.3241368213040525,-0.0,3.5657178846883832,-4.092041308470615
64.4,-68.01396793529995,0.03642356595130718,0.5464803935841582,0.3239073033741826,-0.0,3.5608479265105646,-4.088090380589983
64.425,-68.00077630841454,0.03648034007050071,0.5469165677310923,0.32367963491677465,-0.0,3.5560597555980404,-4.084132892524363
64.45,-67.98756499832882,0.036537373676121906,0.5473502435154136,0.32345380958729897,-0.0,3.551352066184923,-4.080169499498646
64.475,-67.97433614064154,0.036594656255428556,0.547781426321925,0.32322982093413927,-0.0,3.5467235810108253,-4.076200842192462
64.5,-67.9610918235292,0.036652177490304055,0.5482101217090837,0.323007662401771,-0.0,3.542173050505043,-4.07222754705876
64.525,-67.94783408878021,0.03670992725244355,0.548636335404318,0.3227873273338706,-0.0,3.5376992519961328,-4.068250226634063
64.55,-67.93456493280178,0.03676789559870866,0.549060073299456,0.322568808976354,-0.0,3.53330098894603,-4.064269479840533
64.575,-67.92128630760065,0.036826072766644395,0.5494813414462608,0.32235210048034724,-0.0,3.528977090207883,-4.060285892280196
64.6,-67.90800012173825,0.036884449170150935,0.5499001460520684,0.3221371949050929,-0.0,3.5247264093069783,-4.056300036521476
64.625,-67.89470824126101,0.03694301539530574,0.5503164934755301,0.3219240852207908,-0.0,3.5205478237438763,-4.052312472378304
64.65,-67.88141249060678,0.03700176219632863,0.5507303902224503,0.3217127643113777,-0.0,3.516440234319144,-4.048323747182033
64.675,-67.8681146534878,0.03706068049168568,0.551141842941722,0.3215032249772455,-0.0,3.5124025644789474,-4.044334396046338
64.7,-67.8548164737511,0.03711976136032575,0.5515508584213559,0.32129545993790026,-0.0,3.508433759680852,-4.04034494212533
64.725,-67.84151965621692,0.03717899603804475,0.5519574435845986,0.3210894618345648,-0.0,3.5045327867792455,-4.036355896865075
64.75,-67.82822586749565,0.037238375913973165,0.5523616054861417,0.32088522323272345,-0.0,3.5006986334296664,-4.032367760248694
64.775,-67.81493673678435,0.037297892527181464,0.5527633513084137,0.3206827366246139,-0.0,3.4969303075114815,-4.028381021035304
64.8,-67.80165385664286,0.037357537563399316,0.5531626883579588,0.32048199443166475,-0.0,3.4932268365683834,-4.024396156992857
64.825,-67.78837878375057,0.03741730285184496,0.553559624061896,0.32028298900688107,-0.0,3.4895872672660193,-4.020413635125172
64.85,-67.77511303964424,0.037477180362158836,0.5539541659644558,0.3200857126371806,-0.0,3.4860106648663547,-4.016433911893271
64.875,-67.76185811143722,0.03753716220143961,0.5543463217235978,0.31989015754567895,-0.0,3.4824961127181395,-4.012457433431166
64.9,-67.74861545252112,0.037597240611377085,0.5547360991076996,0.31969631589392844,-0.0,3.4790427117629923,-4.008484635756337
64.925,-67.73538648324985,0.03765740796547937,0.5551235059923215,0.31950417978410894,-0.0,3.4756495800566407,-4.004515944974956
64.95,-67.72217259160693,0.03771765676639058,0.5555085503570423,0.31931374126117307,-0.0,3.4723158523047952,-4.00055177748208
64.975,-67.70897513385646,0.037777979643295254,0.5558912402823624,0.3191249923149478,-0.0,3.469040679413237,-3.996592540156936
65.0,-67.69579543517803,0.037838369349406875,0.5562715839466779,0.3189379248821911,-0.0,3.465823228051648,-3.992638630553408
65.025,-67.68263479028644,0.03789881875953708,0.5566495896233171,0.31875253084860783,-0.0,3.4626626802307614,-3.9886904370859324
65.05,-67.66949446403622,0.03795932086774242,0.5570252656776435,0.31856880205082294,-0.0,3.459558232892395,-3.9847483392108654
65.075,-67.65637569201162,0.03801986878504628,0.5573986205642215,0.31838673027831443,-0.0,3.456509097511977,-3.9808127076034863
65.1,-67.64327968110253,0.03808045573723255,0.55776966282404,0.3182063072753081,-0.0,3.453514499713217,-3.976883904330758
65.125,-67.63020761006653,0.03814107506270909,0.5581384010817995,0.31802752474263174,-0.0,3.4505736788944144,-3.9729622830199602
65.15,-67.61716063007768,0.03820172021043775,0.5585048440432536,0.3178503743395342,-0.0,3.447685887866234,-3.9690481890233027
65.175,-67.60413986526221,0.03826238473792908,0.5588690004926087,0.31767484768546567,-0.0,3.444850392500377,-3.9651419595786632
65.2,-67.59114641322168,0.03832306230929906,0.5592308792899785,0.317500936361823,-0.0,3.4420664713889924,-3.9612439239665034
65.225,-67.57818134554391,0.038383746693385526,0.5595904893688907,0.31732863191366073,-0.0,3.439333415514341,-3.9573544036631727
65.25,-67.56524570830186,0.038444431761922394,0.5599478397338479,0.317157925851366,-0.0,3.4366505279285113,-3.9534737124905575
65.275,-67.55234052254103,0.03850511148776912,0.5603029394579374,0.3169888096523025,-0.0,3.4340171234428336,-3.9496021567623085
65.3,-67.53946678475559,0.03856577994319387,0.5606557976804919,0.31682127476242,-0.0,3.43143252832665,-3.9457400354266765
65.325,-67.52662546735345,0.038626431298208384,0.561006423604799,0.31665531259783225,-0.0,3.4288960800152077,-3.941887640206036
65.35,-67.51381751911094,0.03868705981895183,0.5613548264958557,0.31649091454636485,-0.0,3.4264071268263594,-3.938045255733283
65.375,-67.50104386561686,0.0387476598661235,0.5617010156781714,0.31632807196907076,-0.0,3.4239650276857976,-3.934213159685059
65.4,-67.48830540970665,0.03880822589346059,0.5620450005336142,0.3161667762017179,-0.0,3.421569151860606,-3.930391622911996
65.425,-67.47560303188673,0.03886875244626107,0.5623867904993014,0.31600701855624636,-0.0,3.4192188787007893,-3.9265809095660202
65.45,-67.4629375907493,0.03892923415994937,0.5627263950655338,0.3158487903221974,-0.0,3.4169135973886053,-3.922781277224791
65.475,-67.45030992337797,0.038989665758682714,0.5630638237737692,0.3156920827681152,-0.0,3.414652706695425,-3.9189929770133913
65.5,-67.43772084574432,0.03905004205399817,0.5633990862146397,0.31553688714291994,-0.0,3.412435614745867,-3.9152162537232966
65.525,-67.42517115309573,0.03911035794349689,0.5637321920260063,0.3153831946772558,-0.0,3.4102617387890746,-3.9114513459287195
65.55,-67.41266162033473,0.03917060840956624,0.5640631508910529,0.31523099658481185,-0.0,3.408130504976795,-3.907698486100419
65.575,-67.40019300239004,0.03923078851813704,0.5643919725364192,0.31508028406361743,-0.0,3.4060413481481104,-3.9039579007170118
65.6,-67.38776603457957,0.03929089341747503,0.5647186667303687,0.31493104829731294,-0.0,3.4039937116206542,-3.9002298103738706
65.625,-67.37538143296554,0.039350918337005616,0.5650432432809956,0.31478328045639564,-0.0,3.401987046988045,-3.8965144298896615
65.65,-67.3630398947021,0.039410858586170265,0.5653657120344631,0.3146369716994418,-0.0,3.4000208139233576,-3.892811968410629
65.675,-67.35074209837542,0.03947070955331354,0.5656860828732787,0.3144921131743054,-0.0,3.398094479988495,-3.8891226295126256
65.7,-67.33848870433656,0.03953046670459988,0.5660043657146043,0.31434869601929316,-0.0,3.396207520449247,-3.8854466113009662
65.725,-67.3262803550274,0.039590125582958643,0.5663205705085954,0.31420671136431794,-0.0,3.3943594180958376,-3.8817841065082175
65.75,-67.31411767529961,0.039649681807056796,0.5666347072367758,0.3140661503320292,-0.0,3.3925496630688583,-3.8781353025898837
65.775,-67.30200127272715,0.03970913107029766,0.5669467859104416,0.31392700403892265,-0.0,3.390777752690346,-3.874500381818146
65.8,-67.2899317379121,0.03976846913984549,0.567256816569097,0.3137892635964278,-0.0,3.3890431912999084,-3.870879521373629
65.825,-67.27790964478424,0.03982769185567453,0.5675648092789205,0.31365292011197515,-0.0,3.387345490095724,-3.867272893435273
65.85,-67.26593555089461,0.03988679512964134,0.5678707741312579,0.3135179646900433,-0.0,3.3856841669802513,-3.863680665268383
65.875,-67.25400999770288,0.039945774944580376,0.5681747212411477,0.3133843884331851,-0.0,3.3840587464105316,-3.8601029993108638
65.9,-67.24213351085912,0.04000462735342104,0.5684766607458709,0.31325218244303543,-0.0,3.382468759252917,-3.8565400532577354
65.925,-67.23030660047972,0.04006334847832614,0.5687766028035309,0.31312133782129853,-0.0,3.380913742642122,-3.852991980143916
65.95,-67.21852976141793,0.04012193450985059,0.5690745575916591,0.31299184567071714,-0.0,3.379393239844423,-3.8494589284253777
65.975,-67.20680347352886,0.04018038170611954,0.5693705353058462,0.3128636970960232,-0.0,3.377906800124953,-3.845941042058659
66.0,-67.19512820192948,0.040238686392025665,0.5696645461584007,0.31273688320486975,-0.0,3.3764539786188528,-3.842438460578843
66.025,-67.18350439725324,0.04029684495844405,0.5699566003770309,0.3126113951087457,-0.0,3.375034336206291,-3.838951319175973
66.05,-67.17193249589998,0.040354853861465305,0.5702467082035526,0.31248722392387285,-0.0,3.3736474393911497,-3.835479748769994
66.075,-67.16041292028073,0.04041270962164492,0.5705348798926209,0.31236436077208485,-0.0,3.372292860183267,-3.83202387608422
66.1,-67.14894607905809,0.04047040882326876,0.5708211257104843,0.3122427967816912,-0.0,3.370970175984196,-3.8285838237174272
66.125,-67.13753236738175,0.040527948113634735,0.571105455933764,0.31212252308832256,-0.0,3.3696789694762774,-3.825159710214525
66.15,-67.12617216711969,0.040585324202348796,0.5713878808482539,0.31200353083576127,-0.0,3.368418828515017,-3.821751650135907
66.175,-67.11486584708496,0.04064253386063568,0.5716684107477431,0.3118858111767552,-0.0,3.3671893460245985,-3.8183597541254866
66.2,-67.1036137632581,0.040699573920663666,0.5719470559328618,0.31176935527381583,-0.0,3.3659901198964994,-3.8149841289774287
66.225,-67.09241625900563,0.040756441274882246,0.5722238267099459,0.3116541543000015,-0.0,3.3648207528910383,-3.8116248777016892
66.25,-67.08127366529435,0.040813132875373186,0.5724987333899246,0.31154019943968475,-0.0,3.363680852541833,-3.808282099588304
66.275,-67.07018630090165,0.04086964573321346,0.5727717862872271,0.31142748188930514,-0.0,3.362570031063054,-3.8049558902704956
66.3,-67.05915447262208,0.040925976917850306,0.57304299571871,0.31131599285810746,-0.0,3.361487905259413,-3.8016463417866246
66.325,-67.04817847547014,0.04098212355648794,0.5733123720026041,0.3112057235688651,-0.0,3.3604340964387176,-3.798353542641041
66.35,-67.03725859287934,0.041038082833484514,0.5735799254574805,0.3110966652585899,-0.0,3.3594082303270607,-3.7950775778638017
66.375,-67.02639509689777,0.04109385198976067,0.5738456664012359,0.31098880917922755,-0.0,3.3584099369864395,-3.7918185290693316
66.4,-67.01558824838018,0.041149428322217296,0.5741096051500956,0.3108821465983394,-0.0,3.3574388507347668,-3.7885764745140547
66.425,-67.00483829717669,0.04120480918316363,0.5743717520176356,0.310776668799771,-0.0,3.3564946100682116,-3.7853514891530065
66.45,-66.99414548231796,0.04125999197975464,0.5746321173138225,0.31067236708430684,-0.0,3.3555768575858536,-3.782143644695388
66.475,-66.9835100321975,0.04131497417343719,0.5748907113440699,0.3105692327703131,-0.0,3.3546852399164497,-3.77895300965925
66.5,-66.97293216475053,0.04136975327940524,0.5751475444083136,0.31046725719436613,-0.0,3.353819407647346,-3.775779649425159
66.525,-66.96241208762987,0.04142432686606287,0.5754026268001019,0.3103664317118694,-0.0,3.3529790152554777,-3.7726236262889614
66.55,-66.9519499983788,0.04147869255449588,0.5756559688057039,0.31026674769765766,-0.0,3.3521637210403386,-3.769484999513638
66.575,-66.94154608460097,0.04153284801795068,0.5759075807032339,0.31016819654658884,-0.0,3.351373187058885,-3.7663638253802914
66.6,-66.93120052412755,0.041586790981320634,0.5761574727617907,0.3100707696741238,-0.0,3.350607079062321,-3.763260157238264
66.625,-66.92091348518133,0.04164051922063957,0.5764056552406143,0.3099744585168941,-0.0,3.3498650664347083,-3.7601740455543986
66.65,-66.91068512653844,0.041694030562581974,0.576652138388256,0.30987925453325904,-0.0,3.3491468221333323,-3.7571055379615315
66.675,-66.90051559768705,0.041747322883969776,0.5768969324417661,0.3097851492038497,-0.0,3.3484520226307852,-3.7540546793061136
66.7,-66.89040503898369,0.041800394111285506,0.5771400476258947,0.3096921340321025,-0.0,3.347780347858691,-3.7510215116951056
66.725,-66.88035358180696,0.04185324222019114,0.5773814941523069,0.30960020054478193,-0.0,3.347131481153068,-3.748006074542087
66.75,-66.87036134870868,0.04190586523505322,0.5776212822188149,0.3095093402924914,-0.0,3.3465051092012255,-3.745008404612605
66.775,-66.86042845356273,0.04195826122847292,0.5778594220086215,0.3094195448501738,-0.0,3.34590092199018,-3.7420285360688195
66.8,-66.8505550017114,0.04201042832082207,0.5780959236895787,0.30933080581760153,-0.0,3.3453186127565395,-3.7390665005134194
66.825,-66.84074109010949,0.04206236467978371,0.5783307974134607,0.30924311481985534,-0.0,3.3447578779377922,-3.7361223270328465
66.85,-66.8309868074661,0.04211406851989786,0.578564053315249,0.3091564635077935,-0.0,3.3442184171249982,-3.7331960422398307
66.875,-66.8212922343842,0.04216553810211202,0.5787957015124319,0.3090708435585105,-0.0,3.343699933016804,-3.7302876703152603
66.9,-66.81165744349808,0.042216771733335864,0.5790257521043164,0.30898624667578534,-0.0,3.343202131374721,-3.727397233049423
66.925,-66.80208249960856,0.042267767766000476,0.5792542151713536,0.30890266459052046,-0.0,3.3427247209797137,-3.7245247498825673
66.95,-66.79256745981628,0.04231852459762202,0.5794811007744763,0.3088200890611706,-0.0,3.3422674135899557,-3.7216702379448847
66.975,-66.78311237365281,0.04236904067036872,0.5797064189544492,0.30873851187416196,-0.0,3.341829923899793,-3.7188337120958437
67.0,-66.77371728320986,0.04241931447063214,0.5799301797312314,0.3086579248443017,-0.0,3.341411969499811,-3.7160151849629584
67.025,-66.76438222326651,0.04246934452860201,0.580152393103351,0.3085783198151788,-0.0,3.34101327083807,-3.7132146669799524
67.05,-66.75510722141456,0.04251912941784458,0.5803730690472912,0.3084996886595545,-0.0,3.34063355118233,-3.7104321664243685
67.075,-66.745892298182,0.042568667754884396,0.5805922175168899,0.30842202327974466,-0.0,3.340272536583387,-3.7076676894545995
67.1,-66.73673746715463,0.04261795819878895,0.5808098484427481,0.3083453156079925,-0.0,3.339929955839375,-3.7049212401463874
67.125,-66.72764273509597,0.042666999450757116,0.581025971731652,0.3082695576068325,-0.0,3.339605540461028,-3.7021928205287904
67.15,-66.71860810206535,0.042715790253709765,0.5812405972660052,0.3081947412694462,-0.0,3.3392990246379504,-3.6994824306196037
67.175,-66.7096335615343,0.04276432939188393,0.5814537349032721,0.30812085862000826,-0.0,3.3390101452057186,-3.696790068460291
67.2,-66.70071910050129,0.04281261569042938,0.5816653944754334,0.30804790171402496,-0.0,3.338738641613935,-3.6941157301503864
67.225,-66.69186469960485,0.042860648015007656,0.5818755857884501,0.3079758626386637,-0.0,3.338484255895076,-3.6914594098814546
67.25,-66.68307033323494,0.04290842527139424,0.5820843186217406,0.30790473351307457,-0.0,3.3382467326342526,-3.6888210999704807
67.275,-66.67433596964295,0.04295594640508239,0.582291602727666,0.3078345064887032,-0.0,3.338025818939674,-3.6862007908928858
67.3,-66.66566157105001,0.043003210400890064,0.5824974478310277,0.3077651737495964,-0.0,3.337821264413979,-3.6835984713150025
67.325,-66.65704709375382,0.04305021628256849,0.5827018636285745,0.30769672751269883,-0.0,3.337632821126255,-3.681014128126145
67.35,-66.64849248823398,0.04309696311241329,0.5829048597885184,0.30762916002814256,-0.0,3.337460243584831,-3.678447746470195
67.375,-66.63999769925596,0.043143449990877505,0.5831064459500628,0.3075624635795285,-0.0,3.337303288710741,-3.6758993097767867
67.4,-66.63156266597346,0.0431896760561867,0.5833066317229386,0.30749663048420006,-0.0,3.3371617158118894,-3.6733687997920383
67.425,-66.62318732202955,0.04323564048395593,0.5835054266869509,0.3074316530935098,-0.0,3.337035286557884,-3.670856196608865
67.45,-66.61487159565633,0.04328134248680885,0.5837028403915352,0.3073675237930776,-0.0,3.336923764955468,-3.668361478696897
67.475,-66.60661540977327,0.04332678131399807,0.5838988823553214,0.30730423500304277,-0.0,3.336826917324625,-3.6658846229319804
67.5,-66.59841868208426,0.043371956251027875,0.5840935620657106,0.3072417791783075,-0.0,3.336744512275223,-3.663425604625277
67.525,-66.59028132517327,0.043416866619278335,0.5842868889784574,0.30718014880877437,-0.0,3.3366763206843046,-3.6609843975519794
67.55,-66.58220324659884,0.043461511775630866,0.5844788725172628,0.3071193364195758,-0.0,3.3366221156738556,-3.6585609739796507
67.575,-66.57418434898726,0.04350589111209577,0.5846695220733775,0.307059334571297,-0.0,3.3365816725891873,-3.6561553046961777
67.6,-66.56622453012454,0.04355000405544102,0.5848588470052112,0.307000135860192,-0.0,3.3365547689777824,-3.6537673590373627
67.625,-66.55832368304718,0.04359385006682276,0.585046856637953,0.30694173291839233,-0.0,3.336541184568684,-3.651397104914153
67.65,-66.55048169613167,0.043637428641416835,0.5852335602631986,0.30688411841410995,-0.0,3.3365407012523653,-3.6490445088395003
67.675,-66.54269845318298,0.043680739308052226,0.5854189671385879,0.3068272850518325,-0.0,3.3365531030610525,-3.6467095359548933
67.7,-66.5349738335218,0.043723781628845604,0.5856030864874496,0.3067712255725124,-0.0,3.3365781761495024,-3.644392150056541
67.725,-66.52730771207065,0.043766555198837244,0.5857859274984544,0.30671593275374975,-0.0,3.336615708776258,-3.642092313621195
67.75,-66.51969995943894,0.04380905964562819,0.585967499325277,0.3066613994099683,-0.0,3.3366654912852716,-3.639809987831681
67.775,-66.51215044200687,0.04385129462901883,0.5861478110862659,0.30660761839258543,-0.0,3.3367273160879916,-3.6375451326020607
67.8,-66.50465902200837,0.043893259840648645,0.5863268718641202,0.30655458259017576,-0.0,3.3368009776457925,-3.6352977066025103
67.825,-66.49722555761288,0.043934955003637206,0.5865046907055771,0.3065022849286286,-0.0,3.336886272452825,-3.6330676672838633
67.85,-66.48984990300615,0.043976379872226315,0.5866812766211036,0.3064507183712992,-0.0,3.3369829990192166,-3.6308549709018436
67.875,-66.48253190846995,0.044017534231423516,0.586856638584599,0.3063998759191545,-0.0,3.3370909578546466,-3.628659572540985
67.9,-66.475271420461,0.044058417896646385,0.5870307855331034,0.306349750610912,-0.0,3.3372099514522082,-3.6264814261382994
67.925,-66.46806828168857,0.044099030713368605,0.5872037263665143,0.30630033552317404,-0.0,3.33733978427269,-3.6243204845065717
67.95,-66.46092233119141,0.04413937255676655,0.5873754699473107,0.30625162377055454,-0.0,3.3374802627290765,-3.622176699357423
67.975,-66.45383340441359,0.04417944333136726,0.5875460251002846,0.30620360850580225,-0.0,3.3376311951714395,-3.620050021324076
68.0,-66.44680133327934,0.04421924297069776,0.58771540061228,0.3061562829199162,-0.0,3.33779239187207,-3.6179403999838016
68.025,-66.43982594626719,0.04425877143693498,0.5878836052319378,0.30610964024225706,-0.0,3.337963665010907,-3.6158477838801573
68.05,-66.43290706848295,0.044298028720557305,0.5880506476694505,0.30606367374065235,-0.0,3.338144828661256,-3.613772120544884
68.075,-66.42604452173184,0.044337014839996934,0.5882165365963216,0.3060183767214963,-0.0,3.3383356987757717,-3.6117133565195516
68.1,-66.41923812458998,0.04437572984129334,0.5883812806451325,0.30597374252984444,-0.0,3.3385360931726344,-3.609671437376994
68.125,-66.41248769247456,0.04441417379774795,0.5885448884093177,0.3059297645495028,-0.0,3.3387458315220893,-3.6076463077423666
68.15,-66.40579303771365,0.04445234680957971,0.588707368442945,0.30588643620311234,-0.0,3.338964735333077,-3.6056379113140946
68.175,-66.39915396961474,0.04449024900358209,0.588868729260503,0.3058437509522272,-0.0,3.3391926279402107,-3.603646190884423
68.2,-66.39257029453269,0.044527880532780985,0.5890289793366968,0.3058017022973889,-0.0,3.3394293344909,-3.601671088359806
68.225,-66.38604181593679,0.044565241576093415,0.5891881271062477,0.305760283778195,-0.0,3.3396746819326952,-3.5997125447810374
68.25,-66.37956833447693,0.044602332337988,0.5893461809637014,0.3057194889733629,-0.0,3.339928499000875,-3.597770500343078
68.275,-66.37314964804918,0.044639153048146,0.5895031492632422,0.30567931150078875,-0.0,3.3401906162061272,-3.5958448944147534
68.3,-66.36678555186029,0.04467570396112365,0.5896590403185131,0.30563974501760177,-0.0,3.3404608658225428,-3.5939356655580865
68.325,-66.36047583849162,0.044711985356015754,0.589813862402443,0.30560078322021306,-0.0,3.340739081875677,-3.592042751547487
68.35,-66.35422029796226,0.04474799753612008,0.5899676237470796,0.30556241984436067,-0.0,3.3410251001308384,-3.590166089388677
68.375,-66.34801871779129,0.04478374082860338,0.5901203325434281,0.3055246486651494,-0.0,3.3413187580815187,-3.588305615337387
68.4,-66.34187088305941,0.04481921558416797,0.5902719969412975,0.30548746349708605,-0.0,3.341619894937995,-3.586461264917824
68.425,-66.3357765764698,0.04485442217672,0.5904226250491512,0.30545085819411066,-0.0,3.34192835161605,-3.584632972940939
68.45,-66.32973557840813,0.04488936100303868,0.5905722249339649,0.30541482664962255,-0.0,3.3422439707258773,-3.58282067352244
68.475,-66.32374766700207,0.0449240324824467,0.5907208046210894,0.30537936279650246,-0.0,3.342566596561074,-3.5810243001006197
68.5,-66.31781261817983,0.04495843705648182,0.5908683720941204,0.30534446060713033,-0.0,3.3428960750878165,-3.5792437854539485
68.525,-66.3119302057282,0.0449925751885698,0.5910149352947724,0.3053101140933985,-0.0,3.3432322539341115,-3.5774790617184604
68.55,-66.30610020134979,0.04502644736369827,0.5911605021227607,0.30527631730672095,-0.0,3.3435749823792005,-3.5757300604049376
68.575,-66.30032237471958,0.04506005408809247,0.5913050804356864,0.30524306433803844,-0.0,3.34392411134306,-3.5739967124158754
68.6,-66.29459649354082,0.0450933958888914,0.5914486780489291,0.30521034931781926,-0.0,3.3442794933760256,-3.5722789480622468
68.625,-66.28892232360023,0.04512647331382608,0.5915913027355438,0.3051781664160561,-0.0,3.3446409826484973,-3.5705766970800696
68.65,-66.28329962882256,0.045159286930898344,0.5917329622261643,0.3051465098422589,-0.0,3.345008434940761,-3.568889888646768
68.675,-66.27772817132447,0.04519183732806165,0.5918736642089109,0.30511537384544374,-0.0,3.345381707632897,-3.5672184513973404
68.7,-66.27220771146773,0.045224125112902656,0.5920134163293043,0.30508475271411795,-0.0,3.345760659694785,-3.5655623134403185
68.725,-66.26673800791185,0.0452561509123245,0.5921522261901844,0.3050546407762614,-0.0,3.346145151676184,-3.563921402373556
68.75,-66.26131881766601,0.04528791537223137,0.5922901013516346,0.3050250323993036,-0.0,3.3465350456968976,-3.5622956452998022
68.775,-66.25594989614034,0.045319419157214214,0.5924270493309108,0.30499592199009784,-0.0,3.3469302054370176,-3.5606849688421005
68.8,-66.25063099719667,0.04535066295023823,0.5925630776023759,0.30496730399489086,-0.0,3.3473304961272277,-3.5590892991589995
68.825,-66.24536187319853,0.04538164745233146,0.5926981935974389,0.30493917289928946,-0.0,3.347735784539206,-3.5575085619595597
68.85,-66.24014227506068,0.04541237338227507,0.5928324047044997,0.3049115232282237,-0.0,3.348145938976073,-3.555942682518203
68.875,-66.23497195229788,0.045442841476295,0.5929657182688982,0.3048843495459056,-0.0,3.3485608292628792,-3.554391585689365
68.9,-66.22985065307321,0.04547305248775497,0.5930981415928682,0.3048576464557857,-0.0,3.3489803267372014,-3.552855195921964
68.925,-66.2247781242457,0.04550300718685094,0.5932296819354966,0.30483140860050534,-0.0,3.3494043042397514,-3.5513334372737106
68.95,-66.21975411141736,0.045532706360307706,0.5933603465126872,0.30480563066184563,-0.0,3.3498326361050617,-3.5498262334252075
68.975,-66.21477835897971,0.04556215081107601,0.5934901424971286,0.3047803073606738,-0.0,3.3502651981522122,-3.548333507693914
69.0,-66.20985061015969,0.04559134135803213,0.5936190770182678,0.30475543345688544,-0.0,3.3507018676755953,-3.546855183047907
69.025,-66.20497060706492,0.045620278835678436,0.5937471571622872,0.3047310037493441,-0.0,3.3511425234357466,-3.5453911821194763
69.05,-66.20013809072857,0.04564896409384589,0.5938743899720873,0.30470701307581755,-0.0,3.351587045650187,-3.5439414272185714
69.075,-66.19535280115345,0.045677397997398145,0.5940007824472726,0.30468345631291105,-0.0,3.352035315984348,-3.542505840346034
69.1,-66.19061447735577,0.0457055814259369,0.5941263415441431,0.3046603283759973,-0.0,3.3524872175424596,-3.5410843432067294
69.125,-66.18592285740813,0.045733515273509384,0.5942510741756892,0.30463762421914403,-0.0,3.3529426348585734,-3.539676857222439
69.15,-66.18127767848216,0.045761200448317295,0.5943749872115917,0.3046153388350375,-0.0,3.3534014538875137,-3.538283303544648
69.175,-66.17667867689048,0.045788637872427394,0.5944980874782251,0.30459346725490444,-0.0,3.353863561995936,-3.536903603067142
69.2,-66.17212558812815,0.04581582848148399,0.5946203817586664,0.30457200454843014,-0.0,3.354328847953369,-3.535537676438446
69.225,-66.16761814691368,0.04584277322442283,0.5947418767927064,0.3045509458236742,-0.0,3.354797201923307,-3.5341854440741045
69.25,-66.16315608722935,0.04586947306318705,0.5948625792768667,0.3045302862269833,-0.0,3.3552685154543114,-3.532846826168806
69.275,-66.15873914236118,0.045895928972444884,0.5949824958644194,0.30451002094290164,-0.0,3.355742681471146,-3.5315217427083554
69.3,-66.15436704493825,0.04592214193930887,0.5951016331654116,0.304490145194078,-0.0,3.3562195942659128,-3.530210113481476
69.325,-66.15003952697157,0.045948112963057196,0.5952199977466937,0.3044706542411711,-0.0,3.356699149489244,-3.5289118580914702
69.35,-66.14575631989241,0.04597384305485664,0.5953375961319507,0.3044515433827514,-0.0,3.3571812441414655,-3.5276268959677237
69.375,-66.14151715459016,0.0459993332374874,0.5954544348017392,0.3044328079552011,-0.0,3.357665776563818,-3.5263551463770484
69.4,-66.13732176144964,0.04602458454507002,0.595570520193526,0.3044144433326118,-0.0,3.3581526464296805,-3.5250965284348923
69.425,-66.13316987038797,0.04604959802279363,0.5956858587017315,0.30439644492667856,-0.0,3.3586417547357734,-3.5238509611163917
69.45,-66.1290612108909,0.046074374726646855,0.5958004566777775,0.30437880818659296,-0.0,3.3591330037934384,-3.5226183632672687
69.475,-66.12499551204866,0.04609891572314986,0.5959143204301367,0.30436152859893295,-0.0,3.3596262972198683,-3.5213986536145967
69.5,-66.12097250259134,0.04612322208908884,0.5960274562243875,0.3043446016875507,-0.0,3.360121539929395,-3.5201917507774025
69.525,-66.11699191092377,0.04614729491125223,0.5961398702832712,0.3043280230134581,-0.0,3.3606186381247674,-3.5189975732771317
69.55,-66.11305346515998,0.04617113528616895,0.5962515687867531,0.3043117881747102,-0.0,3.36111749928841,-3.5178160395479936
69.575,-66.10915689315704,0.04619474431984862,0.5963625578720879,0.30429589280628605,-0.0,3.3616180321737548,-3.5166470679471105
69.6,-66.1053019225486,0.04621812312752362,0.5964728436338858,0.3042803325799679,-0.0,3.362120146796519,-3.515490576764581
69.625,-66.1014882807779,0.04624127283339339,0.5965824321241853,0.304265103204218,-0.0,3.3626237544260236,-3.51434648423337
69.65,-66.09771569513025,0.04626419457037067,0.5966913293525263,0.30425020042405376,-0.0,3.3631287675765114,-3.513214708539074
69.675,-66.09398389276515,0.04628688947982948,0.5967995412860289,0.30423562002092003,-0.0,3.363635099998451,-3.5120951678295453
69.7,-66.0902926007479,0.0463093587113557,0.5969070738494728,0.3042213578125604,-0.0,3.364142666669885,-3.51098778022437
69.725,-66.08664154608077,0.046331603422499146,0.5970139329253823,0.30420740965288595,-0.0,3.3646513837877436,-3.509892463824231
69.75,-66.08303045573372,0.04635362477852824,0.5971201243541125,0.30419377143184234,-0.0,3.36516116875918,-3.508809136720116
69.775,-66.0794590566747,0.046375423952186134,0.5972256539339397,0.30418043907527514,-0.0,3.3656719401929145,-3.5077377170024078
69.8,-66.07592707589941,0.046397002123449535,0.5973305274211537,0.30416740854479296,-0.0,3.366183617890572,-3.506678122769824
69.825,-66.07243424046082,0.046418360479289454,0.5974347505301539,0.30415467583762934,-0.0,3.3666961228380274,-3.5056302721382466
69.85,-66.068980277498,0.046439500213433724,0.5975383289335482,0.3041422369865025,-0.0,3.3672093771967546,-3.5045940832494
69.875,-66.06556491426473,0.04646042252613219,0.5976412682622539,0.30413008805947356,-0.0,3.367723304295169,-3.5035694742794177
69.9,-66.06218787815754,0.04648112862392367,0.5977435741056025,0.3041182251598031,-0.0,3.3682378286199888,-3.502556363447263
69.925,-66.05884889674351,0.04650161971940522,0.5978452520114461,0.30410664442580626,-0.0,3.368752875807583,-3.5015546690230535
69.95,-66.05554769778733,0.046521897031003366,0.5979463074862674,0.3040953420307059,-0.0,3.3692683726353407,-3.5005643093361996
69.975,-66.05228400927831,0.0465419617827479,0.598046745995292,0.3040843141824845,-0.0,3.3697842470130137,-3.499585202783493
70.0,-66.04905755945667,0.046561815204047424,0.5981465729626027,0.3040735571237346,-0.0,3.3703004279740982,-3.498617267837001
70.025,-66.04586807683964,0.04658145852946721,0.5982457937712578,0.30406306713150744,-0.0,3.3708168456671848,-3.4976604230518915
70.05,-66.04271529024699,0.046600892998509544,0.5983444137634101,0.30405284051716086,-0.0,3.3713334313473418,-3.4967145870740963
70.075,-66.03959892882627,0.04662011985539579,0.5984424382404298,0.3040428736262048,-0.0,3.371850117367464,-3.4957796786478794
70.1,-66.03651872207755,0.046639140348851006,0.5985398724630289,0.30403316283814635,-0.0,3.3723668371696665,-3.4948556166232634
70.125,-66.03347439987783,0.04665795573189067,0.5986367216513884,0.30402370456633304,-0.0,3.3728835252766545,-3.4939423199633493
70.15,-66.03046569250505,0.046676567261609646,0.5987329909852878,0.30401449525779495,-0.0,3.373400117283101,-3.493039707751514
70.175,-66.02749233066164,0.04669497619897326,0.5988286856042361,0.3040055313930856,-0.0,3.3739165498470283,-3.492147699198493
70.2,-66.02455404549778,0.04671318380861082,0.5989238106076071,0.3039968094861216,-0.0,3.374432760681205,-3.4912662136493338
70.225,-66.02165056863416,0.04673119135861121,0.5990183710547738,0.3039883260840212,-0.0,3.3749486885445297,-3.490395170590247
70.25,-66.01878163218444,0.04674900012032071,0.5991123719652481,0.30398007776694136,-0.0,3.3754642732334283,-3.4895344896553326
70.275,-66.0159469687773,0.04676661136814325,0.5992058183188198,0.3039720611479142,-0.0,3.375979455573263,-3.4886840906331895
70.3,-66.01314631157815,0.04678402637934267,0.5992987150556998,0.3039642728726821,-0.0,3.3764941774097084,-3.487843893473446
70.325,-66.01037939431035,0.04680124643384748,0.599391067076664,0.30395670961953164,-0.0,3.377008381600203,-3.487013818293104
70.35,-66.00764595127616,0.04681827281405755,0.5994828792432001,0.3039493680991272,-0.0,3.3775220120053504,-3.4861937853828477
70.375,-66.00494571737732,0.04683510680465347,0.5995741563776554,0.3039422450543424,-0.0,3.3780350134803325,-3.4853837152131972
70.4,-66.00227842813524,0.04685174969240772,0.5996649032633873,0.3039353372600917,-0.0,3.3785473318663435,-3.4845835284405724
70.425,-65.99964381971077,0.046868202765998554,0.5997551246449147,0.30392864152316046,-0.0,3.3790589139820386,-3.4837931459132307
70.45,-65.9970416289237,0.046884467315825795,0.5998448252280724,0.3039221546820346,-0.0,3.3795697076149698,-3.4830124886771086
70.475,-65.99447159327184,0.046900544633828936,0.5999340096801663,0.3039158736067288,-0.0,3.3800796615130433,-3.482241477981552
70.5,-65.99193345094979,0.04691643601330777,0.6000226826301307,0.30390979519861433,-0.0,3.3805887253759797,-3.4814800352849358
70.525,-65.98942694086732,0.04693214274874501,0.6001108486686871,0.3039039163902463,-0.0,3.381096849846787,-3.480728082260195
70.55,-65.98695180266742,0.046947666135631116,0.6001985123485051,0.30389823414518924,-0.0,3.381603986503235,-3.4799855408002256
70.575,-65.984507776744,0.04696300747029182,0.6002856781843642,0.30389274545784306,-0.0,3.382110087849354,-3.4792523330231986
70.6,-65.9820946042592,0.0469781680497173,0.6003723506533176,0.3038874473532675,-0.0,3.3826151073069393,-3.4785283812777608
70.625,-65.97971202716049,0.04699314917139413,0.6004585341948577,0.30388233688700633,-0.0,3.3831189992070523,-3.4778136081481463
70.65,-65.97735978819723,0.047007952133139116,0.6005442332110826,0.30387741114491074,-0.0,3.38362171878156,-3.47710793645917
70.675,-65.97503763093715,0.047022578232935604,0.6006294520668637,0.3038726672429624,-0.0,3.3841232221546607,-3.4764112892811454
70.7,-65.9727452997822,0.047037028768772075,0.6007141950900167,0.30386810232709544,-0.0,3.3846234663344514,-3.475723589934661
70.725,-65.97048253998433,0.04705130503848269,0.6007984665714707,0.30386371357301817,-0.0,3.385122409204477,-3.4750447619952993
70.75,-65.96824909766082,0.04706540833959041,0.6008822707654424,0.30385949818603447,-0.0,3.3856200095153115,-3.4743747292982445
70.775,-65.96604471980926,0.0470793399691521,0.6009656118896077,0.30385545340086434,-0.0,3.3861162268761635,-3.473713415942778
70.8,-65.96386915432232,0.047093101223606014,0.601048494125278,0.30385157648146416,-0.0,3.3866110217464764,-3.473060746296697
70.825,-65.9617221500021,0.04710669339862153,0.6011309216175754,0.3038478647208464,-0.0,3.387104355427553,-3.4724166450006306
70.85,-65.95960345657417,0.047120117788950935,0.6012128984756102,0.3038443154408992,-0.0,3.387596190054211,-3.4717810369722515
70.875,-65.95751282470138,0.04713337568828356,0.601294428772659,0.3038409259922049,-0.0,3.388086488586422,-3.4711538474104144
70.9,-65.95545000599726,0.047146468389102206,0.6013755165463446,0.3038376937538593,-0.0,3.3885752148010178,-3.470535001799179
70.925,-65.9534147530392,0.04715939718254142,0.6014561657988159,0.3038346161332892,-0.0,3.3890623332833587,-3.469924425911759
70.95,-65.95140681938123,0.0471721633582485,0.6015363804969299,0.3038316905660711,-0.0,3.3895478094190716,-3.4693220458143696
70.975,-65.94942595956661,0.04718476820424614,0.6016161645724342,0.3038289145157484,-0.0,3.3900316093857783,-3.468727787869983
71.0,-65.94747192914001,0.04719721300679764,0.6016955219221501,0.30382628547364887,-0.0,3.3905137001448518,-3.468141578742002
71.025,-65.9455444846595,0.04720949905027415,0.6017744564081579,0.30382380095870193,-0.0,3.390994049433184,-3.467563345397848
71.05,-65.9436433837081,0.04722162761702414,0.6018529718579813,0.30382145851725584,-0.0,3.391472625755021,-3.4669930151124317
71.075,-65.94176838490527,0.04723359998724489,0.6019310720647741,0.30381925572289403,-0.0,3.391949398373746,-3.4664305154715818
71.1,-65.93991924791783,0.047245417438856255,0.6020087607875076,0.3038171901762521,-0.0,3.3924243373037495,-3.4658757743753483
71.125,-65.9380957334708,0.047257081247376466,0.6020860417511578,0.30381525950483407,-0.0,3.3928974133022933,-3.465328720041241
71.15,-65.93629760335794,0.0472685926858003,0.6021629186468941,0.30381346136282894,-0.0,3.3933685978613983,-3.464789281007383
71.175,-65.93452462045188,0.04727995302447906,0.602239395132269,0.3038117934309268,-0.0,3.393837863199774,-3.4642573861355643
71.2,-65.9327765487141,0.047291163531002836,0.6023154748314083,0.30381025341613505,-0.0,3.3943051822547576,-3.4637329646142305
71.225,-65.9310531532046,0.047302225470084766,0.602391161335201,0.3038088390515948,-0.0,3.3947705286742913,-3.4632159459613803
71.25,-65.92935420009128,0.04731314010344763,0.6024664582014918,0.3038075480963966,-0.0,3.3952338768089123,-3.4627062600273844
71.275,-65.92767945665905,0.04732390868971211,0.6025413689552719,0.30380637833539686,-0.0,3.3956952017037887,-3.462203836997715
71.3,-65.92602869131869,0.04733453248428758,0.6026158970888724,0.3038053275790338,-0.0,3.3961544790907645,-3.4617086073956074
71.325,-65.92440167361548,0.04734501273926454,0.6026900460621573,0.3038043936631437,-0.0,3.3966116853804484,-3.461220502084643
71.35,-65.92279817423744,0.04735535070330935,0.6027638193027166,0.3038035744487772,-0.0,3.397066797654334,-3.4607394522712327
71.375,-65.92121796502353,0.04736554762156099,0.6028372202060612,0.3038028678220155,-0.0,3.3975197936569224,-3.4602653895070588
71.4,-65.91966081897135,0.04737560473552973,0.6029102521358167,0.30380227169378665,-0.0,3.3979706517879116,-3.459798245691405
71.425,-65.91812651024476,0.04738552328299786,0.602982918423919,0.30380178399968233,-0.0,3.3984193510944,-3.4593379530734283
71.45,-65.91661481418119,0.047395304497922286,0.6030552223708093,0.30380140269977446,-0.0,3.398865871263122,-3.458884444254356
71.475,-65.91512550729868,0.047404949610339475,0.6031271672456301,0.3038011257784317,-0.0,3.3993101926127087,-3.4584376521896045
71.5,-65.91365836730276,0.04741445984627204,0.6031987562864213,0.30380095124413686,-0.0,3.399752296085996,-3.4579975101908276
71.525,-65.91221317309294,0.0474238364276372,0.6032699927003164,0.30380087712930376,-0.0,3.4001921632423655,-3.457563951927881
71.55,-65.91078970476913,0.047433080572157636,0.6033408796637397,0.3038009014900948,-0.0,3.400629776250099,-3.4571369114307386
71.575,-65.90938774363771,0.04744219349327379,0.6034114203226029,0.3038010224062386,-0.0,3.4010651178787983,-3.4567163230913125
71.6,-65.90800707221737,0.04745117640005835,0.6034816177925023,0.3038012379808475,-0.0,3.4014981714918107,-3.4563021216652117
71.625,-65.9066474742448,0.04746003049713264,0.6035514751589166,0.30380154634023643,-0.0,3.4019289210387145,-3.4558942422734416
71.65,-65.90530873468008,0.04746875698458478,0.6036209954774042,0.3038019456337405,-0.0,3.4023573510478204,-3.455492620404023
71.675,-65.90399063971181,0.04747735705788975,0.6036901817738012,0.30380243403353435,-0.0,3.402783446618723,-3.455097191913542
71.7,-65.90269297676213,0.047485831907831455,0.603759037044419,0.3038030097344509,-0.0,3.403207193414895,-3.4547078930286372
71.725,-65.9014155344914,0.04749418272042633,0.6038275642562428,0.3038036709538007,-0.0,3.403628577656298,-3.4543246603474214
71.75,-65.90015810280283,0.047502410676849106,0.6038957663471293,0.30380441593119173,-0.0,3.404047586112035,-3.45394743084085
71.775,-65.89892047284663,0.04751051695336019,0.603963646226005,0.30380524292834954,-0.0,3.404464206093071,-3.4535761418539876
71.8,-65.89770243702417,0.04751850272123503,0.604031206773064,0.30380615022893753,-0.0,3.4048784254449562,-3.4532107311072493
71.825,-65.89650378899186,0.04752636914669489,0.6040984508399676,0.30380713613837795,-0.0,3.4052902325406103,-3.4528511366975594
71.85,-65.89532432366482,0.047534117390839875,0.6041653812500405,0.3038081989836732,-0.0,3.4056996162731474,-3.452497297099447
71.875,-65.89416383722033,0.047541748609583385,0.6042320007984707,0.30380933711322744,-0.0,3.40610656604871,-3.4521491511660995
71.9,-65.89302212710108,0.04754926395358845,0.6042983122525064,0.30381054889666864,-0.0,3.406511071779397,-3.4518066381303227
71.925,-65.89189899201823,0.04755666456820567,0.6043643183516548,0.30381183272467144,-0.0,3.4069131238761905,-3.451469697605468
71.95,-65.89079423195429,0.0475639515934129,0.6044300218078796,0.3038131870087799,-0.0,3.4073127132419363,-3.4511382695862864
71.975,-65.88970764816577,0.04757112616375689,0.6044954253057989,0.3038146101812314,-0.0,3.4077098312643828,-3.45081229444973
72.0,-65.88863904318566,0.047578189408296,0.604560531502883,0.30381610069478027,-0.0,3.4081044698092224,-3.4504917129556985
72.025,-65.8875882208257,0.04758514245054537,0.6046253430296517,0.3038176570225226,-0.0,3.4084966212132293,-3.4501764662477115
72.05,-65.88655498617848,0.04759198640842287,0.6046898624898716,0.3038192776577214,-0.0,3.4088862782774014,-3.449866495853544
72.075,-65.88553914561932,0.04759872239419744,0.6047540924607534,0.30382096111363177,-0.0,3.4092734342601543,-3.4495617436857953
72.1,-65.88454050680804,0.04760535151443865,0.6048180354931486,0.30382270592332755,-0.0,3.4096580828705636,-3.4492621520424107
72.125,-65.88355887869047,0.047611874869967666,0.604881694111746,0.30382451063952776,-0.0,3.4100402182616585,-3.448967663607139
72.15,-65.88259407149985,0.04761829355581042,0.6049450708152683,0.30382637383442396,-0.0,3.410419835023736,-3.4486782214499554
72.175,-65.88164589675796,0.047624608661151695,0.605008168076668,0.30382829409950807,-0.0,3.410796928177764,-3.4483937690273874
72.2,-65.88071416727618,0.04763082126929104,0.6050709883433233,0.3038302700454008,-0.0,3.411171493168767,-3.4481142501828543
72.225,-65.87979869715633,0.047636932457600395,0.6051335340372332,0.3038323003016809,-0.0,3.4115435258593245,-3.4478396091468992
72.25,-65.87889930179135,0.047642943297482865,0.6051958075552131,0.3038343835167146,-0.0,3.411913022523055,-3.4475697905374045
72.275,-65.87801579786577,0.04764885485433311,0.605257811269089,0.30383651835748615,-0.0,3.4122799798382033,-3.447304739359731
72.3,-65.87714800335613,0.04765466818749931,0.605319547525892,0.30383870350942854,-0.0,3.412644394881218,-3.4470444010068375
72.325,-65.87629573753108,0.04766038435024653,0.6053810186480527,0.30384093767625525,-0.0,3.41300626512042,-3.446788721259324
72.35,-65.8754588209515,0.0476660043897216,0.6054422269335941,0.30384321957979243,-0.0,3.413365588409693,-3.446537646285448
72.375,-65.87463707547025,0.04767152934691921,0.605503174656325,0.3038455479598119,-0.0,3.4137223629822406,-3.4462911226410737
72.4,-65.87383032423203,0.04767696025664965,0.6055638640660327,0.3038479215738647,-0.0,3.4140765874443613,-3.446049097269609
72.425,-65.87303839167282,0.047682298147507844,0.6056242973886752,0.30385033919711535,-0.0,3.414428260769308,-3.445811517501846
72.45,-65.87226110351938,0.047687544041843694,0.6056844768265727,0.30385279962217693,-0.0,3.4147773822911622,-3.4455783310558132
72.475,-65.87149828678844,0.04769269895573386,0.6057444045585991,0.30385530165894664,-0.0,3.4151239516987806,-3.445349486036531
72.5,-65.87074976978589,0.047697763898954984,0.6058040827403727,0.3038578441344423,-0.0,3.415467969029773,-3.445124930935766
72.525,-65.8700153821057,0.04770273987495813,0.6058635135044462,0.30386042589263934,-0.0,3.4158094346645473,-3.4449046146317115
72.55,-65.86929495462887,0.047707627880844254,0.6059226989604963,0.3038630457943089,-0.0,3.4161483493203644,-3.4446884863886607
72.575,-65.86858831952196,0.04771242890734152,0.6059816411955136,0.30386570271685615,-0.0,3.416484714045505,-3.444476495856588
72.6,-65.86789531023581,0.047717143938783575,0.6060403422739894,0.3038683955541598,-0.0,3.4168185302134204,-3.4442685930707424
72.625,-65.86721576150387,0.04772177395308902,0.6060988042381061,0.3038711232164121,-0.0,3.4171497995169786,-3.444064728451161
72.65,-65.86654950934056,0.0477263199217423,0.6061570291079222,0.3038738846299598,-0.0,3.4174785239627385,-3.443864852802167
72.675,-65.86589639103941,0.04773078280977564,0.6062150188815605,0.3038766787371455,-0.0,3.41780470586526,-3.443668917311824
72.7,-65.86525624517112,0.04773516357575243,0.6062727755353937,0.30387950449615064,-0.0,3.4181283478415128,-3.443476873551337
72.725,-65.86462891158148,0.0477394631717516,0.6063303010242302,0.30388236088083787,-0.0,3.4184494528052713,-3.443288673474443
72.75,-65.86401423138913,0.04774368254335304,0.6063875972814987,0.30388524688059554,-0.0,3.4187680239616003,-3.44310426941674
72.775,-65.86341204698331,0.04774782262962464,0.6064446662194323,0.3038881615001824,-0.0,3.4190840648013863,-3.442923614094994
72.8,-65.86282220202133,0.04775188436311004,0.6065015097292523,0.303891103759573,-0.0,3.4193975790959095,-3.4427466606064
72.825,-65.86224454142608,0.047755868669817625,0.606558129681351,0.30389407269380425,-0.0,3.4197085708914616,-3.4425733624278236
72.85,-65.86167891138331,0.04775977646921074,0.6066145279254737,0.3038970673528224,-0.0,3.420017044504028,-3.4424036734149923
72.875,-65.86112515933888,0.0477636086741989,0.6066707062909001,0.3039000868013311,-0.0,3.4203230045140014,-3.4422375478016645
72.9,-65.86058313399585,0.04776736619113,0.6067266665866256,0.3039031301186404,-0.0,3.420626455760974,-3.4420749401987534
72.925,-65.86005268531147,0.04777104991978379,0.6067824106015403,0.303906196398516,-0.0,3.420927403338534,-3.4419158055934416
72.95,-65.85953366449408,0.04777466075336608,0.6068379401046092,0.3039092847490301,-0.0,3.421225852589169,-3.441760099348224
72.975,-65.85902592399991,0.04777819957850442,0.6068932568450505,0.30391239429241257,-0.0,3.421521809099163,-3.4416077771999722
73.0,-65.85852931752973,0.047781667275244355,0.6069483625525127,0.3039155241649031,-0.0,3.4218152786935927,-3.4414587952589186
73.025,-65.85804370002545,0.047785064717046834,0.6070032589372526,0.3039186735166041,-0.0,3.4221062674313387,-3.441313110007634
73.05,-65.85756892766666,0.04778839277078657,0.607057947690311,0.3039218415113349,-0.0,3.422394781600145,-3.4411706782999985
73.075,-65.85710485786696,0.047791652296751745,0.6071124304836879,0.30392502732648596,-0.0,3.4226808277117704,-3.441031457360087
73.1,-65.85665134927024,0.047794844148643795,0.6071667089705179,0.3039282301528749,-0.0,3.4229644124971466,-3.4408954047810707
73.125,-65.85620826174696,0.047797969173579063,0.6072207847852434,0.30393144919460263,-0.0,3.423245542901597,-3.440762478524087
73.15,-65.8557754563902,0.047801028212090646,0.6072746595437879,0.3039346836689108,-0.0,3.4235242260801195,-3.4406326369170612
73.175,-65.85535279551175,0.04780402209813158,0.6073283348437281,0.30393793280603987,-0.0,3.423800469392699,-3.4405058386535243
73.2,-65.85494014263799,0.04780695165907892,0.6073818122644654,0.30394119584908824,-0.0,3.424074280399678,-3.4403820427913954
73.225,-65.85453736250578,0.04780981771573832,0.6074350933673967,0.3039444720538721,-0.0,3.4243456668571874,-3.440261208751734
73.25,-65.85414432105824,0.04781262108234958,0.6074881796960835,0.3039477606887862,-0.0,3.424614636712609,-3.4401432963174727
73.275,-65.85376088544044,0.04781536256659351,0.6075410727764214,0.3039510610346656,-0.0,3.424881198100094,-3.440028265632131
73.3,-65.85338692399499,0.04781804296959883,0.6075937741168079,0.3039543723846482,-0.0,3.425145359336132,-3.4399160771984967
73.325,-65.85302230625763,0.04782066308595063,0.6076462852083095,0.3039576940440381,-0.0,3.425407128915178,-3.4398066918772883
73.35,-65.85266690295262,0.047823223703698965,0.6076986075248281,0.30396102533017016,-0.0,3.425666515505314,-3.439700070885786
73.375,-65.85232058598821,0.047825725604368804,0.6077507425232661,0.30396436557227485,-0.0,3.4259235279439526,-3.4395961757964626
73.4,-65.8519832284519,0.04782816956297031,0.6078026916436916,0.30396771411134477,-0.0,3.426178175233624,-3.43949496853557
73.425,-65.85165470460572,0.047830556348010034,0.6078544563095015,0.3039710703000013,-0.0,3.426430466537765,-3.439396411381716
73.45,-65.8513348898814,0.047832886721502925,0.6079060379275845,0.3039744335023628,-0.0,3.4266804111766005,-3.43930046696442
73.475,-65.85102366087548,0.047835161438984954,0.6079574378884827,0.3039778030939132,-0.0,3.4269280186230366,-3.439207098262645
73.5,-65.85072089534437,0.047837381249526356,0.6080086575665531,0.3039811784613718,-0.0,3.427173298498637,-3.4391162686033097
73.525,-65.8504264721993,0.047839546895745745,0.6080596983201272,0.3039845590025638,-0.0,3.4274162605696117,-3.4390279416597904
73.55,-65.85014027150132,0.04784165911382496,0.60811056149167,0.303987944126292,-0.0,3.427656914742879,-3.438942081450395
73.575,-65.84986217445606,0.04784371863352415,0.6081612484079392,0.3039913332522088,-0.0,3.4278952710621664,-3.438858652336819
73.6,-65.84959206340865,0.04784572617819817,0.6082117603801409,0.30399472581069,-0.0,3.4281313397041613,-3.438777619022595
73.625,-65.8493298218384,0.047847682464812726,0.6082620987040878,0.30399812124270853,-0.0,3.428365130974692,-3.4386989465515185
73.65,-65.84907533435349,0.0478495882039622,0.6083122646603534,0.30400151899971,-0.0,3.4285966553049954,-3.438622600306046
73.675,-65.84882848668563,0.04785144409988726,0.6083622595144266,0.3040049185434884,-0.0,3.4288259232479925,-3.43854854600569
73.7,-65.84858916568469,0.04785325085049332,0.6084120845168662,0.30400831934606304,-0.0,3.429052945474626,-3.4384767497054054
73.725,-65.84835725931316,0.047855009147369704,0.6084617409034523,0.30401172088955664,-0.0,3.4292777327702444,-3.438407177793948
73.75,-65.8481326566407,0.04785671967580923,0.6085112298953393,0.3040151226660737,-0.0,3.4295002960310357,-3.43833979699221
73.775,-65.84791524783856,0.04785838311482837,0.6085605526992054,0.30401852417758046,-0.0,3.4297206462605,-3.438274574351567
73.8,-65.847704924174,0.04786000013718811,0.6086097105074033,0.3040219249357851,-0.0,3.429938794565961,-3.4382114772521986
73.825,-65.84750157800461,0.04786157140941509,0.6086587044981087,0.3040253244620195,-0.0,3.430154752155153,-3.438150473401383
73.85,-65.84730510277265,0.047863097591823306,0.6087075358354682,0.3040287222871214,-0.0,3.430368530332824,-3.438091530831795
73.875,-65.8471153929993,0.04786457933853657,0.6087562056697465,0.3040321179513177,-0.0,3.4305801404973897,-3.4380346178997896
73.9,-65.84693234427893,0.04786601729751131,0.608804715137472,0.3040355110041086,-0.0,3.430789594137634,-3.4379797032836774
73.925,-65.84675585327321,0.047867412110559546,0.608853065361582,0.30403890100415265,-0.0,3.4309969028294756,-3.4379267559819624
73.95,-65.84658581770536,0.04786876441337281,0.608901257451567,0.3040422875191527,-0.0,3.4312020782327313,-3.437875745311608
73.975,-65.84642213635422,0.047870074835546395,0.6089492925036133,0.3040456701257428,-0.0,3.431405132087975,-3.437826640906266
74.0,-65.84626470904833,0.047871344000603805,0.6089971716007455,0.30404904840937585,-0.0,3.4316060762134057,-3.437779412714498
74.025,-65.84611343665998,0.047872572526021805,0.6090448958129677,0.30405242196421234,-0.0,3.4318049225017786,-3.437734030997993
74.05,-65.84596822109924,0.047873761023256106,0.6090924661974034,0.3040557903930098,-0.0,3.432001682917367,-3.437690466329772
74.075,-65.84582896530799,0.04787491009776705,0.609139883798435,0.3040591533070134,-0.0,3.4321963694929747,-3.437648689592396
74.1,-65.8456955732538,0.04787602034904598,0.6091871496478417,0.3040625103258471,-0.0,3.4323889943269803,-3.437608671976142
74.125,-65.84556794992395,0.047877092370641826,0.6092342647649373,0.3040658610774059,-0.0,3.4325795695804486,-3.437570384977184
74.15,-65.84544600131923,0.04787812675018822,0.6092812301567059,0.30406920519774916,-0.0,3.432768107474259,-3.4375338003957694
74.175,-65.84532963444792,0.04787912406943088,0.6093280468179377,0.30407254233099434,-0.0,3.4329546202862935,-3.437498890334376
74.2,-65.84521875731961,0.04788008490425542,0.6093747157313634,0.304075872129212,-0.0,3.4331391203486397,-3.437465627195884
74.225,-65.84511327893904,0.04788100982471537,0.609421237867787,0.30407919425232155,-0.0,3.4333216200448735,-3.437433983681711
74.25,-65.84501310929987,0.04788189939506064,0.6094676141862189,0.3040825083679879,-0.0,3.4335021318073586,-3.437403932789961
74.275,-65.84491815937855,0.047882754173766334,0.6095138456340068,0.3040858141515191,-0.0,3.433680668114587,-3.437375447813565
74.3,-65.84482834112804,0.04788357471356175,0.6095599331469667,0.30408911128576455,-0.0,3.433857241488571,-3.4373485023384105
74.325,-65.84474356747154,0.04788436156145979,0.6096058776495117,0.3040923994610145,-0.0,3.4340318644922734,-3.4373230702414617
74.35,-65.84466375229636,0.047885115258786644,0.6096516800547812,0.3040956783749001,-0.0,3.4342045497270446,-3.4372991256889063
74.375,-65.84458881044745,0.047885836341211754,0.609697341264768,0.30409894773229434,-0.0,3.4343753098301777,-3.437276643134234
74.4,-65.84451865772125,0.047886525338777984,0.609742862170445,0.3041022072452142,-0.0,3.434544157472418,-3.4372555973163754
74.425,-65.84445321085934,0.047887182775932,0.609788243651891,0.3041054566327232,-0.0,3.4347111053555612,-3.4372359632578022
74.45,-65.84439238754211,0.04788780917155528,0.6098334865784147,0.30410869562083515,-0.0,3.4348761662100724,-3.437217716262634
74.475,-65.84433610638246,0.047888405038994865,0.6098785918086794,0.30411192394241854,-0.0,3.435039352792749,-3.437200831914737
74.5,-65.84428428691942,0.04788897088609466,0.6099235601908246,0.304115141337102,-0.0,3.435200677884422,-3.437185286075825
74.525,-65.84423684961183,0.047889507215226806,0.6099683925625884,0.30411834755118045,-0.0,3.4353601542876993,-3.4371710548835495
74.55,-65.84419371583199,0.04789001452332343,0.6100130897514281,0.30412154233752214,-0.0,3.435517794824731,-3.437158114749597
74.575,-65.84415480785925,0.04789049330190852,0.6100576525746398,0.3041247254554766,-0.0,3.435673612335032,-3.437146442357776
74.6,-65.84412004887369,0.047890944037129825,0.6101020818394777,0.30412789667078327,-0.0,3.435827619673327,-3.4371360146621073
74.625,-65.8440893629497,0.047891367209791334,0.6101463783432713,0.3041310557554813,-0.0,3.435979829707439,-3.4371268088849107
74.65,-65.84406267504963,0.04789176329538545,0.6101905428735431,0.3041342024878199,-0.0,3.436130255316214,-3.437118802514888
74.675,-65.84403991101736,0.04789213276412585,0.6102345762081238,0.3041373366521695,-0.0,3.436278909387485,-3.4371119733052082
74.7,-65.84402099757199,0.047892476080980045,0.6102784791152677,0.30414045803893397,-0.0,3.436425804816048,-3.4371062992715964
74.725,-65.84400586230136,0.04789279370570244,0.6103222523537667,0.3041435664444635,-0.0,3.436570954501714,-3.437101758690407
74.75,-65.84399443365572,0.04789308609286737,0.6103658966730635,0.3041466616709684,-0.0,3.4367143713473625,-3.437098330096717
74.775,-65.84398664094134,0.04789335369190237,0.6104094128133636,0.30414974352643365,-0.0,3.436856068257044,-3.4370959922824014
74.8,-65.84398241431404,0.04789359694712137,0.6104528015057462,0.30415281182453435,-0.0,3.4369960581341226,-3.4370947242942123
74.825,-65.84398168477293,0.047893816297758386,0.6104960634722753,0.3041558663845519,-0.0,3.437134353879427,-3.437094505431878
74.85,-65.8439843841539,0.047894012178000885,0.610539199426108,0.304158907031291,-0.0,3.437270968389474,-3.4370953152461694
74.875,-65.84399044512332,0.0478941850170237,0.6105822100716037,0.30416193359499755,-0.0,3.4374059145546867,-3.437097133536997
74.9,-65.84399980117163,0.04789433523902263,0.610625096104431,0.3041649459112773,-0.0,3.43753920525768,-3.43709994035149
74.925,-65.84401238660699,0.04789446326324865,0.6106678582116747,0.3041679438210152,-0.0,3.4376708533715408,-3.437103715982097
74.95,-65.84402813654886,0.04789456950404151,0.6107104970719407,0.30417092717029576,-0.0,3.4378008717581867,-3.437108440964657
74.975,-65.84404698692168,0.047894654370864036,0.6107530133554613,0.30417389581032406,-0.0,3.4379292732667204,-3.4371140960765048
75.0,-65.84406887444852,0.04789471826833637,0.6107954077241985,0.3041768495973475,-0.0,3.438056070731828,-3.437120662334557
75.025,-65.84409373664474,0.047894761596269986,0.6108376808319472,0.3041797883925784,-0.0,3.4381812769722053,-3.437128120993421
75.05,-65.84412151181158,0.04789478474970194,0.6108798333244366,0.30418271206211767,-0.0,3.438304904789036,-3.4371364535434736
75.075,-65.84415213902994,0.047894788118929554,0.6109218658394316,0.3041856204768785,-0.0,3.43842696696446,-3.437145641708983
75.1,-65.844185558154,0.04789477208954431,0.6109637790068326,0.30418851351251186,-0.0,3.4385474762601183,-3.4371556674461985
75.125,-65.8442217098049,0.047894737042466724,0.6110055734487746,0.3041913910493317,-0.0,3.4386664454156897,-3.4371665129414692
75.15,-65.84426053536448,0.0478946833539805,0.6110472497797257,0.3041942529722418,-0.0,3.43878388714749,-3.437178160609345
75.175,-65.84430197696899,0.04789461139576712,0.6110888086065842,0.3041970991706628,-0.0,3.4388998141470677,-3.4371905930906976
75.2,-65.84434597750283,0.04789452153494044,0.6111302505287753,0.3041999295384603,-0.0,3.439014239079849,-3.4372037932508475
75.225,-65.84439248059222,0.047894414134081166,0.6111715761383465,0.3042027439738737,-0.0,3.4391271745838266,-3.4372177441776657
75.25,-65.84444143059908,0.047894289551271306,0.6112127860200619,0.30420554237944547,-0.0,3.4392386332682356,-3.4372324291797227
75.275,-65.84449277261469,0.04789414814012894,0.6112538807514969,0.3042083246619516,-0.0,3.4393486277122967,-3.4372478317844055
75.3,-65.84454645245354,0.04789399024984262,0.6112948609031298,0.3042110907323324,-0.0,3.4394571704639594,-3.4372639357360626
75.325,-65.84460241664712,0.04789381622520594,0.6113357270384354,0.30421384050562444,-0.0,3.4395642740387027,-3.4372807249941357
75.35,-65.84466061243772,0.04789362640665213,0.6113764797139744,0.30421657390089296,-0.0,3.4396699509183306,-3.437298183731316
75.375,-65.84472098777228,0.04789342113028854,0.6114171194794852,0.3042192908411649,-0.0,3.43977421354982,-3.437316296331683
75.4,-65.84478349129624,0.04789320072793119,0.611457646877972,0.3042219912533629,-0.0,3.439877074344178,-3.437335047388872
75.425,-65.84484807234743,0.047892965527139314,0.6114980624457944,0.30422467506824,-0.0,3.4399785456753373,-3.4373544217042293
75.45,-65.84491468094993,0.047892715851249705,0.6115383667127547,0.304227342220315,-0.0,3.440078639879078,-3.4373744042849776
75.475,-65.84498326780798,0.04789245201941119,0.611578560202184,0.3042299926478082,-0.0,3.44017736925196,-3.4373949803423924
75.5,-65.84505378429994,0.04789217434661911,0.6116186434310298,0.3042326262925786,-0.0,3.4402747460503003,-3.4374161352899804
75.525,-65.8451261824722,0.04789188314374949,0.611658616909939,0.30423524310006106,-0.0,3.4403707824891687,-3.4374378547416597
75.55,-65.84520041503318,0.04789157871759353,0.611698481143344,0.30423784301920453,-0.0,3.4404654907413965,-3.4374601245099528
75.575,-65.8452764353473,0.0478912613708916,0.6117382366295454,0.30424042600241097,-0.0,3.4405588829366254,-3.4374829306041903
75.6,-65.84535419742902,0.04789093140236772,0.6117778838607945,0.3042429920054748,-0.0,3.4406509711603768,-3.437506259228705
75.625,-65.8454336559368,0.04789058910676348,0.6118174233233751,0.3042455409875231,-0.0,3.440741767453148,-3.4375300967810403
75.65,-65.84551476616724,0.04789023477487222,0.6118568554976848,0.3042480729109567,-0.0,3.4408312838095223,-3.4375544298501723
75.675,-65.84559748404912,0.04788986869357296,0.6118961808583148,0.3042505877413914,-0.0,3.440919532177298,-3.4375792452147365
75.7,-65.84568176613752,0.04788949114586442,0.6119353998741294,0.3042530854476006,-0.0,3.4410065244566623,-3.4376045298412548
75.725,-65.84576756960787,0.04788910241089866,0.6119745130083442,0.3042555660014579,-0.0,3.4410922724993855,-3.4376302708823614
75.75,-65.84585485225021,0.04788870276401506,0.6120135207186042,0.3042580293778809,-0.0,3.4411767881080038,-3.4376564556750635
75.775,-65.8459435724633,0.04788829247677394,0.6120524234570605,0.30426047555477514,-0.0,3.4412600830350657,-3.4376830717389892
75.8,-65.84603368924881,0.047887871816990106,0.6120912216704463,0.3042629045129793,-0.0,3.441342168982376,-3.437710106774644
75.825,-65.84612516220558,0.04788744104876642,0.6121299158001524,0.3042653162362106,-0.0,3.4414230576002756,-3.437737548661674
75.85,-65.84621795152381,0.047887000432527166,0.6121685062823016,0.30426771071101083,-0.0,3.441502760486934,-3.4377653854571433
75.875,-65.8463120179794,0.04788655022505128,0.6122069935478223,0.30427008792669324,-0.0,3.4415812891876585,-3.43779360539382
75.9,-65.84640732292821,0.047886090679505874,0.6122453780225218,0.30427244787529006,-0.0,3.4416586551942285,-3.4378221968784644
75.925,-65.8465038283004,0.04788562204547887,0.6122836601271581,0.3042747905515005,-0.0,3.441734869944267,-3.4378511484901195
75.95,-65.84660149659474,0.04788514456901247,0.6123218402775116,0.3042771159526393,-0.0,3.441809944820605,-3.4378804489784227
75.975,-65.84670029087306,0.047884658492635616,0.6123599188844556,0.30427942407858627,-0.0,3.4418838911506833,-3.4379100872619177
76.0,-65.8468001747546,0.04788416405539715,0.6123978963540263,0.30428171493173606,-0.0,3.4419567202059578,-3.4379400524263812
76.025,-65.84690111241049,0.047883661492898195,0.6124357730874916,0.30428398851694877,-0.0,3.4420284432013517,-3.4379703337231473
76.05,-65.84700306855817,0.04788315103732484,0.61247354948142,0.30428624484150096,-0.0,3.442099071294698,-3.4380009205674495
76.075,-65.84710600845587,0.04788263291748049,0.6125112259277475,0.3042884839150376,-0.0,3.4421686155862234,-3.4380318025367598
76.1,-65.84720989789717,0.04788210735881816,0.6125488028138455,0.3042907057495241,-0.0,3.442237087118029,-3.4380629693691516
76.125,-65.84731470320556,0.04788157458347265,0.6125862805225859,0.3042929103591995,-0.0,3.4423044968736036,-3.4380944109616665
76.15,-65.84742039122894,0.04788103481029261,0.6126236594324073,0.3042950977605298,-0.0,3.442370855777357,-3.438126117368681
76.175,-65.84752692933428,0.04788048825487247,0.6126609399173792,0.3042972679721623,-0.0,3.4424361746941643,-3.4381580788002837
76.2,-65.84763428540226,0.047879935129584085,0.6126981223472665,0.30429942101487983,-0.0,3.4425004644289214,-3.438190285620679
76.225,-65.8477424278219,0.047879375643608495,0.6127352070875922,0.30430155691155647,-0.0,3.44256373572614,-3.4382227283465694
76.25,-65.84785132548525,0.047878810002967245,0.6127721944997002,0.3043036756871131,-0.0,3.4426259992695334,-3.4382553976455754
76.275,-65.84796094778216,0.04787823841055405,0.6128090849408172,0.30430577736847375,-0.0,3.442687265681638,-3.4382882843346465
76.3,-65.84807126459496,0.04787766106616566,0.6128458787641138,0.3043078619845227,-0.0,3.4427475455234364,-3.438321379378489
76.325,-65.84818224629333,0.04787707816653307,0.612882576318765,0.30430992956606184,-0.0,3.4428068492940147,-3.438354673888
76.35,-65.84829386372903,0.0478764899053525,0.6129191779500096,0.30431198014576866,-0.0,3.442865187430215,-3.4383881591187078
76.375,-65.84840608823079,0.04787589647331606,0.61295568399921,0.304314013758155,-0.0,3.442922570306316,-3.4384218264692366
76.4,-65.8485188915992,0.047875298058142425,0.6129920948039097,0.30431603043952604,-0.0,3.4429790082337313,-3.4384556674797593
76.425,-65.84863224610154,0.047874694844607275,0.6130284106978917,0.30431803022794,-0.0,3.443034511460718,-3.438489673830463
76.45,-65.84874612446681,0.0478740870145736,0.6130646320112353,0.3043200131631684,-0.0,3.443089090172099,-3.438523837340044
76.475,-65.84886049988063,0.04787347474702179,0.6131007590703724,0.30432197928665666,-0.0,3.4431427544890005,-3.4385581499641886
76.5,-65.84897534598025,0.04787285821807973,0.6131367921981433,0.30432392864148533,-0.0,3.4431955144686053,-3.4385926037940746
76.525,-65.84909063684961,0.04787223760105265,0.6131727317138517,0.30432586127233197,-0.0,3.4432473801039234,-3.438627191054883
76.55,-65.84920634701439,0.04787161306645264,0.6132085779333191,0.3043277772254334,-0.0,3.443298361323569,-3.438661904104316
76.575,-65.84932245143706,0.04787098478202831,0.6132443311689386,0.3043296765485484,-0.0,3.44334846799156,-3.438696735431118
76.6,-65.84943892551206,0.04787035291279406,0.6132799917297282,0.30433155929092115,-0.0,3.443397709907132,-3.438731677653618
76.625,-65.84955574506095,0.04786971762105941,0.6133155599213829,0.3043334255032447,-0.0,3.4434460968045375,-3.438766723518286
76.65,-65.84967288632757,0.047869079066457716,0.6133510360463267,0.3043352752376257,-0.0,3.443493638352908,-3.43880186589827
76.675,-65.84979032597326,0.047868437405975274,0.613386420403764,0.30433710854754886,-0.0,3.4435403441560912,-3.4388370977919775
76.7,-65.84990804107214,0.047867792793979895,0.61342171328973,0.30433892548784214,-0.0,3.4435862237525052,-3.438872412321642
76.725,-65.8500260091064,0.04786714538224946,0.6134569149971408,0.3043407261146428,-0.0,3.4436312866150143,-3.43890780273192
76.75,-65.85014420796158,0.047866495320000264,0.6134920258158426,0.3043425104853635,-0.0,3.4436755421508267,-3.438943262388473
76.775,-65.85026261592193,0.047865842753915144,0.6135270460326606,0.3043442786586589,-0.0,3.4437189997013764,-3.4389787847765803
76.8,-65.85038121166583,0.047865187828171424,0.6135619759314471,0.30434603069439287,-0.0,3.443761668542238,-3.43901436349975
76.825,-65.85049997426115,0.04786453068446883,0.6135968157931292,0.3043477666536062,-0.0,3.4438035578830433,-3.439049992278346
76.85,-65.85061888316072,0.047863871462057096,0.6136315658957556,0.3043494865984846,-0.0,3.443844676867426,-3.439085664948216
76.875,-65.85073791819782,0.04786321029776342,0.6136662265145432,0.30435119059232724,-0.0,3.44388503457294,-3.4391213754593464
76.9,-65.85085705958168,0.04786254732601985,0.6137007979219224,0.3043528786995159,-0.0,3.44392464001104,-3.439157117874505
76.925,-65.85097628789303,0.04786188267889017,0.6137352803875832,0.30435455098548425,-0.0,3.443963502127031,-3.4391928863679095
76.95,-65.85109558407964,0.04786121648609704,0.6137696741785189,0.3043562075166878,-0.0,3.444001629800047,-3.439228675223893
76.975,-65.851214929452,0.04786054887504879,0.613803979559071,0.30435784836057417,-0.0,3.4440390318430314,-3.4392644788355993
77.0,-65.85133430567889,0.047859879970865785,0.6138381967909721,0.30435947358555404,-0.0,3.44407571700274,-3.439300291703667
77.025,-65.85145369478312,0.047859209896407004,0.6138723261333892,0.30436108326097217,-0.0,3.4441116939597416,-3.439336108434935
77.05,-65.85157307913715,0.0478585387722962,0.613906367842966,0.304362677457079,-0.0,3.444146971328438,-3.4393719237411458
77.075,-65.85169244145894,0.047857866716947965,0.6139403221738651,0.3043642562450029,-0.0,3.444181557657082,-3.439407732437681
77.1,-65.85181176480762,0.04785719384659359,0.6139741893778086,0.3043658196967225,-0.0,3.444215461427816,-3.4394435294422863
77.125,-65.85193103257936,0.04785652027530664,0.6140079697041195,0.3043673678850395,-0.0,3.4442486910567163,-3.4394793097738074
77.15,-65.85205022850317,0.04785584611502858,0.614041663399762,0.304368900883552,-0.0,3.4442812548938373,-3.439515068550952
77.175,-65.8521693366368,0.047855171475594024,0.6140752707093802,0.3043704187666284,-0.0,3.444313161223284,-3.4395508009910416
77.2,-65.85228834136261,0.04785449646475594,0.6141087918753392,0.3043719216093812,-0.0,3.444344418263277,-3.4395865024087824
77.225,-65.85240722738352,0.04785382118821046,0.6141422271377616,0.30437340948764163,-0.0,3.444375034166222,-3.4396221682150565
77.25,-65.852525979719,0.04785314574962176,0.6141755767345677,0.3043748824779346,-0.0,3.444405017018808,-3.439657793915701
77.275,-65.85264458370104,0.047852470250646595,0.6142088409015113,0.3043763406574539,-0.0,3.4444343748421002,-3.4396933751103105
77.3,-65.85276302497014,0.04785179479095873,0.6142420198722183,0.30437778410403776,-0.0,3.444463115591635,-3.4397289074910433
77.325,-65.8528812894715,0.047851119468273126,0.6142751138782224,0.3043792128961452,-0.0,3.4444912471575417,-3.439764386841449
77.35,-65.85299936345098,0.0478504443783699,0.6143081231490021,0.30438062711283215,-0.0,3.444518777364641,-3.439799809035293
77.375,-65.8531172334513,0.04784976961511836,0.6143410479120153,0.30438202683372834,-0.0,3.4445457139725955,-3.4398351700353897
77.4,-65.8532348863082,0.0478490952705005,0.6143738883927354,0.30438341213901454,-0.0,3.4445720646760223,-3.43987046589246
77.425,-65.85335230914662,0.047848421434634573,0.6144066448146857,0.3043847831094001,-0.0,3.44459783710464,-3.4399056927439844
77.45,-65.85346948937689,0.04784774819579828,0.6144393173994732,0.3043861398261007,-0.0,3.444623038823416,-3.439940846813067
77.475,-65.85358641469105,0.04784707564045203,0.6144719063668231,0.30438748237081675,-0.0,3.444647677332723,-3.439975924407315
77.5,-65.85370307305912,0.04784640385326183,0.6145044119346115,0.304388810825712,-0.0,3.4446717600684833,-3.4400109219177364
77.525,-65.85381945272538,0.04784573291712191,0.6145368343188982,0.3043901252733924,-0.0,3.4446952944023566,-3.4400458358176125
77.55,-65.85393554220475,0.047845062913177326,0.6145691737339595,0.3043914257968854,-0.0,3.4447182876418965,-3.4400806626614253
77.575,-65.8540513302792,0.04784439392084657,0.6146014303923197,0.30439271247961974,-0.0,3.4447407470307354,-3.440115399083761
77.6,-65.85416680599413,0.04784372601784343,0.6146336045047828,0.30439398540540535,-0.0,3.444762679748772,-3.4401500417982374
77.625,-65.8542819586548,0.04784305928019919,0.6146656962804631,0.3043952446584137,-0.0,3.4447840929123577,-3.440184587596438
77.65,-65.85439677782286,0.04784239378228453,0.614697705926816,0.30439649032315846,-0.0,3.444804993574495,-3.4402190333468567
77.675,-65.85451125331282,0.047841729596830924,0.6147296336496686,0.30439772248447644,-0.0,3.444825388725041,-3.4402533759938465
77.7,-65.85462537518862,0.047841066794952355,0.6147614796532483,0.30439894122750893,-0.0,3.444845285290911,-3.440287612556585
77.725,-65.85473913376016,0.047840405446166516,0.6147932441402132,0.3044001466376834,-0.0,3.444864690136292,-3.4403217401280486
77.75,-65.85485251957995,0.047839745618415905,0.6148249273116799,0.3044013388006954,-0.0,3.44488361006287,-3.4403557558739846
77.775,-65.85496552343972,0.04783908737808871,0.6148565293672528,0.3044025178024907,-0.0,3.444902051810029,-3.440389657031915
77.8,-65.85507813636704,0.04783843079003961,0.6148880505050515,0.30440368372924814,-0.0,3.4449200220551157,-3.440423440910112
77.825,-65.85519034962212,0.04783777591761031,0.6149194909217387,0.3044048366673623,-0.0,3.4449375274136402,-3.4404571048866357
77.85,-65.85530215469444,0.04783712282264999,0.6149508508125473,0.3044059767034267,-0.0,3.444954574439525,-3.4404906464083322
77.875,-65.85541354329955,0.04783647156553546,0.6149821303713071,0.3044071039242174,-0.0,3.4449711696253544,-3.4405240629898644
77.9,-65.85552450737583,0.04783582220519113,0.6150133297904712,0.3044082184166767,-0.0,3.4449873194026077,-3.4405573522127497
77.925,-65.85563503908135,0.04783517479910897,0.615044449261142,0.3044093202678973,-0.0,3.4450030301419203,-3.4405905117244044
77.95,-65.85574513079067,0.04783452940336806,0.6150754889730968,0.3044104095651065,-0.0,3.4450183081533314,-3.4406235392371998
77.975,-65.85585477509173,0.04783388607265428,0.615106449114813,0.304411486395651,-0.0,3.445033159686544,-3.4406564325275184
78.0,-65.85596396478277,0.0478332448602794,0.6151373298734931,0.3044125508469818,-0.0,3.4450475909311913,-3.4406891894348317
78.025,-65.85607269286928,0.047832605818200334,0.6151681314350886,0.30441360300663944,-0.0,3.4450616080171037,-3.4407218078607826
78.05,-65.85618095256088,0.04783196899703808,0.6151988539843248,0.3044146429622394,-0.0,3.445075217014577,-3.440754285768263
78.075,-65.85628873726843,0.04783133444609656,0.6152294977047239,0.3044156708014579,-0.0,3.4450884239346378,-3.4407866211805285
78.1,-65.856396040601,0.0478307022133812,0.6152600627786287,0.30441668661201815,-0.0,3.4451012347293357,-3.440818812180299
78.125,-65.85650285636291,0.047830072345617314,0.6152905493872254,0.3044176904816762,-0.0,3.4451136552920114,-3.4408508569088725
78.15,-65.85660917855081,0.04782944488826849,0.6153209577105663,0.30441868249820797,-0.0,3.445125691457595,-3.4408827535652433
78.175,-65.85671500135085,0.04782881988555464,0.6153512879275919,0.30441966274939575,-0.0,3.445137349002873,-3.440914500405255
78.2,-65.85682031913575,0.047828197380469895,0.615381540216153,0.3044206313230155,-0.0,3.4451486336467956,-3.4409460957407245
78.225,-65.856925126462,0.04782757741480035,0.6154117147530324,0.30442158830682403,-0.0,3.4451595510507613,-3.4409775379386005
78.25,-65.85702941806706,0.04782696002914168,0.6154418117139655,0.30442253378854667,-0.0,3.4451701068189173,-3.4410088254201168
78.275,-65.85713318886657,0.04782634526291659,0.6154718312736619,0.3044234678558651,-0.0,3.445180306498451,-3.4410399566599708
78.3,-65.85723643395164,0.04782573315439202,0.6155017736058255,0.30442439059640547,-0.0,3.4451901555798963,-3.441070930185492
78.325,-65.85733914858608,0.04782512374069621,0.6155316388831749,0.30442530209772656,-0.0,3.44519965949744,-3.4411017445758234
78.35,-65.85744132820375,0.04782451705783561,0.6155614272774632,0.30442620244730845,-0.0,3.4452088236292124,-3.441132398461124
78.375,-65.85754296840587,0.04782391314071168,0.6155911389594978,0.3044270917325414,-0.0,3.445217653297622,-3.4411628905217597
78.4,-65.8576440649584,0.047823312023137395,0.6156207740991593,0.30442797004071476,-0.0,3.4452261537696445,-3.4411932194875177
78.425,-65.85774461378944,0.047822713737853684,0.6156503328654203,0.30442883745900623,-0.0,3.445234330257139,-3.4412233841368303
78.45,-65.85784461098663,0.047822118316545745,0.6156798154263646,0.3044296940744714,-0.0,3.445242187917171,-3.4412533832959893
78.475,-65.85794405279462,0.04782152578985897,0.6157092219492054,0.3044305399740334,-0.0,3.445249731852322,-3.441283215838386
78.5,-65.85804293561253,0.0478209361874151,0.6157385526003027,0.30443137524447295,-0.0,3.445256967111008,-3.441312880683759
78.525,-65.85814125599143,0.04782034953782771,0.6157678075451817,0.30443219997241827,-0.0,3.445263898687807,-3.441342376797428
78.55,-65.8582390106319,0.04781976586871803,0.6157969869485495,0.30443301424433566,-0.0,3.445270531523772,-3.441371703189571
78.575,-65.85833619638161,0.04781918520673027,0.615826090974313,0.3044338181465201,-0.0,3.4452768705067576,-3.441400858914484
78.6,-65.85843281023281,0.047818607577546975,0.615855119785595,0.30443461176508574,-0.0,3.445282920471751,-3.4414298430698436
78.625,-65.85852884932001,0.047818033005904,0.6158840735447514,0.3044353951859573,-0.0,3.4452886862011978,-3.4414586547960027
78.65,-65.8586243109176,0.04781746151560571,0.6159129524133867,0.3044361684948609,-0.0,3.4452941724253123,-3.4414872932752814
78.675,-65.8587191924375,0.04781689312953956,0.6159417565523706,0.3044369317773157,-0.0,3.4452993838224377,-3.4415157577312514
78.7,-65.85881349142684,0.04781632786969085,0.6159704861218532,0.30443768511862535,-0.0,3.4453043250193525,-3.441544047428053
78.725,-65.85890720556569,0.04781576575715724,0.615999141281281,0.3044384286038699,-0.0,3.445309000591607,-3.4415721616697055
78.75,-65.85900033266473,0.04781520681216299,0.616027722189411,0.3044391623178977,-0.0,3.445313415063871,-3.44160009979942
78.775,-65.85909287066313,0.04781465105407328,0.616056229004327,0.30443988634531755,-0.0,3.4453175729102443,-3.4416278611989397
78.8,-65.85918481762623,0.047814098501408143,0.6160846618834529,0.30444060077049123,-0.0,3.4453214785546113,-3.4416554452878683
78.825,-65.85927617174337,0.04781354917185646,0.6161130209835678,0.30444130567752586,-0.0,3.445325136370968,-3.4416828515230122
78.85,-65.8593669313258,0.047813003082289494,0.6161413064608198,0.30444200115026676,-0.0,3.445328550683756,-3.441710079397738
78.875,-65.8594570948044,0.047812460248774634,0.6161695184707398,0.30444268727229024,-0.0,3.4453317257682077,-3.441737128441319
78.9,-65.8595466607277,0.047811920686588835,0.6161976571682553,0.3044433641268968,-0.0,3.4453346658506803,-3.44176399821831
78.925,-65.85963562775973,0.047811384410231875,0.6162257227077036,0.30444403179710444,-0.0,3.44533737510899,-3.441790688327919
78.95,-65.85972399467794,0.047810851433439466,0.6162537152428448,0.304444690365642,-0.0,3.445339857672763,-3.4418171984033803
78.975,-65.85981176037117,0.04781032176919621,0.6162816349268748,0.30444533991494255,-0.0,3.445342117623753,-3.4418435281113515
79.0,-65.85989892383766,0.04780979542974853,0.6163094819124378,0.3044459805271378,-0.0,3.44534415899621,-3.441869677151298
79.025,-65.85998548418299,0.047809272426617457,0.6163372563516387,0.3044466122840514,-0.0,3.445345985777204,-3.4418956452548954
79.05,-65.86007144061814,0.04780875277061092,0.6163649583960551,0.3044472352671935,-0.0,3.445347601906965,-3.4419214321854423
79.075,-65.86015679245759,0.0478082364718364,0.6163925881967495,0.3044478495577546,-0.0,3.445349011279228,-3.441947037737276
79.1,-65.8602415391173,0.047807723539713194,0.6164201459042807,0.3044484552366005,-0.0,3.4453502177415736,-3.441972461735189
79.125,-65.86032568011285,0.04780721398298443,0.6164476316687156,0.3044490523842664,-0.0,3.4453512250957705,-3.441997704033855
79.15,-65.8604092150576,0.04780670780972912,0.6164750456396398,0.3044496410809518,-0.0,3.44535203709811,-3.44202276451728
79.175,-65.86049214366076,0.047806205027374114,0.6165023879661693,0.30445022140651556,-0.0,3.4453526574597575,-3.442047643098229
79.2,-65.86057446572559,0.04780570564270561,0.6165296587969609,0.3044507934404708,-0.0,3.445353089847093,-3.442072339717677
79.225,-65.86065618114759,0.04780520966188101,0.6165568582802228,0.3044513572619801,-0.0,3.445353337882039,-3.442096854344277
79.25,-65.86073728991269,0.04780471709044015,0.6165839865637252,0.3044519129498507,-0.0,3.445353405142415,-3.4421211869738073
79.275,-65.86081779209549,0.0478042279333168,0.6166110437948102,0.3044524605825303,-0.0,3.445353295162281,-3.4421453376286464
79.3,-65.86089768785752,0.04780374219484961,0.6166380301204022,0.3044530002381024,-0.0,3.4453530114322635,-3.4421693063572545
79.325,-65.8609769774455,0.047803259878793414,0.6166649456870168,0.3044535319942822,-0.0,3.445352557399904,-3.4421930932336506
79.35,-65.86105566118965,0.047802780988329935,0.6166917906407714,0.30445405592841246,-0.0,3.445351936470004,-3.4422166983568956
79.375,-65.86113373950197,0.04780230552607882,0.6167185651273939,0.3044545721174594,-0.0,3.445351152004961,-3.4422401218505896
79.4,-65.86121121287461,0.047801833494108006,0.6167452692922318,0.30445508063800913,-0.0,3.445350207325104,-3.442263363862382
79.425,-65.86128808187824,0.04780136489394449,0.6167719032802619,0.3044555815662638,-0.0,3.4453491057090355,-3.4422864245634726
79.45,-65.86136434716039,0.047800899726584634,0.6167984672360983,0.30445607497803784,-0.0,3.4453478503939725,-3.4423093041481168
79.475,-65.86144000944385,0.04780043799250439,0.6168249613040016,0.3044565609487549,-0.0,3.4453464445760837,-3.442332002833156
79.5,-65.86151506952515,0.047799979691669534,0.6168513856278868,0.3044570395534442,-0.0,3.4453448914108167,-3.442354520857546
79.525,-65.86158952827293,0.047799524823545755,0.6168777403513318,0.3044575108667375,-0.0,3.4453431940132506,-3.442376858481879
79.55,-65.86166338662642,0.047799073387108336,0.6169040256175858,0.30445797496286586,-0.0,3.445341355458421,-3.442399015987925
79.575,-65.86173664559392,0.04779862538085212,0.6169302415695765,0.30445843191565686,-0.0,3.4453393787816626,-3.4424209936781764
79.6,-65.86180930625133,0.0477981808028011,0.6169563883499185,0.30445888179853164,-0.0,3.445337266978936,-3.4424427918753993
79.625,-65.86188136974063,0.047797739650518006,0.6169824661009202,0.3044593246845022,-0.0,3.4453350230071687,-3.4424644109221885
79.65,-65.86195283726842,0.047797301921113595,0.6170084749645918,0.3044597606461688,-0.0,3.4453326497845858,-3.442485851180525
79.675,-65.8620237101045,0.047796867611256205,0.617034415082652,0.30446018975571737,-0.0,3.4453301501910367,-3.4425071130313483
79.7,-65.86209398958042,0.04779643671718057,0.6170602865965354,0.30446061208491715,-0.0,3.4453275270683377,-3.4425281968741244
79.725,-65.8621636770881,0.04779600923469719,0.6170860896473994,0.3044610277051185,-0.0,3.4453247832205927,-3.4425491031264315
79.75,-65.86223277407845,0.04779558515920115,0.6171118243761305,0.3044614366872506,-0.0,3.445321921414527,-3.4425698322235347
79.775,-65.86230128205996,0.047795164485680976,0.6171374909233515,0.30446183910181945,-0.0,3.4453189443798142,-3.4425903846179877
79.8,-65.86236920259738,0.04779474720872734,0.6171630894294272,0.30446223501890574,-0.0,3.445315854809407,-3.442610760779213
79.825,-65.86243653731039,0.047794333322541564,0.6171886200344714,0.3044626245081632,-0.0,3.4453126553598628,-3.442630961193116
79.85,-65.86250328787229,0.04779392282094446,0.6172140828783526,0.3044630076388166,-0.0,3.445309348651661,-3.4426509863616856
79.875,-65.86256945600869,0.04779351569738423,0.6172394781006999,0.3044633844796603,-0.0,3.4453059372695405,-3.4426708368026055
79.9,-65.86263504349623,0.04779311194494503,0.6172648058409094,0.3044637550990565,-0.0,3.4453024237628207,-3.4426905130488676
79.925,-65.86270005216136,0.04779271155635522,0.6172900662381489,0.30446411956493363,-0.0,3.4452988106457054,-3.4427100156484074
79.95,-65.86276448387905,0.04779231452399509,0.6173152594313644,0.30446447794478537,-0.0,3.4452951003976335,-3.442729345163714
79.975,-65.86282834057158,0.04779192083990507,0.6173403855592852,0.30446483030566895,-0.0,3.445291295463576,-3.4427485021714745
80.0,-65.86289162420735,0.04779153049579353,0.6173654447604286,0.30446517671420403,-0.0,3.4452873982543637,-3.4427674872622047
80.025,-65.86295433679966,0.0477911434830444,0.6173904371731062,0.3044655172365717,-0.0,3.4452834111470056,-3.442786301039898
80.05,-65.86301648040556,0.047790759792724895,0.6174153629354274,0.3044658519385134,-0.0,3.4452793364850005,-3.4428049441216686
80.075,-65.86307805712468,0.04779037941559304,0.6174402221853059,0.3044661808853297,-0.0,3.445275176578656,-3.4428234171374044
80.1,-65.86313906909811,0.04779000234210499,0.6174650150604633,0.30446650414187976,-0.0,3.4452709337053937,-3.442841720729433
80.125,-65.86319951850723,0.047789628562422526,0.617489741698434,0.30446682177258044,-0.0,3.4452666101100755,-3.4428598555521686
80.15,-65.86325940757264,0.04778925806642011,0.6175144022365697,0.30446713384140545,-0.0,3.445262208005303,-3.442877822271792
80.175,-65.86331873855306,0.04778889084369212,0.6175389968120442,0.3044674404118849,-0.0,3.445257729571735,-3.4428956215659183
80.2,-65.86337751374425,0.047788526883559786,0.6175635255618569,0.30446774154710465,-0.0,3.445253176958388,-3.442913254123276
80.225,-65.86343573547795,0.047788166175078216,0.6175879886228371,0.3044680373097058,-0.0,3.4452485522829486,-3.4429307206433846
80.25,-65.86349340612084,0.047787808707043085,0.6176123861316491,0.3044683277618843,-0.0,3.4452438576320725,-3.4429480218362514
80.275,-65.86355052807349,0.04778745446799747,0.6176367182247944,0.3044686129653907,-0.0,3.4452390950616936,-3.4429651584220466
80.3,-65.86360710376935,0.04778710344623843,0.6176609850386164,0.30446889298152974,-0.0,3.4452342665973372,-3.442982131130806
80.325,-65.8636631356738,0.04778675562982368,0.6176851867093045,0.30446916787116024,-0.0,3.44522937423439,-3.442998940702141
80.35,-65.8637186262831,0.04778641100657775,0.6177093233728965,0.30446943769469503,-0.0,3.445224419938432,-3.4430155878849305
80.375,-65.86377357812344,0.04778606956409859,0.6177333951652832,0.30446970251210076,-0.0,3.445219405645515,-3.4430320734370325
80.4,-65.86382799375,0.0477857312897638,0.6177574022222112,0.30446996238289803,-0.0,3.445214333262474,-3.4430483981249975
80.425,-65.86388187574597,0.04778539617073666,0.6177813446792859,0.30447021736616137,-0.0,3.445209204667205,-3.443064562723792
80.45,-65.86393522672171,0.047785064193972396,0.6178052226719754,0.3044704675205194,-0.0,3.445204021708971,-3.443080568016512
80.475,-65.86398804931372,0.04778473534622402,0.6178290363356127,0.30447071290415517,-0.0,3.44519878620869,-3.443096414794115
80.5,-65.86404034618384,0.04778440961404831,0.6178527858053995,0.3044709535748061,-0.0,3.44519349995922,-3.443112103855152
80.525,-65.86409212001833,0.0477840869838117,0.6178764712164083,0.3044711895897646,-0.0,3.445188164725658,-3.443127636005498
80.55,-65.86414337352696,0.0477837674416957,0.6179000927035856,0.3044714210058784,-0.0,3.4451827822456225,-3.443143012058087
80.575,-65.86419410944222,0.04778345097370298,0.6179236504017543,0.3044716478795508,-0.0,3.445177354229535,-3.443158232832667
80.6,-65.86424433051847,0.04778313756566266,0.6179471444456167,0.3044718702667414,-0.0,3.445171882360903,-3.443173299155542
80.625,-65.86429403953103,0.04778282720323577,0.6179705749697565,0.3044720882229665,-0.0,3.445166368296622,-3.4431882118593093
80.65,-65.86434323927547,0.047782519871920746,0.6179939421086413,0.3044723018032998,-0.0,3.4451608136672225,-3.443202971782641
80.675,-65.86439193256673,0.04778221555705866,0.6180172459966252,0.30447251106237294,-0.0,3.4451552200771762,-3.4432175797700197
80.7,-65.86444012223838,0.04778191424383855,0.6180404867679506,0.3044727160543762,-0.0,3.4451495891051613,-3.443232036671513
80.725,-65.86448781114177,0.04778161591730245,0.6180636645567509,0.30447291683305944,-0.0,3.445143922304346,-3.443246343342531
80.75,-65.86453500214537,0.04778132056235059,0.6180867794970517,0.3044731134517327,-0.0,3.4451382212026522,-3.443260500643612
80.775,-65.86458169813395,0.047781028163746256,0.6181098317227736,0.30447330596326727,-0.0,3.4451324873030313,-3.4432745094401835
80.8,-65.86462790200781,0.04778073870612073,0.6181328213677336,0.3044734944200962,-0.0,3.4451267220837365,-3.443288370602343
80.825,-65.86467361668214,0.047780452173978145,0.6181557485656473,0.3044736788742157,-0.0,3.4451209269985976,-3.4433020850046416
80.85,-65.86471884508623,0.047780168551700274,0.61817861345013,0.304473859377186,-0.0,3.445115103477277,-3.4433156535258687
80.875,-65.8647635901628,0.04777988782355124,0.6182014161546993,0.3044740359801322,-0.0,3.4451092529255423,-3.4433290770488383
80.9,-65.86480785486728,0.047779609973681976,0.6182241568127755,0.30447420873374537,-0.0,3.445103376725526,-3.443342356460184
80.925,-65.86485164216718,0.0477793349861349,0.6182468355576843,0.304474377688284,-0.0,3.4450974762359916,-3.4433554926501544
80.95,-65.86489495504136,0.04777906284484826,0.6182694525226577,0.3044745428935749,-0.0,3.4450915527925985,-3.443368486512409
80.975,-65.86493779647944,0.04777879353366064,0.6182920078408347,0.3044747043990143,-0.0,3.445085607708141,-3.4433813389438312
81.0,-65.86498016948109,0.04777852703631523,0.6183145016452642,0.30447486225356934,-0.0,3.445079642272821,-3.4433940508443257
81.025,-65.86502207705541,0.04777826333646402,0.6183369340689048,0.30447501650577924,-0.0,3.445073657754509,-3.443406623116624
81.05,-65.86506352222037,0.04777800241767201,0.6183593052446263,0.3044751672037566,-0.0,3.4450676553989803,-3.44341905666611
81.075,-65.86510450800208,0.047777744263421344,0.6183816153052115,0.3044753143951888,-0.0,3.445061636430184,-3.443431352400623
81.1,-65.8651450374343,0.047777488857115316,0.6184038643833564,0.30447545812733934,-0.0,3.4450556020504695,-3.443443511230291
81.125,-65.86518511355779,0.04777723618208232,0.6184260526116715,0.30447559844704924,-0.0,3.4450495534408634,-3.4434555340673354
81.15,-65.86522473941972,0.04777698622157979,0.6184481801226828,0.30447573540073863,-0.0,3.445043491761299,-3.4434674218259147
81.175,-65.86526391807315,0.047776738958798075,0.6184702470488326,0.30447586903440815,-0.0,3.4450374181508563,-3.443479175421946
81.2,-65.86530265257645,0.04777649437686401,0.6184922535224803,0.30447599939364045,-0.0,3.445031333728019,-3.4434907957729335
81.225,-65.86534094599268,0.04777625245884488,0.618514199675903,0.30447612652360173,-0.0,3.445025239590909,-3.4435022837978053
81.25,-65.86537880138918,0.04777601318775186,0.6185360856412966,0.3044762504690434,-0.0,3.4450191368175243,-3.443513640416755
81.275,-65.86541622183695,0.047775776546543844,0.6185579115507757,0.30447637127430377,-0.0,3.4450130264659737,-3.4435248665510856
81.3,-65.86545321041012,0.04777554251813054,0.6185796775363749,0.30447648898330937,-0.0,3.4450069095747278,-3.4435359631230367
81.325,-65.86548977018552,0.04777531108537646,0.618601383730049,0.30447660363957696,-0.0,3.4450007871628325,-3.4435469310556557
81.35,-65.8655259042421,0.0477750822311038,0.6186230302636736,0.30447671528621506,-0.0,3.4449946602301513,-3.4435577712726313
81.375,-65.8655616156605,0.04777485593809601,0.6186446172690453,0.30447682396592574,-0.0,3.444988529757603,-3.4435684846981487
81.4,-65.86559690752249,0.04777463218910123,0.6186661448778822,0.30447692972100626,-0.0,3.444982396707379,-3.443579072256746
81.425,-65.8656317829106,0.047774410966835136,0.6186876132218243,0.304477032593351,-0.0,3.444976262023172,-3.443589534873179
81.45,-65.86566624490757,0.04777419225398436,0.6187090224324338,0.30447713262445314,-0.0,3.444970126630407,-3.4435998734722717
81.475,-65.86570029659595,0.04777397603320953,0.6187303726411949,0.3044772298554065,-0.0,3.4449639914364667,-3.4436100889787835
81.5,-65.8657339410576,0.047773762287148275,0.6187516639795146,0.3044773243269074,-0.0,3.4449578573309028,-3.443620182317279
81.525,-65.86576718137333,0.04777355099841812,0.6187728965787227,0.3044774160792565,-0.0,3.4449517251856605,-3.4436301544119985
81.55,-65.8658000206224,0.04777334214961962,0.6187940705700714,0.3044775051523608,-0.0,3.4449455958553052,-3.4436400061867203
81.575,-65.86583246188216,0.047773135723339105,0.618815186084736,0.3044775915857353,-0.0,3.4449394701772205,-3.4436497385646487
81.6,-65.86586450822759,0.04777293170215146,0.6188362432538144,0.3044776754185052,-0.0,3.444933348971846,-3.443659352468276
81.625,-65.86589616273092,0.047772730068623065,0.6188572422083275,0.3044777566894077,-0.0,3.444927233042873,-3.4436688488192755
81.65,-65.86592742846123,0.04777253080531426,0.618878183079219,0.3044778354367939,-0.0,3.444921123177464,-3.44367822853837
81.675,-65.8659583084841,0.047772333894782144,0.6188990659973548,0.30447791169863103,-0.0,3.444915020146461,-3.4436874925452288
81.7,-65.86598880586115,0.047772139319583226,0.618919891093524,0.3044779855125041,-0.0,3.4449089247045896,-3.443696641758345
81.725,-65.86601892364978,0.04777194706227585,0.6189406584984373,0.3044780569156182,-0.0,3.4449028375906683,-3.4437056770949326
81.75,-65.8660486649027,0.04777175710542286,0.6189613683427279,0.30447812594480034,-0.0,3.4448967595278126,-3.4437145994708116
81.775,-65.86607803266767,0.04777156943159389,0.6189820207569506,0.3044781926365017,-0.0,3.4448906912236428,-3.4437234098003016
81.8,-65.86610702998708,0.047771384023367794,0.6190026158715822,0.30447825702679954,-0.0,3.4448846333704752,-3.443732108996123
81.825,-65.86613565989765,0.04777120086333516,0.6190231538170203,0.3044783191513992,-0.0,3.444878586645525,-3.4437406979692953
81.85,-65.8661639254301,0.04777101993410045,0.6190436347235837,0.30447837904563646,-0.0,3.4448725517111103,-3.44374917762903
81.875,-65.8661918296088,0.047770841218284364,0.6190640587215115,0.3044784367444793,-0.0,3.4448665292148384,-3.443757548882638
81.9,-65.86621937545148,0.04777066469852597,0.619084425940963,0.30447849228253027,-0.0,3.4448605197898052,-3.4437658126354433
81.925,-65.86624656596892,0.047770490357484915,0.6191047365120173,0.3044785456940286,-0.0,3.4448545240547874,-3.4437739697906764
81.95,-65.86627340416462,0.04777031817784363,0.6191249905646724,0.3044785970128522,-0.0,3.444848542614438,-3.4437820212493846
81.975,-65.86629989303454,0.04777014814230924,0.6191451882288453,0.3044786462725198,-0.0,3.444842576059458,-3.443789967910361
82.0,-65.86632603556677,0.047769980233615686,0.6191653296343711,0.3044786935061933,-0.0,3.4448366249668045,-3.443797810670031
82.025,-65.86635183474132,0.04776981443452574,0.6191854149110024,0.30447873874667974,-0.0,3.4448306898998666,-3.4438055504223968
82.05,-65.86637729352975,0.04776965072783294,0.6192054441884091,0.30447878202643364,-0.0,3.4448247714086513,-3.4438131880589253
82.075,-65.86640241489498,0.04776948909636344,0.6192254175961771,0.304478823377559,-0.0,3.4448188700299625,-3.4438207244684933
82.1,-65.86642720179097,0.04776932952297797,0.6192453352638085,0.30447886283181164,-0.0,3.4448129862875896,-3.4438281605372905
82.125,-65.86645165716253,0.04776917199057353,0.6192651973207205,0.30447890042060133,-0.0,3.4448071206924755,-3.443835497148758
82.15,-65.866475783945,0.047769016482085286,0.6192850038962446,0.30447893617499405,-0.0,3.4448012737429043,-3.4438427351835017
82.175,-65.86649958506409,0.047768862980488214,0.6193047551196263,0.3044789701257142,-0.0,3.4447954459246706,-3.443849875519227
82.2,-65.86652306343552,0.047768711468798866,0.6193244511200242,0.3044790023031467,-0.0,3.4447896377112643,-3.4438569190306567
82.225,-65.86654622196494,0.047768561930077044,0.619344092026509,0.30447903273733934,-0.0,3.4447838495640206,-3.4438638665894814
82.25,-65.86656906354759,0.047768414347427325,0.619363677968063,0.30447906145800513,-0.0,3.4447780819323186,-3.4438707190642757
82.275,-65.86659159106812,0.047768268704000715,0.6193832090735795,0.30447908849452415,-0.0,3.4447723352537296,-3.4438774773204344
82.3,-65.86661380740038,0.04776812498299617,0.6194026854718616,0.30447911387594623,-0.0,3.4447666099542,-3.443884142220115
82.325,-65.86663571540724,0.04776798316766209,0.6194221072916216,0.30447913763099294,-0.0,3.444760906448207,-3.4438907146221722
82.35,-65.86665731794034,0.04776784324129788,0.6194414746614803,0.30447915978805984,-0.0,3.444755225138922,-3.443897195382101
82.375,-65.86667861783991,0.047767705187255226,0.6194607877099658,0.3044791803752188,-0.0,3.4447495664183783,-3.4439035853519724
82.4,-65.86669961793459,0.047767568988939614,0.6194800465655128,0.3044791994202204,-0.0,3.444743930667644,-3.4439098853803753
82.425,-65.86672032104124,0.047767434629811735,0.6194992513564618,0.30447921695049585,-0.0,3.444738318256955,-3.4439160963123725
82.45,-65.86674072996477,0.04776730209338859,0.619518402211058,0.30447923299315954,-0.0,3.4447327295458985,-3.443922218989432
82.475,-65.86676084749796,0.047767171363245015,0.6195374992574507,0.30447924757501116,-0.0,3.444727164883552,-3.443928254249387
82.5,-65.86678067642124,0.047767042423014876,0.6195565426236921,0.30447926072253806,-0.0,3.4447216246086585,-3.4439342029263726
82.525,-65.86680021950264,0.047766915256392206,0.6195755324377363,0.30447927246191736,-0.0,3.444716109049754,-3.4439400658507906
82.55,-65.86681947949752,0.0477667898471325,0.6195944688274387,0.3044792828190184,-0.0,3.4447106185253378,-3.4439458438492565
82.575,-65.8668384591485,0.047766666179053834,0.6196133519205547,0.30447929181940503,-0.0,3.444705153344022,-3.4439515377445487
82.6,-65.86685716118522,0.04776654423603806,0.6196321818447387,0.3044792994883375,-0.0,3.444699713804674,-3.4439571483555667
82.625,-65.86687558832429,0.047766424002031765,0.6196509587275433,0.3044793058507752,-0.0,3.44469430019657,-3.443962676497287
82.65,-65.8668937432691,0.04776630546104742,0.6196696826964183,0.3044793109313787,-0.0,3.4446889127995335,-3.4439681229807304
82.675,-65.86691162870969,0.04776618859716444,0.6196883538787096,0.30447931475451195,-0.0,3.4446835518840895,-3.443973488612906
82.7,-65.8669292473226,0.04776607339453015,0.619706972401658,0.3044793173442447,-0.0,3.4446782177116018,-3.4439787741967804
82.725,-65.8669466017708,0.047765959837360775,0.6197255383923985,0.30447931872435474,-0.0,3.444672910534417,-3.4439839805312418
82.75,-65.86696369470354,0.047765847909942455,0.6197440519779591,0.30447931891833,-0.0,3.444667630595999,-3.4439891084110625
82.775,-65.8669805287562,0.04776573759663204,0.6197625132852597,0.30447931794937105,-0.0,3.444662378131077,-3.44399415862686
82.8,-65.86699710655023,0.047765628881858,0.6197809224411109,0.3044793158403931,-0.0,3.444657153365775,-3.4439991319650685
82.825,-65.867013430693,0.04776552175012141,0.6197992795722135,0.3044793126140285,-0.0,3.4446519565177494,-3.444004029207902
82.85,-65.86702950377776,0.04776541618599661,0.6198175848051566,0.30447930829262876,-0.0,3.4446467877963247,-3.444008851133327
82.875,-65.86704532838343,0.047765312174132164,0.6198358382664172,0.30447930289826697,-0.0,3.4446416474026287,-3.4440135985150278
82.9,-65.8670609070746,0.04776520969925151,0.6198540400823588,0.30447929645274,-0.0,3.4446365355297224,-3.4440182721223804
82.925,-65.86707624240142,0.047765108746153855,0.6198721903792302,0.30447928897757076,-0.0,3.444631452362726,-3.444022872720427
82.95,-65.86709133689949,0.04776500929971482,0.6198902892831649,0.30447928049401024,-0.0,3.44462639807895,-3.4440274010698473
82.975,-65.86710619308977,0.04776491134488712,0.6199083369201793,0.30447927102304007,-0.0,3.4446213728480286,-3.4440318579269302
83.0,-65.86712081347851,0.04776481486670125,0.6199263334161722,0.30447926058537444,-0.0,3.444616376832039,-3.444036244043552
83.025,-65.86713520055721,0.047764719850266216,0.619944278896923,0.30447924920146263,-0.0,3.4446114101856202,-3.444040560167164
83.05,-65.8671493568025,0.047764626280770175,0.6199621734880915,0.30447923689149087,-0.0,3.4446064730561137,-3.4440448070407497
83.075,-65.86716328467605,0.04776453414348083,0.6199800173152157,0.3044792236753848,-0.0,3.4446015655836733,-3.444048985402816
83.1,-65.8671769866246,0.047764443423746285,0.6199978105037117,0.30447920957281177,-0.0,3.444596687901381,-3.4440530959873796
83.125,-65.86719046507979,0.047764354106995366,0.620015553178872,0.3044791946031826,-0.0,3.4445918401353786,-3.444057139523936
83.15,-65.86720372245816,0.04776426617873841,0.6200332454658642,0.30447917878565434,-0.0,3.444587022404978,-3.444061116737447
83.175,-65.86721676116109,0.04776417962456752,0.6200508874897306,0.304479162139132,-0.0,3.44458223482278,-3.4440650283483265
83.2,-65.86722958357473,0.04776409443015729,0.620068479375386,0.304479144682271,-0.0,3.44457747749479,-3.4440688750724178
83.225,-65.86724219206995,0.047764010581265094,0.6200860212476175,0.3044791264334792,-0.0,3.4445727505205292,-3.4440726576209855
83.25,-65.86725458900233,0.04776392806373155,0.6201035132310829,0.30447910741091916,-0.0,3.444568053993152,-3.4440763767006985
83.275,-65.86726677671207,0.047763846863481035,0.6201209554503099,0.3044790876325103,-0.0,3.444563387999549,-3.444080033013621
83.3,-65.86727875752399,0.04776376696652214,0.6201383480296941,0.30447906711593103,-0.0,3.4445587526204666,-3.444083627257197
83.325,-65.86729053374745,0.04776368835894791,0.6201556910934992,0.30447904587862085,-0.0,3.4445541479306137,-3.444087160124235
83.35,-65.86730210767637,0.047763611026936284,0.6201729847658546,0.3044790239377826,-0.0,3.4445495739987626,-3.4440906323029097
83.375,-65.86731348158914,0.04776353495675045,0.620190229170755,0.3044790013103844,-0.0,3.4445450308878587,-3.4440940444767407
83.4,-65.86732465774863,0.04776346013473907,0.6202074244320588,0.30447897801316215,-0.0,3.44454051865514,-3.444097397324587
83.425,-65.86733563840217,0.04776338654733682,0.6202245706734875,0.3044789540626212,-0.0,3.444536037352213,-3.44410069152065
83.45,-65.86734642578152,0.0477633141810645,0.6202416680186239,0.30447892947503874,-0.0,3.444531587025172,-3.4441039277344556
83.475,-65.86735702210282,0.04776324302252929,0.6202587165909117,0.30447890426646584,-0.0,3.444527167714708,-3.4441071066308466
83.5,-65.86736742956663,0.04776317305842508,0.6202757165136535,0.3044788784527296,-0.0,3.4445227794561917,-3.444110228869988
83.525,-65.86737765035784,0.04776310427553269,0.6202926679100105,0.304478852049435,-0.0,3.4445184222797827,-3.444113295107351
83.55,-65.86738768664573,0.047763036660720085,0.6203095709030007,0.3044788250719673,-0.0,3.4445140962105287,-3.444116305993718
83.575,-65.86739754058394,0.04776297020094264,0.6203264256154981,0.3044787975354939,-0.0,3.4445098012684525,-3.444119262175181
83.6,-65.86740721431043,0.04776290488324313,0.6203432321702318,0.3044787694549665,-0.0,3.444505537468657,-3.4441221642931295
83.625,-65.86741670994753,0.04776284069475226,0.6203599906897842,0.3044787408451231,-0.0,3.4445013048214173,-3.44412501298426
83.65,-65.8674260296019,0.04776277762268833,0.6203767012965905,0.30447871172049,-0.0,3.4444971033322673,-3.44412780888057
83.675,-65.8674351753645,0.04776271565435784,0.620393364112937,0.304478682095384,-0.0,3.4444929330021106,-3.4441305526093515
83.7,-65.8674441493107,0.04776265477715533,0.6204099792609606,0.30447865198391405,-0.0,3.4444887938272784,-3.4441332447932096
83.725,-65.86745295350016,0.04776259497856354,0.6204265468626474,0.30447862139998383,-0.0,3.4444846857996545,-3.4441358860500486
83.75,-65.86746158997693,0.04776253624615363,0.6204430670398315,0.30447859035729324,-0.0,3.4444806089067406,-3.4441384769930776
83.775,-65.86747006076938,0.047762478567585046,0.620459539914194,0.3044785588693407,-0.0,3.444476563131761,-3.444141018230813
83.8,-65.8674783678903,0.04776242193060572,0.6204759656072618,0.304478526949425,-0.0,3.4444725484537275,-3.44414351036709
83.825,-65.86748651333683,0.0477623663230522,0.6204923442404067,0.3044784946106473,-0.0,3.44446856484755,-3.444145954001048
83.85,-65.86749449909054,0.047762311732849345,0.620508675934844,0.3044784618659131,-0.0,3.444464612284097,-3.4441483497271617
83.875,-65.8675023271174,0.047762258148010855,0.6205249608116318,0.3044784287279342,-0.0,3.444460690730294,-3.4441506981352217
83.9,-65.86750999936784,0.04776220555663885,0.6205411989916694,0.30447839520923065,-0.0,3.4444568001492053,-3.4441529998103517
83.925,-65.86751751777672,0.047762153946924055,0.6205573905956967,0.3044783613221327,-0.0,3.444452940500105,-3.4441552553330155
83.95,-65.86752488426339,0.04776210330714568,0.620573535744293,0.30447832707878264,-0.0,3.444449111738572,-3.4441574652790163
83.975,-65.86753210073174,0.047762053625671604,0.6205896345578757,0.3044782924911369,-0.0,3.4444453138165483,-3.4441596302195205
84.0,-65.86753916907014,0.047762004890958054,0.6206056871566997,0.3044782575709677,-0.0,3.4444415466824436,-3.4441617507210425
84.025,-65.86754609115157,0.04776195709154973,0.6206216936608556,0.3044782223298651,-0.0,3.4444378102811886,-3.44416382734547
84.05,-65.86755286883356,0.04776191021607966,0.6206376541902695,0.3044781867792389,-0.0,3.4444341045543245,-3.4441658606500667
84.075,-65.86755950395828,0.04776186425326917,0.6206535688647014,0.3044781509303204,-0.0,3.444430429440076,-3.4441678511874825
84.1,-65.86756599835257,0.04776181919192787,0.6206694378037441,0.30447811479416437,-0.0,3.4444267848734134,-3.4441697995057723
84.125,-65.86757235382795,0.047761775020953294,0.6206852611268227,0.3044780783816509,-0.0,3.444423170786153,-3.4441717061483854
84.15,-65.86757857218066,0.04776173172933102,0.6207010389531932,0.3044780417034872,-0.0,3.4444195871069976,-3.4441735716541984
84.175,-65.86758465519172,0.04776168930613455,0.6207167714019414,0.30447800477020925,-0.0,3.4444160337616245,-3.4441753965575157
84.2,-65.86759060462694,0.04776164774052514,0.6207324585919819,0.30447796759218404,-0.0,3.4444125106727594,-3.4441771813880817
84.225,-65.86759642223699,0.0477616070217515,0.6207481006420575,0.304477930179611,-0.0,3.444409017760235,-3.4441789266710954
84.25,-65.8676021097574,0.0477615671391498,0.6207636976707379,0.3044778925425239,-0.0,3.4444055549410626,-3.4441806329272198
84.275,-65.86760766890866,0.047761528082143526,0.6207792497964186,0.30447785469079275,-0.0,3.444402122129506,-3.444182300672598
84.3,-65.86761310139623,0.047761489840243226,0.6207947571373198,0.3044778166341254,-0.0,3.444398719237134,-3.444183930418869
84.325,-65.86761840891057,0.04776145240304642,0.620810219811486,0.3044777783820694,-0.0,3.4443953461729033,-3.444185522673172
84.35,-65.86762359312725,0.047761415760237326,0.6208256379367845,0.3044777399440139,-0.0,3.4443920028432102,-3.4441870779381745
84.375,-65.86762865570691,0.047761379901586694,0.6208410116309047,0.304477701329191,-0.0,3.444388689151961,-3.4441885967120727
84.4,-65.86763359829538,0.047761344816951566,0.620856341011357,0.3044776625466778,-0.0,3.4443854050006277,-3.444190079488615
84.425,-65.86763842252373,0.04776131049627509,0.6208716261954721,0.30447762360539804,-0.0,3.44438215028832,-3.4441915267571175
84.45,-65.86764313000826,0.04776127692958639,0.6208868673003997,0.30447758451412377,-0.0,3.4443789249118346,-3.444192939002478
84.475,-65.86764772235064,0.04776124410700012,0.6209020644431076,0.3044775452814771,-0.0,3.444375728765726,-3.444194316705192
84.5,-65.86765220113787,0.047761212018716394,0.6209172177403812,0.30447750591593176,-0.0,3.4443725617423646,-3.4441956603413613
84.525,-65.86765656794242,0.047761180655020524,0.6209323273088223,0.30447746642581497,-0.0,3.444369423731989,-3.4441969703827255
84.55,-65.86766082432223,0.04776115000628264,0.620947393264848,0.30447742681930895,-0.0,3.444366314622768,-3.4441982472966686
84.575,-65.86766497182082,0.04776112006295763,0.6209624157246902,0.3044773871044526,-0.0,3.4443632343008512,-3.4441994915462444
84.6,-65.86766901196727,0.047761090815584634,0.6209773948043944,0.3044773472891431,-0.0,3.4443601826504393,-3.4442007035901794
84.625,-65.86767294627636,0.04776106225478693,0.6209923306198188,0.30447730738113765,-0.0,3.444357159553825,-3.444201883882907
84.65,-65.8676767762486,0.047761034371271646,0.6210072232866339,0.30447726738805503,-0.0,3.444354164891451,-3.44420303287458
84.675,-65.86768050337027,0.04776100715582938,0.6210220729203211,0.3044772273173771,-0.0,3.4443511985419706,-3.4442041510110797
84.7,-65.8676841291135,0.047760980599334014,0.6210368796361718,0.30447718717645056,-0.0,3.444348260382294,-3.4442052387340496
84.725,-65.86768765493635,0.047760954692742295,0.6210516435492872,0.30447714697248845,-0.0,3.4443453502876413,-3.4442062964809037
84.75,-65.86769108228285,0.0477609294270936,0.6210663647745768,0.3044771067125717,-0.0,3.4443424681315897,-3.4442073246848537
84.775,-65.86769441258306,0.04776090479350961,0.6210810434267579,0.3044770664036508,-0.0,3.4443396137861373,-3.4442083237749186
84.8,-65.86769764725317,0.04776088078319402,0.6210956796203545,0.30447702605254706,-0.0,3.444336787121739,-3.4442092941759497
84.825,-65.86770078769551,0.04776085738743204,0.621110273469697,0.30447698566595444,-0.0,3.4443339880073585,-3.444210236308653
84.85,-65.86770383529868,0.04776083459759034,0.621124825088921,0.304476945250441,-0.0,3.444331216310524,-3.444211150589605
84.875,-65.86770679143758,0.04776081240511659,0.6211393345919664,0.3044769048124504,-0.0,3.444328471897366,-3.444212037431275
84.9,-65.86770965747348,0.04776079080153896,0.6211538020925769,0.30447686435830323,-0.0,3.4443257546326698,-3.444212897242045
84.925,-65.8677124347541,0.04776076977846595,0.6211682277042991,0.3044768238941989,-0.0,3.444323064379925,-3.444213730426229
84.95,-65.86771512461367,0.04776074932758609,0.6211826115404822,0.3044767834262166,-0.0,3.444320401001353,-3.4442145373841
84.975,-65.86771772837301,0.047760729440667365,0.6211969537142759,0.30447674296031724,-0.0,3.4443177643579777,-3.4442153185119024
85.0,-65.86772024733958,0.04776071010955698,0.6212112543386311,0.30447670250234454,-0.0,3.4443151543096535,-3.4442160742018726
85.025,-65.86772268280758,0.04776069132618113,0.6212255135262987,0.30447666205802676,-0.0,3.444312570715108,-3.444216804842274
85.05,-65.86772503605802,0.04776067308254442,0.6212397313898287,0.3044766216329779,-0.0,3.4443100134319886,-3.4442175108174053
85.075,-65.86772730835875,0.04776065537072956,0.6212539080415693,0.3044765812326992,-0.0,3.444307482316905,-3.4442181925076256
85.1,-65.86772950096459,0.04776063818289693,0.6212680435936668,0.3044765408625807,-0.0,3.4443049772254706,-3.4442188502893756
85.125,-65.86773161511734,0.04776062151128431,0.6212821381580644,0.30447650052790237,-0.0,3.4443024980123442,-3.4442194845352003
85.15,-65.86773365204593,0.04776060534820645,0.6212961918465016,0.3044764602338357,-0.0,3.4443000445312575,-3.4442200956137783
85.175,-65.86773561296643,0.047760589686054615,0.6213102047705136,0.3044764199854449,-0.0,3.444297616635075,-3.444220683889928
85.2,-65.86773749908217,0.0477605745172963,0.6213241770414305,0.3044763797876885,-0.0,3.4442952141758125,-3.44422124972465
85.225,-65.86773931158376,0.04776055983447476,0.621338108770377,0.3044763396454205,-0.0,3.4442928370046944,-3.4442217934751285
85.25,-65.86774105164923,0.04776054563020865,0.6213520000682712,0.30447629956339173,-0.0,3.444290484972173,-3.4442223154947698
85.275,-65.86774272044406,0.04776053189719155,0.6213658510458243,0.30447625954625135,-0.0,3.444288157927982,-3.4442228161332165
85.3,-65.86774431912124,0.047760518628191646,0.62137966181354,0.30447621959854787,-0.0,3.4442858557211564,-3.4442232957363728
85.325,-65.86774584882144,0.047760505816051346,0.6213934324817136,0.3044761797247308,-0.0,3.4442835782000794,-3.4442237546464325
85.35,-65.86774731067298,0.04776049345368662,0.6214071631604318,0.30447613992915157,-0.0,3.4442813252125073,-3.444224193201894
85.375,-65.86774870579197,0.04776048153408696,0.6214208539595715,0.30447610021606525,-0.0,3.444279096605619,-3.44422461173759
85.4,-65.86775003528234,0.047760470050314675,0.6214345049887997,0.3044760605896314,-0.0,3.444276892226033,-3.4442250105847023
85.425,-65.86775130023598,0.0477604589955046,0.6214481163575728,0.3044760210539156,-0.0,3.444274711919851,-3.4442253900707938
85.45,-65.86775250173275,0.04776044836286369,0.6214616881751358,0.3044759816128906,-0.0,3.4442725555326925,-3.4442257505198257
85.475,-65.86775364084062,0.04776043814567047,0.6214752205505221,0.30447594227043756,-0.0,3.444270422909714,-3.4442260922521855
85.5,-65.8677547186157,0.047760428337274737,0.6214887135925525,0.3044759030303474,-0.0,3.44426831389565,-3.4442264155847098
85.525,-65.86775573610234,0.04776041893109704,0.6215021674098352,0.3044758638963218,-0.0,3.4442662283348495,-3.4442267208307014
85.55,-65.8677566943332,0.0477604099206284,0.6215155821107646,0.30447582487197467,-0.0,3.444264166071296,-3.444227008299958
85.575,-65.86775759432933,0.0477604012994297,0.6215289578035215,0.30447578596083297,-0.0,3.4442621269486344,-3.4442272782987997
85.6,-65.86775843710029,0.04776039306113133,0.6215422945960715,0.30447574716633835,-0.0,3.4442601108102116,-3.4442275311300876
85.625,-65.86775922364414,0.04776038519943274,0.6215555925961661,0.304475708491848,-0.0,3.444258117499104,-3.4442277670932424
85.65,-65.8677599549476,0.04776037770810202,0.6215688519113404,0.3044756699406359,-0.0,3.4442561468581316,-3.44422798648428
85.675,-65.8677606319861,0.047760370580975445,0.621582072648914,0.3044756315158941,-0.0,3.444254198729904,-3.44422818959583
85.7,-65.86776125572385,0.04776036381195703,0.6215952549159897,0.30447559322073353,-0.0,3.4442522729568363,-3.4442283767171546
85.725,-65.86776182711394,0.04776035739501823,0.6216083988194534,0.3044755550581856,-0.0,3.4442503693811743,-3.444228548134181
85.75,-65.86776234709838,0.04776035132419711,0.6216215044659736,0.30447551703120285,-0.0,3.4442484878450363,-3.444228704129513
85.775,-65.86776281660823,0.04776034559359842,0.6216345719620009,0.3044754791426605,-0.0,3.44424662819042,-3.44422884498247
85.8,-65.86776323656368,0.047760340197392816,0.6216476014137672,0.3044754413953572,-0.0,3.444244790259236,-3.4442289709691023
85.825,-65.86776360787405,0.0477603351298164,0.6216605929272859,0.3044754037920163,-0.0,3.4442429738933313,-3.4442290823622157
85.85,-65.86776393143799,0.04776033038517051,0.6216735466083512,0.3044753663352869,-0.0,3.4442411789345133,-3.4442291794313973
85.875,-65.86776420814344,0.04776032595782098,0.6216864625625372,0.30447532902774477,-0.0,3.444239405224579,-3.444229262443032
85.9,-65.86776443886778,0.0477603218421979,0.6216993408951985,0.3044752918718937,-0.0,3.4442376526053335,-3.444229331660334
85.925,-65.86776462447791,0.04776031803279525,0.6217121817114688,0.30447525487016636,-0.0,3.4442359209186066,-3.444229387343374
85.95,-65.8677647658303,0.047760314524170094,0.621724985116261,0.30447521802492533,-0.0,3.4442342100062926,-3.44422942974909
85.975,-65.8677648637711,0.047760311310942535,0.6217377512142667,0.3044751813384642,-0.0,3.444232519710347,-3.44422945913133
86.0,-65.86776491913618,0.04776030838779498,0.6217504801099559,0.3044751448130085,-0.0,3.4442308498728353,-3.4442294757408534
86.025,-65.86776493275124,0.04776030574947185,0.6217631719075768,0.3044751084507169,-0.0,3.4442292003359336,-3.4442294798253728
86.05,-65.8677649054319,0.04776030339077896,0.6217758267111548,0.30447507225368187,-0.0,3.444227570941958,-3.444229471629569
86.075,-65.86776483798373,0.04776030130658337,0.6217884446244929,0.304475036223931,-0.0,3.4442259615333852,-3.444229451395118
86.1,-65.86776473120237,0.047760299491812576,0.6218010257511709,0.30447500036342784,-0.0,3.4442243719528696,-3.444229419360711
86.125,-65.86776458587362,0.047760297941454304,0.6218135701945453,0.30447496467407287,-0.0,3.444222802043266,-3.4442293757620845
86.15,-65.86776440277347,0.04776029665055609,0.6218260780577487,0.3044749291577044,-0.0,3.4442212516476367,-3.4442293208320423
86.175,-65.86776418266822,0.047760295614224596,0.6218385494436898,0.3044748938160997,-0.0,3.4442197206092935,-3.4442292548004674
86.2,-65.86776392631454,0.04776029482762526,0.6218509844550529,0.3044748586509758,-0.0,3.444218208771799,-3.444229177894361
86.225,-65.86776363445955,0.04776029428598204,0.6218633831942978,0.3044748236639903,-0.0,3.4442167159789783,-3.4442290903378647
86.25,-65.8677633078409,0.04776029398457675,0.6218757457636592,0.3044747888567426,-0.0,3.4442152420749528,-3.444228992352271
86.275,-65.86776294718688,0.04776029391874856,0.6218880722651465,0.3044747542307746,-0.0,3.4442137869041476,-3.4442288841560624
86.3,-65.86776255321641,0.04776029408389384,0.621900362800544,0.30447471978757157,-0.0,3.444212350311314,-3.4442287659649224
86.325,-65.86776212663924,0.04776029447546539,0.6219126174714097,0.3044746855285632,-0.0,3.444210932141535,-3.4442286379917704
86.35,-65.86776166815591,0.04776029508897224,0.6219248363790761,0.3044746514551244,-0.0,3.4442095322402566,-3.444228500446772
86.375,-65.8677611784579,0.04776029591997897,0.6219370196246493,0.30447461756857613,-0.0,3.4442081504532913,-3.444228353537369
86.4,-65.8677606582277,0.04776029696410551,0.6219491673090088,0.3044745838701863,-0.0,3.4442067866268373,-3.444228197468308
86.425,-65.86776010813885,0.04776029821702652,0.6219612795328076,0.3044745503611706,-0.0,3.4442054406074916,-3.444228032441656
86.45,-65.86775952885608,0.047760299674471055,0.6219733563964714,0.3044745170426935,-0.0,3.4442041122422675,-3.444227858656825
86.475,-65.86775892103532,0.04776030133222198,0.6219853980001993,0.30447448391586884,-0.0,3.444202801378607,-3.4442276763105952
86.5,-65.86775828532379,0.04776030318611574,0.6219974044439625,0.30447445098176085,-0.0,3.444201507864397,-3.444227485597136
86.525,-65.86775762236012,0.0477603052320417,0.6220093758275049,0.3044744182413848,-0.0,3.444200231547978,-3.444227286708035
86.55,-65.86775693277438,0.04776030746594184,0.6220213122503427,0.30447438569570806,-0.0,3.4441989722781603,-3.444227079832315
86.575,-65.8677562171882,0.04776030988381026,0.6220332138117641,0.3044743533456506,-0.0,3.4441977299042343,-3.4442268651564603
86.6,-65.86775547621478,0.0477603124816928,0.6220450806108293,0.304474321192086,-0.0,3.44419650427599,-3.4442266428644346
86.625,-65.86775471045902,0.047760315255686456,0.6220569127463701,0.30447428923584213,-0.0,3.4441952952437203,-3.444226413137707
86.65,-65.8677539205176,0.04776031820193919,0.62206871031699,0.30447425747770196,-0.0,3.4441941026582326,-3.4442261761552797
86.675,-65.86775310697898,0.047760321316649264,0.6220804734210638,0.30447422591840434,-0.0,3.4441929263708753,-3.444225932093694
86.7,-65.86775227042358,0.047760324596064906,0.6220922021567378,0.3044741945586447,-0.0,3.4441917662335295,-3.4442256811270737
86.725,-65.86775141142377,0.047760328036483814,0.6221038966219293,0.3044741633990759,-0.0,3.44419062209863,-3.44422542342713
86.75,-65.86775053054399,0.047760331634252924,0.6221155569143267,0.3044741324403088,-0.0,3.444189493819174,-3.444225159163196
86.775,-65.86774962834079,0.04776033538576774,0.6221271831313895,0.30447410168291317,-0.0,3.444188381248736,-3.4442248885022364
86.8,-65.86774870536294,0.04776033928747195,0.6221387753703476,0.30447407112741837,-0.0,3.4441872842414734,-3.4442246116088824
86.825,-65.86774776215148,0.04776034333585709,0.6221503337282019,0.30447404077431395,-0.0,3.444186202652132,-3.444224328645444
86.85,-65.8677467992398,0.04776034752746213,0.622161858301724,0.3044740106240505,-0.0,3.444185136336062,-3.444224039771939
86.875,-65.86774581715369,0.04776035185887294,0.6221733491874558,0.3044739806770403,-0.0,3.44418408514923,-3.4442237451461066
86.9,-65.86774481641147,0.04776035632672188,0.6221848064817097,0.3044739509336579,-0.0,3.444183048948211,-3.4442234449234417
86.925,-65.86774379752399,0.047760360927687484,0.6221962302805687,0.3044739213942411,-0.0,3.4441820275902284,-3.4442231392571956
86.95,-65.86774276099473,0.04776036565849395,0.6222076206798857,0.30447389205909126,-0.0,3.4441810209331285,-3.4442228282984186
86.975,-65.86774170731991,0.04776037051591078,0.622218977775284,0.3044738629284741,-0.0,3.444180028835408,-3.444222512195972
87.0,-65.8677406369885,0.04776037549675223,0.6222303016621573,0.30447383400262057,-0.0,3.4441790511562154,-3.44422219109655
87.025,-65.86773955048231,0.04776038059787707,0.6222415924356693,0.30447380528172713,-0.0,3.4441780877553687,-3.4442218651446934
87.05,-65.8677384482761,0.0477603858161881,0.6222528501907539,0.30447377676595677,-0.0,3.444177138493348,-3.4442215344828297
87.075,-65.86773733083758,0.04776039114863176,0.622264075022115,0.30447374845543934,-0.0,3.4441762032313097,-3.4442211992512752
87.1,-65.86773619862754,0.047760396592197586,0.6222752670242265,0.3044737203502723,-0.0,3.444175281831098,-3.444220859588262
87.125,-65.86773505209989,0.047760402143917975,0.6222864262913327,0.3044736924505214,-0.0,3.4441743741552386,-3.4442205156299663
87.15,-65.86773389170172,0.04776040780086771,0.6222975529174474,0.30447366475622123,-0.0,3.4441734800669654,-3.4442201675105153
87.175,-65.86773271787338,0.04776041356016359,0.6223086469963548,0.3044736372673758,-0.0,3.4441725994302104,-3.444219815362014
87.2,-65.86773153104858,0.047760419418963945,0.6223197086216091,0.30447360998395917,-0.0,3.4441717321096106,-3.444219459314573
87.225,-65.8677303316544,0.04776042537446827,0.6223307378865346,0.304473582905916,-0.0,3.444170877970515,-3.4442190994963195
87.25,-65.86772912011139,0.047760431423916914,0.6223417348842255,0.3044735560331622,-0.0,3.4441700368790023,-3.444218736033417
87.275,-65.86772789683363,0.04776043756459049,0.6223526997075463,0.3044735293655854,-0.0,3.444169208701872,-3.444218369050088
87.3,-65.8677266622288,0.047760443793809726,0.6223636324491314,0.3044735029030458,-0.0,3.4441683933066503,-3.444217998668641
87.325,-65.86772541669826,0.04776045010893486,0.6223745332013856,0.3044734766453764,-0.0,3.4441675905616056,-3.444217625009479
87.35,-65.86772416063707,0.04776045650736538,0.6223854020564837,0.30447345059238357,-0.0,3.4441668003357435,-3.4442172481911197
87.375,-65.8677228944341,0.047760462986539576,0.6223962391063711,0.30447342474384786,-0.0,3.444166022498813,-3.4442168683302286
87.4,-65.86772161847206,0.04776046954393407,0.6224070444427631,0.3044733990995243,-0.0,3.4441652569213166,-3.444216485541618
87.425,-65.86772033312762,0.04776047617706362,0.6224178181571455,0.3044733736591431,-0.0,3.4441645034745068,-3.4442160999382865
87.45,-65.86771903877143,0.04776048288348064,0.6224285603407748,0.3044733484224101,-0.0,3.4441637620303927,-3.444215711631428
87.475,-65.86771773576815,0.047760489660774806,0.6224392710846777,0.3044733233890071,-0.0,3.444163032461749,-3.4442153207304456
87.5,-65.86771642447661,0.047760496506572686,0.6224499504796517,0.30447329855859284,-0.0,3.444162314642112,-3.4442149273429834
87.525,-65.8677151052498,0.04776050341853736,0.622460598616265,0.304473273930803,-0.0,3.444161608445781,-3.4442145315749397
87.55,-65.86771377843495,0.047760510394368016,0.6224712155848565,0.304473249505251,-0.0,3.444160913747835,-3.4442141335304837
87.575,-65.86771244437357,0.04776051743179968,0.622481801475536,0.30447322528152854,-0.0,3.444160230424129,-3.4442137333120697
87.6,-65.86771110340158,0.04776052452860274,0.6224923563781843,0.3044732012592058,-0.0,3.444159558351285,-3.4442133310204723
87.625,-65.86770975584929,0.047760531682582597,0.6225028803824535,0.30447317743783214,-0.0,3.4441588974067123,-3.444212926754787
87.65,-65.86770840204153,0.04776053889157928,0.6225133735777665,0.30447315381693657,-0.0,3.4441582474685997,-3.4442125206124587
87.675,-65.86770704229765,0.04776054615346724,0.6225238360533178,0.30447313039602814,-0.0,3.4441576084159236,-3.4442121126892955
87.7,-65.86770567693162,0.0477605534661547,0.6225342678980735,0.3044731071745964,-0.0,3.4441569801284504,-3.444211703079486
87.725,-65.8677043062521,0.04776056082758365,0.6225446692007711,0.304473084152112,-0.0,3.4441563624867255,-3.444211291875628
87.75,-65.86770293056243,0.04776056823572909,0.6225550400499199,0.3044730613280269,-0.0,3.444155755372096,-3.444210879168729
87.775,-65.86770155016079,0.047760575688599004,0.6225653805338012,0.30447303870177495,-0.0,3.444155158666695,-3.4442104650482364
87.8,-65.86770016534017,0.04776058318423383,0.622575690740468,0.3044730162727724,-0.0,3.4441545722534563,-3.44421004960205
87.825,-65.86769877638848,0.04776059072070622,0.622585970757746,0.3044729940404182,-0.0,3.4441539960161047,-3.4442096329165435
87.85,-65.8676973835886,0.047760598296120595,0.6225962206732328,0.3044729720040945,-0.0,3.44415342983916,-3.4442092150765817
87.875,-65.86769598721843,0.04776060590861281,0.6226064405742989,0.304472950163167,-0.0,3.444152873607947,-3.4442087961655274
87.9,-65.8676945875509,0.047760613556349835,0.6226166305480872,0.30447292851698543,-0.0,3.444152327208592,-3.4442083762652698
87.925,-65.86769318485415,0.04776062123752945,0.6226267906815136,0.3044729070648839,-0.0,3.4441517905280095,-3.444207955456244
87.95,-65.86769177939145,0.04776062895037988,0.622636921061267,0.3044728858061814,-0.0,3.444151263453929,-3.4442075338174347
87.975,-65.86769037142136,0.047760636693159345,0.6226470217738096,0.30447286474018215,-0.0,3.4441507458748686,-3.444207111426408
88.0,-65.86768896119771,0.04776064446415587,0.6226570929053771,0.30447284386617585,-0.0,3.444150237680158,-3.4442066883593143
88.025,-65.8676875489697,0.04776065226168697,0.6226671345419785,0.3044728231834383,-0.0,3.444149738759934,-3.444206264690909
88.05,-65.86768613498194,0.047760660084099155,0.6226771467693971,0.30447280269123167,-0.0,3.4441492490051195,-3.4442058404945812
88.075,-65.8676847194745,0.047760667929767735,0.62268712967319,0.30447278238880476,-0.0,3.444148768307457,-3.4442054158423487
88.1,-65.86768330268298,0.04776067579709644,0.6226970833386883,0.30447276227539366,-0.0,3.444148296559485,-3.444204990804893
88.125,-65.86768188483855,0.047760683684517156,0.6227070078509981,0.30447274235022176,-0.0,3.4441478336545437,-3.444204565451564
88.15,-65.867680466168,0.047760691590489436,0.6227169032949997,0.30447272261250036,-0.0,3.444147379486778,-3.444204139850399
88.175,-65.8676790468938,0.0477606995135004,0.6227267697553486,0.304472703061429,-0.0,3.44414693395114,-3.444203714068139
88.2,-65.86767762723417,0.04776070745206432,0.6227366073164753,0.3044726836961956,-0.0,3.4441464969433704,-3.4442032881702516
88.225,-65.8676762074031,0.04776071540472232,0.6227464160625856,0.3044726645159772,-0.0,3.4441460683600273,-3.4442028622209278
88.25,-65.86767478761038,0.04776072337004194,0.6227561960776612,0.30447264551993986,-0.0,3.444145648098462,-3.4442024362831147
88.275,-65.86767336806174,0.04776073134661698,0.6227659474454594,0.3044726267072392,-0.0,3.444145236056827,-3.444202010418523
88.3,-65.86767194895883,0.04776073933306716,0.6227756702495137,0.30447260807702076,-0.0,3.444144832134073,-3.4442015846876486
88.325,-65.86767053049927,0.04776074732803777,0.622785364573134,0.3044725896284203,-0.0,3.444144436229947,-3.44420115914978
88.35,-65.86766911287673,0.04776075533019943,0.6227950304994065,0.304472571360564,-0.0,3.444144048244995,-3.4442007338630174
88.375,-65.86766769628096,0.047760763338247685,0.6228046681111947,0.304472553272569,-0.0,3.444143668080563,-3.444200308884288
88.4,-65.86766628089786,0.04776077135090284,0.6228142774911389,0.30447253536354346,-0.0,3.444143295638782,-3.4441998842693593
88.425,-65.8676648669095,0.047760779366909485,0.6228238587216571,0.30447251763258704,-0.0,3.444142930822589,-3.4441994600728476
88.45,-65.86766345449416,0.04776078738503642,0.6228334118849447,0.3044725000787911,-0.0,3.444142573535703,-3.4441990363482486
88.475,-65.86766204382644,0.047760795404076135,0.6228429370629751,0.3044724827012391,-0.0,3.4441422236826433,-3.4441986131479325
88.5,-65.86766063507726,0.04776080342284475,0.6228524343375,0.30447246549900675,-0.0,3.444141881168705,-3.444198190523177
88.525,-65.86765922841388,0.04776081144018154,0.6228619037900497,0.3044724484711624,-0.0,3.444141545899982,-3.444197768524165
88.55,-65.86765782400003,0.04776081945494872,0.6228713455019331,0.30447243161676724,-0.0,3.4441412177833457,-3.44419734720001
88.575,-65.86765642199586,0.047760827466031136,0.6228807595542384,0.30447241493487565,-0.0,3.4441408967264606,-3.444196926598758
88.6,-65.86765502255807,0.04776083547233604,0.622890146027833,0.30447239842453544,-0.0,3.4441405826377602,-3.4441965067674203
88.625,-65.86765362583989,0.04776084347279283,0.622899505003364,0.30447238208478816,-0.0,3.444140275426468,-3.4441960877519677
88.65,-65.86765223199119,0.04776085146635263,0.6229088365612586,0.3044723659146693,-0.0,3.4441399750025816,-3.444195669597356
88.675,-65.86765084115844,0.04776085945198808,0.6229181407817244,0.30447234991320854,-0.0,3.444139681276876,-3.4441952523475305
88.7,-65.86764945348483,0.04776086742869322,0.6229274177447491,0.30447233407943003,-0.0,3.444139394160897,-3.444194836045449
88.725,-65.8676480691103,0.04776087539548298,0.622936667530102,0.30447231841235267,-0.0,3.444139113566959,-3.4441944207330906
88.75,-65.86764668817156,0.04776088335139309,0.6229458902173332,0.30447230291099037,-0.0,3.444138839408148,-3.4441940064514682
88.775,-65.86764531080212,0.04776089129547965,0.6229550858857744,0.3044722875743522,-0.0,3.444138571598323,-3.444193593240635
88.8,-65.86764393713239,0.047760899226819094,0.6229642546145393,0.3044722724014427,-0.0,3.4441383100520953,-3.4441931811397155
88.825,-65.86764256728966,0.047760907144507675,0.6229733964825237,0.3044722573912621,-0.0,3.444138054684842,-3.444192770186899
88.85,-65.8676412013982,0.04776091504766142,0.622982511568406,0.3044722425428065,-0.0,3.4441378054127023,-3.4441923604194598
88.875,-65.86763983957924,0.047760922935415694,0.6229915999506475,0.3044722278550682,-0.0,3.444137562152566,-3.444191951873772
88.9,-65.86763848195108,0.047760930806925075,0.6230006617074926,0.30447221332703583,-0.0,3.4441373248220755,-3.4441915445853226
88.925,-65.86763712862906,0.04776093866136311,0.6230096969169693,0.3044721989576946,-0.0,3.4441370933396303,-3.4441911385887165
88.95,-65.86763577972565,0.04776094649792186,0.6230187056568894,0.30447218474602655,-0.0,3.4441368676243727,-3.4441907339176936
88.975,-65.86763443535047,0.04776095431581199,0.6230276880048492,0.3044721706910107,-0.0,3.444136647596194,-3.44419033060514
89.0,-65.86763309561034,0.04776096211426224,0.6230366440382292,0.30447215679162326,-0.0,3.444136433175722,-3.444189928683103
89.025,-65.86763176060933,0.04776096989251926,0.6230455738341951,0.3044721430468379,-0.0,3.4441362242843256,-3.444189528182798
89.05,-65.86763043044874,0.047760977649847415,0.6230544774696978,0.30447212945562585,-0.0,3.44413602084411,-3.4441891291346223
89.075,-65.86762910522724,0.04776098538552857,0.6230633550214739,0.30447211601695623,-0.0,3.444135822777909,-3.444188731568171
89.1,-65.8676277850408,0.04776099309886174,0.6230722065660459,0.30447210272979613,-0.0,3.444135630009293,-3.4441883355122385
89.125,-65.8676264699828,0.04776100078916291,0.6230810321797227,0.30447208959311084,-0.0,3.444135442462554,-3.4441879409948384
89.15,-65.86762516014403,0.04776100845576486,0.6230898319385998,0.304472076605864,-0.0,3.4441352600627115,-3.444187548043209
89.175,-65.86762385561278,0.04776101609801678,0.6230986059185601,0.30447206376701785,-0.0,3.4441350827354986,-3.444187156683833
89.2,-65.8676225564748,0.04776102371528427,0.6231073541952739,0.3044720510755333,-0.0,3.444134910407368,-3.4441867669424395
89.225,-65.86762126281339,0.04776103130694891,0.623116076844199,0.3044720385303703,-0.0,3.44413474300549,-3.444186378844016
89.25,-65.86761997470943,0.04776103887240814,0.6231247739405819,0.3044720261304878,-0.0,3.4441345804577366,-3.444185992412828
89.275,-65.8676186922414,0.04776104641107505,0.6231334455594573,0.304472013874844,-0.0,3.4441344226926947,-3.4441856076724178
89.3,-65.86761741548543,0.047761053922378026,0.623142091775649,0.3044720017623967,-0.0,3.444134269639647,-3.444185224645628
89.325,-65.86761614451531,0.047761061405760634,0.6231507126637704,0.304471989792103,-0.0,3.4441341212285823,-3.4441848433545927
89.35,-65.86761487940258,0.047761068860681474,0.6231593082982243,0.30447197796291997,-0.0,3.4441339773901785,-3.444184463820774
89.375,-65.8676136202165,0.047761076286613795,0.6231678787532038,0.30447196627380446,-0.0,3.4441338380558073,-3.4441840860649506
89.4,-65.86761236702411,0.047761083683045484,0.6231764241026924,0.30447195472371347,-0.0,3.4441337031575383,-3.4441837101072323
89.425,-65.86761111989027,0.04776109104947866,0.6231849444204646,0.30447194331160415,-0.0,3.4441335726281164,-3.444183335967081
89.45,-65.8676098788777,0.04776109838542961,0.6231934397800862,0.3044719320364341,-0.0,3.4441334464009725,-3.44418296366331
89.475,-65.867608644047,0.04776110569042846,0.6232019102549148,0.3044719208971612,-0.0,3.4441333244102115,-3.4441825932140984
89.5,-65.86760741545666,0.04776111296401915,0.6232103559180998,0.3044719098927442,-0.0,3.444133206590618,-3.444182224636998
89.525,-65.86760619316316,0.047761120205758956,0.6232187768425835,0.30447189902214256,-0.0,3.4441330928776424,-3.4441818579489465
89.55,-65.8676049772209,0.047761127415218534,0.6232271731011009,0.30447188828431665,-0.0,3.4441329832074077,-3.4441814931662718
89.575,-65.86760376768237,0.04776113459198168,0.62323554476618,0.30447187767822786,-0.0,3.4441328775166933,-3.44418113030471
89.6,-65.86760256459802,0.04776114173564507,0.6232438919101432,0.3044718672028388,-0.0,3.4441327757429434,-3.4441807693794044
89.625,-65.86760136801641,0.047761148845818065,0.6232522146051064,0.3044718568571134,-0.0,3.4441326778242565,-3.4441804104049223
89.65,-65.86760017798422,0.04776115592212259,0.6232605129229803,0.30447184664001703,-0.0,3.4441325836993806,-3.4441800533952645
89.675,-65.86759899454623,0.0477611629641928,0.6232687869354707,0.3044718365505165,-0.0,3.444132493307713,-3.444179698363868
89.7,-65.86759781774542,0.04776116997167515,0.6232770367140784,0.30447182658758043,-0.0,3.444132406589287,-3.444179345323626
89.725,-65.86759664762293,0.04776117694422792,0.6232852623301002,0.3044718167501792,-0.0,3.4441323234847934,-3.4441789942868795
89.75,-65.86759548421814,0.04776118388152117,0.623293463854629,0.30447180703728505,-0.0,3.4441322439355426,-3.4441786452654424
89.775,-65.86759432756868,0.047761190783236616,0.6233016413585545,0.3044717974478723,-0.0,3.444132167883487,-3.444178298270604
89.8,-65.86759317771046,0.04776119764906734,0.6233097949125631,0.30447178798091734,-0.0,3.4441320952712005,-3.444177953313138
89.825,-65.8675920346777,0.04776120447871763,0.6233179245871389,0.30447177863539887,-0.0,3.4441320260418875,-3.4441776104033095
89.85,-65.86759089850295,0.04776121127190288,0.6233260304525639,0.3044717694102979,-0.0,3.4441319601393685,-3.444177269550886
89.875,-65.86758976921715,0.04776121802834931,0.6233341125789181,0.3044717603045979,-0.0,3.4441318975080817,-3.444176930765144
89.9,-65.8675886468496,0.04776122474779385,0.6233421710360807,0.30447175131728477,-0.0,3.444131838093076,-3.444176594054879
89.925,-65.86758753142804,0.04776123142998403,0.6233502058937296,0.30447174244734715,-0.0,3.444131781840006,-3.4441762594284127
89.95,-65.86758642297865,0.047761238074677616,0.6233582172213425,0.30447173369377645,-0.0,3.444131728695143,-3.444175926893594
89.975,-65.86758532152608,0.047761244681642695,0.6233662050881973,0.30447172505556686,-0.0,3.4441316786053466,-3.4441755964578236
90.0,-65.86758422709349,0.04776125125065728,0.6233741695633719,0.3044717165317155,-0.0,3.4441316315180783,-3.444175268128046
90.025,-65.86758313970256,0.047761257781509345,0.6233821107157455,0.30447170812122254,-0.0,3.4441315873813876,-3.444174941910768
90.05,-65.86758205937352,0.04776126427399643,0.6233900286139983,0.30447169982309114,-0.0,3.4441315461439177,-3.444174617812055
90.075,-65.86758098612518,0.047761270727925804,0.6233979233266126,0.3044716916363277,-0.0,3.44413150775489,-3.4441742958375525
90.1,-65.86757991997496,0.04776127714311393,0.6234057949218726,0.3044716835599419,-0.0,3.4441314721641065,-3.444173975992487
90.125,-65.86757886093888,0.04776128351938665,0.6234136434678653,0.30447167559294674,-0.0,3.4441314393219513,-3.444173658281663
90.15,-65.86757780903164,0.047761289856578765,0.6234214690324806,0.3044716677343587,-0.0,3.444131409179376,-3.444173342709493
90.175,-65.86757676426662,0.04776129615453401,0.6234292716834122,0.3044716599831976,-0.0,3.444131381687899,-3.4441730292799844
90.2,-65.86757572665586,0.04776130241310497,0.6234370514881575,0.304471652338487,-0.0,3.444131356799606,-3.444172717996757
90.225,-65.86757469621016,0.04776130863215276,0.6234448085140184,0.30447164479925404,-0.0,3.444131334467141,-3.4441724088630465
90.25,-65.86757367293905,0.04776131481154701,0.6234525428281016,0.30447163736452953,-0.0,3.4441313146437023,-3.4441721018817133
90.275,-65.86757265685083,0.04776132095116562,0.6234602544973191,0.30447163003334815,-0.0,3.444131297283046,-3.4441717970552475
90.3,-65.8675716479526,0.04776132705089472,0.6234679435883888,0.3044716228047484,-0.0,3.444131282339466,-3.44417149438578
90.325,-65.86757064625029,0.047761333110628426,0.6234756101678344,0.30447161567777253,-0.0,3.4441312697678046,-3.4441711938750856
90.35,-65.86756965174862,0.04776133913026877,0.6234832543019866,0.30447160865146705,-0.0,3.444131259523446,-3.444170895524587
90.375,-65.86756866445124,0.04776134510972549,0.6234908760569831,0.3044716017248823,-0.0,3.444131251562303,-3.444170599335372
90.4,-65.86756768436062,0.04776135104891596,0.6234984754987689,0.30447159489707276,-0.0,3.444131245840824,-3.4441703053081865
90.425,-65.86756671147816,0.047761356947765114,0.6235060526930974,0.3044715881670971,-0.0,3.4441312423159847,-3.4441700134434483
90.45,-65.86756574580419,0.047761362806205035,0.6235136077055301,0.3044715815340181,-0.0,3.444131240945283,-3.4441697237412554
90.475,-65.86756478733795,0.0477613686241752,0.6235211406014375,0.30447157499690297,-0.0,3.444131241686738,-3.444169436201386
90.5,-65.8675638360777,0.047761374401621974,0.6235286514459993,0.3044715685548231,-0.0,3.4441312444988834,-3.4441691508233077
90.525,-65.86756289202063,0.0477613801384989,0.6235361403042053,0.3044715622068543,-0.0,3.444131249340761,-3.4441688676061886
90.55,-65.867561955163,0.04776138583476605,0.6235436072408554,0.3044715559520767,-0.0,3.444131256171916,-3.444168586548899
90.575,-65.86756102550004,0.047761391490390465,0.6235510523205601,0.3044715497895751,-0.0,3.4441312649524094,-3.444168307650011
90.6,-65.86756010302607,0.04776139710534554,0.623558475607741,0.30447154371843854,-0.0,3.444131275642786,-3.4441680309078193
90.625,-65.86755918773443,0.047761402679611153,0.6235658771666317,0.3044715377377608,-0.0,3.4441312882040953,-3.4441677563203283
90.65,-65.86755827961758,0.047761408213173547,0.6235732570612775,0.30447153184664016,-0.0,3.4441313025978753,-3.4441674838852747
90.675,-65.86755737866709,0.047761413706025053,0.6235806153555363,0.3044715260441796,-0.0,3.444131318786149,-3.444167213600126
90.7,-65.86755648487363,0.047761419158164155,0.6235879521130792,0.3044715203294867,-0.0,3.44413133673142,-3.444166945462089
90.725,-65.86755559822703,0.04776142456959528,0.6235952673973904,0.30447151470167383,-0.0,3.4441313563966744,-3.444166679468108
90.75,-65.86755471871625,0.04776142994032866,0.6236025612717683,0.304471509159858,-0.0,3.444131377745375,-3.4441664156148746
90.775,-65.86755384632947,0.04776143527038031,0.6236098337993256,0.3044715037031611,-0.0,3.444131400741449,-3.4441661538988413
90.8,-65.86755298105403,0.04776144055977174,0.6236170850429897,0.3044714983307099,-0.0,3.444131425349299,-3.4441658943162095
90.825,-65.86755212287652,0.04776144580852999,0.6236243150655036,0.30447149304163584,-0.0,3.4441314515337793,-3.444165636862955
90.85,-65.86755127178272,0.047761451016687544,0.6236315239294258,0.3044714878350754,-0.0,3.444131479260213,-3.4441653815348148
90.875,-65.86755042775768,0.047761456184282076,0.6236387116971309,0.3044714827101698,-0.0,3.444131508494373,-3.444165128327303
90.9,-65.86754959078571,0.04776146131135648,0.6236458784308104,0.3044714776660654,-0.0,3.4441315392024823,-3.444164877235714
90.925,-65.86754876085043,0.04776146639795863,0.6236530241924729,0.30447147270191344,-0.0,3.4441315713512153,-3.4441646282551273
90.95,-65.8675479379347,0.04776147144414142,0.6236601490439446,0.3044714678168701,-0.0,3.4441316049076858,-3.4441643813804106
90.975,-65.86754712202075,0.047761476449962495,0.6236672530468698,0.3044714630100967,-0.0,3.444131639839448,-3.4441641366062257
91.0,-65.8675463130901,0.04776148141548436,0.623674336262711,0.30447145828075944,-0.0,3.444131676114493,-3.4441638939270303
91.025,-65.86754551112364,0.04776148634077407,0.6236813987527501,0.30447145362802974,-0.0,3.444131713701244,-3.444163653337091
91.05,-65.86754471610162,0.04776149122590327,0.6236884405780883,0.30447144905108403,-0.0,3.444131752568542,-3.4441634148304856
91.075,-65.86754392800366,0.04776149607094796,0.6236954617996466,0.30447144454910385,-0.0,3.4441317926856656,-3.4441631784010966
91.1,-65.86754314680876,0.04776150087598856,0.6237024624781666,0.30447144012127586,-0.0,3.444131834022307,-3.4441629440426267
91.125,-65.86754237249535,0.04776150564110974,0.6237094426742106,0.3044714357667919,-0.0,3.4441318765485742,-3.444162711748605
91.15,-65.86754160504128,0.04776151036640021,0.6237164024481622,0.30447143148484895,-0.0,3.4441319202349843,-3.4441624815123846
91.175,-65.86754084442381,0.04776151505195289,0.6237233418602268,0.30447142727464915,-0.0,3.4441319650524758,-3.444162253327144
91.2,-65.8675400906197,0.04776151969786453,0.6237302609704322,0.3044714231353999,-0.0,3.4441320109723748,-3.4441620271859095
91.225,-65.86753934360512,0.04776152430423581,0.6237371598386284,0.3044714190663137,-0.0,3.444132057966423,-3.444161803081535
91.25,-65.86753860335575,0.04776152887117121,0.6237440385244892,0.30447141506660835,-0.0,3.444132106006747,-3.444161581006726
91.275,-65.86753786984677,0.04776153339877881,0.6237508970875116,0.30447141113550685,-0.0,3.4441321550658763,-3.444161360954031
91.3,-65.86753714305283,0.047761537887170344,0.6237577355870169,0.3044714072722374,-0.0,3.4441322051167305,-3.4441611429158483
91.325,-65.86753642294813,0.04776154233646109,0.6237645540821507,0.3044714034760336,-0.0,3.4441322561326073,-3.44416092688444
91.35,-65.8675357095064,0.04776154674676972,0.6237713526318839,0.304471399746134,-0.0,3.4441323080871937,-3.4441607128519194
91.375,-65.8675350027009,0.04776155111821824,0.6237781312950128,0.30447139608178275,-0.0,3.44413236095455,-3.444160500810271
91.4,-65.86753430250448,0.04776155545093195,0.6237848901301596,0.3044713924822291,-0.0,3.444132414709116,-3.444160290751344
91.425,-65.86753360888953,0.047761559745039366,0.6237916291957729,0.3044713889467276,-0.0,3.4441324693257007,-3.444160082666859
91.45,-65.86753292182803,0.047761564000672,0.6237983485501283,0.3044713854745381,-0.0,3.4441325247794854,-3.4441598765484085
91.475,-65.86753224129156,0.047761568217964415,0.6238050482513285,0.30447138206492574,-0.0,3.4441325810460097,-3.4441596723874666
91.5,-65.86753156725129,0.04776157239705417,0.6238117283573045,0.3044713787171609,-0.0,3.4441326381011796,-3.444159470175387
91.525,-65.86753089967804,0.047761576538081586,0.6238183889258149,0.30447137543051933,-0.0,3.4441326959212564,-3.444159269903413
91.55,-65.86753023854226,0.04776158064118989,0.6238250300144474,0.30447137220428205,-0.0,3.444132754482852,-3.444159071562677
91.575,-65.86752958381402,0.04776158470652496,0.6238316516806189,0.30447136903773536,-0.0,3.444132813762928,-3.4441588751442054
91.6,-65.86752893546306,0.047761588734235305,0.623838253981576,0.3044713659301708,-0.0,3.4441328737387953,-3.4441586806389166
91.625,-65.86752829345876,0.04776159272447203,0.6238448369743952,0.30447136288088533,-0.0,3.4441329343881106,-3.4441584880376284
91.65,-65.86752765777021,0.047761596677388614,0.6238514007159838,0.3044713598891811,-0.0,3.444132995688869,-3.444158297331063
91.675,-65.86752702836618,0.047761600593141135,0.6238579452630799,0.30447135695436567,-0.0,3.444133057619395,-3.4441581085098547
91.7,-65.86752640521513,0.04776160447188792,0.6238644706722535,0.3044713540757517,-0.0,3.4441331201583543,-3.444157921564539
91.725,-65.86752578828522,0.04776160831378953,0.6238709769999061,0.3044713512526573,-0.0,3.4441331832847357,-3.444157736485566
91.75,-65.86752517754434,0.047761612119008874,0.623877464302272,0.30447134848440577,-0.0,3.444133246977862,-3.444157553263301
91.775,-65.86752457296011,0.04776161588771089,0.6238839326354182,0.30447134577032575,-0.0,3.4441333112173687,-3.444157371888032
91.8,-65.86752397449987,0.04776161962006264,0.6238903820552452,0.3044713431097511,-0.0,3.444133375983219,-3.4441571923499623
91.825,-65.86752338213076,0.04776162331623315,0.623896812617487,0.30447134050202096,-0.0,3.444133441255685,-3.4441570146392264
91.85,-65.86752279581961,0.047761626976393495,0.6239032243777122,0.30447133794647974,-0.0,3.444133507015356,-3.444156838745883
91.875,-65.86752221553307,0.047761630600716566,0.623909617391324,0.3044713354424771,-0.0,3.444133573243129,-3.4441566646599213
91.9,-65.86752164123754,0.04776163418937709,0.6239159917135608,0.30447133298936796,-0.0,3.444133639920208,-3.4441564923712633
91.925,-65.86752107289922,0.0477616377425516,0.6239223473994967,0.3044713305865124,-0.0,3.4441337070280986,-3.4441563218697664
91.95,-65.8675205104841,0.04776164126041826,0.6239286845040418,0.3044713282332757,-0.0,3.4441337745486065,-3.4441561531452294
91.975,-65.86751995395797,0.047761644743156896,0.6239350030819429,0.30447132592902854,-0.0,3.4441338424638337,-3.44415598618739
92.0,-65.86751940328644,0.04776164819094897,0.6239413031877837,0.30447132367314655,-0.0,3.4441339107561726,-3.4441558209859306
92.025,-65.86751885843493,0.047761651603977474,0.6239475848759853,0.30447132146501077,-0.0,3.444133979408313,-3.44415565753048
92.05000000000001,-65.86751831936873,0.04776165498242676,0.623953848200807,0.3044713193040073,-0.0,3.444134048403222,-3.444155495810618
92.075,-65.86751778605291,0.0477616583264828,0.6239600932163463,0.3044713171895274,-0.0,3.4441341177241562,-3.444155335815874
92.1,-65.86751725845244,0.047761661636332726,0.6239663199765395,0.3044713151209676,-0.0,3.444134187354653,-3.444155177535731
92.125,-65.86751673653211,0.04776166491216509,0.6239725285351624,0.3044713130977294,-0.0,3.444134257278522,-3.444155020959633
92.15,-65.86751622025659,0.04776166815416963,0.6239787189458305,0.3044713111192196,-0.0,3.444134327479853,-3.444154866076977
92.17500000000001,-65.86751570959042,0.04776167136253738,0.6239848912619993,0.30447130918485,-0.0,3.444134397943004,-3.444154712877126
92.2,-65.867515204498,0.04776167453746046,0.6239910455369653,0.3044713072940375,-0.0,3.444134468652603,-3.4441545613494013
92.225,-65.86751470494366,0.04776167767913206,0.6239971818238658,0.30447130544620415,-0.0,3.444134539593542,-3.4441544114830975
92.25,-65.86751421089157,0.04776168078774645,0.6240033001756797,0.304471303640777,-0.0,3.4441346107509725,-3.444154263267471
92.275,-65.86751372230584,0.047761683863499,0.6240094006452283,0.30447130187718824,-0.0,3.4441346821103087,-3.444154116691753
92.30000000000001,-65.86751323915048,0.0477616869065859,0.6240154832851749,0.304471300154875,-0.0,3.4441347536572207,-3.444153971745145
92.325,-65.8675127613894,0.0477616899172043,0.624021548148026,0.3044712984732795,-0.0,3.444134825377632,-3.444153828416822
92.35,-65.86751228898646,0.04776169289555223,0.6240275952861314,0.30447129683184887,-0.0,3.444134897257714,-3.444153686695938
92.375,-65.86751182190541,0.0477616958418285,0.6240336247516846,0.30447129523003535,-0.0,3.444134969283891,-3.4441535465716226
92.4,-65.86751136010997,0.047761698756232686,0.6240396365967236,0.3044712936672961,-0.0,3.4441350414428253,-3.4441534080329914
92.42500000000001,-65.86751090356378,0.047761701638965114,0.6240456308731308,0.3044712921430931,-0.0,3.444135113721426,-3.4441532710691347
92.45,-65.86751045223045,0.04776170449022678,0.6240516076326341,0.3044712906568935,-0.0,3.4441351861068394,-3.444153135669134
92.475,-65.86751000607352,0.04776170731021938,0.6240575669268069,0.3044712892081691,-0.0,3.4441352585864475,-3.4441530018220545
92.5,-65.8675095650565,0.04776171009914506,0.6240635088070685,0.30447128779639687,-0.0,3.4441353311478693,-3.444152869516948
92.525,-65.86750912914287,0.04776171285720673,0.6240694333246849,0.3044712864210584,-0.0,3.4441354037789487,-3.444152738742862
92.55000000000001,-65.8675086982961,0.04776171558460765,0.624075340530769,0.3044712850816403,-0.0,3.444135476467758,-3.4441526094888317
92.575,-65.86750827247963,0.047761718281551575,0.6240812304762808,0.3044712837776339,-0.0,3.4441355492025996,-3.4441524817438873
92.6,-65.86750785165685,0.04776172094824283,0.6240871032120286,0.3044712825085354,-0.0,3.4441356219719923,-3.4441523554970557
92.625,-65.86750743579118,0.047761723584885986,0.6240929587886688,0.3044712812738458,-0.0,3.444135694764684,-3.4441522307373544
92.65,-65.86750702484602,0.04776172619168604,0.6240987972567063,0.30447128007307084,-0.0,3.4441357675696294,-3.4441521074538057
92.67500000000001,-65.86750661878477,0.04776172876884827,0.6241046186664954,0.304471278905721,-0.0,3.4441358403760027,-3.4441519856354317
92.7,-65.86750621757085,0.047761731316578335,0.6241104230682399,0.3044712777713115,-0.0,3.444135913173188,-3.4441518652712544
92.725,-65.86750582116768,0.047761733835082094,0.6241162105119937,0.30447127666936225,-0.0,3.444135985950777,-3.4441517463503044
92.75,-65.8675054295387,0.04776173632456561,0.6241219810476611,0.30447127559939785,-0.0,3.4441360586985748,-3.4441516288616083
92.775,-65.86750504264735,0.047761738785235174,0.6241277347249975,0.3044712745609476,-0.0,3.444136131406586,-3.4441515127942055
92.80000000000001,-65.86750466045714,0.04776174121729716,0.6241334715936092,0.3044712735535453,-0.0,3.444136204065014,-3.444151398137143
92.825,-65.86750428293159,0.047761743620958155,0.6241391917029548,0.30447127257672957,-0.0,3.4441362766642656,-3.444151284879477
92.85,-65.86750391003424,0.04776174599642476,0.6241448951023448,0.30447127163004345,-0.0,3.444136349194943,-3.444151173010273
92.875,-65.8675035417287,0.04776174834390365,0.6241505818409425,0.3044712707130346,-0.0,3.444136421647843,-3.4441510625186083
92.9,-65.86750317797859,0.04776175066360152,0.6241562519677643,0.30447126982525524,-0.0,3.444136494013951,-3.444150953393577
92.92500000000001,-65.86750281874762,0.04776175295572503,0.6241619055316798,0.3044712689662621,-0.0,3.4441365662844428,-3.444150845624287
92.95,-65.86750246399953,0.04776175522048087,0.624167542581413,0.30447126813561637,-0.0,3.4441366384506846,-3.4441507391998583
92.975,-65.86750211369811,0.0477617574580756,0.6241731631655422,0.30447126733288377,-0.0,3.444136710504223,-3.4441506341094326
93.0,-65.86750176780723,0.04776175966871571,0.6241787673325002,0.3044712665576344,-0.0,3.4441367824367877,-3.4441505303421676
93.025,-65.86750142629081,0.04776176185260756,0.6241843551305754,0.30447126580944284,-0.0,3.4441368542402873,-3.4441504278872443
93.05000000000001,-65.86750108911288,0.0477617640099574,0.6241899266079116,0.304471265087888,-0.0,3.4441369259068066,-3.444150326733863
93.075,-65.86750075623749,0.04776176614097118,0.624195481812509,0.30447126439255323,-0.0,3.444136997428605,-3.4441502268712467
93.1,-65.86750042762881,0.04776176824585484,0.624201020792224,0.3044712637230262,-0.0,3.444137068798114,-3.4441501282886433
93.125,-65.86750010325106,0.04776177032481391,0.6242065435947701,0.3044712630788989,-0.0,3.4441371400079457,-3.444150030975318
93.15,-65.86749978306857,0.047761772378053735,0.6242120502677184,0.3044712624597676,-0.0,3.4441372110508652,-3.4441499349205698
93.17500000000001,-65.86749946704573,0.047761774405779396,0.6242175408584975,0.3044712618652329,-0.0,3.4441372819198155,-3.4441498401137194
93.2,-65.86749915514706,0.04776177640819563,0.6242230154143942,0.30447126129489954,-0.0,3.444137352607894,-3.444149746544117
93.225,-65.86749884733713,0.04776177838550693,0.6242284739825542,0.3044712607483766,-0.0,3.4441374231083683,-3.4441496542011394
93.25,-65.86749854358067,0.04776178033791731,0.6242339166099821,0.30447126022527726,-0.0,3.444137493414653,-3.4441495630741996
93.275,-65.86749824384245,0.04776178226563046,0.624239343343542,0.30447125972521893,-0.0,3.444137563520331,-3.4441494731527342
93.30000000000001,-65.86749794808738,0.0477617841688497,0.6242447542299581,0.30447125924782314,-0.0,3.444137633419138,-3.4441493844262125
93.325,-65.86749765628045,0.0477617860477779,0.6242501493158147,0.30447125879271547,-0.0,3.4441377031049587,-3.4441492968841345
93.35,-65.86749736838681,0.047761787902617515,0.6242555286475567,0.3044712583595257,-0.0,3.4441377725718296,-3.444149210516042
93.375,-65.86749708437168,0.04776178973357051,0.6242608922714907,0.30447125794788765,-0.0,3.444137841813938,-3.4441491253115033
93.4,-65.8674968042004,0.047761791540838365,0.6242662402337844,0.3044712575574391,-0.0,3.444137910825617,-3.4441490412601197
93.42500000000001,-65.86749652783845,0.04776179332462213,0.6242715725804677,0.30447125718782186,-0.0,3.444137979601342,-3.444148958351536
93.45,-65.86749625525144,0.04776179508512231,0.624276889357433,0.30447125683868187,-0.0,3.4441380481357338,-3.4441488765754316
93.475,-65.86749598640506,0.047761796822538734,0.6242821906104352,0.30447125650966883,-0.0,3.444138116423552,-3.444148795921518
93.5,-65.86749572126517,0.04776179853707087,0.6242874763850927,0.30447125620043647,-0.0,3.444138184459693,-3.4441487163795514
93.525,-65.86749545979775,0.047761800228917475,0.6242927467268876,0.30447125591064245,-0.0,3.4441382522391932,-3.444148637939325
93.55000000000001,-65.8674952019689,0.047761801898276765,0.6242980016811659,0.3044712556399482,-0.0,3.444138319757222,-3.444148560590668
93.575,-65.86749494774485,0.0477618035453463,0.6243032412931381,0.3044712553880191,-0.0,3.4441383870090827,-3.444148484323453
93.6,-65.86749469709198,0.04776180517032312,0.6243084656078796,0.30447125515452433,-0.0,3.444138453990206,-3.444148409127595
93.625,-65.86749444997683,0.047761806773403546,0.624313674670331,0.30447125493913685,-0.0,3.444138520696152,-3.444148334993049
93.65,-65.86749420636605,0.047761808354783164,0.6243188685252988,0.3044712547415334,-0.0,3.4441385871226124,-3.4441482619098136
93.67500000000001,-65.86749396622643,0.04776180991465703,0.6243240472174554,0.3044712545613945,-0.0,3.4441386532653984,-3.44414818986793
93.7,-65.86749372952494,0.04776181145321941,0.6243292107913397,0.30447125439840433,-0.0,3.444138719120447,-3.444148118857481
93.725,-65.86749349622865,0.04776181297066393,0.6243343592913577,0.3044712542522508,-0.0,3.4441387846838185,-3.444148048868594
93.75,-65.8674932663048,0.04776181446718342,0.6243394927617826,0.30447125412262543,-0.0,3.444138849951691,-3.4441479798914414
93.775,-65.86749303972081,0.04776181594297006,0.6243446112467551,0.3044712540092234,-0.0,3.444138914920358,-3.4441479119162435
93.80000000000001,-65.86749281644421,0.04776181739821518,0.6243497147902843,0.30447125391174357,-0.0,3.4441389795862314,-3.4441478449332634
93.825,-65.86749259644272,0.04776181883310946,0.6243548034362477,0.30447125382988827,-0.0,3.4441390439458353,-3.4441477789328148
93.85,-65.86749237968418,0.04776182024784271,0.6243598772283917,0.3044712537633635,-0.0,3.4441391079958095,-3.4441477139052536
93.875,-65.86749216613661,0.047761821642604035,0.6243649362103321,0.30447125371187866,-0.0,3.4441391717329046,-3.444147649840984
93.9,-65.8674919557682,0.0477618230175817,0.6243699804255541,0.30447125367514677,-0.0,3.444139235153976,-3.4441475867304603
93.92500000000001,-65.86749174854727,0.04776182437296316,0.6243750099174135,0.3044712536528843,-0.0,3.4441392982559966,-3.4441475245641797
93.95,-65.86749154444232,0.047761825708935016,0.624380024729136,0.3044712536448111,-0.0,3.444139361036031,-3.4441474633326945
93.975,-65.86749134342202,0.04776182702568316,0.6243850249038188,0.30447125365065053,-0.0,3.4441394234912597,-3.444147403026605
94.0,-65.86749114545519,0.0477618283233925,0.6243900104844299,0.3044712536701293,-0.0,3.444139485618959,-3.444147343636557
94.025,-65.86749095051083,0.047761829602247174,0.6243949815138091,0.3044712537029774,-0.0,3.4441395474165084,-3.444147285153248
94.05000000000001,-65.8674907585581,0.04776183086243041,0.6243999380346685,0.30447125374892836,-0.0,3.4441396088813843,-3.444147227567431
94.075,-65.86749056956634,0.047761832104124595,0.6244048800895924,0.3044712538077189,-0.0,3.4441396700111664,-3.4441471708699027
94.1,-65.86749038350503,0.047761833327511174,0.6244098077210378,0.30447125387908897,-0.0,3.4441397308035295,-3.4441471150515084
94.125,-65.86749020034385,0.04776183453277078,0.6244147209713354,0.3044712539627819,-0.0,3.444139791256236,-3.4441470601031554
94.15,-65.86749002005266,0.04776183572008313,0.6244196198826891,0.30447125405854425,-0.0,3.444139851367147,-3.444147006015797
94.17500000000001,-65.86748984260146,0.047761836889627034,0.6244245044971769,0.3044712541661257,-0.0,3.4441399111342132,-3.444146952780437
94.2,-65.86748966796044,0.04776183804158031,0.6244293748567513,0.3044712542852792,-0.0,3.444139970555483,-3.4441469003881324
94.225,-65.86748949609998,0.04776183917611994,0.6244342310032395,0.3044712544157608,-0.0,3.4441400296290796,-3.4441468488299933
94.25,-65.86748932699061,0.0477618402934219,0.6244390729783437,0.30447125455732965,-0.0,3.4441400883532247,-3.444146798097182
94.275,-65.86748916060306,0.047761841393661304,0.6244439008236419,0.3044712547097481,-0.0,3.444140146726219,-3.4441467481809167
94.30000000000001,-65.86748899690821,0.047761842477012255,0.6244487145805878,0.3044712548727816,-0.0,3.444140204746458,-3.444146699072462
94.325,-65.86748883587714,0.04776184354364793,0.6244535142905115,0.3044712550461985,-0.0,3.444140262412408,-3.4441466507631415
94.35,-65.86748867748112,0.04776184459374059,0.6244582999946199,0.3044712552297702,-0.0,3.444140319722615,-3.4441466032443357
94.375,-65.86748852169157,0.047761845627461455,0.6244630717339965,0.30447125542327125,-0.0,3.4441403766757204,-3.4441465565074707
94.4,-65.8674883684801,0.04776184664498074,0.6244678295496027,0.30447125562647903,-0.0,3.4441404332704337,-3.4441465105440288
94.42500000000001,-65.86748821781852,0.04776184764646782,0.6244725734822774,0.30447125583917395,-0.0,3.4441404895055374,-3.4441464653455554
94.45,-65.86748806967879,0.04776184863209095,0.6244773035727378,0.30447125606113923,-0.0,3.444140545379902,-3.4441464209036354
94.475,-65.86748792403307,0.04776184960201752,0.6244820198615796,0.3044712562921611,-0.0,3.4441406008924633,-3.444146377209921
94.5,-65.86748778085372,0.047761850556413785,0.6244867223892775,0.3044712565320286,-0.0,3.444140656042233,-3.4441463342561165
94.525,-65.86748764011325,0.047761851495445116,0.6244914111961855,0.3044712567805337,-0.0,3.4441407108282984,-3.444146292033976
94.55000000000001,-65.86748750178437,0.04776185241927584,0.624496086322537,0.3044712570374711,-0.0,3.444140765249815,-3.44414625053531
94.575,-65.86748736583996,0.04776185332806923,0.6245007478084457,0.30447125730263824,-0.0,3.4441408193060075,-3.4441462097519886
94.6,-65.86748723225313,0.04776185422198767,0.6245053956939056,0.3044712575758355,-0.0,3.444140872996164,-3.4441461696759377
94.625,-65.8674871009971,0.04776185510119242,0.6245100300187916,0.3044712578568658,-0.0,3.4441409263196507,-3.4441461302991283
94.65,-65.86748697204533,0.04776185596584374,0.6245146508228594,0.30447125814553494,-0.0,3.4441409792758906,-3.444146091613598
94.67500000000001,-65.86748684537145,0.04776185681610088,0.6245192581457465,0.3044712584416514,-0.0,3.4441410318643784,-3.4441460536114334
94.7,-65.86748672094927,0.04776185765212209,0.6245238520269721,0.30447125874502623,-0.0,3.444141084084662,-3.444146016284782
94.725,-65.8674865987528,0.04776185847406457,0.6245284325059378,0.30447125905547323,-0.0,3.4441411359363636,-3.444145979625841
94.75,-65.86748647875622,0.04776185928208449,0.6245329996219275,0.3044712593728087,-0.0,3.44414118741916,-3.4441459436268658
94.775,-65.8674863609339,0.04776186007633693,0.6245375534141082,0.3044712596968517,-0.0,3.4441412385327865,-3.4441459082801686
94.80000000000001,-65.8674862452604,0.047761860856976014,0.6245420939215303,0.30447126002742364,-0.0,3.4441412892770384,-3.444145873578118
94.825,-65.86748613171045,0.04776186162415484,0.6245466211831275,0.3044712603643487,-0.0,3.4441413396517735,-3.444145839513135
94.85,-65.867486020259,0.04776186237802541,0.6245511352377181,0.3044712607074534,-0.0,3.4441413896568998,-3.444145806077698
94.875,-65.86748591088114,0.04776186311873867,0.6245556361240042,0.30447126105656686,-0.0,3.4441414392923813,-3.4441457732643426
94.9,-65.8674858035522,0.047761863846444576,0.624560123880573,0.3044712614115207,-0.0,3.444141488558242,-3.4441457410656597
94.92500000000001,-65.86748569824763,0.047761864561291986,0.6245645985458966,0.3044712617721489,-0.0,3.444141537454558,-3.44414570947429
94.95,-65.86748559494313,0.04776186526342882,0.6245690601583327,0.3044712621382879,-0.0,3.4441415859814506,-3.44414567848294
94.975,-65.86748549361455,0.047761865953001845,0.6245735087561246,0.3044712625097765,-0.0,3.4441416341390965,-3.4441456480843655
95.0,-65.86748539423792,0.04776186663015677,0.6245779443774018,0.30447126288645604,-0.0,3.444141681927732,-3.4441456182713748
95.025,-65.86748529678947,0.04776186729503836,0.6245823670601803,0.30447126326817,-0.0,3.444141729347627,-3.44414558903684
95.05000000000001,-65.86748520124561,0.047761867947790186,0.6245867768423631,0.3044712636547643,-0.0,3.4441417763991087,-3.444145560373684
95.075,-65.86748510758297,0.04776186858855491,0.6245911737617401,0.30447126404608715,-0.0,3.4441418230825454,-3.4441455322748893
95.1,-65.86748501577829,0.04776186921747414,0.624595557855989,0.3044712644419891,-0.0,3.4441418693983605,-3.4441455047334855
95.125,-65.86748492580855,0.047761869834688324,0.6245999291626751,0.30447126484232284,-0.0,3.444141915347015,-3.444145477742566
95.15,-65.86748483765092,0.04776187044033691,0.6246042877192522,0.30447126524694346,-0.0,3.444141960929019,-3.444145451295276
95.17500000000001,-65.86748475128272,0.047761871034558305,0.6246086335630626,0.3044712656557081,-0.0,3.4441420061449217,-3.4441454253848147
95.2,-65.86748466668146,0.047761871617489855,0.6246129667313375,0.3044712660684762,-0.0,3.444142050995318,-3.4441454000044387
95.225,-65.86748458382486,0.0477618721892679,0.6246172872611971,0.3044712664851093,-0.0,3.4441420954808417,-3.444145375147458
95.25,-65.86748450269079,0.04776187275002765,0.6246215951896517,0.3044712669054712,-0.0,3.4441421396021763,-3.4441453508072355
95.275,-65.86748442325732,0.04776187329990338,0.6246258905536011,0.30447126732942775,-0.0,3.4441421833600274,-3.4441453269771967
95.30000000000001,-65.86748434550272,0.047761873839028274,0.6246301733898356,0.30447126775684685,-0.0,3.444142226755153,-3.444145303650815
95.325,-65.8674842694054,0.047761874367534436,0.6246344437350361,0.30447126818759856,-0.0,3.444142269788346,-3.444145280821618
95.35,-65.86748419494397,0.047761874885552946,0.6246387016257743,0.304471268621555,-0.0,3.444142312460436,-3.4441452584831906
95.375,-65.86748412209722,0.047761875393213825,0.6246429470985134,0.3044712690585903,-0.0,3.4441423547722922,-3.444145236629167
95.4,-65.86748405084414,0.047761875890646094,0.6246471801896082,0.3044712694985806,-0.0,3.444142396724816,-3.444145215253242
95.42500000000001,-65.86748398116389,0.04776187637797771,0.6246514009353052,0.3044712699414041,-0.0,3.4441424383189356,-3.4441451943491654
95.45,-65.86748391303577,0.04776187685533561,0.6246556093717435,0.30447127038694094,-0.0,3.444142479555633,-3.4441451739107305
95.475,-65.86748384643933,0.0477618773228457,0.6246598055349545,0.30447127083507314,-0.0,3.4441425204358995,-3.444145153931798
95.5,-65.86748378135424,0.04776187778063279,0.6246639894608629,0.3044712712856847,-0.0,3.444142560960773,-3.4441451344062712
95.525,-65.86748371776036,0.0477618782288207,0.6246681611852863,0.30447127173866156,-0.0,3.444142601131325,-3.444145115328109
95.55000000000001,-65.86748365563777,0.04776187866753231,0.6246723207439364,0.3044712721938916,-0.0,3.4441426409486464,-3.4441450966913307
95.575,-65.86748359496667,0.04776187909688936,0.6246764681724184,0.3044712726512644,-0.0,3.4441426804138655,-3.4441450784900014
95.6,-65.86748353572746,0.04776187951701252,0.6246806035062319,0.30447127311067157,-0.0,3.4441427195281418,-3.4441450607182373
95.625,-65.86748347790072,0.047761879928021625,0.6246847267807711,0.30447127357200643,-0.0,3.4441427582926556,-3.4441450433702157
95.65,-65.8674834214672,0.04776188033003528,0.6246888380313254,0.3044712740351641,-0.0,3.4441427967086176,-3.4441450264401596
95.67500000000001,-65.86748336640781,0.04776188072317128,0.6246929372930787,0.30447127450004163,-0.0,3.4441428347772742,-3.444145009922343
95.7,-65.86748331270367,0.047761881107546214,0.6246970246011113,0.3044712749665377,-0.0,3.444142872499884,-3.4441449938111006
95.725,-65.86748326033603,0.04776188148327576,0.6247010999903989,0.30447127543455277,-0.0,3.4441429098777427,-3.444144978100809
95.75,-65.86748320928635,0.04776188185047465,0.6247051634958134,0.30447127590398904,-0.0,3.444142946912161,-3.4441449627859044
95.775,-65.86748315953623,0.047761882209256416,0.6247092151521234,0.3044712763747504,-0.0,3.444142983604482,-3.4441449478608703
95.80000000000001,-65.86748311106749,0.04776188255973382,0.6247132549939943,0.30447127684674247,-0.0,3.4441430199560634,-3.4441449333202456
95.825,-65.86748306386204,0.04776188290201848,0.6247172830559886,0.3044712773198725,-0.0,3.4441430559682997,-3.4441449191586115
95.85,-65.86748301790203,0.04776188323622098,0.6247212993725664,0.3044712777940494,-0.0,3.4441430916425952,-3.4441449053706092
95.875,-65.86748297316976,0.04776188356245105,0.6247253039780852,0.3044712782691838,-0.0,3.4441431269803817,-3.444144891950927
95.9,-65.86748292964768,0.047761883880817375,0.6247292969068012,0.30447127874518776,-0.0,3.444143161983108,-3.444144878894303
95.92500000000001,-65.86748288731843,0.047761884191427684,0.6247332781928686,0.30447127922197503,-0.0,3.4441431966522433,-3.444144866195529
95.95,-65.8674828461648,0.04776188449438862,0.6247372478703405,0.304471279699461,-0.0,3.444143230989281,-3.444144853849441
95.975,-65.86748280616976,0.0477618847898059,0.6247412059731688,0.3044712801775625,-0.0,3.444143264995734,-3.444144841850928
96.0,-65.86748276731645,0.0477618850777844,0.6247451525352052,0.30447128065619794,-0.0,3.4441432986731226,-3.4441448301949333
96.025,-65.86748272958813,0.0477618853584278,0.6247490875902008,0.3044712811352873,-0.0,3.444143332023001,-3.4441448188764396
96.05000000000001,-65.86748269296828,0.04776188563183896,0.6247530111718064,0.30447128161475207,-0.0,3.4441433650469313,-3.444144807890484
96.075,-65.86748265744052,0.04776188589811975,0.6247569233135736,0.3044712820945151,-0.0,3.444143397746493,-3.4441447972321555
96.1,-65.86748262298862,0.04776188615737102,0.6247608240489543,0.30447128257450085,-0.0,3.444143430123283,-3.4441447868965853
96.125,-65.86748258959652,0.04776188640969283,0.6247647134113012,0.3044712830546351,-0.0,3.444143462178916,-3.444144776878956
96.15,-65.86748255724834,0.04776188665518411,0.6247685914338686,0.30447128353484515,-0.0,3.4441434939150146,-3.444144767174501
96.17500000000001,-65.86748252592832,0.04776188689394298,0.6247724581498119,0.3044712840150597,-0.0,3.444143525333225,-3.444144757778497
96.2,-65.8674824956209,0.04776188712606646,0.6247763135921883,0.30447128449520877,-0.0,3.4441435564352005,-3.4441447486862713
96.225,-65.86748246631066,0.047761887351650795,0.6247801577939576,0.3044712849752239,-0.0,3.4441435872226127,-3.4441447398931984
96.25,-65.86748243798232,0.04776188757079119,0.6247839907879813,0.3044712854550379,-0.0,3.4441436176971454,-3.444144731394695
96.275,-65.86748241062077,0.047761887783581994,0.6247878126070242,0.3044712859345849,-0.0,3.444143647860497,-3.4441447231862297
96.30000000000001,-65.86748238421107,0.04776188799011664,0.6247916232837538,0.3044712864138004,-0.0,3.444143677714365,-3.4441447152633216
96.325,-65.86748235873841,0.047761888190487524,0.624795422850741,0.3044712868926212,-0.0,3.4441437072604777,-3.444144707621524
96.35,-65.86748233418815,0.04776188838478627,0.6247992113404601,0.3044712873709854,-0.0,3.4441437365005605,-3.444144700256446
96.375,-65.86748231054581,0.04776188857310348,0.6248029887852897,0.3044712878488324,-0.0,3.4441437654363534,-3.444144693163743
96.4,-65.86748228779703,0.04776188875552897,0.6248067552175123,0.3044712883261028,-0.0,3.4441437940696114,-3.444144686339109
96.42500000000001,-65.86748226592763,0.04776188893215155,0.6248105106693149,0.30447128880273855,-0.0,3.444143822402089,-3.44414467977829
96.45,-65.86748224492356,0.04776188910305916,0.6248142551727894,0.3044712892786827,-0.0,3.4441438504355637,-3.4441446734770693
96.475,-65.86748222477095,0.047761889268338846,0.6248179887599327,0.30447128975387966,-0.0,3.444143878171806,-3.4441446674312854
96.5,-65.86748220545604,0.04776188942807676,0.624821711462647,0.3044712902282749,-0.0,3.4441439056126097,-3.4441446616368125
96.525,-65.86748218696523,0.047761889582358226,0.6248254233127403,0.30447129070181517,-0.0,3.4441439327597685,-3.44414465608957
96.55000000000001,-65.86748216928508,0.0477618897312677,0.6248291243419264,0.3044712911744483,-0.0,3.444143959615085,-3.4441446507855247
96.575,-65.86748215240229,0.047761889874888636,0.6248328145818255,0.3044712916461234,-0.0,3.444143986180368,-3.4441446457206863
96.6,-65.86748213630369,0.04776189001330381,0.6248364940639641,0.3044712921167906,-0.0,3.444144012457431,-3.4441446408911074
96.625,-65.86748212097628,0.04776189014659491,0.624840162819776,0.30447129258640115,-0.0,3.4441440384481017,-3.444144636292883
96.65,-65.86748210640718,0.047761890274843,0.6248438208806012,0.30447129305490755,-0.0,3.4441440641542043,-3.444144631922154
96.67500000000001,-65.86748209258366,0.04776189039812815,0.6248474682776879,0.3044712935222632,-0.0,3.444144089577576,-3.444144627775097
96.7,-65.86748207949313,0.0477618905165296,0.6248511050421917,0.30447129398842276,-0.0,3.4441441147200558,-3.4441446238479387
96.725,-65.86748206712313,0.047761890630125786,0.6248547312051759,0.3044712944533418,-0.0,3.444144139583489,-3.44414462013694
96.75,-65.86748205546137,0.047761890738994256,0.6248583467976124,0.30447129491697705,-0.0,3.4441441641697246,-3.4441446166384098
96.775,-65.86748204449566,0.04776189084321183,0.6248619518503815,0.3044712953792862,-0.0,3.4441441884806117,-3.4441446133486977
96.80000000000001,-65.86748203421398,0.04776189094285434,0.6248655463942722,0.304471295840228,-0.0,3.444144212518008,-3.444144610264193
96.825,-65.86748202460441,0.047761891037996954,0.6248691304599825,0.3044712962997621,-0.0,3.4441442362837744,-3.444144607381324
96.85,-65.8674820156552,0.04776189112871386,0.6248727040781199,0.3044712967578494,-0.0,3.444144259779778,-3.4441446046965596
96.875,-65.86748200735471,0.04776189121507863,0.6248762672792015,0.30447129721445154,-0.0,3.4441442830078812,-3.444144602206413
96.9,-65.86748199969145,0.04776189129716391,0.6248798200936544,0.30447129766953124,-0.0,3.4441443059699535,-3.4441445999074345
96.92500000000001,-65.86748199265406,0.04776189137504157,0.6248833625518155,0.30447129812305207,-0.0,3.4441443286678606,-3.444144597796219
96.95,-65.86748198623131,0.047761891448782644,0.6248868946839327,0.3044712985749787,-0.0,3.4441443511034797,-3.444144595869393
96.975,-65.8674819804121,0.04776189151845742,0.6248904165201641,0.30447129902527653,-0.0,3.4441443732786814,-3.444144594123628
97.0,-65.86748197518543,0.04776189158413539,0.6248939280905792,0.30447129947391205,-0.0,3.4441443951953454,-3.4441445925556278
97.025,-65.86748197054048,0.04776189164588527,0.6248974294251586,0.30447129992085253,-0.0,3.444144416855343,-3.444144591162144
97.05000000000001,-65.86748196646654,0.047761891703775004,0.6249009205537943,0.3044713003660662,-0.0,3.444144438260548,-3.4441445899399623
97.075,-65.86748196295301,0.04776189175787179,0.6249044015062905,0.30447130080952206,-0.0,3.444144459412843,-3.444144588885902
97.1,-65.86748195998942,0.04776189180824199,0.624907872312363,0.30447130125119015,-0.0,3.4441444803141046,-3.4441445879968255
97.125,-65.86748195756545,0.04776189185495128,0.6249113330016404,0.3044713016910412,-0.0,3.4441445009662046,-3.4441445872696335
97.15,-65.86748195567087,0.047761891898064554,0.6249147836036636,0.30447130212904683,-0.0,3.444144521371022,-3.44414458670126
97.17500000000001,-65.8674819542956,0.04776189193764594,0.6249182241478866,0.3044713025651795,-0.0,3.4441445415304304,-3.4441445862886795
97.2,-65.86748195342966,0.04776189197375894,0.6249216546636763,0.30447130299941244,-0.0,3.4441445614463047,-3.444144586028898
97.225,-65.8674819530632,0.0477618920064661,0.6249250751803134,0.30447130343171974,-0.0,3.44414458112052,-3.4441445859189614
97.25,-65.86748195318651,0.04776189203582939,0.6249284857269919,0.3044713038620762,-0.0,3.444144600554945,-3.4441445859559536
97.275,-65.86748195378998,0.04776189206191005,0.6249318863328199,0.3044713042904575,-0.0,3.4441446197514467,-3.444144586136993
97.30000000000001,-65.86748195486409,0.04776189208476852,0.6249352770268198,0.30447130471684,-0.0,3.4441446387119012,-3.4441445864592266
97.325,-65.8674819563995,0.047761892104464625,0.6249386578379285,0.3044713051412008,-0.0,3.4441446574381653,-3.44414458691985
97.35,-65.86748195838695,0.04776189212105738,0.6249420287949973,0.3044713055635178,-0.0,3.444144675932103,-3.444144587516084
97.375,-65.86748196081727,0.04776189213460521,0.6249453899267927,0.30447130598376965,-0.0,3.4441446941955793,-3.4441445882451815
97.4,-65.86748196368147,0.04776189214516572,0.6249487412619966,0.30447130640193565,-0.0,3.444144712230447,-3.444144589104441
97.42500000000001,-65.86748196697062,0.047761892152795866,0.6249520828292062,0.30447130681799583,-0.0,3.4441447300385626,-3.4441445900911845
97.45,-65.86748197067593,0.04776189215755194,0.6249554146569346,0.3044713072319309,-0.0,3.44414474762177,-3.4441445912027775
97.475,-65.86748197478869,0.04776189215948956,0.6249587367736107,0.3044713076437223,-0.0,3.444144764981927,-3.4441445924366065
97.5,-65.86748197930035,0.047761892158663576,0.6249620492075799,0.30447130805335215,-0.0,3.4441447821208664,-3.444144593790105
97.525,-65.86748198420243,0.04776189215512826,0.6249653519871041,0.3044713084608032,-0.0,3.4441447990404375,-3.444144595260728
97.55000000000001,-65.86748198948656,0.04776189214893713,0.624968645140362,0.3044713088660589,-0.0,3.4441448157424714,-3.4441445968459687
97.575,-65.86748199514452,0.04776189214014318,0.6249719286954493,0.3044713092691032,-0.0,3.444144832228797,-3.4441445985433545
97.6,-65.86748200116814,0.0477618921287986,0.6249752026803789,0.3044713096699209,-0.0,3.4441448485012436,-3.4441446003504423
97.625,-65.8674820075494,0.047761892114955,0.6249784671230814,0.3044713100684973,-0.0,3.4441448645616335,-3.4441446022648194
97.65,-65.86748201428036,0.047761892098663335,0.6249817220514051,0.3044713104648183,-0.0,3.4441448804117814,-3.4441446042841064
97.67500000000001,-65.86748202135318,0.04776189207997387,0.6249849674931165,0.3044713108588704,-0.0,3.444144896053502,-3.444144606405955
97.7,-65.86748202876016,0.047761892058936335,0.6249882034759001,0.3044713112506408,-0.0,3.4441449114886016,-3.4441446086280494
97.725,-65.86748203649368,0.04776189203559976,0.6249914300273592,0.3044713116401172,-0.0,3.4441449267188804,-3.4441446109481046
97.75,-65.86748204454621,0.04776189201001254,0.6249946471750158,0.3044713120272879,-0.0,3.4441449417461376,-3.444144613363862
97.775,-65.86748205291033,0.04776189198222249,0.624997854946311,0.30447131241214165,-0.0,3.444144956572158,-3.4441446158730997
97.80000000000001,-65.86748206157874,0.0477618919522768,0.625001053368605,0.30447131279466794,-0.0,3.4441449711987286,-3.444144618473622
97.825,-65.8674820705442,0.04776189192022197,0.6250042424691779,0.3044713131748567,-0.0,3.4441449856276307,-3.4441446211632596
97.85,-65.8674820797996,0.04776189188610397,0.625007422275229,0.30447131355269846,-0.0,3.4441449998606353,-3.44414462393988
97.875,-65.86748208933791,0.04776189184996821,0.6250105928138782,0.30447131392818416,-0.0,3.444145013899507,-3.4441446268013736
97.9,-65.86748209915221,0.04776189181185942,0.6250137541121653,0.3044713143013054,-0.0,3.4441450277460106,-3.4441446297456637
97.92500000000001,-65.86748210923567,0.04776189177182183,0.625016906197051,0.30447131467205424,-0.0,3.4441450414018955,-3.4441446327707
97.95,-65.86748211958154,0.047761891729899,0.6250200490954161,0.30447131504042313,-0.0,3.4441450548689105,-3.444144635874461
97.975,-65.86748213018319,0.047761891686133956,0.6250231828340628,0.30447131540640515,-0.0,3.4441450681487913,-3.444144639054957
98.0,-65.86748214103406,0.047761891640569126,0.6250263074397145,0.30447131576999387,-0.0,3.44414508124328,-3.4441446423102176
98.025,-65.8674821521277,0.04776189159324639,0.6250294229390162,0.3044713161311832,-0.0,3.4441450941540928,-3.444144645638312
98.05000000000001,-65.86748216345775,0.047761891544207,0.6250325293585343,0.30447131648996767,-0.0,3.4441451068829543,-3.4441446490373253
98.075,-65.86748217501791,0.04776189149349175,0.6250356267247571,0.30447131684634215,-0.0,3.4441451194315773,-3.4441446525053734
98.1,-65.86748218680201,0.04776189144114083,0.6250387150640955,0.30447131720030207,-0.0,3.444145131801667,-3.444144656040602
98.125,-65.86748219880394,0.04776189138719389,0.6250417944028824,0.3044713175518432,-0.0,3.444145143994919,-3.444144659641182
98.15,-65.8674822110177,0.04776189133168997,0.6250448647673736,0.30447131790096177,-0.0,3.4441451560130214,-3.4441446633053103
98.17500000000001,-65.86748222343736,0.047761891274667734,0.6250479261837476,0.3044713182476545,-0.0,3.4441451678576596,-3.444144667031209
98.2,-65.86748223605709,0.047761891216165135,0.625050978678106,0.3044713185919184,-0.0,3.444145179530505,-3.4441446708171255
98.225,-65.86748224887113,0.04776189115621968,0.625054022276474,0.304471318933751,-0.0,3.444145191033223,-3.444144674661338
98.25,-65.8674822618738,0.04776189109486833,0.6250570570048001,0.3044713192731503,-0.0,3.4441452023674795,-3.444144678562141
98.275,-65.86748227505954,0.047761891032147556,0.6250600828889566,0.3044713196101145,-0.0,3.444145213534917,-3.4441446825178628
98.30000000000001,-65.86748228842283,0.0477618909680933,0.6250630999547402,0.30447131994464227,-0.0,3.444145224537185,-3.44414468652685
98.325,-65.86748230195826,0.04776189090274094,0.6250661082278715,0.3044713202767327,-0.0,3.444145235375912,-3.4441446905874784
98.35,-65.86748231566048,0.047761890836125476,0.6250691077339956,0.3044713206063852,-0.0,3.4441452460527286,-3.4441446946981444
98.375,-65.86748232952425,0.047761890768281245,0.6250720984986825,0.30447132093359963,-0.0,3.444145256569248,-3.444144698857275
98.4,-65.86748234354437,0.04776189069924222,0.6250750805474272,0.3044713212583761,-0.0,3.4441452669270847,-3.44414470306331
98.42500000000001,-65.86748235771574,0.047761890629041855,0.6250780539056496,0.3044713215807152,-0.0,3.444145277127841,-3.444144707314723
98.45,-65.86748237203336,0.047761890557713106,0.6250810185986954,0.30447132190061776,-0.0,3.4441452871731038,-3.4441447116100092
98.475,-65.86748238649227,0.04776189048528838,0.6250839746518354,0.3044713222180849,-0.0,3.4441452970644626,-3.444144715947681
98.5,-65.8674824010876,0.0477618904117997,0.6250869220902667,0.3044713225331182,-0.0,3.444145306803487,-3.4441447203262796
98.525,-65.86748241581455,0.04776189033727862,0.6250898609391123,0.3044713228457195,-0.0,3.4441453163917477,-3.4441447247443646
98.55000000000001,-65.8674824306684,0.047761890261756174,0.6250927912234217,0.3044713231558909,-0.0,3.4441453258308043,-3.4441447292005205
98.575,-65.86748244564453,0.0477618901852629,0.6250957129681705,0.30447132346363504,-0.0,3.444145335122202,-3.4441447336933577
98.6,-65.86748246073833,0.047761890107829,0.6250986261982614,0.3044713237689546,-0.0,3.4441453442674876,-3.4441447382214987
98.625,-65.86748247594534,0.04776189002948413,0.6251015309385239,0.3044713240718526,-0.0,3.4441453532681825,-3.444144742783601
98.65,-65.8674824912611,0.04776188995025755,0.6251044272137148,0.30447132437233254,-0.0,3.444145362125817,-3.44414474737833
98.67500000000001,-65.86748250668127,0.047761889870177994,0.6251073150485184,0.304471324670398,-0.0,3.4441453708419028,-3.4441447520043806
98.7,-65.86748252220156,0.04776188978927384,0.6251101944675461,0.30447132496605295,-0.0,3.444145379417945,-3.4441447566604664
98.725,-65.86748253781775,0.04776188970757297,0.6251130654953378,0.30447132525930154,-0.0,3.4441453878554333,-3.4441447613453247
98.75,-65.86748255352569,0.04776188962510293,0.6251159281563612,0.30447132555014833,-0.0,3.4441453961558617,-3.4441447660577067
98.775,-65.86748256932131,0.047761889541890756,0.6251187824750121,0.304471325838598,-0.0,3.444145404320699,-3.444144770796393
98.80000000000001,-65.86748258520059,0.047761889457963023,0.6251216284756149,0.30447132612465555,-0.0,3.444145412351418,-3.444144775560177
98.825,-65.86748260115958,0.047761889373346,0.6251244661824229,0.30447132640832625,-0.0,3.4441454202494777,-3.4441447803478735
98.85,-65.8674826171944,0.04776188928806546,0.625127295619618,0.3044713266896156,-0.0,3.4441454280163257,-3.444144785158319
98.875,-65.86748263330122,0.04776188920214677,0.6251301168113115,0.30447132696852924,-0.0,3.4441454356534047,-3.4441447899903666
98.9,-65.8674826494763,0.04776188911561499,0.6251329297815438,0.30447132724507325,-0.0,3.4441454431621454,-3.4441447948428903
98.92500000000001,-65.86748266571595,0.04776188902849472,0.6251357345542851,0.30447132751925376,-0.0,3.444145450543965,-3.444144799714786
98.95,-65.86748268201656,0.047761888940810085,0.6251385311534352,0.30447132779107716,-0.0,3.4441454578002757,-3.444144804604967
98.975,-65.86748269837454,0.04776188885258489,0.625141319602824,0.3044713280605501,-0.0,3.4441454649324807,-3.444144809512363
99.0,-65.8674827147864,0.04776188876384259,0.6251440999262116,0.3044713283276795,-0.0,3.4441454719419777,-3.4441448144359215
99.025,-65.86748273124871,0.047761888674606255,0.6251468721472883,0.3044713285924723,-0.0,3.444145478830142,-3.444144819374614
99.05000000000001,-65.86748274775807,0.047761888584898486,0.6251496362896751,0.3044713288549358,-0.0,3.444145485598355,-3.4441448243274224
99.075,-65.86748276431116,0.04776188849474149,0.6251523923769241,0.3044713291150774,-0.0,3.444145492247981,-3.4441448292933488
99.1,-65.86748278090472,0.04776188840415729,0.6251551404325181,0.3044713293729048,-0.0,3.444145498780371,-3.4441448342714165
99.125,-65.86748279753554,0.04776188831316737,0.6251578804798711,0.30447132962842577,-0.0,3.4441455051968757,-3.444144839260663
99.15,-65.86748281420049,0.04776188822179291,0.6251606125423287,0.3044713298816484,-0.0,3.4441455114988275,-3.4441448442601454
99.17500000000001,-65.86748283089645,0.0477618881300547,0.6251633366431681,0.30447133013258076,-0.0,3.4441455176875557,-3.4441448492689344
99.2,-65.86748284762041,0.04776188803797324,0.6251660528055984,0.30447133038123125,-0.0,3.444145523764372,-3.4441448542861224
99.225,-65.86748286436938,0.04776188794556864,0.6251687610527608,0.30447133062760845,-0.0,3.444145529730589,-3.4441448593108133
99.25,-65.86748288114043,0.047761887852860646,0.6251714614077284,0.304471330871721,-0.0,3.4441455355875052,-3.4441448643421295
99.275,-65.8674828979307,0.04776188775986872,0.6251741538935072,0.30447133111357777,-0.0,3.444145541336408,-3.4441448693792096
99.30000000000001,-65.86748291473737,0.0477618876666119,0.6251768385330355,0.3044713313531877,-0.0,3.444145546978574,-3.4441448744212093
99.325,-65.86748293155766,0.04776188757310893,0.6251795153491849,0.30447133159056006,-0.0,3.4441455525152773,-3.4441448794672977
99.35,-65.86748294838887,0.04776188747937827,0.6251821843647597,0.3044713318257041,-0.0,3.444145557947778,-3.4441448845166605
99.375,-65.86748296522833,0.04776188738543801,0.6251848456024975,0.3044713320586292,-0.0,3.4441455632773255,-3.4441448895685
99.4,-65.86748298207344,0.04776188729130586,0.6251874990850694,0.304471332289345,-0.0,3.4441455685051596,-3.4441448946220317
99.42500000000001,-65.86748299892164,0.04776188719699931,0.6251901448350803,0.3044713325178612,-0.0,3.44414557363251,-3.4441448996764934
99.45,-65.86748301577042,0.047761887102535455,0.6251927828750689,0.30447133274418764,-0.0,3.4441455786606037,-3.4441449047311252
99.475,-65.8674830326173,0.04776188700793115,0.6251954132275077,0.3044713329683343,-0.0,3.444145583590652,-3.44414490978519
99.5,-65.86748304945989,0.04776188691320285,0.6251980359148038,0.3044713331903112,-0.0,3.444145588423853,-3.4441449148379673
99.525,-65.86748306629582,0.047761886818366836,0.6252006509592987,0.30447133341012866,-0.0,3.4441455931614047,-3.4441449198887453
99.55000000000001,-65.86748308312276,0.04776188672343894,0.6252032583832683,0.30447133362779694,-0.0,3.44414559780449,-3.444144924936829
99.575,-65.86748309993845,0.04776188662843482,0.6252058582089237,0.3044713338433265,-0.0,3.4441456023542845,-3.444144929981536
99.6,-65.86748311674067,0.04776188653336971,0.6252084504584108,0.3044713340567278,-0.0,3.4441456068119516,-3.4441449350222015
99.625,-65.86748313352723,0.047761886438258724,0.6252110351538106,0.30447133426801165,-0.0,3.4441456111786506,-3.4441449400581687
99.65,-65.867483150296,0.047761886343116504,0.6252136123171399,0.30447133447718866,-0.0,3.4441456154555268,-3.4441449450887984
99.67500000000001,-65.86748316704488,0.04776188624795753,0.6252161819703509,0.3044713346842697,-0.0,3.4441456196437144,-3.444144950113464
99.7,-65.86748318377184,0.04776188615279602,0.6252187441353315,0.30447133488926564,-0.0,3.444145623744343,-3.4441449551315513
99.725,-65.86748320047487,0.047761886057645773,0.6252212988339059,0.3044713350921876,-0.0,3.4441456277585303,-3.4441449601424594
99.75,-65.867483217152,0.04776188596252045,0.6252238460878342,0.30447133529304665,-0.0,3.4441456316873875,-3.4441449651455995
99.775,-65.86748323380132,0.047761885867433365,0.6252263859188131,0.30447133549185396,-0.0,3.4441456355320126,-3.4441449701403966
99.80000000000001,-65.86748325042096,0.047761885772397664,0.6252289183484757,0.3044713356886208,-0.0,3.444145639293495,-3.444144975126288
99.825,-65.86748326700908,0.04776188567742611,0.625231443398392,0.3044713358833585,-0.0,3.444145642972916,-3.444144980102723
99.85,-65.86748328356389,0.04776188558253129,0.6252339610900688,0.3044713360760785,-0.0,3.4441456465713465,-3.4441449850691654
99.875,-65.86748330008362,0.04776188548772544,0.6252364714449502,0.3044713362667923,-0.0,3.4441456500898506,-3.444144990025086
99.9,-65.86748331656656,0.047761885393020655,0.6252389744844176,0.30447133645551144,-0.0,3.4441456535294854,-3.4441449949699687
99.92500000000001,-65.86748333301104,0.047761885298428695,0.6252414702297897,0.3044713366422475,-0.0,3.444145656891292,-3.444144999903311
99.95,-65.86748334941542,0.047761885203961144,0.6252439587023232,0.3044713368270122,-0.0,3.444145660176301,-3.4441450048246267
99.975,-65.8674833657781,0.047761885109629254,0.6252464399232124,0.3044713370098173,-0.0,3.4441456633855476,-3.4441450097334294
100.0,-65.86748338209752,0.047761885015444136,0.6252489139135898,0.3044713371906746,-0.0,3.4441456665200416,-3.4441450146292554
