time_ms,rA1,rA2,rAMYG,rCCA,rCCP,rCCR,rCCS,rFEF,rG,rHC,rIA,rIP,rM1,rPCI,rPCIP,rPCM,rPCS,rPFCCL,rPFCDL,rPFCDM,rPFCM,rPFCORB,rPFCPOL,rPFCVL,rPHC,rPMCDL,rPMCM,rPMCVL,rS1,rS2,rTCC,rTCI,rTCPOL,rTCS,rTCV,rV1,rV2,rCC,lA1,lA2,lAMYG,lCCA,lCCP,lCCR,lCCS,lFEF,lG,lHC,lIA,lIP,lM1,lPCI,lPCIP,lPCM,lPCS,lPFCCL,lPFCDL,lPFCDM,lPFCM,lPFCORB,lPFCPOL,lPFCVL,lPHC,lPMCDL,lPMCM,lPMCVL,lS1,lS2,lTCC,lTCI,lTCPOL,lTCS,lTCV,lV1,lV2,lCC
0.5,0.2739054806426751,-0.05902588886533296,0.36289244045065666,0.20170868936090383,-0.3975556613021622,0.48074179613439244,0.26664438056901707,0.2847981110557144,-0.3715403145226776,-0.05380561337412454,-0.12595070158556732,0.4314021309493822,0.1408379306562682,0.3257873283471399,-0.06006587895112854,-0.26763974656261835,0.05420584803277332,-0.429934192388309,0.3285479320900625,0.13369867702640384,0.25855734057117186,-0.14893585521090708,0.47252676340172683,0.40259067970846135,0.2851881023918645,-0.29948747105192813,-0.03561147802012587,-0.4429687277820036,-0.3379839260159514,0.1864909232173963,0.24600955523114126,0.47096903064407786,-0.17719259438919965,-0.12433648979800438,-0.030699548784841317,-0.30988475381107133,-0.36674293373750666,-0.02323964510571536,-0.273569675367209,0.1746631851388129,-0.059699172197745086,0.33829029453478227,0.20075571518076588,-0.18472859433460567,0.3363598353336069,0.30911384426077426,-0.11636443377910696,-0.21070191450978495,0.1785046241170728,-0.35518252310596,-0.29832064785699486,-0.48681594559047053,0.28495821978900626,0.16668776068843444,0.202842929136739,0.2877416108121923,-0.03996166980599502,0.06732143548577255,-0.3540980548103733,-0.38471589186059496,0.17435657885027525,-0.028893738944341347,0.06856663856380019,0.2624761816340443,0.1351950738215292,0.05368140590212037,0.06422139334904506,-0.193637865280321,-0.46076187493524207,-0.06549429823800831,-0.28396445431109074,-0.09074153319132129,0.35628232147619315,-0.26836287028930245,-0.43050943438954326,-0.21234047849687468
1.5,0.27366316628892573,-0.05456977061038124,0.3704223877870271,0.2096343762150333,-0.38155126190937183,0.4895734409179752,0.2765710472315178,0.282305959400877,-0.3692652876343422,-0.06057548740887767,-0.11927667719896926,0.43943421365463137,0.13553506919794892,0.33106145183247476,-0.06554603165566789,-0.2573489978888933,0.0539320050216948,-0.4173386843020294,0.32994890120583253,0.137582016599236,0.25930223009194125,-0.15407515832007707,0.4752944897119632,0.4195760659249457,0.2974597712035242,-0.2878159413731674,-0.03912405530505558,-0.4183823129863076,-0.32301761495849,0.19281262911557998,0.2482036325456519,0.4767519604374522,-0.18144845976530669,-0.11420531446020221,-0.030515386006815814,-0.30728876440838143,-0.35931665817169345,-0.02073286863056434,-0.2730454014433802,0.18356589091016917,-0.05336365991803693,0.3482852257725946,0.20167763151778145,-0.1785235266144603,0.3435833191953589,0.31684705573976957,-0.12229428162500874,-0.20783187480541748,0.17134104676748713,-0.3447935038615792,-0.2937972987171565,-0.47482453281206294,0.28118513192030525,0.17013704831793927,0.19864170702386524,0.3003894300706915,-0.03729111181546458,0.06513683687204112,-0.3419110581136745,-0.3816943522807515,0.18526608275296863,-0.028240760643317563,0.07493810431212221,0.25774599058906295,0.13625406393073597,0.054274468339021796,0.07363612130314164,-0.18827817818583645,-0.44438611435701575,-0.0686969213797098,-0.2800408477510617,-0.08863410790288369,0.36122484113155456,-0.27104015132501547,-0.4094343611511479,-0.20014140538892997
2.5,0.2732053923110084,-0.049222621048533886,0.3775340278522017,0.2175909422353195,-0.3642639151569435,0.4976939609908242,0.28636024177002245,0.2795476564382992,-0.3647762705712483,-0.06612982508013784,-0.11156035376176224,0.44687041084206847,0.1305356835876106,0.3359958711287384,-0.06982216964395307,-0.24574312837911227,0.054245473221311215,-0.40311572389691647,0.33096284462360137,0.14171818449842327,0.2598887751932977,-0.15759569084644826,0.47724543655582236,0.43619824479901526,0.3095644643138043,-0.2748182263647446,-0.041604346818440385,-0.3930952586966047,-0.3068333165389194,0.19921061980917515,0.25028606518746205,0.4817854444584781,-0.18398839225366345,-0.10316580014445505,-0.02942276906277107,-0.30276245798925444,-0.3500710429392123,-0.017408503094058565,-0.2706170977990812,0.19257255693402872,-0.04619076021802865,0.35795882940347645,0.20263980438023968,-0.1710600413431574,0.35045764418414105,0.32431168471972316,-0.12673276957040044,-0.20344809324684238,0.16433352829811504,-0.33283233781130667,-0.28751232689776396,-0.46098993871481503,0.277137959159495,0.17373370222719778,0.1944840273757839,0.31286701367465813,-0.0337462902021405,0.0635202256577759,-0.32827889148437445,-0.37645837466465015,0.1962752033084723,-0.02669983897318684,0.08174142276542298,0.2528240404415101,0.1375834921500801,0.055441649571201214,0.0834522808058796,-0.18159004638737547,-0.4266151565419841,-0.07074503093861109,-0.2743748261872801,-0.08544517576460728,0.3657334319866573,-0.2716455249238029,-0.3873996074002105,-0.18688144131781653
3.5,0.27253195232881827,-0.04302582805055095,0.38420080097137815,0.22555631046205898,-0.3458209656211917,0.5050641526444348,0.2959854224552082,0.2765309341998468,-0.35824572992638737,-0.07047531213146535,-0.10286190179823743,0.45367772850573534,0.12585927728106744,0.3405714241179242,-0.0729080563959763,-0.23292438060004111,0.055137094733678074,-0.387427382984783,0.3315813346169321,0.14609261174543928,0.2603139116536447,-0.15954417832711293,0.4783542171038575,0.4524152898418229,0.3214715048782153,-0.26060464619971935,-0.04306693361939384,-0.36718261134072255,-0.2895426410355815,0.20566605060679405,0.2522492921252196,0.4860371725073513,-0.18487399058190251,-0.09127853508250841,-0.02744713969184881,-0.2964401809305733,-0.33916039380665175,-0.013296526278058777,-0.26640048737757815,0.20165878337320384,-0.03822480753895291,0.36728147891192775,0.20363904108441616,-0.16241568988588267,0.3569585840966177,0.33148378646143706,-0.12971091717116473,-0.1976370271709616,0.15751213213090626,-0.31943666893309036,-0.27959142970168405,-0.4455085458688071,0.27282960294189823,0.1774658208492757,0.19038647619747223,0.32514310193473933,-0.029360954714297012,0.06247101640095959,-0.31333142374993195,-0.36918719173562803,0.20735629004353567,-0.02429731770295579,0.0889511536574926,0.2477283136319583,0.1391773785110498,0.05717088036690301,0.09363881955680775,-0.17365400594774827,-0.40759868163766794,-0.07166222493468691,-0.2670856585706177,-0.08121952262132215,0.36978786517900347,-0.2702906819449275,-0.3645073871138323,-0.17264157773148497
4.5,0.2716434142833577,-0.03602128921948698,0.39039658138114175,0.2335083072207329,-0.32633644412633844,0.5116451376044964,0.30541999062693037,0.2732646931219057,-0.3498387275688949,-0.07362559105270032,-0.09324033649337174,0.4598235914063703,0.12152363220252178,0.3447695029624934,-0.07482358064767658,-0.21898854664825404,0.056595730549889346,-0.3704198809342315,0.3317970830536272,0.15069025457734977,0.26057505163207384,-0.1599740211266106,0.4785972616887123,0.46818420639459263,0.33315002227926077,-0.24527735607584283,-0.04353088285622439,-0.34070906981289595,-0.27124690551898734,0.2121600020199829,0.25408606130744366,0.4894758534369621,-0.18417262839161425,-0.07860174080309754,-0.024616394677116977,-0.2884521897076288,-0.32672866765200936,-0.00842832463527427,-0.26051049493184414,0.21080014237276465,-0.029509885209476276,0.3762234640467205,0.20467208888367158,-0.15266592479663377,0.3630622346078513,0.3383396144668017,-0.13126697597918754,-0.19048438409361942,0.1509059385095112,-0.30473344983866923,-0.2701553538898253,-0.42855617365573895,0.2682742992590878,0.1813211919923922,0.1863654116954486,0.3371861560181254,-0.02417018908742997,0.06198621126306318,-0.2971875484184482,-0.3600511501575863,0.21848170423746724,-0.021061770653756036,0.0965416171046288,0.24247780921648365,0.14102889837295404,0.059448371729754236,0.10416491682336504,-0.164548725693524,-0.3874691673456788,-0.07147671378649789,-0.25828870028068696,-0.07600338190088343,0.37336865999673907,-0.26708985699146226,-0.34084712647311793,-0.15749774305437875
5.5,0.27054113778437217,-0.028251063661074282,0.39609563916020385,0.2414247389147755,-0.30591225687350415,0.5173985628614916,0.31463728580087214,0.2697589948611173,-0.3397114649463952,-0.07560049065822684,-0.08275320677413986,0.4652760187988134,0.11754473769116087,0.3485721266449412,-0.07559397806698667,-0.20402498826134274,0.05860843926585604,-0.3522245971848451,0.33160401699576575,0.15549564383181017,0.26067012692437336,-0.1589437992276105,0.4779530651740959,0.48346092858571776,0.34456886764687356,-0.22893059982280867,-0.043019189028807144,-0.3137304808539091,-0.25203788461970933,0.21867354617959464,0.2557894553887782,0.4920714218875714,-0.18195579779350624,-0.06519120137312909,-0.020960426215286782,-0.2789233672433481,-0.3129092194791611,-0.002836370949568576,-0.2530596740739195,0.21997217897095056,-0.02008966108631249,0.38475508873689396,0.20573547301041417,-0.14188361879329192,0.3687450596613431,0.3448556700572939,-0.13144517286537852,-0.18207421116843664,0.1445428593496058,-0.28883917374551277,-0.25931902906792026,-0.41028949351426336,0.2634875857649662,0.18528732620654026,0.1824368786423153,0.34896435152837585,-0.018210050125060682,0.06206054578168931,-0.2799556911863784,-0.3492104053594958,0.22962379654774095,-0.017023596365027975,0.10448690558700202,0.23709246339957318,0.14313047306313834,0.06225878908852968,0.11499999713023686,-0.15435041375814199,-0.36634360163742397,-0.0702205686757269,-0.248094439770664,-0.0698438853338885,0.37645716173603627,-0.262157624049125,-0.3164970646528439,-0.14152094311190033
6.5,0.26922729417100194,-0.019757073523026476,0.4012727447019989,0.24928340864688617,-0.28463933951725184,0.5222867958995517,0.3236106274385179,0.2660250477990177,-0.3280103775098932,-0.07642524135767079,-0.07145636990123501,0.47000372592921275,0.11393673720945512,0.35196201858756204,-0.0752490606525554,-0.18811678066296972,0.06116065287786826,-0.33295920801675327,0.3309973542344624,0.16049292763920386,0.26059762152934585,-0.15651589996201049,0.4764024483841542,0.49820023474734904,0.355696624988306,-0.21165108297851085,-0.04155821190369975,-0.28629513277511764,-0.23199859383498364,0.22518768993584043,0.25735293834543194,0.49379527208794033,-0.17829763617351108,-0.051100242334318355,-0.016510794771291488,-0.2679723451159106,-0.2978248762652069,0.003446062359384013,-0.2441570054996694,0.22915041134132735,-0.01000718188281474,0.39284673317009233,0.20682560143427367,-0.13013880089718843,0.3739840008874205,0.35100875827963124,-0.13029443774700483,-0.17248817398211042,0.13844950629626812,-0.27186034897030764,-0.24719102325270406,-0.3908476094488844,0.2584862584508762,0.1893515127407351,0.1786165248520968,0.3604455792030011,-0.011517250622667183,0.06268664703329567,-0.26173444216256986,-0.3368142016763817,0.2407548850385653,-0.012214645241351782,0.11276097111909092,0.2315930620436421,0.14547380128460968,0.0655854201927463,0.12611373223871247,-0.14313244010974302,-0.34432513638712664,-0.06792908157601989,-0.2366078642798483,-0.06278856995417305,0.37903568890816314,-0.2556071086499089,-0.29152569189604577,-0.12477746982442098
7.5,0.2677049356413913,-0.010580985565402028,0.40590331352535713,0.25706212912909987,-0.26259873715969806,0.5262731967038698,0.33231333665280843,0.26207518484401604,-0.3148716693530322,-0.07612967470411297,-0.05940383654489351,0.4739762929002992,0.11071189372778523,0.35492268925970316,-0.0738224716495052,-0.17134096803906876,0.06423635604892655,-0.3127288567076557,0.32997367808880473,0.16566591193815453,0.26035658825957253,-0.15275528550182793,0.4739288329982845,0.5123558495539402,0.3665016346189386,-0.19351843865303514,-0.03917708644609906,-0.2584448733349854,-0.21120407695622662,0.2316833867766209,0.25877036930480923,0.494620492621095,-0.17327364456743283,-0.036379818998730155,-0.011300360974315856,-0.2557109645192154,-0.2815882499902984,0.010385154320038082,-0.23390697795180454,0.2383103319993786,0.0006952690283104411,0.40046892204576057,0.2079387912567622,-0.11749850161116808,0.3787565696040439,0.35677605035320614,-0.12786733042317855,-0.16180503246480438,0.13265110327274873,-0.25389412459275285,-0.23387325920289662,-0.3703536944988468,0.25328831760899556,0.19350083830999615,0.1749195209578956,0.3715974420499415,-0.004128884548168636,0.06385519710271856,-0.2426132611969211,-0.32300058900069134,0.25184723440650825,-0.006667885048018814,0.12133769033255351,0.22600114679955788,0.14804987526234714,0.06941033496399093,0.13747603358950244,-0.13096514074586468,-0.32150464307753235,-0.06464012637320726,-0.22392809199286176,-0.05488491750335404,0.3810876440677418,-0.24754858800330037,-0.2659930316215258,-0.10732915877894651
8.5,0.26597793438972495,-0.0007639990864783553,0.4099635218404729,0.26473873723440927,-0.2398627678283083,0.5293222249333186,0.34071871954095745,0.2579228331988915,-0.3004212604544609,-0.07474742497585182,-0.04664765561416201,0.47716442349874394,0.10788061784983287,0.3574385236215981,-0.07135098014588517,-0.15376889555512202,0.06781832754221058,-0.29162736685652285,0.32853101021050746,0.17099811505114035,0.2599466638297169,-0.1477283654022882,0.47051852904036356,0.525880511097971,0.37695198868563057,-0.17460567305327107,-0.03590734861482629,-0.23021607554148268,-0.1897222018440864,0.23814159047928748,0.26003599279773426,0.494522119550842,-0.16695958773793956,-0.021078594576665288,-0.005362941228696938,-0.24224401216446306,-0.264302217728747,0.017946751717396257,-0.22240895967697316,0.2474274295543361,0.011976265707813474,0.4075924030644623,0.20907131128792114,-0.10402661272956848,0.38304095928173554,0.3621351528382065,-0.1242190368303014,-0.15010034350536153,0.12717116302817982,-0.23502879884863875,-0.21946089696051801,-0.348916607824638,0.2479129029555764,0.19772217597192432,0.1713605185532395,0.3823872969950868,0.003917840458929858,0.06555507303202356,-0.22267321652259767,-0.30789650833845134,0.26287303716310484,-0.0004171035908924776,0.1301908864886007,0.22033890235628864,0.15084909769705973,0.0737145359363589,0.14905703664275283,-0.11791562487424057,-0.2979621618487738,-0.060393547755656064,-0.2101481604089049,-0.04618013471748352,0.38259761229668465,-0.23808843998277088,-0.23995177750279856,-0.08923367997818457
9.5,0.2640509411323094,0.00965330045002033,0.41343043143727476,0.27229110961879366,-0.216495996920575,0.5313996939443552,0.34880016928821,0.25358247584296867,-0.2847749332633843,-0.072315358543848,-0.03323783640845269,0.4795400613523646,0.10545150348021315,0.35949487318360457,-0.0678738116664597,-0.135466559171341,0.07188817795394906,-0.269738405420423,0.3266688698790714,0.17647279650177164,0.25936810725248033,-0.14150212244318433,0.46616103371131185,0.538726060981227,0.3870156543428854,-0.15497971965071136,-0.03178245096220229,-0.20164046080946413,-0.16761436854906442,0.24454327613568533,0.2611445062578274,0.4934774201564841,-0.15943062093861488,-0.005243041852638358,0.0012670079860784087,-0.22766917311834142,-0.24606051248494704,0.026096552086809017,-0.20975701193812055,0.25647720968062493,0.0237952984479819,0.4141882359680995,0.21021935644561857,-0.08978387753694818,0.38681613930005004,0.36706418365282023,-0.11940645755288022,-0.13744620883850384,0.12203141061911087,-0.21534455502441027,-0.20404249743813732,-0.32663243519409346,0.2423802226890907,0.2020022324848231,0.16795356960160074,0.39278229136331216,0.012585769621329752,0.06777351399327257,-0.2019877152547087,-0.29161820865046795,0.27380440176097814,0.00650335254687588,0.13929435803581955,0.21462906424850856,0.15386130090428177,0.07847809684018439,0.16082707767730955,-0.10404771262968446,-0.2737682293054252,-0.05523054303911954,-0.19535503213736732,-0.0367209189982847,0.38355151203860566,-0.2273283693400149,-0.213448302638378,-0.0705448493143386
10.5,0.2619294783259115,0.020631058664377457,0.4162821239905248,0.2796971685295725,-0.19255609490494155,0.5324730881249528,0.3565312625660362,0.24906960456128746,-0.26803868181244295,-0.06887286358218647,-0.01922237556495897,0.48107659103763317,0.10343122050484015,0.36107813929273525,-0.0634320302790701,-0.11649491474364451,0.0764264376796539,-0.24713655842422813,0.32438835164697577,0.18207300485267341,0.25862184734700316,-0.13414335649604747,0.46084934736140637,0.5508435712994698,0.39666048256583764,-0.13470194837739174,-0.02683721314674062,-0.1727458313396685,-0.14493617038443796,0.25086946158967427,0.26209110341500874,0.49146618950516013,-0.1507605276019422,0.011082421772285614,0.00855462899216119,-0.21207713128101133,-0.22694836298129423,0.03480025531667686,-0.19603965859739544,0.2654352264101865,0.03611280201656848,0.42022788263242694,0.21137905486879033,-0.07482794019593159,0.3900620257048094,0.37154185500993264,-0.1134873808882428,-0.12391115967595648,0.11725174934050393,-0.1949141305140048,-0.18770024586772052,-0.3035859277612284,0.23671147300313522,0.20632758002920157,0.1647119653242516,0.40274939013206507,0.021837901540633992,0.07049631804342263,-0.18062310797813091,-0.2742717172147513,0.2846134025141592,0.014058801470485513,0.1486219016894439,0.20889477670071152,0.15707576648145255,0.08368027229118455,0.17275668100714853,-0.08942195144491169,-0.24898501686894928,-0.049193207006335095,-0.1796296750782236,-0.026553198591354632,0.3839369204898614,-0.21536482309074745,-0.1865235411395824,-0.05131295110096802
11.5,0.2596199603125876,0.032130227323299274,0.41849783056765694,0.28693495996794344,-0.16809471698049927,0.532511857525067,0.3638858003208188,0.24440066410837993,-0.25030923302103203,-0.06446122328785231,-0.004647373993937104,0.48174914365796306,0.10182451895651153,0.36217588655539623,-0.058068016825083765,-0.09691039518319589,0.08141275257709499,-0.22388834964934579,0.32169220197073345,0.1877816661327915,0.25770934245758675,-0.12571804424138874,0.4545803639197537,0.5621834017288985,0.40585428338626617,-0.11382865739841815,-0.021107535501278,-0.14355672466066446,-0.1217380563230239,0.2571012300096774,0.2628714428905103,0.4884710873817798,-0.14102122164263414,0.027855280438683,0.016464819286501686,-0.19555179935748454,-0.2070431605574128,0.04402368610299723,-0.18133983222326822,0.2742769845389003,0.048890158017750825,0.42568331517510954,0.21254648852539448,-0.05921344098487745,0.39275951667916004,0.3755475644640749,-0.10651986715962361,-0.10956013869634293,0.11285017937971994,-0.1738035082945024,-0.17051022078072292,-0.2798518970313353,0.23092882568482564,0.2106846968823269,0.16164825583521933,0.4122554307113693,0.03163757670756726,0.0737080299975936,-0.15863956489776998,-0.25595344134884834,0.29527202458628976,0.022214380940450522,0.15814735739847735,0.2031594567361404,0.16048134489282398,0.0892996601269532,0.18481655956072848,-0.07409569197603712,-0.2236674378218853,-0.04232430726990171,-0.1630473536523755,-0.01572196867660267,0.3837428826343543,-0.20228893656871128,-0.15921374255720777,-0.031585064335235
12.5,0.2571295785791047,0.04411251347955999,0.4200580770734845,0.2939826435330955,-0.14315826403325912,0.5314877523442914,0.3708378107667535,0.23959300665397826,-0.231674748174631,-0.059123074997606474,0.01044293906753324,0.48153482281331766,0.10063432878136132,0.3627770099032931,-0.05182507259829537,-0.07676531491492296,0.08682609383878345,-0.20005317681280518,0.3185849268741413,0.19358148254388147,0.2566326636992867,-0.1162908633280431,0.4473550946223078,0.5726953564054418,0.4145648764171779,-0.09241160305893562,-0.014630129266281633,-0.11409495030068877,-0.09806597318243432,0.26321975660069735,0.2634817297306872,0.48447791729170175,-0.13028233071289436,0.04503475557425689,0.024962454425486693,-0.17817072032276532,-0.18641514114426289,0.053732889695855324,-0.1657349735041154,0.28297809724056305,0.06208968707699841,0.4305271993651735,0.21371769751821956,-0.04299214684350803,0.394890515236904,0.3790615374546371,-0.09856174471743998,-0.09445455536627129,0.10884273351822785,-0.15207264680908947,-0.15254271426393784,-0.2554963780267559,0.22505519693897025,0.21505998304828822,0.15877419782562913,0.42126722465786604,0.041948588761784006,0.07739191527552945,-0.1360917373102947,-0.23675086533039008,0.305752083247037,0.030935286915490374,0.16784454639910007,0.19744667935699703,0.16406644766160178,0.09531437047492022,0.19697755682659962,-0.05812321095848274,-0.19786407969419156,-0.034666739282990286,-0.14567791718911088,-0.004271132408382808,0.38296003310610177,-0.18818638073884392,-0.13155120919179036,-0.011405387288679842
13.5,0.25446642817857856,0.0565404195976858,0.42094492369359343,0.3008185641055347,-0.1177885688560913,0.5293752348668205,0.3773616328707391,0.23466494643092303,-0.21221543844628732,-0.05290193391854794,0.026005916316270174,0.4804131210717336,0.09986186176803089,0.3628717630067707,-0.044746966660618545,-0.05610817182282933,0.0926449051479997,-0.17568410561900302,0.3150730108159193,0.19945498706191103,0.2553946911918982,-0.10592467166000163,0.43917906904664905,0.5823289080226471,0.4227600818428844,-0.07049848569869051,-0.007442168437109381,-0.0843800112900244,-0.07396195605744914,0.2692064431012457,0.26391877130847397,0.479475940508223,-0.11861088168488906,0.06258167104375233,0.0340125413152554,-0.16000540937035979,-0.16512811491020926,0.0638942034740085,-0.14929726234346058,0.2915141950214596,0.07567462532904282,0.4347330956311567,0.21488871197804263,-0.026213093479511673,0.39643825314973363,0.38206497975157083,-0.08967009431130625,-0.07865239852050673,0.10524335862273433,-0.1297761140273636,-0.1338626386611703,-0.23057776763590526,0.2191141121006357,0.21943981580506722,0.156100731102846,0.42975165010435845,0.05273513994996128,0.08153017103315664,-0.11302920446887574,-0.2167431901734945,0.31602527990280754,0.04018702229174896,0.17768742217069572,0.1917800884444747,0.1678189790046135,0.10170201283529763,0.2092105118073575,-0.04155590544566386,-0.1716179967616362,-0.026263296308992712,-0.12758605821513963,0.0077564960320339145,0.3815809104836067,-0.17313734757648053,-0.1035649024113118,0.009184443418771004
14.5,0.2516393041561634,0.06937726928379162,0.4211421230725473,0.30742131105132464,-0.09202350333332543,0.5261516956078973,0.38343204411998866,0.22963547492362318,-0.19200418099250435,-0.04584178123068761,0.04200053071069569,0.4783659434502384,0.09950668818930059,0.3624518886991018,-0.03687754664180526,-0.034984191001412306,0.09884722463976342,-0.1508286487838841,0.3111648817419791,0.20538459802271528,0.25399888851836117,-0.09468020071806064,0.4300626541489369,0.5910334355075408,0.4304079957912214,-0.048133341026588894,0.0004189948638433956,-0.05442960732894179,-0.049464593251110134,0.27504288679503464,0.26417983192461963,0.47345823743961457,-0.10607112186284144,0.08045825826626915,0.04358034666687534,-0.14112179573515057,-0.14324015876501459,0.07447430689892601,-0.1320937868559175,0.29986081356594957,0.08960904427271457,0.4382754502321259,0.21605559322533505,-0.008922826840806962,0.3973873899408208,0.3845400766239137,-0.07990091127177336,-0.06220839252775055,0.10206387774274694,-0.10696367280402648,-0.11452995737687821,-0.20514778974199369,0.21312965364984454,0.22381054628892122,0.1536378751392947,0.4376756899974469,0.06396208019938554,0.08610407528973177,-0.08949736836037987,-0.19600223473080353,0.3260632741148911,0.0499354339002952,0.18765005180183952,0.18618324061068245,0.17172649755565603,0.10843979090966341,0.22148626742783978,-0.024442420136286953,-0.14496763976155227,-0.017156564475849977,-0.1088317440255937,0.02031920313510757,0.37960003361533506,-0.15721671655681202,-0.07528097190262094,0.030145041872038224
15.5,0.24865773525225734,0.082587174500791,0.42063522849746543,0.31376972905022993,-0.06589751743707131,0.5217978526105106,0.38902416082270186,0.224524165618726,-0.17110725047497607,-0.03798671462805526,0.05838720071748997,0.4753779982871801,0.09956666277159529,0.3615107634490692,-0.028260390287643572,-0.013435664174171016,0.1054105668744781,-0.12552970029600838,0.3068706229849574,0.21135264339781692,0.25244930884969646,-0.08261609578992082,0.4200211610796137,0.5987583229539479,0.4374769233702246,-0.025357022787527737,0.00891609785902647,-0.024260129876904447,-0.02460956521991296,0.2807107555366185,0.2642626939280501,0.4664220093727819,-0.09272429899946008,0.09862799258595961,0.053631401025361056,-0.1215806669857417,-0.12080413363264678,0.08544025235264426,-0.11418688281243236,0.3079935036442577,0.10385782882617886,0.44112972094532915,0.21721439647107293,0.00883440627333592,0.39772404138997014,0.38647008593509546,-0.06930880554775523,-0.04517418562066665,0.09931406015055297,-0.0836808106512885,-0.09460010710592406,-0.17925230882509452,0.20712637566058115,0.22815851571268894,0.15139468132875372,0.44500656379541237,0.07559481467529908,0.09109410561199409,-0.06553789938948378,-0.1745931393663236,0.33583766717421215,0.0601466711634442,0.19770641904613065,0.180679402985325,0.17577623929461358,0.11550458243756759,0.23377566128457472,-0.006828805178772541,-0.11794747419875466,-0.00738864153627173,-0.08947056153214392,0.03337652614407457,0.3770140523186866,-0.14049424289530651,-0.0467232556612989,0.05143897169184495
16.5,0.24553203985275546,0.0961350845379513,0.4194117802593791,0.31984279778237357,-0.039442219273653656,0.5162981839749993,0.3941137235746801,0.2193513113022813,-0.14958493334485928,-0.029380658090806856,0.07512762757058943,0.4714370010196164,0.10003811334127757,0.3600435111544621,-0.018938716410989605,0.008497738524652233,0.11231199977086617,-0.09982591840935745,0.30220199445232604,0.21734138411730894,0.2507506266432926,-0.06978869486840748,0.4090752951636034,0.6054531423832631,0.4439354753451049,-0.0022077319025715974,0.018011977015489438,0.006113156557563499,0.0005699592869757479,0.28619196607222996,0.2641657445714207,0.45836898719907404,-0.07862868986000723,0.11705539178113697,0.06413161383734621,-0.1014380629599659,-0.0978682626793287,0.0967594792711188,-0.09563451558654693,0.315887916014283,0.11838656923513464,0.44327273176336696,0.2183611477122145,0.027016459317991126,0.39743610171226906,0.38783952362529056,-0.057946825020368055,-0.027598561014630214,0.09700177753956138,-0.059969218693281326,-0.07412436626741105,-0.15293207188072674,0.20112905376060836,0.23247009783686007,0.14937921763152318,0.4517117760294239,0.08759920691353329,0.09648004793176458,-0.041189221190241466,-0.1525749534334369,0.3453199266451541,0.07078720509521533,0.20783050948141463,0.17529145820329511,0.1799550795473487,0.12287311903067129,0.24604949880785232,0.011241304889368926,-0.0905885302322118,0.002999017229713951,-0.06955399955618027,0.0468891693442959,0.3738219342920418,-0.12303482504469346,-0.017913662536786508,0.0730304555649523
17.5,0.24227326521007875,0.10998659742297823,0.417461524353229,0.3256199422434351,-0.012686811698143605,0.5096413350095471,0.39867713839302804,0.21413774522126303,-0.12749216153110043,-0.02006712679049469,0.09218483378464751,0.46653398292201376,0.10091585709560236,0.3580470819307271,-0.008955181484182586,0.030778666266068445,0.11952829136585166,-0.073752356773556,0.2971726778432253,0.22333303676332905,0.24890810912743522,-0.05625205133780309,0.3972516095966201,0.6110679419638916,0.44975268093190773,0.021278634910691825,0.027669711653609586,0.03667574233407754,0.02604294397996949,0.29146874235092046,0.26388801908084714,0.44930582806527963,-0.06383990732187976,0.135705794794676,0.07504728655178575,-0.08074576116615943,-0.07447665606778694,0.10839981386062836,-0.07649063269916084,0.32351982708448307,0.13316140129106563,0.44468285514147626,0.21949191915574628,0.04558306525027879,0.3965132882887617,0.3886342280322171,-0.04586640201855628,-0.009527663249609722,0.09513280352715994,-0.03586735820814217,-0.053150317784322644,-0.12622360164396956,0.195162602155266,0.23673189821871826,0.14759855470483074,0.4577592793378136,0.09994171448568799,0.10224109532449857,-0.016486899045563837,-0.1300013316921768,0.3544815017313613,0.08182395304138973,0.21799631223754315,0.1700416986336381,0.18424961163439824,0.13052187566242174,0.2582785244259453,0.029726353194822846,-0.06291894475846041,0.013965764885977287,-0.049130088190740384,0.0608188801745139,0.37002499793017024,-0.10489882781121532,0.011127492359384383,0.09488509585813718
18.5,0.23889310393424695,0.12410781133817934,0.4147766036819098,0.3310809092614561,0.014341468647789887,0.5018205860143121,0.4026914456228834,0.20890443559643831,-0.10487910762888637,-0.010089042470006802,0.10952291350887722,0.460663810191795,0.10219331428715024,0.35552039927687773,0.001648290756195959,0.053371636875717145,0.12703597416204765,-0.047341219991719745,0.2917982558640876,0.22930979595070494,0.24692763675978466,-0.04205800123506956,0.38458240436540647,0.615553501777973,0.4548981915044508,0.04506820978780009,0.037852753324761956,0.0674134463757498,0.05178003755921895,0.2965235734984012,0.2634292502769525,0.43924437861232785,-0.04841079783096923,0.1545451995064935,0.08634511000877956,-0.05955171506442462,-0.05066995970781091,0.12032945654112073,-0.05680552654796646,0.3308650801206419,0.14814898025703796,0.445340018086391,0.2206028305512989,0.06449564869340584,0.3949472056556571,0.38884158713033706,-0.0331172224915668,0.008994766243630494,0.09371087618713803,-0.01141084689511172,-0.031722292020516824,-0.09915980624965104,0.1892519411969634,0.2409306786091535,0.14605874199473054,0.4631175014771579,0.11258938753603549,0.10835593677874593,0.0085359372491459,-0.10692116501740989,0.36329375057414987,0.09322412345979889,0.22817776763347997,0.16495177927925042,0.1886462331702561,0.13842708525691322,0.270433387131075,0.04858670750266136,-0.03496442297734663,0.025471740098026475,-0.028243660270280087,0.07512835889101588,0.36562703360148807,-0.08614241591862526,0.040380976073917454,0.11696960632091916
19.5,0.235403806300737,0.13846534835679858,0.4113517528734332,0.3362057152993476,0.04161700238893546,0.4928343257797324,0.4061345442457358,0.20367253077863873,-0.08179169542340181,0.0005114056527723463,0.12710674152545823,0.4538253708004101,0.1038626228014202,0.3524644204147773,0.012830552674290698,0.07624271587198239,0.13481152844656025,-0.02062216361258825,0.2860960914191625,0.23525385670964902,0.24481573814068133,-0.027256069351391625,0.37110593317799,0.6188617134305073,0.45934244503009064,0.06912881055203982,0.04852502965851686,0.09831219590942247,0.07775319568191055,0.3013391612715826,0.2627897855426268,0.4282020749634519,-0.03239156926868035,0.17354013814343913,0.09799221812919864,-0.03790047302969431,-0.026485768448230383,0.1325169591068575,-0.036626198654775746,0.33789967240952146,0.1633163926785946,0.4452258887105048,0.2216901002890023,0.08371706920790785,0.39273157363564637,0.38845069064861076,-0.019747117081245054,0.02792714902607048,0.09273785426542788,0.013367165856445961,-0.009881757404086927,-0.07177045309979539,0.18342180690746657,0.24505312450746858,0.14476481715825956,0.4677556309541955,0.12550962083776523,0.1148028361623477,0.033848198955071275,-0.0833790685169156,0.37172800725342375,0.10495531661221862,0.2383487867244256,0.1600425623274831,0.19313114948970433,0.14656484748579357,0.2824845727841321,0.06778426424879327,-0.0067487912374663605,0.037477958990459186,-0.00693664576211091,0.08978129832722614,0.36063447073924837,-0.0668178997248863,0.06982820948850836,0.13925155463110556
20.5,0.2318181709895521,0.15302633210940758,0.4071844979989659,0.34097495484624085,0.06911545446019166,0.48268648948413456,0.4089853439319263,0.19846334759789008,-0.05827206772732807,0.011692859478778593,0.1449019957540724,0.44602180300954564,0.10591466097964271,0.3488821832132448,0.024551335836836146,0.09935930258734717,0.14283123156103184,0.006377218032828371,0.2800853575869824,0.2411474371768722,0.24257951005343975,-0.011893546409027372,0.3568666194153356,0.6209458258911325,0.4630569221293265,0.09342950637571604,0.05965107013145139,0.12935776639000346,0.10393538085522296,0.3058985572032298,0.2619705859246657,0.416202250967818,-0.01582990978957256,0.19265745340031537,0.10995612831746741,-0.015833579811920417,-0.0019590899930744666,0.14493119343893146,-0.015996663215814604,0.3445998190755057,0.17863106327312445,0.44432417836462035,0.22275011578917753,0.10321138344594508,0.38986242972461504,0.3874523222570738,-0.005802079695128604,0.04722982854890666,0.0922135815803639,0.03843539142820415,0.012332359269145388,-0.044082798786535225,0.1776965822518137,0.24908601537882932,0.1437208887258765,0.47164376604856306,0.13867024139554596,0.12155970172974484,0.05942049391455857,-0.059415982982932034,0.37975575494884073,0.11698558245761718,0.2484832733344621,0.15533397434421606,0.19769037999607159,0.1549111840500185,0.29440239778210964,0.0872823136423391,0.021705618171051815,0.049946357652208145,0.014751496969924635,0.10474229796314187,0.3550564879582866,-0.04697407848387851,0.09945104587405426,0.16169911539042958
21.5,0.22814949960582775,0.16775827250565492,0.40227535572551787,0.345369802245981,0.09681334084004244,0.47138703828784767,0.411223953868214,0.19329835131018988,-0.03435915214338597,0.02341485504729287,0.1628749374957661,0.4372609850584855,0.10833924835700337,0.3447788884902684,0.03677134539509887,0.12268981206847326,0.1510711607448756,0.03363098629121872,0.27378705752099314,0.24697280189042176,0.24022660177630875,0.003984281597199388,0.3419151601398844,0.6217608212623661,0.4660141457324801,0.11794036805856771,0.0711959947480361,0.16053550350465975,0.13030029004711177,0.31018518590807337,0.26097324963805923,0.40327444282269614,0.0012287790881286714,0.211864148473006,0.12220473602261313,0.006610042977608513,0.022877282561019986,0.15754131345199762,0.005041754286332547,0.3509420156332682,0.1940606610879499,0.44262093860780566,0.22377934446559117,0.12294370924580429,0.3863383000104462,0.3858391928469432,0.008673466203188412,0.06686483072759938,0.09213622330177215,0.06376409564041442,0.034883331418664856,-0.016121965897801523,0.17210015433704032,0.25301628499749507,0.14293002202163516,0.47475306357603203,0.1520395226966194,0.12860414663393333,0.08522465322105713,-0.03506962455516725,0.38734866179482064,0.1292832989112467,0.258555080502242,0.15084493536546867,0.20230982807748665,0.16344207769500319,0.3061570390803638,0.10704536163432218,0.05037761826228143,0.06283968176773182,0.036783566999311554,0.1199765909379468,0.34890510048452417,-0.026656528058209655,0.12923147356944864,0.18428083311476473
22.5,0.2244116107726616,0.18262910256299886,0.3966280294004375,0.3493719578777703,0.124687704852121,0.4589524324058786,0.4128317977615422,0.188198782248248,-0.010089169746482779,0.03563785469379693,0.1809921513546125,0.4275557348600846,0.11112514327909354,0.34016204182120796,0.04945219427963265,0.14620337251690077,0.15950733067339845,0.06111449959986476,0.2672239996895453,0.2527122859728503,0.237765202735934,0.020334001241938456,0.3263085539430975,0.6212638767255836,0.4681879417768952,0.142632190557849,0.08312548351461567,0.1918300929818312,0.1568219659743485,0.31418295502429466,0.2598000405785101,0.38945473611925613,0.01874122832951978,0.2311272228157316,0.13470628634909343,0.029393762164450898,0.04799244994298579,0.17031671181308475,0.026450109561436987,0.356903136690668,0.20957300611628207,0.44010478971712147,0.22477437998784447,0.1428799860895092,0.3821602347425811,0.38360629536526336,0.023636718442672996,0.08679562813250641,0.09250213086198487,0.08932476761314179,0.057736311892628844,0.012088648099601803,0.1666557925981354,0.25683105668721307,0.1423942084208008,0.4770559669848823,0.16558617313719012,0.13591354099892775,0.1112334517047058,-0.010375036656887293,0.39447870755947606,0.14181725139137197,0.26853822307991937,0.14659327468694974,0.20697522234155308,0.17213342057062286,0.3177184847818899,0.12703900294156825,0.0792468838036981,0.07612148258137938,0.05912424812266476,0.1354500492531827,0.342195307351356,-0.0059080230125814065,0.15915135684099152,0.20696539476812187
23.5,0.2206187286964903,0.19760701057655936,0.39024959917198176,0.3529637402468587,0.1527158102972609,0.4454060954171203,0.41379169054482734,0.18318565234037923,0.014504005837369827,0.04832325275767503,0.19922047714493527,0.4169241296373364,0.11426013078547714,0.33504157032685317,0.06255643344508077,0.16986959432261578,0.16811573933819074,0.08880411040077406,0.2604206439419454,0.2583483204712168,0.23520401437908234,0.037114028873479275,0.3101099187952962,0.6194148746096657,0.4695536591454263,0.16747618557351782,0.09540576353156971,0.22322520985563,0.1834745197862776,0.31787633436833873,0.25845391146788627,0.37478593586182907,0.03666615328837734,0.2504137419440463,0.14742941300638365,0.05248284710662434,0.07335691863057939,0.18322697283651526,0.048191399191628174,0.36246045142343397,0.22513597743248986,0.4367669742123102,0.22573190419557557,0.16298677334972464,0.37733206043540524,0.38075083468532867,0.03904642034074966,0.10698690916617244,0.09330595234761793,0.11508983666865782,0.08085797329894216,0.04052701124915229,0.16138607558382784,0.2605176777638933,0.1421145536867686,0.478526473229233,0.17927913093105946,0.14346505617405617,0.1374202985960383,0.014635056663201088,0.4011181269270822,0.1545565384094967,0.2784065854065205,0.14259569862761376,0.21167221109019643,0.1809610749789599,0.329056472257764,0.1472295510012443,0.10829358827742923,0.08975611496469975,0.08173962883134467,0.15112908834034147,0.3349451496799429,0.015231108997645898,0.1891920746869474,0.22972141144841954
24.5,0.21678541085719044,0.21266016559934423,0.38315070281927166,0.3561282392257664,0.18087485192173305,0.43077886300498713,0.4140880636427832,0.17827948432180143,0.039388464802775455,0.061433358907003556,0.21752695154300797,0.40538992756306014,0.11773116257793474,0.32942995832607064,0.07604743844955014,0.19365838012699194,0.17687234286385473,0.11667683487761571,0.2534030977879148,0.2638634591096164,0.2325521287316667,0.05428445918877989,0.293388387018222,0.6161766424226176,0.47008830875907553,0.1924439127377995,0.10800365664052942,0.25470324036490133,0.21023188398978476,0.3212503798172662,0.2569385524472434,0.359317710588105,0.05496402673523386,0.2696904606195182,0.16034304295738536,0.07584412649325802,0.09894233948265525,0.19624182283753322,0.07023030006339209,0.36759167692090455,0.240717423818292,0.4326016759128676,0.22664859079966257,0.1832310681207872,0.3718605841463717,0.37727220300888986,0.05486274994336225,0.12740435316085338,0.0945408531817207,0.14103238124577153,0.10421621340340201,0.06917202480383262,0.15631282512430272,0.2640637774878578,0.1420913171767516,0.47914029632009064,0.1930874469331449,0.1512357018434114,0.16375893433636524,0.0399299580157725,0.4072395674555633,0.16747043482532747,0.28813385714318585,0.13886772911475745,0.21638643703950483,0.1899008298365463,0.3401405255236917,0.16758382300173819,0.13749802065679328,0.10370866425187515,0.10459709659609476,0.16698059024251152,0.327175738635464,0.0367227065566677,0.21933429154757947,0.2525172089348459
25.5,0.21292648319071442,0.22775676345438547,0.3753457035310917,0.35884941345674026,0.20914164278794117,0.41510936838517465,0.41370707055776734,0.17350032236338492,0.06453389637477429,0.07493136277480984,0.23587869116355567,0.3929827499300885,0.12152440686162447,0.32334216510020536,0.08988935976294173,0.2175396579142305,0.18575306309485895,0.14470994466019535,0.24619877607882695,0.26924040669074045,0.2298190908830982,0.07180692076606568,0.27621883241867246,0.6115154816534348,0.4697708158811409,0.21750709808956667,0.12088655152121712,0.28624510833955147,0.23706756260243972,0.32429076500506493,0.2552583868700317,0.34310665829087844,0.07359677139531548,0.2889235384617116,0.17341639740596998,0.09944570650731424,0.12472117353863514,0.20933107911908974,0.09253289266998838,0.37227509145889964,0.2562850777803053,0.4276062764216994,0.2275212646009203,0.2035800992431352,0.36575569925666385,0.37317231721094046,0.0710471969726051,0.14801441201099913,0.09619862846773583,0.1671258423319745,0.12777992852664558,0.09800322185699699,0.1514568442714882,0.26745722398801947,0.14232364340117717,0.47887506415045245,0.2069803194196803,0.15920235669407087,0.19022315822688968,0.06548060300934488,0.4128161590857258,0.180528398211031,0.29769366392699137,0.13542357694594337,0.22110355191071332,0.19892844175320945,0.3509399461382908,0.1880690264803518,0.1668403324463244,0.11794489226687947,0.12766496838670124,0.1829717950855786,0.3189113543795872,0.05853051748746403,0.24955772822737673,0.2753206269423621
26.5,0.20905696882032646,0.24286500699626043,0.36685284044429756,0.36111211980565777,0.23749236254902034,0.39844439759494377,0.41263673824904534,0.1688677083619248,0.0899112470576797,0.0887812832238865,0.2542426750067078,0.3797382025217482,0.1256252645545269,0.3167956591535721,0.10404720363832336,0.24148320291817296,0.19473383092966695,0.17288069030720982,0.23883644684224917,0.2744620493627078,0.22701496452266734,0.08964425294569078,0.2586814179739174,0.605401719980559,0.46858227735800667,0.2426369214010784,0.1340223325946751,0.3178299410177527,0.26395439559286266,0.3269838572305744,0.2534184961605444,0.32621630198649215,0.09252763772032857,0.3080786164623496,0.18661896247057014,0.12325673906551633,0.15066635026853126,0.2224645986715382,0.1150663830769543,0.37648966003525675,0.27180647379782963,0.4217816324812251,0.2283469960094168,0.2240011454823086,0.35903031293556126,0.36845578862223544,0.08756243102827468,0.1687840987294425,0.09826971329081438,0.19334357185608936,0.15151866910677653,0.12700044246840322,0.14683780232835214,0.27068626419550856,0.14280973630817442,0.47771063468048675,0.2209269924592935,0.16734179337243665,0.21678654037219233,0.0912591227097593,0.41782161269441564,0.19370015182717892,0.3070595731663902,0.13227601339201306,0.22580910164194154,0.20801969943106471,0.36142384214954865,0.2086525626209717,0.19630031063532066,0.1324311941899913,0.1509122755529563,0.19907015516942614,0.31017934927752555,0.08061987158669166,0.2798408099020858,0.29809882709077046
27.5,0.2051920144414654,0.25795297855291305,0.3576943573522632,0.36290221181082677,0.26590230021637196,0.38083917764430236,0.41086720660809267,0.1644005353886055,0.11549244019471949,0.10294790519263215,0.2725855062107749,0.3656981791613235,0.13001851922367264,0.3098104683366917,0.11848671601919988,0.2654582969815978,0.20379051132572384,0.20116605909189986,0.23134605439805478,0.27951148695086603,0.22415012843277332,0.10776037658070899,0.24086104046383108,0.597810300900755,0.4665062386464441,0.26780381314676016,0.14737909027542676,0.3494348391751762,0.2908642535402614,0.3293167848197013,0.2514247162007253,0.30871695307921904,0.11172108964456709,0.3271206885764197,0.19992027700559492,0.14724711538908958,0.17675104366070699,0.23561222758335498,0.13779883675041496,0.3802151003405844,0.2872488716075499,0.4151322282434345,0.22912288978886658,0.24446136486776826,0.35170056725605264,0.3631300183588095,0.10437218308370433,0.18968078317016757,0.10074327209484046,0.21965866969855297,0.1754023563233515,0.15614353833742736,0.14247416892086512,0.2737396561147972,0.14354695415794994,0.4756293970170919,0.23489667934844558,0.17563069846199436,0.2434222074909443,0.11723834173671681,0.4222303600855192,0.2069555671721346,0.31620515930062343,0.12943625893739447,0.23048856420779784,0.21715031302408455,0.3715612618027432,0.22930183484364242,0.22585711099014222,0.1471344293832488,0.1743085228957927,0.21524323606212853,0.3010101192910789,0.10295733865023808,0.3101604245370175,0.3208181097769476
28.5,0.20134681499778337,0.27298855483979406,0.3478966046431112,0.36420667293103215,0.2943455857502858,0.36235756858278656,0.40839090122839766,0.1601168719890922,0.1412501468869689,0.11739670672705482,0.2908733571261496,0.35091090315248774,0.13468851578909807,0.30240921420534833,0.13317417129173062,0.2894334244482842,0.2128988740329482,0.2295425779453752,0.22375850862418373,0.2843720675331343,0.2212352542275849,0.12612013574547326,0.2228467574507659,0.5887214110754406,0.4635289915383892,0.2929773250098581,0.1609251437980465,0.3810344526610211,0.31776788288829894,0.3312775068800496,0.24928352371374415,0.2906855560804827,0.13114250126453197,0.3460139597743617,0.213289916326028,0.1713871129551882,0.20294844270211682,0.2487437520916381,0.16069892362140065,0.38343204729099456,0.30257918531268996,0.40766642166475375,0.2298461969140298,0.26492762773084666,0.3437859546766611,0.35720524058226943,0.12144118234598915,0.21067199508417778,0.10360734488859202,0.24604377967465182,0.19940102772297552,0.18541206883865402,0.13838308636709667,0.2766064224012623,0.14453174122459816,0.47261650425118945,0.24885864643269456,0.1840456882097449,0.2701025601905117,0.14339170136865684,0.4260176892626869,0.22026445034248804,0.3251040031397424,0.1269141028143113,0.23512747268640863,0.2262959785419824,0.3813210163617935,0.24998407294658861,0.2554889725671613,0.16202185353126816,0.19782339787224115,0.23145865217944994,0.2914370738980271,0.12551051015177547,0.340491690329381,0.3434437403330069
29.5,0.1975365372798278,0.28793935362926815,0.3374901092794607,0.36501375407388165,0.3227949433482329,0.3430721549467654,0.40520271762968285,0.15603388522342643,0.16715748083810758,0.13209377848894607,0.3090718844232945,0.335430977684271,0.1396190691481427,0.2946170631309116,0.1480762977119432,0.313376170445132,0.22203473214624864,0.2579859552555263,0.2161055209735317,0.2890274244041203,0.21828132148611265,0.14468918864973596,0.204730998357649,0.5781212372610383,0.4596398093986528,0.31812603840490367,0.1746291496626346,0.4126007638558941,0.34463460050587313,0.3328548856096177,0.24700197290509598,0.2722053177980514,0.15075791624753035,0.36472174899354537,0.22669746001626917,0.1956471804314965,0.2292313487801204,0.2618288521429408,0.18373567372473795,0.38612207262190684,0.31776391908288637,0.3993967295291315,0.23051440280633342,0.28536636957580674,0.3353093867060775,0.35069479417030314,0.13873487588557723,0.23172523464646058,0.10684896767150118,0.2724708269229651,0.22348465022301817,0.2147850798805219,0.1345802767949764,0.2792759330812458,0.1457597938855886,0.4686601800070216,0.26278204304517844,0.19256332072538623,0.29679898301872193,0.16969290795922237,0.4291598391296458,0.23359662761662117,0.3337296334083732,0.1247178699786756,0.239711431670968,0.23543236189392083,0.39067181658825134,0.27066616470825944,0.28517290302239456,0.1770610814896883,0.22142649385171276,0.24768393934622018,0.28149656643248183,0.14824769148839548,0.37080768243116613,0.36593978505423763
30.5,0.19377624310520764,0.3027727330428786,0.32650960748626057,0.36531304158559696,0.3512215381223634,0.32306425861134735,0.40130020797369353,0.15216772716119992,0.19318746172511242,0.1470057377484577,0.32714612540666,0.31931934933926254,0.1447934266179592,0.28646173577471684,0.163160251383661,0.3372530407804144,0.231173838121936,0.28647103797477047,0.20841938347930739,0.29346151555999933,0.21529956377199216,0.16343379009998873,0.18660871659848607,0.5660027164850026,0.45483125569441085,0.3432173276144973,0.1884600065899527,0.4441028684972107,0.37143204734565927,0.3340387608365162,0.24458773627945027,0.25336527936317527,0.1705339105912682,0.3832064573229762,0.24011250476902615,0.2199976471831345,0.255571958911302,0.27483705828667987,0.2068782427829531,0.38826775853891093,0.33276911020880856,0.39034002303090026,0.23112508634188994,0.30574350787622706,0.3262972365748775,0.34361500547483514,0.15621927149853945,0.25280779061247277,0.11045430894657252,0.298910768639043,0.24762297492455926,0.24424080880004095,0.1310800097636371,0.28173801525410713,0.14722605240353062,0.4637520198859281,0.27663569779313113,0.20116010536175763,0.32348164584011363,0.19611562087894888,0.43163415990073595,0.24692193723388534,0.34205562802022116,0.12285441720182118,0.24422614030285325,0.2445350874096973,0.3995823754636642,0.29131449530280057,0.31488434277582433,0.1922199785556639,0.24508713068022042,0.26388644684633544,0.2712277506058268,0.17113767544634334,0.40107906932268184,0.3882689578825263
31.5,0.1900808127425533,0.3174556666351974,0.31499403481849797,0.36509556558852246,0.3795946209435866,0.3024236294597396,0.3966837668742284,0.1485334819685165,0.21931285830600045,0.16209963861390336,0.3450604155712875,0.3026431715252095,0.15019441382074328,0.2779733262964008,0.1783935248210055,0.36102929089065083,0.24029186845024716,0.31497129022875436,0.20073293639014653,0.29765866580504186,0.21230134904801057,0.18232061712019437,0.16857641388853623,0.5523660706816353,0.44909949811862243,0.3682171214570448,0.2023867187335182,0.47550665229443834,0.398125994094256,0.3348200264181005,0.2420490901727737,0.23425960002722995,0.19043741573352685,0.4014294035720886,0.25350461218719506,0.24440853163956752,0.2819417084093875,0.2877377126834764,0.23009568719727805,0.3898528833157614,0.3475602802739191,0.38051771898425396,0.23167597748416496,0.3260241702645535,0.31677935214949643,0.33598530147038524,0.1738608423569378,0.27388656632372593,0.1144086354637216,0.3253333603920058,0.2717851835305217,0.2737563967182939,0.12789503519366646,0.2839829545905987,0.1489245940051649,0.45788725641104105,0.2903881830272379,0.20981250997133233,0.35011936880570305,0.22263323223728726,0.43341932118165366,0.2602100172674476,0.35005562168710125,0.12132913730589127,0.24865740052180846,0.2535797488426395,0.40802143067170993,0.3118947949590267,0.3445970622765212,0.20746656956365633,0.26877414772514474,0.2800333370790988,0.26067244115014504,0.19414951068792824,0.43127392905484985,0.4103924787272697
32.5,0.1864648692651166,0.3319546496948728,0.30298646849548916,0.3643539290758318,0.407881260053898,0.28124806575128003,0.3913568139776814,0.14514510150757404,0.24550597929944837,0.17734288003787704,0.36277827599878154,0.2854755634899798,0.1558044702781894,0.2691842346003357,0.19374386777295285,0.38466873506494076,0.24936448836369696,0.3434584274138786,0.19307928540869798,0.30160361154451454,0.20929814549613274,0.20131658152644266,0.15073116475385956,0.537219659592101,0.442444551263694,0.39308972264216113,0.21637837915164507,0.5067745091788876,0.42468012924569376,0.3351907080552391,0.23939487807468054,0.21498670307343432,0.21043553989336772,0.41935075998198734,0.2668431586456398,0.2688493195843617,0.30831102611068034,0.3004999349778771,0.25335674803081,0.3908626112243722,0.36210239519739235,0.3699559860998705,0.23216499035947744,0.34617257003280405,0.30678903283290176,0.3278283097272129,0.19162638726435038,0.294927913861217,0.11869640903395014,0.35170692972531997,0.2959397314893861,0.30330761903088976,0.12503656022950782,0.2860015781422546,0.15084874986261054,0.4510651147589024,0.30400781339811517,0.21849696670188107,0.3766793277546001,0.2492187006547907,0.4344955515508184,0.27343035474786476,0.35770336400555885,0.120145956293391,0.2529911389465789,0.2625419048191584,0.4159578162578996,0.33237199540837087,0.3742828144363828,0.22276895504701238,0.2924556966936433,0.29609147224246135,0.24987499735486943,0.2172522728614677,0.4613574970470575,0.4322699445898802
33.5,0.18294270451635747,0.34623571847857526,0.2905340173010509,0.3630824060900813,0.436046145200755,0.25964288461783935,0.38532600736856026,0.14201534769109986,0.27173842651506736,0.19270311295576373,0.38026235849588497,0.26789525683415394,0.1616056875152311,0.2601290553231026,0.2091791558416814,0.40813356038912374,0.2583674722597843,0.3719023365893132,0.1854915260173607,0.3052815483050827,0.20630148452100774,0.22038879943716433,0.13316961335480085,0.5205808706090862,0.43487060123794485,0.4177976228792609,0.23040412144956596,0.5378650684077992,0.4510558594544922,0.3351440420085713,0.23663448421306676,0.1956484687121772,0.23049539572433156,0.43692953273195184,0.28009733775224177,0.29328874614875844,0.33464905791181015,0.3130925937574446,0.27662964372529153,0.39128353327140875,0.3763598349097779,0.35868587241343547,0.23259023339942134,0.3661519229646367,0.2963630714791727,0.3191698852326825,0.20948289275286253,0.315897476749337,0.12330143849787037,0.37799815745626364,0.32005409693863307,0.33286862060430755,0.12251425101863933,0.2877852932184477,0.1529913006302422,0.44328918486472657,0.3174625979663435,0.2271898769793696,0.40312672279100203,0.2758442939309823,0.43484473265636014,0.28655224797735024,0.36497277461065225,0.11930735723292456,0.25721347846582504,0.27139708651058725,0.4233605473137095,0.3527100957614152,0.4039110272117596,0.2380952205476369,0.31609904308500864,0.3120272313732326,0.23888190695874964,0.24041484489364154,0.49129191506253117,0.4538592148228882
34.5,0.17952820734775682,0.36026438985567805,0.2776876550271468,0.3612770405704114,0.4640513646716028,0.2377201664848016,0.3786013895992575,0.13915574501957587,0.29798084710062145,0.2081481477587009,0.39747436726120416,0.24998612404352452,0.16757993006529776,0.2508444223813986,0.22466729653274423,0.43138418935624756,0.26727666801956884,0.40027079734325743,0.17800255905309761,0.308678180988042,0.20332292093968007,0.23950430601849265,0.11598683109706787,0.5024769648743276,0.4263863052598313,0.4423013436568392,0.2444330384225033,0.5687329403677176,0.47721212229388293,0.33467455413298175,0.23377780620085514,0.17634922757780402,0.25058393465163364,0.4541234781228815,0.293236115457304,0.3176945864286636,0.3609234226174012,0.32548428429678167,0.29988187149477546,0.39110379098381987,0.39029637341713014,0.346743308574586,0.23295004490598434,0.3859243350229854,0.28554156825697274,0.3100391089815777,0.22739739420108415,0.336760041732784,0.1282069301514481,0.40417186747292766,0.34409460178740353,0.362411653494485,0.12033620059407368,0.2893261169913657,0.15534445078832276,0.4345676261380236,0.33072020587471623,0.23586761629561576,0.4294246439979365,0.30248118938000684,0.43445057797892295,0.29954475464660957,0.37183800298330555,0.11881447230001815,0.2613109469064766,0.28012081754127743,0.43019891629889806,0.37287203858510115,0.4334486063741214,0.2534133533991118,0.33967037651289333,0.32780647645159106,0.2277415308162049,0.2636057061358769,0.5210359233068397,0.47511631199314985
35.5,0.17623479475015114,0.37400562915610747,0.26450199437534017,0.3589357684739317,0.4918561995800575,0.21559780241477638,0.37119650741153426,0.13657654388553372,0.3242026745869798,0.22364586318155025,0.4143749987443666,0.23183658693940806,0.1737088483715555,0.24136882516728703,0.24017627750715836,0.4543791422684217,0.27606785674379014,0.4285292710746719,0.17064489226960058,0.3117797768259219,0.20037396974700977,0.25862986056465675,0.09927516312953925,0.48294593083758797,0.41700507955718746,0.46655926081724486,0.25843408583250216,0.5993284633939231,0.503105213729196,0.3337781385495492,0.23083525244582762,0.15719465024254298,0.2706677883047933,0.47088906703593264,0.3062282003490725,0.3420334548838659,0.38710004063890724,0.33764331326427,0.32308001751740206,0.39031326008552114,0.40387517000188716,0.3341692060332947,0.23324297377881079,0.40545070167240826,0.27436769852974807,0.30046825505654357,0.2453368283091689,0.3574794002736963,0.1333955525427715,0.4301908262436761,0.36802629071833814,0.39190681738687794,0.11850891130990475,0.2906167209529079,0.1578996840946278,0.424913617341392,0.34374805516836693,0.24450653940308661,0.45553387206321005,0.3290992643323277,0.4332990111248264,0.31237663672774707,0.37827349624916295,0.11866713453194251,0.2652701681761604,0.2886886664975262,0.43644260132348195,0.3928195970479086,0.4628597687312023,0.2686911643504497,0.3631346303804158,0.34339451662410747,0.2165038258968735,0.286792730204816,0.5505446556130498,0.49599533992353473
36.5,0.17307534648174078,0.38742385357298387,0.25103499943754237,0.35605852803892163,0.5194169048857696,0.19339835034803637,0.3631285695818999,0.1342866930189387,0.35037198089954885,0.23916411758592865,0.43092390000503744,0.21353890700593198,0.17997386324530965,0.23174239701839303,0.255674032525144,0.47707489169154665,0.28471662707592876,0.4566406548402725,0.16345043849300148,0.31457322097212426,0.19746606060357869,0.27773187613535966,0.0831232553034835,0.46203730050992214,0.40674537289213425,0.49052750763675934,0.2723760481837661,0.6295975315368586,0.5286886329448915,0.332452135211407,0.22781767309729553,0.138290560099391,0.29071311750284295,0.48718149942728034,0.31904201641383584,0.366270613954396,0.4131430830697239,0.34953769104996013,0.34618957628508573,0.3889036974190917,0.41705877230081045,0.32100945625251903,0.23346775780934959,0.4246906200132539,0.2628876082165732,0.2904927237373661,0.2632679468300555,0.37801822054885836,0.13884949894979018,0.456015553601883,0.39181268118929646,0.42132180380052003,0.11703736542940968,0.29165048683334766,0.16064791399072037,0.41434561492904115,0.35651312586138983,0.2530829864828221,0.4814127439571568,0.3556669310027239,0.4313781731895919,0.32501637163482616,0.38425407520668164,0.11886395646937291,0.2690779092462012,0.297076258883436,0.44206178665582885,0.4125132741206673,0.4921056627577247,0.283896213846233,0.38645531162648594,0.358756054779312,0.20522001910568508,0.30994299155056726,0.5797694044681417,0.5164484205516819
37.5,0.17006214374331197,0.40048292964738763,0.23734763633691727,0.35264736613436654,0.5466865297177239,0.17124771524032092,0.35441856607913585,0.13229382198042342,0.3764552388303483,0.25467066354490103,0.44707964105920855,0.19518836403233936,0.18635620174410836,0.22200667724697865,0.27112828916535325,0.4994258768017924,0.2931985406339027,0.4845650607286018,0.15645024385141765,0.3170460746131373,0.19461047878337082,0.29677633272798787,0.06761507940918705,0.43981292916216913,0.39563091882720647,0.5141598329855268,0.28622748791407504,0.6594814308587345,0.5539129474374003,0.33069540554157983,0.2247362654096853,0.1197416980316534,0.3106854692903724,0.5029547167165214,0.33164568334340966,0.39036979261790206,0.43901460951279647,0.3611351323540224,0.3691747797023523,0.38686888961969323,0.42980913198074466,0.3073148621710178,0.23362335658672279,0.44360231484007384,0.2511501857974831,0.2801509378706592,0.2811571916232522,0.39833793085210706,0.14455054425181915,0.4816041467573842,0.4154155625363837,0.45062164569112345,0.11592502365755968,0.29242158876019897,0.1635795395723198,0.4028875257546427,0.3689819198705372,0.2615732908341664,0.5070169775940304,0.382151015863177,0.4286785673083715,0.3374321376199819,0.38975501880469093,0.11940219790380144,0.272721214441401,0.305259187861245,0.4470272956997647,0.431912214909888,0.5211441157853451,0.29899574375725646,0.40959434150684226,0.3738551436636971,0.19394225814665025,0.33302258098766335,0.6086574725860745,0.5364256512616798
38.5,0.16720681237545143,0.41314618185135776,0.22350346330785223,0.3487065394117283,0.5736147616963738,0.14927367764568802,0.345091361769431,0.1306042344324963,0.4024170976634317,0.27013306658065794,0.46279970213868743,0.17688233442924403,0.19283693605705662,0.21220434869693441,0.286506456054095,0.5213843581310649,0.3014891436301058,0.5122596402842066,0.14967430362474968,0.31918663545015463,0.19181830932241006,0.31572858313590924,0.05282895723735727,0.4163476962185381,0.3836909589238934,0.5374074391865816,0.29995669760279814,0.6889166102610265,0.5787256814905868,0.32850840522175134,0.2216025628542626,0.1016504711460616,0.33054964261471087,0.5181614291613512,0.34400703542276573,0.4142930158905842,0.46467431591093106,0.3724030656555998,0.39199843671469836,0.38420480276197894,0.44208763370933657,0.29314100158020884,0.2337089587182919,0.46214257977704054,0.2392067864107795,0.2694842000999246,0.2989705747602027,0.4183986154240104,0.15048009639937113,0.5069121198283421,0.4387948910640135,0.47976847468052863,0.1151738533413266,0.2929250183590172,0.16668449512217004,0.39056901595290333,0.38112053651497835,0.2699537886020341,0.5322995137381568,0.408516318646548,0.4251934028699556,0.34959181156743674,0.394752157204303,0.12027778595609753,0.27618744135202633,0.3132130962683607,0.45131073663407023,0.45097413327656966,0.5499294783024288,0.31395661532984775,0.4325119086076169,0.38865515231908465,0.18272319112783386,0.3559964306451559,0.6371520251752686,0.5558750843096648
39.5,0.16452027101396063,0.4253764133808233,0.20956816335773154,0.34424260856746125,0.6001477902609952,0.12760430460771655,0.3351757606066685,0.1292229101421435,0.42822018619266344,0.2855186288661613,0.47804047684370377,0.15871928542682512,0.1993970081176119,0.20237895346155715,0.3017755860100706,0.5429003047799806,0.30956406682698834,0.5396784266471197,0.14315137402463024,0.3209840003507699,0.1891003904155963,0.33455325576148154,0.038836731450813,0.3917299627275046,0.3709604281544505,0.5602189318672199,0.31353165794596344,0.7178346129365838,0.6030712312653321,0.32589325313862044,0.2184283904310056,0.08411572021851337,0.3502695633390815,0.532753162627126,0.3560935870559142,0.43800044653993064,0.4900794484763503,0.383308652161074,0.4146217844950585,0.3809097315141801,0.45385513809423295,0.2785480167569573,0.23372398712546838,0.4802667346956744,0.2271109113430357,0.2585365100147256,0.3166735743722839,0.43815892383478366,0.15661924274151162,0.5318922614392575,0.46190865315403656,0.5087212887450502,0.11478439244190977,0.29315651056120495,0.16995227818188288,0.37742567492210555,0.3928946849162166,0.27820083104115756,0.5572103970662942,0.43472548620666157,0.42091889883877964,0.36146299658964776,0.39922197354569694,0.12148548697593804,0.2794642972428301,0.3209137118347068,0.45488466084436563,0.4696552539489294,0.5784124304877564,0.3287452541129003,0.45516633550098246,0.40311874363563077,0.17161546137167144,0.378828149006634,0.6651919380328263,0.5747427298739757
40.5,0.16201268453671375,0.4371359398024842,0.19560902461722735,0.3392645238156808,0.6262281991016991,0.1063662850476523,0.3247045354824859,0.1281535156170504,0.45382492725857715,0.30079431867634404,0.4927572920377715,0.14079770597555813,0.20601725229944573,0.1925745901200277,0.3169023638173821,0.5639213005676103,0.31739901844311263,0.5667720228189014,0.13690879279861595,0.32242812992056885,0.1864672989400599,0.3532142034911843,0.02570320325370648,0.3660619070222112,0.3574800930911005,0.5825402639279397,0.3269200021870105,0.7461620340985047,0.6268908097087007,0.32285379541479264,0.2152258124951339,0.0672315411896674,0.36980816935456645,0.5466803255192498,0.3678724874882585,0.4614502405362971,0.5151845431066285,0.39381881480822273,0.43700435240149693,0.3769844460901312,0.4650720392275155,0.2636003260610762,0.2336681036035054,0.49792860060280403,0.21491784522341364,0.24735434048207589,0.3342310386058699,0.45757599512968816,0.162948791517865,0.5564945132056843,0.4847127427681281,0.5374357338021772,0.11475572201697466,0.29311264790154745,0.17337197732812876,0.3634992541065203,0.4042697061488515,0.286290799784622,0.5816967844252254,0.4607388764245128,0.4158543799729378,0.3730129154722433,0.40314171446168834,0.12301897035104699,0.28253987688185134,0.32833688109662124,0.45772273424506044,0.4879102713576723,0.6065398103248891,0.3433276026227829,0.4775139606187581,0.41720786382531,0.16067132718051574,0.4014798669324362,0.6927117132306057,0.5929725841136416
41.5,0.15969342309864604,0.44838663620637664,0.18169437548693723,0.3337836996375985,0.6517948919313945,0.08568323838645102,0.31371441895782465,0.12739842273075572,0.4791893656884807,0.3159267063597637,0.5069044453664912,0.12321499916851823,0.21267841663263617,0.18283559641587094,0.33185299155116643,0.5843925553353213,0.32496980192952113,0.5934875946672271,0.13097231564133094,0.3235099146896606,0.18392925139940097,0.3716743668061586,0.013485563483020505,0.33945963293242803,0.34329663287901224,0.6043147046772661,0.3400889877703476,0.7738205345368676,0.6501224243660497,0.31939566337351605,0.21200707832553078,0.05108619490046109,0.3891273066587802,0.559892296593772,0.3793105490190938,0.4845984179822965,0.5399413769398864,0.40390027787825644,0.459103840125948,0.3724323350843731,0.47569833743934964,0.2483662549420826,0.233541212601417,0.5150804931673985,0.20268425453911926,0.23598637344412668,0.3516070984554803,0.4766053980045003,0.1694493088573338,0.5806658720116217,0.5071608564278651,0.5658639031347324,0.11508554431422077,0.2927909073028199,0.17693230859074685,0.3488377552236909,0.4152106066704627,0.2942001255575678,0.6057027351714839,0.4865143605198174,0.4100024696043455,0.38420846883956755,0.40648950933448874,0.12487087243264113,0.28540270175626936,0.33545860892740104,0.4597999215078953,0.5056923264349636,0.634254470833379,0.3576690814915278,0.4995090371097971,0.43088374455399503,0.1499422529312533,0.42391209576842764,0.7196414341518371,0.6105066834177058
42.5,0.15757102692554703,0.4590899984793104,0.1678929835900835,0.3278140766717912,0.6767830556936387,0.0656740492670477,0.302246050334097,0.12695873462288315,0.5042690118551418,0.3308819075915431,0.520435261156438,0.10606636407393662,0.21936118293503318,0.17320622188510995,0.3465931476779668,0.6042569300602902,0.3322523632677817,0.6197687371598937,0.125365970382127,0.32422124255977497,0.1814960499551723,0.38989568520572,0.002233019034260017,0.31205297529091525,0.3284626527960972,0.625482838092499,0.35300547590491366,0.800726919377128,0.6727008909110824,0.3155263242422713,0.20878456581519048,0.03576113618772568,0.408187637354643,0.572337534208922,0.39037428187802753,0.5073987514426079,0.5642988610610097,0.41351961774127693,0.4808760115954094,0.3672595419915569,0.4856937278337602,0.2329175859366348,0.2333434641775703,0.5316732360087612,0.1904677524342116,0.2244831964925685,0.36876509027747867,0.4952010883082697,0.17610115170377127,0.6043503191250533,0.5292044076529627,0.5939541590956572,0.11577025367000182,0.2921896974167007,0.1806216981319714,0.3334954530983913,0.4256821036099973,0.301905310758131,0.6291690916497821,0.5120071608434669,0.40336934003675695,0.39501627339512296,0.40924449822925196,0.12703286109858097,0.2880417606526745,0.34225510397867054,0.4610926831396681,0.5229530025768718,0.661495171649092,0.37173455984112413,0.5211036505224169,0.444106918526688,0.13947848474846608,0.4460835988348011,0.7459067764055411,0.6272851857779618
43.5,0.15565317700673356,0.4692072192689749,0.15427342924908277,0.32137216859381207,0.7011241649741935,0.046451282423101356,0.29034387480120655,0.12683431807509396,0.529016703340541,0.34562553466633983,0.5333021654495391,0.08944369670558769,0.22604618627282677,0.16373029536124734,0.3610879599034988,0.6234549712426172,0.33922283257346153,0.645555363042772,0.12011193055735206,0.3245550670933623,0.17917705348548785,0.4078390231458478,-0.00801337214374677,0.28398496515571586,0.31303662033066254,0.6459825921200342,0.3656359197033015,0.8267932864774428,0.6945578847770854,0.311255123325917,0.20557072367078105,0.0213301887945989,0.42694856060547337,0.583963707519191,0.40102992487198386,0.5298026737316788,0.5882029541736317,0.42264332523247916,0.5022746063026352,0.36147509298666464,0.4950177051357336,0.21732902972774606,0.2330752561138077,0.5476561947709875,0.1783264359924302,0.21289696261461902,0.38566748882695256,0.5133153851671046,0.18288449709108398,0.6274887790611418,0.5507924629081871,0.6216509818825792,0.11680499954007731,0.2913083939814268,0.1844282827196267,0.31753286496770505,0.4356486824781056,0.3093829562915482,0.6520335513221045,0.5371697074028055,0.3959649361492837,0.4054026975389635,0.41138696831899557,0.12949570024600449,0.2904465515487069,0.3487028303287036,0.4615791852367231,0.5396423418987109,0.6881965101761105,0.3854883356405293,0.5422476572120317,0.45683724923684316,0.12932863840519607,0.4679512777611067,0.7714290935695524,0.643246479929082
44.5,0.1539466717236736,0.4786992791934971,0.14090346562274025,0.31447709175616645,0.7247460309125806,0.02811972974272998,0.2780559910960955,0.12702384154624347,0.5533824874004676,0.36012265658749654,0.545456780777365,0.07343454028240733,0.23271403413380815,0.1544508925889883,0.3753019750069272,0.6419249746604976,0.3458575371089142,0.6707836688388099,0.11523040958118469,0.3245054761680686,0.17698113691942013,0.4254641087557685,-0.017220739444366317,0.2554109152075788,0.2970827143734592,0.66574930065958,0.3779463616347133,0.851927247195901,0.7156220326957843,0.3065933163585554,0.20237801257550253,0.007858886447086863,0.4453681476522064,0.5947178499787797,0.41124348689294055,0.5517592072959212,0.6115966464071778,0.4312378801267934,0.5232512698293228,0.35509101328197634,0.5036296853617775,0.201677622041102,0.23273723512827718,0.5629773328934773,0.16631840336415737,0.20128101662636128,0.402275851689015,0.5308989669829302,0.18977936819239505,0.6500191110008309,0.5718717011049121,0.6488948504129074,0.1181837524775865,0.29014737274853264,0.18833986336838401,0.30101671863992335,0.4450746678396886,0.3166097930221397,0.6742306915377442,0.5619515156857151,0.38780320360068143,0.41533390810971554,0.41289849859470457,0.1322493135350496,0.29260712472184974,0.3547785655750616,0.46123952161433623,0.5557088828297546,0.7142888973216238,0.39889412677717895,0.5628886453779682,0.46903397559115206,0.11953930705366596,0.4894700752652633,0.796125647826791,0.6583273225874582
45.5,0.1524574093630117,0.48752705379618727,0.12784937865648238,0.3071505753417847,0.7475728971793855,0.010775136384041584,0.2654339448823494,0.12752481804057525,0.5773135270713822,0.37433776870792956,0.5568500412213857,0.058121113813153956,0.23934532570204708,0.14541000937858986,0.3891991388983208,0.6596030794434447,0.3521330772619811,0.6953861512852114,0.11073957623868629,0.32406776045507485,0.17491665371549842,0.4427294863417563,-0.025364328409778675,0.2264970978969761,0.2806705792793869,0.6847157993600808,0.3899024408779532,0.8760322201468934,0.7358190452473968,0.3015540907313104,0.19921884575824805,-0.004596006554676818,0.4634030919903031,0.604546535524932,0.42098080002102145,0.5732149173295186,0.6344199894077299,0.43926983814907794,0.5437555053627164,0.3481224291224808,0.5114891447906407,0.18604205403211133,0.23233029717593986,0.5775832898635407,0.15450125905136286,0.18968949293296153,0.41855077600304813,0.5479008884868437,0.19676565763919487,0.671876135231645,0.5923863985912801,0.6756221604083806,0.11989937205577225,0.2887080395136593,0.19234399212895534,0.2840195074904017,0.4539243074158509,0.32356271817537413,0.6956920298546608,0.5862990888005788,0.378902230443123,0.42477592880659076,0.4137621124817993,0.1352828468750547,0.2945141269523192,0.36045946558045944,0.4600559478517009,0.5710997199537753,0.7396985823546678,0.4119150735585605,0.5829719205708885,0.48065577207065785,0.11015469598090685,0.5105928960810969,0.819909605279722,0.6724630038026749
46.5,0.15119037641692729,0.4956514367511208,0.11517536052592237,0.2994169498949434,0.7695255846293495,-0.005496855207194617,0.25253246610618535,0.12833365196543642,0.6007540338115259,0.3882347726740412,0.567432328287827,0.04357944547312324,0.24592067159857717,0.13664824569393338,0.40274278764486626,0.6764233929783421,0.3580263913637844,0.7192915806195186,0.1066554918403992,0.32323848111830056,0.1729914017804301,0.45959248368971944,-0.03242726801554931,0.19741900663505624,0.26387497737929466,0.7028125559211189,0.4014694112840985,0.8990077961572212,0.7550718906824091,0.2961525742965546,0.19610552943558135,-0.015986789414901236,0.48100867587305124,0.6133960777333426,0.4302075847143943,0.5941138906968233,0.6566099229170833,0.44670593092593613,0.5637346479465121,0.3405876523295096,0.5185557767168765,0.17050194669527757,0.231855586797091,0.5914194825848117,0.1429316164228708,0.17817689030738768,0.4344518683973182,0.5642686199157557,0.20382314853588426,0.692991696619494,0.612278441455819,0.7017651846576733,0.12194367580429362,0.28699285679285924,0.1964280059811589,0.26661914084816096,0.46216187011232696,0.3302188369966602,0.7163461237172921,0.6101558470475476,0.36928445386958475,0.4336947107435785,0.4139624379022268,0.13858472915672404,0.29615884668151804,0.36572313604956597,0.4580131265735646,0.5857605868566942,0.764347730725279,0.4245137533674087,0.6024405173518493,0.49166082504133035,0.10121629092417357,0.5312705477922829,0.8426903309053048,0.6855875401373692
47.5,0.15014964149779544,0.5030334797624735,0.10294291025587925,0.29130311219290533,0.7905216851677854,-0.02062151480440335,0.23940914991017076,0.12944568918929053,0.6236452294940998,0.4017769674189046,0.5771536279997435,0.02987863324840776,0.2524207144435805,0.12820450591042296,0.4158956502035056,0.6923181467867677,0.36351482371947585,0.7424250978182397,0.10299206888233237,0.32201553605983224,0.1712125930030396,0.4760091952239053,-0.03840014249414182,0.16835921203434961,0.24677533592178724,0.71996783488448,0.41261217053880006,0.9207501699505654,0.7733010093664454,0.2904058304836056,0.1930502036181338,-0.0262749351574376,0.49813875429602755,0.6212127523201063,0.4388895275391854,0.6143977425767372,0.6781003925620059,0.4535131792541166,0.5831338631338575,0.3325082441042896,0.5247896664461332,0.15513708248540498,0.2313144955014673,0.6044302303324645,0.1316646069246554,0.16679763036092976,0.4499377290289259,0.5799481092399277,0.21093153364597989,0.7132947666082807,0.6314873666943469,0.7272520800734547,0.12430750830211504,0.28500536662992715,0.20057905554772523,0.24889853490712194,0.46975175841545,0.3365555099362648,0.7361187103862977,0.6334620879880898,0.35897682517490226,0.44205621563621333,0.41348587416125737,0.14214273084480133,0.2975332599401971,0.37054771105681256,0.4550983830258068,0.5996359625908086,0.7881545576050359,0.4366522081365404,0.6212352385588602,0.5020069258178346,0.09276256557709495,0.5514517033242408,0.8643737709696954,0.6976338951403883
48.5,0.14933835462295186,0.5096345496293494,0.091210274637772,0.28283846457429973,0.8104758040459759,-0.03453557055245191,0.22612408215122404,0.13085526948053278,0.6459253404294586,0.41492705193659596,0.5859637096479023,0.01708025024284951,0.2588261506034351,0.12011572017592154,0.428619863574335,0.7072178830065354,0.3685761995454433,0.764708351841573,0.09976105071673495,0.32039822397547224,0.16958682654696738,0.4919344820196855,-0.04328061693820446,0.13950485012551533,0.22945518745426016,0.7361078964105098,0.42329530113440095,0.9411526313303813,0.7904245672195103,0.28433283854747327,0.19006478375342542,-0.03543102569927745,0.5147457575433774,0.6279430434165848,0.44699237194275343,0.6340056525038176,0.6988224107874581,0.4596590200294698,0.6018961715365135,0.32390905468996156,0.5301514850208184,0.14002660972413547,0.23070865915532104,0.6165589036319242,0.12075340557732812,0.15560560709546792,0.46496595064937774,0.5948838682018025,0.2180704332431528,0.7327115844889869,0.6499504335119219,0.7520069454968894,0.1269808096814618,0.2827502090466806,0.2047841329666194,0.23094502602492767,0.4766586355508138,0.3425504056006454,0.7549328871741967,0.6561549798932989,0.348010788878852,0.44982651203719837,0.4123207649157923,0.14594402015246657,0.2986300768379754,0.3749119386038931,0.4513019696840387,0.6126692021871806,0.8110335186732875,0.44829198533797954,0.6392947234224805,0.5116515810119235,0.08482873283877383,0.5710828867890185,0.8848627094378413,0.7085342264059994
49.5,0.14875875159573596,0.5154165029301215,0.08003194146578388,0.2740548271680576,0.8292998484798837,-0.047187487105836354,0.21273941217839476,0.1325557806554817,0.6675296257504344,0.42764714055578157,0.5938123266047494,0.005237906165815655,0.2651177534310449,0.11241659125056917,0.4408770010826764,0.7210516707032613,0.37318890688283546,0.7860596798891305,0.09697201130012087,0.31838730541879173,0.16812006597196968,0.5073219896429835,-0.047072932438323736,0.11104480542144013,0.2120015061811277,0.7511572278012717,0.43348312370322456,0.9601061059605422,0.8063587455913275,0.2779544578581614,0.18716090366499177,-0.04343452616824318,0.5307807133472615,0.6335339142352018,0.4544820224529774,0.6528744311897305,0.7187041795154815,0.4651114471493563,0.6199625005775651,0.31481823553043037,0.5346027021892316,0.12524823715347064,0.2300399543616424,0.6277480972757286,0.11024878211674827,0.1446537355702347,0.47949313356232504,0.6090190827425382,0.22521941206516427,0.7511658378997843,0.6676027256220489,0.7759499333683554,0.12995268289312928,0.2802331356233178,0.20903009902067754,0.21284966929267957,0.48284756778645554,0.34818155966928577,0.7727093311751483,0.6781685910506636,0.33642239003410007,0.45697188502968356,0.4104575762106978,0.14997521656750915,0.299442788337357,0.3787952732353509,0.44661733823276084,0.6248026914959659,0.8328955581293632,0.459394193081576,0.6565555453630145,0.5205521406796453,0.07744654310758425,0.5901084842532698,0.9040572401249622,0.718220158451838
50.5,0.148412163143953,0.5203418787739773,0.06945819551130736,0.26498632184460424,0.8469033590809818,-0.0585374829115564,0.19931887731280212,0.13453971369635429,0.6883904420992161,0.4398987914071064,0.6006494397008888,-0.0056030296796869584,0.2712763983165183,0.10513937064627851,0.4526281144354101,0.7337473508758896,0.37733198558107356,0.8063943368203923,0.09463237379462511,0.31598506000539156,0.16681762027116293,0.522124184709535,-0.04978732898088818,0.08316667650077439,0.19450394681358557,0.7650388060417511,0.44313976328752125,0.9774997333967393,0.8210180641326893,0.27129337530472564,0.18434986025991784,-0.05027341771322232,0.5461932896298638,0.6379331029693229,0.4613246626946138,0.6709386190746346,0.7376712580042004,0.4698391666694948,0.6372717644282629,0.3052672205495615,0.5381058191628352,0.11087743723037362,0.2293104937969272,0.6379398275973738,0.10019868651035022,0.1339935079611671,0.4934749173132433,0.6222957482069138,0.23235799581022948,0.7685788817185402,0.6843772849795907,0.7989974171477214,0.1332114591756565,0.2774610177291947,0.21330370966460604,0.19470642926776888,0.4882841822713175,0.3534274399424142,0.7893665567018444,0.6994339570537916,0.3242522969733521,0.46345895974905316,0.40788907843223277,0.15422244160032111,0.29996571305554215,0.3821779756727819,0.44104141678517983,0.6359780265048487,0.8536484121552383,0.469919569940693,0.6729523399469862,0.5286659447781704,0.07064413165810125,0.6084707808228309,0.9218552391200397,0.7266230807340395
51.5,0.14829902845512782,0.5243741100891867,0.059534745636927955,0.25566922706520173,0.8631938792566821,-0.06855730442385638,0.18592728518241558,0.13679871823002826,0.7084373459879008,0.4516430487508581,0.6064254637158308,-0.015405544877979793,0.27728308984922706,0.0983136670946725,0.4638337902070779,0.7452318087546509,0.380985223299798,0.8256247719863585,0.09274744651138496,0.31319533883833206,0.165684128783264,0.536292410999571,-0.051439441139483844,0.05605363277451871,0.17705399652837442,0.7776743891891108,0.45222922903099966,0.9932214680687066,0.8343157325545306,0.2643740350459478,0.1816425604443323,-0.05594371140783342,0.5609318586516713,0.6410894451190502,0.46748688759467366,0.6881306171325925,0.7556467575025303,0.4738117664619746,0.6537609728240378,0.2952906734249055,0.540624621747775,0.09698667712371734,0.22852262054799274,0.6470757541108723,0.09064787667948523,0.12367456536897328,0.5068660298866428,0.6346548295393545,0.23946568765020393,0.784869993593128,0.7002052769176832,0.821062215042712,0.13674476125377982,0.27444184890678025,0.21759164207514164,0.17661127414670083,0.4929348407553652,0.3582670176387729,0.8048212078163139,0.7198791875252468,0.3115457624507013,0.46925483906652693,0.40461053073468706,0.1586713666547232,0.3001940437390234,0.3850412193786684,0.4345748896707177,0.6461362172067824,0.8731969642527819,0.4798285700746715,0.6884179630809898,0.5359504883923957,0.06444591576164102,0.6261100252004379,0.9381528614947443,0.7336744703816722
52.5,0.148418912707099,0.5274777539473186,0.05030242912970421,0.24614180342766953,0.8780773565774233,-0.07722978374971197,0.17262996180182136,0.13932365783011094,0.7275972345413951,0.46284049980128816,0.6110915377468132,-0.02414094656118914,0.283118991344706,0.09196628958532173,0.4744542213484914,0.7554312718563875,0.38412925851590074,0.8436609503659721,0.09132047445891472,0.3100236111776561,0.16472354996252253,0.5497769658714698,-0.05204967764299735,0.029881285739984154,0.15974405485129697,0.788984834058083,0.46071550781789306,1.0071586876710046,0.8461640266609123,0.25722255009632544,0.17904947066385402,-0.06044886781304626,0.5749435832870059,0.6429532237942522,0.47293585010744266,0.7043808499407447,0.7725515733137567,0.47699990058204833,0.6693653690812755,0.284926398041041,0.5421244544921064,0.08364469594826832,0.2276789014036913,0.65509742566608,0.08163759503074694,0.11374429348149376,0.5196203551534609,0.6460364465373866,0.2465219851519537,0.7999566635418971,0.7150161862107673,0.8420538689194151,0.14053956392392142,0.27118474093636236,0.22188052038201894,0.15866118936371715,0.49676682950140905,0.3626798450201303,0.8189883825461661,0.739429612972737,0.29835252659340133,0.47432725576366935,0.4006198662239857,0.1633072580415082,0.30012389307405535,0.3873672038845741,0.42722247646290323,0.6552179160661118,0.8914436470215547,0.4890814641807202,0.7028836790899452,0.5423636062521549,0.05887254098603145,0.6429645225526317,0.9528450614732902,0.7393062397022084
53.5,0.14877052819565192,0.5296187414228097,0.04179699683010375,0.23644409023008423,0.891458569242652,-0.08454821269038046,0.15949217477837496,0.14210466462350416,0.7457945245861455,0.47345134664886457,0.6145998204068052,-0.03178868210057097,0.28876545699016243,0.08612112632679807,0.48444929428686956,0.7642716323396223,0.38674569038601564,0.8604107134729982,0.09035270462073033,0.3064770043382247,0.16393915394743674,0.5625271975899094,-0.05164260129695033,0.004814704296813131,0.14266646010085499,0.7988904376799453,0.4685626722427146,1.019198793034223,0.8564746839746963,0.24986659547769854,0.1765805694164694,-0.06379914730002322,0.5881745260019781,0.6434765500395916,0.4776394227628825,0.7196179605281674,0.7883046523346089,0.4793754885037367,0.6840185972772207,0.27421520972819063,0.5425725164995598,0.07091584554486786,0.22678211911465276,0.6619465514097553,0.07320529903250618,0.10424744960869825,0.5316910192152754,0.6563800841286428,0.2535063980341162,0.813754914371024,0.7287380431049456,0.8618789755701739,0.14458225173908248,0.26769991317203745,0.22615694120323396,0.14095313102499946,0.49974856573625404,0.366646139367962,0.8317819847116162,0.7580079717053808,0.284726656401282,0.4786447394964871,0.39591787591507327,0.1681150191326915,0.2997523384215192,0.3891392746255526,0.41899320624244457,0.6631636711766309,0.9082888832115812,0.497638456759628,0.7162793779351965,0.5478636770575503,0.0539408748405983,0.6589707562326186,0.9658261243084825,0.74345110920665
54.5,0.149351758633513,0.5307646475260741,0.03404898007084205,0.22661767406591599,0.9032415703011015,-0.09051557011071708,0.14657854236778603,0.14513119280523729,0.7629513692162512,0.4834354938465994,0.6169038110795849,-0.038336033765823445,0.2942040668301954,0.08079906011408149,0.49377869216585885,0.7716787924834205,0.3888171952439841,0.8757801742692515,0.0898434629508463,0.302564335768621,0.16333351876899463,0.5744916241053794,-0.050246323442489214,-0.0189942996634486,0.12591248434428112,0.807311300133871,0.4757350034059417,1.0292297842472742,0.8651593145522956,0.24233528297753634,0.1742453031162184,-0.0660109155824089,0.6005697810054362,0.6426137757073928,0.48156637430441307,0.7337690360158458,0.8028232932501881,0.48091192932315663,0.6976528981824031,0.2632007655248446,0.5419381795864804,0.05885951003881055,0.22583526364992396,0.6675652970813946,0.06538444933713342,0.09522582781994912,0.543030496228166,0.665624827609157,0.2603984671735685,0.8261796490857216,0.7412976780191732,0.8804415657059629,0.1488586736121622,0.2639986747601837,0.23040749915198103,0.12358294335237237,0.5018498208910158,0.3701468732818143,0.8431150990220336,0.7755346358170773,0.27072631756260723,0.48217679875884506,0.3905083890455773,0.17307922979748824,0.29907746504880384,0.39034204894217406,0.40990068228652043,0.6699142043943467,0.9236315573900213,0.5054598201963503,0.7285338205580181,0.5524098481930998,0.049664044889402216,0.674063538495924,0.9769901979809505,0.7460430078387073
55.5,0.15015968618868053,0.5308849816988406,0.027083637972638703,0.21670543117237667,0.9133301422893192,-0.0951436411289756,0.1339524400470169,0.14839207069392213,0.7789879101939814,0.492752652192581,0.6179586987443882,-0.04377770623822478,0.29941666479035767,0.07601791972941088,0.5024020147197809,0.7775790327405874,0.3903276494784982,0.8896741393650771,0.08979024107176016,0.29829613624663476,0.16290853010276593,0.5856180737433618,-0.0478919245726343,-0.041409502276567325,0.10957132133949299,0.8141677069336719,0.4821971289171679,1.0371407996784692,0.8721298233512226,0.2346590178901357,0.17205254558147184,-0.0671059272570596,0.6120736298498842,0.6403219419032847,0.48468656166971247,0.7467598626446402,0.8160234759785846,0.4815843309473391,0.7101993332575623,0.25192935244063125,0.5401933294010204,0.04752961666803335,0.22484152243553995,0.6718966075498267,0.05820435740589995,0.08671796783611732,0.5535907342555,0.6737096228398982,0.267177785200461,0.8371450212588402,0.7526210033472567,0.8976435243130796,0.15335419423208085,0.2600933993969597,0.2346188124545004,0.10664426722687648,0.5030419608811542,0.37316387121253297,0.8529003850594252,0.7919278742612839,0.2564134756659954,0.4848941181273257,0.384398447080219,0.17818418319755555,0.29809840737754595,0.3909615478251746,0.39996333157327046,0.6754107149683375,0.9373695084912683,0.5125060461265469,0.7395749110259305,0.5559622814767139,0.04605151757123191,0.6881761900420271,0.9862318134951471,0.747017503265846
56.5,0.15119062086675938,0.5299514993703256,0.020920981364864318,0.20675124591856733,0.9216282556246049,-0.09845206598516228,0.12167541678799335,0.15187555105778047,0.7938225637435596,0.5013624592120866,0.6177217402513284,-0.048115327770018076,0.30438539991321417,0.07179246619152019,0.5102789152675257,0.7818994026493896,0.3912622583568991,0.9019965511064154,0.0901887906210063,0.29368466312781477,0.162665384343598,0.5958538481585987,-0.044612910175694735,-0.0623121239998964,0.09372909336109103,0.8193805300680473,0.4879141764795902,1.0428226076747316,0.877298841888614,0.22686933847309926,0.17001056139795365,-0.06711060775014668,0.6226297207514648,0.6365612665005503,0.48697113751030285,0.7585152084720939,0.8278202165624663,0.48136975417695266,0.721588035776604,0.2404496336042364,0.537312730014321,0.03697424714297452,0.2238042696455079,0.674884556962195,0.05169009285425389,0.07875891209688314,0.5633233016284779,0.6805735615715893,0.2738240190573638,0.8465648243210045,0.7626333207018415,0.9133850444903413,0.15805374225115837,0.2559974923581268,0.23877754881115765,0.09022746861248991,0.5032982036291826,0.3756799120744173,0.8610504861747351,0.8071041503663187,0.24185352555762019,0.486768770897206,0.3775984682959733,0.18341392016600558,0.29681538776359506,0.3909853328196506,0.3892046326342064,0.6795952096300325,0.9494000329339995,0.518738014537433,0.7493299942157069,0.5584824206705827,0.043109213232019425,0.7012407478584006,0.9934463842337141,0.7463122664833908
57.5,0.152440131809007,0.5279385349338754,0.01557586762536354,0.19679970856928183,0.9280405254245474,-0.10046735402833504,0.1098066333514254,0.15556935948193376,0.8073723366574017,0.5092246168199671,0.6161526702313118,-0.05135688629340783,0.3090927709422532,0.06813441196714301,0.5173692552894542,0.7845681360972371,0.391607690375157,0.9126509420284931,0.09103322330395754,0.2887439026060929,0.16260459484194956,0.6051459078711557,-0.040444708487044914,-0.08160214836986093,0.07846790310136662,0.8228716481269476,0.4928519434430897,1.0461680452248048,0.8805801688270967,0.21899873922490803,0.1681269733653903,-0.06605535117425171,0.6321812717931179,0.6312956745592618,0.4883927733918288,0.7689591318516892,0.8381279435095619,0.48024747144404795,0.7317484880178646,0.22881235316825171,0.5332744122910162,0.027235355261202788,0.22272705451889774,0.6764747284788767,0.04586244908169983,0.07138001405360989,0.5721795542674064,0.6861561923670115,0.2803169348888196,0.8543528962598437,0.7712596520370625,0.9275651057034908,0.1629418552635968,0.2517253496244857,0.2428704516591062,0.07441861598427327,0.5025938938788201,0.37767883770519484,0.8674784502313605,0.8209784501491987,0.22711484959252276,0.4877744472149309,0.3701223994785793,0.18875226133478326,0.2952297522620705,0.39040264741540437,0.37765331449673756,0.6824108605947417,0.9596203881809368,0.5241171810829488,0.7577261777997586,0.5599332815713287,0.04083965238674252,0.7131882005854939,0.9985306775233701,0.743867576558211
58.5,0.15390308012970308,0.5248233563367118,0.011058159123310485,0.1868957961409461,0.932472663560189,-0.10122189446195853,0.09840233454069933,0.1594607406319636,0.8195531691514624,0.516299046630072,0.6132141451222439,-0.053516121606781396,0.31352167435492134,0.06505247062981408,0.5236332770846186,0.7855150939927553,0.39135221640675055,0.921540894624289,0.09231611476024758,0.2834895599897508,0.1627260010603968,0.6134410807499705,-0.03542421451554184,-0.09919907268645274,0.06386495579862819,0.8245643877113842,0.4969770826467011,1.0470724035768708,0.8818892216997014,0.21108047947226338,0.16640873416654622,-0.06397384846642398,0.6406712981852266,0.6244933756645489,0.4889258987490014,0.7780153138725726,0.8468608918593414,0.47819923976943846,0.740609823540544,0.2170700019624284,0.5280600859926643,0.018348592696317,0.22161358877850934,0.6766146262597855,0.04073796434962764,0.06460879929399063,0.5801108244303081,0.6903978580287419,0.2866364255229192,0.8604235372074737,0.7784250934640152,0.9400819666676483,0.16800272167053945,0.24729230897774657,0.24688436693405555,0.0592985347767747,0.500906795271738,0.37914566686346834,0.8720981606340213,0.8334646374476302,0.21226830768340837,0.4878866977809772,0.3619878509087312,0.19418283725036609,0.29334400283936835,0.38920456208266513,0.3653435186804344,0.6838023936026036,0.9679282875224715,0.5286057830996815,0.7646906776667945,0.5602797655732286,0.03924212789743469,0.7239487504479583,1.0013832553657172,0.7396268730332223
59.5,0.15557365292363584,0.520586541261044,0.007372936754995257,0.17708454074679963,0.934831925640925,-0.1007529908302232,0.08751536642698934,0.1635365023151348,0.8302803006837923,0.5225460633769081,0.6088722240278309,-0.054611893438561175,0.3176554559369746,0.06255243395684264,0.529031794945828,0.7846722391875951,0.3904858529971614,0.9285705004450806,0.09402861049205272,0.27793903706600653,0.16302878041366314,0.6206862938130936,-0.029589382760923905,-0.1150420930840839,0.04999177449872686,0.8243839905131469,0.5002573049199842,1.045433767820455,0.881143505137274,0.20314837912028355,0.16486210235189455,-0.060902456982090715,0.6480428638831714,0.6161274920753492,0.48854695555047883,0.785607413235593,0.853933511897908,0.4752095872461373,0.7481011537523136,0.20527644707061404,0.5216555750734984,0.010343241402090073,0.220467733196248,0.6752541231373744,0.036328994186723446,0.058468879642082486,0.5870686313695259,0.6932400610267454,0.2927625408921265,0.8646919387953454,0.7840551912172659,0.9508336629582145,0.1732202195693875,0.24271459307351,0.25080627047065956,0.044941964309095014,0.498217399406842,0.3800667143589676,0.8748247779956039,0.8444758314249565,0.1973866645158271,0.48708319293373503,0.3532162104670306,0.1996891166986548,0.29116182542030217,0.38738412193266825,0.35231491564615336,0.6837165088994773,0.9742223787304486,0.5321670648487228,0.7701511865769974,0.5594889976744787,0.03831289767406218,0.7334521007662397,1.001904886183112,0.733537365235962
60.5,0.15744539810451702,0.5152123743879107,0.004520759295132446,0.16741069033451023,0.93502755642584,-0.09910194106613406,0.07719474830113708,0.16778305729370951,0.8394686550639678,0.5279265669263173,0.6030968891063492,-0.05466754338889751,0.32147796592094874,0.060637273102899035,0.5335264054069662,0.7819741506686926,0.3890005088442062,0.9336448145108796,0.09616053227120393,0.2721113957288893,0.16351146256068858,0.6268288288590999,-0.022978869401390784,-0.12908975695993866,0.036913527920974035,0.8222581130658128,0.5026615985327403,1.0411533255503023,0.8782631047411774,0.19523660378937266,0.16349262268424528,-0.05687961967327663,0.6542393579742293,0.6061767410691404,0.48723466851281094,0.7916594426713717,0.8592608906285065,0.471266112022169,0.7541519184875977,0.19348652966501118,0.514051274905001,0.0032422476395926473,0.2192934833437558,0.6723459482113403,0.03264382996726975,0.05297991906322379,0.5930049144873919,0.6946258591458836,0.2986755216392887,0.8670746262762581,0.7880763402103353,0.9597185001695792,0.17857795281563496,0.23800924459492595,0.2546232961642804,0.03141683877553984,0.49450925134533186,0.38042971480693927,0.8755751955665447,0.8539248022344308,0.18254396166194092,0.485343996850865,0.3438327323822846,0.20525443355232179,0.28868811322698207,0.3849364958461657,0.3386127666568275,0.6821023388657455,0.9784027020392403,0.5347655225162979,0.7740362667092695,0.5575306898981311,0.038045392565919725,0.7416277681866451,0.9999989353428729,0.7255507093569766
61.5,0.1595112597543833,0.5086892647413831,0.0024979589340914784,0.15791836714378246,0.932971241643717,-0.09631317979190222,0.06748530739412195,0.172186462847771,0.8470332417230717,0.5324022533735675,0.5958626080907969,-0.0537102663914071,0.32497361769209987,0.05930726020950927,0.5370797170671169,0.7773585863015403,0.3868901333786143,0.9366703036307854,0.09870048357775699,0.2660273071720858,0.16417194589597953,0.6318166026188982,-0.01563172327709547,-0.14131914136353232,0.024688486141498923,0.8181173691102366,0.5041604658624126,1.0341356689154622,0.8731712199737167,0.18737944184548133,0.16230511082374421,-0.05194533917762173,0.6592047965874004,0.5946261738176283,0.48497033045371324,0.7960961669237461,0.8627591857344145,0.4663597923348194,0.7586922609914281,0.18175563655750873,0.5052426292359967,-0.0029376501686324886,0.21809495458806558,0.66784621936516,0.029686857698047946,0.0481576488929196,0.5978722896699985,0.694500294425983,0.3043558361403943,0.8674899170067984,0.7904162069273372,0.9666355349185813,0.18405928450703027,0.23319405366615195,0.2583227649688197,0.01878370900759431,0.48976929063008584,0.38022395038522644,0.8742685146700195,0.8617243810529652,0.167814844761871,0.4826518564315133,0.33386659601573176,0.2108620123470614,0.2859289847714135,0.3818591256236705,0.3242879218938541,0.6789119468959897,0.9803711267401447,0.5363671695589065,0.7762757679858276,0.5543775310143743,0.03843043430167186,0.7484054191069432,0.9955717491896733,0.7156237655193538
62.5,0.16176361371831374,0.5010101813226774,0.0012969634004311968,0.148650729451345,0.9285775795339752,-0.09243349456890652,0.05842738242451613,0.17673245814563474,0.8528895709460915,0.5359358457620629,0.5871489410590977,-0.05177050479454479,0.32812745002916505,0.05856010673237192,0.5396556006053621,0.7707671058687542,0.38415086618573,0.9375552908067967,0.10163595285141022,0.25970898611006293,0.16500751598245383,0.6355984724320843,-0.007587123933674039,-0.1517246348472754,0.013367614225031896,0.8118959277114207,0.5047261775369268,1.0242891244038075,0.8657947541323269,0.17961107615322952,0.16130364232653083,-0.04614070966501583,0.6628841513776218,0.5814679714831101,0.4817381021433724,0.7988435236638934,0.864346074059891,0.4604853056266787,0.7616534286904775,0.17013925203841157,0.4952306234549549,-0.008185709947504968,0.2168763664065259,0.6617150263681897,0.02745875062217073,0.04401392884171299,0.6016243296835733,0.6928108594146993,0.3097842212078143,0.8658584020207227,0.7910041800622288,0.9714850383711289,0.18964736808790011,0.22828747789843926,0.2618922148545335,0.0070953160169460435,0.48398820636995615,0.37944038184206763,0.8708265501654366,0.8677878816661876,0.15327385810725008,0.4789925039355891,0.32335092989026226,0.21649499290845786,0.282891795923642,0.378151873609459,0.3093967459134882,0.6741008729798261,0.9800317704859122,0.5369398229813245,0.7768012755850545,0.5500056033357692,0.03945645872300408,0.7537152303500106,0.9885330550799287,0.7037194479358865
63.5,0.16419430317971312,0.4921731042960231,0.0009066354354954547,0.1396496421553949,0.9217645913294588,-0.08751132334621906,0.050056599841554736,0.18140649951061136,0.8569540823672831,0.5384913449941526,0.576941192660956,-0.04888137547944569,0.3309251927809031,0.05839111474851102,0.5412194595797833,0.7621457684850899,0.38078118578303044,0.9362104022186049,0.10495341348259817,0.25318010968249677,0.16601486568298904,0.6381245687453453,0.0011158357890464052,-0.16031641168696473,0.0029943087084082186,0.8035321835452416,0.5043330441828193,1.0115261555174284,0.8560649843534602,0.17196535354106338,0.1604915458189347,-0.03950750722045269,0.6652237061914683,0.5667022966755223,0.4775253256645911,0.7998290703444242,0.8639412194146848,0.45364135414168344,0.7629682024345258,0.15869249738074323,0.4840222892339573,-0.012496902702373448,0.21564202608809788,0.6539170706532806,0.02595668891315942,0.0405568493222636,0.6042158696929011,0.6895080057457579,0.3149417265984501,0.862103461159798,0.78977185427479,0.9741689404745444,0.1953251763766986,0.2233085554758926,0.26531943173956785,-0.0036036786494218786,0.47716080433374686,0.37807178186120766,0.8651743802131561,0.8720295324357844,0.13899472075578784,0.47435497225039647,0.31232279628436027,0.22213645428459577,0.2795851454458308,0.37381716689103095,0.29400096217608007,0.6676287321298602,0.9772914111289579,0.5364534111493041,0.7755465918218575,0.5443948269983456,0.04110973996930635,0.7574882749595966,0.9787964085237084,0.6898076813806726
64.5,0.16679467401946052,0.48218148777706693,0.001312621012563126,0.130955361806089,0.9124542963243286,-0.08159613646770536,0.04240372441590312,0.18619379369829972,0.8591445880635211,0.5400343015442306,0.5652311096815412,-0.045078137847812755,0.3333533358419242,0.05879333761286444,0.5417385226891361,0.751445920687128,0.3767820560563185,0.9325490283840177,0.10863841965982321,0.2464657209138008,0.16719011675107046,0.6393466561629743,0.010438325736872754,-0.16711869136010427,-0.0063957235100857894,0.7929695191070223,0.5029577057922813,0.995763894866213,0.8439183395210353,0.16447555514601317,0.15987140021145946,-0.032087837817087586,0.6661714440518831,0.5503381950800389,0.47232284981115125,0.7989824620388978,0.8614667678389137,0.44583099365063716,0.762571358326731,0.14746966615595736,0.47163121379781076,-0.01587157043484235,0.21439631189240557,0.6444223679658175,0.02517459983586497,0.037790869997431115,0.6056033392491903,0.6845457010266733,0.31980976355916735,0.8561518262797391,0.7866535546860203,0.9745912573646445,0.20107552878464854,0.21827681188481293,0.26859248151003745,-0.01327680667897162,0.46928638318775945,0.3761128697341917,0.8572409591493463,0.8743649195548452,0.1250495996933629,0.46873192106221956,0.3008231318889784,0.22776943827044,0.27601887344051435,0.3688601360173281,0.2781674095564267,0.6594598722892752,0.9720599076357246,0.5348803036557265,0.7724482596645625,0.5375294316489291,0.04337461177126575,0.7596569350952413,0.9662797276425893,0.6738664762699533
65.5,0.16955560976131784,0.4710447287955099,0.0024976985387108516,0.12260624126965478,0.9005733839351675,-0.07473790340251793,0.03549458352850761,0.19107932934119953,0.8593807341148183,0.5405321086099736,0.5520176217815582,-0.04039770806369845,0.33539920125322664,0.05975774651874022,0.5411821581518761,0.7386250930893322,0.37215706836301443,0.9264878168690458,0.11267569740714992,0.23959211684903595,0.16852884265598228,0.6392185252554443,0.020341916446240955,-0.172167873582775,-0.014774449307409144,0.7801571813407876,0.5005794385795646,0.9769248737886373,0.8292973185460053,0.1571741708530056,0.15944503580457392,-0.023923840633961857,0.6656774672590933,0.5323945375228808,0.4661253655300864,0.7962359676634103,0.8568478822628602,0.43706196109012047,0.7604001681158697,0.13652376387917853,0.45807804496368565,-0.018315038559305906,0.21314365577118663,0.6332070196675943,0.025103411885105942,0.035716988976181856,0.6057451223230051,0.6778820408746226,0.3243701574656132,0.8479342114551137,0.7815869122257915,0.9726585098118645,0.2068811169946283,0.21321216095494103,0.27169974313755363,-0.02189575746887676,0.4603691160687429,0.3735604461183409,0.8469598170288073,0.8747114452361296,0.11150839635277487,0.46211997165349034,0.2888966404423517,0.2333769728159815,0.27220405219839,0.36328874587390175,0.26196770539486447,0.6495640984881824,0.9642506540029071,0.5321956636574535,0.7674461372922076,0.5293984547088852,0.046233682539202056,0.7601553453561021,0.9509059646556907,0.6558831322846744
66.5,0.17246756597510438,0.4587786353019788,0.004442122249700672,0.11463845887751414,0.8860540219038171,-0.06698664180627659,0.029350062577686558,0.1960479067198065,0.8575844876109381,0.5399543173371681,0.5373076206617313,-0.03487822280960966,0.3370510181659602,0.061273399758959714,0.5395222107998535,0.7236480243737797,0.366912577147414,0.9179472203424638,0.11704923029586527,0.232586721756257,0.17002609240067162,0.6376964177608857,0.03078868281455648,-0.17551063136378403,-0.022121366320729842,0.7650512975206131,0.4971804788655746,0.9549380289724351,0.8121515853342236,0.15009268102404466,0.15921353903090069,-0.015057443516847643,0.6636944541265114,0.5129009873705844,0.45893174871483844,0.7915250345398182,0.8500133326218219,0.42734699592396436,0.7563949459399201,0.12590606073351937,0.44339098074362726,-0.019837196137542888,0.21188852571615097,0.6202540573974469,0.02573131684929523,0.03433293686136918,0.6046019472624595,0.669479923554632,0.32860520467303306,0.8373860336199982,0.77451350242185,0.9682801467525535,0.21272452943816705,0.20813480101924053,0.2746299429102574,-0.029440204709318324,0.45041843254626535,0.3704135264760141,0.8342698739983746,0.8729888077833031,0.0984380628205542,0.4545200472994832,0.2765916338841361,0.23894209557356044,0.2681529689137092,0.3571139161283042,0.24547781191469556,0.637917469569602,0.9537810981291773,0.5283778229005727,0.7604840354092209,0.5199962643502696,0.04966804155185846,0.7589198714679041,0.9326039734513477,0.6358555762669569
67.5,0.17552060400792285,0.44540588413198784,0.007123954058551421,0.10708577621171363,0.8688348461197313,-0.05839204465781093,0.023986166908394925,0.2010841660813631,0.8536806596199364,0.5382729747075011,0.5211167693955104,-0.028558653903884602,0.3382980003729264,0.06332761183273035,0.5367333624226326,0.706487831015698,0.36105782661911345,0.9068521304327261,0.12174233944355865,0.2254779460677398,0.17167641515004484,0.6347394883105119,0.04174127710571802,-0.17720203305711052,-0.02842324619574415,0.7476160562455563,0.49274636328439525,0.9297400759259394,0.7924392792938322,0.14326134860110445,0.1591772606347184,-0.005530166681379742,0.6601781565230731,0.49189897148180883,0.45074540682181724,0.7847889140064037,0.840896161908695,0.41670414897063646,0.7504996512773265,0.11566566587069801,0.4276062297341602,-0.02045205645224058,0.21063540783396423,0.6055543638472378,0.02704403423153721,0.03363338984653279,0.6021373087527988,0.6593077949078961,0.33249773363170365,0.8244482513239895,0.7653795627746028,0.9613689949837674,0.21858827489234525,0.2030651071148298,0.2773721897913241,-0.03589751045422466,0.43944939480885326,0.3666734715932645,0.8191164019438972,0.8691195143558881,0.08590196358829605,0.4459377153447335,0.2639598193888228,0.24444787786455713,0.26387909986846914,0.35034962842295797,0.228777505545102,0.6245031726532839,0.940573366128293,0.5234086793116325,0.7515104311491632,0.5093231039829972,0.053657454022372895,0.7558896310558121,0.9113096412336988,0.6137938336602555
68.5,0.17870442397471084,0.43095645770683244,0.010519379196603543,0.09997932808758687,0.848862183026872,-0.04900317987297872,0.019414144264067755,0.20617261469505208,0.8475974785985108,0.53546298456406,0.5034703294316069,-0.021478473590754457,0.33913042604027716,0.06590611984984664,0.5327935156498391,0.6871273390871965,0.3546050657583192,0.8931326347454697,0.12673775758502873,0.2182950320327381,0.17347388548889708,0.6303103062206297,0.05316297489875221,-0.17730375074233323,-0.033673780208902125,0.7278250788311345,0.4872662840341907,0.9012773473859148,0.7701285806528724,0.13670902449034517,0.15933582701710725,0.004617029583499676,0.6550879430290946,0.46944262558543565,0.4415746248802056,0.7759713634803811,0.829434452945492,0.4051570713135585,0.7426625598910909,0.10584913142291437,0.41076842592320517,-0.020177309619796004,0.2093887882654039,0.5891076693754538,0.029025073114759846,0.033610196176874683,0.5983179240306338,0.6473404709207091,0.3360311702451596,0.8090683533010574,0.7541368059944757,0.9518417637815361,0.22445480544503466,0.19802352017927266,0.2799160118933536,-0.04126232496102731,0.4274830604160482,0.36234411337332667,0.8014521690925115,0.8630294414891333,0.07395929731670878,0.4363835261314776,0.251056030758389,0.2498774493246018,0.25939707574314796,0.34301301725529065,0.2119497518752229,0.6093124784323332,0.9245550410999714,0.5172741165229098,0.7404792742840367,0.49738565326907763,0.05818054336688823,0.7510070651631617,0.8869673595656529,0.5897216236387306
69.5,0.18200839693543494,0.4154680460407113,0.014603002031184042,0.09334744731836796,0.8260915591967477,-0.03886825600728929,0.015640660503135638,0.21129765290166738,0.8392672329045034,0.5315024920387035,0.48440398783040595,-0.0136773690777032,0.33953971919070897,0.06899324504844823,0.5276842013588607,0.6655605902122652,0.3475696487665504,0.8767249410095527,0.1320176971741111,0.21106788734785012,0.17541212911657733,0.62437540103719,0.06501769747386574,-0.175882398199585,-0.037873145043197866,0.7056630034239886,0.480733457345229,0.8695081990997118,0.7451995673294143,0.13046296884723424,0.15968815447091336,0.015343857678064978,0.6483873929678422,0.4455996768409637,0.4314329053459399,0.7650214429100035,0.8155722247739566,0.39273527476980097,0.7328370162618186,0.09650009353328104,0.39293097901576535,-0.019033877504933308,0.20815313502213778,0.5709236199074594,0.03165598725706821,0.0342526106474678,0.5931142256109048,0.6335600441759281,0.33918960747623744,0.7912015311738954,0.7407433480878233,0.9396196413500573,0.2303065392021654,0.19303043437896067,0.28225139398518007,-0.04553610228169919,0.41454682253433284,0.35743187389135284,0.7812388050988397,0.8546484630276394,0.0626645912427304,0.4258733427960533,0.23793790390998998,0.25521402347358185,0.2547226377538042,0.33512444133405256,0.19507999249448146,0.5923457771201309,0.9056601536081533,0.509964444099733,0.727350902749616,0.48419759864907574,0.0632149595359916,0.7442185710958714,0.8595319150336902,0.5636780559733513
70.5,0.1854215962517999,0.39898639836432825,0.01934811942869646,0.08721552607583868,0.8004895535765277,-0.028034447219517533,0.012668020509398008,0.21644359934831212,0.8286270053630936,0.526373291307069,0.46396466151707394,-0.005195003931552234,0.3395185324417838,0.07257204764569494,0.5213910090681833,0.6417945265848447,0.33997011785422493,0.8575725182338445,0.1375639125504248,0.20382690832182043,0.17748434884442818,0.6169058556616583,0.07727001385453722,-0.17300802793050307,-0.041027507251022846,0.6811272981034152,0.4731455026031298,0.834406083281318,0.7176463932173345,0.12454869054907665,0.1602324660390502,0.026610780364894802,0.64004494676674,0.42045221824308376,0.42033929510420265,0.7518944255442922,0.7992604909289793,0.37947435429697574,0.7209822823798981,0.08765895673597288,0.37415633912008717,-0.017045479799892425,0.20693287985424255,0.5510229058270568,0.0349166198689214,0.035547532222679194,0.5865008926330483,0.6179568783085714,0.34195787907689856,0.7708120719957557,0.725164770988851,0.9246290283313104,0.23612588300630719,0.1881060836185246,0.28436881600432856,-0.04872655227139752,0.4006747170639571,0.3519458754902066,0.7584484237312923,0.8439111698747002,0.05206727836033535,0.41442865477866453,0.2246654977204031,0.2604409244206515,0.2498725844920946,0.3267075320616295,0.17825535364630793,0.573613690284478,0.8838304484731816,0.5014748562577751,0.7120930849328395,0.4697802038265987,0.06873753261982476,0.7354752090104674,0.8289708803599023,0.5357193924763249
71.5,0.18893282811306303,0.38156560663374234,0.024726969941644354,0.08160591472511455,0.7720360446388934,-0.016547770613638293,0.010494425765568997,0.2215947156866524,0.8156195268079454,0.5200612560969,0.442211249262834,0.003929176683708462,0.339060830398386,0.07662447354096516,0.5139040391468261,0.6158508493853249,0.33182826498937923,0.8356275091324802,0.14335775625463698,0.19660279440470713,0.17968335075590697,0.6078779504641737,0.08988512557840085,-0.16875280440623777,-0.043148484780146976,0.6542303091634386,0.46450482861742437,0.7959633781619679,0.687479805404567,0.11898980674882512,0.1609663107058173,0.03837905769225449,0.6300346178975837,0.3940973217906506,0.40831869168160473,0.736552844166335,0.7804585139782891,0.36541616174596464,0.7070644982771445,0.07936262675451808,0.35451615298462,-0.014238218608531982,0.205732400270857,0.5294384343150884,0.03878533522459783,0.03747974035418511,0.5784574224732087,0.6005306912162622,0.34432163729488463,0.747875005163223,0.7073753389016482,0.9068024618161408,0.2418952554741857,0.18327042846744251,0.2862592924475941,-0.050847049392785296,0.3859076844592876,0.34589803950001563,0.7330655364206694,0.8307577103703938,0.04221136471959251,0.4020768666647262,0.2113008631032141,0.26554161497744033,0.24486470938776486,0.3177892157571879,0.1615637902480686,0.5531382476108373,0.859016997896297,0.4918059058087157,0.69468220527874,0.45416286782670146,0.0747244114288115,0.7247334961452494,0.7952675809134617,0.5059208177117498
72.5,0.19253066124973955,0.3632683014881487,0.030710957882536315,0.07653785802681304,0.7407268954917514,-0.004453009225028824,0.009114259966993138,0.2267352309478173,0.8001941790926859,0.5125567916773999,0.4192152958646041,0.013656100442493083,0.33816197302645673,0.08113149180094184,0.5052183746826838,0.5877680303759627,0.32316916935902007,0.8108524701333588,0.14938022977791304,0.1894263561543963,0.18200157044562898,0.5972738611196379,0.10282883692940419,-0.16318986020139842,-0.04425258306866381,0.6250015357738111,0.45481902244342526,0.7541960357495816,0.6547299984010344,0.11380792395241948,0.16188658463074404,0.05061076729084035,0.618336770877683,0.3666474312809854,0.3954021194251284,0.7189676938884624,0.7591352910638736,0.3506089196110634,0.6910577693031353,0.0716442953922439,0.3340912880743036,-0.010640187260458636,0.2045560017675057,0.5062165188045559,0.043239234989072284,0.040032126192648086,0.5689687435374455,0.5812917229025876,0.34626743438406027,0.7223780336781087,0.6873593850877806,0.8860797906720557,0.24759711063942222,0.17854304464518106,0.2879144125473049,-0.05191601746540976,0.37029377286075726,0.33930317098500556,0.7050892818682877,0.8151347844256858,0.03313519106667328,0.38885155275453254,0.1979075649005859,0.27049972632362895,0.239717728901728,0.3083997062482594,0.1450931822446508,0.5309541098166217,0.8311822332495481,0.4809639885917406,0.6751046071861251,0.4373836551791891,0.08115118700037598,0.7119563035487138,0.7584246962091741,0.47437814315090987
73.5,0.19620345588380178,0.34416574009404455,0.03727085204266418,0.07202746785055023,0.7065771027731989,0.008206325740232886,0.00851839420900672,0.23184936588099075,0.7823081804575964,0.5038553061271378,0.3950615270642184,0.023947185711552087,0.3368187982549472,0.0860732221268286,0.49533456971436385,0.5576034375494462,0.31402120707388115,0.7832224935421088,0.1556120290051275,0.18232831892180162,0.18443109920488548,0.5850824114830194,0.11606751322826481,-0.15639233332182684,-0.04436062174184259,0.5934901016898377,0.44410123495295845,0.7091490642801458,0.6194497755597691,0.10902254160037209,0.16298955415847385,0.06326880188306697,0.6049389683805292,0.3382304717633994,0.3816269652481691,0.6991198107490828,0.7352713026133306,0.3351072629939317,0.6729453932217718,0.06453327972172826,0.31297170104578365,-0.006281107647842572,0.20340790044015794,0.48141804907493996,0.04825435770959869,0.043185915463390775,0.5580258688765812,0.5602619772579471,0.3477828076317651,0.6943237707290034,0.6651128809889303,0.862409668881674,0.2532139624960305,0.1739430142581465,0.2893263810659428,-0.05195630789226228,0.35388826811856416,0.3321790267726666,0.6745359828583849,0.7969968272875537,0.024871289944245586,0.3747926666578419,0.1845501629683687,0.27529908946732434,0.2344512016279007,0.2985724646244824,0.1289304031228405,0.5071098095047673,0.8003024652266097,0.46896183201997366,0.6533581022892302,0.41948977951532,0.08799300130506173,0.6971138702433252,0.7184685277704297,0.4412093472512665
74.5,0.19993939197081803,0.3243377649860352,0.04437695937842055,0.06808773071213112,0.6696244077543719,0.021387999355778547,0.008694503791255028,0.23692135743156775,0.7619279869588996,0.4939576974843862,0.3698482088555858,0.03476442656583434,0.33502970296650325,0.09142905181642455,0.48425914903605183,0.5254355123917986,0.30441602979183235,0.7527277594484585,0.16203358472140447,0.1753391246981981,0.18696371012564703,0.5712998808683174,0.1295680294065819,-0.14843257757395445,-0.043497166054334804,0.5597673679116234,0.43237055590857204,0.66090279119213,0.5817179505035294,0.10465097863873889,0.1642708803319886,0.07631684755335318,0.5898368881139372,0.30898961264026686,0.3670371623919227,0.6770014411309273,0.7088605501725445,0.3189721979948531,0.6527212363943034,0.058054916243622245,0.2912561288377494,-0.0011919990232988297,0.2022922060188896,0.45511959438839716,0.05380586054376894,0.0469208803950376,0.5456265885508315,0.5374765186630777,0.34885636757277994,0.6637322877809891,0.6406451917186459,0.8357514367863942,0.2587284106690971,0.16948882092922601,0.2904880595497066,-0.05099458649078337,0.33675373561664607,0.32454636391281605,0.6414420202918025,0.7763074204491416,0.017446336386337826,0.3599466941364867,0.17129366040116478,0.27992376862560503,0.22908543871759304,0.28834412320661507,0.1131603826134727,0.481668970796891,0.7663709523727229,0.4558189793773456,0.6294536474370596,0.4005380187403852,0.09522464170793407,0.6801849486414633,0.6754539195236061,0.4065558329071167
75.5,0.2037264968096661,0.3038726138253519,0.05199927444910234,0.06472854771335082,0.6299333280545442,0.035051029530704936,0.009627389317393166,0.24193548364481296,0.7390309419917525,0.4828708519043737,0.34368728171962415,0.04607044882301721,0.3327947214244627,0.09717774197841349,0.4720051130222556,0.49136590939886027,0.29438850919723414,0.7193765505309668,0.16862509856344257,0.1684887346752186,0.1895908840368717,0.5559308622366277,0.14329771092141436,-0.13938153352212196,-0.04168997505923658,0.5239295974823357,0.41965236977853443,0.6095797521884475,0.5416428742197318,0.10070832311934355,0.16572564463392964,0.08971934598804301,0.5730353067114946,0.2790826260520494,0.35168330986410734,0.6526180097339431,0.6799128981146243,0.30227096528441383,0.6303912621649583,0.05223050923549386,0.26905158390282535,0.004595120130584357,0.20121290545070586,0.4274143806252601,0.05986818270651699,0.05121553864966255,0.5317761963733626,0.5129847940317467,0.3494778890061553,0.6306439583861906,0.6139810102966362,0.8060774590193734,0.2641231675155438,0.1651982498988826,0.2913930078085599,-0.04906074171761145,0.3189599589030446,0.3164289656624091,0.6058669848727007,0.7530409661229684,0.010881187452663131,0.3443667369207838,0.1582029284311354,0.284358096693538,0.22364140608064625,0.27775437119316715,0.09786518682390768,0.45471145664914997,0.7294015581536482,0.4415622593496723,0.6034171795899959,0.3805950369663731,0.10282062179726459,0.6611580922468014,0.6294697513379781,0.3705832659586904
76.5,0.20755267210373493,0.28286656201066473,0.060107605748005576,0.06195680402091487,0.5875995142148207,0.049155640536116665,0.011299295551284469,0.246876089206464,0.7136072009566423,0.47060814617376784,0.3167042196499036,0.05782854070932806,0.33011560013042185,0.10329752301483139,0.4585924388640944,0.4555214789753461,0.28397664451639887,0.6831987388818009,0.17536657487268975,0.16180643511353396,0.19230383525125938,0.5389891639418687,0.15722426888013577,-0.1293082447062996,-0.038969476243013446,0.48610054604283615,0.4059786820098751,0.5553519199561299,0.49936591767614746,0.0972074043714071,0.16734837574841394,0.10344144356781451,0.5545491431996279,0.2486807925500622,0.335622714715657,0.6259900827344892,0.6484567165321085,0.28507679878939207,0.6059752054651286,0.04707733112314979,0.24647264020063164,0.01104749641668589,0.20017384714187075,0.3984130715637626,0.06641519069232424,0.05604733777169951,0.5164882435767393,0.4868519389689901,0.34963840425752324,0.5951225518894077,0.5851624471610704,0.773375980577966,0.2693810868297547,0.16108829411904474,0.2920355254127568,-0.046187324458462645,0.3005837608790448,0.30785364211142174,0.567897028156849,0.727184657084831,0.005191003628799069,0.32811251481745624,0.1453421187208499,0.28858671292231436,0.21814061905415483,0.26684579997859303,0.08312313931854302,0.4263343805024745,0.6894330038406722,0.4262262278842875,0.5752915839083623,0.35973758624537916,0.11075524948391399,0.640033091813214,0.5806448375348024,0.33348184723028645
77.5,0.2114057205751434,0.2614233836270431,0.0686716803291833,0.05977646446829334,0.5427542666141368,0.06366319781357418,0.013690222437627362,0.2517276118168482,0.6856619486000484,0.45718994587407635,0.2890375667318289,0.0700026616106993,0.3269958679824335,0.10976617953195292,0.44404856729906,0.41805594530721085,0.2732214307471076,0.6442497180189404,0.18223784890718991,0.15532064910385865,0.19509353711276217,0.5204987428948747,0.1713157309412409,-0.11827950251527834,-0.03536827413471307,0.4464338110512718,0.39138840389614127,0.4984478254293644,0.4550646785099281,0.09415878691060534,0.16913307708937317,0.11744892990006635,0.5344045486083534,0.2179673225646312,0.3189193443035724,0.5971555072623393,0.6145417977893826,0.2674685713229556,0.5795083752768035,0.042608671562170145,0.22364050349609754,0.01813187231746812,0.19917872591450286,0.3682442755689865,0.0734203055252832,0.06139282419277224,0.4997853083200508,0.4591600135600797,0.34933029820655254,0.5572584924951337,0.5542512310529764,0.7376545462531376,0.27448519445570596,0.15717506726185299,0.2924106929269652,-0.042409027074467684,0.28170869497113243,0.298850202667007,0.5276482867188055,0.6987407646923336,0.0003854430298370698,0.3112502737597735,0.1327740746911184,0.29259460291874234,0.21260503035980233,0.25566370687672213,0.06900800571673646,0.39665290743117027,0.646533674966743,0.4098535670709863,0.5451387512151132,0.33805255978063975,0.11900268326755839,0.6168225586880028,0.5291539505255669,0.29546586959845067
78.5,0.21527337223508347,0.2396536213078852,0.0776612283152512,0.058188691602300634,0.49556896672160666,0.07853612786545855,0.01677822360835072,0.25647460963769536,0.6552179113400777,0.4426440881795273,0.26083811082607383,0.08255743211655282,0.32344090055706193,0.11656112504088119,0.4284088613660004,0.37915110466134205,0.2621666858950121,0.6026147033430173,0.18921861186110583,0.14905875671880472,0.19795074731106826,0.5004946512596053,0.18554036954683314,-0.10635960270955376,-0.030920698271348163,0.4051147334098997,0.3759275826897478,0.43915894634622593,0.40895561917071566,0.0915707848452084,0.1710732548953388,0.13170816807187916,0.5126400209039832,0.18713528491215456,0.30164367630648975,0.5661716879356685,0.5782424861138061,0.24953032163835354,0.5510435506838398,0.038833930855241096,0.2006818680849713,0.025814684445442642,0.1982310688091316,0.3370546935175933,0.08085661273761775,0.06722779621107774,0.48169976555090444,0.43000909969473683,0.34854740430001774,0.5171721518793222,0.5213309524027377,0.6989440004410197,0.2794187208990666,0.1534737244334296,0.29251441259052874,-0.037762207070193,0.26242459628935133,0.2894513978139818,0.48527019788252723,0.6677292524736036,-0.0035310818892850724,0.29385258829710237,0.12055975400699419,0.29636714099779443,0.20705691222825462,0.2442558567578253,0.05558826241931804,0.3658007605918907,0.6008068705508867,0.3924954234007606,0.513041658147102,0.3156368683313708,0.1275369776773549,0.5915536435511315,0.4752235598076684,0.2567724245315169
79.5,0.21914331041506055,0.21767366211367128,0.08704604898654875,0.0571919823741164,0.44625908759909894,0.0937378265037712,0.020539688643333463,0.26110178996360234,0.6223181448882703,0.4270063357911555,0.23226766544945826,0.09545810835862062,0.3194579772394153,0.1236594669351925,0.41171702124933374,0.3390173512450486,0.2508588362545284,0.5584132595096184,0.19628843322918738,0.14304692590999327,0.2008660329824663,0.47902397193590884,0.1998666287212927,-0.09361019708135745,-0.025662393959804818,0.3623616121928276,0.35964956257688047,0.3778445648112738,0.3612957917969174,0.08944949525099917,0.1731619467125209,0.14618601864697545,0.48930751571054343,0.15638506150287884,0.2838724356071768,0.5331179358240867,0.539660917978753,0.2313506607737025,0.52065291671896,0.03575875258301829,0.177727571971405,0.03406223064812238,0.19733422177552168,0.305008823558375,0.0886969558531761,0.07352744087565588,0.46227453676774194,0.3995181789461909,0.34728510091267617,0.475016990124157,0.48650925155641056,0.6573030412933091,0.28416513621817996,0.14999839128280595,0.2923434480942838,-0.032284458596285065,0.24282698656632817,0.2796928278783397,0.4409484663096873,0.6341907001745268,-0.006559096364522674,0.2759980487991018,0.10875767441766257,0.299890134986193,0.20151873386406166,0.23267220214998036,0.04292646711343401,0.3339303433338453,0.5523962953531568,0.37421166564772224,0.47910637713412496,0.2925971133459239,0.13633211895350458,0.5642698649260648,0.41913673977641136,0.217659152334616
80.5,0.22300319767281432,0.19560462450277877,0.09679606020478024,0.05678231958073891,0.39508736178596904,0.10923255830650362,0.0249496062635882,0.2655940393240964,0.5870290475390731,0.4103207859572069,0.20349744707207634,0.10867054328407107,0.3150563298680794,0.13103806230736476,0.3940254366868583,0.29789333283367136,0.23934665972286254,0.5118038344634713,0.20342678100219785,0.13730995629855497,0.20382979562903197,0.45614671066974244,0.21426305066296897,-0.08009022481860473,-0.01962995764157519,0.31842597404439454,0.3426150611714955,0.31493416272964164,0.31238327354421125,0.08779884870571994,0.1753917500972863,0.16084975918644567,0.46447351357526356,0.12592137890877203,0.2656882092632329,0.49809779536477505,0.4989302219221168,0.21302205960834053,0.4884299636834931,0.03338518977960124,0.15491107321338898,0.04284080796078514,0.19649133733349428,0.27228814490644726,0.0969140144818732,0.08026645485319991,0.4415637938950866,0.3678256994175856,0.3455404070116416,0.43098230355092887,0.449919823189805,0.6128232420707258,0.28870818728351966,0.14676210202021092,0.2918954631388463,-0.026014233233745722,0.22301633120633851,0.2696128169458943,0.39490738401590086,0.5981894919237366,-0.00870371567168711,0.25777082593022493,0.0974233946281289,0.30314987346733147,0.19601303534093445,0.22096456338233855,0.031078744880930608,0.3012123876068841,0.5014914882628465,0.35507104104783477,0.44346389558810867,0.26904903413261716,0.14536205202152605,0.5350330044304327,0.3612365759129082,0.17840097836622934
81.5,0.22684070168537235,0.1735710703074187,0.10688133292715526,0.05695333426183785,0.3423656146126356,0.12498534971251178,0.02998180644220636,0.26993645514663384,0.5494435114930979,0.39264021606414484,0.17470605529973599,0.12216113733583563,0.31024718152474423,0.13867356527766977,0.3753954561908601,0.25604455202957427,0.22768098806322193,0.4629879914223259,0.21061304016468635,0.13187113774785575,0.20683229585262558,0.4319366047680768,0.22869820325684076,-0.06585590942045208,-0.01286061716230392,0.2735916412492196,0.32489214613065376,0.2509263774668232,0.26255593855014403,0.08662067500833867,0.17775485138866395,0.1756670008652045,0.4382199942548515,0.0959499998793515,0.2471789337774059,0.4612412218786404,0.4562174724901228,0.19464002412552367,0.4544912490685952,0.03171189868865124,0.13236678088940007,0.052116823494432654,0.1957053632578786,0.23908971775028567,0.10548036809817718,0.08741914983640306,0.41963358590199834,0.33508973355666943,0.3433120762987968,0.3852952862105058,0.4117240776014482,0.5656343721694789,0.2930319375932001,0.1437767467506407,0.2911690583493993,-0.01899050996903412,0.20309715238125375,0.2592522506337717,0.34741116144389145,0.5598171817353694,-0.00997426915542654,0.2392601083748292,0.08660904105376796,0.30613317542708207,0.1905622993172339,0.20918627149082164,0.020094399388527952,0.2678350470713475,0.4483327613646554,0.33515120759711714,0.40627159672712043,0.2451167124232268,0.1546006998377767,0.5039250051138022,0.3019273163565791,0.13928584275404768
82.5,0.23064352123569357,0.15169956499702372,0.11727211255699307,0.057696475368143686,0.28845473680862427,0.1409618778543859,0.035609180226860424,0.2741143791513605,0.5096840788252982,0.374026345101682,0.1460770869593009,0.13589678073742179,0.3050437740471903,0.14654246655369982,0.35589755070399953,0.21376076611910752,0.21591437026620416,0.4122139398505734,0.21782653000946803,0.1267521253014112,0.20986367799119415,0.4064818007877478,0.24314060941836457,-0.05096080859742728,-0.005391956162353525,0.228172374118274,0.30655609686508717,0.18638363001188427,0.21218824217078924,0.08591478196205622,0.18024305444345137,0.19060560359264073,0.41064525832540955,0.06667418804121872,0.22843725265637782,0.42270644885202896,0.41172613908411904,0.17630216976054322,0.4189778965634064,0.03073435401543697,0.11022828411536552,0.06185688060827149,0.19497903234000147,0.20562416016995294,0.11436854679903741,0.0949595430998167,0.3965623515979824,0.3014876288281484,0.3406006886214216,0.3382220726765278,0.3721122732008538,0.5159097513586125,0.29712080969397664,0.14105302836644298,0.29016380616309945,-0.011252513042158019,0.1831770083442098,0.24865437707645904,0.29876390555947563,0.5191959003386144,-0.010383906893608314,0.2205594137080658,0.07636288992845376,0.3088274422948147,0.18518882182630164,0.19739177783225928,0.010015653947956562,0.23400237018642073,0.39321510720143305,0.31453862046161307,0.3677142317702208,0.220931526066585,0.1640219761797805,0.4710497860115603,0.2416725095957827,0.10060950960093613
83.5,0.23439941240117626,0.13011711866040837,0.12793882879896784,0.05900118340783468,0.23376229326347545,0.15712835689265342,0.041803876677509906,0.27811343255343834,0.46790591749202265,0.3545499886514672,0.11779643997132887,0.14984478926124858,0.29946138287705254,0.15462112596763306,0.33561134826261985,0.1713521014570871,0.20410070023280147,0.35977888789444606,0.22504652078236614,0.12197283172914988,0.21291399460870802,0.3798853467987563,0.2575586792808748,-0.03545590622924447,0.0027383191634455335,0.18250793016068587,0.2876891377511358,0.1219218050100526,0.16168579895240945,0.08567904506636201,0.1828478092134502,0.20563359087343155,0.38186452751341793,0.03829108352004086,0.2095597467887592,0.3826813539705768,0.36569772398298017,0.1581072111353014,0.38205668465148124,0.03044507974968453,0.08862653083122177,0.07202784279141723,0.19431485326573353,0.17211299555417173,0.12355107028403704,0.1028614340655293,0.37244127757940126,0.267215061390812,0.33740873749522826,0.29006741541476877,0.33130391737654175,0.4638712584169757,0.30095963033920553,0.13860042904849096,0.28888028322833276,-0.002839475475728684,0.16336535548684786,0.2378645712604972,0.24930789524311275,0.47648161108178727,-0.009949198995703443,0.20176577710922858,0.0667290125048493,0.311220712254676,0.1799145836089303,0.18563623543627442,0.0008775225128161335,0.1999321150213819,0.33649043706166254,0.2933282519270761,0.32800419931413155,0.19663085398178776,0.17359979288111474,0.43653486178305645,0.18098947361258416,0.06266962614041813
84.5,0.23809621503495854,0.10894954839656575,0.1388520956417092,0.060855064857921345,0.17873736415078953,0.17345142339734654,0.04853747694087231,0.28191955320059514,0.42429938001535944,0.33429108419521414,0.09004938724542227,0.16397283535499957,0.29351731783137475,0.16288579878477166,0.31462551652582926,0.12914388590284656,0.19229481316785507,0.3060296898552226,0.2322522500896816,0.11755133856108399,0.2159732309669055,0.3522654401051817,0.27192064608849437,-0.019389736859719096,0.011492573304469473,0.13695848550812892,0.26838003161732427,0.05819482029961172,0.1114776996344844,0.08590950592813809,0.18556024011438238,0.22071906552577344,0.352010248592523,0.010988142783090377,0.19064604527154316,0.341384111092957,0.31841225459666533,0.14015388812304422,0.34392056151533273,0.030833889892151484,0.06768801386226785,0.08259687768015637,0.19371510260017571,0.13878540383835256,0.13300047633174789,0.11109846787956386,0.34737445723630295,0.2324844212181456,0.3337407123609025,0.24117267162033143,0.2895472307053242,0.40979350029124434,0.3045336784184812,0.1364271863668925,0.2873200998895988,0.006209554655687155,0.14377231613987757,0.22693006370885188,0.19941986648864612,0.43186696384205614,-0.008689736463065827,0.18297882765802775,0.05774698911451892,0.3133017166692547,0.1747611233996721,0.1739750582893339,-0.0072921937105019765,0.16585290339199021,0.27856746783609887,0.2716231272728249,0.28738094756155297,0.17235654666124717,0.18330806256289547,0.4005326331577854,0.12043968278074169,0.025759282950660867
85.5,0.2417218796413462,0.08831980943830317,0.14998270298686764,0.06324406473584626,0.12386240135625429,0.18989802208559936,0.05578114588892082,0.28551903471331286,0.37909185970466386,0.31333856377420355,0.06301752188804892,0.17824887605720263,0.2872309084921881,0.17131265655671302,0.29303747148198767,0.08747030984164882,0.18055205633364896,0.25136126416369986,0.23942293959213817,0.11350382611227465,0.2190313294856862,0.3237553692592004,0.2861945066076143,-0.0028085348672824417,0.02083339755489296,0.09189749867887438,0.24872352561639888,-0.004125457783041948,0.06200672499558885,0.08660047728571807,0.1883711740874494,0.23583012729642036,0.32123202310443477,-0.01506019979769888,0.1717978296685116,0.29906290803308516,0.27018729461693003,0.12253985321310054,0.30478841771338167,0.03188813383015769,0.04753302436930792,0.09353148348894862,0.19318181791098263,0.10587445414472443,0.142689340111877,0.11964418698252961,0.3214788058330694,0.19752248626773963,0.3296031741510849,0.19191184277848414,0.24711748796011584,0.35400654772977613,0.3078287356861269,0.1345402787527317,0.28548592626531766,0.01585586851406378,0.12450738102328844,0.2158996354515456,0.14950513675202753,0.38558344088434826,-0.0066277413680295855,0.16429976730246948,0.049451695741533866,0.31505993853456365,0.1697494145818695,0.1624634656246372,-0.01447279240698215,0.13200075531914357,0.2199086096022358,0.24953366353462259,0.2461093336181656,0.1482531895866499,0.19312069778725766,0.36322119500493255,0.060615038800026166,-0.009839607987518411
86.5,0.24526449471751674,0.06834634660312758,0.16130160136405022,0.06615263487050309,0.06964215353780187,0.20643529305940572,0.06350576218060733,0.2888985676536542,0.33254862521412465,0.29179005263439645,0.036875690537113245,0.19264107918216414,0.28062347296342105,0.17987780332101833,0.2709528937677656,0.04666714191364417,0.1689278407332376,0.1962123309734073,0.2465378124248514,0.10984452262867524,0.22207821421899512,0.2945030914037271,0.30034796689010645,0.014243598325192642,0.030723732141226,0.04770325112120535,0.22881964615509834,-0.0643728025408261,0.01371785309620111,0.08774465262138641,0.19127116834898208,0.2509347933051453,0.28969608802366015,-0.03969549943424014,0.1531177501550481,0.25599452357527497,0.22137517810467533,0.10536054822838667,0.2649039577978026,0.033592941640306934,0.028274031803690165,0.10479950021697267,0.19271679198674924,0.0736129409821629,0.1525902855165532,0.1284720718427195,0.294883688603669,0.16256738293140757,0.325004822603478,0.14268553042166704,0.20431409308907647,0.2968965824616031,0.31083114026758746,0.13294542002638957,0.28338151444066173,0.026061214968223428,0.10567807993015177,0.20482328219456852,0.0999895685595766,0.3379024475217654,-0.0037876927213568246,0.1458302728237706,0.04187316439089058,0.3164856726216926,0.164899746555537,0.15115601909336504,-0.020650450612103008,0.0986150924470515,0.16102334772755766,0.2271768044201909,0.204476815060269,0.12446620007091373,0.20301160759605502,0.3248044980881471,0.0021204807344260847,-0.04386276046699649
87.5,0.24871231463567045,0.04914151915623698,0.17277988107736372,0.06956389595147386,0.016590043363980525,0.22303046154816447,0.07168202784466157,0.2920452827574677,0.28497230471072965,0.2697513756931809,0.011789039558636492,0.20711774900291333,0.27371826890312195,0.18855728791966475,0.2484850389418022,0.0070638356899471065,0.15747718111944528,0.14105817868256698,0.2535761117679253,0.10658567232209068,0.22510381542128707,0.26467039304339623,0.31434839419503424,0.031724514416222205,0.04112695767071636,0.004749453942604039,0.20877284485912573,-0.12191192783679564,-0.03295431244161024,0.08933321845644325,0.19425053779567042,0.26600092219514193,0.2575842820981752,-0.06277776879348718,0.1347082770003111,0.2124815970161893,0.1723582583639135,0.08870810030558565,0.22453354033576978,0.03593146519737368,0.010014244811564018,0.11636910774552192,0.19232156815073384,0.042228986103168005,0.16267598977555664,0.13755557198699472,0.2677302241861578,0.1278648780784887,0.3199565537032929,0.09391284118546771,0.16145631637884642,0.23890380813524156,0.31352784292422264,0.1316470625705588,0.28101171626331584,0.03678788688962324,0.08738865768985685,0.19375185157499542,0.05130958460641742,0.2891349849242785,-0.00019597310148048488,0.12767134561618299,0.03503651654880774,0.3175700871266872,0.16023161215519413,0.14010616121963915,-0.025817913624690852,0.0659343464024413,0.10245787661554755,0.20467495241300898,0.1627894140937588,0.10113981020634444,0.21295469228179464,0.28551170216982763,-0.05444608091786507,-0.07606942277470156
88.5,0.2520537881276762,0.030810150525023904,0.18438874703939984,0.07345979174864903,-0.03478727420341012,0.2396507310629327,0.08028055872478627,0.29494679620902453,0.23670071675072193,0.24733585861190707,-0.012089702442811481,0.22164725257101328,0.2665404259164649,0.19732711318765386,0.22575383475717184,-0.031024548663285755,0.14625423261433326,0.08640041687688302,0.2605171210149296,0.10373752172459776,0.228098094218565,0.23443159520290863,0.32816277583072245,0.04959383014505176,0.05200695918106098,-0.036604557336603005,0.1886910038099872,-0.17616327518420846,-0.07759838224912005,0.09135596760600133,0.19729938204311445,0.2809961428469471,0.22509245006447615,-0.08418734837117323,0.11667051517319156,0.16884849281570755,0.12354210184944672,0.07267026747354238,0.18396290521268113,0.03888511156387113,-0.007153600577510691,0.12820881284029317,0.19199743661837768,0.011941598339713963,0.17291918250802446,0.146868128398786,0.24017023506776197,0.09366410081908415,0.3144715055014454,0.04602147964042718,0.11887771831862004,0.180517080233438,0.3159064659503188,0.13064840857986487,0.27838249630745115,0.04799877897539489,0.0697387940261339,0.18273665832682484,0.0039006759541608165,0.23962956513189787,0.004119460051358497,0.10992213807655452,0.028961966817365615,0.3183052864633267,0.15576360226305896,0.12936576377854764,-0.029974108073172932,0.03419134962383742,0.04478111866595678,0.18215470820618043,0.1213664816576514,0.07841499844930933,0.22292383726990606,0.24559557620777023,-0.10851504764386075,-0.10624741409836369
89.5,0.25527758741119283,0.01344824954143363,0.19609949045976388,0.07782123428222702,-0.08400614296370075,0.25626318077541776,0.08927195725462211,0.2975912569098319,0.18810281550562555,0.2246634169752088,-0.034622592881348474,0.23619794771890468,0.25911685861518696,0.20616324277269382,0.20288476670114672,-0.06730513323667894,0.13531183236770522,0.032753992497167095,0.2673401859257448,0.10130832348593614,0.2310510674479383,0.20397178271361863,0.34175768567520465,0.06781273444667095,0.06332816602407149,-0.076023431819524,0.1686843147999957,-0.22662495186944437,-0.11983838061150279,0.09380141183639858,0.20040761213527253,0.2958877884470182,0.1924282624121907,-0.10382611960184995,0.09910301302665067,0.12543576063587253,0.07534673977890499,0.05732946305712098,0.14349277699566565,0.042433765780039455,-0.023148190048245858,0.1402874269558932,0.19174543183883994,-0.017043600323927058,0.18329264033033907,0.15638318851726618,0.2123648301268693,0.06021284442406429,0.3085650905781092,-0.0005635160716022682,0.07691939944685125,0.12226492762185211,0.31795536462066776,0.12995142879662053,0.27550093943366116,0.0596574206196636,0.05282240524345009,0.17182908303250757,-0.04181494290224499,0.18976810044627965,0.00912937594770834,0.09267878780295183,0.023664892128576417,0.3186843748273171,0.15151330877046107,0.11898469473365123,-0.03312369569137829,0.0036087164617243815,-0.011432287026175419,0.1597454374943999,0.08053439173236907,0.05642743916857361,0.23289290685241829,0.2053298390789752,-0.1595658646237917,-0.13421701882670617
90.5,0.25837263799840204,-0.0028580576755725833,0.20788345847725487,0.08262823904633898,-0.13062170289258018,0.2728346678975856,0.09862686909991265,0.2999673956590798,0.13957263739053954,0.20185943542258283,-0.05568840051791378,0.25073811370247057,0.25147615990198424,0.21504160628173855,0.1800075628630966,-0.10151424522812158,0.12470105497814703,-0.019367902929191265,0.2740247391644037,0.09930435647424117,0.23395283268018635,0.17348456175861876,0.3550992591490161,0.08634379360982052,0.0750555707274475,-0.11320458611761999,0.14886405408395584,-0.272889759187634,-0.15934440935292307,0.09665689256893768,0.20356497693904774,0.3106428366966084,0.15980846120250214,-0.12161804200619997,0.08210059784049625,0.08259331098317856,0.028196298499934845,0.042761885509048234,0.10343341996593769,0.0465560007839063,-0.0379002948150376,0.15257403659193008,0.19156633079998567,-0.04453827544774371,0.1937691780536311,0.16607421487961935,0.18448262151581513,0.02775264445276493,0.30225501328029347,-0.0454317458729144,0.03592233662220784,0.0647029701364329,0.3196636909557714,0.1295568880544462,0.2723752525534305,0.07172798719037819,0.03672656332774263,0.16108016085607035,-0.0854407214070855,0.139959626378824,0.014803543007741043,0.07603329199695749,0.019155960389204935,0.3187015200949816,0.1474972367614497,0.10901041197933137,-0.03527658436251653,-0.025605563394561603,-0.06562098480957884,0.13757769514477808,0.04061940412691604,0.0353055420318264,0.24283573855393303,0.16500539252048924,-0.20714536828000493,-0.1598335594566996
91.5,0.261328149200056,-0.018033355911365262,0.21971202275162377,0.0878600496858803,-0.17424199389724254,0.2893317357815863,0.10831602527917739,0.3020645761150894,0.09152130083626593,0.17905344822192354,-0.07518402038152186,0.26523588537941356,0.24364847438837067,0.22393810344282236,0.15725469957954435,-0.1334232472308376,0.11447079023094042,-0.06947008068696728,0.2805503275131475,0.09772996081798233,0.23679359349420742,0.14316937842378155,0.3681531773465197,0.10515075656010886,0.08715472971969004,-0.1478855821880387,0.12934128031120973,-0.3146558673840744,-0.19584101113725244,0.09990868845300746,0.2067610892557849,0.32522785693445844,0.12745558069834032,-0.13750903599155379,0.06575327113003399,0.040672556830070435,-0.01749246333048173,0.02903677627185075,0.06409831631053993,0.051229272786196454,-0.05135314133914489,0.16503796778242225,0.19146065223006442,-0.07037472000107096,0.20432163748133764,0.17591468846504132,0.15669759836736788,-0.0034861381943226805,0.2955612700641767,-0.0881993392930093,-0.0037808222126414623,0.008398154930559832,0.3210214596397824,0.12946437689996176,0.26901476010155795,0.08417529285369182,0.021530563267836277,0.15054016720360597,-0.1266173239508028,0.09063189640610828,0.021110971899967836,0.06007245382829356,0.015441311302794889,0.31835201757433335,0.14373072668075362,0.09948759147505822,-0.03644741232433324,-0.05326210173821144,-0.11725647577851142,0.11578154616222484,0.0019400333338210056,0.015168651186106507,0.25272613877578065,0.1249254750228433,-0.25088213713072005,-0.18298857395436435
92.5,0.2641336453300451,-0.032013511197526004,0.23155654795793015,0.093495251906739,-0.21453924516771625,0.3057205284578888,0.11831027136490083,0.30387284738355536,0.044367307150865336,0.1563776431978915,-0.09302534125951165,0.2796591917518446,0.23566535216699083,0.2328286079565419,0.13475975995676803,-0.1628428452881597,0.10466735106865524,-0.11709156586227835,0.2868966421108648,0.09658758635620078,0.23956368500521724,0.11322846199310559,0.38088466109411206,0.12419836198684508,0.09959174865831075,-0.17984964105347356,0.11022548869464865,-0.3517305283424389,-0.22911269590267694,0.10354211883430624,0.20998545170638022,0.33960896492627435,0.09559423225202668,-0.15146626825228554,0.050145195075448866,1.7895377312073662e-05,-0.06132201120364411,0.016215823149007318,0.025797233076102467,0.056430100915726866,-0.06346249171128368,0.1776487461700426,0.19142865667736392,-0.09440848172763686,0.21492287470341295,0.18587810782855832,0.12918670167313723,-0.03328898608777738,0.28850613116210166,-0.12851992931779185,-0.04187404803908158,-0.04608931786731838,0.3220196157515622,0.12967234855515766,0.2654298928198911,0.09696476785237226,0.007305163319378383,0.14025820759847255,-0.16503250636851208,0.04222110338378578,0.028020129015628958,0.04487693038372555,0.012522781279296272,0.31763235303986825,0.14022788711894682,0.09045779648716143,-0.03665502027102543,-0.07919346556528747,-0.16586164376078072,0.09448483087535459,-0.03520066363253357,-0.0038745323133498786,0.26253788038631,0.08539985558969936,-0.2904957054011045,-0.20360962959891027
93.5,0.2667789976089493,-0.04474597729553915,0.24338836106976197,0.09951187646048924,-0.2512575279556682,0.3219667123198778,0.1285805852881874,0.30538299800693813,-0.0014744057420602787,0.13396522143690723,-0.10914756055127543,0.2939756996512034,0.22755958357353961,0.24168897163841224,0.11265568728884856,-0.18962567587293697,0.09533411907546366,-0.16182048946093724,0.2930435519625153,0.09587785284238091,0.24225359971745922,0.08386348711655792,0.3932584756132611,0.14345214854161942,0.11233325486546616,-0.20892900495938965,0.0916232583863035,-0.3840270920711941,-0.2590063844486897,0.10754164233197076,0.21322748244867135,0.3537517860775684,0.06444708194043995,-0.16347692458889046,0.03535379824302217,-0.039041997565204344,-0.10292548267342057,0.004352720760368782,-0.011170977277175632,0.06213423047006911,-0.07419645187624288,0.19037605404499205,0.1914703474334193,-0.11652017498352399,0.22554574677368988,0.19593798496728274,0.10212716655387857,-0.0614614095717136,0.28111410201109377,-0.16609392398743023,-0.0780658066451688,-0.09822511265291166,0.32265010396347976,0.13017816046292144,0.26163216947161627,0.11006242285112303,-0.005887984640451405,0.13028181916887677,-0.20042862872924108,-0.00483978998889803,0.03549912115376632,0.030520407968172004,0.01039816398654855,0.3165402644223213,0.1370015385774657,0.08195919344289813,-0.03592192449119473,-0.10325675565337158,-0.21102663858903575,0.07381142752862527,-0.07052242948830131,-0.021727252128308915,0.2722447028149937,0.0467382805926587,-0.32580013210045405,-0.22165889978007267
94.5,0.2692544567278506,-0.05618984403625758,0.25517872226691946,0.105887491427291,-0.28421635534258677,0.3380354056660972,0.13909808530550805,0.3065866111165497,-0.045604024733362794,0.11194865496817438,-0.1235049715009153,0.3081527633415901,0.21936501596896898,0.250495029464684,0.09107298373531544,-0.21366711923389253,0.08651123367490318,-0.20330646450175632,0.2989711409535323,0.09559962017334386,0.24485401368813905,0.05527207574644014,0.4052389464694509,0.16287826912664727,0.12534635915381187,-0.23500605803267138,0.07363693234030136,-0.4115563362703562,-0.2854308268232306,0.11189094989932344,0.21647654079473858,0.36762142779314594,0.03423068239029411,-0.17354657340107668,0.021449023992519276,-0.07620253291393939,-0.14197691502997206,-0.006507106632412147,-0.04652544623402555,0.06831677947312528,-0.08353503528161435,0.2031896855363747,0.19158547231772755,-0.136616429904497,0.23616309855431963,0.20606783887599,0.07569371782555745,-0.08783243868402162,0.27341186301738624,-0.20067544463012776,-0.11209603175754393,-0.14751939174201323,0.322905938800508,0.13097811964185754,0.2576341711928181,0.12343480275477067,-0.017996705692276842,0.1206565910046193,-0.2326073511268834,-0.05013342579222395,0.04351585253976655,0.017068925460082016,0.009061497953457264,0.31507480151289,0.13406316845443167,0.07402631854229422,-0.034273802308241556,-0.12533531197506786,-0.25242078834049325,0.053879568422772264,-0.10377433621427028,-0.038305683610225114,0.2818203151898112,0.009243473497733799,-0.3567020868224146,-0.23713070308031675
95.5,0.27155068604585847,-0.06631564372276304,0.2668987982480814,0.11259928408101431,-0.3133102522013718,0.353891116834648,0.1498340295654227,0.3074761204159189,-0.08764828254929674,0.09045789280214742,-0.13607027381726933,0.3221573807633752,0.21111635399332834,0.25922260607626313,0.07013791057539868,-0.23490442835623981,0.07823532992869242,-0.2412695052800625,0.3046597484974334,0.09575006688825065,0.24735581306799834,0.027644279606612875,0.4167899874547703,0.18244331009864603,0.1385986091129795,-0.2580123097416235,0.05636336897951736,-0.4344136089564584,-0.3083533228592378,0.11657305190951042,0.21972195279132767,0.38118246173904835,0.005151342617779846,-0.18169723195932042,0.008492739131004366,-0.11119070603790296,-0.17819953338049538,-0.016326620908355665,-0.08000981794748305,0.07495236860410791,-0.09146951741546938,0.2160595010828384,0.19177352631498695,-0.1546299886096315,0.24674775045232872,0.21624118766565786,0.05005572018422214,-0.1122572622723653,0.26542818649038735,-0.2320765305821452,-0.14374177139317162,-0.19354338358587778,0.32278127544713753,0.13206753111015243,0.25344950816332273,0.13704893211483687,-0.028978472664281253,0.11142581025080264,-0.2614313432178576,-0.09327030328353093,0.05203815574059487,0.004580360282609375,0.0085033728724297,0.3132363829067425,0.13142289727898263,0.0666898978799479,-0.031738999151112085,-0.1453395084446671,-0.28979967807573376,0.03480026538603663,-0.13474011506666664,-0.053539583574066796,0.2912384030184473,-0.026795946777420792,-0.3831941927224207,-0.2500482497073686
96.5,0.2736587953581475,-0.07510494067477645,0.2785196386977741,0.1196241327599713,-0.3385047164310603,0.36949769168814994,0.1607598086373042,0.30804486666705094,-0.12727094285698504,0.0696185714783907,-0.14683347859307122,0.33595615709062365,0.2028489452000021,0.2678475242878914,0.049970749275957196,-0.25331438236229326,0.07053932849254255,-0.2755049339088031,0.31009001397834723,0.09632477519829306,0.2497501210110964,0.0011591940855478593,0.4278751410018458,0.20211411593922776,0.1520579357047886,-0.2779255100480332,0.03989280303724351,-0.4527634777687184,-0.32779427182927845,0.12157035895734766,0.22295303684661177,0.39439891669674837,-0.022598771917944703,-0.18796524740629036,-0.0034616862787193946,-0.1437712591368962,-0.21137156320514316,-0.02507713130675615,-0.11139785501627704,0.08201523485012671,-0.09800162175799038,0.228955382228223,0.19203375510299395,-0.17051901002226083,0.25727248776182704,0.22643154011224476,0.02537439357720777,-0.1346189148816706,0.25719382988617634,-0.2601684814411441,-0.17282119477428654,-0.23594248568101106,0.3222714804964351,0.13344074868724057,0.24909277849669037,0.15087225405270335,-0.038800384316347955,0.10263014017683372,-0.2868231242693721,-0.1339000337076336,0.06103389829349787,-0.006895915111924722,0.008711246729394601,0.31102684941972736,0.12908945606155858,0.05997672226023517,-0.028348064595648016,-0.16320665967908124,-0.3230071078336671,0.016675896666921687,-0.16324199784861676,-0.067372597254013,0.30047263885222153,-0.061112229121147055,-0.40534476679272824,-0.2604598579677707
97.5,0.2755703751593242,-0.08254973555748261,0.290012156608849,0.12693866931024717,-0.3598292891905019,0.3848182712213909,0.17184693234007464,0.30828715426795233,-0.16418161123142652,0.049550288969679536,-0.15580049125404755,0.3495152762931286,0.1945985533372942,0.27634561609409564,0.030684181893771544,-0.26890975819830076,0.0634522797874513,-0.3058841617516129,0.31524292504868084,0.09731782086132101,0.2520283249564873,-0.024018146925923533,0.43845763169133234,0.22185761995079017,0.16569259485789536,-0.2947652816759456,0.024307848866877695,-0.4668235036981382,-0.3438201892462168,0.12686475618796034,0.22615912947446995,0.40723428273521745,-0.048845124420501186,-0.19239909678151035,-0.014369624049054749,-0.17375115294574847,-0.24132927723318667,-0.03273811302368822,-0.14049780777802212,0.08947932943908572,-0.10314257992661394,0.2418471876565155,0.19236515947158372,-0.18426568695690276,0.2677100522050826,0.23661238737906234,0.0018002059809352044,-0.15482897935534912,0.24874140483093607,-0.2848804759966666,-0.19919578985815506,-0.27444489386764953,0.3213732019850518,0.13509122743457294,0.24457951913267634,0.16487256438699086,-0.047438965063150776,0.09430733561588217,-0.30876139557198784,-0.17172078357964385,0.07047106695902461,-0.017319205181504704,0.009669766518901581,0.30844951312242846,0.12707017443661534,0.05390957644388927,-0.0241333228050442,-0.17890011605012338,-0.35197221757835556,-0.00040099963238693955,-0.1891429063979325,-0.07976223310422832,0.30949669737981167,-0.0934645408583846,-0.423285278588412,-0.26843489593148584
98.5,0.27727753131511423,-0.08865172038239781,0.30134711314210183,0.13451933270998423,-0.37736861599485827,0.3998152601088988,0.18306701204144268,0.3081983074547719,-0.19814228425896369,0.030364999990956897,-0.16299146191831754,0.3628004814047939,0.18640112196925146,0.28469273665576394,0.012381845184627415,-0.28173495958510375,0.05699926287846806,-0.3323516571503939,0.32009986979054544,0.09872186630074317,0.2541821042544348,-0.04773945899174596,0.44850043335476875,0.24164068144756148,0.17947110556058238,-0.3085877151304537,0.009682673505100256,-0.47684848811984254,-0.3565358512005934,0.13243767111469237,0.22932961123121948,0.4196515273559981,-0.07343371592202444,-0.1950571973585158,-0.024195260808816225,-0.20098214204567685,-0.26796725513787,-0.03929689924989479,-0.16715533428258658,0.09731840080896303,-0.10691210848806607,0.2547047113421954,0.19276650069329848,-0.19587430831931632,0.2780331362818259,0.24675719569569726,-0.020529450747227125,-0.17282733911409592,0.24010522191217185,-0.30619583256391636,-0.22277073539683165,-0.3088652799840016,0.320084437954291,0.13701157714937726,0.2399261488540489,0.1790179424942362,-0.05487980601853978,0.08649200014913297,-0.32727540030510943,-0.20648625936143028,0.08031783169989329,-0.02665749701396316,0.011361086136263467,0.3055092011407156,0.1253709791593989,0.048507221146432716,-0.019128481046208335,-0.19240766541138105,-0.3767025407137524,-0.016348690102402138,-0.2123469643355901,-0.09067953062656098,0.3182842753287971,-0.12364395822818441,-0.4371968246590927,-0.27405967634770245
99.5,0.278772920028297,-0.09342142186112802,0.3124951076621563,0.14234241451625862,-0.3912524109742833,0.41445030699769625,0.19439173961280157,0.3077747256551582,-0.2289712703724943,0.0121655863678069,-0.16843899165923754,0.3757770641341658,0.17829253145259627,0.2928647817152073,-0.004842894966038607,-0.29186114877742064,0.05120133818585818,-0.3549187477662552,0.32464269276297875,0.1005282554800293,0.2562034581074566,-0.06987536599654473,0.45796635021507903,0.2614299298473468,0.1933621858102615,-0.3194793783678228,-0.003917640508749941,-0.4831161733324641,-0.36607617488775895,0.13827013496613025,0.23245393289188673,0.43161312429225757,-0.09623329463805316,-0.19600580221925873,-0.032911507900913094,-0.22536141321730468,-0.2912360841730896,-0.04474826570520145,-0.19125487741079794,0.10550606349597799,-0.10933734244727289,0.26749764363808304,0.19323630683096754,-0.20536891449478936,0.2882143809845881,0.2568394006483051,-0.041492210699620384,-0.18858107177930067,0.2313211116156438,-0.32414643166281476,-0.24349357539485866,-0.3391036069297252,0.31840460266776066,0.1391936162599549,0.23514990339349806,0.19327668028748815,-0.06111707133724455,0.07921538825817029,-0.3424379338290087,-0.23800983332267842,0.09054259144751331,-0.03488731107852659,0.013765175911642244,0.3022122932746246,0.1239964024030383,0.04378442485927876,-0.013368278423078101,-0.20373938765375602,-0.3972740541537454,-0.03109694470527218,-0.2327984351302829,-0.1001084580647698,0.32680911661231515,-0.15147713222002096,-0.4472967367664257,-0.2774334930739516
100.5,0.2800497829672317,-0.09687727048741342,0.3234265735751409,0.15038409683065665,-0.40164515650823984,0.42868429739008296,0.2057928640763637,0.3070139374403431,-0.25654437279633957,-0.004955351627137542,-0.1721862767760352,0.3884098644973103,0.17030835253168447,0.3008377088702704,-0.020907912626776336,-0.29938120109708694,0.04607555173524889,-0.3736551145120345,0.32885375490195035,0.10272710917547248,0.2580847337618515,-0.09031695105428367,0.4668181124994419,0.28119161610707855,0.2073346876194982,-0.3275511547177477,-0.016437530870366118,-0.48591499276957356,-0.3725983413948366,0.1443428377334268,0.23552164196721762,0.4430810955643759,-0.11713678860093275,-0.19531703825125696,-0.040499762711244,-0.2468304038788102,-0.3111379254546255,-0.04909392853187955,-0.21271952739172173,0.11401585391449176,-0.11045176132343962,0.28019553602653435,0.19377287998512943,-0.2127906959604199,0.29822637738822383,0.26683240374590456,-0.060982239286830095,-0.20208261999130425,0.222426222375622,-0.3388058974432558,-0.26135144048122927,-0.3651396715753295,0.3163345895784463,0.1416284255839368,0.23026876291624232,0.20761721048683707,-0.06615289628722293,0.07250525443606969,-0.3543576328879641,-0.26616569670733303,0.1011140036891089,-0.041993412927632395,0.0168601191804458,0.29856675252265436,0.1229495991428496,0.03975204149291036,-0.006888175588978508,-0.21292512099147679,-0.4138194098077535,-0.044587458373962996,-0.25047929757712095,-0.10804508522377573,0.33504504306571875,-0.1768284738446916,-0.45382617366936484,-0.27866494153750415
101.5,0.28110198240389683,-0.09904463052447886,0.33411178055865365,0.15862048346623198,-0.40873621669246135,0.4424773599395633,0.21724216692913037,0.3059146524915576,-0.280793476833217,-0.020916447589539523,-0.1742852629631552,0.40066328114819444,0.16248360004051202,0.30858756309393104,-0.03574301078200526,-0.3044047540355695,0.041634987530240974,-0.38867890435892194,0.3327159972069347,0.10530741943533613,0.25981865486816397,-0.10897665874869238,0.4750184868582753,0.30089147198266825,0.22135753219460322,-0.33293225424065354,-0.027831186668665252,-0.48553412757155795,-0.37627453847008163,0.15063617717692523,0.23852240955604698,0.45401706740050135,-0.1360619361722848,-0.19306712640369228,-0.04694954007637519,-0.2653720478067134,-0.32772049330676395,-0.05234197707419626,-0.2315095070681173,0.1228212741078244,-0.1102941385316372,0.2927677702751482,0.19437430444901843,-0.21819527597954372,0.30804167261396626,0.27670957183178607,-0.07891124981287703,-0.21334740309382605,0.21345879724341624,-0.3502821334121541,-0.27636713877595415,-0.38702432432923317,0.31387683003369393,0.14430640144844742,0.22530137213555382,0.22200803534266153,-0.06999670454210861,0.06638574999431823,-0.3631711115119802,-0.29088720622677805,0.11200099989183276,-0.04796840546001689,0.02062239222467623,0.2945821475828671,0.12223237286074011,0.03641712899662171,0.0002759148642391746,-0.22001169775202056,-0.42651547936931894,-0.05677399705379669,-0.2654057437683903,-0.11449658140701217,0.34296599119392485,-0.19960082248341005,-0.4570392519639082,-0.27786861980752475
102.5,0.2819240361847884,-0.09995482256150456,0.3445208437543857,0.16702762504218538,-0.41273085501636686,0.45578888697421,0.2287114370677148,0.30447681095392065,-0.30170289450768195,-0.035648242043174495,-0.1747948686601266,0.4125012930668098,0.15485249027622494,0.31609050685835444,-0.04929032002429602,-0.3070535621797422,0.03788886365283942,-0.40014633829244106,0.3362130081841213,0.10825714216755108,0.2613983498917033,-0.1257885475391889,0.482530401978362,0.3204945775984943,0.23539964629327517,-0.3357646597541556,-0.03806258006752466,-0.4822558633232029,-0.3772855690424501,0.15713030213164178,0.24144605760685187,0.46438234058502487,-0.152951139504522,-0.18933480813166553,-0.0522579953095076,-0.28100678480217256,-0.34107003939463276,-0.05450626270854072,-0.24761950183145737,0.1318958245708432,-0.10890753902296653,0.30518353262692377,0.1950384557225324,-0.22165000079457506,0.3176327806862287,0.2864442399094764,-0.09520901490961034,-0.2224110444141399,0.20445793123246864,-0.35870974648090187,-0.2885944747602079,-0.4048684930578393,0.31103534671091493,0.1472173077169185,0.2202669535016993,0.23641765681711413,-0.07266447167815344,0.06087736707639041,-0.36903540706007665,-0.3121628220434184,0.12317278866157325,-0.052812223624209266,0.02502712480469758,0.29026966638334895,0.12184520876734883,0.03378310346813823,0.0080878585789108,-0.22506009503080132,-0.43557116811130153,-0.06762228150023657,-0.27762392142701586,-0.11948008984519405,0.3505460552939994,-0.21973467591478174,-0.4571939993234827,-0.2751622649497334
103.5,0.2825111523324404,-0.09964416581431189,0.3546237404754094,0.17558153862731604,-0.41384245776795414,0.46857757003787714,0.2401724461619475,0.30270162954467006,-0.3193039645298046,-0.04909356675212018,-0.1737793232186015,0.42388749326063957,0.14744820563000455,0.32332285522182574,-0.06150441028373804,-0.3074573055199062,0.03484266692141281,-0.4082415528672695,0.3393290949621976,0.1115632869565039,0.262817380494366,-0.14070792814931693,0.48931708970056464,0.3399652379503676,0.24942990066605825,-0.3361981824757232,-0.04710531114006834,-0.47635006264147695,-0.3758154517870379,0.16380515053111447,0.24428258658382895,0.4741379757619767,-0.16777061055058562,-0.18419998832288298,-0.05642936192998811,-0.2937877146430413,-0.3513039079621309,-0.055605763665604366,-0.26107510931382266,0.14121302732872998,-0.10633838425819568,0.31741179371323863,0.1957630102964191,-0.223231338257008,0.3269721987349107,0.2960097178926365,-0.10982338412208874,-0.22932638484923004,0.19546331197400307,-0.3642427926221045,-0.2981131512527835,-0.4188311438139077,0.3078158006652687,0.15035032634241915,0.21518521401136975,0.250814509168646,-0.07417796028234773,0.05599692824468101,-0.37212107536509836,-0.33003019248075155,0.13459884843590816,-0.05653155444353455,0.030048339319564788,0.28564211975340903,0.12178731365599285,0.03184992290857733,0.016511492047970335,-0.2281426251690958,-0.4412162108307924,-0.07710963235195248,-0.2872052441432015,-0.12302152836228011,0.357759537325368,-0.23720615744665405,-0.4545451923602818,-0.2706643440665298
104.5,0.28285926304466935,-0.09815306233812945,0.3643903349470131,0.1842582227120281,-0.4122860986590581,0.48080145120396234,0.25159692525019517,0.3005916436724961,-0.3336684748718795,-0.06120764409987267,-0.17130665218370184,0.43478513513549577,0.14030266996586077,0.33026111615482107,-0.07235213124515252,-0.3057499388931436,0.03249832043977487,-0.4131672295569765,0.34204935799362246,0.11521200336507668,0.2640697697162209,-0.15371045484495582,0.4953422420078982,0.35926686898965215,0.2634170514411706,-0.33438622325368994,-0.054942284661611406,-0.46807046807414554,-0.372047042569826,0.17064048261715462,0.24702220353695692,0.48324489421821504,-0.18050891387053986,-0.17774259402236187,-0.05947432752081633,-0.30379527616575075,-0.35856315157355445,-0.055663943901012744,-0.27192870446049755,0.15074644044098226,-0.10263559795596908,0.3294212947605378,0.1965454561049816,-0.22302246129263975,0.33603242903536246,0.3053793017292552,-0.1227198437674841,-0.23416043750144072,0.18651494682705433,-0.36704815916693695,-0.305023575162231,-0.4291071787353816,0.3042255309313415,0.1536941061387782,0.2100762462956856,0.26516689485394174,-0.0745639495596164,0.05175761898407523,-0.37260614933104197,-0.34456901218088837,0.14624891140546697,-0.05913920517346588,0.03565916741379031,0.28071393436421604,0.12205666146801827,0.030614294583188085,0.025510780075829752,-0.22934026605279967,-0.4436914061077739,-0.0852244079189464,-0.2942415660324863,-0.12515436190641765,0.36458100387498055,-0.25202396481994993,-0.4493389821257714,-0.26449209194251366
105.5,0.28296505785599757,-0.09552514030753709,0.3737904115824925,0.1930336681302111,-0.4082734493418063,0.4924179908643495,0.26295654329728696,0.2981507448729833,-0.3449014732070741,-0.0719579175709477,-0.16744732966857062,0.4451571920955616,0.1334463380261757,0.3368820364210756,-0.08181220761933858,-0.30206661912627314,0.030854378142998757,-0.4151363719078443,0.3443597692338652,0.11918866313137469,0.2651500298443198,-0.16479075961722484,0.5005701842513054,0.37836189408406407,0.27732968525041535,-0.3304822695294994,-0.061565242427368314,-0.4576525093920497,-0.36615863363611684,0.17761590985795567,0.2496553505683492,0.4916639946131725,-0.19117503318093534,-0.17004163995552612,-0.061409370398437434,-0.31113179794493384,-0.3630055897288124,-0.054708121730579,-0.2802550068654327,0.16046966514065375,-0.09784984094308274,0.3411805407275093,0.19738310350748517,-0.22111106846429301,0.34478600734677833,0.3145262893580236,-0.1338806753523833,-0.2369914140310716,0.1776528800678179,-0.3672997814950366,-0.30944183242796724,-0.43591605506308834,0.3002735855820231,0.15723680952285474,0.204960424745032,0.27944292456754205,-0.07385347920404703,0.04816905959847631,-0.3706710645271774,-0.3558932722967041,0.1580929402603218,-0.06065344126282994,0.04183204346649373,0.27550113411602617,0.12265004371971858,0.030069900019504704,0.03504994080815358,-0.2287402048748476,-0.4432405119375117,-0.09196527153641311,-0.29884047053928586,-0.12591838682675308,0.37098535053508985,-0.2642255830583412,-0.44180911089002484,-0.25675996753486874
106.5,0.2828260156681304,-0.091806468560784,0.38279371727153183,0.2018838656187416,-0.40200894849789537,0.5033841526518044,0.2742228883875478,0.2953842127926733,-0.3531339718713796,-0.0813236397022791,-0.16227310718444604,0.4549664309784031,0.12690800186899548,0.34316265321566536,-0.08987462348125046,-0.29654120607570605,0.029906240292336995,-0.414365413497093,0.3462472536448303,0.1234779378144188,0.26605318980686277,-0.17396073322150754,0.5049660650276374,0.3972116517224993,0.2911361688516718,-0.32463710815591357,-0.06697417768582829,-0.4453122917649147,-0.35832144013804385,0.18471092010807458,0.25217273362069814,0.4993562861331857,-0.1997960988297059,-0.16117448602793155,-0.06225607808975723,-0.31591620909535945,-0.36479957576762434,-0.052768861349334215,-0.28614660589789365,0.1703563467982765,-0.09203283899702075,0.35265780091491267,0.19827309666215345,-0.21758747196484757,0.3532055380193314,0.32342400189049136,-0.1433037831182885,-0.23790592507800304,0.16891690417361643,-0.36517378810224554,-0.3114950323493776,-0.43949166135336143,0.2959707431666674,0.16096615708662804,0.1998582975740824,0.2936104622235395,-0.07208112382215628,0.04523741228995142,-0.3664945664679141,-0.3641434511568226,0.17010109917079838,-0.06109731389512565,0.0485388749886853,0.270021309306863,0.12356312383504556,0.030207631879975057,0.0450935412489893,-0.2264336436719844,-0.44010383883539034,-0.09734032814732609,-0.30112086588374487,-0.12535855990704953,0.3769478739924062,-0.27387305013518976,-0.43217447461653363,-0.24757848892670134
107.5,0.28244043534945995,-0.0870448501957066,0.39137001312674646,0.2107848107223794,-0.39368708594287233,0.5136565061010897,0.28536745219167153,0.2922987409253227,-0.3585159588261403,-0.08929525175434436,-0.1558560195893332,0.46417549981324974,0.12071461694456662,0.3490803518120137,-0.09653983515421342,-0.28930430456457445,0.0296463840797358,-0.41106869596025764,0.3476997737915789,0.128063871578077,0.2667748219527536,-0.18124756182772278,0.5084960631360691,0.415776315392881,0.30480460398328774,-0.3169966996047426,-0.07117665975601495,-0.43124646999884514,-0.3486978575272289,0.19190489956706785,0.2545653515588124,0.5062830385326738,-0.20641491217178007,-0.15121626836389018,-0.06204046635456053,-0.31827912896997773,-0.36411862668494266,-0.04987939767611107,-0.28970965325877013,0.18038017087582275,-0.08523680390379391,0.3638211176356747,0.19921242513515855,-0.21254296477529855,0.3612637363044421,0.33204581038045106,-0.15100126928243718,-0.2369964279448315,0.16034626952661274,-0.3608445850315756,-0.3113171553740838,-0.4400737498286773,0.29132952352717706,0.16486946989497026,0.19479047575429329,0.30763707571710974,-0.06928431071921028,0.04296551870920856,-0.3602505495467735,-0.36947908475349556,0.18224372037888842,-0.060497994453891056,0.055751190412902586,0.26429357289257294,0.12479049455110117,0.03101583731764948,0.055606566259717494,-0.22251389245975686,-0.43451344313310336,-0.10136617017560776,-0.30120902030777674,-0.12352389797144347,0.38244435205645916,-0.28104854511742505,-0.42063777368069966,-0.23705339963660416
108.5,0.28180746459019046,-0.08128919907501261,0.3994891361109828,0.2197125067254982,-0.3834906313682686,0.5231913476075113,0.29636161830938185,0.2889024553175472,-0.3612100146149231,-0.09587359450560809,-0.1482675621186999,0.4727470303651212,0.11489114997200808,0.3546129293591763,-0.1018178546708149,-0.28048179544532226,0.030064603747264836,-0.4054542516923303,0.34870641725258567,0.13292994892679993,0.26731106805746024,-0.18669162491517596,0.5111276120651133,0.43401482671946673,0.31830278814321583,-0.3077006384859009,-0.07418709677028026,-0.4156327560357852,-0.3374403638024625,0.19917715207590206,0.25682452544546286,0.5124059495067848,-0.2110873922959909,-0.14023948362563854,-0.06079231478366649,-0.3183584831690573,-0.36113697597862343,-0.04607510235379482,-0.29105988010406886,0.19051485499751936,-0.0775139450604934,0.37463832347475473,0.20019793559036048,-0.20606846392747363,0.36893347830062273,0.34036516853729026,-0.15699783744536996,-0.23435896735302775,0.15197939703455443,-0.3544818304418191,-0.30904547820432954,-0.4379010245858064,0.2863641869590846,0.16893370951375003,0.1897775199160155,0.3214899941282207,-0.06550269037945063,0.041353062962618474,-0.3521057359508001,-0.37207203121072496,0.19449126763816654,-0.05888613048674923,0.06344026512193837,0.25833850335917147,0.12632573752928405,0.03248056289710695,0.06655446401757663,-0.21707475707487783,-0.4266897408327367,-0.10406687100135721,-0.29923511507406714,-0.12046646675361299,0.38745113183823193,-0.285850030617871,-0.4073850075191355,-0.2252851170388209
109.5,0.2809271266530255,-0.07458899989607705,0.4071210709374851,0.2286429662914987,-0.3715896323425464,0.5319448402021562,0.30717665508278225,0.28520492544169,-0.3613857245325883,-0.10106899198351904,-0.13957802766636876,0.4806437558740303,0.10946045026554481,0.35973866499431395,-0.10572724580345153,-0.27019379380569714,0.031148255053113933,-0.39772075891730435,0.349257486449898,0.1380591573188757,0.26765866435149416,-0.190344350494405,0.5128296424773479,0.4518848428959963,0.3315981820194243,-0.29688111572600306,-0.07602596314864032,-0.39863085306126034,-0.3246909428456636,0.2065069163012919,0.2589419279150448,0.5176873298697535,-0.21388005340491115,-0.12831370586863963,-0.05854453203285452,-0.31629572791810406,-0.35602603659052634,-0.041392996301272314,-0.29031904351097004,0.20073413819606664,-0.06891606680318327,0.38507706768636574,0.20122634342026485,-0.19825341590386358,0.37618785892062784,0.3483556517151339,-0.16132910132723638,-0.2300912312308287,0.14385359820816448,-0.3462482113850335,-0.30481759983740353,-0.4332058362761765,0.28109072084401404,0.1731455158104488,0.18483982629809934,0.33513607218007385,-0.060777565872953354,0.04039675493511854,-0.34221808073465015,-0.37210062116213183,0.20681429763821554,-0.0562952348669684,0.07157722686455102,0.25217807387097013,0.12816148438151898,0.03458579672592234,0.07790317084976012,-0.21020921431665623,-0.4168393222181065,-0.10547296101140986,-0.29533034617627163,-0.11624047114233096,0.3919452262098204,-0.28838713286642614,-0.392585596263191,-0.2123684148253624
110.5,0.2798003446659691,-0.06699384984601717,0.4142360326007789,0.23755221252334313,-0.3581410157327733,0.5398731726424858,0.31778371341515604,0.2812171664702823,-0.3592149771185399,-0.10490024983101202,-0.12985599031264192,0.48782864438153817,0.10444314561142676,0.3644363963578945,-0.10829407244176512,-0.25855396896551974,0.03288249944649294,-0.3880555017909914,0.3493445903915927,0.14343404468220958,0.26781496541487754,-0.19226610974646555,0.5135728431031794,0.4693426995957764,0.3446578842524963,-0.28466229655504194,-0.0767190160064171,-0.3803836540428054,-0.31058091482152755,0.21387338132328243,0.2609096125487978,0.522090307001154,-0.21486760013519585,-0.11550541585032026,-0.055332560873526226,-0.31223271017038506,-0.3489517100034001,-0.03587131203417382,-0.28761185966267677,0.21101176833079577,-0.05949424515575389,0.3951048522458208,0.20229424419077252,-0.18918494278399692,0.3830002582462706,0.3559910024646457,-0.1640398685587929,-0.22429092409473567,0.1360048071602752,-0.33629791429762673,-0.298769053622968,-0.4262103356847697,0.2755268128738759,0.17749124262587754,0.17999751292497274,0.3485417626004064,-0.05515138462574246,0.040090528833189934,-0.33073578199133336,-0.369744779347954,0.21918342046808997,-0.05276111699446787,0.08013314192280926,0.24583556747648,0.13028947832693502,0.03731370403602374,0.08961911818053135,-0.2020083565268073,-0.4051537387665437,-0.10562041663811501,-0.28962456883122584,-0.11090145314641844,0.3959044186429774,-0.2887773908215724,-0.376392946339125,-0.198392294817371
111.5,0.27842896307439813,-0.058553077944311326,0.42080455986697646,0.24641628011862324,-0.34328864475788373,0.5469327383039493,0.3281538302013401,0.27695163220809527,-0.3548681612939645,-0.10739360775800808,-0.11916791940996156,0.49426504795404175,0.0998575632368962,0.3686856025603292,-0.10955083526611539,-0.2456691623402727,0.03525054382567659,-0.37663315767887656,0.34896073776906233,0.1490367719441273,0.2677779667342669,-0.19252421688415947,0.513329940394277,0.4863433904389739,0.3574486142227683,-0.271160032905721,-0.07629652163140255,-0.36101858206586807,-0.29523107351480793,0.22125570113586573,0.2627200431309381,0.5255790470565855,-0.21413070584177135,-0.10187792392473649,-0.05119383039724982,-0.30630914876380333,-0.3400724464754067,-0.029549107093721987,-0.283063441643766,0.2213214885933193,-0.0492985767866382,0.40468907804930776,0.20339812481533226,-0.17894720341326303,0.3893444165769875,0.3632451829429183,-0.16518245905144002,-0.21705444589514303,0.1284673287477593,-0.3247756741205103,-0.2910314635356973,-0.4171238847635045,0.26969181015211274,0.18195699146486508,0.17527030719871153,0.3616730971206962,-0.04866729360332102,0.040425752042744,-0.3177967784278327,-0.3651821185980827,0.23156926013570356,-0.04832136226117778,0.08907908353435234,0.2393354783931468,0.13270063581783376,0.040644853083983135,0.101669224209553,-0.192560580962513,-0.3918090460989156,-0.1045496875862117,-0.2822444523166471,-0.10450559907659289,0.39930737643351977,-0.2871429562380665,-0.3589453117625952,-0.18344000809607666
112.5,0.27681576585975987,-0.049315436796151045,0.4267976200094865,0.2552112173024134,-0.32716370581922327,0.5530803343789706,0.33825793790025027,0.2724221979985894,-0.34851121703020255,-0.10858168163985885,-0.10757790784212688,0.49991686817784126,0.09571967586770316,0.3724664936127021,-0.10953542763760038,-0.2316392438825166,0.038233872427461305,-0.36361523986393873,0.34810043066469165,0.15484916076079774,0.26754632569264464,-0.19119108299655124,0.5120759971700409,0.5028405641283642,0.3699367035715708,-0.25648183672211017,-0.07479250962791109,-0.34064898316478737,-0.27875204594032177,0.22863300854541277,0.2643661226768384,0.5281189964393523,-0.21175401735904367,-0.08749136941562138,-0.04616726014481476,-0.2986606925984963,-0.329537946652633,-0.022465928365363916,-0.2767972293537769,0.23163702393075356,-0.03837799252379425,0.4137971017807766,0.20453437438589153,-0.16762094193372365,0.39519451843020864,0.3700924344600292,-0.16481510578075415,-0.20847585396758223,0.12127360670699414,-0.31181629017607015,-0.2817311863219668,-0.4061415042981822,0.26360666355658374,0.1865286433167352,0.17067743609761638,0.3744956767779429,-0.04136875711070318,0.04139143970470327,-0.3035286266195147,-0.3585849473942578,0.24394241604096364,-0.04301486355987417,0.09838618417857062,0.2327033995745539,0.13538510743551307,0.04455842885133439,0.11402087270576935,-0.18195099559324848,-0.3769659109870268,-0.10230478199096973,-0.27331209567763415,-0.09710915360331243,0.40213377226372876,-0.28360778338969206,-0.34036683542134655,-0.1675891906763089
113.5,0.27496449113747445,-0.03932886056734346,0.43218672504171873,0.26391308919478995,-0.3098853218746138,0.5582733819262014,0.34806688082864995,0.26764413302488504,-0.34030345722735844,-0.10850242582461549,-0.09514749833827492,0.5047487382133874,0.09204307234864118,0.3757601062637733,-0.10829013601092179,-0.21655715427817404,0.04181246795950379,-0.3491500404251048,0.3467597580672572,0.1608527366947793,0.2671193807712201,-0.1883425564306689,0.5097887302987557,0.5187865403047226,0.38208809713276826,-0.24072705028882507,-0.07224406868536956,-0.3193755092382908,-0.26124480495073443,0.23598442894089827,0.265841222115146,0.5296771430474811,-0.20782441046912953,-0.07240278126640538,-0.04029281868997943,-0.28941749374532144,-0.31748839210721963,-0.014661525828784095,-0.2689333776737183,0.2419320681616571,-0.026780127712378133,0.42239630389354027,0.20569929464362885,-0.1552831959588444,0.40052528569832974,0.3765073444047432,-0.16300047375921878,-0.19864607941131912,0.11445401515913123,-0.2975445063441381,-0.27098837312372215,-0.3934431420540408,0.25729385691677004,0.1911918887983774,0.1662375201355256,0.3869746721923636,-0.03329923486128619,0.04297447081451226,-0.28804866374229604,-0.35011809456104714,0.2562734263187928,-0.036881406612585294,0.10802567337319018,0.22596589703610528,0.1383323375514316,0.04903243262196766,0.1266418811354802,-0.17026101166250387,-0.3607701200921449,-0.09893242390955947,-0.26294404573509605,-0.08876793546397228,0.404364413954107,-0.2782953123086868,-0.3207686830416604,-0.15091208428742928
114.5,0.272879841731382,-0.028640282572685825,0.4369440596523636,0.272497983226994,-0.29156131042502936,0.5624701673740274,0.3575514387468439,0.26263406149535834,-0.3303960584347315,-0.1071981406146596,-0.08193559249927727,0.5087262217761996,0.08883895183137604,0.3785484061348661,-0.10586070441321586,-0.20050908734396194,0.04596501968742639,-0.33337293950269353,0.3449364882665362,0.1670287681406625,0.2664971687348036,-0.1840564677985967,0.506448847184475,0.5341323450807323,0.39386836397017794,-0.22398715976840622,-0.06869069432378357,-0.2972874496192721,-0.24280127979500135,0.24328909438913046,0.2671392085221689,0.5302222978139122,-0.20242950414295685,-0.05666618676671466,-0.033611137303258314,-0.27870322459717156,-0.30405409804139694,-0.006175613339824985,-0.2595875556772264,0.2521802724704458,-0.014551241914746504,0.43045416819325305,0.20688911009914507,-0.14200713792871716,0.4053120801089231,0.38246492080717837,-0.1598043214807613,-0.18765236610074226,0.10803667627234252,-0.28207516581593767,-0.2589163825498598,-0.3791935647261513,0.25077732075718984,0.19593225677773018,0.1619684722340677,0.39907483448371234,-0.02450191692417334,0.04515980211975505,-0.27146437638435444,-0.33993743558690265,0.26853273385622234,-0.029961309136061615,0.11796890263545252,0.2191503716380266,0.14153112218951203,0.05404386606141888,0.13950046012374415,-0.15756809385096243,-0.34335335855662785,-0.09448129259772117,-0.2512506558922158,-0.07953694758606325,0.40598138215694063,-0.27132662350774644,-0.30025020629257615,-0.13347581792435875
115.5,0.2705674913460564,-0.017295505706212223,0.4410426210006002,0.2809420172110958,-0.27228902309541386,0.5656301061727544,0.3666823582858723,0.2574099123556201,-0.3189311112443381,-0.10471454414398063,-0.06799842839088603,0.511816029396714,0.08611614013017445,0.38081439597333927,-0.10229547695028715,-0.18357477440493505,0.05066911677850535,-0.3164069701912045,0.34263015907146643,0.17335830133975497,0.26568043957155546,-0.17841138543966945,0.5020404004914859,0.5488277671078899,0.40524271916998095,-0.20634620788113792,-0.06417369563452817,-0.27446398569076946,-0.22350502210680917,0.2505261584999278,0.2682544727934964,0.5297253970119821,-0.1956564288628559,-0.04033275708466482,-0.026163177743671818,-0.26663446638390526,-0.2893554920015772,0.0029523266264912537,-0.2488701029640496,0.26235523593096644,-0.0017361808651013126,0.4379383734382243,0.20809997784081063,-0.12786202528023413,0.4095310150630186,0.3879406747534197,-0.1552943187984685,-0.17557789988332004,0.10204730622058418,-0.26551356466213905,-0.24562148002404366,-0.3635427040950719,0.24408233057272524,0.20073514163093642,0.15788740251789316,0.4107605174724379,-0.01501951136429459,0.04793067659896747,-0.2538739106124378,-0.3281890000819165,0.2806906558242347,-0.022295112503583916,0.12818735923489105,0.21228490931603067,0.14496966469452174,0.059568898928163506,0.1525651660805983,-0.14394564061121515,-0.3248341550663406,-0.08900134867317602,-0.23833572574932127,-0.06947007315247748,0.4069681756320741,-0.2628190247026355,-0.2789000906189934,-0.11534273048386305
116.5,0.26803408595111283,-0.005339119073889573,0.4444563704708461,0.2892213506126463,-0.25215621983898495,0.5677140293887997,0.3754303927650312,0.251990857293778,-0.30604112380628923,-0.10109992234055643,-0.05338961397206619,0.5139862523349551,0.08388112650632254,0.38254222976090835,-0.09764462720829367,-0.16582783942322188,0.0559014257149952,-0.29836355040295326,0.33984216471231093,0.1798221918569035,0.26467066895020264,-0.17148557762168476,0.49655116003466765,0.5628214349072392,0.4161760570498849,-0.18788127055540654,-0.05873566506292336,-0.2509753545846088,-0.20343189543613258,0.2576748124882125,0.2691819566550048,0.528159825726233,-0.18759083501796822,-0.023450980168120854,-0.017989952067260704,-0.2533203994476093,-0.2735033354913376,0.012683197779684638,-0.2368854875495489,0.2724304986405035,0.011621625873494457,0.44481689738505964,0.2093279970957989,-0.11291323765138092,0.413159076872594,0.39291071086741675,-0.1495390264438981,-0.16250159663811065,0.09650909088355128,-0.24795594219290576,-0.23120276389198852,-0.34662631724821835,0.23723538986843523,0.2055858293156617,0.1540105300144102,0.4219957118071426,-0.004894079974401995,0.051268823825810814,-0.2353666718522612,-0.315008544664998,0.2927173574542074,-0.013923323518321346,0.13865267030862352,0.20539812100344085,0.1486356288661376,0.0655830199934512,0.16580484862622,-0.12946296974866217,-0.30531891497051045,-0.08254324858497439,-0.22429636593311314,-0.05861984849424214,0.40730986360464777,-0.2528850198871107,-0.25679745831948,-0.09657071890597826
117.5,0.2652872400284025,0.00718554550826985,0.4471603974268312,0.29731219953278326,-0.23124194395063422,0.5686844941442593,0.38376635091990613,0.24639723696286858,-0.2918488805090372,-0.09640436561652231,-0.03816020513347168,0.5152066145437126,0.08213811887954835,0.38371733234886907,-0.09195947897561421,-0.1473361998847948,0.06163785105543422,-0.2793433129527714,0.3365758381693043,0.18640113291716703,0.2634700679867491,-0.16335617061023203,0.48997300018145273,0.5760609160970962,0.4266329963804826,-0.16866297017311793,-0.05242001272178833,-0.2268839162622136,-0.1826507651673727,0.2647143028538026,0.2699171789164529,0.5255017627613745,-0.17831612112708858,-0.0060668532184246496,-0.009132291433605952,-0.2388627318186086,-0.25659911908782784,0.02297840811279411,-0.22373201169013965,0.2823795380317946,0.025480137492198286,0.4510581336572269,0.21056921862654301,-0.09722238213117138,0.4161742553481164,0.397351826030206,-0.14260703538449224,-0.1484980201618376,0.09144259204218383,-0.22949005878164278,-0.21575226595497804,-0.3285668492199002,0.2302640984590573,0.21046952244709063,0.15035310209572708,0.4327440916252357,0.005833082751377715,0.05515465004728509,-0.21602397490594857,-0.30052148630421033,0.3045828308371453,-0.004886203146529466,0.1493365988333398,0.19851897375224023,0.15251618928364827,0.07206117112507504,0.17918859430664394,-0.11418538721809494,-0.2849029840273333,-0.07515784586380572,-0.20922303863412353,-0.0470373035757386,0.40699324455846453,-0.24163160677235637,-0.23401290869673827,-0.07721359976464175
118.5,0.26233552735123117,0.020236423052589988,0.44913109492242514,0.30519085588361483,-0.20961737456203275,0.5685061189145053,0.39166115500163456,0.2406504755211154,-0.2764675697431399,-0.09067909653261731,-0.0223588186673871,0.5154487430375544,0.08088911527867111,0.384326524158614,-0.0852919190242832,-0.12816249399652543,0.06785367928387223,-0.25943698219044353,0.3328365275357815,0.193075681017327,0.2620815901057768,-0.1540984869211019,0.48230230030810733,0.5884928390181046,0.43657793821693625,-0.14875600470536252,-0.04527056466524075,-0.20224512396333133,-0.1612241726708562,0.27162395107345777,0.2704562608438629,0.5217305470154555,-0.1679128580464006,0.011775911586204729,0.0003693397149763183,-0.22335581039069505,-0.23873557481934699,0.03379995512701705,-0.2095017162975704,0.2921757688864137,0.03979865006335054,0.45663102178824105,0.21181965405799255,-0.08084745035382293,0.41855568360477413,0.4012416164894721,-0.13456625890364188,-0.1336374038267863,0.08686568412154777,-0.21019582297795716,-0.199355181801614,-0.3094744120698555,0.22319700682683097,0.21537136456095465,0.14692932236149722,0.44296907433694555,0.01712153227942267,0.059567416300423504,-0.19591971438466288,-0.28484310495927306,0.3162568794299171,0.004776401446693129,0.1602110328668958,0.19167661482293283,0.15659807865051603,0.07897786482398475,0.19268566793389036,-0.09817432013001444,-0.2636717022912557,-0.06689577536607824,-0.19319973112952057,-0.03477186105195015,0.40600701065239475,-0.2291598485903931,-0.21060948545166194,-0.05732147520852145
119.5,0.25918846600491635,0.03377269639045178,0.45034634723993683,0.3128337111785659,-0.18734664141749055,0.5671459447690632,0.39908590867987376,0.23477298376719052,-0.26000110778553187,-0.08397588902891277,-0.00603177188987031,0.5146864570057076,0.08013398922071595,0.3843581504086785,-0.07769389974007174,-0.10836451936778653,0.07452370580544657,-0.2387262595786198,0.32863166497009594,0.19982627923540888,0.26050893481078624,-0.14378554517880854,0.4735403549191039,0.600063037120535,0.4459751368760411,-0.1282196774940294,-0.037331222940751654,-0.17710840176216067,-0.13920898301286533,0.27838317569292664,0.270795950547521,0.5168290650059907,-0.15645838380048965,0.03003567317098582,0.0104749880527715,-0.20688686731628278,-0.21999726146601756,0.045110481970860476,-0.19428044016134818,0.3017925475665827,0.054537724887648444,0.461505190756474,0.21307528522268973,-0.06384301387479796,0.42028378689159573,0.4045585934455936,-0.12548336657803785,-0.11798575324320773,0.08279352089291184,-0.19014593922634765,-0.18209019390969006,-0.2894478163360149,0.21606345762431087,0.22027646380391164,0.14375228754250946,0.45263389408168553,0.028931723105790823,0.06448540336361089,-0.1751210340069666,-0.2680789391453541,0.32770910893971195,0.015025185490337333,0.17124796937171177,0.18490019069192742,0.16086763205589627,0.08630728575888039,0.20626545276515804,-0.08148749790924045,-0.2417014209614007,-0.05780711512607255,-0.1763042264368097,-0.02187128536780138,0.404341916760535,-0.21556466922104126,-0.18664356749121344,-0.03694109658392149
120.5,0.25585649739539684,0.04775475348313058,0.45078572900793124,0.3202172853328969,-0.16448759287521533,0.5645738236686819,0.40601197512273346,0.22878805134000832,-0.24254459887314014,-0.0763465769187234,0.010776757981973823,0.5128960758604161,0.07987058665320278,0.3838022141637512,-0.06921702719259934,-0.08799567224499424,0.08162234548833018,-0.21728469198777178,0.32397082664410515,0.20663327867077821,0.2587565481840398,-0.1324877017604999,0.46369378888874146,0.6107167164412822,0.45478878456712996,-0.10710841693140412,-0.028645684039714153,-0.15151793527403662,-0.11665699973090202,0.2849715171732602,0.270933646246424,0.510784158754933,-0.1440265438103348,0.04867264340773847,0.021145318506524437,-0.18953636241180266,-0.20046118877004576,0.05687330814941387,-0.17814799629663997,0.3112031809495515,0.06965910113310936,0.4656511162870304,0.21433207361216028,-0.046260446699985316,0.42134044013637323,0.4072823071490599,-0.11542334698336729,-0.10160501048561417,0.07923853094378983,-0.16940655531926324,-0.164029857520552,-0.2685756088179946,0.20889341569860873,0.2251699162701982,0.14083393383921256,0.46170168935145084,0.041225028790758546,0.06988606276097603,-0.15368897975743112,-0.25032531239039135,0.3389089252214679,0.025821479901981435,0.1824194938384345,0.17821866311618131,0.1653108281254299,0.09402337706609687,0.21989739062226604,-0.06417916830433973,-0.21906046514855868,-0.04794111938172662,-0.15860844173779265,-0.008381674015445718,0.40199095293606835,-0.20093482538951296,-0.16216568344956744,-0.016116221032401824
121.5,0.2523509590469311,0.06214412539320076,0.4504307155136714,0.3273182608230433,-0.1410925126389379,0.5607628348684327,0.4124110655637545,0.2227197286515285,-0.22418488358904978,-0.06784264716799399,0.02802456037188441,0.5100567462506621,0.08009483209900949,0.38265051238291936,-0.05991222869781676,-0.06710537948265934,0.08912372738992033,-0.19517850524932961,0.3188657820639771,0.21347695844438533,0.2568296199210401,-0.1202724142894706,0.45277497194368754,0.6203986464145159,0.46298311016180965,-0.08547227878788913,-0.019257211558394282,-0.12551338286212893,-0.0936155433081781,0.2913686658248661,0.27086741825352106,0.5035870525595384,-0.13068755248299987,0.06764866779369838,0.03234168827165599,-0.17137838993218535,-0.18019745523956388,0.06905243826201343,-0.1611784338222339,0.32038094055890454,0.08512559627985118,0.4690402921470276,0.21558597001475066,-0.028148165983707268,0.4217091338025586,0.4093934794577863,-0.10444918475698288,-0.08455326362503297,0.07621044021465546,-0.14803789499858294,-0.1452410255717959,-0.24693708498836905,0.20171728829949576,0.23003682924189942,0.13818499296751105,0.4701356052478919,0.053963737238821176,0.07574615341863991,-0.13167912703359394,-0.23166994160238605,0.34982553977574515,0.037127313301651324,0.1936977568355969,0.1716606245158537,0.16991332713130108,0.10209991234108917,0.23355092295738836,-0.04630033743650379,-0.19581003305359762,-0.037346015760462536,-0.14017881105904986,0.005652516194669459,0.39894951887386115,-0.1853530154100715,-0.13722125298765625,0.0051120420921445895
122.5,0.24868405104909308,0.07690340873763835,0.44926490365554567,0.33411352251492127,-0.11720878395956276,0.5556897302862189,0.41825533860571895,0.21659269942310364,-0.2050011383534295,-0.05851491196804518,0.04567120846045732,0.5061507877745759,0.08080084169444442,0.3808967739812318,-0.0498294929238117,-0.04573951796172354,0.09700177451957166,-0.17246739227429164,0.3133305310454066,0.22033754468794114,0.25473407677841803,-0.10720410791485066,0.44080242500987243,0.6290533742657973,0.47052249252844913,-0.06335742669537328,-0.009208458381150295,-0.0991305152740634,-0.07012799226155668,0.2975544931290356,0.2705960295165354,0.49523379631141456,-0.11650795408419481,0.086927007283052,0.04402619173019326,-0.15248112478143055,-0.15926988130250547,0.08161255198828934,-0.14344035949502176,0.3292990823559571,0.10090099737776817,0.47164541561054135,0.21683292439286145,-0.009551883783003975,0.42137514751982613,0.41087414469408917,-0.09262163734666079,-0.06688498823230268,0.07371631943707736,-0.12609486605924247,-0.12578529438743574,-0.2246032554180483,0.19456573738249588,0.23486234458227942,0.13581495802165894,0.4778989107723712,0.0671110251672761,0.08204186389878396,-0.10914217581700125,-0.21219258977482208,0.3604279833901652,0.04890544667278736,0.20505494852293865,0.1652541150130015,0.17466050615591253,0.11051055436791504,0.24719543379636896,-0.02789902524995051,-0.17200502749363994,-0.026068859419417723,-0.12107669383174788,0.020188414209913425,0.39521559870319334,-0.16889608995720443,-0.1118512596597927,0.026704896937719047
123.5,0.24486879607039175,0.09199617595355918,0.4472742427605702,0.3405802034411122,-0.09287950232004931,0.5493354093268029,0.423517510458603,0.21043214488109677,-0.18506549790092214,-0.04841325265810668,0.06367787055631617,0.5011640567242563,0.0819810409090432,0.3785367987228312,-0.0390176751010888,-0.023940818102295345,0.1052302696347042,-0.14920525003338808,0.307381326630732,0.22719522894349212,0.252476572248134,-0.09334412664568506,0.4278012093548084,0.636625463320727,0.4773715888607722,-0.04080658837259471,0.0014586665252486405,-0.07240179173903243,-0.04623428735730271,0.30350908671436694,0.27011895451685974,0.4857257219065499,-0.1015506631661851,0.10647212299272132,0.0561616801387763,-0.13290728900605925,-0.137736625204185,0.09451897828222726,-0.12499729819303237,0.33793087265771715,0.11694994567724837,0.4734405871943926,0.21806889604449298,0.009485135651129234,0.42032573079916,0.4117077985260861,-0.07999909712803521,-0.04865131012122801,0.071760653961402,-0.10362763809547262,-0.10571945635568802,-0.20163775394510908,0.18746948613871384,0.23963166252959756,0.13373205911642622,0.484955131520407,0.08063091536900288,0.08874892041618954,-0.0861245108411986,-0.19196573502513273,0.3706851284381256,0.0611193843736819,0.21646327207904506,0.15902644347638253,0.17953749151052595,0.11922890171688605,0.2608001954259316,-0.009020529608217259,-0.1476948195133363,-0.014155437017436243,-0.1013587952918837,0.03518465675129838,0.3907899341773401,-0.15163533618895536,-0.0860928611067676,0.048625540036621305
124.5,0.24091899294338118,0.10738687626863294,0.4444472742420282,0.3466957367525512,-0.0681440391216415,0.5416854230556348,0.428170976259573,0.20426360087227705,-0.1644436801506735,-0.03758642807277669,0.08200711866861018,0.49508632665224006,0.08362628488013404,0.37556859560371597,-0.02752435979969812,-0.0017492496097539934,0.11378290817468957,-0.12544086332275403,0.30103668220734575,0.23403018638652612,0.25006447232576534,-0.07875075378642281,0.4138032877262134,0.6430597556528943,0.4834954783819459,-0.017859486713756263,0.012703091679330694,-0.04535688033234151,-0.021971400568359854,0.3092127892209845,0.26943639630877664,0.4750699079543522,-0.0858750673485736,0.12624946505649542,0.06871175965777497,-0.1127146242502726,-0.11565077344531705,0.10773765646629134,-0.10590807614648916,0.34624962060817166,0.13323781680141308,0.4744015246863113,0.2192898640663295,0.02892181724634535,0.41855028995354127,0.4118795544453569,-0.06663752540433304,-0.0299002808608655,0.07034543319604458,-0.08068218686687641,-0.08509594957533288,-0.1780976814479876,0.18045912207155268,0.24433006612117675,0.13194324862469936,0.4912681981120424,0.09448821999373419,0.095842681072115,-0.06266872586005964,-0.1710552357822624,0.38056572028574664,0.07373336494706244,0.2278949169355037,0.15300401490143253,0.1845291886444762,0.12822852439400137,0.2743343176394991,0.010292306143023925,-0.12292394638901838,-0.0016502136990087426,-0.0810775882994846,0.0506012921141063,0.3856761940323991,-0.13363681195132363,-0.05997994278887185,0.07083885271857546
125.5,0.2368491638820275,0.12304072987000432,0.44077537875435235,0.3524379140489066,-0.04303855982275882,0.5327305067347263,0.4321899425576389,0.1981128093027102,-0.14319559894325987,-0.026081939777116658,0.10062273656340952,0.48791168384888267,0.08572597945654449,0.37199251916802917,-0.015395773840069057,0.020797611270544407,0.12263333950473632,-0.10121853577525272,0.294317361171685,0.240822594272354,0.24750583725666497,-0.06347928742182908,0.39884784490436714,0.6483016597746039,0.48885982180624266,0.005446754031156936,0.024484641842493354,-0.01802313000402704,0.0026262289150114897,0.3146462412437846,0.2685493014723987,0.4632796463743724,-0.06953717775935006,0.1462252665285737,0.08164077104659509,-0.09195635980100028,-0.0930609008968077,0.12123508665415288,-0.08622721453993637,0.3542287176400193,0.14973059829897617,0.4745057913698023,0.2204918381272721,0.048719018260269066,0.4160405801212904,0.4113763072468742,-0.05259044592512282,-0.010677159506808467,0.06947025670002287,-0.0573008043459145,-0.06396329744025955,-0.154034383438636,0.17356489907398576,0.2489429464494064,0.13045419569183161,0.4968026106712812,0.1086484727187798,0.10329821691924572,-0.03881411262931223,-0.14952097819096394,0.39003841826153174,0.08671233492940272,0.23932203263319501,0.14721216638031018,0.1896203098319021,0.13748298973938106,0.2877667013187762,0.029998826032350396,-0.0977327479708711,0.01140368328499369,-0.06028172909025803,0.0663996699052322,0.37988113698058157,-0.11496171158553525,-0.033543621562761236,0.09331110693804774
126.5,0.23267449550051852,0.13892361741092002,0.43625302913223074,0.35778495024892615,-0.017596500512757216,0.5224671385100667,0.4355495709963442,0.1920055654759643,-0.12137595490874512,-0.013945946823273294,0.11948952906341392,0.47963893492342147,0.08826820124761135,0.3678114019937744,-0.0026767422930711812,0.04366423293027424,0.13175519768109256,-0.07657867031028243,0.2872463475735576,0.2475526509958484,0.24480939913872213,-0.04758215881571533,0.3829815534116458,0.6522974643335309,0.4934310369052685,0.02907722600373929,0.03676406658777595,0.009573998864530982,0.02752628889931922,0.31979042852142936,0.267459372733071,0.4503749026294387,-0.05258981482272329,0.1663663429949959,0.09491375402797485,-0.07068166902148187,-0.07001159821522265,0.13497827167937576,-0.06600532429309348,0.36184168430621044,0.1663947661338126,0.47373303820174417,0.22167086952788692,0.06883927545450363,0.4127909010403247,0.41018690272713726,-0.03790898684829773,0.00897530439673057,0.06913245389265177,-0.033522574969703435,-0.04236653350324997,-0.1294941626990119,0.16681654103646804,0.25345582892900725,0.129269289565693,0.5015236196844504,0.12307785235143762,0.11109038061974305,-0.01459711622128047,-0.12741749662322385,0.3990718465865411,0.10002190854833434,0.25071670407349783,0.14167501377476763,0.19479539997090628,0.14696587976937472,0.3010659970960687,0.05006029755644944,-0.07215794627696326,0.02496445016891468,-0.03901646181808373,0.08254232024828648,0.37341476548230534,-0.09566674901594585,-0.006812705242535142,0.11600968407786269
127.5,0.22841077386204742,0.1550019666828319,0.4308780469557396,0.36271555510818604,0.00815099287019958,0.5108981204300419,0.43822613318074116,0.1859675630162348,-0.09903479842978101,-0.0012232230326243386,0.13857313395292675,0.47027202260932305,0.09123981517953059,0.3630306813695415,0.010589318961077065,0.06681679736786943,0.1411221229489482,-0.05155830233234684,0.27984879633551907,0.2542005961345965,0.24198453531033765,-0.031109083418005327,0.3662587686899784,0.6549946792036447,0.49717649053608215,0.05299887791475214,0.04950304300872205,0.03741053910175396,0.052698215712617416,0.3246267334840372,0.26616907899820963,0.4363827592804368,-0.035082819260854235,0.18663989836299938,0.1084963990527372,-0.04893610945756401,-0.0465439660194666,0.14893465247419152,-0.0452894954164075,0.3690622248494026,0.18319716144464945,0.47206525950670564,0.2228230625253104,0.08924655784800085,0.4087982949067232,0.4083023125992641,-0.02264196141724418,0.029016590183310532,0.06932721434183704,-0.009383819624686554,-0.02034760878939573,-0.1045189301595321,0.16024304955590501,0.2578544007173129,0.12839165118501444,0.5053974235431973,0.1377431000617984,0.11919386355754222,0.009948241038469727,-0.10479456189019994,0.4076346556423157,0.11362831592150802,0.26205092888777093,0.1364153110322867,0.20003886083761574,0.15665080114580293,0.31420056981890654,0.07043965299765421,-0.046233173730208174,0.038991566743666155,-0.017324008588996586,0.0989928254187453,0.3662904670944297,-0.07580454727881888,0.020185886016609162,0.13890280609636904
128.5,0.22407431390107116,0.17124263803278605,0.424651860090243,0.3672090114754967,0.034174658457671335,0.49803317594598706,0.4401971766191335,0.180024238143754,-0.07621806144295415,0.012042849689042512,0.15783983753426184,0.4598204446461045,0.09462658828360368,0.35765851796730497,0.02436038009422682,0.09022288596502279,0.1507077751731509,-0.026191589602609096,0.27215196184460877,0.2607467318335245,0.23904123747341358,-0.014107235923756655,0.34874163701467153,0.6563424058662127,0.5000647074237897,0.07718017590712914,0.06266415654274385,0.06546365091436356,0.07811284008297861,0.3291369912476514,0.2646816625553182,0.42133783037922373,-0.01706328012087848,0.2070133371945943,0.12235498888596101,-0.02676204381722398,-0.022696076537266522,0.16307203863081549,-0.02412367639963955,0.37586428983391007,0.20010486872094874,0.4694870615153571,0.22394458587616173,0.10990602608258009,0.4040627443113414,0.4057158134017903,-0.006835978964912119,0.04940813038498501,0.07004772567862896,0.015081490468928451,0.0020542198873210117,-0.07914679843796377,0.1538725182669347,0.26212453940402947,0.1278231523633625,0.5083913831173006,0.1526114321772806,0.1275832423424033,0.034789964365845825,-0.08169773448316799,0.41569559394418737,0.12749834209654093,0.27329659761567116,0.1314543238387001,0.20533497417360097,0.16651138890067946,0.3271384695203278,0.09110123729682156,-0.01998945558257306,0.05344573559421981,0.004756056901036834,0.11571568639570817,0.35852513988781254,-0.05542402653378722,0.04742673108154137,0.16195927829153492
129.5,0.219681883626596,0.18761280987705548,0.41757975796851043,0.3712452602983062,0.06044674138844082,0.48388955557116164,0.44144170156828444,0.17420061512753376,-0.052968056877764215,0.02581025791671776,0.1772563946099815,0.4482996690893823,0.09841329866306398,0.3517059040869685,0.03859574896164949,0.11385118085988719,0.160485840365989,-0.0005102630597402045,0.26418510401649725,0.2671714458676501,0.23599007654163726,0.0033785576595481426,0.330500098949697,0.6562917395107748,0.502065596015574,0.10159078320213573,0.07621086353482091,0.09371128052657321,0.10374205449556703,0.33330355009922463,0.2630011431810341,0.40528263197491443,0.0014242266766460296,0.22745408388016455,0.13645633220590456,-0.004199040461882036,0.0014965956694159592,0.1773585356894936,-0.00254904071685587,0.38222214712759006,0.21708509640422058,0.46598594275147065,0.2250316845553361,0.1307837990392558,0.3985873678791398,0.40242316789155314,0.009464420885195331,0.07011304176413605,0.07128531632720958,0.039841347439812144,0.024802021029599663,-0.05341262312376961,0.14773195622468405,0.26625234306586076,0.1275644418365937,0.5104742537123725,0.16765045019049116,0.13623301568533389,0.05989771723236838,-0.058168882152684606,0.4232235911549303,0.14159925901180476,0.2844254773451837,0.12681171903229466,0.21066792395191852,0.1765213050090827,0.3398474095828836,0.11201056331254515,0.006544348016479504,0.06828880461451374,0.027186452954036155,0.1326761863902927,0.3501392981084549,-0.03457078492001126,0.0748855469825652,0.18514824294183221
130.5,0.21525062362343356,0.20407986547905882,0.40967114075492034,0.37480499236429005,0.08694064190294962,0.4684926394881302,0.4419403484921139,0.1685211547410102,-0.02932394600371769,0.04003830844962533,0.19678985355224637,0.43573153781547846,0.10258383879527255,0.34518675886467215,0.053256002243383796,0.13767118064211545,0.17043003143554383,0.025455957083465867,0.2559793712349251,0.27345523670163646,0.23284216326583557,0.02130561660546725,0.31161177147708385,0.6547962059039327,0.5031506916402048,0.12620125663069992,0.09010743879895389,0.12213183881645895,0.1295584993116905,0.3371093364701221,0.2611323189134269,0.38826789188433863,0.020337394348607228,0.24792940895070475,0.15076769113041152,0.01871574688947667,0.026000771738623602,0.1917624705332183,0.01939566123277996,0.3881104614650355,0.23410506081494628,0.46155258489454754,0.22608069158996233,0.15184672806486482,0.3923786108099978,0.39842280715577594,0.0262166167894367,0.09109586417556018,0.0730296004510356,0.06486534530628019,0.04786083868298761,-0.027348497174860965,0.1418471226144563,0.2702241617582225,0.12761497738541283,0.5116164347415584,0.1828280494255602,0.14511763264895788,0.08524247517116555,-0.034246662536219684,0.43018785246561775,0.15589875223543986,0.2954091994497965,0.12250547086655113,0.21602181817281196,0.18665423284061616,0.3522947527699835,0.13313407493769086,0.03334113507154781,0.08348367637152729,0.0499318507301587,0.14984025306871204,0.34115715400695124,-0.013287468459733637,0.10253885133377158,0.20843894313406558
131.5,0.21079796243808194,0.2206112820247672,0.4009397578557321,0.37786974668674644,0.113630584992702,0.4518765226329323,0.44167559572469717,0.16300960753582774,-0.005322174957353537,0.05468755991772709,0.21640738696284112,0.422144648156351,0.10712131254435926,0.33811800763309957,0.0683029002351561,0.16165292909099208,0.18051408422003246,0.05167897571312761,0.24756765997114347,0.2795787408438439,0.22960910472948268,0.03963319526211299,0.2921616931823804,0.6518122366860503,0.5032934171501825,0.15098275823268842,0.10431891107804891,0.15070389605459508,0.1555352651432304,0.3405379243628571,0.25908076326255636,0.3703527800307714,0.03963593968750062,0.26840626283783897,0.1652567044058571,0.041947219798459515,0.050784992820054595,0.20625231612840147,0.04167376550181622,0.3935043827966829,0.251131874230683,0.4561811522831826,0.22708803995700144,0.17306217898405335,0.385446427094135,0.39371601134648015,0.04337974194556883,0.11232230789940371,0.0752686227583774,0.09012434065568828,0.07119736097734461,-0.0009842038041216975,0.13624237484150953,0.2740266304991047,0.1279730632201204,0.5117902374469387,0.19811232760594194,0.1542115132827693,0.11079619993607685,-0.009966972503965912,0.43655796463609314,0.1703648441034193,0.3062192520277697,0.11855178486666804,0.22138071050290703,0.1968838684627765,0.36444750578189056,0.15443891829213507,0.06037518502721763,0.09899420739820976,0.07295855189281478,0.16717432090099044,0.33160667158185725,0.008385872352808904,0.13036364404164832,0.23180049618918752
132.5,0.2063415285120934,0.2371745229120954,0.39140393052640376,0.38042201538379067,0.1404913083461511,0.43408456426906505,0.44063196673685123,0.15768887365272538,0.019003117620351857,0.06971973834352456,0.2360761283930466,0.40757470082707786,0.11200812543876734,0.3305196424943586,0.0836992888946647,0.185766755757177,0.19071174982689032,0.07813196363590018,0.2389844513357553,0.2855227627693012,0.22630295686432542,0.05832226957177191,0.2722419192692721,0.6472996872779697,0.5024693611305151,0.17590678024701384,0.1188109889705073,0.17940588939383556,0.18164560924902812,0.3435736091371897,0.25685281863408027,0.35160503927737535,0.05928135882484178,0.28885111744012515,0.17989130777868065,0.0654619951306037,0.07581926802995624,0.2207966167326174,0.06425037335786417,0.39837964356478506,0.2681324378963212,0.4498695976441528,0.22805027448491022,0.1943978219598196,0.3778044497325148,0.38830708661847363,0.06091451206652924,0.13375900974251195,0.07798900107645027,0.11559013282001943,0.09477960587333184,0.02565236694622952,0.13094053179295026,0.2776467037958338,0.1286358918080386,0.5109701709110066,0.21347149441425634,0.16348906263826435,0.1365315314527153,0.014636633504976621,0.4423040139841262,0.1849658147194434,0.31682697763011863,0.11496503963753553,0.22672862204904232,0.207183909709527,0.37627232298706964,0.1758927210467466,0.08762180776551382,0.11478510004607886,0.0962341821878372,0.18464519484057618,0.3215195878870328,0.030411440556015357,0.15833710479356086,0.2552016762380012
133.5,0.20189905941396563,0.25373693409536774,0.38108675262455616,0.38244535481856895,0.16749776569890154,0.41516988045439734,0.4387962462374638,0.1525808708019659,0.0436197195082592,0.08509764020159916,0.2557630155699606,0.3920648004915591,0.11722606795663595,0.32241476106421674,0.09940899222503843,0.20998302735757607,0.20099678422131703,0.10478902105167387,0.23026562526475908,0.2912683076647432,0.22293617322117565,0.07733532305531707,0.25195095672361484,0.6412224020225608,0.500656573585392,0.2009448820103968,0.13354997957917975,0.20821584029326307,0.20786268400155658,0.34620148551632507,0.25445558577412897,0.3321009960550934,0.0792366864334717,0.3092298159376367,0.19463965292023322,0.08922808319288164,0.10107474341186076,0.23536391459316852,0.08709204504069246,0.4027126649936531,0.2850733407138815,0.442619970977459,0.22896406369559,0.21582142922602632,0.3694701448510588,0.3822035355020938,0.07878304829387632,0.15537329797389937,0.08117606492360754,0.14123516107147266,0.11857662282076983,0.05253483302042454,0.12596275375042068,0.2810716917432835,0.129599589335363,0.5091332464933181,0.2288737830259638,0.17292467914386456,0.16242149522130567,0.03953255352935459,0.44739671658308,0.19967012208816107,0.32720357684848655,0.11175774664342006,0.23204956351730743,0.2175280438714215,0.387735519948974,0.1974633798492888,0.11505701423840195,0.13082178913908146,0.11972739989691572,0.20221991635331574,0.31093139759330973,0.05275336578805878,0.18643630330801203,0.27861070567080504
134.5,0.19748830915729343,0.27026564526599345,0.3700162628728936,0.3839245027048894,0.19462484306038305,0.39519575434287785,0.4361577040704036,0.14770641188904737,0.06849698788560551,0.1007850260143511,0.2754346405776715,0.37566569371894803,0.12275639171045835,0.31382958031627617,0.11539669765250615,0.23427190909022025,0.21134293596059664,0.1316248602958001,0.22144825356024414,0.29679661722021783,0.2195215502608104,0.09663613433526079,0.2313930347433069,0.6335488313285969,0.4978358788146361,0.22606843750215516,0.14850270184401754,0.23711107957475877,0.23415927579977644,0.3484075296166385,0.25189690905253526,0.31192543037269405,0.09946625984628057,0.329507431381822,0.2094700261484474,0.1132145825442443,0.12652338934642915,0.24992267908168983,0.11016650781063675,0.40648067242778774,0.30192076435610826,0.43443872777578524,0.22982621153509242,0.2373006807175943,0.36046494519373234,0.3754162175760084,0.09694869763525704,0.17713296601773423,0.0848139885651916,0.1670322165798756,0.14255820897716123,0.07963796200935899,0.12132844009130792,0.2842892977127046,0.1308592640265213,0.5062593006081171,0.24428736448440963,0.18249275828822048,0.18843922308906524,0.06469077369846206,0.45180756090824153,0.21444632253990883,0.33732011830299063,0.10894052758394321,0.23732755798268626,0.22788993481476458,0.39880309735891817,0.2191188557970956,0.1426572050758093,0.14707032533100178,0.1434076180115614,0.21986563269456116,0.29988129668954205,0.075377392309433,0.21463791981327301,0.3019950553811778
135.5,0.19312695445567998,0.2867274766249544,0.3582255814099041,0.38484550074779905,0.2218470856967492,0.37423593625085505,0.43270832557226085,0.1430850935830555,0.09360551380818435,0.11674650707569453,0.2950571074933714,0.35843592774446337,0.12857987856595138,0.30479342251413744,0.13162783663679084,0.2586031352126622,0.22172393292376022,0.15861450474965036,0.2125703735281342,0.302089208668347,0.2160721695264091,0.11618956773123623,0.21067721143552304,0.624252705483298,0.49399120489006565,0.2512483925310379,0.16363639630434337,0.26606797832325385,0.2605075531422418,0.350178684739468,0.2491853574460498,0.29117128635286454,0.11993548911205712,0.3496481346856679,0.22435076804303128,0.1373913899859754,0.152137704049714,0.26444123914805207,0.13344237740850695,0.4096618196859295,0.3186403955461488,0.4253370318724155,0.2306336689352046,0.2588029776759778,0.3508143581156472,0.3679594969488692,0.11537585295737203,0.19900605476144997,0.08888591736605275,0.19295416714422547,0.16669463866054618,0.10693733550188007,0.11705514555575387,0.28728765763376557,0.13240905659192004,0.5023313354870027,0.2596802657385312,0.1921676925262648,0.21455768559968544,0.09008252660229134,0.4555089631427257,0.22926299247347598,0.34714755556615773,0.10652210870428272,0.24254666447012818,0.23824321028791343,0.4094407759625075,0.24082697792928992,0.17039887398536388,0.1634972567930903,0.16724473896824713,0.2375494702319691,0.28841208156682996,0.09825058147748908,0.2429179737032824,0.32532125393779243
136.5,0.18883250079701688,0.3030888519795595,0.3457530029326247,0.3851958223235904,0.24913843415529682,0.3523748032325052,0.42844304672345085,0.13873519693595576,0.11891680569750215,0.13294742750524055,0.3145958980139079,0.340441912677484,0.1346769028466179,0.29533867037704864,0.1480684624350573,0.2829457884556905,0.23211346879786915,0.1857330012678413,0.20367074445015665,0.3071279172422058,0.21260133706893636,0.13596136807167908,0.18991632461337965,0.6133137690786092,0.4891099287323046,0.27645503083406414,0.17891863278235975,0.2950616833466396,0.28687882292959543,0.35150295060114145,0.2463302010963631,0.26993920734201693,0.14061063364714652,0.36961507275655486,0.23925019498630035,0.1617289242689996,0.17789043100108956,0.27888771992911265,0.15688889197286146,0.412235322324615,0.3351973462610037,0.415331047301153,0.23138354514874263,0.28029526438576824,0.3405480429216366,0.3598513727156378,0.13402977413492334,0.2209606433299513,0.09337408651236911,0.2189736929785143,0.19095640479388906,0.13440903241453933,0.11315851547662932,0.290055380846865,0.13424219211658422,0.49733587715300864,0.2750202921073585,0.20192386828908396,0.24074943443813016,0.11567996967550473,0.4584744353145783,0.24408865236501476,0.35665675152201487,0.10450933107332694,0.2476910025259643,0.24856145012586595,0.4196140430365838,0.262555254770578,0.19825832318415865,0.1800695106114264,0.1912089008513568,0.2552384125534325,0.2765700002970417,0.12134102792518953,0.271251558784252,0.3485547060433955
137.5,0.18462218923409568,0.3193157189057975,0.33264203846992935,0.38496450455518705,0.2764719680121658,0.32970734696495346,0.4233599920216339,0.13467360091299066,0.14440298950199754,0.14935374349902203,0.33401574572305315,0.3217578696820208,0.14102748687918443,0.2855006888816522,0.16468512663965812,0.30726808808373146,0.24248519008950145,0.21295514384088882,0.194788589637995,0.3118949421910905,0.20912252059617997,0.15591796055865503,0.16922580189523287,0.6007185788050327,0.48318323527001406,0.30165774864204653,0.1943172173238014,0.3240658564267459,0.31324329443938786,0.35236947559830917,0.2433413833710732,0.24833688405956272,0.1614585858767119,0.3893702576074424,0.25413652355558153,0.18619786216060202,0.20375428844839671,0.29322998431199443,0.18047565746986852,0.41418159962395773,0.3515560826331686,0.4044422125437152,0.23207311880235565,0.30174385831055983,0.3296998522178295,0.3511135882304652,0.15287641161034726,0.24296464822086938,0.09825993145133255,0.24506303217161504,0.21531397124741938,0.1620293280133141,0.10965224000720157,0.2925815924844013,0.1363510327730306,0.49126334929327625,0.2902749549178085,0.21173566093587093,0.26698635381820046,0.14145588099517634,0.4606787663793755,0.2588916939046306,0.3658185106415602,0.1029071756274508,0.25274477793234057,0.2588181760369034,0.42928821095207625,0.2842706940616757,0.22621138858020692,0.19675427509443516,0.2152702340955594,0.2728991840677232,0.26440455367898874,0.14461758856211654,0.29961258402222846,0.37165952087095183
138.5,0.18051290479358345,0.3353734767103987,0.31894139780182396,0.3841422840328903,0.303819656477065,0.3063389594726453,0.4174607125328772,0.130915709475563,0.17003652339450423,0.1659319013644111,0.35328051968828256,0.30246564839350354,0.147611350213803,0.27531771149523804,0.18144475587400538,0.3315371866804867,0.2528126843380501,0.2402552066478744,0.18596332726337675,0.3163728964627718,0.20564928481505013,0.176026256247523,0.14872235287645583,0.5864613652912652,0.47620648850858904,0.32682483756231756,0.2098000995569728,0.35305241711458085,0.33956985079435126,0.3527686516243814,0.2402294883819956,0.2264782102542388,0.18244666212861213,0.4088744673934933,0.2689777986653732,0.21076888566310367,0.22970170943260643,0.3074355802251776,0.20417240375673024,0.4154824250153224,0.36768036334636406,0.3926974895145666,0.23269984862361456,0.32311428901683625,0.318307831952122,0.3417717147898245,0.17188223334681701,0.2649856307758931,0.1035241896075477,0.27119373475600367,0.2397375351646316,0.18977440579768107,0.10654802702368235,0.2948559772972935,0.1387271307874894,0.4841084610060231,0.30541140503554487,0.2215774284531761,0.2932394200019304,0.16738337014342666,0.46209821628723013,0.27364031109831216,0.37460361964237626,0.10171880159979667,0.2576923097085507,0.26898684362038056,0.4384284883251589,0.30593963092510307,0.2542331728624697,0.21351888403508937,0.23939862788110813,0.2904981397939087,0.25196824460201805,0.168049623478904,0.3279735191697267,0.39459835109733826
139.5,0.17652108739481442,0.3512269129632246,0.3047049048408611,0.38272173525327025,0.33115211540979167,0.2823849890345643,0.41075042108641924,0.12747539259537127,0.19578992511387067,0.18264871569372557,0.3723531181764623,0.2826543986990281,0.1544079529251347,0.2648306891559179,0.19831452982717773,0.35571897599977687,0.2630694702063211,0.2676066850471468,0.17723429355572734,0.320544860124402,0.20219522550336727,0.19625346364333984,0.12852257324853775,0.5705449566379306,0.46817961150846105,0.35192327596395495,0.22533528155422372,0.3819912893618554,0.3658258281422435,0.35269221087087915,0.23700570397814866,0.20448224764274045,0.20354240091334738,0.42808716040959743,0.28374182625944444,0.2354124393746632,0.2557045911013739,0.321471694411474,0.22794875052546165,0.4161210845604747,0.3835331883361898,0.3801295786904554,0.23326138378535602,0.34437114641657984,0.3064141749389632,0.3318552051445491,0.1910140559784928,0.28699061307762636,0.10914699319328329,0.29733642467384114,0.2641967985741239,0.2176200798545466,0.10385559305389964,0.29686882482297905,0.14136128117887786,0.4758706055431124,0.32039637302578605,0.2314235046614776,0.31947846850402856,0.19343560204519547,0.4627107229609324,0.28830243609182626,0.38298289695235216,0.10094559681099827,0.26251805854918076,0.27904083722406126,0.44700006423408356,0.32752756486369733,0.2822977851281583,0.23033070386493723,0.26356350561741,0.3080011620405386,0.23931627545062026,0.19160674786696147,0.3563051451487772,0.4173322436783396
140.5,0.17266264613731455,0.36684014935117937,0.2899913389733429,0.38069741071546026,0.35843837073923696,0.25797004382232974,0.4032382209874246,0.12436494134322836,0.22163551034796747,0.19947124884728867,0.3911953733634958,0.26242008498964486,0.16139653344579846,0.25408310095966036,0.2152617616665368,0.37977790250211513,0.2732289900714976,0.2949820435101692,0.1686404622660672,0.32439443755697595,0.19877390283875546,0.2165669067126374,0.10874149697172349,0.5529817572698643,0.45910747129758506,0.3769185293559869,0.24089072912180867,0.41085015282012566,0.3919768031580214,0.3521333239479292,0.23368178027245018,0.18247201045077624,0.224713368703391,0.4469664031684644,0.2983961113940802,0.2600984972105803,0.2817340524510915,0.33530511342271613,0.25177398253472105,0.41608254295795843,0.3990767586304266,0.366777090861941,0.2337555738179118,0.3654779390019623,0.2940651230748908,0.32139741217685774,0.21023888080020617,0.30894590249655113,0.11510795307084336,0.3234605692887632,0.2886607488421427,0.24554152574097343,0.10158267128378735,0.2986110757462654,0.1442435738216679,0.4665542660843861,0.33519611665536175,0.24124819266131636,0.345671968903682,0.21958553197163289,0.46249612197941764,0.3028456804989963,0.39092725138510037,0.10058723821747788,0.26720665680283096,0.2889534682388839,0.4549682059395451,0.3489990061258978,0.3103780861527474,0.2471570245503477,0.287733609131953,0.3253735647016687,0.22650619460868912,0.21525859415893409,0.38457630956919014,0.439820503618033
141.5,0.16895287776881612,0.38217659766465484,0.27486419644822707,0.3780659813947091,0.38564562874711494,0.23322702859156733,0.3949373240841766,0.12159503694319937,0.24754514084620927,0.21636669277131843,0.409767967978462,0.24186483522774166,0.16855614143041361,0.24312072628663542,0.23225378173853906,0.40367679345174956,0.28326460572385787,0.3223524699360769,0.16022016451192492,0.32790581841688493,0.19539877454562884,0.23693384967908432,0.08949113724188322,0.5337947704184537,0.44900026358236966,0.40177436056501675,0.2564342864176929,0.43959420020689377,0.41798638987696757,0.35108669855241975,0.2302699838157991,0.16057308898274483,0.24592697334643537,0.46546881370043225,0.3129078024199642,0.2847963379526969,0.30776019996117304,0.3489021925647371,0.2756168337178949,0.4153536164122043,0.4142724481598713,0.3526846653245334,0.2341804780406005,0.3863969628905931,0.28131081404945246,0.3104355681656774,0.2295237351844091,0.3308169252650853,0.12138623382118094,0.34953425646007175,0.31309744776045545,0.2735130184149642,0.09973503545067815,0.3000743692638711,0.14736344446889657,0.45616942335151445,0.34977637647800675,0.25102575920773246,0.3717868075716039,0.24580565024157924,0.46143637856516806,0.31723728295141934,0.39840775039930254,0.10064176106488716,0.27174294011233413,0.2986979773949744,0.4622983705300232,0.3703173321379694,0.33844543885855205,0.26396495502766554,0.3118767914313086,0.3425800059116709,0.21359749461195618,0.23897458372809352,0.4127536882642563,0.46202057217341236
142.5,0.1654063900845252,0.39719892668976753,0.2593913674664442,0.3748263761917249,0.4127390541169773,0.20829591002832681,0.38586525335689636,0.11917473347526586,0.27348998128249413,0.23330225406734137,0.4280303649047535,0.22109612266215298,0.1758656661707067,0.23199137897902186,0.24925782537633792,0.42737669473732937,0.29314959775199206,0.3496876362113109,0.15201081326407107,0.33106384231538366,0.19208312943540204,0.2573213288789814,0.07087905970414207,0.5130186460268822,0.43787389083617356,0.42645265084272693,0.2719335947411532,0.46818590269582316,0.4438160472470677,0.3495486778162499,0.22678304759395154,0.13891214091994883,0.2671502852777721,0.4835495213057078,0.3272436420709713,0.30947432936705777,0.3337519009801647,0.3622288335111013,0.29944527998833853,0.4139231515209576,0.42908078838607,0.3379030238515595,0.23453437447253508,0.4070891826398344,0.268205069234489,0.29901072028791265,0.2488355199445992,0.3525680696190703,0.12796062027351654,0.3755239795848892,0.3374738293654035,0.30150767618068397,0.0983165382071925,0.3012510912372639,0.15070972442081496,0.44473195841818536,0.36410234023276755,0.2607304306751003,0.3977880790018474,0.27206773549932567,0.4595158312767301,0.3314440636234878,0.40539569827793126,0.10110563502198829,0.2761119808265923,0.3082475415973044,0.46895633087666955,0.39144465484859975,0.3664694640536036,0.2807213239416523,0.3359598181509423,0.3595844098467237,0.20065116604251973,0.26272370765746283,0.4408015542388628,0.48388792109331824
143.5,0.16203703093739724,0.4118690408319461,0.243644726611962,0.37097991865506486,0.4396815571060764,0.18332221882133587,0.3760440246280175,0.11711145366833016,0.29944026422549996,0.25024504315205653,0.44594075078204776,0.2002257844739758,0.1833038611041377,0.22074460515288075,0.26624092559636636,0.4508367217932426,0.30285716915858957,0.3769554653555301,0.1440486366745863,0.33385406711897536,0.18884002187774887,0.27769599205510065,0.0530070317224504,0.4907007281742525,0.42575032588439815,0.4509132333450861,0.28735601627487883,0.49658478583732163,0.4694248991740948,0.34751733734249524,0.2232341170755691,0.11761528768181875,0.28834986679434843,0.5011621439221654,0.34136992617210393,0.33409972091399054,0.3596765650661788,0.3752504712934964,0.32322634078060936,0.41178220912150004,0.443461466570798,0.322488949724426,0.23481576816445546,0.427514124920083,0.2548051205850742,0.28716761843277083,0.2681408631585612,0.37416253921371995,0.13480957591363368,0.40139443137547515,0.3617555068495364,0.32949721009127997,0.09732916240639247,0.30213442286148573,0.1542706885971254,0.4322640425152386,0.37813861679651606,0.2703363912371549,0.42363888682721385,0.2983426158056711,0.45672144650893676,0.34543238644537155,0.41186272452649275,0.10197384566967979,0.2802991232613535,0.31757528582450034,0.47490831625521707,0.41234169998430853,0.3944178019926291,0.2973925864348198,0.3599481780954244,0.37634989848947076,0.1877292128520669,0.28647431628927733,0.46868155594643685,0.5053759646112388
144.5,0.15885782344497798,0.42614807125626053,0.22769963670828136,0.3665304591383391,0.4664335916404383,0.1584553105602237,0.3655003013757623,0.11541099707783324,0.32536506292522205,0.267161968295465,0.46345599471699933,0.1793688889637346,0.19084936496906937,0.2094313472539327,0.28316981141932757,0.4740139252696891,0.31236045376092536,0.4041219060238162,0.1363684243704698,0.3362628407230919,0.18568220778016964,0.2980239454733913,0.035969789392308674,0.46690206746360896,0.41265795159631435,0.4751137407015779,0.302668563560364,0.5247472190679264,0.4947695691630378,0.3449925798223413,0.21963669260805946,0.09680646046625149,0.3094916097335715,0.5182587842964155,0.3552524707000655,0.3586384453737067,0.38549993384704767,0.38793207136441843,0.34692588962204207,0.4089242518334276,0.45737333850237416,0.3065051814910513,0.23502339890380036,0.44762978624041533,0.24117127580064285,0.2749545520460549,0.2874059810037647,0.3955622176866682,0.14191129360295976,0.427108307524677,0.3859065892266096,0.35745167872633016,0.09677308363187523,0.30271838955388497,0.1580341018086758,0.41879450392468814,0.39184922042995585,0.27981778386092865,0.4493001559946406,0.3245999371493219,0.45304308258000114,0.35916812972951895,0.4177808827611321,0.10323997983317819,0.28429002087972877,0.32665430058052713,0.48012116797196747,0.4329676993479433,0.42225588080570153,0.3139447377315079,0.3838059035237864,0.39283873419223936,0.1748941362939594,0.3101939174829868,0.49635250729599073,0.5264359909862822
145.5,0.15588090788317074,0.43999638034640254,0.2116343689662939,0.36148450028911794,0.4929529665590612,0.13384642223613644,0.35426551620991076,0.11407755976394089,0.35123207198041406,0.28401963529496427,0.4805316231901012,0.1586424705247675,0.19848072015311552,0.19810357801890693,0.3000108125334501,0.4968631732374623,0.3216325298534385,0.4311507155933317,0.12900329053315168,0.33827737609423086,0.1826220825790251,0.31827060939812635,0.019853959495289362,0.44169835453712486,0.3986318657342359,0.4990094686270167,0.31783783547917427,0.5526262223424918,0.5198040319719126,0.3419762260127273,0.21600456849961844,0.07660574582287148,0.3305405820611448,0.5347900460610642,0.36885658793388443,0.38305493000509894,0.4111858803573071,0.40023813741279,0.3705084742782685,0.40534533373676906,0.47077445646593113,0.29002021203325284,0.23515624826018736,0.46739255601230506,0.22736652260089535,0.2624231335757655,0.30659654616466037,0.41672754539785195,0.1492437391954436,0.45262612178368383,0.4098895086920054,0.3853392487412351,0.09664674223764604,0.30299790971357476,0.16198726310281725,0.404359160293071,0.40519756605077106,0.2891487146825119,0.4747304578860061,0.35080793938139626,0.4484737617868877,0.37261666592854403,0.4231227603050039,0.10489631331039477,0.28807067546163856,0.3354576653723111,0.48456251031046993,0.4532802974048364,0.449946693364767,0.33034323427153833,0.40749540110511073,0.4090122739248212,0.16220839604903342,0.33384898374645067,0.5237701922776496,0.5470171154081563
146.5,0.15311749066634522,0.45337358025160207,0.19552944533764652,0.35585131354061095,0.5191946726239387,0.1096465753007588,0.3423759521186223,0.11311376445435795,0.3770073963325151,0.3007842535312474,0.49712181223882074,0.13816415922581562,0.2061763888010233,0.18681390901635336,0.31672977103320377,0.5193370519135835,0.33064643965127416,0.458003253520999,0.12198445728753562,0.3398858293207906,0.1796716217685478,0.3384005824725359,0.004737166940621153,0.4151807216489224,0.38371413855921943,0.5225532577920565,0.3328299604857093,0.5801712938805551,0.5444794849502498,0.3384721007235963,0.21235176919530635,0.057127783261861256,0.3514608839404797,0.5507050707366259,0.38214707239309714,0.4073119181499214,0.4366962191275821,0.4121327305948242,0.393937147259097,0.4010442903439838,0.483622113198462,0.27310798506715334,0.23521354591549995,0.4867571563023761,0.21345607485481252,0.2496280271740925,0.32567756445330687,0.43761740951965156,0.15678468860708367,0.4779060343213527,0.43366485988886927,0.4131259620926503,0.09694692315876144,0.3029688429727781,0.16611704809360356,0.3890011030803776,0.41814647625620116,0.29830326130397433,0.499885850567806,0.37693323995732514,0.44300994835090507,0.3857428512454655,0.4278615986664847,0.10693389969348877,0.2916274782780132,0.34395847866134993,0.4882009370735271,0.4732354734984896,0.4774505846183862,0.3465529231561881,0.4309772947484558,0.4248309360697114,0.14973385825155877,0.3574047686521243,0.5508871875160029,0.5670662560440324
147.5,0.15057780067863702,0.46623856626372706,0.17946691215214103,0.34964304410352004,0.5451107282351481,0.08600438861929414,0.3298727764381667,0.11252070009755141,0.40265534938148145,0.31742154915218723,0.5131793979755291,0.11805073864139526,0.21391476721881636,0.17561517941263852,0.3332919609572865,0.5413857869743185,0.33937521493955647,0.4846382870578573,0.11534106138807713,0.3410773803431905,0.17684232441731698,0.3583775157391131,-0.00931265002561347,0.38745635082777163,0.36795400943995105,0.5456953962414984,0.3476105478584569,0.6073282633372121,0.5687442418976321,0.33448611236253456,0.20869248300409118,0.038480266953636134,0.37221551407055153,0.5659515965630799,0.39508819729730754,0.43137030248846414,0.4619905286770253,0.4235795008205356,0.4171733077371339,0.39602292668151984,0.49587290253291316,0.25584748344440034,0.23519477522918883,0.5056765996392691,0.19950686519013955,0.23662662261075013,0.34461326033638395,0.4581890487719226,0.16451175899202436,0.5029036955294482,0.4571912525615852,0.4407755113152902,0.0976688417713962,0.302628037518449,0.17040994923530092,0.3727709192829217,0.43065820081177575,0.30725548552600557,0.5247197365897046,0.4029406262553302,0.4366518296007377,0.3985110257876975,0.43197142504137637,0.10934265907185925,0.2949472532919062,0.35212989470012757,0.4910062139874354,0.49278748109018505,0.5047250519270475,0.36253798069826154,0.45421028171804945,0.44025418068174627,0.13753124101187827,0.38082513319292566,0.5776527064311743,0.5865281349033407
148.5,0.14827105313621497,0.47854956574261254,0.16352955723156298,0.3428748016998279,0.5706500470825395,0.06306387399519306,0.3168020204718015,0.11229796962674599,0.4281382614015926,0.33389668614098994,0.5286559063971626,0.0984166712129108,0.2216741991084427,0.1645600314260831,0.3496620164111969,0.5629571875531492,0.3477919094086896,0.5110118118368151,0.10909998670795833,0.3418423159694811,0.17414516012944706,0.37816399706180304,-0.022237703875369948,0.3586488208029908,0.35140800777478814,0.5683835448075669,0.3621446477093973,0.6340391749678717,0.5925436523891718,0.3300263244619194,0.205040993856683,0.02076260015846488,0.3927662471136889,0.5804760399260672,0.4076437222233336,0.45518897141853143,0.4870259883497011,0.43454173071095736,0.4401765561481329,0.3902862009670186,0.5074827973866415,0.23832220643701746,0.2350996779995283,0.5241021662382613,0.18558699074731977,0.22347865580466814,0.3633669721368622,0.47839797419431285,0.17240243467127278,0.5275721077316049,0.4804251792913373,0.46824902473908353,0.09880623413702708,0.30197337602007324,0.17485211405620257,0.3557268344411398,0.4426944492774405,0.31597945100176306,0.5491827410108605,0.4287928576610782,0.429403597151094,0.41088502495891766,0.43542719489064136,0.11211146559525202,0.29801730236595964,0.35994516764888146,0.4929494971729945,0.511888805449095,0.5317245613574125,0.3782618608659731,0.4771510036958981,0.4552405040727021,0.1256595685099247,0.4040723829823499,0.6040124689640889,0.6053453050290403
149.5,0.14620542103777642,0.4902642032567587,0.1478000855461363,0.3355647341579673,0.5957583311647088,0.04096229211899531,0.3032144980685542,0.11244374473867162,0.45341629977076725,0.3501741960432659,0.5435016034002815,0.07937263417684128,0.2294329881690705,0.15370047960677707,0.3658038690198602,0.5839966149835625,0.3558696380625047,0.5370768901856194,0.1032857243712942,0.3421721147057659,0.171590519826267,0.3977214468881036,-0.03399059781483481,0.32889812161714393,0.33413998298898623,0.5905626879192237,0.3763967205385303,0.6602422053939506,0.6158200495121887,0.32510301753040893,0.20141161165597143,0.004064744484714488,0.4130735232637516,0.5942235999812054,0.41977691263446754,0.47872467027595905,0.5117572317487159,0.44498239281289625,0.46290456295856713,0.3838424009301341,0.5184072456940443,0.2206195366920689,0.2349282583778692,0.5419834019584517,0.17176512063457167,0.21024577900093164,0.3819010577456382,0.4981979074080784,0.18043408845823308,0.5518615074917438,0.5033209002144483,0.4955048639934757,0.10035145007911916,0.30100381967606743,0.179429381397186,0.3379347602296138,0.45421643744024454,0.324449246267973,0.5732226124646292,0.4544504789370894,0.4212737240900286,0.4228282027671142,0.4382049456107396,0.11522823296796296,0.3008254524325429,0.36737770333916736,0.4940035678481413,0.5304901412048266,0.5584003832797337,0.3936872544441776,0.49975393460598283,0.4697474485905799,0.11417564484151535,0.4271071174423284,0.6299086009769144,0.6234582052923374
150.5,0.14438801416321928,0.5013395825642297,0.13236027091991903,0.3277340808537472,0.6203779926213115,0.01982814706886681,0.2891656569479656,0.1129548264541069,0.47844730286847775,0.36621791714176516,0.5576655657820357,0.061024110704970824,0.23716941055793347,0.14308748154654083,0.3816806955392093,0.6044469782446218,0.3635816240625887,0.5627835103191133,0.09792026175562386,0.34205953285280577,0.16918817066448189,0.4170100263249177,-0.044534347756713034,0.2983602672950928,0.31622102847767664,0.6121751121632425,0.3903306170734001,0.6858716205219209,0.6385127288106535,0.3197287394896106,0.19781860176020963,-0.011533702787874887,0.43309635103807753,0.607138386943909,0.4314505719547636,0.5019318793262367,0.5361362192444339,0.45486422062785126,0.4853129532666764,0.37670330949956166,0.5286012848341523,0.2028300015257956,0.23468078589646563,0.5592681382078057,0.1581098754345958,0.19699108531794826,0.40017681175323583,0.5175407378468118,0.18858399909068382,0.5757192712787493,0.5258303467559479,0.5224984365977883,0.10229554762698559,0.29971944983334486,0.18412731574539717,0.31946822994349244,0.4651849481871542,0.33263901358823783,0.5967841501962294,0.4798716467961762,0.4122752334576122,0.43430346769153694,0.4402819612260124,0.11867999713717785,0.3033601045517343,0.3744011190018754,0.49414308333863843,0.5485403911075967,0.5847004509234187,0.4087760597324926,0.5219712871654497,0.4837316284460682,0.10313355846187895,0.44988809233354676,0.655279567465998,0.6408052437779971
151.5,0.1428248654522268,0.5117323860180316,0.11729010312116286,0.3194072028970408,0.6444481078382446,-0.00022060744082329662,0.2747153577013797,0.11382671029353844,0.5031866297851714,0.3819909438891608,0.5710957738714708,0.04347007995193526,0.244861727717885,0.13277051781894517,0.3972548764184558,0.6242487578705562,0.37090125340597047,0.5880784697961736,0.093023000907798,0.34149869123716176,0.16694721541023966,0.4359885586101858,-0.05384220061868591,0.26720644414643135,0.2977292852823682,0.6331604147186842,0.4039095691199857,0.7108577758121134,0.6605579610203305,0.3139183429036065,0.19427611421100224,-0.02596418090410017,0.4527922244936894,0.6191635743542576,0.4426270868009725,0.5247627106153018,0.5601121322135322,0.4641497939807798,0.5073552090648037,0.3688843561309724,0.5380196750810866,0.18504643754120517,0.2343577975589191,0.5759025348895761,0.14468919056676932,0.18377859403373042,0.41815439496242046,0.5363765004151275,0.19682936538391665,0.5990898473641397,0.5479030465225432,0.5491820268194579,0.10462838753480382,0.298121506643336,0.1889312397771441,0.30040820601230445,0.4755604073856524,0.340522984007377,0.6198091599086029,0.505011971906947,0.4024259524585271,0.4452733317274865,0.4416369479439301,0.12245299554032747,0.30561028473920127,0.3809893112621684,0.4933448443624758,0.5659866872593428,0.610569245780743,0.42348936560301437,0.5437529402118575,0.4971487723374657,0.09258422732757891,0.4723720971866149,0.6800601435628838,0.6573229104098618
152.5,0.14152092455600396,0.521398991944815,0.1026669507158181,0.3106115870007612,0.6679044070677437,-0.019078086731947302,0.25992757663743066,0.11505365488506047,0.5275870282485056,0.3974555874210882,0.5837392263952192,0.02680184636959789,0.25248820003477196,0.1227971889255205,0.41248796616840366,0.6433400597894694,0.3778021377227939,0.6129052867173062,0.08861070628670414,0.34048516185311917,0.16487605645847958,0.4546144651419001,-0.06189727023478443,0.2356216463587127,0.2787496130212911,0.6534555435573303,0.4170961922269278,0.7351271635987294,0.6818890407705185,0.30768900718334175,0.1907981133047951,-0.03916957658341518,0.4721170561821415,0.630241575508053,0.4532684859948196,0.5471668258805584,0.5836312917643677,0.4728016392241711,0.52898259105451,0.36040474968855046,0.546617052557602,0.16736307192717603,0.23396009895978304,0.5918311473200699,0.13156967643586368,0.17067270462969908,0.4357927772985799,0.5546533749729703,0.20514731780442053,0.6219147167772869,0.5694860714927045,0.5755046483359776,0.10733872668256239,0.2962124241260381,0.1938262652539806,0.2808427455851433,0.4853029753520876,0.34807551899047895,0.6422364411391123,0.5298243788193532,0.391748746003311,0.45569997321822325,0.44225022029239724,0.12653274243680818,0.30756569643202997,0.3871165326545583,0.4915880783851902,0.5827744359228709,0.6359477137908789,0.4377874477387701,0.5650463888483598,0.5099537836436502,0.08257499367254949,0.49451384935270315,0.704181426995132,0.6729459190968954
153.5,0.14048005821209075,0.5302956105053409,0.08856476024056245,0.301377820050025,0.690679302435685,-0.03665166951842109,0.24487003048487016,0.11662875293417048,0.5515985233605665,0.4125733479799991,0.5955420779418124,0.011102042806621982,0.2600271017827975,0.11321283670322643,0.427340676353265,0.6616567002175517,0.38425818548371254,0.6372041421459627,0.0846974810935642,0.3390160536049738,0.1629823646842578,0.47284371720963553,-0.06869201737697014,0.20380277183009304,0.25937311850975003,0.6729948708831304,0.42985250083400367,0.7586025103614965,0.7024363729275662,0.3010602439771909,0.1873983081040162,-0.05110437481625951,0.49102512710618135,0.6403142441705263,0.4633365139010456,0.5690913777585462,0.6066371047141124,0.48078234474496834,0.5501440819832815,0.3512875884768638,0.5543481021844855,0.1498745381397048,0.2334887644074724,0.6069970178508919,0.11881598892864761,0.1577376290192692,0.4530496951451613,0.5723177089306256,0.213514928051816,0.6441323859271951,0.5905240116087784,0.6014119224596886,0.11041430937162108,0.29399586106263503,0.19879732244221401,0.26086651316300813,0.494372654427112,0.35527115898678174,0.6640018086356343,0.5542589865729891,0.3802717223612073,0.465545314010551,0.44210389744483497,0.1309040999718974,0.3092167743909543,0.39275747687813617,0.4888547386252675,0.5988473868356972,0.6607732162476223,0.4516297788576577,0.5857967194526448,0.5221008188311462,0.07314927586550507,0.5162659065089484,0.7275708950842967,0.6876073793004045
154.5,0.13970505705878897,0.5383784385379506,0.07505331148388242,0.2917395315793443,0.7127019566973102,-0.052862835756815385,0.22961372300716834,0.1185440035207492,0.5751683298589749,0.4273049000813061,0.6064497994325259,-0.003556165660317928,0.26745673778853735,0.10406019705919631,0.44177287203091364,0.6791323223098931,0.3902436818646794,0.6609118571138224,0.0812947708996544,0.3370900962400962,0.16127305319957,0.4906308046676237,-0.07422760363103628,0.17195617927695614,0.23969653626131474,0.691710300788418,0.44213993662180934,0.7812029258562165,0.7221275976263426,0.2940538840039909,0.1840900845001115,-0.06173456154947865,0.5094690550576468,0.6493230996628488,0.47279271865660766,0.5904809764834813,0.62907003948874,0.48805469221775954,0.5707863534128043,0.34155994270364587,0.5611677511284754,0.13267484742373145,0.23294513600396444,0.6213417927217055,0.10649022397769821,0.14503681255644257,0.4698816241714705,0.5893140640875962,0.22190921732366453,0.6656784132404381,0.6109589757328605,0.6268459858080397,0.11384195564598791,0.2914767270700706,0.2038291882370967,0.2405801334720961,0.502729413152069,0.36208467922686716,0.6850381497307898,0.5782630128047639,0.3680284029350462,0.4747711114951681,0.4411821091657819,0.13555134474161673,0.3105547398178063,0.3978873729617607,0.48512981798371246,0.6141477277682569,0.6849795190964663,0.4649750536931013,0.6059466113911943,0.5335433847083298,0.06434628306529747,0.5375785995284932,0.7501525086625477,0.7012389965599677
155.5,0.13919764844134938,0.5456038338684459,0.06219754697389705,0.28173330170710764,0.7338983944312462,-0.06764763437445856,0.21423241608040922,0.1207903848086667,0.5982407906472598,0.44161009124498085,0.6164073617954283,-0.01710965936334779,0.2747554622395781,0.09537909008990486,0.45574358246312513,0.6956985447881963,0.39573337748075016,0.6839619072332546,0.07841139282542656,0.33470772146770333,0.1597542560870226,0.5079287226889271,-0.07851315035105252,0.1402947412122898,0.2198214599979853,0.7095314116013108,0.4539194107550418,0.8028441047642121,0.740887754289181,0.28669404370976015,0.18088643942089044,-0.07103729986120148,0.5273997825938501,0.657209576476874,0.4815985557717366,0.6112776841589508,0.6508676343851506,0.4945818040286083,0.5908537577900284,0.33125290451008815,0.5670313832923053,0.11585634076367606,0.2323308216592582,0.6348058644581872,0.09465134941988657,0.13263235527831257,0.48624376868692787,0.6055852886524049,0.23030716383472413,0.6864854717601385,0.6307306217148437,0.6517454312913985,0.11760764594872182,0.2886612031951001,0.20890651319927978,0.22008938302304104,0.5103333275231253,0.36849115302435786,0.7052755192549776,0.6017807043667494,0.355057847530254,0.4833390660102257,0.43947121061729594,0.14045822971672567,0.3115716564272161,0.4024820884725916,0.48040167677865836,0.6286162048114515,0.7084968239041431,0.4777812294746693,0.625436367127427,0.5442344550702379,0.056200796398742536,0.5583999876313444,0.7718468643244144,0.7137713012008092
156.5,0.13895851468471146,0.551928509616374,0.050056991252701376,0.2713985325049985,0.7541916565038292,-0.08095678575700337,0.1988020303679045,0.12335792632815165,0.6207573442741111,0.4554479550951337,0.6253594431529635,-0.029505715023502188,0.2819017000082086,0.08720615259894474,0.4692110268813294,0.7112851422891061,0.4007025861308281,0.7062844774816234,0.07605358803239722,0.33187114016104935,0.15843131207380318,0.5246889777741757,-0.08156493355911607,0.10903446399295913,0.19985342996035765,0.7263856327653553,0.4651513606345767,0.8234385801404663,0.7586394841109458,0.2790070702909773,0.17779991773709153,-0.07900040867492493,0.5447665859081698,0.6639152987262709,0.48971550761368476,0.6314210384579085,0.6719645403285763,0.5003273072805973,0.6102883474411475,0.3204016006101763,0.5718950754824517,0.09950864793324973,0.23164769202336846,0.6473285399247899,0.08335468646748186,0.12058444526735221,0.5020900685387947,0.6210726151533746,0.23868571019448895,0.7064834490550476,0.6497762170049131,0.6760452861542017,0.12169660154838949,0.28555675642733036,0.21401384771428172,0.1995042251213221,0.5171447397951703,0.37446602281674407,0.7246412728234619,0.6247532972433065,0.34140472604547367,0.4912109440825006,0.4369600050241454,0.1456080415290733,0.3122604871413766,0.40651824183100516,0.47466238266228544,0.6421922686747825,0.7312518431730066,0.4900055826193014,0.6442039721091402,0.5541266072434798,0.04874301844234273,0.5786758376813614,0.7925713952783522,0.7251339042147811
157.5,0.138987316319714,0.5573097490510589,0.03868527228843456,0.26077728135292216,0.7735019977026413,-0.09275544083455982,0.18339998351555103,0.12623578009213282,0.642656523857995,0.4687767396055083,0.6332506597495348,-0.040702131716969354,0.2888739708789448,0.07957461686006967,0.482132656039013,0.7258202566722078,0.40512729167254047,0.727806559142515,0.07422509503425559,0.3285844144510535,0.1573087530660998,0.5408616140511133,-0.08340554404168972,0.07839078234258282,0.17990088711842245,0.7421984554290144,0.4757958218064967,0.8428960263795359,0.7753032696839715,0.27102146385982295,0.17484255237486473,-0.08562167822065556,0.5615171057080097,0.6693823799958254,0.49710521920817907,0.6508481073192427,0.6922925997681386,0.505255514784525,0.6290299219787991,0.30904516271390065,0.5757158559781763,0.08371768115405735,0.2308978762984147,0.6588482339846937,0.0726514515432751,0.10895081597698338,0.517373224520685,0.6357157847059833,0.24702177116613608,0.7255995852158181,0.6680307308695277,0.6996770303990202,0.12609336034529633,0.2821721474540738,0.21913566748881075,0.17893770003605383,0.5231244352827635,0.3799851791381919,0.7430602386414452,0.6471190085455503,0.32711932735236776,0.49834871798110736,0.43363997291531076,0.15098365313944673,0.31261515106009774,0.4099733237443191,0.4679080604574836,0.6548142470328626,0.7531679218796083,0.5016047822766547,0.6621851854577727,0.5631721789901818,0.04199849071040253,0.5983496293644662,0.8122406198460567,0.7352557791992599
158.5,0.13928271968566217,0.5617056416127204,0.028129753653981866,0.24991405554393617,0.7917471263670166,-0.10302263279504671,0.1681044764554514,0.12941228994643914,0.6638739896483032,0.48155395122908634,0.6400258210533353,-0.05066714251579446,0.2956509170102043,0.07251413817726766,0.4944652102793465,0.7392306380853884,0.4089842640788808,0.7484520900038178,0.0729272410775041,0.32485352342630003,0.1563902974359062,0.5563952608505749,-0.08406303898103944,0.048574667773785905,0.16007401198063662,0.7568936753749351,0.4858125155485765,0.8611236078531839,0.790797709554226,0.2627677758218644,0.17202580814833832,-0.09090805921363018,0.5775974011153366,0.673553749537623,0.5037296508128398,0.669493575807377,0.711780962788652,0.5093316234349203,0.6470161052083495,0.2972266511412617,0.5784519863662695,0.06856469050722366,0.23008375693425204,0.6693026885937537,0.0625883673801844,0.09778623892211233,0.5320447431603987,0.6494531978488216,0.2552922423982843,0.7437586489259452,0.6854269588281932,0.7225686584220847,0.1307818477702102,0.27851743105173365,0.2242563985990599,0.15850468938670836,0.5282338376522497,0.385025047673334,0.7604549271059666,0.6688130629421334,0.31225749626765054,0.5047147219911488,0.42950550633554874,0.15656757203957714,0.31263058029307017,0.4128258277202894,0.46013924889897845,0.6664195428032117,0.7741652061358744,0.5125349813553741,0.6793136620625896,0.5713234462718353,0.035988077061575474,0.6173625877948664,0.8307664352536893,0.7440655692924644
159.5,0.1398424283390916,0.5650753408302851,0.018431282096488463,0.2388555682113093,0.8088424837994748,-0.11175046810213776,0.152993741004482,0.13287505861557264,0.6843425970103312,0.4937364156075139,0.645630209582141,-0.059379130268582894,0.3022113339463107,0.06605067241613606,0.5061647947640737,0.7514419142509075,0.41225118466965077,0.7681421380650624,0.07215904874079801,0.3206864210794215,0.15567884786054756,0.5712372023585641,-0.08357010799186626,0.01978871409642101,0.14048347212891846,0.7703936663526078,0.4951609527426234,0.878026367847254,0.8050398248077993,0.2542784828878849,0.1693605297266625,-0.0948747632272137,0.5929520273888881,0.6763735062482407,0.5095512476903692,0.6872898658604875,0.7303562408671633,0.5125219303698233,0.6641824523171261,0.2849929275823643,0.5800632676593367,0.05412540632134144,0.22920796320240516,0.6786292171354611,0.053207349981862904,0.08714206218657575,0.5460550017078705,0.6622220919264559,0.26347401061066933,0.7608831507743368,0.7018956794180438,0.7446447859627225,0.1357454426205211,0.2746039485393014,0.2293604423331319,0.13832058089849603,0.5324352231779199,0.38956268449145376,0.7767457767242647,0.689767755557474,0.2968804901780776,0.5102718258662985,0.4245541460354601,0.16234198419497198,0.3123027761943399,0.41505538950661053,0.45136126033882257,0.6769448580973398,0.7941608587389363,0.5227519255696553,0.6955211062173664,0.5785328223148015,0.03072800915683368,0.6356537448283438,0.8480584530271912,0.7514919182979197
160.5,0.14066321770017137,0.5673793449405382,0.009624051067758667,0.22765045658903724,0.8247015601781589,-0.11894311015018291,0.13814526399452154,0.13661101202501724,0.7039925010702628,0.5052803555075414,0.6500098863162964,-0.06682617218503761,0.30853420548848964,0.06020640342361394,0.5171869724537675,0.7623788861803107,0.4149067804129956,0.7867951279566391,0.07191735477042847,0.3160930850728016,0.15517649351559887,0.5853334700638203,-0.08196327236966361,-0.007776624703833712,0.12123910838019332,0.7826196814348293,0.5038005544692783,0.8935076510692355,0.81794539417381,0.24558783656622554,0.16685689409888932,-0.09754431027358561,0.6075241381221819,0.6777873024849033,0.5145331275267413,0.7041672891166342,0.7479426979255928,0.5147940673078746,0.6804625876972488,0.27239447360688956,0.5805113718622353,0.040469290787822854,0.22827336361248046,0.6867649738643224,0.04454527558987775,0.07706580386172966,0.5593533340109728,0.6739587447988594,0.2715439657283278,0.77689359226449,0.7173658428973746,0.765826803521114,0.1409670377916346,0.27044431173365535,0.23443220003666557,0.11849986622309669,0.5356919545337602,0.39357587950888695,0.7918514340439063,0.7099125527050056,0.28105474792008733,0.5149836258771969,0.4187868191512081,0.1682887939475051,0.31162886447337645,0.41664293525655116,0.44158453843296624,0.6863264435605458,0.8130693201477628,0.5322110810551774,0.7107374564940984,0.584753078536224,0.02622998874157893,0.6531600300236455,0.8640243710405366,0.7574638256789593
161.5,0.14174097236942745,0.568579801160414,0.0017355769300210812,0.21634896460533234,0.8392362427809419,-0.12461561162935056,0.12363500491655828,0.14060646058578552,0.7227512986221367,0.5161414865819911,0.6531120229526176,-0.07300544210951629,0.31459874267217747,0.05499971894302306,0.527486875436923,0.7719658485398062,0.41693096718121064,0.8043271081829146,0.07219693830825127,0.3110855548487625,0.15488451635719647,0.5986289585139298,-0.07928213232763162,-0.0339464707785893,0.10244859416463122,0.7934921798547537,0.5116907898746069,0.90746955193119,0.8294293137551565,0.23673168844346257,0.16452436788009678,-0.09894555660304342,0.6212556123634031,0.6777427604994339,0.5186392859174557,0.7200542324903234,0.7644624775943878,0.5161172534411707,0.6957883733134402,0.25948515258871163,0.5797602003088895,0.027658916781568604,0.22728305724107342,0.693647248528107,0.03663382923193563,0.06760080782411391,0.571888137872171,0.6845987045230866,0.27947901547050547,0.791708748149062,0.7317647909943967,0.7860330763938879,0.1464290959473123,0.26605237795226927,0.2394560981914641,0.09915470969163055,0.5379687346338239,0.3970432681650572,0.8056890645821232,0.7291742312576048,0.26485156513802227,0.5188146538975784,0.41220807449260494,0.17438966019918023,0.3106071486621505,0.4175708380686262,0.43082500763801973,0.6945003728866489,0.830802612123208,0.5408677810424244,0.7248911010264313,0.5899375879858164,0.022501340350235162,0.6698163918299875,0.8785703761593991,0.7619110258533031
162.5,0.1430707255700072,0.56864083462955,-0.005213218921239972,0.205002592857698,0.8523571916142911,-0.12879265084159108,0.1095366250327329,0.1448471572127942,0.7405442072041442,0.5262751315089367,0.6548852626664123,-0.07792250171994884,0.32038442709088405,0.05044523252693386,0.5370193350983273,0.7801269330277041,0.4183050016758335,0.8206520562207322,0.07299065571087991,0.3056779575833365,0.1548034011943756,0.6110675647712608,-0.07556867298004255,-0.058564475744111166,0.08421610586008069,0.8029311767160413,0.518791331750353,0.9198133801590991,0.8394059774637664,0.22774729208064634,0.16237166964911348,-0.09911273160350378,0.6340872068887314,0.676189925023658,0.5218348203963822,0.7348773755962834,0.7798358648145582,0.5164625672274543,0.7100901071259543,0.246321913836061,0.5777762701834158,0.015749486885626468,0.22624036390496513,0.6992137865724981,0.029499433980519622,0.05878596731202805,0.5836070043799868,0.6940770446096397,0.287256102777886,0.8052459790796126,0.7450185063505645,0.8051791902175516,0.15211370024815413,0.2614432156354238,0.2444166139172251,0.08039352941485838,0.5392318811548495,0.3999444512340796,0.8181746912693024,0.7474770566381099,0.24834667254228493,0.5217306049639195,0.4048263118986615,0.18062602917110807,0.30923716129274426,0.4178230824916883,0.41910440705912294,0.7014028424980443,0.8472706800424762,0.5486773920827774,0.7379091220422236,0.594040592067034,0.019545207232583444,0.6855559491544586,0.8916015706190968,0.7647643932448014
163.5,0.14464670020449727,0.5675289031870334,-0.011207831710013933,0.1936637200805954,0.8639742371254828,-0.1315072234636248,0.09592074612929125,0.14931835192371948,0.7572942804927589,0.535636353021685,0.655280111634727,-0.08159051238141138,0.3258710587643333,0.046553847964543746,0.545739031621996,0.7867864736841452,0.41901164163670995,0.8356822175634765,0.07428957931842693,0.29988652048394304,0.1549328492596398,0.6225923518262065,-0.0708666361683937,-0.08149516343437863,0.06664104309550334,0.8108566133343615,0.5250622303032315,0.9304401351879614,0.8477896745437367,0.21867308289753185,0.16040673754534565,-0.09808450791020448,0.6459587337216688,0.6730817563922643,0.5240861734475071,0.7485619386599229,0.7939815792169749,0.5158032373580332,0.7232967506648322,0.23296443915747428,0.5745291306832605,0.004788500121577044,0.22514881326071193,0.7034031358295816,0.023163257669603133,0.05065551963626774,0.5944568696166079,0.7023286445317336,0.2948522265652681,0.817421571110869,0.7570518899901774,0.8231782396885222,0.15800260037243394,0.2566330602898759,0.2492983011263314,0.062319633471624045,0.5394496223367076,0.4022601226162227,0.8292235565882802,0.7647429985892702,0.23161971615965796,0.52369858379575,0.39665400161117415,0.18697916414782179,0.30751971217140717,0.4173854363711089,0.4064505998422555,0.7069704967511202,0.8623817687673846,0.5555955003193522,0.7497175681060523,0.5970174915048303,0.017360782858004433,0.700310173050751,0.9030224149121284,0.7659563758577563
164.5,0.1464623510352536,0.5652131790987553,-0.016239910657943384,0.18238520122371032,0.873996794630871,-0.13279933529794627,0.08285425660382433,0.15400484296387512,0.7729226583809217,0.544180106321476,0.6542493641097701,-0.08402939832271634,0.3310388087204023,0.04333286193310097,0.5536006633319398,0.7918693937507137,0.41903531389349497,0.8493284739512001,0.07608313777129105,0.29372956796911337,0.15527179494744087,0.6331457361051172,-0.06522096204949489,-0.10262557417373504,0.049816837170563254,0.8171887465866157,0.5304641056249604,0.9392509813687013,0.8544950013098415,0.20954843797956335,0.15863670219992043,-0.09590312378728601,0.6568092628445299,0.6683746692930435,0.5253613949941713,0.7610319591297883,0.8068170971851778,0.5141149530628775,0.735336184571615,0.2194747337705468,0.5699918102016169,-0.005184431831031211,0.2240121328373934,0.7061550212688734,0.017641291830685406,0.043238913183374264,0.6043841890863797,0.7092884953840775,0.30224446615732947,0.8281510983874032,0.7677890649167006,0.8399411569382685,0.1640772540538029,0.251639260552759,0.25408581750261183,0.0450299530199427,0.5385924146648586,0.40397220486811464,0.8387505046537985,0.7808919830714904,0.21475364183698656,0.5246873707000156,0.38770788896482744,0.1934301725004,0.30545693301765964,0.41624562929827136,0.39289784796533234,0.7111407795454198,0.8760428260305464,0.5615781183571285,0.7602417524335805,0.5988251627149903,0.015943570120825774,0.7140090978643728,0.9127371801335894,0.7654214617149318
165.5,0.14851040754746586,0.561665958863413,-0.020306925605614257,0.17121994814998281,0.8823342905567992,-0.13271473428457153,0.07039968122869886,0.15889102445637435,0.7873488494632344,0.5518614113567326,0.651748564477803,-0.0852649893530548,0.3358682764343046,0.04078610001754064,0.5605591363431032,0.7953016149290584,0.4183622895953403,0.8615007355074488,0.0783592556868206,0.28722750233723837,0.15581842537740245,0.6426696991410127,-0.058677301544169766,-0.12186616837778448,0.03382988286161599,0.8218485567644983,0.5349583593322997,0.9461477173374286,0.8594372855360657,0.20041341828894615,0.15706786503628362,-0.09261357187873243,0.6665773499688818,0.6620291229716949,0.5256304247703227,0.7722105949495796,0.8182589991570609,0.5113761937331609,0.7461354906959556,0.20591666513257234,0.5641412956709487,-0.014137622557099345,0.2228342350337375,0.7074107501934151,0.012944495828784356,0.036560745771840736,0.6133351351778529,0.7148920309755042,0.30941000978509,0.837349805340828,0.7771537039648085,0.8553770747921485,0.17031886447245353,0.2464802142770889,0.2587639525124812,0.028613910789236797,0.5366332829354233,0.4050639921325957,0.8466703798937774,0.7958421778645586,0.19783398977777475,0.524667707264719,0.3780091791244063,0.19996003046608918,0.3030523177594079,0.41439353672094337,0.3784870409706521,0.7138523139500867,0.8881599267702962,0.5665819133113327,0.7694065755916981,0.5994223010097841,0.015285660539453908,0.7265815608374269,0.9206504034375909,0.7630966843080482
166.5,0.1507829170846915,0.556863102017118,-0.02341177723187725,0.1602204997724955,0.8888965965869119,-0.1313037120765575,0.05861462883828279,0.16396093064984923,0.800491043029611,0.5586355454704038,0.647736510273055,-0.08532816806649195,0.34034055218789694,0.038914080861122954,0.566569775091445,0.7970104913175913,0.4169808657880095,0.8721083513078604,0.08110449077433314,0.28040276664763586,0.15657020243216396,0.6511060235826098,-0.0512815986183055,-0.1391509939832266,0.0187586239271836,0.8247581748463231,0.5385074059595121,0.9510332350661024,0.8625330236850977,0.1913084962986652,0.15570568192416623,-0.08826286380477913,0.6752012892996989,0.6540102690411441,0.5248653950247575,0.7820204523888186,0.828223338629067,0.5075685775729344,0.7556212593391919,0.19235545514019348,0.5569590447481473,-0.022047211542191948,0.22161920312058894,0.7071136512520395,0.0090789980206542,0.030640771431431253,0.6212558180026975,0.7190754852109061,0.3163261874987816,0.8449330054580069,0.7850693802741786,0.8693937193029917,0.17670841384762018,0.24117529470477278,0.2633176565849574,0.01315245787098394,0.5335481831491306,0.4055203000162761,0.85289843987696,0.8095103087275396,0.18094810854523108,0.5236126022365092,0.3675836959645617,0.20654960600574185,0.3003107577158438,0.41182136852109796,0.3632658661414097,0.7150453123328112,0.898638711719221,0.5705644567566056,0.777136871241199,0.5987697922503943,0.01537602607033153,0.7379554689179251,0.9266673417774436,0.7589221751878303
167.5,0.15327128790288777,0.5507844995275399,-0.025562365401524418,0.14943858901576182,0.8935944694419957,-0.1286199975862214,0.047551329564334575,0.16919827687113015,0.8122664472863856,0.5644582569614662,0.6421758005514496,-0.08425404257284583,0.34443728442682,0.037714203012015834,0.5715885543390683,0.7969252721767959,0.4148815523609762,0.8810605331924627,0.08430416678128116,0.2732797886983912,0.15752388693660585,0.6583965537021795,-0.0430797395821059,-0.15443716529937337,0.004672816121522447,0.8258413320680054,0.5410749246880503,0.9538119671389731,0.8637003335629124,0.18227427255371617,0.15455475207995867,-0.08289937597298955,0.6826193912947248,0.644288663175728,0.5230409538132161,0.79038393651261,0.83662602964516,0.502677228612348,0.7637199204034247,0.17885713290784522,0.5484315308024061,-0.028896940255452457,0.2203712763137699,0.7052095517172128,0.0060463447427915,0.02549397095758506,0.6280925300527016,0.7217762773794133,0.32297050881448963,0.8508164943108936,0.7914599393014069,0.8818978252283056,0.18322669358225777,0.23574476691710394,0.2677320716402722,-0.0012826956162651482,0.5293163883357114,0.4053276218305803,0.8573507811586616,0.8218120024744178,0.16418430177337898,0.521497657792702,0.3564620087429028,0.21317968019344308,0.29723857088927447,0.40852386066199414,0.3472889067856398,0.7146620205056792,0.9073848339801808,0.5734844973646774,0.7833577740457635,0.5968311148075184,0.01620081670787026,0.7480580914202453,0.9306944213194086,0.752841773876592
168.5,0.15596633183134417,0.5434145718004799,-0.026771129753326562,0.13892471436630385,0.896339996300247,-0.12471975746100461,0.0372562700189145,0.1745864973652175,0.8225916503900665,0.5692860001794562,0.6350334343330231,-0.08208116161545731,0.34814075209202644,0.03718094902926281,0.5755723533785752,0.7949775998719566,0.412057263070919,0.888266788415726,0.08794250088812798,0.26588490519342367,0.15867556465973803,0.6644834808040496,-0.034117265397045946,-0.1677037364309295,-0.008367016201270809,0.8250238370382768,0.5426261320147574,0.9543903247661583,0.8628594278759836,0.17335118506221062,0.15361881206304837,-0.07657227847673448,0.6887702857263784,0.632841046443432,0.5201346090468884,0.7972236228594113,0.8433832502129406,0.49669116090046694,0.7703580976323913,0.16548795707185576,0.5385508195927052,-0.03467781969457948,0.21909483396721546,0.7016472986138759,0.0038437876485356583,0.02113068017274295,0.633792015259861,0.7229334279204265,0.3293207053827746,0.8549169762694729,0.79624989216464,0.8927955679200507,0.18985433141317082,0.2302096949179877,0.2719925630919967,-0.014629639068805728,0.523920897098004,0.4044742904638935,0.8599447790324648,0.8326621531347083,0.1476309241777592,0.5183014162546147,0.3446795197755409,0.21983096750772843,0.2938435245384655,0.4044984681597549,0.3306176549577966,0.7126472006085451,0.9143044083608517,0.5753022571741494,0.7879951097894333,0.5935727738218349,0.01774365774080634,0.7568163772499614,0.9326396830069422,0.7448037072894916
169.5,0.158858306263126,0.5347427955259131,-0.027054575734080467,0.12872772388222725,0.897047048784572,-0.11966071184178366,0.027769931444313674,0.18010878021776128,0.8313830010529879,0.5730761928714747,0.6262814637125496,-0.07885078484992109,0.3514339419197371,0.03730610160740251,0.5784792332828906,0.7911020517040432,0.40850350916016487,0.8936373581652495,0.09200272446339731,0.2582462654516634,0.1600206737887143,0.6693096543071486,-0.024439142133231694,-0.17895007780202035,-0.020309922116885648,0.822234088317732,0.5431280760800155,0.9526771338395772,0.8599331175961282,0.16457921575373308,0.15290073466102388,-0.0693310461195619,0.6935932507105452,0.6196512009169867,0.5161270931363704,0.8024626497108681,0.8484118602515698,0.48960367802214105,0.7754629858252307,0.1523138179826662,0.5273151750466561,-0.03938770749127919,0.21779437896829879,0.6963793304225697,0.002464599709206073,0.017556768739539007,0.6383017632826922,0.7224880083639709,0.33535477893303917,0.8571525061367128,0.799364831346582,0.9019930053444167,0.19657181593705225,0.22459183988008163,0.27608475343283784,-0.02683660149803991,0.5173488640920001,0.4029506449791631,0.8605995443984389,0.8419753073557846,0.13137544653452288,0.5140057270247775,0.33227650610611426,0.2264841354296286,0.2901348502597133,0.3997455573450198,0.3133204251378441,0.708948658643113,0.919304460045341,0.5759797525861893,0.7909758088910415,0.5889647697828504,0.019985941308597314,0.7641572957017877,0.9324132284876535,0.7347613526259946
170.5,0.16193695526706203,0.524764257359199,-0.026432798006921932,0.11889441940016932,0.8956317521245543,-0.11350136819469643,0.01912663227641338,0.18574809962038646,0.8385570060582108,0.5757874966281495,0.6158977058293699,-0.07460621711884505,0.35430063055537575,0.03807896676942827,0.580268738195586,0.7852367370571929,0.4042185937385729,0.8970836610019175,0.09646719636218627,0.2503937143154413,0.16155403358352063,0.6728189195986165,-0.014089584208527729,-0.18819387874848698,-0.03111466543249044,0.8174036335191126,0.5425499532755351,0.9485840819711701,0.8548473579231851,0.15599759844118777,0.1524025324183314,-0.06122504841327352,0.6970285689399784,0.6047108820871905,0.5110027477532004,0.806025131545949,0.8516298343543817,0.4814127852288511,0.7789627519297222,0.13939963136305364,0.5147296896405533,-0.04303081390922016,0.21647452037590692,0.6893623070824445,0.0018984106265851493,0.014773861582601555,0.641570330184605,0.7203836304054452,0.3410510547085664,0.8574429495395502,0.800731871371603,0.9093965248416758,0.2033595189720999,0.2189135501897109,0.27999455752659363,-0.037862074818480244,0.5095920509966593,0.4007492008344336,0.8592364040685586,0.8496660657944185,0.115503511599819,0.5085961330304515,0.3192981080985424,0.2331198237470105,0.2861232507597335,0.39426859502940786,0.2954721563046979,0.7035178238520483,0.9222933716727761,0.5754811412846225,0.792228346067552,0.5829811033639163,0.022907107738043955,0.7700082004060468,0.9299276753714324,0.7226740990140321
171.5,0.16519154964274135,0.5134802310301672,-0.02492901163409061,0.10946918821538112,0.892012980302454,-0.10630037148624025,0.011354473176180468,0.19148724571720763,0.8440307430295013,0.5773801214168326,0.6038665167722643,-0.06939221210159993,0.3567254713631887,0.039486599568905545,0.5809022218160361,0.7773239638807619,0.3992038047794604,0.8985187430318835,0.10131750818931859,0.2423586542686987,0.16326987394895903,0.6749564843755976,-0.0031119248650783825,-0.19546890246582255,-0.04074967369217755,0.8104677892357117,0.5408634477877234,0.9420261958557512,0.8475318538382917,0.1476445328316508,0.15212536551314973,-0.05230321379636155,0.6990179130534764,0.5880208274723128,0.5047499276214332,0.8078365958426348,0.852956711783371,0.47212161042120293,0.7807869622568931,0.12680873580103363,0.5008069324478731,-0.04561715621998256,0.21513995542202596,0.6805578067936932,0.0021315528510447374,0.01277959467527598,0.6435476870428903,0.7165669804203221,0.3463882406066807,0.8557104688638253,0.80028011904633,0.9149132907363393,0.21019771618102187,0.213197644172397,0.28370821963983694,-0.04767473055721514,0.5006472954016022,0.3978648224028819,0.8557794142203544,0.8556494981305718,0.10009800431558111,0.5020622754638895,0.3057942582328878,0.23971866393831806,0.28182089757255346,0.3880743317794284,0.2771540915508793,0.6963103881984125,0.9231813311836738,0.5737730963824987,0.7916832107624961,0.5756003180042428,0.026484913018642215,0.7742972168158856,0.9250986360280977,0.7085083237703153
172.5,0.16861092578163017,0.5008987724124156,-0.022569099754790916,0.10049366882004573,0.8861128927448121,-0.09811596563040001,0.0044753794443999646,0.1973088523554627,0.8477222883211786,0.5778161553379133,0.5901796287910158,-0.06325444762573076,0.35869408568839795,0.04151402824103392,0.5803432003853063,0.7673109911383,0.39346360418531995,0.8978577400265454,0.10653458114667222,0.23417388716604806,0.16516186562102858,0.675669315831173,0.008451471649407486,-0.20082261392073852,-0.04919281017067399,0.8013663394306402,0.5380430946073292,0.932922375230586,0.8379207465919076,0.13955690906608648,0.15206955365689886,-0.04261376224815087,0.6995047629133382,0.5695918363480313,0.49736142160518826,0.8078244473574367,0.8523140688673598,0.4617388289623056,0.780867039671656,0.11460230674786502,0.48556760500529544,-0.04716198027933154,0.21379545095298808,0.6699330984539354,0.0031474102959421443,0.011567896799111068,0.6441855984821696,0.7109884070702842,0.3513454921679016,0.8518800450950023,0.797941180166515,0.9184516912336956,0.21706660636926195,0.20746728647676296,0.28721235231430053,-0.05625314765022885,0.4905169939354761,0.3942948962191971,0.8501559206642831,0.8598415707753888,0.08523816006498228,0.49439831481950647,0.29181954380194686,0.24626129899636648,0.27724141898970067,0.3811729761171953,0.25845332699542,0.687287015110577,0.9218807868304092,0.5708252091314854,0.7892734151188656,0.566806081206037,0.03069567954966864,0.776953654801541,0.9178452401017851,0.6922384986319865
173.5,0.17218352325406147,0.48703532480808664,-0.01938118478582712,0.09200645641141678,0.8778575333637537,-0.08900555865288791,-0.0014947669766596037,0.203195423012009,0.8495511618745093,0.577059920872513,0.5748370494499814,-0.05623907254868119,0.36019315827643933,0.04414447330496392,0.5785577335678245,0.755150885984546,0.38700581005079276,0.8950183607571942,0.11209875431493099,0.2258734363959182,0.1672231507685298,0.6749065717494027,0.02055926155371402,-0.20431378830686944,-0.0564309896639625,0.7900443331193041,0.5340666663098352,0.921196017102613,0.8259534068431951,0.1317700471077669,0.15223459167005102,-0.032203999866804084,0.6984348585071947,0.5494459095547788,0.48883488844443124,0.805918466351681,0.8496260220829963,0.4502790858403487,0.7791367565654492,0.1028387995609255,0.4690411917414442,-0.047685166729906914,0.21244582439849444,0.6574619983213112,0.00492676270829441,0.011129289198006532,0.6434380336585619,0.7036025708870016,0.35590248348367837,0.8458800497949561,0.7936497120704961,0.9199217860633777,0.22394632992568825,0.20174585924566193,0.29049397707202923,-0.06358537489048263,0.4792095944159921,0.3900395031060177,0.8422971837480795,0.8621595884759786,0.07099873394006337,0.485603365271042,0.27743299823762585,0.2527284040764829,0.2723998775395124,0.3735783560891157,0.23946222525759087,0.6764141270652537,0.9183069205293357,0.5666104214681429,0.7849350487179717,0.5565878043265389,0.03551452808981335,0.7779084493527935,0.9080907273854567,0.673848439303476
174.5,0.17589742106343528,0.4719133238807166,-0.015395228481350484,0.08404285275151221,0.8671775181273661,-0.0790253825342383,-0.006545915854299715,0.20912935525086676,0.8494387934176262,0.5750783589822875,0.5578480177648477,-0.048392323013316016,0.36121053648013746,0.04735955863001899,0.57551483474754,0.740803505976969,0.3798417687848607,0.8899214054436779,0.1179898643764337,0.21749235074142875,0.1694463737761128,0.6726200693944259,0.03317114175757045,-0.20601019001477275,-0.06245966273976537,0.7764530049386853,0.5289155836266312,0.9067757714598537,0.8115753640388164,0.12431745500615991,0.152619168384515,-0.021120168704742637,0.6957566932486815,0.5276174309263644,0.4791733033007758,0.8020513498466301,0.8448197737454659,0.43776340705551925,0.7755327715548931,0.09157343346517975,0.45126658789603014,-0.047210637470022264,0.21109592436434105,0.6431258183624626,0.007448119754197069,0.011451195446663176,0.6412616126961099,0.694369165697069,0.360039484151458,0.8376428855388927,0.7873440341983406,0.9192357600440957,0.23081698679496018,0.19605682933839125,0.2935405669602837,-0.06966835561164295,0.46674008990385135,0.3851015870354787,0.8321390899868379,0.8625226533774697,0.05744925216685316,0.4756819382845653,0.26269781702729833,0.25910070829166804,0.26731273644306386,0.3653080641540355,0.22027769313100803,0.6636647813962403,0.9123781561327645,0.5611054894069593,0.7786078918017887,0.5449412992685405,0.04091558955000289,0.7770946341579364,0.8957631442654247,0.6533327076774922
175.5,0.17974037255735253,0.4555647884845757,-0.010642664647090284,0.07663466370772579,0.8540088426964842,-0.06823023783086371,-0.010673568900717582,0.21509296399732944,0.8473090174131777,0.5718414424431411,0.5392320073815281,-0.03976020451317051,0.3617353327905401,0.05113951205496549,0.5711869120957667,0.7242366270556242,0.37198651331443966,0.8824913382802372,0.12418731694721903,0.20906649165455113,0.171823712049325,0.6687647968315586,0.046247843473023784,-0.2059863922534065,-0.06728219548936826,0.7605508440732361,0.5225753492547496,0.8895964769220888,0.7947394048058377,0.11723060960236206,0.15322118847481944,-0.009407345192638623,0.6914220534930507,0.5041543628141095,0.46838540995315814,0.796159307845436,0.8378262161266132,0.42421959032223,0.7699952201828305,0.08085772716116134,0.43229268377716296,-0.04576577573778392,0.20975061098955106,0.6269144115601056,0.010688039929068029,0.012518254571067089,0.6376160920735934,0.6832537222920501,0.3637374422360499,0.8271057173891025,0.7789668115727979,0.9163083923704889,0.23765865441810202,0.19042361299460003,0.29634009092433833,-0.07450724451468735,0.4531305056030511,0.3794871182651275,0.8196229766643194,0.8608521484235053,0.04465336395993176,0.46464438986607937,0.24768099592383921,0.2653590179924794,0.2619978145996425,0.3563835811004124,0.20100032817657815,0.6490196426317225,0.904016725110754,0.5542914779366196,0.7702361012975983,0.5318694683349898,0.04687219589799105,0.7744478548060197,0.880796183611098,0.6306981696238337
176.5,0.18369983900835826,0.43803088020619185,-0.005156066872742167,0.06981004647632952,0.8382938467235578,-0.05667331294108661,-0.013878444333176818,0.22106850398917346,0.8430886075435297,0.5673226197027,0.5190197609458248,-0.030388235109417537,0.3617580301374084,0.05546335371468285,0.5655502416588282,0.7054272369918181,0.3634589033301869,0.8726569384556015,0.13067014978070163,0.20063230609662028,0.1743469066520577,0.6632994720460217,0.059751103542652874,-0.2043217873842443,-0.07090917246054225,0.7423048376711383,0.5150360037753225,0.8696003313463381,0.7754068749116148,0.11053876275237944,0.15403779687882216,0.002890619295818786,0.6853866110384618,0.47911941782919687,0.4564861718806523,0.7881827293940178,0.8285806138791832,0.4096825633190709,0.7624683722033674,0.07073909521949105,0.4121788800855585,-0.04338087085052408,0.20841473612707842,0.6088273158263497,0.014621430387376903,0.014312631207610161,0.6324648928178371,0.670228504622726,0.36697807324259635,0.8142113219141379,0.7684658286546115,0.9110575564491062,0.24445140601935095,0.18486943936411138,0.29888105993412256,-0.07811464708025087,0.4384103671264337,0.37320524795701504,0.8046965993543956,0.8570722553538997,0.03266830826034967,0.45250736433220257,0.2324528911273534,0.2714842418221141,0.25647422970759914,0.3468303742470017,0.1817334445952878,0.632468057412758,0.8931493183666834,0.5461542873693765,0.7597689862989709,0.517383020966844,0.05335704997232967,0.7699069305755385,0.8631302140600908,0.6059657017918645
177.5,0.18776302191817698,0.4193624108254128,0.0010311475684344354,0.0635934071619531,0.8199823754221836,-0.04440606805622523,-0.01616609863289919,0.22703819172262368,0.8367078653398596,0.561499290300598,0.49725433244022577,-0.0203212445571005,0.3612705893092173,0.06030907067987947,0.5585854732112613,0.6843630107895798,0.3542817429483996,0.860352059480886,0.13741708827051063,0.19222658751737837,0.1770072926908704,0.6561871556872542,0.07364361732465714,-0.20109881941382915,-0.07335764986084449,0.72169191362593,0.5062926015075571,0.8467383572964152,0.7535492190783162,0.1042687754924351,0.15506540541220862,0.015731121795903157,0.6776105762130833,0.4525911577009155,0.4434972136219109,0.7780669361666205,0.8170233886127598,0.3941946958813004,0.7529013702843265,0.06126051251743212,0.3909955051366842,-0.04008859624386511,0.2070931235016716,0.5888749929076098,0.019221824927707028,0.016814317485187448,0.6257756755689559,0.6552735077448893,0.36974395494195234,0.7989090838151661,0.7557948732351412,0.9034047709372632,0.2511753296680227,0.1794172144411699,0.3011525747882598,-0.08050981087535551,0.4226171363462415,0.3662684511579969,0.7873152749900634,0.8511105217111474,0.02154450557822652,0.43929422553603914,0.21708670358073984,0.27745741786530986,0.25076232934041226,0.33667796505849484,0.16258199450013305,0.6140092343167299,0.8797078592591306,0.5366852101129294,0.7471618916101939,0.5015012077161121,0.0603423744436206,0.7634144760403434,0.8427135497496894,0.5791720280108875
178.5,0.19191689411159693,0.39962027339618367,0.00788497756201178,0.05800534804968678,0.7990331816464897,-0.03147817434505011,-0.01754651813774224,0.23298422722148518,0.828101281475719,0.5543533124263295,0.47399210599688224,-0.009603223711815583,0.3602665577266813,0.06565377703527984,0.5502781690661398,0.6610439786171991,0.34448187109377837,0.8455165319254956,0.14440659369414918,0.1838862279196118,0.17979582932081817,0.647395923610495,0.087888976543523,-0.19640145379788093,-0.07465038426534162,0.6987006036627588,0.49634570297081615,0.8209722247333758,0.7291497896954153,0.09844498193034584,0.15629972122550279,0.02907280061809723,0.6680594196021454,0.4246649585476988,0.42944724181678495,0.7657630437864802,0.8031010331764673,0.3778060508398545,0.7412490667359728,0.05246025174978991,0.3688241015818441,-0.0359235271397256,0.2057905489228415,0.5670801514918008,0.024461638154096924,0.02000142224906425,0.6175209665010314,0.6383775644650748,0.37201862793981705,0.7811561724697677,0.7409147514382564,0.8932758286160395,0.2578105484489831,0.17408938691180592,0.3031443754061405,-0.08171779600243215,0.40579659840461935,0.35869265469544315,0.7674432344205097,0.8428984953685971,0.011325280345324174,0.4250354646051308,0.20165789201688128,0.2832597431510572,0.24488360996755879,0.3259599610876268,0.14365140643812896,0.5936535254464409,0.8636304389438904,0.5258815154814611,0.7323772090875067,0.48425255799754907,0.06780004058190432,0.7549175959478536,0.8195040145446579,0.5503716493365288
179.5,0.1961482297142436,0.3788757695271624,0.015371062474092761,0.05306266273318461,0.7754156118402888,-0.017937499601800713,-0.018033692520722427,0.23888881595557998,0.8172082922302957,0.5458715424528598,0.4493037506660059,0.0017227814551925718,0.35874117868745337,0.07147385888760974,0.5406193748770194,0.6354843875263658,0.33409021950422574,0.8280972491121534,0.15161690474538875,0.1756479642734188,0.1827031293011203,0.63689960507208,0.10245159515533046,-0.19031388641865934,-0.07481505939933483,0.6733329404793387,0.48520187915246077,0.7922764915222297,0.702205948227954,0.09308908391135337,0.15773577676689807,0.04287550278611106,0.6567046704190915,0.39545377113624036,0.4143724332793444,0.751228952891059,0.7867671859804732,0.3605745568221558,0.7274729761422792,0.04437169676593936,0.3457575480504259,-0.030921702077389156,0.20451172071559784,0.5434791344519774,0.030312394750307604,0.02385044409289586,0.6076788375858765,0.619539563798307,0.3737867017241312,0.7609189317001672,0.7237944551939128,0.8806015360078254,0.26433724213737714,0.16890781744418043,0.3048468915721106,-0.08176864867791686,0.388003181261383,0.3504973462475668,0.7450552172988433,0.8323724495736912,0.0020467144681350974,0.4097690710640015,0.18624352220957255,0.2888726057433352,0.23886062399266347,0.31471404722596424,0.12504636808457015,0.5714237991048046,0.844862460388606,0.5137470584259272,0.7153855365934259,0.46567560360479654,0.0757016777239614,0.7443686687941092,0.7934708550914892,0.5196388116244125
180.5,0.20044363313992758,0.3572108030120389,0.02345487237094645,0.04877837611533684,0.7491116158792173,-0.00383013241403425,-0.01764518119770212,0.24473419121919182,0.8039741572868786,0.5360464052145526,0.42327506145446936,0.01361473677635589,0.3566915000502829,0.07774510417760261,0.529606220188533,0.6077147447792506,0.3231418332664126,0.8080494786594986,0.15902607294456106,0.16754812278964154,0.18571948805481814,0.6246785917229775,0.11729662588996652,-0.1829194834916905,-0.07388353036519145,0.6456065909057808,0.47287422098102916,0.7606413148568393,0.6727314706859612,0.08822007680714257,0.15936796092338773,0.057100230581531644,0.6435247988423427,0.36508859600721977,0.39831677532256987,0.7344304927473845,0.7679838973529657,0.3425660854238692,0.7115423619876244,0.037023232142552986,0.32189998058916686,-0.025120230688873386,0.20326126042448028,0.5181233387963797,0.03674493343206812,0.028336525546567036,0.5962336437523631,0.5987697786293036,0.3750339658370259,0.7381745143170824,0.7044125021216637,0.8653186026795667,0.27073567067493093,0.16389365292106312,0.30625129480964763,-0.08069659831906258,0.3693001870652014,0.341705660595336,0.7201383380462865,0.8194742255742172,-0.0062623717619739745,0.3935408523784885,0.17092156257841662,0.29427761966635874,0.2327168752530387,0.30298193142469665,0.10686958415757689,0.5473568830938701,0.8233580412384978,0.5002929057611237,0.6961670026660794,0.4458195651373802,0.08401876457507497,0.7317262360427502,0.7645970526550563,0.4870694312287446
181.5,0.20478956720776162,0.3347179087790003,0.03210186603709067,0.045161825462964406,0.7201181125999174,0.010799562216511696,-0.01640168248646348,0.2505026372733622,0.7883509880210426,0.5248764923361262,0.3960076282258409,0.026031653050436233,0.3541164812432258,0.08444281746895779,0.5172425446168607,0.5777840125849594,0.31167584884201244,0.7853384438159636,0.16661199254918002,0.15962236472047903,0.18883491219368348,0.6107207209423972,0.13238986975741027,-0.17429993688665518,-0.071891101121345,0.6155572103679424,0.45938284526711914,0.7260756710307497,0.6407592495614913,0.08385420607592078,0.16119005103903217,0.0717090711975733,0.6285061879374854,0.3337185883853685,0.3813323416564191,0.7153427394108552,0.7467231195481586,0.3238544149335184,0.6934354741317694,0.03043820722041509,0.29736648028051904,-0.018556948473498914,0.20204368394479486,0.49108062360115295,0.04372958581924422,0.033433686619069855,0.5831768178251713,0.5760912920598373,0.3757475058092286,0.7129127882507182,0.6827584641613338,0.8473707245897645,0.2769861998066474,0.15906720700525892,0.30734955121173596,-0.07853929452915803,0.3497599132132148,0.3323444388788045,0.6926942430718942,0.8041522235434352,-0.013580319344829925,0.3764046849474615,0.15577013881408172,0.2994566628506403,0.22647670342895926,0.2908092404347279,0.08922054342281892,0.5215050461816997,0.7990817271226602,0.48553797082677574,0.6747127712693939,0.4247449733708626,0.09272270365023849,0.7169560146187482,0.7328820731479896,0.45278287418729873
182.5,0.20917238052939377,0.31150008634352216,0.04127761904459891,0.04221877791383855,0.6884497281806572,0.025908862022784356,-0.014326613917334047,0.2561765135619691,0.7702989573665489,0.5123671840135737,0.367619267049504,0.03893359037170337,0.3510170972958608,0.09154192013271406,0.5035395431625886,0.5457619011119326,0.29973542473115466,0.7599412167423731,0.17435242558466596,0.15190543741770973,0.19203914753110118,0.5950222344810016,0.14769768052828836,-0.1645346146997681,-0.06887584749642325,0.5832409811455324,0.44475538611151355,0.6886110945095911,0.6063442580626114,0.08000495361878857,0.1631952455326365,0.08666511299433248,0.6116441979498074,0.30151070816466186,0.3634794855508692,0.6939515274451428,0.7229684488715875,0.30452106344158913,0.6731409509072412,0.02463497072663891,0.27228249753276557,-0.011270118050510227,0.20086338319396657,0.46243664647801885,0.05123633088337819,0.039115036542380244,0.5685077217284895,0.5515415016132327,0.3759158233122745,0.685138531562914,0.6588346946761584,0.8267099099469568,0.2830693291764556,0.15444784836599662,0.30813447492648194,-0.07533709638414618,0.3294636404808119,0.3224442565880362,0.6627415657540243,0.7863625751664324,-0.019892422229386864,0.35842267824872565,0.14086676245508006,0.30439191828728107,0.22016515815407187,0.2782453617256568,0.07219432979303125,0.4939374710970287,0.7720105647501481,0.4695096442989158,0.6510267342093582,0.4025241925805183,0.10178488022003562,0.7000320497967043,0.6983450760241083,0.41692345904556555
183.5,0.21357833433103396,0.2876704093727097,0.05094792433917258,0.039951579391227565,0.6541419017884265,0.04145658673044671,-0.01144571062855293,0.26173828024627344,0.7497877224256204,0.4985312872640889,0.33824414432253647,0.052281638210142055,0.34739643845470136,0.09901703655644233,0.48851642140736623,0.5117411791547877,0.2873676204690002,0.7318489594710251,0.18222502264761214,0.14443093433973048,0.19532170655106315,0.5775888096591129,0.16318686598759224,-0.1537000845956692,-0.06487799456978272,0.5487372680642062,0.42902745814300447,0.6483059074518278,0.569566707567695,0.0766830523135688,0.1653761968659912,0.10193235138581276,0.5929443214501589,0.2686488378211715,0.34482693087740396,0.670255168402707,0.6967171415709724,0.28465497587270594,0.6506593940121557,0.019626970438376988,0.24678299047758817,-0.0032981752999758592,0.19972460839777867,0.4322960538297204,0.05923492607027272,0.045352963237266154,0.5522345490859967,0.5251736676850445,0.3755289598749798,0.6548739189292705,0.6326582535668666,0.8032980981496959,0.2889657231189019,0.15005389770397465,0.3085997819866032,-0.07113242286176125,0.30850146596284617,0.31203941604265106,0.6303186649246024,0.7660705323841726,-0.025190624820258124,0.3396652329464312,0.12628755008379705,0.30906591851596465,0.21380786383642922,0.26534322867748056,0.055880511877234265,0.46474165673439644,0.7421365769182914,0.45224440536903676,0.6251273887401455,0.379241808525562,0.11117670724589021,0.6809380234914273,0.66102857328788,0.3796615311850958
184.5,0.21799362885766596,0.2633513875505641,0.061078867921423266,0.038359329537623055,0.6172543204400178,0.057402982049728976,-0.007786647301906466,0.2671705253432393,0.7267980886626416,0.48338968078826666,0.3080325237395627,0.06603787525526,0.343259803848591,0.10684256716579459,0.4722010479358933,0.47583989068984217,0.2746232203248574,0.7010695361740046,0.19020734015816276,0.13723106755419184,0.19867189539796737,0.5584366552730352,0.17882458737303505,-0.14186978656285543,-0.05993935414175468,0.5121512904463499,0.4122430754480015,0.6052498552374842,0.5305352859596636,0.07389652669087593,0.16772504465821286,0.11747558697223395,0.5724234218254886,0.235332307046438,0.32545174129494503,0.64426637978049,0.6679824133603702,0.2643520523823458,0.6260051156712272,0.015422910904967715,0.2210112648690866,0.005320481959574518,0.1986314511260062,0.40078343561853497,0.0676950164351626,0.05211930053833006,0.5343752699572386,0.49705845756088474,0.3745786234430798,0.622161280402394,0.6042630153906775,0.777109121132457,0.2946562444573228,0.14590253465836414,0.30874014407945916,-0.0659691696800346,0.28697196070318515,0.3011678992805992,0.5954866045590005,0.7432521051634403,-0.029473141187537456,0.3202109735950018,0.11210645089728954,0.313461593583394,0.20743087631123744,0.25215904717970794,0.04036214283785183,0.43402467083730034,0.7094696671163166,0.4337883936195371,0.597049883501068,0.3549948404811517,0.12086965772505973,0.6596687286803183,0.6210024878344992,0.34119394092687083
185.5,0.2224044295295108,0.23867406413931724,0.07163688222031953,0.0374380772106063,0.5778746018654413,0.07370959224636861,-0.0033786876773744244,0.2724559937124061,0.701323938653759,0.46697195325200325,0.27715007146730064,0.08016531279178268,0.3386147874408974,0.11499274913388649,0.4546305876538237,0.43820333270216666,0.26155649897243166,0.6676305006561283,0.19827685465296313,0.13033645603877822,0.20207884041753937,0.5375936578310048,0.19457825845581683,-0.12911383233943058,-0.05410282530189588,0.4736166699218082,0.39445500741430845,0.5595689911710247,0.4893903141363981,0.07165075724615463,0.1702334487375394,0.13326031814973052,0.5501110397434431,0.20177378793084805,0.3054391485469453,0.616014414357332,0.6367960148215266,0.24371450972906214,0.5992080452691984,0.012026961234439446,0.1951175156538753,0.014547665629936393,0.19758782815061793,0.36804394337351265,0.07658622333205736,0.05938547366631958,0.5149586030238286,0.4672854194939643,0.3730583168625678,0.5870660840121472,0.5737019261301783,0.7481310506758956,0.3001219914982482,0.14200971536327764,0.30855124188219446,-0.05989219504509742,0.2649816352891522,0.2898712776077571,0.5583322958618855,0.7178959768316371,-0.03274401252359306,0.3001465377094957,0.0983945008129998,0.3175623225341543,0.20106053273205543,0.23875196322511477,0.025714898182831025,0.40191415882718795,0.6740409582356692,0.41419791807516804,0.5668481972020407,0.3298927352160264,0.1308352859443555,0.6362317136370608,0.5783685042219568,0.30174375318845
186.5,0.22679689300646264,0.21377684233769254,0.08258877972524417,0.0371810311220671,0.5361220900205623,0.09033912456982343,0.0017476355826238146,0.2775776180974063,0.673374438088622,0.4493170180748554,0.24577666660495429,0.094627824771592,0.33347135449117027,0.12344170579408646,0.4358520955573083,0.39900561851735566,0.24822492773804186,0.6315824340100302,0.20641097483498086,0.12377593274422857,0.20553151431137767,0.5151005555584656,0.21041544537855666,-0.11549891011794995,-0.04741195873628692,0.4332976727155936,0.37572505048231697,0.5114305653923805,0.4463066037382017,0.06994856560044639,0.17289262196526878,0.14925263012392864,0.5260507424140232,0.1681965583096479,0.2848822225973223,0.5855473609619184,0.6032110501059614,0.22285007264608722,0.5703157662874846,0.009439004317667336,0.16925708543339857,0.0243455326418228,0.19659746624398117,0.3342434628924928,0.08587821434725158,0.06712262378526394,0.49402499400147476,0.4359643037251014,0.37096346726661455,0.5496800563152426,0.5410493498777897,0.7163689629718448,0.30534433844883113,0.1383901013525985,0.30802981751671143,-0.052946874346338255,0.2426442019994312,0.27819457457693336,0.5189716785661387,0.690005716132972,-0.03501261964036123,0.27956620487471817,0.08521912089668429,0.32135198850839186,0.1947232962065196,0.22518367257769234,0.012006373453977218,0.3685590014404595,0.6359065353961654,0.39353987615253155,0.5345973909710481,0.3040571017527831,0.14104523903679686,0.6106490893683658,0.5332645346125396,0.2615590276161709
187.5,0.23115719332913137,0.18880404561687975,0.09390176934345643,0.03757878043187489,0.49215156440402846,0.10725530824660116,0.007560809111632809,0.28251855242394863,0.6429765157712837,0.43047368384394413,0.21410468265974775,0.1093900674685863,0.327841906545623,0.13216348574465744,0.41592304641572575,0.35845062558598284,0.23468882138532693,0.5930025679885592,0.21458705189517344,0.11757637296264481,0.20901876195453473,0.4910121082440715,0.22630376828942755,-0.10108827503353238,-0.03991058358456381,0.3913909267074603,0.3561241930939514,0.46104757380755607,0.4014957463357221,0.0687903175146011,0.17569336272179253,0.16541908196358665,0.5003014787444593,0.13483117172234946,0.2638813695843196,0.5529345635567854,0.5673049740787501,0.20187099875383105,0.5393956337485312,0.007654918580536735,0.14358847155860693,0.03467668727077217,0.1956638879706492,0.2995682329713082,0.09554075622937788,0.07530171273672523,0.4716275715941493,0.4032261304508534,0.3682915550924804,0.5101243100916107,0.5064034176547595,0.6818481312476747,0.3103049794252791,0.13505700025461165,0.3071737255471424,-0.04517872190682869,0.22007962898689987,0.266186079877965,0.47755276771380306,0.6596022904698794,-0.036293166687238,0.258571353329046,0.07264347667298243,0.3248150373953873,0.18844559692031676,0.2115179753973943,-0.0007044429915787826,0.3341295059011046,0.5951515158386893,0.3718920520686292,0.5003958475434119,0.27762114969001084,0.15147126023454535,0.582959479544492,0.4858690406297292,0.2209105387488241
188.5,0.23547154828387223,0.16390423084328976,0.10554345782957456,0.038619520560454604,0.44615659558048826,0.1244227502682032,0.01402859452743845,0.2872622075433077,0.6101775918488413,0.4105011554725766,0.1823367316483126,0.12441739118474637,0.3217413329339635,0.14113209275047905,0.39491177188024285,0.3167721132497455,0.22101092710190287,0.5519985789001903,0.22278238884640694,0.11176254605811271,0.2125293259815067,0.4653982202368144,0.24221080581051,-0.08594180818467283,-0.031642494260424835,0.34812636401944624,0.3357326501358431,0.4086825221979969,0.3552075209070207,0.06817404067986092,0.17862608694259025,0.18172659311374706,0.47293889030869724,0.1019116173401041,0.2425436482163303,0.5182690761374653,0.5291826629390812,0.18089294791064264,0.5065368978365244,0.006666883465046521,0.1182711302788791,0.04550425398730246,0.19479039856465616,0.2642238109177417,0.10554375260247792,0.0838936092916703,0.4478330442789581,0.3692238906711433,0.3650422414498667,0.4685522979799862,0.46988825802464734,0.6446176263589833,0.3149859761787409,0.13202231850994112,0.3059819820682587,-0.03663307649559757,0.1974129905130247,0.25389711253443575,0.43425833899774824,0.6267268630848113,-0.03660415104582707,0.23726973620134725,0.06072591294758536,0.3279365400946047,0.18225367152575156,0.19782028053435954,-0.01236751418659277,0.29881701511951997,0.5518943082574705,0.3493432620699298,0.46436737983580656,0.2507288013036671,0.1620851851343694,0.5532200740232771,0.43640486406096973,0.18008835805766182
189.5,0.23972624615100901,0.13922828768682605,0.1174818384856682,0.040289279748860644,0.3983722123819701,0.14180678984061806,0.021118251851744117,0.29179228958270004,0.5750484984986649,0.3894694374835334,0.15068289393614545,0.13967574615532868,0.3151870466738014,0.15032150746514922,0.37289777308602984,0.2742328001468722,0.20725595907464145,0.5087123761938015,0.23097424933862162,0.106356992080332,0.2160518722208919,0.43834496275414303,0.2581040031541845,-0.07011612920391871,-0.02265119350935791,0.30376712664790195,0.3146397433592961,0.35464987382433105,0.3077300827838311,0.06809555415749434,0.18168085959794453,0.1981423305920196,0.4440565138828264,0.06967109785761397,0.22098190120176037,0.48167003732716757,0.488979406858369,0.1600337146997999,0.4718527317295506,0.0064637001667848595,0.09346314187527191,0.05679192430046397,0.19398007394692734,0.22843330646193366,0.11585726819906886,0.09286915828867108,0.4227224928216251,0.33413275715231117,0.3612174921211935,0.42515235874439605,0.4316559554234649,0.6047542621848001,0.31936980970135675,0.12929652617427817,0.30445481121045137,-0.027354846201886957,0.17477312676785292,0.24138173291061915,0.3893079758117799,0.5914438272419463,-0.03596783293857957,0.21577457591391463,0.049519476216647304,0.33070225819837873,0.17617340268146942,0.18415706606385165,-0.02294191532776847,0.2628328293592565,0.5062908512255748,0.3259933129929869,0.4266630598680983,0.22353345884295134,0.17285893223907578,0.5215087248830408,0.3851421359425553,0.13939729303423756
190.5,0.24390767297073088,0.11492737216446058,0.12968526917819234,0.04257214259263398,0.3490764918177417,0.15937335302542452,0.028796731529851127,0.29609284098961053,0.5376864998666012,0.36745960769286184,0.11935749253789016,0.15513158455980008,0.30819900267624634,0.1597057020588442,0.3499718745121273,0.23112221899946025,0.1934900841258086,0.46332364165393986,0.2391398666102395,0.10137992422006066,0.21957501501364346,0.4099554305957126,0.2739505847908132,-0.053664749612457596,-0.012979687385907768,0.2586081839895392,0.2929436058273006,0.2993165968527737,0.2593886046993482,0.06854860643414859,0.18484742559940193,0.21463359796553907,0.413766797358079,0.0383375928060546,0.19931370570053647,0.4432848127436252,0.44686362321381434,0.13941185049341395,0.43548203278258,0.007031119779075326,0.06931881342337282,0.06850398079620226,0.19323574995767762,0.19243483888735058,0.12645154132583308,0.10219923425145785,0.39639200573449246,0.2981496822996052,0.35682169655960755,0.38014957566886387,0.39188805060970283,0.562366766619491,0.32343943572885187,0.1268886336300326,0.30259368849671286,-0.017388307739414837,0.1522911371329675,0.22869640431238691,0.3429591630936911,0.5538439926907734,-0.034409716279905744,0.19420348273400684,0.03907153364250173,0.3330987130736483,0.170230160708056,0.17059530442480825,-0.03239581764816659,0.22640635715891136,0.4585385392252183,0.3019527417993089,0.3874625901802097,0.19619642333136286,0.18376448896325365,0.4879259981423276,0.33239977028253864,0.09915126861136156
191.5,0.2480023404565396,0.09115073503342047,0.14212244155725767,0.04545046718954829,0.29859065465047235,0.17708880884168246,0.03703083652068964,0.3001482844082125,0.4982182738693319,0.3445639275448252,0.0885755068309774,0.17075176023791142,0.3007996961822247,0.1692586487720144,0.32623618390882403,0.18775322213278015,0.17978036552922255,0.4160528060890269,0.24725645309193714,0.0968491574931937,0.22308734258678092,0.38035035876849727,0.28971747245028123,-0.036638256282243015,-0.0026703273675023564,0.21297345418385172,0.27075069159498943,0.24310023536735623,0.21054209004217223,0.06952501921233864,0.18811524007542377,0.2311677270700812,0.38220183843810585,0.008129403685726237,0.17766015498229462,0.40329071859393684,0.40303903999947305,0.11914520864276486,0.39759083889437197,0.008352171799120544,0.04598630438320091,0.08060530165750465,0.19256001279315244,0.15647821725629596,0.13729698620294156,0.11185478097943717,0.3689530983636262,0.26149227037311873,0.3518617798670783,0.3338066325192005,0.3507963733902538,0.5175999903853354,0.3271783442438084,0.12480617992728049,0.30040138033919,-0.0067769548023719805,0.1300987408511256,0.21589960638548727,0.29550709688866006,0.5140477935267244,-0.0319580503821431,0.17267721162687674,0.029423494173847875,0.33511325809012377,0.16444864925519867,0.15720186219180493,-0.040706308179009006,0.18978244796774146,0.4088794632406693,0.27734230714257857,0.3469750182588788,0.16888497894917673,0.19477389422373664,0.45259706657030047,0.27854502430661854,0.05966683490805752
192.5,0.25199691467543495,0.0680435159021748,0.1547623432008543,0.04890509323468065,0.24727726332555616,0.1949198279093874,0.04578735625266321,0.3039434694296953,0.45680266993045515,0.32088575488870796,0.05854875409790108,0.18650342753860744,0.2930141394250768,0.1789543234162084,0.30180382423221286,0.144457095417257,0.1661941740788312,0.3671630893497534,0.25530121121000915,0.09278006348211541,0.22657744249176162,0.34966841763488427,0.30537120927763217,-0.019084516317272815,0.008235305334081842,0.16721130048536875,0.24817507681921827,0.18646401807766674,0.1615781772289003,0.07101483423992518,0.1914734980245923,0.24771197336173492,0.3495137466317334,-0.020749108469965652,0.15614449221810714,0.3618961113038324,0.3577460588149012,0.09934945222214922,0.35837317997545615,0.010407486793090202,0.0236053634465493,0.09306134842878644,0.19195519072014217,0.12082089804385457,0.14836418677498658,0.12180683866220429,0.34053285231322256,0.224396835477464,0.346347305589371,0.28642334232977984,0.30862298663620347,0.4706388879132904,0.3305706229036295,0.12305523218665748,0.29788197903066466,0.00443660992955506,0.10832654824488863,0.203051404023968,0.24728289586430557,0.4722083348354939,-0.028643360163190253,0.15131828029278716,0.020610633912923955,0.336734153771708,0.15885275687300088,0.1440428858299601,-0.04785906325732884,0.15321790733925517,0.3576025227599603,0.25229221008769764,0.3054385857109819,0.14177017712340914,0.205859218679541,0.4156733011621423,0.22399064276868225,0.021256080986778742
193.5,0.25587824559074174,0.045744580057842966,0.16757421426371533,0.05291553881131243,0.1955361885613147,0.21283324455311173,0.05503317449184216,0.3074637222649575,0.41363300819936377,0.29653922658328796,0.029481993783969936,0.20235394058050313,0.28486981469839756,0.18876670478698185,0.2767984071707851,0.10157734738064839,0.15279857700095478,0.3169611899115248,0.26325134590503413,0.08918555043765015,0.23003392723892654,0.3180661027004385,0.3208778908843178,-0.0010488962155937114,0.019696478164274268,0.12168838930237627,0.2253375452807161,0.12990870819508415,0.11290590270570437,0.07300646071028534,0.19491116334591166,0.2642334157329657,0.31587452573591007,-0.04811138598911149,0.134890626014108,0.3193406115209598,0.31126198406615263,0.0801365678442705,0.3180511727791965,0.013175608053364596,0.0023052623744240137,0.10583813980578474,0.19142334706191116,0.08572333388754853,0.15962388340157477,0.13202656011401287,0.3112737113762825,0.18711559520741997,0.3402905670178096,0.238334548785282,0.2656390290014131,0.42171192384552825,0.3336010244444805,0.1216403954804757,0.29504093247845703,0.01621074450829195,0.0871022932310149,0.19021297704122728,0.1986499614326768,0.42851404148219874,-0.024498010449015867,0.13024947951359434,0.012662024352159013,0.3379506455919189,0.15346541631922994,0.1311831857731227,-0.05384789735375907,0.11697725401405842,0.3050439240573849,0.2269410300443871,0.2631195139034893,0.11502437491477353,0.21699254363278114,0.3773333945517458,0.1691892171694485,-0.015780686486650812
194.5,0.25963339755792003,0.024384476473835796,0.1805275000756428,0.05746018429777237,0.14379814561658008,0.2307959231758995,0.06473535339237728,0.310694898316379,0.3689386435998787,0.2716486823970866,0.001569125475992422,0.21827075398549609,0.2763966021958236,0.19866977092026392,0.25135322423856565,0.05946236487829639,0.13965971657467163,0.26579620687666144,0.27108407933715345,0.08607606756487186,0.23344546019424178,0.28571713899735307,0.3362031041532118,0.01742551027800287,0.0316733530678046,0.07678204052352736,0.2023644597710938,0.07396118612450896,0.06494657944839069,0.07548682108956914,0.19841699726764542,0.28069886159262186,0.28147537856632143,-0.07379195241461314,0.11402156516838582,0.2758942333464349,0.2638998105506296,0.06161343092278657,0.2768741713303754,0.016633287988854127,-0.01779699612832996,0.11890221385642241,0.190966274445944,0.05144388542266289,0.17104695393475358,0.14248521750558094,0.28133287442671473,0.14991300204262836,0.3337066645230934,0.1899061679936419,0.22214227760163632,0.3710934857820314,0.3362550379042849,0.12056483240873055,0.29188506793639607,0.02850480422466357,0.06654908277690327,0.17744611735362067,0.14999834254990158,0.38319062279711835,-0.019555808273203308,0.10959231441669084,0.005600558940146782,0.33875304402845613,0.14830847317882925,0.11868563177542109,-0.05867421112755472,0.08132784185114957,0.25158558438293854,0.20143437353928065,0.220309561719713,0.08881860157133034,0.2281459394919759,0.33778383285110236,0.11462459023434104,-0.051162091109132515
195.5,0.26324968083979355,0.004083591665596866,0.1935918009913315,0.06251644216584315,0.09251579977187367,0.24877462963828245,0.0748611959961204,0.313623437633991,0.32298549081923267,0.2463478085482575,-0.025010345714450495,0.23422132615462687,0.2676266813157134,0.20863749306605653,0.22561014084796308,0.01845725215557126,0.12684219120651666,0.21405642591895346,0.27877666827366193,0.08345963189910074,0.236800781813521,0.2528113310790048,0.351311874515023,0.03629765002432777,0.0441270042821522,0.032871359084582184,0.17938643063263168,0.019160121235613913,0.018123157898792437,0.07844149347524346,0.20197958623845,0.2970747579774522,0.2465253500658529,-0.09764895793002293,0.09365781661544728,0.23185521780774362,0.21600530507883398,0.04388046710380058,0.23511680961529927,0.020755766006180915,-0.03659813347680994,0.13222058090298994,0.190585490294145,0.01823351802155892,0.18260439034528692,0.1531542011009484,0.2508812356147139,0.1130612775962813,0.3266135662328833,0.14152925479113768,0.17845331491220282,0.3191048339456649,0.338518963539879,0.11983029150818239,0.2884226090474374,0.04127914972690887,0.046783720901445544,0.16481270180466637,0.1017371175933455,0.33650203032908055,-0.013851645405029653,0.08946542115647761,-0.0005569293186038589,0.3391328064338416,0.14340256534615353,0.10661057246199104,-0.06234636354368778,0.046534531703361304,0.1976510319680489,0.17592324730713024,0.1773222522941304,0.06331984323214597,0.2392914447276803,0.29725852836803096,0.0608004146868117,-0.08463224225368342
196.5,0.26671468418742117,-0.015049434710985262,0.20673682070426228,0.06806091205115745,0.042152688475164325,0.26673590832958133,0.08537828949210853,0.3162364231557487,0.2760752040852347,0.22077848899622868,-0.050094413911280535,0.25017302597354557,0.25859440449130106,0.21864382828703274,0.1997181910647061,-0.021104721052525078,0.11440845210582926,0.16216371202051322,0.2863064245980303,0.0813418758321968,0.24008873625638563,0.21955280974736135,0.36616862255366833,0.055528277369618274,0.057019412235964254,-0.009672411858703243,0.15653680338049208,-0.03396051784343605,-0.027151362256596173,0.08185484889596055,0.20558736932618502,0.3133271094629869,0.21124925046712764,-0.11956589513210421,0.07391579489066369,0.1875464281107893,0.1679522060810052,0.02703045135684818,0.19307582175548313,0.025517025491797223,-0.05400966836984302,0.14576066910944246,0.19028223352722023,-0.013669460331565542,0.19426727222530832,0.16400501129671202,0.2201018383609012,0.0768352832681751,0.3190321494079083,0.09361213876966971,0.13491027632737257,0.2661131094466699,0.34037999125663776,0.11943714355891914,0.2846631854384053,0.054495131146533905,0.027915163304744733,0.1523741499379235,0.05428499807511231,0.28875007339838,-0.00742118197985573,0.06998300720876499,-0.005799468836680077,0.33908262021733604,0.138767014623833,0.09501529162084296,-0.06487899256812113,0.012854151087400336,0.14369854001361543,0.15056218264611151,0.13448775367730897,0.038688346726157626,0.250401046129464,0.2560174392704078,0.008226305935311722,-0.11596631270660174
197.5,0.2700163085209609,-0.03291897986246987,0.21993231411502578,0.07406952071252161,-0.006829524926618547,0.28464596560518973,0.09625453150684012,0.3185216415915405,0.22854273814304488,0.19508936508043556,-0.07354111026351569,0.2660930438205938,0.24933614305618584,0.22866271140750313,0.1738318854784759,-0.05891056314215026,0.10241822865214886,0.11056543003641439,0.2936507393539277,0.07972611307867802,0.24329829846953882,0.18615765523260963,0.3807371306736481,0.07507972262570714,0.07031343739921096,-0.050495755083952286,0.13394999815868164,-0.0848890106207895,-0.07048574268902622,0.08571018229052248,0.20922866519135366,0.32942140364877054,0.1758848370778505,-0.1394524448080588,0.054906293269318285,0.14331025451201657,0.12013549932032433,0.01114748057207925,0.1510655982879864,0.030890028343152538,-0.06995858392214192,0.15949026448676104,0.19005746243417673,-0.04404435070771232,0.20600673825860527,0.17500924527390482,0.18918783211476792,0.04150692731228227,0.3109862197040382,0.046570867882690284,0.09186227125353308,0.21252797331829848,0.34182628227498524,0.1193844247998399,0.2806178341677596,0.06811505220573712,0.010043153678815673,0.14019087693339563,0.008059564648602604,0.2402723797475866,-0.00030057100220997463,0.05125336453985294,-0.01012168020989863,0.3385964867480667,0.1344197314765337,0.0839535127691197,-0.0662923075609816,-0.019469984849190342,0.09021146024032915,0.12550715378664565,0.09214650840190622,0.01507504793244926,0.2614466611509725,0.21434403793479123,-0.04259763603452569,-0.14497482730218667
198.5,0.2731428017278771,-0.04944335727457029,0.23314803577884172,0.08051764692195429,-0.05398470534103209,0.30247056024950647,0.1074581416020803,0.3204676468057358,0.18075209194724678,0.1694341187908464,-0.09523037277795235,0.28194830769975004,0.239890105190319,0.23866804714061965,0.14810926089333695,-0.09467537277422086,0.09092799479375283,0.05972404874232222,0.30078711070060576,0.07861342068156689,0.24641860178709668,0.15285091322146913,0.3949805207130919,0.09491566393155834,0.08397277748200169,-0.08927233267400973,0.11175974376132028,-0.13315314435221653,-0.11152172907811486,0.08998983614218622,0.2128916987340673,0.3453225449942789,0.14067928011027417,-0.15724446834768152,0.03673306568172085,0.09950209467383789,0.07296290018371072,-0.0036938521611548465,0.10941253238866169,0.03684692620693017,-0.08438758603148243,0.17337744701624383,0.18991185365961732,-0.07269244647757475,0.2177939566767483,0.18613857948224577,0.15833994865488663,0.007339364224685502,0.3025025056483307,0.0008183986523258333,0.04966170039155137,0.1587955728342491,0.3428470537214248,0.11966988605859193,0.27629899231577415,0.08210211793021036,-0.006742915409185033,0.12832175249209743,-0.036534264816115485,0.19143845647838184,0.007473777542982429,0.03337750322098342,-0.013523449098037968,0.3376698052818048,0.13037713376930102,0.07347496211512823,-0.06661137436117812,-0.050213205148314566,0.03768601234207165,0.10091334810417785,0.050641828619823914,-0.007380772759380061,0.2724001230862231,0.17254154951571304,-0.09119687960350953,-0.17150645750843785
199.5,0.2760827945523642,-0.06455536769876999,0.24635368986942238,0.08738023162645889,-0.09889586991398948,0.3201749016472312,0.11895766002672636,0.32206382543623496,0.1330901568590323,0.1439695109945645,-0.11506519105580351,0.2977054053164339,0.23029612654971404,0.24863370308200486,0.12270971733450937,-0.12814902966888203,0.07999048782960219,0.010104850888195878,0.3076931761500541,0.07800273454500169,0.2494389660577802,0.11986306229704255,0.40886124322710415,0.11500090388683501,0.09796191109273703,-0.12571140286045562,0.09009725751360319,-0.17833577222098568,-0.14994388822473875,0.09467531604641302,0.21656462748082536,0.3609947977889499,0.10588499159221336,-0.17290321475818343,0.01949156452609647,0.05648261117212807,0.02684486630647529,-0.017429062552159653,0.06844831906381914,0.043359248215530936,-0.0972549705037662,0.1873905243036431,0.1898458022474335,-0.09944062591659084,0.22960009572909074,0.1973647490389976,0.12776354632574807,-0.0254187206806963,0.2936106256646098,-0.04324684895757251,0.008655819259839884,0.10538973450516523,0.34343266577052384,0.12029004679142133,0.27172048016588624,0.09642036909007237,-0.022364884886402543,0.11682357663750917,-0.07911579608036662,0.14264372409732567,0.01586539474195815,0.016447948477421828,-0.016009553982553434,0.33629945616878354,0.1266540799502902,0.06362499814246665,-0.06586541124436303,-0.07917399583025378,-0.013382894915503794,0.0769328586714927,0.010311792004437619,-0.028553515828554636,0.2832331697751134,0.13092796529478756,-0.13713786783630239,-0.19544924031235772
200.5,0.27882533757130373,-0.07820248252360307,0.2595188825416695,0.09463187389978732,-0.14118777410887104,0.3377235563584912,0.13072193566901352,0.3233004644758184,0.08595875135599276,0.11885322216208767,-0.1329720150573325,0.3133305128433121,0.22059543484648186,0.2585335042686867,0.0977917036953787,-0.15912136280224057,0.06965428920046797,-0.03783756740809378,0.31434674944030044,0.07789095594327927,0.25234892635193706,0.08742603564867507,0.42234107924827996,0.1353011517971582,0.1122460305770245,-0.159564650441656,0.06908942815525573,-0.22008739059497623,-0.18548737558104794,0.09974739772432681,0.2202355678383398,0.3764017390618154,0.07175495195083417,-0.18641385114438078,0.003267872843910191,0.014609105390074404,-0.01781634764613926,-0.030004150250949678,0.02850248150622834,0.05039806551205396,-0.10853413401994494,0.2014979640953249,0.1898594226801032,-0.12414398834891618,0.24139629506153612,0.2086595251588395,0.09766530342661227,-0.05653843718637701,0.2843430252803018,-0.08525232932210278,-0.03082199605249623,0.05280055382280137,0.343574710778774,0.1212402530178424,0.2668974743277315,0.11103460622554392,-0.03675643494279276,0.10575058317488609,-0.11933934928678995,0.09430156121709621,0.02483791548785246,0.0005477369910087537,-0.017589261504044263,0.3344838824188065,0.12326381701554442,0.054444313977318824,-0.06408711093661705,-0.10617766206731419,-0.06251693790168811,0.05371237882320461,-0.028519128538334455,-0.04833289388193711,0.2939174364779068,0.0898299362487445,-0.1800415501026847,-0.21673026394535672
201.5,0.28135993919256197,-0.09034667769764795,0.2726130775266388,0.10224691338858831,-0.18053751249429367,0.3550803638298499,0.14272010502932386,0.3241688204667639,0.03976511018959269,0.09424155814054093,-0.14890046130611423,0.3287893311769599,0.21083039029685016,0.2683412299541552,0.07351032663480103,-0.1874255271349955,0.05996347493710806,-0.08367311606640562,0.32072586225249694,0.07827306648420529,0.2551382622899463,0.055768941689633846,0.4353811553088688,0.15578281222056886,0.1267909664485522,-0.19063102182874397,0.048857061875800294,-0.2581347774453763,-0.2179431483820644,0.10518622520009227,0.22389262128771376,0.3915062222357907,0.03853772003169868,-0.19778345322792862,-0.011862139575302157,-0.025773533451690995,-0.06063792913510161,-0.041375744961558984,-0.010105503289993994,0.057934133284043975,-0.11821277773813368,0.21566832680059184,0.18995255088522772,-0.14668743841187232,0.25315363883893627,0.21999469161283386,0.06824967277101109,-0.08581533963941189,0.274734882396302,-0.12486181588868331,-0.06846075867425364,0.0015208614630792057,0.3432661039390883,0.12251473821649941,0.2618464704000608,0.12591030564647637,-0.04986340761287135,0.09515398090536611,-0.15690351696361468,0.04683359593384252,0.03435520847340244,-0.014250360748652791,-0.018275901544878632,0.3322231687354709,0.12021794318844799,0.04596871631178252,-0.061312000675381305,-0.13107897014490966,-0.10926965680538545,0.03139098268765063,-0.0655482079796427,-0.06662511614522411,0.30442445353812014,0.04957576137608236,-0.21959397685535748,-0.23531397251048963
202.5,0.28367660461540484,-0.10096395130695945,0.2856055557406948,0.11019950009382037,-0.21668237439440693,0.37220836200832447,0.15492156385816847,0.32466118989040466,-0.0050887160501924215,0.07028709583297492,-0.16282238791062045,0.34404703043453955,0.20104420453879265,0.27803061319821576,0.05001496673106498,-0.21293947723107814,0.05095734126362571,-0.12700934490441143,0.3268088110701691,0.07914224909430624,0.2577970279571399,0.02511366245755032,0.4479419724304341,0.17641278023236154,0.14156310550107026,-0.21875934086641755,0.02951325081011407,-0.2922851863380767,-0.2471603931117618,0.11097140005999129,0.22752390064083566,0.4062703523356762,0.006472352522726886,-0.20703860600841115,-0.02583341701008805,-0.0643417642818641,-0.10126729055142958,-0.05151103367042287,-0.04707403853517384,0.06593801132108354,-0.12629186153874458,0.22987019912596374,0.19012474714518457,-0.1669861989233735,0.26484313136983284,0.23134202112135918,0.03971523475627982,-0.11307315845574802,0.2648239789616802,-0.1617842195458236,-0.10397962166539514,-0.047968651650330735,0.3425011747282777,0.12410668630749104,0.25658523477375933,0.1410135295983984,-0.061643852269075275,0.0850815416545116,-0.1915582592264043,0.0006586885799392768,0.044381476499809135,-0.0278843757844942,-0.01808643327278549,0.3295191169102343,0.11752638508752922,0.038228982262626755,-0.05757784927407487,-0.15376367596754253,-0.15324055979241455,0.010098074462162763,-0.1005018815689567,-0.0833535990061425,0.3147256493888103,0.010487789112932232,-0.25555321066870307,-0.2511993247219967
203.5,0.28576587566189043,-0.1100435693514364,0.2984653796663448,0.11846365252270771,-0.2494244802133184,0.38906972365336523,0.16729593301195353,0.3247709802825637,-0.048216934165515056,0.047136351887859806,-0.17473043850361036,0.3590682034649933,0.19128064125219768,0.2875753438542609,0.027446990136593335,-0.23558558585814482,0.04267020831288039,-0.16750290100101195,0.3325742093508713,0.08049001273062359,0.2603155824443903,-0.004329469442520552,0.4599834498030596,0.19715824367401885,0.15652930445863408,-0.2438486830571031,0.011161918936096232,-0.32242608918759336,-0.27304620296176313,0.11708206187550534,0.23111755646348214,0.42065547355198624,-0.024216518175349026,-0.21422276513003213,-0.0385920675577341,-0.1008016491132171,-0.1393916453559965,-0.06038748722003676,-0.08212673313782684,0.07438016438424147,-0.13278437149169117,0.2440721298235451,0.1903752998955278,-0.1849853054182229,0.27643567602352564,0.24267325256573763,0.01225110283279261,-0.1381664405628382,0.25465053788370406,-0.19578019195956234,-0.13713438218628915,-0.09521462768040849,0.3412757583982745,0.12600829582609144,0.2511327453552533,0.15631083237444615,-0.07206781177018559,0.07557724279143951,-0.2231094162138509,-0.04381876258596178,0.054881329976899096,-0.04030342847561403,-0.017041012211468438,0.3263753164782516,0.11519738888980154,0.03125079320794597,-0.0529241272505516,-0.17414892810917246,-0.19408694393344772,-0.010048417592617183,-0.1331419681309017,-0.0984592014960534,0.324792359428826,-0.027125366577776755,-0.2877522159051734,-0.2644160924111556
204.5,0.2876188713671214,-0.11758709185152243,0.31116136322336746,0.12701330508605854,-0.27863205950611725,0.40562570418582256,0.17981301994209564,0.32449278151662564,-0.08926083354249961,0.02492756060226469,-0.1846361731072197,0.37381682913967385,0.1815837023520954,0.29694907551999944,0.005937642361793115,-0.2553285965842861,0.03513130258430799,-0.20486846441588397,0.33800104512891077,0.08230631870190276,0.2626846210107673,-0.03236570861071562,0.4714649837881043,0.21798649266178516,0.17165680080322251,-0.2658466741631516,-0.006103407549900664,-0.3485209171793753,-0.29556278072758035,0.12349695999757297,0.23466180376231924,0.4346221699648572,-0.0533231968819321,-0.21939351891449527,-0.050095464917726096,-0.13489589788300788,-0.1747457199079166,-0.06799241088099685,-0.11501877281811461,0.08323104379266684,-0.13771396339645184,0.2582425684083647,0.19070323041346082,-0.20065819699232296,0.28790205804998453,0.2539600698708382,-0.013966459535182163,-0.16098200866576315,0.2442570246942295,-0.22666614089474094,-0.16772235414789216,-0.13980540516596687,0.33958728663299176,0.12821084458351079,0.24550912102978853,0.17176916406181034,-0.08111687664770818,0.06668097025159572,-0.251420471897163,-0.08622042967755127,0.06581983662741128,-0.05146777416663173,-0.015162567008376624,0.32279720938325906,0.11323752477123017,0.025054742494191918,-0.04739152358396764,-0.19218261015529853,-0.23153254946232416,-0.028943538557470876,-0.16327034223109493,-0.11190000916324774,0.33459584127083575,-0.06297634552404986,-0.31609781888998956,-0.2750206014908104
205.5,0.28922732919866545,-0.12360723500683177,0.3236620478324571,0.13582234588362466,-0.30423756057175816,0.4218366019333869,0.19244277709106752,0.32382243663911064,-0.1278986187405052,0.0037886445868255065,-0.1925679108914765,0.3882562461552454,0.1719973041682848,0.3061254369326603,-0.014393796873142411,-0.27217220564519673,0.02836471638585089,-0.2388845751636579,0.3430687441605784,0.08457970668819034,0.2648952068000726,-0.05881945431902909,0.48234552288222954,0.23886473651608747,0.18691312217685527,-0.2847460303299392,-0.022200569125828813,-0.37060159214158217,-0.31472262365571896,0.13019451704671023,0.23814494904276823,0.44813028018134987,-0.08066479984899878,-0.2226198726691377,-0.0603121154815258,-0.1664092721820568,-0.20711711741960323,-0.07432234808332364,-0.14554196207649217,0.09246115175717987,-0.1411135418496745,0.27234980774767115,0.19110729834584678,-0.21400456332772572,0.2992129319479514,0.2651740832920827,-0.03877705873789483,-0.1814392364587367,0.23368791422685625,-0.2543155369033917,-0.19558536831967463,-0.18138342790193093,0.33743487635877073,0.1307047541069603,0.23973553997554858,0.1873557732585658,-0.08878354191946394,0.058428286218088224,-0.2764116610257661,-0.12620476693074933,0.07716255028098559,-0.061348621865115985,-0.012476393108834525,0.31879214733750205,0.11165170379892193,0.019656411933521425,-0.041021520443718075,-0.20784175111157333,-0.2653725079429009,-0.04649644804684863,-0.1907318279060543,-0.12365071072549139,0.34410729677760055,-0.09680584293770772,-0.3405662080488471,-0.28309120573278895
206.5,0.29058364674235204,-0.12812662506070685,0.3359356853437643,0.14486464585048642,-0.32623305343148473,0.43766173166069533,0.20515525839833146,0.32275711159556225,-0.16385357140340268,-0.016164546693975015,-0.1985684070078842,0.4023491381132061,0.16256494844779473,0.3150780483275789,-0.03344153185290836,-0.28615463133420965,0.022389440375082188,-0.26939609100502215,0.34775723861556096,0.08729741877450026,0.2669388030911751,-0.08353716162745742,0.4925836591638014,0.25975992840927736,0.20226599562508296,-0.3005797553367914,-0.03705945749094326,-0.38875883162053143,-0.3305822520428568,0.13715288449822402,0.24155541782080422,0.4611389266433137,-0.10608430332852851,-0.22397965371962858,-0.06922131269265556,-0.19517206279745514,-0.236349079137446,-0.07938236899308572,-0.17352817348613286,0.1020410900273597,-0.1430238281256319,0.2863619312725348,0.1915860081352188,-0.22504763397594174,0.31033881397207175,0.2762868138440342,-0.06203869590369959,-0.19948921807941083,0.22298942339992286,-0.2786576401353147,-0.22061082341104332,-0.21965475496216613,0.33481941558591666,0.13347965325964792,0.23383414701610214,0.20303811004313385,-0.0950704056190895,0.050850263658798946,-0.2980567343281326,-0.16347606710870927,0.08887552145399977,-0.0699277492168153,-0.00900976909796122,0.31436944054569416,0.11044320616312009,0.015066510471836705,-0.033856025482455504,-0.22113017849789102,-0.2954744467272871,-0.06263117672176002,-0.21541524045604848,-0.13370162791870793,0.3532979013412506,-0.12838828563837282,-0.3611957150121092,-0.2887237491269265
207.5,0.2916809236655646,-0.13117649637543002,0.34795022848685325,0.15411408031894785,-0.34466356997975583,0.45305941227648805,0.21792057501050252,0.3212953630515406,-0.19690001396015083,-0.03482966900944321,-0.20269247501074475,0.41605753061146744,0.15332939334450546,0.3237805431899002,-0.05111439390458319,-0.29734354807816343,0.017219463488719496,-0.2963133556982692,0.3520470413026683,0.09044552004994369,0.26880730601170283,-0.1063894832695984,0.5021377367519747,0.28063859796345575,0.2176832578260374,-0.3134154520197333,-0.05062240601001483,-0.4031312477378769,-0.3432350713223583,0.1443499908474559,0.2448817826746637,0.47360656030952286,-0.12945263869626727,-0.22355711081387616,-0.07681260733803522,-0.2210615285171988,-0.26234063500708604,-0.08318527626037645,-0.1988510767944799,0.11194159443411875,-0.14349196212355875,0.300246765580082,0.1921376162781328,-0.2338311035074898,0.32125008031547053,0.2872696815591121,-0.0836296954963835,-0.2151129766425214,0.21220921208995644,-0.29967398658754024,-0.2427308734538401,-0.254395036458439,0.33174364504787246,0.13652444051594845,0.22782795040864262,0.21878373029973747,-0.09998925001062794,0.04397338795178678,-0.3163778580875156,-0.1977912516327842,0.10092529236064093,-0.07719694313840025,-0.004791600029908199,0.3095403963724543,0.10961371971584674,0.01129106719818703,-0.025937059836790538,-0.23207561400222926,-0.3217760017383701,-0.07728698987168582,-0.23725265431768502,-0.14205746922563986,0.3621388407623051,-0.1575360650315005,-0.37807775713069963,-0.29202722416059484
208.5,0.29251300375563233,-0.1327953807163273,0.35967332948026043,0.163544543979614,-0.35961910477039466,0.46798696961853936,0.2307088512005547,0.3194372035310605,-0.22686675985160823,-0.05211894222593337,-0.20500465028087733,0.4293428010426526,0.1443323297407042,0.3322065958518898,-0.06733658135716777,-0.30583074322752757,0.012863933084973064,-0.31960845634560603,0.3559193253492809,0.09400901456279294,0.2704930776008266,-0.12727257217308077,0.5109659777248756,0.30146669216185085,0.23313276728774596,-0.3233491943123014,-0.062844289854432,-0.4138941691985553,-0.3528039193081012,0.15176358287462258,0.24811279192639496,0.48549102136456124,-0.15066977511867152,-0.22144075740993086,-0.08308512692477521,-0.24400135775605775,-0.2850443641480384,-0.08575075924806935,-0.22142616222268416,0.12213355686773748,-0.1425701746718653,0.31397183914681914,0.19276013947437107,-0.24041587734435238,0.3319169714586876,0.29809399819261656,-0.10344997434030019,-0.22831890298342508,0.20139605502481026,-0.3173931196818081,-0.26191997487313784,-0.28545170384146623,0.3282122342617306,0.13982734445544953,0.2217407086284225,0.23456020235163594,-0.10356004598207642,0.03781952395879038,-0.33143921002809285,-0.2289640058968065,0.11327887871800509,-0.08315729937598505,0.0001479092292580158,0.3043183465278238,0.10916338752798962,0.00833167005360652,-0.017306498953011486,-0.24072641685871404,-0.3442793070460802,-0.090418369415774,-0.2562171047076096,-0.14873588270271326,0.3706013561195215,-0.18410213116672464,-0.39134683277443816,-0.29311977917220255
209.5,0.2930745167754617,-0.13302782770463928,0.37107234741512113,0.17312996020486904,-0.3712259852212013,0.4824007551973673,0.24349018142290402,0.31718416297414315,-0.2536379754080425,-0.06795981219444866,-0.20557697080182735,0.44216570181880394,0.13561406823824032,0.3403299553240601,-0.08204798994938999,-0.3117268072230289,0.009327367010473386,-0.33930916609532036,0.3593560092046355,0.09797195565614158,0.2719889791164253,-0.14610853079374847,0.5190266259179203,0.32220942502007427,0.2485823194734976,-0.3304993555910595,-0.07369235221055498,-0.42124894049418843,-0.3594337653179637,0.1593712605824431,0.2512373989663288,0.49674961657546024,-0.16966480101699183,-0.2177214866459385,-0.08804677955379729,-0.2639593667975963,-0.3044621641110571,-0.08710452569397616,-0.24120920149212624,0.13258803621213855,-0.14031455735222015,0.32750434781967264,0.19345136358474607,-0.2448768019829856,0.34230960321302756,0.3087309649746238,-0.12142162932585172,-0.23913963964693466,0.19059948854043376,-0.33188412546047985,-0.27819111592913437,-0.31274251557330185,0.32423185054620973,0.14337598209494926,0.2155968079427149,0.25033501685637777,-0.10580991860260087,0.032405945200358964,-0.34333984542890195,-0.25686613238635114,0.1259037405208044,-0.0878184160489692,0.005777548817497038,0.29871866133083286,0.10909086326703994,0.006185741188567452,-0.00800586259002224,-0.2471481683958662,-0.36304323327660504,-0.10199464318319822,-0.27231902478632686,-0.15376588240190528,0.3786567969664832,-0.2079808898393119,-0.4011703684687915,-0.29212517467225335
210.5,0.2933609198715216,-0.1319231885354063,0.38211436501287055,0.18284428562206254,-0.3796382329000512,0.49625618175013136,0.25623458937945526,0.31453934577576304,-0.27715161020157686,-0.08229521269420348,-0.20448693163055526,0.45448639767877913,0.12721324202083986,0.34812448572704824,-0.0952041477682937,-0.3151561037626837,0.006609908652118669,-0.3554912845556898,0.36233984679680126,0.10231754993320372,0.2732884044232639,-0.16284504716907386,0.5262781090209911,0.3428311365578935,0.26399956569822963,-0.3350007128743995,-0.08314578349711355,-0.42541323840122897,-0.36328491754491893,0.16715050640856322,0.25424479230015684,0.5073392138718347,-0.18639507962188742,-0.21249096752825145,-0.09171337784459632,-0.2809437613647901,-0.3206395389425176,-0.0872774364224206,-0.25819339161528737,0.14327625970145844,-0.1367839483383641,0.34081112773901745,0.19420885339446173,-0.24729951436298475,0.35239798488541724,0.31915167596683364,-0.13748886288718096,-0.24762862776587485,0.179869436943432,-0.3432495312701903,-0.2915911049254463,-0.3362509351055422,0.3198112194229215,0.1471574147906684,0.20942113170306786,0.2660755007999774,-0.10677210781879329,0.027745420319228036,-0.35220635871826794,-0.2814262527207424,0.13876774385350604,-0.09119751593153028,0.01206536603923717,0.2927587497152464,0.10939337307303601,0.004846839876434585,0.0019238500846417857,-0.2514202669183166,-0.37817422582910637,-0.11199930440396962,-0.2856017718699969,-0.15718621775210506,0.3862766832005012,-0.2291074791932127,-0.40773905843811253,-0.2891697409307514
211.5,0.2933685382199044,-0.12953448714743512,0.3927662153320288,0.1926615108199523,-0.3850294064376457,0.5095077764160937,0.2689119899113452,0.3115074823385363,-0.29739574342435693,-0.095083444173627,-0.20181565042469635,0.466264517726598,0.11916653045750447,0.3555642136786672,-0.10677578694479488,-0.31625219662185383,0.00470761573815801,-0.3682701044762141,0.3648545226349903,0.10702825431084224,0.2743853132984346,-0.17745430362982575,0.5326792193435027,0.3632951617154237,0.2793519366244638,-0.33699905959632315,-0.091195088617398,-0.42661273222280716,-0.3645269786758334,0.1750787093371464,0.2571244263140129,0.5172163546668911,-0.20084460541527865,-0.20584031752511095,-0.09410771688506492,-0.29499835295794014,-0.33365895573610105,-0.08630466476915453,-0.27240549151222304,0.15416961610064261,-0.13203894497336513,0.35385863637306325,0.1950299631185609,-0.24777751267401116,0.36215204504904724,0.32932712755075294,-0.1516173015417172,-0.25385651934677245,0.1692558239860974,-0.3516180727271602,-0.3021953027628463,-0.3560190526370671,0.31496117479696284,0.1511582014404726,0.203238922524136,0.2817487363984242,-0.10648495330274424,0.023846350834611056,-0.3581857760138698,-0.3026262080491001,0.15183911551916854,-0.0933185303637577,0.01897889492567985,0.28645804362386407,0.11006678273696502,0.0043049841563878545,0.012442284674904942,-0.25363267014653945,-0.389816560556035,-0.12042907438439858,-0.2961366065336287,-0.15904374704711996,0.39343277591369674,-0.24745561686518247,-0.4112581505638409,-0.28437984994345583
212.5,0.2930946045668873,-0.12591739538403457,0.4029945189778495,0.20255565800090197,-0.387585269080008,0.5221092522808782,0.281492154467725,0.30809497408872083,-0.31440332232176266,-0.1062977031519611,-0.19764626433417729,0.4774592228370519,0.11150840784249498,0.36262338293181795,-0.11674809875430163,-0.31515384255334644,0.003612773721775763,-0.37779166757292343,0.3668847516007355,0.11208586581348504,0.27527426443473774,-0.18993127844107244,0.5381893137310352,0.38356370999637657,0.29460657110947774,-0.3366464743059768,-0.09784128254669974,-0.4250742278201269,-0.3633336821660721,0.18313318456123862,0.2598660527548854,0.5263373844259853,-0.21302172340095055,-0.19785903624417292,-0.0952586371333653,-0.30619713782337876,-0.3436327956469795,-0.08422489815244344,-0.2839012879188316,0.16523964205495065,-0.12614104719747327,0.3666129422599352,0.1959118475573302,-0.2464095185894498,0.37154166535838273,0.3392282345358422,-0.16379279148455836,-0.2579076296033487,0.1588081756669641,-0.3571377415067446,-0.3101021573865796,-0.37213887548718916,0.30969469719034864,0.1553644488568895,0.19707563864600738,0.2973214857126605,-0.10499092690601557,0.020712953318375894,-0.36143900370556503,-0.32049565927006224,0.16508639216541757,-0.09421117445970936,0.026485353969515634,0.27983796560108576,0.11110566892388415,0.0045469829209847466,0.02350981940044768,-0.25388288746701826,-0.39814271851403527,-0.12729276699064257,-0.30401746387024986,-0.15939186585489326,0.40009715753843833,-0.263034291610578,-0.4119399496141204,-0.2778798851314781
213.5,0.29253729729697714,-0.12112932195782052,0.4127657323463466,0.21250077635232195,-0.3874974820682346,0.534013598980684,0.2939446808776066,0.3043099308931447,-0.32824582724124696,-0.11592530955426703,-0.19206256447311235,0.48802928897490166,0.10427092106111427,0.3692765165474454,-0.12511972883560613,-0.3120016010209576,0.0033142249895537616,-0.38422435213597556,0.3684163830983989,0.11747160393218134,0.2759504479654858,-0.2002915815627536,0.5427685330520846,0.40359775671101505,0.309730251182831,-0.3340973170938334,-0.103094956999259,-0.4210202902735264,-0.3598786517042466,0.1912911893403375,0.2624597528982669,0.5346586019602252,-0.22295639054349264,-0.18863417788932874,-0.09520009918750982,-0.31463862162878276,-0.3506963547735623,-0.08107959499973202,-0.2927607185251626,0.1764580029190478,-0.11915193059071438,0.37903972406240316,0.1968514738201645,-0.24329717142864532,0.3805367228604747,0.348825853335173,-0.1740197745356434,-0.2598765687247121,0.1485752210362227,-0.35996941707732144,-0.31542784350214115,-0.38474280987960685,0.30402693840391604,0.15976185921265545,0.19095680594137926,0.3127601217420636,-0.10233573068757414,0.018345478572921972,-0.3621350454632411,-0.3351054631315854,0.1784783654174199,-0.09391003915641039,0.034551813343973926,0.27292187853229144,0.1125033933076683,0.005556770910912171,0.03508762094271976,-0.2522732900453124,-0.4033444180793676,-0.13261001502830028,-0.30935580664196577,-0.15828903005532552,0.4062423215675146,-0.27588361903696856,-0.409997650095751,-0.2697906715308921
214.5,0.29169577661081536,-0.11522861916062017,0.4220462074080551,0.22247093586292813,-0.38495840367501893,0.5451731929874233,0.3062389680954677,0.3001621997974197,-0.3390263913185835,-0.12396668831890031,-0.18514786296061897,0.4979332070052866,0.0974834992353221,0.3754984868406269,-0.13190157454899548,-0.3069350645392883,0.0037977057549428393,-0.3877511891399165,0.36943650923307814,0.12316618552737965,0.2764097172326173,-0.20856897309918848,0.5463780418551583,0.42335694681939895,0.32468934387136006,-0.32950496457463696,-0.10697526077573465,-0.41466523940477373,-0.3543320583643033,0.19952993574831349,0.2648959703492074,0.5421364279136998,-0.2306971595239105,-0.17824973618055454,-0.09397029278436432,-0.3204402183489114,-0.3550012521103108,-0.07691230624851914,-0.29908294470027774,0.18779646928089413,-0.11113284371828176,0.3911042795559625,0.19784563348858059,-0.2385430697700291,0.3891071412337338,0.3580908126508278,-0.1823193572830186,-0.25986515475851935,0.13860449800242797,-0.36028127583424374,-0.31830124241985,-0.39399406419862004,0.2979752309238761,0.16433577449192927,0.18490786715753357,0.3280305667651469,-0.09856747308008115,0.016740460145710012,-0.36044609806256706,-0.3465604015039793,0.19198402431671477,-0.09245372113159303,0.04314533333770303,0.2657350166501905,0.11425217853863419,0.007315739959750595,0.04713767244418411,-0.2489087761129165,-0.40562466578258133,-0.13640991644886985,-0.3122757865985077,-0.1557974021376127,0.411841272105676,-0.2860701902823788,-0.40564048823956345,-0.26022831670151353
215.5,0.29057021837845365,-0.10827390658193319,0.4308022635110974,0.2324402203160692,-0.38015697989718544,0.5555399281318751,0.3183441965768794,0.29566338396442526,-0.34687284539588015,-0.13043416619382076,-0.1769840795006267,0.5071292994905894,0.09117279759926464,0.38126459330019047,-0.13711544754629107,-0.300090678920043,0.0050461832902734495,-0.38856315658628204,0.36993357653972386,0.1291498923860634,0.27664861958068643,-0.2148127083584071,0.5489802887889079,0.4427995124810723,0.33944975059667376,-0.32301924937319254,-0.10950883409510455,-0.40621235245801596,-0.3468581035806804,0.20782660094927313,0.26716554438790246,0.5487275929475826,-0.23630805202230323,-0.1667862138100086,-0.09161079760034127,-0.32373298035680687,-0.35670949430601606,-0.07176806704192404,-0.30298161313100735,0.19922689038563296,-0.10214412155032908,0.40277154512043234,0.1988909551149162,-0.23224915629876292,0.3972229513958399,0.3669939520673341,-0.18872718662671964,-0.2579796730673849,0.1289419712218594,-0.35824407340505227,-0.3188594248022959,-0.4000775542594794,0.2915590805267442,0.16907121801218036,0.17895403007338484,0.3430982387114007,-0.09373593096008184,0.015890984555056786,-0.3565435527787812,-0.3549917834577615,0.20557249635612057,-0.08988400688527118,0.05223307602567301,0.2583043971752525,0.11634318500148169,0.009803060799799288,0.05962277757626759,-0.243894803098388,-0.40519102225698367,-0.13872965323562242,-0.3129098727859486,-0.15198163912928786,0.4168676334769059,-0.2936822209468025,-0.39907011754336574,-0.249303406624895
216.5,0.289161845200329,-0.10032350740653062,0.4390002716524922,0.2423827201037978,-0.3732756477686812,0.5650653668724961,0.33022931490358537,0.2908268507235699,-0.3519310687637256,-0.13535064502614466,-0.1676510289727086,0.5155758549573631,0.08536257698057809,0.3865506486495712,-0.14079266174700877,-0.2916001000205476,0.007040187155062537,-0.38685357118080066,0.3698975007543893,0.13540263165816846,0.27666442592144064,-0.219084839491757,0.5505392885242084,0.461882205505468,0.3539768648829752,-0.3147845404633808,-0.11072873317846044,-0.39585208119719506,-0.3376132288830066,0.21615833568426698,0.2692597437591416,0.5543893461521044,-0.23986546591234958,-0.15432034865229982,-0.08816580877266568,-0.32465684007824114,-0.35598834464453527,-0.06569286113247252,-0.30458048478192556,0.2107211655720846,-0.09224480485006677,0.41400612631576594,0.19998391690570808,-0.22451542724182288,0.40485436190133284,0.37550616891155,-0.19329123764055883,-0.2543285158028616,0.11963166899295699,-0.35402731683966415,-0.31724373169626746,-0.4031917188358537,0.2848001406155,0.17395293307015874,0.17312011632608387,0.3579280063017548,-0.08789190122893806,0.015786975889921107,-0.3505948670484179,-0.360550343744908,0.21921298819074514,-0.0862451227420077,0.06178239238230752,0.2506587122359491,0.11876658751101536,0.012995990743670586,0.07250654428939475,-0.2373357783486189,-0.4022501426380864,-0.13961312873217938,-0.3113950420726096,-0.1469078315103176,0.42129577007815744,-0.29882476394184343,-0.39047806155019466,-0.23712049986868494
217.5,0.2874729541902413,-0.09143499029370644,0.44660675164601205,0.2522725255617289,-0.3644881332007194,0.5737009127898378,0.34186303325745254,0.28566772765951354,-0.3543589222999284,-0.13874820967197107,-0.15722588841968346,0.52323128008565,0.08007361941132375,0.39133307317253047,-0.1429726012076801,-0.2815890208963282,0.009758128989235686,-0.3828135920709791,0.3693197839712674,0.14190398948898408,0.2764551587697393,-0.22145758331305956,0.5510209259762676,0.4805602459225626,0.368235539076253,-0.3049383840668532,-0.11067337623067246,-0.38376108775932877,-0.3267449415201299,0.2245022716056318,0.2711703007713088,0.5590796842781611,-0.24145523223169976,-0.1409249703933812,-0.08368143572747962,-0.3233564710513901,-0.3530060561136217,-0.05873315793702312,-0.30400954891062154,0.22225121478951637,-0.08149235440063529,0.4247723400906772,0.2011208594890515,-0.21543893816754683,0.41197183953792627,0.3835984737367506,-0.19606960676874885,-0.24902020856454224,0.11071534567219166,-0.34779628539696256,-0.31359649176722737,-0.4035414863646296,0.2777221670138766,0.17896541887947726,0.16743041265949507,0.3724841537373665,-0.08108664202915417,0.016415487929804164,-0.34276122966952205,-0.36339974775522077,0.23287472703257941,-0.08158305837987015,0.07176088713077994,0.24282820098282798,0.12151165109825424,0.016870163541452668,0.0857533515620261,-0.22933378591700557,-0.3970035484605158,-0.13910966094193183,-0.3078695723891175,-0.14064259501552687,0.42510091659665605,-0.30161519367835476,-0.38004407459660905,-0.22377786577177497
218.5,0.2855069409605353,-0.08166480807525897,0.4535884825768509,0.26208372145220754,-0.3539580072352881,0.5813980047837098,0.3532138243148949,0.28020288571567825,-0.3543209378487386,-0.14066672274499464,-0.1457828205370193,0.5300542702739761,0.07532367951166448,0.39558899737291847,-0.1437013145660618,-0.2701763984031182,0.013176606556454895,-0.3766287760599845,0.3681936334224604,0.14863327824261344,0.27601961849709233,-0.22201084133907142,0.5503932836845735,0.4987872879689152,0.38219006082137574,-0.29361061857127996,-0.10938553623638259,-0.3701019162720834,-0.31439114450489675,0.23283552808443067,0.27288944554433847,0.5627576024815879,-0.2411699073177948,-0.1266689634340507,-0.0782050790686253,-0.3199778139134484,-0.34792846003463007,-0.05093552015371302,-0.3014016851319029,0.23378894918878998,-0.06994244860198325,0.43503426917774163,0.20229799863109882,-0.2051130724594748,0.41854620049279845,0.39124205474531476,-0.1971283869771836,-0.24216181139104295,0.10223217551828838,-0.33970982067892336,-0.3080583677500945,-0.40133248987705283,0.2703509521433305,0.18409296396473954,0.16190852637904957,0.38673035567146136,-0.07337140099477543,0.017760997574766086,-0.3331959194686932,-0.3637108996041101,0.24652690370518995,-0.07594496781615115,0.08213646365527169,0.23484450221120867,0.12456680517168832,0.021399858641420702,0.09932830214513513,-0.21998761770389788,-0.38964452037097475,-0.13727276067737323,-0.3024704359628438,-0.13325231135238794,0.4282593186734151,-0.3021791089367264,-0.3679352386241214,-0.20936741707616874
219.5,0.2832683193044094,-0.07106802353510588,0.45991262691198764,0.27179038324691596,-0.3418378621754637,0.588108333490812,0.3642499321580265,0.2744509083907768,-0.35198384694393337,-0.1411524506860129,-0.13339273090522136,0.5360039990227424,0.07112747049811363,0.39929637298713644,-0.1430301739120792,-0.25747400924411934,0.017270688640715546,-0.36847657597085864,0.366514080955833,0.15556957777066754,0.27535740749911153,-0.22082993389676062,0.5486269931663322,0.5165154047571023,0.3958041400165385,-0.2809228780169726,-0.10691140006062742,-0.3550231388344361,-0.3006798665333204,0.24113521909774988,0.27440994025249055,0.5653833673524822,-0.23910635608099354,-0.11161731457102782,-0.07178488705528499,-0.31466526373021975,-0.34091635366695855,-0.04234627832874201,-0.2968898912688992,0.24530624272692264,-0.057648853157722266,0.44475582919333173,0.20351143780887315,-0.19362703661002112,0.42454871244214243,0.398408351431893,-0.19653968363358457,-0.23385766723456075,0.09421848303593985,-0.32991878601358093,-0.30076629302628505,-0.39676651605792046,0.262714237767231,0.189319677247314,0.1565772466890558,0.4006296632209847,-0.06479702597850283,0.019805694121015273,-0.32204324816877766,-0.3616571492178452,0.26013861823792067,-0.06937864874638411,0.09287735126078853,0.22674048815994766,0.12791971544335828,0.026558247951125925,0.11319716398777106,-0.20939207229004894,-0.38035596319186693,-0.13415901506379474,-0.295331258557493,-0.12480250954440857,0.43074838399687343,-0.30064674467789093,-0.3543056349335577,-0.1939747932853298
220.5,0.28076273602652746,-0.05969811217891252,0.4655468686024836,0.2813665758413423,-0.32826897701542335,0.5937840805142449,0.3749393897548078,0.2684320462167614,-0.3475129592156033,-0.14025675695003242,-0.12012313726187877,0.5410403266003941,0.06749668293566648,0.40243409231168314,-0.14101462677219428,-0.2435862701170815,0.022014178323727145,-0.3585246491459824,0.36427810214369577,0.16269177122596185,0.2744689519652101,-0.21800358745099402,0.5456956110290935,0.533695092843282,0.40904090696837103,-0.2669884046675256,-0.10329970771658128,-0.3386598397474267,-0.2857292984962393,0.24937846076329623,0.2757251131585841,0.5669188131192413,-0.23536365627767095,-0.09583122679567566,-0.06446929054854382,-0.3075594798062039,-0.33212360038793354,-0.03301126769590646,-0.29060506022251464,0.2567749056396118,-0.04466335212173087,0.45390084896590094,0.204757180559008,-0.18106554673027841,0.4299512078577644,0.40506913772329717,-0.1943798122606834,-0.22420846239176936,0.08670751388865014,-0.31856508747163403,-0.2918519389232598,-0.3900380975463587,0.2548416057948525,0.19462951708087378,0.15145841353129896,0.41414450174476103,-0.05541365223748092,0.02252975972468433,-0.30943797920848914,-0.3574104130682965,0.27367882882481254,-0.06193209865091478,0.10395211700875324,0.2185500805123964,0.13155735310295777,0.03231761897820271,0.12732630273153298,-0.19763748317437205,-0.3693090807102504,-0.12982708921457192,-0.2865807905127622,-0.11535737668533383,0.43254684373636854,-0.297149933563043,-0.33929644815761545,-0.17767955731399127
221.5,0.2779969804185515,-0.047606831976797326,0.47045956548030626,0.29078635531531266,-0.3133813556063445,0.5983781811887217,0.38525004556794995,0.26216815585598385,-0.341069347712291,-0.13803488923548682,-0.10603813085494473,0.5451240285255379,0.06444003373552573,0.4049821157359239,-0.1377130611223048,-0.2286102635493028,0.027379853051772145,-0.34692983594366644,0.36148473376970436,0.16997857595552052,0.27335552094455373,-0.2136221944842472,0.5415760203871681,0.5502752978355749,0.4218629224819668,-0.2519120999373563,-0.0986009804639663,-0.32113432745005055,-0.2696480565890982,0.25754238006543523,0.27682889225854973,0.5673276620333441,-0.23004133191441095,-0.07936828331790594,-0.05630661329704104,-0.2987957565181595,-0.32169584130337303,-0.022975621942153822,-0.28267426519051986,0.2681666605791528,-0.03103573038133326,0.46243316457432415,0.20603114255422278,-0.16750867263482921,0.4347262087797725,0.41119661484933434,-0.1907277031431654,-0.2133105590488273,0.07972924932586867,-0.3057811508964833,-0.2814406427304993,-0.38133211187050925,0.24676434699402477,0.20000631850525238,0.14657279541304713,0.4272366810960757,-0.04527045921842841,0.025911637221249662,-0.2955051219685217,-0.35113816393401753,0.28711630496887464,-0.05365314424133999,0.11532966424521769,0.21030805010780013,0.13546606080380108,0.03864957386321484,0.1416826074010957,-0.18480943892754903,-0.35666269996974564,-0.12433685223587072,-0.27634182445844735,-0.10497938517351824,0.43363492410430987,-0.29181961841893894,-0.32303638147305347,-0.16055547419118352
222.5,0.27497898785663055,-0.034844150503142005,0.4746199162259018,0.3000237743600691,-0.2972940378530958,0.6018446117707398,0.39514959987126896,0.2556826233779189,-0.33280776392968137,-0.1345448792251545,-0.09119841200139792,0.5482170444471764,0.06196334239331751,0.4069216072756537,-0.13318579543382109,-0.2126359189570705,0.033339680605472904,-0.3338376731630748,0.3581351882846805,0.1774085700286611,0.2720192423812094,-0.20777634895648714,0.5362488578045733,0.5662034620722427,0.4342322005971246,-0.23579075298897173,-0.09286684193262752,-0.30255698732483166,-0.25253560563538424,0.26560412528924193,0.27771583832197566,0.5665758700065787,-0.2232379071584875,-0.06228264852942143,-0.04734475296030192,-0.2885028817726852,-0.30976971389390295,-0.012283618210470273,-0.2732194979942221,0.2794531221469708,-0.016813798597239516,0.4703167275939091,0.20732916337389753,-0.1530318088538731,0.4388470632363104,0.41676351415714874,-0.185663523866639,-0.2012555591318153,0.07331026587979758,-0.29168975745231945,-0.26965072337817275,-0.3708222298106148,0.2385153078345123,0.20543381900394228,0.14193997753001752,0.43986741905607857,-0.034415489708353834,0.029928282284669833,-0.2803600123284485,-0.3430012065242535,0.3004195855900093,-0.044589139478528626,0.12697921982800248,0.2020498022229998,0.1396316151354206,0.04552520442365929,0.15623341115279343,-0.17098866021285103,-0.342563097844981,-0.11774862821088601,-0.26473049089669387,-0.09372902271120723,0.43399452771751934,-0.2847838879026133,-0.3056422841840746,-0.14267084635594873
223.5,0.27171783703255514,-0.021458220541777404,0.47799814213925274,0.3090528919632455,-0.28011560158606047,0.6041387021636921,0.40460565130833465,0.24900027147205323,-0.32287518666780224,-0.12984656570493008,-0.07566138420516295,0.5502827480600883,0.06006963109521481,0.4082350778195334,-0.12749419889765062,-0.19574630655634837,0.03986501073844217,-0.3193823198132507,0.3542329636271167,0.1849602149697062,0.27046311581238053,-0.20055564801909959,0.5296989654844017,0.5814255952297369,0.4461102446736634,-0.21871339638685905,-0.08614943269803814,-0.2830272093151332,-0.23448278913884607,0.27354087864255183,0.2783811771305499,0.5646319986330819,-0.21504976016236918,-0.04462529503734856,-0.037630927283086174,-0.2768024059511441,-0.29647247777923413,-0.0009785675704172552,-0.2623567983299206,0.2906057804978747,-0.00204345262953128,0.4775157280055269,0.2086470179734985,-0.13770574549915504,0.44228809342514763,0.42174321005883286,-0.17926751961312562,-0.1881300600809055,0.06747364086401474,-0.2764041517066351,-0.2565931139380692,-0.35867005374604566,0.230128716139988,0.21089568304732803,0.1375782613225971,0.45199737862328104,-0.022895524028882553,0.03455539767869944,-0.26410860358304744,-0.3331521349119072,0.3135569428774028,-0.03478672655983993,0.1388703119300713,0.19381114971035246,0.1440392853415266,0.05291524376904612,0.17094640873581463,-0.1562510020468231,-0.32714420136849054,-0.11012256850950138,-0.2518558643716715,-0.08166461137704797,0.433609424254443,-0.27616648846157643,-0.28721991346179,-0.12408888525857467
224.5,0.2682237403651197,-0.007495396035507367,0.48056568390328297,0.3178477879256404,-0.2619447891730235,0.6052174755278474,0.4135857542418574,0.24214725062833903,-0.31140990242547933,-0.12400074543454612,-0.05948129336588191,0.5512862388046724,0.05875924507299044,0.4089065356924876,-0.12069994145647207,-0.1780180094686886,0.04692674277114253,-0.3036867890418103,0.34978394664175183,0.19261187527046253,0.26869102139148787,-0.192047741811444,0.5219158676526913,0.5958863685505167,0.4574580974833003,-0.20076174780062486,-0.07850091580876427,-0.26263434173384337,-0.21557242413503613,0.28132987152906713,0.278820830707161,0.5614676146857017,-0.20557024849540323,-0.026444247997567977,-0.02721147927794859,-0.26380824631555766,-0.2819219570868253,0.01089725469550358,-0.25019571056858453,0.3015959896410593,0.013231239509434448,0.4839947322316006,0.209980427880959,-0.12159681564832832,0.44502475568796357,0.4261098432690436,-0.1716190624974393,-0.17401556615913988,0.06223890303675659,-0.2600283491469662,-0.24237124580608435,-0.3450247964794865,0.22163998664713813,0.21637552570000035,0.13350457639586785,0.4635867198229347,-0.010756002140857545,0.03976764806486342,-0.24684790495971712,-0.3217343605819088,0.32649635262464133,-0.024291653765256965,0.15097274016560486,0.18562807663270076,0.14867388812935248,0.06079019541969595,0.18578957212436725,-0.1406675535889392,-0.31052805401055833,-0.10151813860094701,-0.23781981786632883,-0.06884220258595845,0.43246544972916895,-0.2660857549227115,-0.267864770273594,-0.10486810346909455
225.5,0.264508027178333,0.006999718900004695,0.4822954134732444,0.32638258275513,-0.24287120759884448,0.6050400163915978,0.4220574874186579,0.23515091460523782,-0.29854101733165866,-0.11706845087876028,-0.042709400813095426,0.5511946561465721,0.05802998948456665,0.40892164399366226,-0.11286436898269077,-0.15952154636049296,0.054495469879345046,-0.28686339751642104,0.34479650817328655,0.20034183525739188,0.26670772497267575,-0.18233760762261206,0.5128942691405567,0.6095292332200487,0.4682364059810415,-0.18201070531000357,-0.06997306854240208,-0.24145863678928614,-0.1958799288774645,0.28894840290244733,0.2790314473189466,0.5570577180335667,-0.19488907377619652,-0.007784839802061333,-0.016131735044350743,-0.24962655772330683,-0.2662267207012614,0.023302644379906413,-0.23683900752956322,0.3123949610171721,0.02896792916111367,0.4897188367268724,0.21132507216094956,-0.10476709958933947,0.4470338122235232,0.42983845444681945,-0.16279589523407348,-0.158988522797682,0.057622026706098006,-0.2426575829083585,-0.2270811269604743,-0.33002336790127274,0.21308550806833643,0.22185693556593766,0.1297344054848825,0.4745951666682144,0.0019590130819314637,0.04553885446707932,-0.22866651733971105,-0.3088816023842533,0.33920547179481353,-0.013148643946280111,0.16325653964850595,0.17753649537368238,0.15351983849061962,0.06912044114423357,0.2007310656111548,-0.12430481176578054,-0.2928254606118543,-0.09199371039651466,-0.2227170699616304,-0.05531553567131644,0.4305507134735428,-0.2546538978846895,-0.2476629649219825,-0.08506271529071661
226.5,0.2605831192853006,0.021984194284291433,0.4831618611459926,0.3346314634409013,-0.22297606330206202,0.6035678691292858,0.42998853443203977,0.22803968079890596,-0.2843883084966727,-0.10911034986744561,-0.02539418072596621,0.549977517268171,0.057877279099236525,0.4082678840339752,-0.1040479958446671,-0.14032182304968321,0.06254160112337373,-0.2690143605649383,0.3392815877276275,0.2081283138810738,0.26451887893317194,-0.17150702178236005,0.5026345728323178,0.6222965632223436,0.4784055013373024,-0.16252887132718263,-0.06061695414867946,-0.21957216449475156,-0.17547395970841492,0.29637386111981523,0.2790104300472734,0.5513811986621268,-0.18309185179413365,0.011310030256207113,-0.004435907879777433,-0.23435580847806264,-0.24948643426191097,0.03619747424507171,-0.2223826259801851,0.3229737629064049,0.04512586207486936,0.49465383756131853,0.21267659821113566,-0.08727466970575795,0.44829351438118364,0.4329051283222296,-0.15287355065081204,-0.14312044575876576,0.05363546659418115,-0.22437884146632628,-0.2108115650094299,-0.3137907568080279,0.20450241371188005,0.22732349734488516,0.12628172293865253,0.48498208988067393,0.01520683767370469,0.05184216804730517,-0.20964522683927517,-0.29471773844687005,0.3516516240522845,-0.0014013074701765425,0.1756919404594404,0.1695720004560977,0.1585611965458481,0.077876328932738,0.21573916152041966,-0.1072249089323342,-0.27413674244074004,-0.08160624987867644,-0.20663537701219387,-0.041136048954451235,0.4278558116666609,-0.24197658676772765,-0.22669208023279563,-0.0647230370152909
227.5,0.2564624986930363,0.03741667745506279,0.48314145776334605,0.3425687156063232,-0.2023329034668037,0.6007654688831223,0.437346776456204,0.22084287644350714,-0.2690623336137185,-0.10018625935760514,-0.007581534340065127,0.5476070789655638,0.058294297180266366,0.4069347240348412,-0.09431010507228722,-0.12047859671670387,0.07103546255552391,-0.2502324767988113,0.33325276549192273,0.2159494779882189,0.2621310185047849,-0.15963420181788285,0.49114341107804815,0.6341298228339411,0.4879254948143883,-0.1423790863950207,-0.050482666361864215,-0.19703968018952983,-0.15441704021675742,0.30358374967398916,0.2787559637073593,0.544421322947058,-0.17025985512637473,0.03079963543976271,0.007832957428198636,-0.21808700897392277,-0.23179232996089144,0.04954267514008463,-0.2069157652739262,0.3333033261897255,0.06166574127536274,0.4987664163956282,0.21403063246049667,-0.06917386286907909,0.44878379726209816,0.43528714831751847,-0.1419249266349769,-0.1264781212031455,0.05028822997611201,-0.2052714596939924,-0.1936444940263118,-0.2964406155293626,0.19592833816623026,0.232758814266455,0.12315894695136549,0.49470660593620747,0.028946139182374615,0.05865022331228538,-0.1898576263529986,-0.27935693218683394,0.36380179395944884,0.010907906275199093,0.18824932387935903,0.16176962249056054,0.16378171047852438,0.08702824266383208,0.23078215758183748,-0.08948587835887382,-0.25455255017268597,-0.07041108920556974,-0.18965583039279774,-0.026352933383101147,0.4243740459425836,-0.2281527712948756,-0.2050220104491443,-0.0438958805028472
228.5,0.2521606672169551,0.053257279874848254,0.48221279186632027,0.35016876244240425,-0.18100834384551517,0.5966006071286353,0.4441003976350487,0.21359057187924382,-0.25266472982279875,-0.09035476357934137,0.010684985216996085,0.5440587244473338,0.059272160158310494,0.4049137920333849,-0.08370844518542477,-0.10004694062872672,0.0799473788650379,-0.2306018592664126,0.32672631935194885,0.2237834546217694,0.2595515533764516,-0.14679359209522228,0.478434184225826,0.6449697588360527,0.49675639002338434,-0.12161895926955531,-0.03961913904289134,-0.1739194373023845,-0.1327661711420932,0.31055571717141356,0.2782670398910429,0.5361662486259094,-0.1564698973716257,0.050645163169917316,0.020633005882117327,-0.2009040496096306,-0.21322775133008426,0.06330019651374022,-0.19052110767064165,0.34335445697621336,0.07854958129173248,0.5020243432487842,0.2153827910372942,-0.0505155699298212,0.4484864852137423,0.43696316160939624,-0.13001999559303912,-0.1091238568381017,0.04758598199186238,-0.18540773477797037,-0.1756553719097525,-0.2780759740501852,0.1874011629763816,0.23814653066730368,0.12037690552218827,0.5037276929881134,0.04313688518940913,0.0659352712609654,-0.1693707430301127,-0.26290395800809596,0.37562263051368294,0.02373772436018753,0.2008991766202334,0.1541635857869651,0.16916485570426362,0.09654665509972163,0.24582829691285743,-0.07114194454177793,-0.2341546963027819,-0.058461772464491066,-0.17185322623676197,-0.011013220108316391,0.4201016452742449,-0.21327469002131152,-0.18271576163630357,-0.022624935791134664
229.5,0.24769309787285212,0.06946745159623785,0.4803568814307869,0.35740621082706764,-0.15906276976446904,0.5910449340629456,0.4502180035101251,0.20631340244754348,-0.23528864497376709,-0.07967292580210265,0.029363942257340438,0.5393113754739206,0.060800084947437404,0.4021990517393445,-0.07229901231940225,-0.07907770079778116,0.08924773717841783,-0.21019868144217488,0.31972126451318716,0.23160834287956797,0.25678875436465665,-0.13305576792453358,0.4645275971321542,0.6547566174045483,0.504858212060767,-0.1003013838212782,-0.02807401319787055,-0.15026394164831502,-0.11057341363957132,0.3172675918876869,0.27754347989995015,0.5266095668421811,-0.14179433109793146,0.07080946095837279,0.033923564417466745,-0.18288411271065028,-0.1938687399561763,0.07743295005022,-0.1732751258987521,0.3530978565756552,0.09574055666810252,0.5043966964114934,0.2167286904818908,-0.03134753421948557,0.44738550763431,0.437913354476217,-0.11722562806209044,-0.09111576804899718,0.04553117959643924,-0.1648535460474691,-0.15691362193853897,-0.2587900271779079,0.1789587546127042,0.24347035498452624,0.11794481592268628,0.5120043241616344,0.057740272294779516,0.07366929328366721,-0.14824565603367995,-0.24545466559095935,0.3870804606821512,0.03704803787322863,0.21361204418080737,0.14678707313994874,0.1746938704746609,0.10640216588062099,0.2608456914929968,-0.052243828119319116,-0.21301697958399216,-0.045809964640836386,-0.15329648172476382,0.004838105450417301,0.41503798894724914,-0.19742802128871678,-0.15983020525232486,-0.000951140019739531
230.5,0.24307617803652418,0.08600984676347226,0.47755745957047335,0.36425590496596605,-0.1365510020352827,0.5840744997708699,0.4556687527795221,0.1990423808418068,-0.21701925570128394,-0.06819608258523327,0.04841578577227844,0.5333479298905556,0.06286555607962505,0.3987869798360092,-0.06013590636200392,-0.05761793874828951,0.09890703467308781,-0.18909191537489964,0.3122593732666661,0.23940222584498244,0.25385173498854363,-0.11848743538058408,0.4494521819681645,0.6634303856984215,0.5121911540080923,-0.07847503653674989,-0.01589355384657571,-0.12612064686194088,-0.08788644166989776,0.32369742120884676,0.276585955312625,0.5157508682456329,-0.12630113495118825,0.09125678816663355,0.047665109744761305,-0.16409813058343972,-0.17378463927989202,0.09190473972252791,-0.15524845001876786,0.36250414930418196,0.11320284714435384,0.5058540998374879,0.21806395856093905,-0.011714652922481045,0.4454671243076044,0.43811963765280276,-0.1036055113814132,-0.07250808620920819,0.044123229353337116,-0.1436689638785603,-0.13748309818478846,-0.23866695260317985,0.17063869831833964,0.24871408341861406,0.11587027722605063,0.5194956187010976,0.07271863955203321,0.08182409686278447,-0.12653809397131888,-0.2270965340109639,0.39814131354087656,0.050799866192292,0.22635848435290176,0.13967200123757978,0.18035178815302394,0.11656552618807306,0.27580224995249797,-0.0328390575476301,-0.1912059828778406,-0.03250541403354536,-0.13404907775202896,0.02115796933612777,0.40918582801361036,-0.1806921389404346,-0.1364167808642585,0.021086968840939087
231.5,0.2383271444427792,0.10284818297515017,0.47380127328057553,0.3706929878474542,-0.11352292326379365,0.5756703356157836,0.46042250266084545,0.19180870201852168,-0.1979343367310892,-0.0559777095207743,0.06780261738129809,0.5261557239623782,0.06545449016745981,0.39467674294735705,-0.047271250356492954,-0.03571135672531346,0.10889591167617367,-0.16734404654110385,0.3043651724713179,0.2471431830849887,0.2507504278080435,-0.10315150688890329,0.4332447928355257,0.6709310582566195,0.5187157412697811,-0.05618485090224314,-0.0031226096120757826,-0.10153259282696317,-0.06474906161359442,0.32982351622101735,0.27539600591690194,0.5035963283393077,-0.11005406887882016,0.11195257458955524,0.061819216165520066,-0.1446112682146836,-0.15303869740572612,0.10668018115297544,-0.13650627146532904,0.3715439185786688,0.13090148144913505,0.5063689782791749,0.2193842452383913,0.008340723209898943,0.4427201592364088,0.4375658412675504,-0.08922014605282073,-0.05335147919636531,0.043358664196965026,-0.12190883767255181,-0.11742255948884725,-0.21778272943440097,0.16247803163775254,0.2538616245370653,0.11415927527555463,0.5261610114221565,0.08803536983433728,0.09037139428964025,-0.10429900530862954,-0.20790927785069274,0.408770955577776,0.0649553020968697,0.23910902182494076,0.13284880991567066,0.18612146646195424,0.1270076517193271,0.29066561046318623,-0.012972281655301867,-0.16878183253643605,-0.01859595918732366,-0.11416951269322691,0.03790505986004876,0.4025515021483459,-0.16314044178514459,-0.11252214707612193,0.04345291406720333
232.5,0.23346401022822433,0.11994709685460388,0.46907839388862393,0.37669297074333546,-0.09002406283918782,0.5658190764201146,0.4644499680415186,0.18464354299339084,-0.17810485440048707,-0.043069347986503845,0.08748796207932572,0.5177270181179698,0.0685513955717547,0.3898703721838027,-0.033755163145169395,-0.013398703333573342,0.11918517189778752,-0.14501175550815398,0.2960659164474841,0.25480930418982817,0.2474955554340302,-0.08710723524443485,0.41595105481059064,0.6771989285043285,0.5243930142062816,-0.0334724668379386,0.010195391559322847,-0.07653899042174675,-0.041201698892181685,0.3356245016883307,0.2739760547364531,0.4901593050352022,-0.09311287976270713,0.13286318646270243,0.07634848718729138,-0.124483414488081,-0.13168865628117743,0.1217246127985084,-0.11710876714033432,0.3801877517489562,0.1488021812860719,0.5059158303376341,0.22068523383619748,0.02877849504402572,0.43913624164527293,0.43623791873213014,-0.07412690436444899,-0.03369337652728696,0.04323133435467963,-0.09962335666043057,-0.09678614083850005,-0.1962059361449661,0.154512981542869,0.25889702505931317,0.11281619928251363,0.5319604409201205,0.10365478213659571,0.09928286573036436,-0.08157509801801426,-0.1879654767466657,0.41893493769243084,0.07947744138570104,0.2518341047516023,0.12634626821213332,0.19198561403875447,0.1376996255576628,0.30540307949225737,0.007314421194696738,-0.145798912529501,-0.004127572333719037,-0.09371175600883525,0.05503966781892446,0.39514514834390996,-0.14484073189187946,-0.08818878186769837,0.0661119580289424
233.5,0.22850548433430187,0.13727199775941407,0.46338253737827684,0.3822318109637687,-0.06609614082760737,0.5545136226718925,0.4677228945897216,0.17757786001963277,-0.1575955644896175,-0.029520583185645675,0.10743654327585375,0.5080595035134985,0.07213952550103016,0.38437293287639696,-0.019635776182028268,0.009281841173902593,0.12974579143015091,-0.1221465607293664,0.2873915331101394,0.262378703808026,0.2440985961448992,-0.07041039151877163,0.39762574722279154,0.682174906068623,0.5291847295747172,-0.010376654740865594,0.024018416514637413,-0.051175756784252936,-0.017281852550505534,0.3410793716046167,0.27232941983849507,0.47546093875557405,-0.07553354291946272,0.15395570022921343,0.09121647425666883,-0.10376967019841998,-0.10978731885306607,0.1370040011458665,-0.09711153066377554,0.3884062940935934,0.1668712068022477,0.5044715194787975,0.22196265240989957,0.04956052734900406,0.4347100524726354,0.43412415874085175,-0.05838013787164946,-0.013578293494674792,0.04373260781776696,-0.07685858009720785,-0.07562381433450191,-0.17399851415841555,0.14677870907574292,0.2638044970424639,0.11184386912712196,0.53685455699315,0.11954201739389883,0.10853020803790811,-0.05840934691901929,-0.16733120746319116,0.4285986543603519,0.09433030022251909,0.2645040640944736,0.12019129981123071,0.197926814656183,0.14861269246127307,0.3199815771618615,0.027981240320060618,-0.12230653025288256,0.010855567704357824,-0.07272569370404645,0.0725235196918849,0.3869808973543131,-0.1258556221388722,-0.0634555349717649,0.08903079532131578
234.5,0.22347088371997756,0.15478892124226534,0.45671139213759815,0.387285997997898,-0.041777572366975775,0.5417538401147255,0.4702142459102533,0.170642185777205,-0.13646560022095264,-0.015379064650840667,0.12761406317169618,0.4971568254213354,0.07620102313143903,0.3781926867513397,-0.004959286397609624,0.03229429984877156,0.140548918064005,-0.09879541987147773,0.27837454147645735,0.26982953861015135,0.2405717441076655,-0.05311347476036317,0.37833309840358803,0.6858008610326614,0.5330535812699813,0.013066285334323682,0.03830577619636761,-0.025476005749689352,0.00697548046298403,0.34616755047042075,0.27046032261831304,0.45953074236948915,-0.05736852768085846,0.17519768422210133,0.1063875855028196,-0.08252082467448392,-0.08738308908846719,0.15248484180936034,-0.07656600135338272,0.39617031238851413,0.18507520460245624,0.5020155828644542,0.22321228534777832,0.07065036960092266,0.42943957425013235,0.4312154042430628,-0.04203132229032505,0.006951849717263406,0.044851576048986506,-0.05365693551963761,-0.05398183454257519,-0.15121648881920002,0.13930906533422907,0.2685684466751277,0.11124357229878341,0.5408049477648614,0.13566292000847222,0.11808517073719153,-0.0348414687279181,-0.14606666380268216,0.43772741540597726,0.1094787229935695,0.27708907649610764,0.11440883003731787,0.20392754950597963,0.15971824601612206,0.3343675899477501,0.04899033828366756,-0.09834953360372704,0.02631097927349673,-0.0512575602327117,0.0903196066851287,0.37807705327373076,-0.10624295801917513,-0.038358135785011974,0.11217726040949123
235.5,0.21838003894422803,0.17246438359859934,0.44906695095338245,0.39183264813753693,-0.017103935001605626,0.5275472915810349,0.47189840477643485,0.16386642925837078,-0.11476904085460873,-0.0006905613606751651,0.14798698918600564,0.48502911763716894,0.0807170576611625,0.37134124345899727,0.010229961970979206,0.0556045535287449,0.15156586240478276,-0.07500128936124921,0.26904993900224133,0.2771400265910947,0.23692786421863246,-0.03526594361571607,0.35814696717733974,0.6880199968918488,0.535963440922371,0.03682214815761416,0.05301805483528797,0.0005295017250452822,0.031537409096904376,0.3508689603961189,0.2683738922454352,0.44240716492782706,-0.03866707776148333,0.19655698830347687,0.12182698698429242,-0.06078381559818822,-0.0645204821843965,0.1681340581723993,-0.05551988429486933,0.4034507684170686,0.20338105920324737,0.49853055758964376,0.224429985179516,0.09201298610552366,0.42332634178028244,0.42750527693668855,-0.025129230214293374,0.02785741668987555,0.046575260996211176,-0.030057685220943424,-0.031903165059740994,-0.1279106435976941,0.13213636240878837,0.273173504849433,0.11101510934040029,0.5437743870455499,0.15198391695925445,0.1279195806076096,-0.010908365929761785,-0.12422675446817624,0.4462865307884035,0.12488828312298912,0.289559131402194,0.10902165607701578,0.2099702179581051,0.17098781001169178,0.34852713144671055,0.07030556599817563,-0.07396888075990744,0.042197763560737386,-0.0293503534498669,0.1083920119224014,0.36845625113065295,-0.08605624251918056,-0.012929660793231943,0.13552004885451746
236.5,0.21325319381168134,0.19026523862527375,0.4404558432193559,0.39584960761323007,0.00789159805004162,0.5119099927571382,0.47275138839052666,0.1572796810288713,-0.09255545484393293,0.014500955410679712,0.16852234690407467,0.47169353996836244,0.08566795052645812,0.3638336980368572,0.025889372734416917,0.07918001369948227,0.16276808221708122,-0.05080364333886689,0.25945505769885735,0.2842884690979807,0.23318044168453836,-0.0169144620478888,0.3371508852769162,0.6887772547172599,0.5378796189400986,0.060858469837836715,0.0681170231410949,0.02681194239922623,0.05637277759381182,0.35516409408895316,0.2660761659612384,0.42413810962358356,-0.019475499189359504,0.21800154148422016,0.13750049858882163,-0.03860216876009418,-0.04124060411156978,0.18391889900138264,-0.034017557086610126,0.41021890276390327,0.22175574870117187,0.49400232353522827,0.2256116845812429,0.11361449580857559,0.4163756904821626,0.4229904054605031,-0.00772012373871068,0.04910075296287366,0.04888881991745349,-0.006097362140633154,-0.00942788467028503,-0.10412714632953417,0.1252911625731296,0.2776045596452987,0.11115684660001826,0.5457271025302183,0.1684718960945177,0.13800535626332766,0.013355458700021213,-0.10186167277574579,0.454241408764467,0.14052517892539945,0.30188400311744856,0.10405034161708462,0.21603715722929376,0.18239301531477786,0.36242571193387446,0.0918921879910631,-0.04920216529584361,0.05847647661604003,-0.007044230749195297,0.12670573761959725,0.3581455869071911,-0.06534505600322499,0.012799035297975483,0.1590284511284011
237.5,0.2081108998902738,0.2081585375540286,0.43088966235847026,0.39931556423324477,0.03317785546527288,0.49486717970290783,0.47275107751844664,0.15091002647207358,-0.069870414201649,0.0301532074458772,0.18918751985960056,0.4571748084292929,0.09103329128661444,0.3556887505320341,0.04197797551499198,0.10298931238500349,0.1741271613182303,-0.026238954284726168,0.24962938850864996,0.2912532759459274,0.22934352646801584,0.0018968470276217436,0.31543793494273675,0.688019751864407,0.5387691466105358,0.08514419453902038,0.08356553904488968,0.05334404629667762,0.08145181790274894,0.3590340937253792,0.2635740849094066,0.40478138291244364,0.00016254968059997466,0.23949915754354567,0.15337448643540563,-0.01601641610499418,-0.017581600901067092,0.19980683628477244,-0.012100460543972158,0.4164463291903897,0.2401662053476432,0.4884204615837805,0.22675340854052947,0.13542192185440965,0.4085969986452153,0.4176706550293375,0.010152039428380074,0.0706458947709444,0.051775744996338566,0.018189822956205876,0.013406427419370325,-0.07990812836263819,0.1188020886277807,0.28184679083244774,0.11166577507199864,0.5466290654753716,0.18509408493938148,0.148314514087091,0.0379175146618501,-0.07901743488641702,0.4615576677886463,0.15635612631593146,0.3140332284563721,0.09951313653952028,0.22211066137653418,0.19390557342738707,0.37602831743310233,0.11371661802071582,-0.024084100020063302,0.07510899144605113,0.015623114332870705,0.14522653368640603,0.34717671399818495,-0.04415546552844346,0.03879892055497439,0.1826720980452898
238.5,0.2029739068155653,0.22611139299092126,0.4203852823981798,0.4022101674160615,0.05872529290845836,0.47645407142688,0.471877459224777,0.1447843694863841,-0.04675597871582798,0.046225488199122935,0.20995005637657888,0.4415057050686909,0.0967920429400961,0.34692880375719665,0.05845629035048318,0.12700200759867308,0.18561478427452371,-0.00134113819445633,0.2396143740627567,0.2980129939616227,0.22543167284916402,0.021126144962404288,0.2931104376518011,0.6856972594685427,0.5386010798721506,0.10964935946217491,0.0993274390385287,0.08009973870069309,0.10674582254982105,0.36246083566009174,0.2608754852269053,0.3844050485167355,0.02020577008438448,0.26101734871430804,0.1694157533609047,0.006935508392723966,0.006420921029355919,0.2157654644080908,0.010192528043553287,0.42210513985546444,0.2585791816838774,0.48177862530448684,0.22785128664154802,0.15740295074857044,0.4000039191973766,0.41154935578952856,0.028445391497198973,0.09245828877388984,0.05521805521245573,0.04277160073475397,0.03656432695851935,-0.05529221886393533,0.11269565780753503,0.2858857064697794,0.11253757410472913,0.5464483025789144,0.20181793119807004,0.1588191668217923,0.06274696089780216,-0.0557363853034209,0.4682012624673712,0.17234824992914347,0.32597609062190264,0.0954259218082271,0.22817300005515406,0.20549724783451082,0.38929939901375404,0.1357461649543507,0.001353036684007456,0.09205835326763426,0.03861609494256464,0.1639207289110536,0.3355858998708496,-0.022530419967569076,0.06504241488475052,0.20642071691650546
239.5,0.19786304938947766,0.24409084762399588,0.4089651564897732,0.4045141564792141,0.08450564238800176,0.45671660574259565,0.47011288269538626,0.13892826890583473,-0.023251150079259257,0.06267852893709919,0.23077748365066814,0.42472755144991214,0.10292263665041364,0.33758003488110927,0.0752861828190218,0.15118830287535018,0.19720270807411536,0.02385803245217636,0.22945317066762616,0.3045463392640636,0.22145987437888834,0.040733620950052694,0.2702794333592446,0.6817627238887909,0.5373468253388782,0.13434479618142314,0.115367422708853,0.10705380468112238,0.13222683551701317,0.3654270208634088,0.25798908412510824,0.3630876574310791,0.0406149395973666,0.2825231476043634,0.18559142887867694,0.03021789462306812,0.030733501640579773,0.23176240166381268,0.032824739556830324,0.42716802158929584,0.2769611228674833,0.4740749234597989,0.2289015654195123,0.17952570087707106,0.3906145958877189,0.4046335266603358,0.047119935794022426,0.11450452283250134,0.05919647841043165,0.06761728649455043,0.06001215978437324,-0.030315037418863395,0.10699614113024972,0.2897071816493471,0.1137666787979114,0.5451552307448622,0.21861098594167258,0.16949151605731036,0.08781426501197018,-0.032057669857327276,0.47413862388905803,0.18846897401313475,0.3376816099398569,0.09180217916096346,0.23420643743214398,0.2171398241645442,0.4022028730165295,0.15794878863994902,0.02707898807729972,0.1092886304636419,0.06190089247804019,0.18275506564913388,0.32341403656715345,-0.0005101288237004167,0.09150304337964958,0.2302438976668216
240.5,0.19279913256483985,0.26206374838990276,0.39665758900018194,0.4062094969143124,0.1104915827882184,0.43571212121590763,0.4674423274875239,0.13336578964593654,0.0006077030010455051,0.07947435595902778,0.25163712927732845,0.40689062695053807,0.10940305605269725,0.32767243645457594,0.09243071275585546,0.17551877951491973,0.20886273185694065,0.04932854455289849,0.21919038113638906,0.3108322335682259,0.2174434946071872,0.060681238609628096,0.24706393513293307,0.6761728381594959,0.5349804890823,0.1592018465451947,0.13165093266352673,0.13418157262966882,0.1578673588624707,0.36791627091682455,0.2549244607339669,0.34091832346851375,0.061352635640742836,0.30398293760824746,0.20186885981001718,0.053796903036468266,0.05532445890901527,0.24776519501007113,0.055761375361585985,0.43160838338024093,0.2952780458348625,0.4653123097262372,0.2299006207358551,0.201758500099081,0.38045185810536497,0.3969340908707763,0.06613732673188091,0.13675206761727243,0.06369062198569705,0.09269744479239958,0.08371773549452102,-0.005009648545964057,0.10172544947368782,0.29329749940747196,0.11534634994464713,0.5427230154260367,0.2354407903764614,0.18030383979155834,0.11309088204415878,-0.008017677405626368,0.47933681463023825,0.20468591428471808,0.34911854204910586,0.08865298474107776,0.24019325164089217,0.22880508011228237,0.41470213290415553,0.18029286541643935,0.05306513592458152,0.12676476331802505,0.08544513584488601,0.20169653877163993,0.3107065988149514,0.02186757625088847,0.11815511042942473,0.2541108683173857
241.5,0.18780281547442174,0.27999662678338666,0.38349697166912583,0.4072795243113408,0.13665642868961198,0.4135099525581422,0.4638536831502528,0.12811937028082263,0.024786447004078054,0.09657614183682653,0.27249595046593794,0.38805451027883614,0.11621091146787803,0.3172398223953339,0.1098539790654959,0.19996414027480217,0.22056666573856246,0.0750417857262837,0.2088717608482114,0.3168498447671259,0.21339819403851124,0.08093248741411412,0.2235899515292346,0.6688886701289889,0.5314792484614206,0.18419209149309657,0.14814403173234095,0.16145861367807982,0.18364007303707075,0.3699132293224583,0.2516920315241076,0.3179966137588415,0.08238296702622538,0.32536229220989366,0.21821550267503276,0.07764023080222163,0.08016354296997338,0.26374122893007845,0.07896918658366167,0.43540049517397816,0.31349542596400054,0.45549897491491675,0.23084497010938448,0.22406967214503548,0.36954338790570723,0.3884660788325232,0.08546065090463813,0.15916902867786398,0.06867913102962257,0.11798357301440991,0.10765001825308881,0.02059301802835487,0.09690304706674306,0.2966433937994572,0.11726874548053949,0.539127953036771,0.2522747669835884,0.19122847617292532,0.13854895042802992,0.016349547846917396,0.4837636987345082,0.22096677179350155,0.36025538413625985,0.08598702536243304,0.24611575512434256,0.24046475600591793,0.42676007340408645,0.20274696288204042,0.07928414323085631,0.14445241222998237,0.10921759712142316,0.22071223951981161,0.29751354387509626,0.044566897396656334,0.14497339143763785,0.2779902794386849
242.5,0.18289449569881283,0.29785558597289646,0.36952397327584263,0.4077090954673489,0.16297383489421602,0.3901919017627452,0.4593380388351022,0.12320970840811614,0.04925281099310539,0.11394805308800113,0.293320371252294,0.36828832035507586,0.1233235044787768,0.30631979459763836,0.1275209627036415,0.22449496345460687,0.23228629964510925,0.10097020792316314,0.19854390026923044,0.3225786320161864,0.20933985382609577,0.10145214018666063,0.1999892784612551,0.6598763543989054,0.5268237470436394,0.20928709136417104,0.16481327900614143,0.1888604542867403,0.20951756911907618,0.37140366780968487,0.2483030201660897,0.2944322252901446,0.1036713142269347,0.34662582370073425,0.23459881880234718,0.1017167958840105,0.10522161035520958,0.2796576392015594,0.10241616935331088,0.4385196380294204,0.3315780919419028,0.4446487356940324,0.23173128494748257,0.2464273316268927,0.35792185223798767,0.379248813414651,0.10505421104615247,0.1817239085279293,0.07413983319326015,0.143447801549031,0.13177883323730133,0.04646377745997925,0.09254589248415786,0.2997320951214769,0.1195249924629819,0.5343498777094554,0.2690801157818072,0.2022378044678994,0.1641610029713744,0.04101192111497204,0.4873881269368695,0.23727922973998422,0.3710603897902917,0.08381063573375988,0.25195631618716985,0.2520905268455832,0.438339127595005,0.2252796235869277,0.10570961931285505,0.162317806797667,0.1331879022527251,0.23976920484032882,0.28388914792902725,0.06755374353302696,0.17193283934266856,0.3018499973979643
243.5,0.17809419498034104,0.315606195402666,0.35478567143121525,0.40748474609348595,0.1894175143426995,0.3658525431768745,0.45388998101818834,0.11865566479145198,0.07397603690040769,0.1315550962529573,0.3140761281200063,0.34767083108705055,0.1307178834291263,0.29495366608052,0.14539736951416377,0.24908146652767948,0.2439933730626807,0.12708701028785974,0.18825388790019057,0.32799839551131904,0.20528449681713434,0.12220601753578479,0.17639807320629464,0.6491078551417274,0.5209985121980698,0.2344581364993807,0.18162560607610728,0.21636229972234963,0.23547209147903403,0.37237459723795585,0.2447694217480952,0.27034442250754953,0.12518407873839593,0.367737041993326,0.25098617305509546,0.1259964374109631,0.13047031598085873,0.2954812323587237,0.12607127485759226,0.44094226559550903,0.34949012958421755,0.4327814123859781,0.23255640262031646,0.26879918756958754,0.34562499291818993,0.3693060721287979,0.12488331412300784,0.20438537829839348,0.08004986986714745,0.16906260844490895,0.15607458724576023,0.07257482649253041,0.08866840664719881,0.30255137722411246,0.1221052587338973,0.5283725922351397,0.28582371641077087,0.21330422423638912,0.1898996909205894,0.06593895636132782,0.490180137418659,0.25359085411053595,0.3815015930296385,0.08212785463381289,0.25769738202402076,0.2636539765780147,0.4494013175597639,0.24785915739105352,0.13231580396249815,0.18032759691285632,0.15732625539982834,0.2588342727468606,0.26989177480296683,0.09079541958402289,0.199008303533619,0.32565690646343776
244.5,0.17342144760877104,0.3332133935987195,0.33933561457034644,0.40659485436235,0.21596096746898324,0.34059931819123823,0.4475078968886247,0.11447418687416608,0.09892655033394025,0.1493629639865917,0.3347281245758563,0.3262904340606352,0.13837089047722856,0.2831863370662394,0.163449474303909,0.27369327871782817,0.25565954651501244,0.1533658385249197,0.17804895830781015,0.3330893311197519,0.20124820658573878,0.1431607596594143,0.15295523495728175,0.6365618061485832,0.5139923943216612,0.2596760072123084,0.19854819462084405,0.24393876656041208,0.2614752897003261,0.37281438259227806,0.24110396131593567,0.24586121738408223,0.14688844155563274,0.38865822434024977,0.26734473702230305,0.15044963073973194,0.1558818207169121,0.31117841161494647,0.1499041329854698,0.4426461767901618,0.367194795404249,0.4199231868492075,0.2333173383116765,0.2911523555058594,0.33269566664379174,0.3586662202407024,0.14491406446975005,0.2271220585620569,0.08638581360338529,0.194800546646757,0.18050800208212348,0.09889940322466764,0.08528246681326794,0.3050896068390899,0.12499882351104345,0.52118432239199,0.30247203674242595,0.22440013363696004,0.2157375194435208,0.0911014276058423,0.49211117231605234,0.2698689989383766,0.391546842038505,0.08094049781539717,0.26332150348198036,0.2751265753445141,0.45990831919457814,0.27045344235514884,0.15907726777581616,0.19844870682566584,0.18160317563483033,0.2778739442578537,0.2555835741619871,0.1142603309089331,0.22617425913757921,0.3493767200767549
245.5,0.16889519264038355,0.35064139990889676,0.32323380208205055,0.40502980938864097,0.2425772213849889,0.3145523750344642,0.44019428029791435,0.11068025189912992,0.12407564959095504,0.16733788248377363,0.3552402953004156,0.3042449240353925,0.14625920090017405,0.27106612104797756,0.18164396728054472,0.29829922218931754,0.26725637553017156,0.1797804983461784,0.16797613053930333,0.33783208997916636,0.19724704517358643,0.16428360580088425,0.12980062826377395,0.6222244329678903,0.5057990258504373,0.2849107424739268,0.21554835636660044,0.2715636227810376,0.2874979789223575,0.37271286146897065,0.23732004678832602,0.22111828223927454,0.1687521307143228,0.40935029692981295,0.2836413974576669,0.1750472156962502,0.18142851253360592,0.3267151100091062,0.17388478838216562,0.4436106994682623,0.3846544407745919,0.40610692988160624,0.23401129658457057,0.3134531783342503,0.31918182731336125,0.34736230841849247,0.1651131626010855,0.2499023090302268,0.09312377195775923,0.2206339822053415,0.2050498594524744,0.12541146666235578,0.0823974250471245,0.3073357948160383,0.12819414627891942,0.5127781930268098,0.318991048702496,0.23549790773274296,0.24164659316579806,0.11647104970424435,0.4931543101888951,0.28608071696426174,0.4011638431215652,0.08024824523557264,0.26881136176366727,0.2864796603777823,0.4698215417345121,0.29302973416991335,0.18596862609430237,0.2166481930014116,0.20598924481003622,0.29685425247604635,0.24103010799104235,0.13791770179127535,0.25340454507583043,0.37297380185980955
246.5,0.16453367109928974,0.3678536359692384,0.3065465709257572,0.4027821835225319,0.2692385776374647,0.28784411196855625,0.4319560363917046,0.10728682946004506,0.14939521070275763,0.18544646132890757,0.3755754806397027,0.2816410846767949,0.1543593553798805,0.25864451877777606,0.19994780382783814,0.32286710177663275,0.2787552878320353,0.2063046808919405,0.15808184264303526,0.3422078431456518,0.19329697027119658,0.18554218148820056,0.10707319668438428,0.6060905593804485,0.4964172971023612,0.3101314169659256,0.23259341629946578,0.299209534471104,0.3135099081169717,0.37206146533056117,0.23343171633991497,0.19625759684115485,0.19074319766852196,0.4297727294429303,0.29984267077016435,0.1997601366337021,0.2070827395101699,0.34205673153936683,0.197983447815404,0.443816884735792,0.4018304475666109,0.3913724859700595,0.2346356826143948,0.33566705630865473,0.3051364432500617,0.3354321282497913,0.1854477101637924,0.27269402695396056,0.1002394781659598,0.24653484214019347,0.2296707563123878,0.1520853930954122,0.08002014927544689,0.3092796491094532,0.13167893345079834,0.5031527231323063,0.3353461520195101,0.2465698776167712,0.2675983707022314,0.14202017617483279,0.4932845145716853,0.30219267642934544,0.41032021536669083,0.08004874013658987,0.27414979726817945,0.297684421215028,0.4791022225218488,0.3155544843049023,0.21296426435890692,0.23489310649882783,0.23045486559776882,0.3157406394265704,0.226299906138303,0.16173730681787357,0.2806721096804744,0.39641099717605344
247.5,0.16035432919386122,0.38481265771504664,0.2893463781174009,0.39984690709466714,0.2959163676897073,0.2606183885944032,0.4228047801778052,0.10430486298030339,0.17485740651222792,0.20365554669014826,0.39569531232514954,0.25859405641434235,0.16264778602218238,0.24597593920857297,0.2183280584312551,0.3473635034864565,0.290127564441031,0.23291169837866663,0.1484115883482294,0.34619835132501126,0.18941375261162285,0.20690429358115492,0.08490902318554322,0.588164696580219,0.485851844683058,0.3353059264562613,0.24965059995981553,0.3268478185819754,0.33947953617596605,0.3708533426794046,0.2294535804598194,0.1714258444581025,0.212829802329622,0.4498834437655118,0.31591462433509343,0.22455919313517883,0.23281655325947131,0.35716810105223284,0.22217023790091167,0.4432477114201526,0.4186831761887623,0.37576690180956196,0.23518811301673495,0.3577582867083831,0.29061734252404525,0.3229182188976115,0.20588502136763837,0.29546445421971096,0.1077083692130105,0.2724743709606282,0.2543408698134182,0.17889568668463357,0.07815508468899482,0.310911629342003,0.1354402023924615,0.49231233571506283,0.3515021066399283,0.2575883111326595,0.2935634274530642,0.16772151188161866,0.4924788986155287,0.31817108475999556,0.41898355647824675,0.08033769749789346,0.27931984071667043,0.30871188985101206,0.487711537514401,0.33799316724220646,0.2400380730831489,0.2531503605405394,0.2549700289098235,0.3344978413218183,0.2114639539466975,0.18568921403732908,0.30794876309759445,0.41964947631346183
248.5,0.15637372851281467,0.40148009878521407,0.2717114702098728,0.396221444052422,0.32258071565532986,0.23302938036100804,0.41275712337932,0.10174326930255502,0.2004344380393654,0.2219320786558443,0.41556011145475064,0.23522647486589393,0.17110083687530983,0.23311736771345978,0.23675178344925274,0.3717536022750271,0.30134432531930433,0.2595742286065981,0.13900956210658252,0.34978603967316163,0.1856128943408992,0.22833773315643632,0.06343940015947497,0.5684622080622319,0.47411354652745263,0.36040078178715107,0.26668692558210894,0.35444820165636787,0.36537381605283287,0.36908348315791073,0.22540075891927538,0.14677258573786697,0.23498000660782065,0.46963873814522367,0.33182280537120185,0.24941480042177977,0.25860146163498576,0.3720134236593568,0.2464149724158106,0.44188830003886725,0.4351719269720366,0.35934458379722706,0.2356664262182941,0.37968991392334384,0.27568698067760977,0.30986781830151633,0.22639244117967933,0.3181799933082584,0.11550565204748856,0.29842289519314635,0.27902973123242325,0.20581670199960667,0.07680433303014506,0.31222300269735004,0.13946434248191508,0.4802678765102229,0.3674229745439324,0.26852539592653973,0.31951122628995166,0.19354783858346425,0.4907170056622502,0.33398161987138625,0.427121520210784,0.08110901942523494,0.28430474673134254,0.31953293643689773,0.49561072800815315,0.3603101173344828,0.26716319104015174,0.27138660392538055,0.2795040901496927,0.353089782980902,0.19659511735962282,0.20974353889700792,0.3352049361213636,0.44264859058895195
249.5,0.15260746403485828,0.4178166262150678,0.2537254334170593,0.39190596657360344,0.349200308209001,0.20524006577786338,0.40183494289347177,0.09960895525697447,0.22609827663528712,0.24024295342591037,0.43512879978125607,0.21166737671911248,0.17969477971269293,0.22012798334224454,0.25518587343687404,0.396000979881234,0.3123765202149688,0.28626406733494514,0.1299183185750184,0.35295407760001635,0.18190954914264967,0.2498100862939955,0.04278897471173908,0.5470105361008042,0.4612200157493246,0.38538091204399905,0.28366910183273675,0.38197858489734526,0.39115798758512266,0.36674884143347797,0.22128881299749342,0.1224482536658293,0.25716157632539305,0.48899322815010304,0.3475321781891073,0.2742967587692064,0.28440818993371303,0.3865562544575473,0.2706869286393529,0.4397261353701996,0.45125491585070965,0.34216736898025746,0.23606869231969713,0.4014235908580156,0.2604121266313789,0.2963327527723317,0.24693717055768238,0.3408060324790251,0.12360635871901937,0.32434959560313387,0.3037060085565334,0.23282237664004057,0.07596774713802919,0.3132059008715412,0.14373717298240543,0.4670371335627047,0.3830720717459569,0.2793532255274479,0.34540989609461553,0.2194717516810572,0.4879811053699942,0.3495893698395135,0.4347019058024057,0.08235491516074137,0.28908802994935456,0.3301182711051882,0.5027612440264829,0.38246837604369316,0.2943117556840901,0.2895681009238001,0.3040255540014676,0.3714794822053015,0.18176751335326746,0.2338702081161533,0.3624094455469701,0.46536574288444593
250.5,0.14907009065700869,0.4337819093061964,0.23547662131533204,0.38690352650980653,0.37574217203202165,0.17742035382041582,0.3900656232291607,0.09790684986602212,0.2518204157439623,0.25855489102584867,0.4543588255205453,0.18805088020179905,0.18840582583034515,0.20706872845831117,0.27359693560898046,0.4200674538208936,0.3231949252738134,0.3129518879361403,0.12117845240280403,0.35568646345441385,0.17831844484875503,0.27128855289165205,0.023074033646339462,0.5238504669267051,0.44719608329323907,0.4102094778705661,0.30056343185318635,0.40940481641908644,0.4167953799920233,0.36384845956122713,0.21713367338050338,0.09860202609719557,0.279341791566204,0.5078998057909617,0.36300707057739817,0.299174031525529,0.3102064501226463,0.40075947932678196,0.29495463239085773,0.4367512964846497,0.4668892652893146,0.32430449371769243,0.23639322238561755,0.42291945274232406,0.24486346447651633,0.2823692595885954,0.2674860990208458,0.3633067807401137,0.1319853913762008,0.3502222871679932,0.3283372976548507,0.2598859724601647,0.07564303806039989,0.31385337774193556,0.1482439975887086,0.45264534727934824,0.398411931286268,0.2900437891221651,0.3712260184903208,0.24546540674920087,0.4842565046790618,0.36495878171145363,0.44169275979157663,0.08406602355810752,0.29365350380512206,0.3404384524823278,0.5091249048154963,0.4044295504858636,0.3214546602240673,0.3076606183183026,0.32850186773116974,0.3896289649679835,0.1670558359145699,0.2580387328432389,0.3895292665613791,0.4877562743043427
251.5,0.14577505880626274,0.44933460259554625,0.21705746103223705,0.38122022113982473,0.402171459546529,0.14974487971288591,0.37748226429125786,0.09663995066196687,0.27757163137584423,0.27683430919408847,0.47320610491752707,0.1645146587083612,0.19721013461156853,0.1940018356894278,0.2919511671079918,0.443912918851652,0.3337701460093359,0.3396070081332204,0.11282830371857815,0.3579681139062564,0.17485380924070926,0.2927397737003592,0.0044009871792469344,0.499037401230806,0.4320742570260771,0.4348476961251432,0.3173357243518393,0.43669047199785815,0.4422472254071993,0.3603835863478738,0.21295156421251543,0.07537964321803889,0.30148726559318517,0.5263096181795738,0.37821113011113555,0.3240145316013814,0.3359647179991804,0.4145853075752509,0.31918565170025764,0.4329566927671781,0.48203101138458154,0.30583244492208417,0.23663857711162223,0.4441360045750691,0.22911511118613506,0.26803773831469313,0.2880056449073872,0.38564511336738844,0.1406175580136528,0.37600720722678516,0.35288992227998295,0.28697982430862223,0.07582589203263963,0.3141594673838442,0.152969655578412,0.43712569803566276,0.4134042780085984,0.3005689656611982,0.39692442348199614,0.27150027477909855,0.4795318725095849,0.38005362021696476,0.4480624905379632,0.0862315360622344,0.29798532204217754,0.3504639034284155,0.5146640768888218,0.42615368439678925,0.34856131722622197,0.32562932028406794,0.35289922327765344,0.4074991923371364,0.15253464995130767,0.28221799066622977,0.41652931314438046,0.5097733687839917
252.5,0.14273465953631187,0.4644323438072663,0.19856364340970142,0.3748653504136265,0.42845124410537166,0.12239051920019565,0.36412384506129075,0.09580938242943018,0.30332175075078727,0.2950472040920694,0.4916249808112171,0.14119823806980003,0.2060838195720945,0.18099031877643507,0.3102142396944818,0.46749520252570065,0.3440726271932896,0.3661971640265097,0.10490369407178694,0.35978495777130926,0.17152929972249847,0.31412966594179126,-0.013134898752859225,0.4726425847260301,0.41589514241824005,0.45925467745133774,0.33395121248954196,0.46379664608659577,0.46747248515861795,0.35635779206184715,0.20875892386171596,0.05292124461151959,0.323563772641074,0.5441720670240738,0.3931072911836876,0.34878491660803934,0.3616500185288414,0.42799527718850283,0.34334639930692046,0.42833830410403956,0.4966351280294024,0.2868346801710908,0.2368035748139373,0.46503002356358714,0.21324405296938537,0.2534024280302467,0.3084616037709872,0.40778242893249594,0.14947759997412707,0.4016688125785229,0.3773287434298641,0.31407509562920727,0.07651009471353652,0.31411924198539054,0.15789856956216677,0.4205197556518421,0.42801001593539406,0.3109005229013784,0.42246799505305965,0.29754690545915236,0.4737995765543772,0.39483693716175977,0.453779995764934,0.0888393184350195,0.3020680230062963,0.3601649345191914,0.5193418700684327,0.4475991427924314,0.3755994290298229,0.34343867183844085,0.37718236868351107,0.42505000010120675,0.13827766734140437,0.3063760162832649,0.44337222788804576,0.5313679775698168
253.5,0.13995997937075505,0.47903176766500055,0.18009320755445257,0.36785156249247547,0.45454232620767987,0.09553369275895632,0.35003533307370355,0.0954144666223532,0.3290394288970198,0.3131590385133097,0.5095681994932881,0.11824115955413979,0.2150029525925508,0.16809743533595894,0.3283511925633228,0.49076993662802576,0.3540726701831892,0.39268829206073147,0.09743769678381563,0.3611240339506864,0.16835793743758343,0.3354232679513363,-0.029450483953301142,0.4447542408421839,0.39870780751862456,0.48338727855215236,0.3503744813350693,0.4906817553344074,0.4924276908242489,0.3517770766555159,0.2045723230217364,0.03135930345060806,0.34553608507599537,0.5614348301860055,0.40765775355459183,0.3734503931364899,0.3872277199801276,0.4409502734211281,0.36740194444863616,0.422895422972651,0.5106555689708557,0.26740120547179835,0.23688729868868147,0.48555647802946184,0.19732950589417103,0.2385310094868379,0.32881900542966125,0.4296785189846557,0.1585402121468768,0.4271695867047157,0.4016169789061553,0.3411415406707143,0.07768766017206297,0.3137288691848571,0.16301478990844534,0.40287787235315287,0.44218922905059543,0.32101012196632184,0.4478174881783216,0.3235746980574036,0.467056029894411,0.4092710523008332,0.4588148033930099,0.09187602972307188,0.30588657675649644,0.3695117757694074,0.5231223519752412,0.4687225117342428,0.4025347657264189,0.3610523516362037,0.4013144297110512,0.44224005209491823,0.12435702064768397,0.3304798008992754,0.4700181830778737,0.5524887655255026
254.5,0.13746086498309507,0.493088536423265,0.1617455352396659,0.36019498410407913,0.48040305270168765,0.06934754982757377,0.33526772916009195,0.09545279965805539,0.3546919333440156,0.33113463829823386,0.5269869070573292,0.09578106087919211,0.22394356701595122,0.15538613095820794,0.34632633398980006,0.5136904464955692,0.3637404582122947,0.4190443199599045,0.09046044482184198,0.36197359307310706,0.1653520463848639,0.3565845934751534,-0.0444754259414208,0.41547853494494247,0.38057007267236653,0.5071999712329045,0.36656940465663496,0.517301357244195,0.5170668023772673,0.34664996949160976,0.200408380824171,0.010816733108852663,0.3673678205609371,0.5780439063918683,0.4218239731979872,0.3979745309601551,0.4126613377999885,0.4534105614441689,0.39131583469099057,0.41663089569617123,0.5240453285347744,0.24762800305548707,0.23688910328088547,0.5056684643017638,0.1814522094717534,0.2234941333522265,0.3490419803124361,0.45129145169784624,0.16778005682472222,0.45246985860492905,0.4257160341949323,0.36814727349371174,0.07934896231569664,0.31298566828872987,0.16830203594014315,0.38425949830756895,0.4559011962924221,0.33086932797855256,0.4729313589985044,0.34955167998382575,0.45930204439220146,0.4233175464497771,0.4631372258847436,0.09532723718566469,0.30942643499220324,0.3784746170605072,0.5259707814530135,0.48947851472358356,0.42933095187901066,0.37843317493631,0.4252567427746744,0.4590268082449384,0.11084255080551539,0.3544951006769689,0.4964246952879089,0.5730820811876401
255.5,0.13524589766331796,0.5065573878735093,0.14362027545148937,0.35191533187268664,0.5059891512623415,0.04399913697786303,0.3198780369283768,0.09592033829572962,0.38024493741196247,0.3489380977059785,0.5438306664200437,0.07395173531397731,0.23288166026140183,0.14291847501951005,0.3641031525891853,0.5362076603264894,0.37304609012117584,0.4452269680517517,0.0839989782277574,0.36232320233959703,0.1625231979784976,0.3775764963565257,-0.05815253441024728,0.38494028822775905,0.361548703638953,0.5306447304660491,0.3824990918890102,0.5436079869775639,0.5413410859644735,0.3409876183986329,0.19628367969304092,-0.008594765711374325,0.38902130004627467,0.5939436839992047,0.43556666624504914,0.4223190882636857,0.4379123495556959,0.46533583373032616,0.41504992880730607,0.40955135956757716,0.5367565217130463,0.22761630611517614,0.23680862011976006,0.5253171631518864,0.16569366488159723,0.20836487809726273,0.36909363584807076,0.4725774709380713,0.17717177217567764,0.4775276351015464,0.4495853460651772,0.39505854440580357,0.08148286664867137,0.3118881647807487,0.17374373407325144,0.36473339675204036,0.4691044214976844,0.34044962729184913,0.49776561025528904,0.3754442933673953,0.45054318687216793,0.4369372676251356,0.4667185283142713,0.09917752612117817,0.3126735837719981,0.3870236577281249,0.5278538614117776,0.5098199473035777,0.45594926361163746,0.39554302759849463,0.44896870058689836,0.47536650836675187,0.09780112513758847,0.3783862548443079,0.5225464561226897,0.5930919523927699
256.5,0.13332237737803845,0.5193922015860967,0.12581622366503695,0.34303600058341555,0.531253582785644,0.01964666119451753,0.3039291468932711,0.09681149036386713,0.40566232294497445,0.3665326945373827,0.5600474960383033,0.052881233645923245,0.24179319658518544,0.13075509938427288,0.38164423899719535,0.5582700406868542,0.38195962301526815,0.47119556282070363,0.07807713224726648,0.36216385296878406,0.1598821614358954,0.39836054651438974,-0.07043781509084072,0.35328335104337616,0.34171948558180454,0.5536709438355654,0.3981258460782572,0.5695510156379499,0.5651990140110316,0.334803865729949,0.19221467969139616,-0.02677606108788253,0.4104574175862137,0.6090770345507808,0.4488458267595514,0.44644384928311637,0.46294002256464184,0.4766852728233676,0.43856424199181543,0.4016674719895509,0.548740484221223,0.20747172305985878,0.23664576246943367,0.5444518173016558,0.15013533227571968,0.19321814362818995,0.38893594375661844,0.4934909123125296,0.18668997622258682,0.5022984487500257,0.4731822405553287,0.42183952487468446,0.0840768604903805,0.3104361424752525,0.17932305309144905,0.3443777344078516,0.4817566790561319,0.3497224518262279,0.5222736543189248,0.4012171904412857,0.44079013311009724,0.4500903509780182,0.46953111027739763,0.10341060379553475,0.3156145989499814,0.3951291657089139,0.5287400115851646,0.5296976314926443,0.4823484380764874,0.41234281201300166,0.47240761214889726,0.49121417268396383,0.08529600144869398,0.4021160143255277,0.5483351820577355,0.6124601091229454
257.5,0.1316963160854437,0.5315460840339601,0.10843018381910793,0.3335841241060524,0.5561464145307966,-0.003563041081258174,0.28748962612406737,0.09811920916053919,0.43090599369789145,0.3838808158497489,0.5755839312680102,0.03269007445235087,0.2506541105868237,0.11895465144251394,0.39891121884442116,0.5798235403746336,0.3904511242634142,0.496906864901259,0.07271546615981586,0.36148806953422513,0.15743886028070334,0.41889691827009823,-0.08130022333000742,0.32067054190288946,0.32116715526399536,0.5762253448310596,0.413411133663395,0.5950765335684196,0.5885861904366457,0.32811530899036334,0.18821763314848666,-0.04364160837288231,0.4316355231224474,0.6233854316344584,0.461620759111251,0.4703064760012074,0.4877012561595958,0.4874176300999561,0.46181680490098087,0.3929941271373718,0.5599478930800462,0.1873032201489621,0.23640072913228605,0.5630197314550385,0.13485780399179842,0.17812998937259317,0.4085296392004958,0.5139841378325241,0.19630926725125183,0.5267352237361467,0.4964618072082622,0.4484521024206554,0.08711718003057643,0.3086306926420376,0.1850229367831055,0.32328002250797766,0.493815075950548,0.3586592109799963,0.5464061963870916,0.4268330388372702,0.43005901341233416,0.46273625321540013,0.47154870173819996,0.10800939684335528,0.3182367042501073,0.4027615466470308,0.5285996616740972,0.5490603916312076,0.5084844977537635,0.42879240588168105,0.49552857894975977,0.5065236200628608,0.07338625265530958,0.42564538202918956,0.5737394865920671,0.6311260349692823
258.5,0.13037243986884073,0.5429714731977484,0.09155584315667514,0.3235906046236527,0.580614717060276,-0.025496727163456377,0.27063340593952345,0.0998350899932642,0.4559357009104955,0.4009438951434678,0.5903851090983036,0.01348962483006504,0.2594403120389527,0.10757327282980995,0.4158646979279451,0.6008115847612033,0.3984907332665716,0.5223149139735555,0.06793123193226834,0.36029002036813745,0.15520233517395912,0.4391442921380759,-0.0907211590320256,0.28728306165287404,0.29998516980268497,0.5982519723750582,0.42831556692952627,0.6201272623224224,0.6114453037425108,0.320941343500099,0.18430850036333088,-0.05912010791144283,0.4525133195080929,0.6368090953315464,0.47385012562771855,0.4938623757994459,0.5121504407794435,0.4974913210939616,0.4847635382642087,0.38355065501782576,0.5703289081877202,0.16722197811360176,0.23607400727510278,0.5809662961911296,0.11993997227828815,0.16317692799294775,0.42783413285283867,0.5340074908451691,0.20600422146127317,0.5507881623904298,0.5193767916062578,0.47485568739773026,0.0905889328492261,0.30647425937203204,0.1908261342164653,0.3015368848290388,0.5052361308270263,0.36723133156827736,0.5701111405486659,0.45225233833284184,0.4183717423406568,0.47483380223029786,0.4727465728231907,0.11295614173687549,0.32052783181450334,0.40989142330625805,0.5274055652911884,0.5678550531609661,0.5343105923367995,0.4448506347966331,0.5182843893790225,0.5212475048327058,0.062126264456683365,0.4489334661640208,0.5987047781087023,0.649027048297573
259.5,0.12935419932924022,0.553620263195645,0.07528269085989515,0.3130901058268008,0.6046024880780158,-0.046036577877299145,0.25343936233725883,0.10194946741062616,0.4807088829300389,0.4176823619329369,0.6043948768573608,-0.004619293659742105,0.2681276925863291,0.09666411462386686,0.4324642205041182,0.6211750825202191,0.40604873336013075,0.5473708933970945,0.06373838092464054,0.3585656280811612,0.1531807131739801,0.4590597713588994,-0.09869374267986339,0.25331930423322924,0.2782752928809725,0.6196921589008987,0.44279889997852023,0.6446424989419275,0.6337161105951037,0.31330418454039693,0.1805028671502964,-0.07315479723661053,0.4730467751579642,0.6492871623509445,0.4854920101886385,0.5170645871351006,0.5362393363312287,0.506864537918254,0.5073581449440984,0.3733609971977857,0.5798333353235117,0.14734014511607482,0.2356663742182849,0.5982350368746534,0.1054582111838479,0.14843518817813167,0.44680743700810216,0.5535092728591975,0.21574938869783905,0.5744046550285026,0.5418775083955225,0.5010070339709009,0.09447621478830667,0.30397068039817243,0.1967152279122247,0.2792536317625499,0.5159758706852409,0.37541030620230054,0.5933335214891019,0.477433250864949,0.4057563238049736,0.4863412626080722,0.4731017574302226,0.1182324680945572,0.32247668506003196,0.4164897256065309,0.5251331350060607,0.5860264657169443,0.5597768612509608,0.46047525954435164,0.540625433503145,0.535337373025377,0.051565316095365646,0.47193734818149613,0.6231731868586086,0.6660984138271557
260.5,0.12864378760792453,0.5634439494155684,0.05969501062029955,0.302121005905703,0.6280506062453142,-0.06508157057668983,0.23599078680655258,0.10445151187031165,0.505180521013174,0.4340556046357838,0.6175559253048153,-0.02154752992290137,0.2766921348498058,0.08627689882899905,0.4486682416638346,0.6408524664381371,0.41309563421547535,0.5720230175430208,0.06014760604572974,0.35631267911425263,0.15138118346942672,0.47859881449747066,-0.10522191739520623,0.21899300708812824,0.2561469835074449,0.6404845490587036,0.45682003903074675,0.6685580960250517,0.6553354523001951,0.30522886644909575,0.17681586503035684,-0.08570339065409957,0.49319005382058095,0.6607578817816783,0.49650399838793235,0.5398636854690596,0.5599169723936814,0.5154953792903333,0.5295520214628839,0.36245385289368726,0.5884108109949666,0.127769514745214,0.2351788981539804,0.6147676885344483,0.09148559246605532,0.1339799617848538,0.465406106914209,0.5724357438075407,0.2255192870459323,0.5975292158738947,0.5639117770155103,0.5268600779536567,0.09876222030127126,0.3011252226045026,0.2026726602267118,0.256543623889357,0.5259899457577437,0.38316775049873486,0.6160154645285759,0.5023314459775502,0.39224712139423257,0.49721641760555785,0.4725932904857622,0.12381947473599737,0.3240728035976355,0.42252779156582976,0.5217607985856245,0.6035175517388647,0.5848303200940609,0.4756229790602882,0.5624996403843638,0.5487437387657494,0.0417472514148326,0.4946119671282149,0.6470835244537538,0.6822734849199554
261.5,0.12824216534553415,0.5723937946146096,0.04487097492729124,0.2907253065237811,0.650896817868563,-0.08254835861554602,0.21837474860440978,0.1073293247014381,0.5293030136789242,0.450021947722794,0.6298099463353899,-0.0372184286340652,0.28510952442166226,0.07645753458301163,0.46443411471651724,0.6597797656330939,0.4196022650386805,0.5962164449098736,0.05716641619272881,0.3535309310961383,0.14980997953155734,0.4977151854939029,-0.11031942387214896,0.1845307162005952,0.23371657830222503,0.66056515079594,0.47033706786255686,0.6918064807101538,0.6762373061815792,0.2967432162393624,0.1732620947713967,-0.0967376946809608,0.5128954629477769,0.6711588362673301,0.5068432748633944,0.5622077117472593,0.5831295729308098,0.5233419986493638,0.551294191092454,0.35086278864243503,0.5960110095685895,0.10862016301228986,0.23461293774623063,0.6305042973989241,0.07809115472889427,0.11988465189714607,0.4835851985663816,0.5907311471494866,0.23528839702295778,0.6201034477804634,0.5854248823426522,0.5523657944505225,0.10342934564130797,0.2979446113798431,0.20868075825265567,0.23352741498370327,0.5352337630796692,0.39047546947177886,0.6380961765994414,0.5268999641082203,0.37788508261458503,0.507416668184252,0.47120245841230635,0.12969779855817065,0.3253066299459701,0.4279774793885899,0.5172703762312943,0.6202693815649157,0.6094147743452414,0.49024944991267205,0.5838524400939595,0.5614161814417351,0.03271024434240243,0.5169100223390427,0.6703712790300316,0.6974838764432654
262.5,0.12814909181160078,0.5804210164380399,0.030881865049139985,0.27894849442428366,0.6730757591027647,-0.09837164845929922,0.2006813535894592,0.11057003042850114,0.553026072139228,0.46553864406393136,0.6410978153985492,-0.05156834039849247,0.2933557652397093,0.06724779586397804,0.47971809454055114,0.6778907100771457,0.42553987884626504,0.619893220176281,0.05479923925188378,0.3502222166403644,0.1484723675504733,0.5163609224909689,-0.11400869424597079,0.15016858178651277,0.21110626591510787,0.6798674201469213,0.48330728914025994,0.7143167152213425,0.696352873384971,0.28787779949039877,0.16985555398088667,-0.10624294017163258,0.5321134221879819,0.6804271883987877,0.5164667383025072,0.5840421257168724,0.6058205081713688,0.5303627708464239,0.5725312605667863,0.33862630444400466,0.6025838731950762,0.08999908224093495,0.2339701405856097,0.6453833495123924,0.06533924336422957,0.1062201390661899,0.5012982441478678,0.6083377610183629,0.24503115608251277,0.6420660382741359,0.606359562365253,0.5774720785076667,0.1084592844433619,0.2944370529937381,0.21472175754914144,0.21033167251080914,0.5436626392510802,0.39730553342613384,0.6595119704360702,0.5510891003826393,0.36271790461340064,0.5168991496415982,0.4689130622119871,0.13584767639811154,0.32616957768927224,0.432811290905577,0.5116474781710918,0.6362212757205226,0.633470763713131,0.5043093231675667,0.6046267525062776,0.5733034642043486,0.0244866597967608,0.5387818964928888,0.6929686488407855,0.711659667645891
263.5,0.12836316145050355,0.5874769968455474,0.017791435661342614,0.26683935314720886,0.6945190158086851,-0.11250409254907896,0.18300290885566783,0.1141598656233033,0.5762966394664664,0.48056188338340283,0.651359798657176,-0.06454681642845059,0.30140679877387166,0.05868506554297004,0.49447535776238566,0.6951168678643777,0.43088026804769247,0.6429922481437921,0.05304754963237701,0.34639054206678593,0.14737264094219396,0.5344863268437579,-0.11631970782998166,0.11614854828366852,0.1884428610787626,0.698322380602303,0.49568728234931764,0.736014600924838,0.7156107040433703,0.27866583654104515,0.1666095693801572,-0.11421688070410696,0.5507924534542037,0.6884999521896126,0.525331134646007,0.6053097862976327,0.6279302761919844,0.5365164778995871,0.5932074024386134,0.3257878491185958,0.6080798651479921,0.07200885177858518,0.2332524404631457,0.6593419265741669,0.05328893658879659,0.09305408288049515,0.518497246321499,0.6251959763804947,0.254721954127575,0.6633527891643183,0.6266560248076865,0.6021236520865344,0.11383311547617125,0.2906122491406471,0.22077782502492166,0.18708788353804046,0.5512319728701299,0.4036303636296017,0.6801963238701514,0.574846311655628,0.3468001282302487,0.5256208663554617,0.4657116922828896,0.14224900016941416,0.3266541006930897,0.4370025065027801,0.504881921364899,0.6513109348122893,0.6569355403499559,0.5177562994060242,0.6247630047286332,0.5843536742402681,0.017103007982590346,0.5601756010893769,0.714804616543786,0.7247296341069764
264.5,0.1288818450354809,0.5935135140232662,0.005655437181746989,0.2544497231718659,0.715155222681206,-0.12491573966327252,0.16543300688218415,0.11808426367229394,0.5990588361340262,0.49504681769847353,0.6605357848325638,-0.07611650172811715,0.3092386274650737,0.050802148566753566,0.5086600406341145,0.7113878151424508,0.43559589152384337,0.6654493023499569,0.05191001608561755,0.34204217938514053,0.14651412066638164,0.5520399735690776,-0.11728884676067415,0.08271405249194316,0.1658563958129372,0.7158587772332903,0.5074329790051632,0.7568228269852637,0.7339368600409782,0.2691430873910504,0.16353673432508548,-0.12066871148247224,0.5688791939393486,0.6953142896886971,0.533393209005044,0.6259509610456753,0.6493965165301233,0.5417625143323301,0.6132643649281995,0.3123957777423665,0.6124502473903027,0.054746385404281984,0.23246205342944073,0.6723158888798212,0.04199356973983705,0.08045027524761382,0.535132692502049,0.6412444028826291,0.2643351306279303,0.6838966815372663,0.6462519943379805,0.6262620006907592,0.11953138247431157,0.2864814028546271,0.22683108131057717,0.16393086480831634,0.5578974371428218,0.4094228280085419,0.7000799756589127,0.5981161496293197,0.3301931468742646,0.5335388451188102,0.4615880137097668,0.14888136562687052,0.3267537629161244,0.44052533164820773,0.4969681632776992,0.6654745971262919,0.6797430838492687,0.530543202610787,0.6441991787691421,0.5945143852072785,0.010579987318453072,0.581036746361576,0.7358050657167085,0.7366215075192313
265.5,0.12970153465604078,0.5984829974379527,-0.005478697503085659,0.24183420995947918,0.7349102025323196,-0.13559310310333691,0.1480655469430986,0.1223279349500986,0.621253934498686,0.5089476045637922,0.6685655418239269,-0.08625275311941187,0.3168273428028151,0.043627155032618825,0.5222252953716111,0.7266313380399588,0.4396600133396452,0.6871970706974608,0.05138266555445477,0.3371857497490502,0.1458991610336901,0.5689687443567604,-0.1169577837202471,0.05010539111614422,0.14347855558275296,0.7324032652666401,0.518499755748284,0.7766611637391312,0.7512551148587442,0.25934770418510017,0.1606488520469624,-0.12561786406577985,0.5863184332906345,0.7008078331553604,0.5406098767455354,0.6459033664547209,0.6701540577818438,0.546061112657511,0.6326415108642678,0.2985032444384574,0.6156473833955978,0.03830179300702326,0.23160147263002676,0.6842400850216896,0.03150036646376953,0.06846806019427323,0.5511535901454956,0.6564200027591423,0.27384497402387564,0.70362797742055,0.6650827916364338,0.6498253428966241,0.12553416614015986,0.28205721499848535,0.23286362289760829,0.14099710706321938,0.5636151932155182,0.41465634706130283,0.7190910585950027,0.6208402228079034,0.31296511695517887,0.5406103075726184,0.4565350603948704,0.15572411516934126,0.32646330829537373,0.443355055037955,0.4879057496809634,0.6786472237681206,0.7018241554757048,0.5426220735547103,0.6628708906976042,0.6037328421787083,0.004932608852902127,0.6013085375308398,0.7558929403233382,0.7472622618959381
266.5,0.1308175917726131,0.6023388069286553,-0.015572001672373315,0.22904984075355062,0.7537071457741197,-0.14453791960869553,0.13099371531975687,0.1268749420599367,0.6428203645931706,0.5222174688787363,0.6753889982374468,-0.09494301823195714,0.32414915839696107,0.03718345185459912,0.5351233656802146,0.7407736655036331,0.4430468531722186,0.708165239951871,0.05145905880055115,0.3318322964536117,0.14552916059972784,0.5852178841859152,-0.11537242743172624,0.01855495769587088,0.12144099807487267,0.7478806320739577,0.528842545902593,0.7954466997993647,0.7674871892117611,0.24932005073329636,0.15795688503237587,-0.1290927300030744,0.6030531759634361,0.7049190337308362,0.5469384142710998,0.6651022405191446,0.6901350007462559,0.5493735896274822,0.6512758870251082,0.28416802455412593,0.6176250675435903,0.022757389788152345,0.23067346190462268,0.6950485878521087,0.02185018162416877,0.05716183280831259,0.5665075239658859,0.6706582528496378,0.2832257239555421,0.7224743588058438,0.6830814451540211,0.6727486357441668,0.13182114850341917,0.2773538705661962,0.238857544424134,0.11842299449895392,0.5683421248539533,0.41930501013837845,0.7371552699879613,0.6429571899045704,0.29519075755186686,0.5467928622359086,0.450549535802662,0.1627563751668592,0.3257787301310448,0.44546821833921857,0.4776997721700182,0.6907627109131799,0.7231063935451008,0.5539442832618093,0.6807115020754749,0.6119561694686879,0.00017039310264812488,0.6209317991213046,0.7749884468484942,0.7565784247880011
267.5,0.13222439758868543,0.6050355368733028,-0.024593964603654,0.21615567232983138,0.7714668293274355,-0.15176567820626022,0.1143089487282845,0.13170876989693875,0.663693753276215,0.53480878394215,0.6809465503867911,-0.10218601817321855,0.33118044841336036,0.03148967989606871,0.5473056820841363,0.7537397314396418,0.4457317484844193,0.7282806202720782,0.052130473804457414,0.32599534545271763,0.14540457776170296,0.6007310823714844,-0.11258194511822454,-0.011717426590674193,0.0998736010243654,0.7622140509659812,0.538415969998095,0.8130941207365657,0.7825530204496288,0.23910248918478083,0.15547091081174585,-0.13112936168208472,0.6190247295864675,0.7075875382051121,0.5523366700129476,0.6834804484963299,0.7092688380312806,0.5516626139385707,0.6691023247936154,0.2694522614297946,0.6183388827293695,0.008186879971697893,0.22968104812367787,0.7046749561615853,0.013077356822122688,0.04658062723666002,0.5811407358652082,0.6838933344804193,0.2924515768799202,0.7403611039440097,0.700178835894049,0.6949636185821774,0.1383716699579598,0.2723870141327314,0.24479496133919273,0.09634294972525478,0.5720360951756118,0.42334370218656386,0.7541960788319126,0.6644027869799751,0.2769510286899228,0.5520447166738903,0.4436321175204818,0.16995708830772274,0.3246973393124041,0.4468427973773242,0.46636132959382914,0.7017541285757646,0.7435144509965523,0.5644606670402712,0.6976522640184923,0.6191316017297845,-0.003702371060880713,0.639845028767233,0.7930092978577429,0.7644964123067007
268.5,0.13391540507094438,0.6065293467417213,-0.032522373829678,0.20321235352069902,0.7881078731758582,-0.1573039986620277,0.09809990735572957,0.13681239044488872,0.6838069983766312,0.5466731723637193,0.685179395593917,-0.10799078013157357,0.3378977916521342,0.02655983187040923,0.5587229776141823,0.765453464272506,0.44769132835867637,0.747467310147109,0.05338609319939579,0.31969095128863206,0.14552495059491147,0.6154505786254505,-0.10863787510488816,-0.040508857622950326,0.07890269210102321,0.7753253647097232,0.5471744857742322,0.8295160260798641,0.7963710630262164,0.22873913471446153,0.15320008441728944,-0.1317701921564281,0.6341728198539538,0.7087545963251572,0.5567632962586184,0.7009686223195216,0.7274826104634181,0.5528924961465399,0.6860535725747601,0.2544221344911615,0.617746588165349,-0.005345265574043417,0.22862751229076914,0.7130525215877785,0.005209685698022672,0.03676780054582896,0.5949982282115942,0.6960583507036259,0.3014966956566161,0.7572113001518904,0.716303874996726,0.7163988973697996,0.1451647793608888,0.26717371387095445,0.25065803329769987,0.07488756183364713,0.5746562262643518,0.42674824099313524,0.7701349682270215,0.6851098902493622,0.2583326802279883,0.5563249104109483,0.4357877621139433,0.17730504152673543,0.3232178306644574,0.4474583945427396,0.4539079858664782,0.7115539852244295,0.7629701754190753,0.5741216795406012,0.713622493660942,0.6252067388909797,-0.006686316753217544,0.657984481622071,0.8098709945944824,0.7709428872092897
269.5,0.13588319195349233,0.6067783196531069,-0.039343025464665865,0.19028164788213273,0.8035470319880416,-0.161190934694875,0.08245148461018617,0.14216832232584198,0.7030903789249342,0.5577616273693674,0.6880298933051416,-0.11237556663175838,0.34427802155715925,0.022403384939506436,0.569325424342453,0.775838101905667,0.4489036988682738,0.765646901280643,0.055213192317024665,0.3129377262853545,0.1458889204659577,0.6293172945512967,-0.10359333718383892,-0.067637152214188,0.05864931776442066,0.7871353962633132,0.5550725581481044,0.8446232803156398,0.8088586168359161,0.21827557989379254,0.15115260758301682,-0.13106280818383395,0.6484357322606124,0.7083635020977124,0.5601780024770708,0.7174953335355603,0.7447010998743877,0.5530295016059583,0.7020604599802267,0.23914744735568494,0.6158085396779985,-0.01778422689593805,0.22751637939058203,0.7201147005214343,-0.0017315171869438084,0.027760815941551047,0.6080238909081036,0.7070855702066984,0.3103352235256954,0.7729460915205764,0.7313837133861367,0.7369800707180072,0.15217927766391065,0.26173241364375055,0.2564289885432881,0.05418175926469186,0.576163202655094,0.4294955249009041,0.7848917108825544,0.705008615870039,0.23942766681410038,0.5595935692635337,0.4270260059166491,0.18477889001913084,0.32134034662161154,0.4472964420530747,0.4403642146596393,0.720094517639799,0.7813928307480043,0.582877571274224,0.7285497823221811,0.6301298256508036,-0.008786650179976272,0.6752842860500547,0.8254871452969874,0.7758451400511421
270.5,0.13811951414003265,0.6057428507707961,-0.045049321528596135,0.1774259233978564,0.8176995184243927,-0.1634732688871538,0.0674438801484023,0.14775868514313056,0.7214717019472138,0.5680246549770976,0.6894419561284172,-0.1153667460918018,0.35029828239435495,0.019025480991469296,0.5790627911967338,0.784816530084062,0.4493486396938963,0.7827387219978839,0.05759732479906805,0.3057568508575195,0.14649425894418164,0.6422709907667282,-0.0975023437689233,-0.09294392878720537,0.03922760861507135,0.7975642841118853,0.5620648496397326,0.8583253927421051,0.8199321799588704,0.20775859124324142,0.14933570473629917,-0.12905880280850038,0.6617504806797885,0.7063600736073079,0.5625418309083499,0.7329872990741017,0.7608470571629954,0.5520421872732463,0.717052093282412,0.2237011369519845,0.6124881450851798,-0.02908504546942754,0.22635140701336037,0.7257953311579348,-0.007731252982838108,0.019591125568305386,0.6201606525782861,0.7169066971319855,0.3189413030596516,0.7874849592658244,0.7453439822046906,0.7566298981322088,0.15939375556601548,0.25608287283912173,0.26209014955540677,0.034343089664055595,0.5765195997660294,0.4315636908832121,0.7983846749243801,0.7240264574839205,0.22033242872215114,0.5618121818742716,0.4173612565162489,0.19235717796222213,0.3190665373967116,0.44634041552239967,0.4257618193777447,0.7273080056319421,0.7986993588421,0.5906785870266205,0.7423602341420186,0.633850056533042,-0.010012773940672787,0.6916765908537762,0.8397698149819091,0.7791314944628093
271.5,0.14061535898802363,0.6033860676216715,-0.049641775266020864,0.16470761754922625,0.8304793540994917,-0.1642048555749473,0.0531517608075223,0.15356524882281677,0.7388764856033113,0.5774124374793234,0.6893614737526906,-0.11699764531405088,0.35593609180639024,0.016427146919090918,0.5878846234730125,0.7923116425571944,0.4490078116225892,0.7986601168873271,0.06052250322564458,0.29817206284326825,0.14733789754974816,0.6542504496174789,-0.09041921105078557,-0.11629683242841551,0.020743295849395545,0.8065318396510053,0.5681064317941213,0.8705309204540942,0.8295078223241747,0.19723578130924055,0.14775560570193458,-0.12581272622597123,0.6740530026072985,0.7026931770444438,0.5638174553013601,0.7473696186119538,0.7758414637693186,0.5499017631880126,0.7309560811593613,0.20815870720203772,0.607752357401713,-0.03921263381523864,0.22513657279199967,0.7300290364976343,-0.012780592016322385,0.012284149934102779,0.6313506560640468,0.7254531661120317,0.3272891004379799,0.8007460318600892,0.7581090623635672,0.7752685099643355,0.16678662576758513,0.25024609375554,0.2676239601949329,0.015480165527122013,0.5756902385491705,0.4329322827762674,0.8105311567611644,0.7420884614733653,0.20114704340408923,0.5629438992914657,0.4068130687260396,0.20001835644487514,0.3163996167085329,0.4445760571233044,0.4101403146556127,0.7331271116581604,0.8148046781577534,0.5974751866750312,0.7549787336067805,0.6363179078461866,-0.010377893374601026,0.7070917437910009,0.8526299018065103,0.7807317389824886
272.5,0.14336099800928417,0.5996742846236988,-0.05312744634461734,0.1521886872436536,0.8417997439221683,-0.16344505617202226,0.0396435309767065,0.15956947818851458,0.7552281777338732,0.5858750186545985,0.6877367735754855,-0.1173074190111272,0.36116940990862983,0.014605546905388178,0.5957404444627894,0.7982467220900571,0.44786497431599315,0.8133267595267689,0.06397137251827718,0.29020962388551164,0.1484159598538494,0.6651936833621945,-0.08239806644068645,-0.13759083236895053,0.003292427217882266,0.8139579245046514,0.5731530182392472,0.881147888567073,0.8375015772343529,0.18675526041537166,0.14641753497095522,-0.12138114665676389,0.6852783806635017,0.6973153017817395,0.563969503753872,0.7605660418005705,0.789603824108035,0.5465824793423372,0.7436987893925892,0.19259759363675805,0.6015722086416986,-0.048141597777443056,0.22387606065769505,0.7327516148875007,-0.016876357020572046,0.005859348194613665,0.6415354583209815,0.7326564620698675,0.3353528355584062,0.8126464216320743,0.7696023812004059,0.7928136575397837,0.17433615038785225,0.24424423651353439,0.27301301462991895,-0.00230867266352094,0.5736425676179603,0.43358242935593916,0.8212477375423932,0.7591174391752515,0.18197425810346968,0.5629538585674757,0.39540639784962295,0.2077407991946118,0.3133444120973822,0.441991607337387,0.39354725346228203,0.7374852460136675,0.8296220157694286,0.6032182889938558,0.7663292400454338,0.6374854982784719,-0.009898615984935319,0.7214585006926939,0.8639775347480354,0.7805775895560672
273.5,0.14634603858529435,0.5945774941032731,-0.055519327628082225,0.1399300540737139,0.8515734694392247,-0.16125729946215941,0.026980729714822033,0.16575257304739585,0.7704484081778337,0.5933625111572022,0.6845191228255555,-0.11633996525352044,0.36597671501989887,0.013554258692175131,0.6025799796833384,0.8025458423537953,0.44590621360134275,0.8266529944784802,0.06792537441984177,0.2818982610738308,0.14972379548171777,0.6750381675867126,-0.07349244645346269,-0.1567485836901143,-0.013039678445889154,0.819762846455572,0.5771612200455727,0.8900842221199342,0.843829848454642,0.17636527298148422,0.14532570730136452,-0.11582182690507725,0.6953610899036883,0.6901831943509363,0.5629649066866987,0.7724992632718456,0.8020524859866354,0.5420620384298551,0.755205622881042,0.1770964681075064,0.5939233867330156,-0.055855891258369185,0.22257424598407147,0.7339004607649376,-0.020020749898197257,0.0003303711524203894,0.6506562548068289,0.7384484647771682,0.3431068183507084,0.8231025843921886,0.7797467341553024,0.8091810009808779,0.18202046415200024,0.2381005216855659,0.27824008820972507,-0.01893643450686434,0.5703470742095902,0.43349703181293187,0.8304506598546124,0.7750342144883426,0.16291841963859222,0.5618095313570697,0.38317182208277817,0.21550281666685497,0.3099074088429095,0.4385780440638934,0.3760384819926746,0.7403169591285049,0.84306326830334,0.607859539199119,0.7763351071191303,0.6373069803182588,-0.008594552804786163,0.7347042640679226,0.8737224873860931,0.778603188778448
274.5,0.149559474367925,0.5880698959769203,-0.056835704112739714,0.12799105586598425,0.8597132972698465,-0.15770778820588932,0.015217566936956597,0.17209550411938332,0.7844572725673918,0.5998253266014868,0.6796632778298001,-0.11414290923883756,0.3703370861437489,0.013263566105053168,0.6083534043043957,0.8051342921595241,0.44312017724452557,0.838552204267623,0.07236490163209973,0.27326908232321107,0.15125601558294316,0.6837210996329195,-0.06375497776820117,-0.17371990518409647,-0.028179210486364285,0.8238677738605611,0.5800888243066755,0.8972481849125661,0.8484098318618282,0.16611382394090407,0.1444833293575556,-0.10919301726064641,0.7042352704576864,0.6812585599081045,0.5607732710029324,0.783091243164044,0.8131049858168847,0.5363220345981123,0.7654013332064105,0.16173449549807425,0.5847868574852854,-0.0623483277287016,0.22123567965893493,0.7334150194835637,-0.022220936104595124,-0.004294713038915167,0.6586541284875931,0.7427618188317371,0.35052549165197877,0.8320306987621013,0.7884646294701942,0.8242844312604178,0.18981759392962277,0.23183912100173704,0.283288170509771,-0.0343282703420434,0.5657777251609941,0.4326609600199852,0.8380562217556815,0.7897579045454466,0.14408432298032564,0.5594810985261182,0.3701457249464869,0.2232826690033291,0.3060967863871041,0.43432932742628305,0.35767830302515635,0.7415583635895202,0.8550393867707411,0.6113516012028257,0.7849194254605438,0.6357389651442931,-0.006487929419236806,0.7467553497455179,0.8817746030909991,0.7747456501351909
275.5,0.15298973410752587,0.5801304678169966,-0.057099502795975,0.11642891576814281,0.8661323996552616,-0.15286436351931523,0.004400605585106521,0.17857904520269072,0.7971736448110454,0.6052144289785524,0.6731280869119096,-0.1107666713699715,0.3742302921990516,0.013720760524886194,0.6130116145424738,0.8059390252439812,0.4394983178714572,0.8489371969145404,0.07726944071129445,0.2643554643053915,0.15300652937070808,0.6911796819868667,-0.053237133434854735,-0.18848047581112737,-0.04206436470351214,0.8261951700650583,0.5818950968774305,0.9025488221179314,0.851159952431092,0.15604830126607008,0.14389260701123607,-0.10155286147139433,0.7118350252073427,0.6705088401639152,0.5573672814333203,0.7922635509358545,0.8226784153624587,0.5293484177673822,0.7742103500836742,0.14659055682084748,0.5741495325638195,-0.06761997577293347,0.21986507115429738,0.7312372814882983,-0.023488600304903597,-0.008013131762705883,0.6654703237304234,0.7455303306244293,0.35758348100743165,0.8393470624682975,0.7956786543535582,0.8380364222611261,0.197705475253182,0.22548503675935616,0.28814050072454483,-0.048421960085595434,0.5599124388503467,0.43106125679621066,0.8439811861574134,0.8032062305380793,0.12557600530907342,0.5559418517513184,0.35637042797507906,0.23105857841166327,0.30192244621078806,0.4292426482797532,0.33853952753299643,0.7411475898118902,0.8654607802407653,0.6136484757591882,0.792005387023254,0.6327409840668828,-0.00360321297461231,0.7575372799108969,0.8880442280102262,0.7689456578245545
276.5,0.1566247286874591,0.5707435763358517,-0.056337649917765686,0.10529823975702976,0.8707447855041162,-0.14679553021863803,-0.005431408886087233,0.1851838019474942,0.808515515158607,0.609481612216244,0.6648771539179817,-0.10626362997917368,0.37763688796231365,0.014910444735456043,0.6165065239871317,0.8048891409511045,0.4350351413640433,0.8577206098609078,0.0826177030258621,0.2551929121772774,0.15496858134120473,0.6973514308065771,-0.04198905575658012,-0.2010298888842265,-0.05464555898197606,0.8266692513910264,0.5825411104746648,0.9058964056283612,0.8520003196520362,0.14621510096385412,0.14355475791791344,-0.09295890959410627,0.7180947425203907,0.657908076408762,0.5527231298506031,0.7999377305953738,0.8306898071856752,0.521131982283861,0.781557135363084,0.13174245508173307,0.5620049828606846,-0.07167946714838208,0.21846727065594712,0.7273123226166327,-0.02383948625151589,-0.010827071417286161,0.6710465456191095,0.7466893950085899,0.3642556516970588,0.8449685037873472,0.8013118617326667,0.8503484080339074,0.20566196638894124,0.21906397074056824,0.292780605538267,-0.06116810014238151,0.5527335885842445,0.42868734914297246,0.8481432049061267,0.8152958553251002,0.10749551622640537,0.5511686227314803,0.3418942633043235,0.23880874144906122,0.29739603007194554,0.4233186779173542,0.31870339429539885,0.7390252807545707,0.8742377335191444,0.614705846037508,0.7975166704359323,0.628275989959812,3.3239767888911845e-05,0.7669751008986723,0.8924426499468272,0.7611481350701341
277.5,0.16045189623040174,0.559899630090708,-0.05458044940218966,0.09465055292108007,0.87346574244287,-0.13956963978916764,-0.01424757572686868,0.19189023767748584,0.8184003506575641,0.6125798029206908,0.6548795695705085,-0.10068738385480698,0.3805383166269203,0.016814833250301114,0.6187913861198087,0.8019164036226629,0.4297284585418164,0.8648153267903206,0.08838774347800317,0.24581889084388084,0.15713478884504933,0.702174510223946,-0.030059437578766272,-0.2113892241437993,-0.06588537711441253,0.8252164747954011,0.5819900994470291,0.9072028840629528,0.8508532072391104,0.1366592610088432,0.143470028893872,-0.08346772957441798,0.7229494445669757,0.6434378651730902,0.5468209730430835,0.8060356861127722,0.8370565366561232,0.5116688776028965,0.7873665588887843,0.11726612178970082,0.5483541944962512,-0.07454224559399002,0.21704725034855238,0.7215888987940473,-0.023292932530485068,-0.012743303680247023,0.6753252856201942,0.7461764557532504,0.37051717324915107,0.8488128078244568,0.8052881778958383,0.8611311802581618,0.21366486058830153,0.2126021836831354,0.29719233961479974,-0.0725300017832157,0.544228537133885,0.42553126516088824,0.850461258872955,0.8259427441928994,0.0899416975445993,0.5451422405354225,0.3267715756562691,0.24651134174592135,0.2925309275171617,0.41656181593048147,0.2982593383957835,0.7351351326577141,0.8812808348395162,0.6144814524198621,0.8013778477867006,0.6223109023568884,0.0043935095320894076,0.7749937242688064,0.8948825435696207,0.7513029960006314
278.5,0.16445824518183808,0.5475957715376147,-0.05186099358908787,0.08453388360661765,0.8742122929240729,-0.1312542227785473,-0.02202473155259264,0.19867869667351137,0.8267454751068362,0.614463389610704,0.6431107175034771,-0.09409211551983106,0.38291701882447265,0.01941404413642106,0.6198211446217285,0.7969558112068834,0.4235796376192661,0.8701349051618819,0.09455706695450156,0.23627262806752256,0.15949717970169336,0.7055880936136635,-0.01749545389113375,-0.21959830361447094,-0.07575826257006205,0.8217660641536524,0.5802078426713025,0.9063823429142337,0.8476435663341771,0.12742411061869172,0.14363771763055916,-0.0731346081532486,0.7263351624463957,0.6270884117268974,0.5396454188639559,0.8104800868496707,0.841696739624228,0.5009611373115412,0.7915642964890257,0.10323484266762836,0.5332063617786765,-0.07622978304583504,0.21561008493286873,0.7140201048204691,-0.021871414486950704,-0.013772786452269262,0.6782501749680081,0.743931505414454,0.3763435916979297,0.8507991593003608,0.8075328327284372,0.8702953010608239,0.2216918970451748,0.2061263465474076,0.3013599288114833,-0.08248332604187553,0.5343902010360084,0.421587855040719,0.8508561176811996,0.8350625453150713,0.07300900717522775,0.5378480167134317,0.31106264341320033,0.2541445635947672,0.2873422716516317,0.40898043260267425,0.27730459181196654,0.729424490456802,0.8865014109769632,0.6129354986606047,0.803514814695166,0.6148171998566391,0.009448414197825222,0.7815182902363438,0.8952784254046012,0.7393659979482035
279.5,0.16863039532735583,0.5338366042570486,-0.04821461465719175,0.07499240330033893,0.8729036706720257,-0.12191545912041897,-0.028747221287908176,0.20552942536148508,0.8334684662638484,0.6150885800644195,0.6295531606809787,-0.08653205294509328,0.38475654784903995,0.022686378207583114,0.6195528133721062,0.7899462264619195,0.4165938542209626,0.8735940139726557,0.10110272266080159,0.22659489036023023,0.1620472295997839,0.7075327538397955,-0.0043427362380390735,-0.22571278951606621,-0.08424999271701916,0.8162505872914565,0.5771630760364589,0.9033514846383426,0.8422995850206944,0.11855094098664021,0.1440561982476635,-0.06201333123140609,0.7281893402739757,0.6088596829687325,0.5311860398698416,0.8131947942513535,0.8445297465236719,0.48901722107222206,0.794077251685043,0.08971852112701066,0.5165797077621866,-0.07676878744667018,0.21416093147656187,0.7045641080815022,-0.019600100990526798,-0.013930250673390787,0.6797663678427444,0.7398976319403037,0.38171090977679367,0.8508486059739374,0.8079728161870678,0.8777515270501883,0.22972077116267947,0.1996633850569483,0.3052680161706842,-0.09101548943796019,0.523217641908057,0.4168550141619992,0.8492508256599839,0.8425709869147271,0.05678642096764817,0.5292762572916899,0.2948335092411208,0.26168660689985906,0.28184692216651464,0.40058710160814526,0.2559436032113952,0.7218450080332303,0.8898119691758671,0.6100310918041986,0.8038552473668439,0.6057715631321503,0.015167779404037907,0.7864745532646614,0.8935471257593411,0.7252997121089856
280.5,0.17295461674267823,0.5186349482311561,-0.043678382627825765,0.06606612824054328,0.8694618274992406,-0.11161777286257571,-0.034406563277803816,0.21242259186181306,0.8384875691327643,0.6144137887190675,0.6141976118477838,-0.0780610247319534,0.3860416907714462,0.0266085822867122,0.6179458884184734,0.7808310869629589,0.4087803351799947,0.8751088837811469,0.1080013867104503,0.2168277332624895,0.1647758990594723,0.7079508853406374,0.009354616910912997,-0.2298012647844594,-0.09135697019926355,0.808606599212091,0.5728279360129044,0.8980301433625032,0.8347533109562292,0.11007870309152026,0.14472295018185818,-0.05015603370524792,0.7284512714681763,0.5887626558845133,0.5214379124771703,0.8141053129088919,0.8454765358902879,0.47585256199007897,0.7948340043497522,0.07678299711795168,0.49850231855895,-0.07619042307209158,0.2127050087055224,0.6931849687466621,-0.016506433029314267,-0.013233783168323184,0.6798209570607039,0.7340216210460213,0.3865956751942523,0.8488845498600526,0.806537366831078,0.8834112416261064,0.23772914465891723,0.19324031912311906,0.30890171071050226,-0.0981248810517505,0.510716679998062,0.41133390592246444,0.8455712239328271,0.8483842891502051,0.041356443839436104,0.5194227993575474,0.2781557120556356,0.2691157038832008,0.2760634347301802,0.3913988180645846,0.23428726933816146,0.7123533847841317,0.891126648011069,0.6057347184416381,0.8023290925599886,0.5951565711041571,0.021520679469952547,0.7897892907857745,0.8896082889599939,0.7090746305559052
281.5,0.17741686674371387,0.5020126123636507,-0.038290653551199115,0.05779068691678193,0.863811984724413,-0.10042353686176483,-0.03900102655384837,0.21933830431043325,0.8417221257588811,0.612400056370023,0.5970439883914979,-0.06873210217642449,0.3867585950130726,0.03115609410172504,0.6149627944653182,0.7695592127382577,0.4001525917106922,0.8745977739299992,0.11522943349734502,0.20701422830124697,0.16767366975409712,0.7067871619758355,0.023554000109142152,-0.23194241260315893,-0.09708537165756945,0.7987753703413938,0.5671784355532555,0.8903418542097471,0.8249413579473581,0.10204373752133926,0.1456345899106449,-0.03761310914446486,0.7270625717456032,0.5668206503922336,0.5104021781794166,0.8131392713166067,0.8444602129254418,0.46149010948898955,0.793765291587335,0.06448943734119035,0.47901297229866807,-0.0745295607246372,0.21124757584626241,0.6798535580273493,-0.012619729616803087,-0.011704414505391326,0.6783634258324359,0.7262546250299483,0.39097507708262674,0.8448332767437083,0.8031585008351003,0.8871868945064136,0.24569465603711435,0.18688409894237296,0.3122466390629629,-0.1038199348775787,0.4969005229597131,0.4050291814669841,0.8397465222627595,0.8524195900594307,0.02679425740092179,0.5082895687117821,0.2611059140321498,0.2764101380095042,0.27001201600425595,0.3814371963684837,0.21245197720632455,0.7009121908942901,0.8903616825675919,0.6000167599180745,0.798869098847637,0.5829614513932638,0.028475648689065842,0.7913907374608948,0.8833849180978077,0.6906704261561032
282.5,0.18200282489449648,0.48400116911614655,-0.032090669527702606,0.050197155663182905,0.8558832479485485,-0.08839287291044062,-0.042535139270396885,0.2262566284214301,0.8430930239656809,0.6090115046642822,0.5781025472721375,-0.05859732045183995,0.38689489981302005,0.036303267113301375,0.6105693686879189,0.756085732467918,0.3907286368679871,0.8719814655174716,0.12276299649770224,0.19719816960077638,0.17073058007795522,0.7039890357248489,0.038214236666651906,-0.23222238412861249,-0.10145019491443741,0.7867037216944464,0.560194973149375,0.8802145029868773,0.8128057212109987,0.09447954041708358,0.14678690502561526,-0.024433170264249855,0.7239676947516672,0.5430707260109198,0.4980866215195732,0.8102269402594866,0.8414065218799482,0.4459608550713067,0.7908045283520647,0.05289381035595726,0.45816193775150627,-0.07182407152974883,0.20979391113326598,0.6645485851182668,-0.007970824847000771,-0.009365719485056387,0.675346139990561,0.7165529100920426,0.39482705070469204,0.8386245383679437,0.7977715926958661,0.888992449888564,0.2535949319324965,0.18062143966833027,0.31528899988020687,-0.10811810186049513,0.4817903998757503,0.39794919298864573,0.8317099382301981,0.854595387070038,0.013167025636495763,0.4958851529696101,0.24376541903147148,0.2835482654643851,0.2637144636093087,0.370728641573431,0.19055846424136172,0.6874907938580025,0.887435893266975,0.5928520489036361,0.7934114003165524,0.5691828842396907,0.03600086375745463,0.7912090492015306,0.8748039856388115,0.6700773785115851
283.5,0.18669792620681896,0.46464271111971794,-0.025118210556326313,0.04331196237925079,0.845609308654413,-0.07558353325112063,-0.045019147462559986,0.23315760470522923,0.8425231700622298,0.6042158280240842,0.5573950893760374,-0.047707470587157144,0.3864398719747407,0.0420235742403038,0.6047353846768198,0.7403731503799265,0.38053118150150095,0.8671837926830281,0.13057801925741735,0.18742376377144968,0.1739362598408147,0.699507282436743,0.053295494983585434,-0.23073241644647152,-0.10447424437975339,0.7723449913950751,0.5518628752453574,0.8675810877236623,0.798294729542836,0.08741656867623117,0.14817489017078883,-0.010663051886465779,0.7191144976363378,0.5175651102063289,0.4845062572869986,0.805301799602999,0.8362444045347106,0.4293043254207798,0.785888377876345,0.04204645717345184,0.43601171135797123,-0.0681141743610543,0.20834929010679465,0.6472577412085057,-0.002591738610707398,-0.00624343640878449,0.6707248858438484,0.7048786951531503,0.3981303903636132,0.8301922055656148,0.790316021698117,0.8887438477825921,0.26140759980851025,0.1744786566331747,0.3180156209571452,-0.11104476419845703,0.465416187425566,0.39010619674907365,0.8213994253235443,0.8548319978128263,0.0005333736129229612,0.48222538238432444,0.22621958199135278,0.2905085396117571,0.2571940906375668,0.3593044875215808,0.16873051233939437,0.6720663980122946,0.8822712121594913,0.5842204693061701,0.785896166655781,0.5538258561058554,0.04406429849228429,0.7891768032785377,0.8637971365760375,0.6472979730436135
284.5,0.19148739267432488,0.4439905643217868,-0.017413296902059762,0.03715685668448693,0.8329292607134222,-0.06205085035881016,-0.04646844255245181,0.24002126576724486,0.8399379935021833,0.5979848256049313,0.5349562146129198,-0.03611195385824156,0.3853845450647168,0.0482897900781585,0.5974351192360909,0.7223925759907898,0.369587802212448,0.8601322292672486,0.13865029732774578,0.17773530728936282,0.17727996399577844,0.6932966019400757,0.0687591896590979,-0.22756673778624795,-0.10618709133284725,0.7556601586122046,0.5421729711816345,0.8523806290388919,0.7813641651750196,0.08088208652170065,0.14979278442527938,0.003652151083318282,0.712454865325583,0.4903726128103589,0.46968391671837456,0.7983011673371387,0.8289066207954446,0.4115690243227256,0.7789573845708018,0.031991764508912265,0.41263765515904965,-0.06344184368824536,0.20691896381912148,0.6279789650159808,0.003484617671394463,-0.002365110042707804,0.6644594595529398,0.6912010953969513,0.4008648704804945,0.8194750146584557,0.7807359011825767,0.8863594868239442,0.2691103024907091,0.16848150312007526,0.32041401895792126,-0.11263213063750403,0.4478170113041897,0.3815165414257515,0.808758515348698,0.8530520472098477,-0.011056953090223956,0.46733390797660146,0.208557112596426,0.2972695387316583,0.2504756344650115,0.3472010944510583,0.14709350088814938,0.6546252067238819,0.8747932654421439,0.5741076005498523,0.7762683363293282,0.5369045554143408,0.052633852435370665,0.7852295432148073,0.8503015161196064,0.6223486711888865
285.5,0.19635626330162032,0.42210992657745194,-0.00901593965544815,0.03174894300397731,0.8177885640401662,-0.047847743064893596,-0.046902974702762494,0.2468276540986801,0.8352659948751018,0.5902949756128786,0.5108345992049734,-0.02385869033068224,0.3837218611150099,0.05507415166701631,0.588647964221076,0.7021251367947718,0.35793107439278354,0.8507585525148658,0.1469555120424807,0.16817685608049865,0.18075060538492765,0.6853162807014131,0.08456787095019379,-0.22282077561833374,-0.10662404123301514,0.7366191510250462,0.5311221984144039,0.8345592711547761,0.7619785832210811,0.07490005444604383,0.15163410968564386,0.01846901727836963,0.7039454034126078,0.46157996599447754,0.45365081949876096,0.7891669077530981,0.8193304513172169,0.39281280201020374,0.7699566846784675,0.022767944298953777,0.38812849236036107,-0.05785028158569176,0.2055081370817292,0.6067218283844065,0.01022470014186513,0.00224023827476151,0.6565143143502659,0.67549718295626,0.403011374655431,0.8064174331420209,0.7689809101666064,0.8817607411535491,0.2766807149516523,0.16265501269461452,0.3224724615542602,-0.1129181464240403,0.42904180223785204,0.37220083685924255,0.7937373037425668,0.8491809910987639,-0.021563247752555702,0.45124276349585807,0.1908692806891994,0.3038099973636726,0.24358514987335228,0.3344598985428503,0.12577285252805318,0.6351637130538133,0.8649320360215806,0.562505405946975,0.7644784520252923,0.5184432981536027,0.061677455176791705,0.7793063796623302,0.83426075869236,0.5952618368214555
286.5,0.20128942281972434,0.39907839528109934,3.406355103036758e-05,0.02710077155226312,0.8001401908986722,-0.033024768363371426,-0.046346667211559764,0.2535568407523037,0.8284393522744592,0.5811280536917222,0.48509425536972167,-0.010994073752119285,0.3814468137075288,0.06234849830493072,0.578359084731767,0.6795635895890877,0.3455986628124434,0.8389996102930011,0.15546925699384834,0.1587918924052298,0.18433678646552093,0.675530925822129,0.10068510561397881,-0.21658966617831354,-0.1058251349727272,0.715202359980683,0.5187142339738353,0.8140716188879775,0.7401128616591028,0.06949106050288634,0.15369170968950546,0.03374570983653148,0.6935482104391508,0.43129301385944097,0.43644711505655787,0.777846238495461,0.8074585057604431,0.3731031280453888,0.7588368122636504,0.014406919436985393,0.3625866127321469,-0.051383455253798095,0.20412194689280136,0.5835090321324502,0.017594556909639472,0.007542410995005579,0.64685927204377,0.6577531749840025,0.404552032474433,0.7909706738935065,0.7550072489055365,0.8748725287560226,0.28409656378880754,0.1570233480342727,0.3241800318365674,-0.111945445725581,0.4091497820497822,0.3621840977743928,0.7762936087571648,0.8431476906061258,-0.03095382720183632,0.43399289462001045,0.17324903515482865,0.31010884158391083,0.23654988676675903,0.3211274057918133,0.10489241315302733,0.6136901187693831,0.8526226353164837,0.549412962900253,0.7504836194624991,0.4984774651980338,0.0711631483460973,0.7713506610349775,0.8156261788647271,0.566087787054007
287.5,0.2062716292878767,0.37498634307430867,0.00969729120281975,0.023220481088707143,0.7799459921508415,-0.017630209616702607,-0.04482684496339405,0.26018894529563774,0.8193946048998283,0.5704717960466633,0.4578157210089241,0.0024370344155884736,0.37855659111162077,0.07008439123096126,0.566560123633898,0.6547141384626427,0.33263336208549926,0.8247982226083014,0.16416705805755885,0.1496229943842911,0.18802683007805468,0.6639112791797024,0.11707535170848685,-0.20896705117041708,-0.10383420542543058,0.691402382574396,0.5049601456504795,0.7908823571738618,0.7157540087428028,0.0646722928901384,0.15595778933135432,0.04944186968908875,0.6812317406422684,0.3996376610974175,0.4181223732633331,0.7642926586087977,0.7932396636048398,0.35251724200781503,0.7455546199567558,0.006934312323452335,0.3361281374591282,-0.04408569925242425,0.20276544112992695,0.5583779914163634,0.025560019090122527,0.01351030397446611,0.6354703048402562,0.6379657553738503,0.40547036374268997,0.7730938890559216,0.7387787410922557,0.8656239536797632,0.2913356497897728,0.15160965807150276,0.3255266946729408,-0.10976036808050929,0.3882108515371888,0.3514958566170526,0.7563943360596779,0.8348850554409282,-0.03920585444087911,0.4156346353705347,0.15579005228049755,0.31614522844440524,0.22939815303500696,0.3072551228321832,0.08457281349888594,0.5902258731414957,0.8378062182768954,0.534837230056186,0.7342486114779097,0.4770544265895701,0.08105914739380862,0.7613107300636843,0.794358207059426,0.5348969143858961
288.5,0.21128754080377932,0.3499370974099195,0.019934822723983753,0.020111986334228487,0.757178320208035,-0.0017101931510401045,-0.04237368767242834,0.2667041573987544,0.8080734364287722,0.558320606398591,0.42909711418909036,0.01639127838932957,0.37505071798696166,0.07825321423793193,0.5532499502930761,0.6275984557362664,0.319083079259515,0.8081042519602292,0.1730243879227096,0.14071151359410203,0.19180880923897034,0.6504351198654952,0.13370382949226617,-0.20004413875851507,-0.10069800507666331,0.6652260012415432,0.4898790537124521,0.7649681978871345,0.6889032467824671,0.06045755183548766,0.15842395396845163,0.0655184953746268,0.666971767672155,0.36676047821214913,0.39873600133117987,0.7484670212130102,0.7766301768416651,0.3311421554194743,0.7300743348297842,0.0003695297498829058,0.30888269332986745,-0.03600138008316591,0.20144355769057082,0.5313824761373481,0.03408686021138896,0.020112144912195627,0.6223303924418818,0.6161435302136294,0.4057514296345034,0.7527555752867847,0.7202681049719445,0.8539490497708806,0.29837587395818166,0.14643594517698347,0.32650336470651053,-0.10641205458178653,0.36630584910486463,0.3401702393215466,0.7340170787625573,0.8243307784680202,-0.04630501674919124,0.3962281085206598,0.13858573353579579,0.32189858981115893,0.22215916342339237,0.29289941790822105,0.06492986326761205,0.5648073117241681,0.8204310798941815,0.5187938431656987,0.7157471388594646,0.4542344205933471,0.09133388520105803,0.7491407844548077,0.7704281125268927,0.5017818021016653
289.5,0.21632174153347136,0.3240468785826638,0.030708329365160048,0.01777520253882752,0.7318219416436905,0.014691173535613344,-0.03901971627807055,0.27308276039591817,0.7944235841073501,0.5446763036654166,0.39905497502863774,0.03082675475354696,0.37093119388617507,0.08682625647295207,0.5384354487845222,0.5982558858958112,0.3050007510872437,0.7888758795044942,0.18201667590057216,0.1320972660832714,0.19567057605627738,0.6350882613905389,0.15053639023211013,-0.18990900079760617,-0.09646541539442285,0.6366963982472269,0.47349879040772025,0.7363201921161324,0.6595783780535985,0.05685729801540727,0.16108124846981703,0.08193781294485555,0.6507524581385558,0.3328288537352865,0.37835756071366566,0.7303387746090289,0.757594964922127,0.3090744788387579,0.7123687694011739,-0.005274064901135691,0.280992850026775,-0.02717461960769917,0.200161104158963,0.502594255660104,0.04314092610042051,0.02731570102668667,0.6074304573423321,0.5923086082556639,0.4053819902489029,0.7299352197645346,0.6994584133243784,0.8397876584940385,0.30519526731940994,0.1415229438472418,0.32710197568638966,-0.10195163392493586,0.34352664707350317,0.328245997648723,0.7091519780531167,0.8114281878026068,-0.05224508056465604,0.3758435240028346,0.12172817594386842,0.3273486808534363,0.21486287559942824,0.27812130616093295,0.04607302939151615,0.5374873611572795,0.8004539743034298,0.501307927261147,0.6949633067906908,0.4300913476919507,0.10195603964846453,0.7348018611924918,0.7438200520825582,0.4668592269112632
290.5,0.22135876728775744,0.2974444525765251,0.041980135025915,0.01620629929427296,0.7038762641951252,0.03153164762254761,-0.03479931859546011,0.2793051571654996,0.7783999020275512,0.529548904361812,0.36782480758744096,0.04570293759829838,0.3662026266107509,0.09577477881175739,0.5221323372273388,0.5667457910967754,0.29044418918259485,0.7670811245287921,0.1911193138996366,0.12381824191399578,0.19959978983846244,0.61786564722499,0.1675393845011228,-0.17864607584147651,-0.09118674397663876,0.6058555837159106,0.4558565408336642,0.7049464334068215,0.6278164192914677,0.05387873407031807,0.16392019574122582,0.09866313891874329,0.6325675607324596,0.29803058409482414,0.3570669555697617,0.709887393958419,0.7361091313467532,0.2864200502289364,0.692420705640014,-0.009988903118300165,0.25261318248954473,-0.017649072912359093,0.19892273813853287,0.4721046787520504,0.05268823763373176,0.03508845695231378,0.5907703781398064,0.566498285949945,0.4043506677035006,0.7046252111339023,0.6763447571737635,0.8230864777603732,0.31177202488842604,0.13689001218998675,0.3273155506025158,-0.09643150363489748,0.3199760524058288,0.31576649175397636,0.6818038605421525,0.7961272459578013,-0.057027346690266746,0.3545613470748386,0.10530714060918833,0.3324756332959694,0.20753981482682482,0.26298615477462695,0.02810404771902376,0.5083372589733725,0.7778416983499672,0.48241490789512176,0.6718932706042581,0.4047134321679383,0.11289454709186766,0.7182629642477888,0.7145334741275923,0.4302719139810544
291.5,0.2263831308817122,0.27027046010642825,0.053713250756865595,0.01539797591144072,0.673357888880295,0.048770685533124705,-0.029748318340842593,0.2853518986182805,0.7599656084277141,0.5129574300405574,0.33556122838415725,0.060980586569124376,0.3608723582191953,0.10507006524707016,0.5043660056991089,0.5331499700981926,0.2754758473615265,0.7426996422935538,0.2003076593854408,0.11591033792380892,0.2035839444965216,0.5987725437285263,0.1846795311699436,-0.16633584731833945,-0.08491311163106366,0.572766990935876,0.43699944458132584,0.6708751567492143,0.5936764646012646,0.05152591527224896,0.1669308346069956,0.11565873875739152,0.612421711747375,0.2625728017558362,0.33495446313858357,0.6871040213524211,0.7121597273480316,0.2632933448166808,0.6702244652459981,-0.013772898716606068,0.22390893321036712,-0.00746775581597813,0.19773294836323752,0.44002610031693273,0.06269506881239102,0.04339776430742348,0.5723600763175413,0.5387668017504672,0.4026481139924445,0.676833029432861,0.6509361196407601,0.8038003218920663,0.3180845440238643,0.13255503724778386,0.32713827222705216,-0.08990470767154726,0.29576748013214327,0.3027796169056415,0.6519946541404551,0.778385727978339,-0.060660030297218816,0.33247230711670983,0.08940904627052478,0.33726001359663804,0.20022088908067145,0.2475633053258947,0.011115712125645365,0.477448218105261,0.7525729791769621,0.46216129868403594,0.6465470959084024,0.37820369747830485,0.12411860368757169,0.6995023542273419,0.6825858917856346,0.3921898826992382
292.5,0.23137934749106778,0.2426763923473164,0.06587138649697133,0.015339750841090674,0.6403034767675082,0.0663692700440874,-0.023903589717236218,0.29120371506425935,0.7390937462994007,0.49493072565477503,0.3024376280460607,0.07662164172697808,0.35495058125072526,0.11468346078709982,0.4851723549828222,0.49757505123042645,0.26016250687086484,0.7157248289980429,0.20955703609055196,0.10840711784619476,0.20761039533161912,0.577825823369868,0.20192378829772967,-0.15305466760920408,-0.07769592836087799,0.5375181617952451,0.41698513335702714,0.6341582075773418,0.5572427023911353,0.04979988508323713,0.17010275686616422,0.1328896828941039,0.590331850759845,0.22668016388932855,0.3121205766622536,0.6619933245095045,0.6857477804732273,0.2398166528527786,0.645787671837812,-0.016629084275406228,0.19505426683962945,0.0033270830588225516,0.1965960366834027,0.4064930477442103,0.07312800266961934,0.05221096468784758,0.5522206659789457,0.5091871065931216,0.40026718235047865,0.6465837138454653,0.623257453686146,0.7818936341562116,0.324111467495718,0.12853435491655704,0.3265655534249384,-0.08242440850162867,0.27102437200139196,0.28933766881847234,0.6197660634666635,0.7581706110539382,-0.06315758994763807,0.3096772183729931,0.07411601472090157,0.3416828861587614,0.19293719654439875,0.231925612925891,-0.004809122901132239,0.444932945116865,0.7246406986999852,0.440605436396263,0.6189508154312253,0.350680196920721,0.13559765638789711,0.678509015087684,0.6480160152005322,0.3528112007909179
293.5,0.23633196023361536,0.2148231970120001,0.07841894335165608,0.01601825826860693,0.6047728904189112,0.08428973300921472,-0.017302718300810017,0.29684155073795176,0.7157688833772796,0.4755082695540887,0.26864526046188536,0.09258910848301385,0.34845044253238494,0.12458639733725907,0.46459861264275243,0.46015472544090497,0.24457487726087107,0.6861662509557063,0.2188427332702954,0.10133960324440963,0.211666385359154,0.5550553227819871,0.2192392268218099,-0.1388747010214014,-0.06958645478714562,0.5002234083642529,0.39588217582513746,0.5948748132983216,0.5186274702656722,0.048698831132756706,0.17342514342557808,0.15032170199215084,0.5663287307568332,0.19059225788679368,0.28867563365665777,0.6345755725485658,0.6568905932023712,0.216119019956971,0.6191331992868196,-0.018565209733142567,0.16623013100536488,0.014694050714972956,0.19551610105036846,0.3716630038431594,0.08395396753755784,0.06149548810808074,0.5303856485658193,0.4778525771921639,0.3972031008476668,0.6139225849671928,0.5933519399812051,0.7573422917194675,0.32983173144819955,0.12484268493311179,0.32559410665713745,-0.07404344915849677,0.2458793396396389,0.27549714292538474,0.5851824576867213,0.7354597064688727,-0.0645400283986309,0.28628658627402326,0.05950499359968829,0.3457258816045373,0.18571982780591087,0.21614890428321926,-0.019598300101196793,0.41092690097731194,0.6940544753829769,0.41781812887590586,0.5891486575313916,0.3222759394784912,0.14730138530216194,0.6552843070057575,0.6108871994079056,0.31236195466830285
294.5,0.24122556618527766,0.18687951543326342,0.09132098946439773,0.01741754555898472,0.5668525313413852,0.10249557614444842,-0.009983707640406422,0.30224660168970113,0.6899890707320163,0.45474095008098353,0.23439169104166332,0.10884693540313535,0.34138813169554183,0.134750409048533,0.4427040966467601,0.4210516506463823,0.22878711285605902,0.6540523968996456,0.22814000416610153,0.09473609793333884,0.21573907125969724,0.5305052498093504,0.23659290798110363,-0.12386396160093194,-0.06063544378323662,0.4610262963800403,0.37377039730707556,0.5531355361874387,0.47797418429390176,0.04821825714423444,0.17688679945535485,0.16792104283735607,0.5404584948979916,0.15456022599165026,0.2647392066487806,0.6048889106331213,0.6256242982627516,0.19233495485042312,0.5903012847130326,-0.019593315863631243,0.1376217615511045,0.026592663693642143,0.19449701955517226,0.33571667319268145,0.09514025607518421,0.07121892903119054,0.5069021255413172,0.4448785772051459,0.3934536466024475,0.5789181688884066,0.5612833783511052,0.7301357374105961,0.33522461848603424,0.12149308118011892,0.32422201195773315,-0.06481399913693728,0.2204730212443121,0.2613184641072862,0.5483338880874857,0.7102435596422463,-0.06483218594049492,0.26241997753301105,0.045646979494960944,0.3493712701401845,0.17859966513043796,0.20031135964941288,-0.033190862803927794,0.3755891756579909,0.6608436038825599,0.3938831753349766,0.5572053986454784,0.29313845299537056,0.15919967899316573,0.6298438050500301,0.5712911198511018,0.27109525047535976
295.5,0.24604484303673094,0.15901957152199137,0.10454322225202443,0.019519366078680725,0.5266587471234778,0.12095129182760016,-0.0019847299921438447,0.3074003572390805,0.661768067869941,0.4326917776576845,0.19989856313047433,0.12535988723843242,0.33378295141623326,0.14514713852589128,0.4195608904048275,0.3804588272550956,0.21287624758676654,0.6194337259965519,0.23742406444020894,0.08862204771549984,0.2198155491266589,0.5042356013694168,0.25395176523569335,-0.10808642478776269,-0.050892855904117004,0.4201017553024312,0.35074103961273284,0.5090862218708747,0.4354599290265207,0.04835116641430672,0.18047618848980768,0.1856543260188387,0.5127842774912756,0.11884266664550096,0.2404392402795469,0.5729917931172596,0.5920066319188496,0.16860292079783648,0.5593517641970958,-0.019729294545284985,0.10941589562943432,0.038983372124983824,0.1935424356510947,0.298857597564069,0.1066545293695916,0.08134910218488596,0.4818319915171438,0.4104037501466646,0.3890193186934286,0.5416652332701927,0.5271386381900377,0.7002794617587855,0.3402698160651778,0.11849689721479457,0.3224487826035616,-0.05478727687956927,0.19495265297898484,0.24686564493241442,0.5093391097660624,0.6825276346741345,-0.06406304425258647,0.2382051390916286,0.03260636049292097,0.35260203995152495,0.17160718143272352,0.18449282662373173,-0.04553730058463368,0.3391028361259408,0.6250603243538755,0.36889771392135784,0.523208764405191,0.26342893401842776,0.17126260420590417,0.6022193098971677,0.5293515327375513,0.22928908800574713
296.5,0.25077457658009483,0.13142075546022394,0.11805191950726708,0.022303462713861914,0.4843411267984571,0.13962218543988586,0.00665608116282398,0.312284645166338,0.6311378251506224,0.4094364952304123,0.16539867900366373,0.14209341514161516,0.3256573662072689,0.1557483352729325,0.3952543869785833,0.33860022261094697,0.19692155384960203,0.582385949130827,0.2466700912171973,0.08301993638188473,0.22388288012211208,0.47632353970271846,0.27128249142679306,-0.09160219505908959,-0.04040764150546894,0.3776575831039015,0.32689672530996045,0.46291168520297576,0.391297447555293,0.0490882526863899,0.18418146551225928,0.20348840639475477,0.48338776993039645,0.0837009301492632,0.21591092777322057,0.5389655070644579,0.5561198538841681,0.14506363930903765,0.5263663641189794,-0.018992446619266252,0.08179777995349338,0.05182755832332504,0.19265574459956408,0.2613109970144126,0.1184648083009677,0.09185408034021342,0.4552530588144424,0.37459090970351105,0.3839035076367103,0.5022878016322058,0.49103006063596233,0.6677978409055412,0.34494748026101774,0.11586376670729645,0.3202754276995553,-0.04401334103686379,0.16947037073565657,0.23220587230940062,0.4683484338986661,0.652334784817419,-0.062265055777869296,0.2137768601836257,0.020440392718246315,0.35540198053755834,0.16477224153838327,0.16877407669875083,-0.0565995450825947,0.30167460479298247,0.5867833543808197,0.34297234841270346,0.4872717721423089,0.23332094661966027,0.18346037136875107,0.5724609989794922,0.48522791370754953,0.18724300176265557
297.5,0.25539968920042044,0.10426096710289534,0.13181388161579866,0.025747838267907563,0.44008544430939456,0.15847420046708094,0.015900799658264114,0.3168816807821829,0.5981511907598897,0.38506404448972265,0.13113243731823115,0.15901352575378186,0.31703702660821553,0.16652584768347184,0.3698836553207161,0.29573041553315094,0.1810038340648223,0.5430134364133662,0.25585322334246474,0.07794921805420865,0.22792811620584486,0.4468646595874425,0.2885514319896195,-0.07446771463572752,-0.02922758221568872,0.3339350886421596,0.3023511917985206,0.4148388018525829,0.3457362343899588,0.05041809453853781,0.1879905089991897,0.22139023720954945,0.4523706741222086,0.049393984757653595,0.19129533108656369,0.5029166850454095,0.5180737028297289,0.12185824670158611,0.4914509517218414,-0.01740504673219597,0.05494808146914232,0.06508751394570454,0.19184008121766033,0.22332173895597845,0.1305394541719317,0.10270221622441608,0.4272600526801833,0.3376273810184392,0.37811265887001755,0.4609419633222914,0.4530976698491057,0.6327373097179344,0.34923830505062303,0.1136015982415884,0.31770451070880684,-0.032540942454028596,0.14418127346256776,0.2174090245820846,0.4255461877020272,0.6197079886688872,-0.05947351048315608,0.18927558311702455,0.00919882008816801,0.3577557708460019,0.15812390844272736,0.15323601826172434,-0.06635073380695242,0.2635337356858237,0.5461215670939009,0.3162310054236543,0.44953487310216067,0.20299865120622,0.19576329713968416,0.5406396639450366,0.4391187002549695,0.14527344019863087
298.5,0.259905269539175,0.07771580418026554,0.14579636688519243,0.02982900971755852,0.3941159537604633,0.1774737473213725,0.025711839445413952,0.32117411996787815,0.562884778735379,0.3596768410686513,0.0973437186930309,0.1760866505388508,0.307950765601028,0.17745160978477195,0.343561578062907,0.2521330479004145,0.1652046566377969,0.5014525913559404,0.264948563534196,0.07342628511213987,0.2319383260432862,0.415974063884311,0.305724484908468,-0.05673600105047087,-0.017399184422341663,0.2892086081371473,0.2772287641605064,0.3651386093506706,0.2990624177478032,0.05232734981047804,0.19189095198881012,0.23932673863125178,0.4198559476086925,0.01617307903220317,0.16673776203882612,0.4649796695313987,0.47800823129011755,0.09912635498971042,0.45473761665355045,-0.014991923079442878,0.029039821373664666,0.07872639935587902,0.1910983089750734,0.1851513792430846,0.142847140528927,0.11386215061632798,0.39796540520754736,0.29972464423029843,0.3716564274155224,0.41781824734087747,0.4135110155598154,0.595169813374181,0.3531235971294063,0.11171658368772006,0.314740203031703,-0.020417429078423404,0.11924129507700602,0.20254712342201064,0.3811525140449871,0.5847133028131573,-0.05572594891498391,0.16484578115836201,-0.0010763589657549319,0.3596490719324607,0.1516902571333684,0.13795888218981148,-0.07477476791200902,0.22492998144497398,0.5032176401982043,0.2888104762365473,0.4101677187800906,0.17265456842924637,0.20814176515803084,0.5068489534523944,0.39126379843970394,0.10370795187762857
299.5,0.2642766034561046,0.0519556963973842,0.15996702177440728,0.03452224414998987,0.34669669576946416,0.19658753666094123,0.03605205504670259,0.32514511623008513,0.5254418968109303,0.33339080969751694,0.06427536091624372,0.19327951657849213,0.2984305642157185,0.18849762391413757,0.316414709801718,0.2081179138925676,0.14960555090567174,0.45787497389198684,0.27393118295770463,0.06946447018261327,0.23590062125310451,0.3837871515099798,0.3227670081572048,-0.03845690378563396,-0.004967617739415144,0.24378365319008882,0.25166354225980314,0.3141269798679262,0.2515971322322585,0.05480094697415433,0.19587021220954123,0.2572646714419622,0.38598872804767553,-0.015723540058278803,0.14238595553230265,0.42531855368525917,0.4360963161340122,0.07700407720625704,0.41638642333139997,-0.011780058430106214,0.004235458839480208,0.09270818842544135,0.19043301047975705,0.1470742764087151,0.15535681786850652,0.12530280858986487,0.3674997668873389,0.26111714277107756,0.36454782055271184,0.3731432845714283,0.37247043850260236,0.5551964342480749,0.3565853562404643,0.11021321920076958,0.31138833159338336,-0.007688696277131287,0.09480494649643109,0.18769372730602524,0.3354242104559203,0.547442944453331,-0.051061627547110834,0.1406341355306103,-0.010350979540635772,0.36106862390127537,0.14549819845172213,0.1230213980212698,-0.08186569581167083,0.18613058735264873,0.4582514355181524,0.2608596041245125,0.36937034677538183,0.142486911663993,0.2205661860790506,0.4712075102032868,0.3419459638504909,0.06287835755897342
300.5,0.2684992064279086,0.027143096372151277,0.1742938076080286,0.03980177486979925,0.2981314531499812,0.21578241786728336,0.04688481306996729,0.3287783818329807,0.4859553892806073,0.30633513087815945,0.03216440885644862,0.21055901985090525,0.2885114835333012,0.19963594042252303,0.28858280768600436,0.16401659223523155,0.13428717791204858,0.4124898961229255,0.2827761288012769,0.06607407999570178,0.23980218309348905,0.35046001201285626,0.3396437354440011,-0.019677372182777608,0.008023308150172987,0.19799350260222007,0.22579828709855215,0.2621634249663137,0.20369313722465293,0.057822270856768755,0.1999155213749403,0.2751705165573437,0.3509368124936509,-0.046075581765045115,0.11838807967418588,0.3841286891871622,0.39254559593252225,0.05562208275081685,0.37658664589808044,-0.007798217339223294,-0.019315753122681713,0.10699760169894756,0.18984647938000448,0.1093728493359261,0.16803767284362525,0.13699338573302605,0.3360121491951418,0.22206014667953355,0.35680332500731576,0.32718045355535047,0.330207530277958,0.5129510347944338,0.35960636098349225,0.10909433776040209,0.30765641939840715,0.005600824333579855,0.07102300116168171,0.17292327578558359,0.2886542970455663,0.50801837338158,-0.04552103998628848,0.11678755696755334,-0.018598659796730806,0.36200234670314,0.1395733153003264,0.10849997992029067,-0.08762695812766524,0.14741630833106137,0.4114428031078498,0.2325380892103602,0.3273735631586672,0.11269655191385756,0.2330069579039792,0.4338608596692339,0.291490644165451,0.02311319736059441
301.5,0.2725588574655962,0.0034298406712536095,0.18874492519430747,0.045640996839587715,0.24876200906859808,0.23502522327084327,0.05817403815942825,0.3320582529536403,0.44459020336507316,0.2786516548075373,0.0012373558557370772,0.22789210194422851,0.27823156064123444,0.21083863543919876,0.2602179931290194,0.12017663100271217,0.11932849570076376,0.3655461641637088,0.29145843538673144,0.06326245834866069,0.24363028974618026,0.3161693173290677,0.35631870102000185,-0.0004417286880511335,0.021531134363714125,0.15219414219941382,0.1997830038753749,0.20964764649607734,0.15572953616047258,0.06137334049367119,0.20401395371300982,0.29301036110028045,0.3148905618860493,-0.07468508033707522,0.09489063998819633,0.3416374267226931,0.34759955148847554,0.03510374998553362,0.3355572783946084,-0.003076603044408964,-0.041480030533037365,0.12156003046451594,0.189340713687489,0.07233212387287469,0.18085908342009285,0.14890332610229873,0.3036696115301273,0.18282660709338378,0.34844301479942436,0.2802291997367197,0.28698455636111236,0.4686036938326965,0.3621702599689868,0.10836115200810092,0.30355371798321545,0.019408143948534018,0.04804020537293576,0.15831039602508706,0.24117002546796767,0.4665931929033017,-0.03914549539840169,0.09345110902402355,-0.02580062308163797,0.3624394443680684,0.13393971321690268,0.09446794201198304,-0.09207053080486784,0.10907651797424531,0.36305344748856994,0.20401489844270065,0.28443829707380724,0.08348370889213826,0.24543442756359202,0.39498287841384283,0.24026389144567867,-0.015270163169848392
302.5,0.27644163463146426,-0.01904521178237404,0.20328873861145938,0.05201264114343519,0.19896442314406976,0.2542826186425134,0.06988423660681309,0.3349697587919137,0.40154544235628215,0.25049394665023805,-0.028294391747425658,0.2452456309947621,0.26763166660375826,0.22207778764360359,0.231483515257775,0.07695442136301187,0.10480593890952603,0.3173326076682719,0.29995313934403756,0.061034074983202256,0.24737234426275387,0.28111160581039496,0.37275517439858147,0.01920805710212759,0.03551471686761096,0.1067575834965466,0.17377323413398396,0.15701356965838298,0.1081045961776906,0.06543497742571233,0.20815245385285905,0.3107497916950601,0.27806210640722745,-0.1013799566531528,0.07203634473465392,0.2981038458601028,0.30153742979940584,0.015563480704814345,0.29354660832639945,0.002353453735295492,-0.06214085258597777,0.1363614539475156,0.18891741051934088,0.036233786850500015,0.1937905713285738,0.16100229346537026,0.27065641282373387,0.14370300142405285,0.33949063575443367,0.23262274712452907,0.24309263212586057,0.4223636483061359,0.36426166810138366,0.10801330613348767,0.29909123061645626,0.033691669126443474,0.025993097547345294,0.14392918506948438,0.19332910460261415,0.42335563845750207,-0.03197675374062918,0.070765899826827,-0.031945407278629614,0.3623705120478239,0.12861988708057123,0.08099476224970348,-0.09521600246809477,0.07140355884330155,0.31338745842814514,0.17546628806928166,0.24085372567008673,0.05504448807566377,0.2578188546085235,0.35477664664491393,0.1886680299486208,-0.051973320565141444
303.5,0.28013395220677834,-0.040158170613456314,0.21789369931458133,0.05888892868709975,0.14914315778128334,0.2735209605041768,0.08198050072711995,0.33749869452051867,0.3570556317026363,0.2220259401594043,-0.05623860045538156,0.2625862876531514,0.2567553251268275,0.23332545496822982,0.20255210315535002,0.034707032879452246,0.09079263261109953,0.2681770378740722,0.30823529928627635,0.0593906368697914,0.2510159032900095,0.245501868998821,0.3889156058381331,0.039232096918815254,0.049934168597408166,0.06206374354754155,0.14792808597753718,0.10472078698043055,0.06122684637206729,0.06998696309013987,0.21231786416435944,0.32835379574294665,0.24068374571209278,-0.12601660930501674,0.04996200455898876,0.25381724557553415,0.2546727243422401,-0.002894765672494608,0.25083065825199036,0.00845977299703187,-0.08120022756109724,0.15136835165251056,0.18857796224789874,0.0013500270013701997,0.20680175301823586,0.17326013733680273,0.2371725637689524,0.10498424583479779,0.32997366241013365,0.1847239930158528,0.19884849229080617,0.3744813938723085,0.3658662677950729,0.10804893542948735,0.2942817252454329,0.04841113290089297,0.005008017859476433,0.12985248285906087,0.145514027817663,0.37853037670624123,-0.02405671602872437,0.04886701461501068,-0.03702847844208222,0.36178764525540175,0.12363460535465284,0.06814541251188505,-0.0970896197767736,0.03468656161142511,0.2627901092114782,0.14707346857430179,0.1969340183650128,0.027567402851356365,0.27013037785722355,0.31347447799359013,0.13713490721558547,-0.0867240467330732
304.5,0.28362259953240254,-0.0598016617609927,0.23252827159813094,0.06624170371173008,0.09972305699548448,0.29270616080151346,0.0944284968169676,0.33963169789887926,0.31139090382522017,0.19342019397501675,-0.08242564489698133,0.27988045683637475,0.24564849137568498,0.2445536521012966,0.17360391476382814,-0.006216589386080078,0.07735765967478271,0.21844331786981538,0.31628002050259785,0.058331218211359795,0.25454870665311313,0.2095713788894506,0.40476158347248764,0.05959231719830893,0.06475078395470049,0.01849122817140884,0.12240804840844995,0.05324359451436824,0.015504826518066953,0.0750081844155857,0.21649695170772634,0.3457866714283936,0.2030054712419076,-0.1484814433746861,0.02879654147437839,0.2090942109123251,0.20734997477964168,-0.02017867083752809,0.2077103421296158,0.015209570446016035,-0.09857940248391428,0.1665476124989188,0.18832345400290637,-0.032062517954280875,0.2198622902859939,0.18564685516080293,0.20343174046531382,0.06696783569937995,0.31992332297858,0.13691949358122413,0.15458977641213925,0.32524955670047345,0.36697091470600757,0.10846473221534692,0.28913973602019255,0.0635275088076124,-0.014800618571794946,0.116151152023548,0.09812453821278191,0.33237930534285354,-0.0154271667242879,0.027881562698566464,-0.04105176736776937,0.3606845504879818,0.11900281289712393,0.05597977057230328,-0.09772333077993747,-0.0007949732963197526,0.21164457604475798,0.11901996627165538,0.15301363105497037,0.001230030464849546,0.282338985810329,0.27133692544570226,0.08611676003963871,-0.11928248966201382
305.5,0.2868947815180592,-0.07788588542773259,0.2471608603817453,0.07404254795448426,0.05113939097874246,0.3118035595289948,0.10719443932667014,0.3413563292973506,0.2648558132683509,0.16485576604206326,-0.10671113540110255,0.29709412598689655,0.23435929123466978,0.2557343295664484,0.14482411433718295,-0.045484566532115536,0.06456539935519627,0.1685263242644222,0.3240624850406798,0.05785240541689464,0.25795870786016284,0.17356473312522233,0.420253802929063,0.08025219891886273,0.0799269493965993,-0.023592494255009346,0.09737265190852061,0.003058086266455076,-0.02866396103889569,0.08047676704767544,0.22067643488886488,0.3630119472496708,0.16529158616848225,-0.16869132172721485,0.008659179068317962,0.16427414885624103,0.159939742248682,-0.036208455281198634,0.1645072535959315,0.022569669925338154,-0.1142190204836516,0.18186644233092247,0.18815466249681417,-0.0637683776014539,0.23294184159895095,0.19813255191807322,0.16965855424158433,0.02994745615896412,0.30937458811305196,0.0896116067525757,0.11066886454539479,0.2750021399596133,0.3675637476398642,0.10925601676460177,0.2836815524289519,0.07900291161546344,-0.03333172522920723,0.1028933808660049,0.05156845054748691,0.28520103484450066,-0.00612956471498522,0.007926908979321074,-0.04402314817378896,0.359056656282528,0.11474155301085254,0.04455212665482882,-0.0971538518816287,-0.0347774943318424,0.16036634307508582,0.0914887592213881,0.10944119033053665,-0.023804051074094928,0.29441449156105703,0.228650591261449,0.03607497597201767,-0.1494460006293413
306.5,0.2899381607953686,-0.09433916567659079,0.2617597422040693,0.0822628766041804,0.0038264073084091654,0.3307778059401875,0.1202450536729562,0.3426611548197408,0.21778653485898175,0.13651574524708546,-0.1289776375971128,0.31419279058432886,0.22293772236573717,0.26683935515225343,0.11640013576289887,-0.08279061483629886,0.05247495241097512,0.11884473018103706,0.33155798762573313,0.05794845334370848,0.26123410557321736,0.1377361458705647,0.4353520503852858,0.10117652497825373,0.0954260433298833,-0.06384093511048919,0.07297805097776182,-0.04537195221922315,-0.07090420659097145,0.0863701959547857,0.22484300999070844,0.37999231192334243,0.1278164599953484,-0.18659299644920124,-0.010342122039759403,0.1197132962018852,0.11283175183512853,-0.05091745611638097,0.12155810041081265,0.030506684470231343,-0.128078759268949,0.19729227110735142,0.18807205609732985,-0.09355811896712914,0.2460100150695307,0.2106873982675806,0.13608521372990573,-0.00579362734120117,0.2983661193446963,0.04320904503911287,0.06744542938227205,0.2241117856010662,0.36763430205078446,0.11041681199200029,0.27792519508806224,0.09480048798543088,-0.050498581796308464,0.09014402563580912,0.006251240002890926,0.23732875884971624,0.0037951212515354776,-0.010890847893677039,-0.04595587770148315,0.3569012237316911,0.11086590901614231,0.033910793884762286,-0.09542177912218962,-0.06701926739823823,0.10939523094698975,0.06465928566282926,0.06657213667539713,-0.04738791143342158,0.3063265129437104,0.18572462428442643,-0.012532705691178966,-0.1770523427439496
307.5,0.2927409014584387,-0.10910800117264774,0.27629300027600884,0.09087401731774267,-0.04179496000232043,0.34959274904894866,0.13354752982149404,0.3435358321446401,0.17054628007365336,0.10858450376190747,-0.14913544745350032,0.33114136767839386,0.21143531937808896,0.2778404984259225,0.08851871388363955,-0.11786161776221041,0.04113966503060507,0.06983173758369808,0.338741977723537,0.0586114492506846,0.2643633760777039,0.10234506978872213,0.450015199910602,0.1223311357164553,0.11121232809776908,-0.10193780471732503,0.04937461390586083,-0.09160939514736169,-0.11087330009281882,0.0926654234337676,0.22898337769604288,0.39668955552492047,0.09085952488260764,-0.20216163927607794,-0.028111931624512393,0.07577733683738233,0.0664263625108137,-0.06425238187444068,0.07920791645713747,0.038987167676110025,-0.1401365087529358,0.21279266093342555,0.18807579610631525,-0.12125221279427707,0.25903632404034604,0.2232815883789357,0.10294766101144079,-0.0399890452777489,0.28694017339632366,-0.001883718073502549,0.025278009654183642,0.17298478690109784,0.3671736264821543,0.11193992067691047,0.2718903773472123,0.11088429984065824,-0.06622948282372201,0.07796400718117673,-0.0374350199559698,0.18912628810130813,0.014306536920118445,-0.028478100931938255,-0.046868013368992614,0.3542174552330014,0.10738896522406985,0.02409782826341313,-0.09257075954964966,-0.09730546548699869,0.059185212820783636,0.03870443826222199,0.024760429611261306,-0.06939339216419707,0.31804445857554425,0.14288587084176058,-0.05926577392853497,-0.2019811736052592
308.5,0.2952917143141605,-0.12215665187203298,0.29072846439008826,0.09984727367776355,-0.08532941725832872,0.368211338173625,0.14706946863020856,0.34397119863421616,0.1235188916204796,0.08124475646934955,-0.16712244808148033,0.3479041182217704,0.1999047865846807,0.2887094189804778,0.061362787415574147,-0.15046376582070833,0.030606760180322413,0.021924112593072746,0.3455901081555549,0.05983148112756235,0.2673353067801022,0.06765129412537793,0.4642012259544658,0.14368269280765414,0.12725083636534143,-0.13760499592272976,0.02670460940672679,-0.13525730784969275,-0.14827045831961927,0.09933896477496487,0.2330842697522378,0.41306452275298344,0.0546996924412547,-0.21539863434548795,-0.044568283636217294,0.032832911551577804,0.021124708898747693,-0.07617325606149812,0.037802307890684575,0.047977737377994115,-0.15038716391901868,0.22833521609594384,0.188165739143912,-0.14670371507430033,0.2719901460668494,0.23588529840903005,0.07048130955341905,-0.07239530300816654,0.27514245917465024,-0.04527757838733216,-0.015484964814467785,0.12205374396943562,0.36617440126237244,0.11381700407392674,0.26559845198716836,0.1272192027542271,-0.08046799467369668,0.06640977540286354,-0.07912266601483871,0.14098213818051888,0.025365031073067444,-0.044754629244424006,-0.046781825504747424,0.35100660010109397,0.10432178683873694,0.01514885991654063,-0.08864673380427926,-0.1254522053114386,0.010192436325918344,0.013787665292056897,-0.015650261590740924,-0.08971262965376119,0.32953752048628554,0.10047275135347858,-0.10371436493795287,-0.22415383593913263
309.5,0.2975799035301607,-0.1334663171844034,0.30503365646602004,0.10915397454797741,-0.12641880046134063,0.3865955343417234,0.16077882266862467,0.3439593611347446,0.07710073645563413,0.05467453280134558,-0.18290313040290368,0.36444457899555616,0.18839960286373997,0.2994176590908135,0.03510839273127403,-0.18040691224259742,0.020917081171638742,-0.024449900018369046,0.352078290460254,0.061596807347696236,0.27013903070554185,0.03390971848099643,0.4778672318209664,0.16519845169096908,0.14350725392536626,-0.17060881918392246,0.005100078016652821,-0.1759706212590485,-0.18284385482923676,0.10636698201152375,0.2371324759293238,0.4290770792405638,0.019609434341873046,-0.22632882188222317,-0.059643257103489236,-0.008761559163849679,-0.022681967049183224,-0.08665307439814038,-0.002320893011496276,0.057445173823465465,-0.15884111982376944,0.24388749597475629,0.18834144059334576,-0.16979967503474097,0.28484068617676445,0.24846864655397502,0.03891655241601757,-0.10279692407766691,0.26302194492961783,-0.08660974690391465,-0.054514173719938885,0.07176796674287475,0.36463105849425903,0.11603866094214721,0.25907234247897815,0.14377072132243462,-0.09317283706819914,0.055532852687189015,-0.11847864838402629,0.09330172038811865,0.03693171254023585,-0.05965414396731802,-0.04572321814602693,0.3472720556183333,0.10167341805486636,0.007093033659449979,-0.08369725675812059,-0.1513093386697301,-0.037137883528658586,-0.00993970107779391,-0.05433537044524918,-0.10825893744580883,0.3407746739149712,0.058828054684318454,-0.14551152531633083,-0.2435316159989664
310.5,0.2995954145474028,-0.14303397598412618,0.3191757424826339,0.11876551078067958,-0.16475189509988875,0.40470623344775625,0.17464383314611723,0.34349378684073034,0.03169119718425136,0.02904417905262613,-0.19646690323695035,0.3807255049723638,0.1769736041675215,0.3099366413814678,0.009921675667375727,-0.2075469521462785,0.012104948373331568,-0.06888302530373035,0.35818275729642696,0.06389402492030141,0.27276406200881154,0.0013650443383843487,0.49096949490155384,0.1868460424822576,0.1599478005780715,-0.20076413563450823,-0.015319031536013456,-0.2134650813010092,-0.21439532526730906,0.11372535634216777,0.2411148713888276,0.4446860918137717,-0.014151181610688929,-0.23499738781506524,-0.07328320263938519,-0.048665211600951594,-0.06462314196392814,-0.09567721117933285,-0.040840102230014115,0.06735649469229395,-0.16552255925725162,0.25941693179673353,0.18860215901628924,-0.19046127645341376,0.2975569450788906,0.26100165560882893,0.008474239677088595,-0.13101047983397257,0.2506306140413531,-0.1255537586905624,-0.09150786885987625,0.022581977350055196,0.3625399023200207,0.11859450601928571,0.25233645846902036,0.16050492320065773,-0.10431742232373646,0.0453794648011148,-0.15521322094158033,0.04649787423673891,0.04896847978091986,-0.07312448554874751,-0.04372117002597736,0.34301946186361737,0.09945089720082051,-4.694650781718597e-05,-0.0777708994166387,-0.17476190459486082,-0.08238484053172737,-0.032340779178021965,-0.09099770030435754,-0.12496704739632727,0.3517246849266372,0.018290962187734152,-0.18434340170056804,-0.2601127261787929
311.5,0.3013288830940799,-0.15087096732622768,0.3331214915369405,0.128653360749248,-0.20007190276545153,0.42250320207022973,0.18863296428089762,0.342569394485847,-0.012317762556027897,0.004513513935308658,-0.20782584655275388,0.396708822962262,0.16568055015262534,0.3202376720813743,-0.014043853061430873,-0.231786205806842,0.004198126127674243,-0.11100090692601246,0.3638801320463216,0.06670823397131927,0.2752003324285973,-0.02975334991798162,0.5034635293970129,0.20859325927642108,0.17653911058087265,-0.22793622962197474,-0.034446394241080036,-0.2475228898782939,-0.2427824561700084,0.12138974990989342,0.2450184445965832,0.4598494236141401,-0.04634018418299553,-0.24146658455383402,-0.08544862977815887,-0.0865636498426666,-0.1043592737244062,-0.10324261758518354,-0.07745807475546299,0.07767900927306588,-0.1704676209045872,0.2748907480780608,0.1889468615357561,-0.20864280697470297,0.3101076930920799,0.2734542187866708,-0.020638660496454582,-0.15688731515105603,0.2380231690025319,-0.16182785133643998,-0.1261992557331316,-0.025057287169185694,0.3598992282911485,0.12147324717091564,0.2454165953817305,0.1773882932006998,-0.11388909826280127,0.03599026473743373,-0.1890865410243734,0.0009801772013283098,0.061438026900458985,-0.08512748852637139,-0.04080720510861212,0.33825678850545526,0.0976592876332429,-0.006254677301892883,-0.07091673222373743,-0.19573025052398546,-0.1251645198975701,-0.05329504313315071,-0.12537461960838073,-0.13979274540249065,0.3623561263155032,-0.020811283858957284,-0.2199566383496893,-0.27392832777655585
312.5,0.30277168510331154,-0.1570013930529835,0.34683724275277467,0.13878910611246362,-0.23218110535344655,0.4399450269293316,0.2027148364471006,0.3411826450331442,-0.05455233993242794,-0.018770744194563083,-0.2170120739782341,0.41235559735863897,0.15457368215025077,0.3302919504322904,-0.03664970422787037,-0.25307194856005105,-0.0027821063617982957,-0.15047269172732455,0.3691475057720929,0.07002319644949494,0.27743822864670287,-0.05923608452015374,0.5153041671977296,0.23040785781180312,0.19324811385559862,-0.25204046390588614,-0.05219046010599641,-0.27799480638746965,-0.2679181097117433,0.12933565772524871,0.24883032593031107,0.474523944967611,-0.0767388097789229,-0.24581244615986356,-0.09611378491204212,-0.12217685315800504,-0.14159079509504233,-0.1093568588934207,-0.1119091061124811,0.08838035412688351,-0.17372252810902103,0.290275889539771,0.1893742300766979,-0.2243296207223457,0.32246145042352575,0.2857960696427677,-0.04823300522714934,-0.18031488397128664,0.22525668452946862,-0.1952011652099896,-0.15836233439692599,-0.07072376186380679,0.3567094404277272,0.12466276055684755,0.2383398182523111,0.1943876086413899,-0.12188814983931313,0.027400151873914213,-0.21991280231981353,-0.042856358042325154,0.07430382964221897,-0.09563854397881186,-0.03701489978630983,0.33299441170586774,0.09630172286596372,-0.011519831181824907,-0.06318388752766366,-0.21416892430490814,-0.16514104182785957,-0.07269973232114313,-0.15724374150546888,-0.15271196798745723,0.3726374023923458,-0.05817158418137588,-0.25216255503894885,-0.28503793093824903
313.5,0.30391598731538155,-0.16146042041955017,0.3602888807568762,0.14914443918113748,-0.2609425597603606,0.45698907897641067,0.2168581592240181,0.3393316309119476,-0.09466723958094977,-0.04067717337342472,-0.2240748686285577,0.42762600890296076,0.14370528023867604,0.3400705847619633,-0.057774343617046295,-0.27139336053141994,-0.008820789392411545,-0.18701949440141669,0.37396252158582266,0.07382148741935698,0.27946863047028975,-0.08689776269159963,0.5264456575222483,0.2522573614420125,0.210041919064828,-0.27303994017551886,-0.06847519671241428,-0.30479883769081895,-0.28976765375157915,0.13753845053978367,0.2525378170608215,0.4886655608357443,-0.10515575725413948,-0.2481216315776326,-0.10526596096486382,-0.15526557518258527,-0.17606523406662564,-0.114037038543883,-0.14396490162568193,0.09942851246878777,-0.17534174711927664,0.30553895427610517,0.18988266848041074,-0.23753530708807405,0.33458647445914835,0.2979967568117937,-0.07414083402202071,-0.20121671488390133,0.21239021216380644,-0.22549742808455756,-0.18781587502472583,-0.11402509368975096,0.35297316445676274,0.12815016320252454,0.2311343302456998,0.21146981703833317,-0.12832661883733826,0.019638185725622842,-0.24756176240618655,-0.08464246792962843,0.08753011466867769,-0.10464590077773235,-0.03237943173393051,0.3272451790805205,0.09537946429020573,-0.015837858871033512,-0.05462119715786342,-0.2300645138234278,-0.2020351626182621,-0.09047072769331628,-0.18642677621682294,-0.16371944859123247,0.38253678311164835,-0.09351055502139853,-0.2808380101704152,-0.2935244959428891
314.5,0.3047547982990369,-0.164292555582132,0.3734418204198324,0.15969116321492502,-0.28627893979518726,0.4735914931075159,0.2310316653974179,0.33701616275930035,-0.13235491832171167,-0.061091383590252166,-0.2290777424184534,0.4424793472535399,0.1331262275205916,0.3495446157277502,-0.07731460497188851,-0.28677725605565446,-0.01390903375788897,-0.22042019253996403,0.3783034664265026,0.07808463765648611,0.2812829497416394,-0.11258006967725462,0.5368417858465967,0.27410887552245283,0.22688769951559049,-0.29094152327450173,-0.08324041665083926,-0.3279159531632875,-0.3083443284578963,0.14597340953023255,0.25612842123477264,0.5022292556455692,-0.1314303745728143,-0.24848849672336354,-0.11290458773897841,-0.1856358620912854,-0.20758203147292376,-0.11730865527973575,-0.1734387824598011,0.11079181939922533,-0.17538623050010863,0.32064613392980773,0.1904703104537589,-0.24829830127739103,0.3464507546227125,0.3100256242500471,-0.09821798699969067,-0.21955112309678806,0.19948434024108036,-0.2525960286566355,-0.21442537114863375,-0.1546140833956949,0.34869535547480734,0.13192188258772125,0.2238293265488469,0.22860191700844937,-0.1332270015304318,0.012727590686031073,-0.2719577654964427,-0.12404493211596071,0.10108181497014586,-0.11214975411601899,-0.026937173438767198,0.32102446057081496,0.09489196970315947,-0.019209632839964727,-0.045276899810088436,-0.24343266110920156,-0.23562987719645528,-0.10654288851963986,-0.21279140744628777,-0.17282701603763112,0.3920224479743106,-0.1265829995968089,-0.30592317353778226,-0.2994895213425322
315.5,0.3052820195976154,-0.16554994863239061,0.38626100155840476,0.17040118685448663,-0.30816888518877056,0.48970716450877516,0.24520404688164885,0.33423785254393856,-0.16735310234378167,-0.0799172354041465,-0.23209554710568314,0.45687401820690343,0.12288558971208982,0.35868504720677585,-0.09518654586725335,-0.29928299112003653,-0.01804370143411947,-0.25051427240690893,0.38214937020801676,0.08279326659426287,0.2828731698198892,-0.13615385674069885,0.5464460126167331,0.29592891033619617,0.24375258275528747,-0.30579066748518474,-0.09644170443450469,-0.3473834785253869,-0.3237032733379056,0.15461575365532845,0.2595898745294631,0.5151691562337235,-0.15543464749025288,-0.2470124638175685,-0.11904015582294392,-0.21314148806432973,-0.2359948478595201,-0.11920443569564076,-0.2001880433695614,0.12243895497479254,-0.17392178760500948,0.3355631616131466,0.19113502833555782,-0.25667817165453755,0.358022015384455,0.3218517976843362,-0.12034588258298975,-0.2353088606967141,0.18660071475185488,-0.27643061944732716,-0.238102989111245,-0.19219788911925179,0.34388339812700985,0.13596372287209918,0.21645483466518023,0.24575084324791702,-0.13662088112781196,0.006685845602483637,-0.29307656615160055,-0.1607752583548276,0.1149245141239424,-0.11816117350744686,-0.020725331817398673,0.3143501831432471,0.09483697088134763,-0.021641045564561246,-0.03519841217291985,-0.25431450103812653,-0.2657727784449293,-0.12086987243485206,-0.2362512141381199,-0.18006165240457703,0.40106254013643106,-0.15718289552770665,-0.32741669175000865,-0.303048349807022
316.5,0.3054924966633318,-0.16529077912689888,0.3987108942704121,0.1812465138174101,-0.3266413894582584,0.5052897625936594,0.2593438934504292,0.3310001918060559,-0.19945010887110898,-0.0970775156998405,-0.23321173889949587,0.47076756635263467,0.11303021793924024,0.3674628852513589,-0.11132574252697625,-0.30899694129946076,-0.02122702978994074,-0.2772017356543661,0.3854801122113453,0.08792720497858898,0.2842318854883511,-0.1575201548815452,0.5552116321901995,0.3176832129351498,0.2606035446720999,-0.3176655063898135,-0.10804997581168227,-0.36328692953991787,-0.33593476107831083,0.16344066053549838,0.26291017816588547,0.527438613559147,-0.17707395144101667,-0.24379572674693759,-0.12369302747412347,-0.2376842913435054,-0.2612113848221267,-0.11976317909098126,-0.2241144359064895,0.13433892698486757,-0.17101761073897254,0.3502552682600348,0.19187444264599535,-0.2627517995192341,0.36926772793025386,0.33344417786351127,-0.14043241091370576,-0.24850994597175796,0.17380152808360153,-0.2969855866528224,-0.25880569151265426,-0.2265443725120865,0.33854719721131393,0.14026092753712213,0.20904154245862866,0.26288335639599325,-0.13854754611985595,0.0015248499229678874,-0.3109404063057427,-0.19459618184537802,0.1290243816454726,-0.12270092263163883,-0.013781633935774825,0.30724284706641203,0.09521055839383508,-0.023142576182134746,-0.02443215730113562,-0.2627727731766286,-0.2923752517911463,-0.13342348712937965,-0.2567638127583433,-0.18546341429179497,0.4096252311082944,-0.18514664315170273,-0.34536889663743625,-0.30432586125407257
317.5,0.30538206920385347,-0.1635777588501484,0.410755515564566,0.1921992289770343,-0.34176884551773246,0.520291763466046,0.2734196351319101,0.3273086236927042,-0.2284877144836061,-0.11251407553621418,-0.23251587073783223,0.48411671391212724,0.10360438209279495,0.37584918554504626,-0.12568705032879907,-0.3160269018852562,-0.02346621349541856,-0.3004403415433151,0.38827653450926214,0.09346560686298098,0.28535234309500684,-0.1766101380051105,0.563091952439785,0.33933660827545514,0.2774073088651301,-0.3266706421473576,-0.11805071711446506,-0.375751048950685,-0.34515714776908607,0.17242328169722093,0.26607763191133305,0.5389903037846439,-0.19628661663889574,-0.238941306517293,-0.1268921853016069,-0.25921256680208776,-0.2831909569124607,-0.11902864518691147,-0.24516290075577868,0.1464610451494104,-0.166744973680324,0.3646871481759252,0.19268593241721255,-0.26660963440634167,0.3801551309825185,0.3447714412316959,-0.1584119576819542,-0.25919993330389585,0.1611489840293801,-0.3142908595914828,-0.2765318361691036,-0.2574852643476621,0.33269925645653026,0.14479823827923638,0.20162061553765648,0.27996593847650764,-0.139052638135645,-0.002748843451675983,-0.3256118749666009,-0.2253256146435562,0.14334810162597905,-0.12579822085939035,-0.006144057685118566,0.29972552167985994,0.09600727196795807,-0.023728838473244203,-0.013023443690699013,-0.2688878336710657,-0.3154088677008672,-0.14419264168112297,-0.2743275145932219,-0.18908331211814935,0.4176787963975353,-0.21035447068388224,-0.3598737736771252,-0.3034526627294244
318.5,0.3049476205164875,-0.16047677691079026,0.42235845792029486,0.2032314817703043,-0.3536593734587823,0.534664501760252,0.287399489054846,0.32317060738241027,-0.2543615422568398,-0.12618746343922554,-0.23010136000225212,0.4968774164548126,0.09464944131347387,0.3838151097284591,-0.13824388301412494,-0.32049669845301587,-0.024772957896425654,-0.32024066191628175,0.3905205621794363,0.09938705082085572,0.2862284807019089,-0.19338412286982437,0.5700404954307456,0.36085285026124164,0.29413025204646115,-0.3329310085064499,-0.1264429623508852,-0.3849307287660263,-0.35150997028492803,0.18153875301785377,0.2690808685985685,0.5497763492472932,-0.21304243296196082,-0.2325514512807406,-0.1286739647168128,-0.27771780938312374,-0.30194021138953153,-0.11704850859020097,-0.26331879529399405,0.15877488832059186,-0.1611761090585806,0.3788229344158663,0.19356664623873135,-0.26835216833229447,0.39065126126157407,0.3558020485883594,-0.17424462586042228,-0.26744588026937455,0.14870474865754643,-0.32841559699943823,-0.2913166291883068,-0.28491614760288264,0.32635474306054485,0.14955995010056103,0.19422350591163076,0.29696469468416703,-0.13818686457944965,-0.006133739544471399,-0.33718708889467375,-0.25283792809927375,0.15786279633465475,-0.12748949129508472,0.0021493945259491963,0.2918238186279424,0.0972201946757695,-0.02341812199063533,-0.0010163886341102975,-0.2727537586804652,-0.33489954170479913,-0.15318197834899525,-0.288976866809233,-0.190981228329911,0.4251917024204734,-0.23273004506427686,-0.3710603832664595,-0.30056183100378686
319.5,0.3041871253543831,-0.1560557017613536,0.43348293039442043,0.21431546787235928,-0.3624489947217973,0.5483582426592117,0.301251411502483,0.3185956733915684,-0.2770191552675224,-0.13807611110882695,-0.2260635562033116,0.5090049361247642,0.08620355716387183,0.39133199095059845,-0.14898708372101693,-0.32254122222263104,-0.0251630167786873,-0.3366595468435275,0.3921953299451938,0.10566963046126927,0.28685496794877247,-0.20782974639908072,0.5760112197150911,0.3821944834505473,0.3107383162046603,-0.33658610009220946,-0.13323807115993372,-0.39100236553016965,-0.35514752013314677,0.1907622011560502,0.2719088897805232,0.5597484597811853,-0.2273402783389164,-0.22472636124362083,-0.12908080964951202,-0.2932301933607529,-0.31750748967799397,-0.11387339734720585,-0.278603945411743,0.1712502661668533,-0.15438326292054189,0.39262618470397154,0.19451351400152633,-0.2680867309734103,0.4007229940146507,0.3665042622837922,-0.18791476512983843,-0.2733322434758988,0.13652939750572704,-0.3394612854457929,-0.30322683902910946,-0.30879355061204267,0.31953153553624236,0.15452996255504498,0.1868817540831178,0.3138452622503745,-0.13600480253491276,-0.008633068381287754,-0.34578868620302206,-0.2770626956458824,0.17253594650733944,-0.12781713382009746,0.011060881696796506,0.2835658407206128,0.09884104948330578,-0.022231936809812686,0.011546120245583361,-0.2744746881764245,-0.35092014270785044,-0.16041027156254273,-0.3007774730410203,-0.19122393932942722,0.4321327050035345,-0.2522384720651242,-0.3790843353521537,-0.2957862200879824
320.5,0.30309969580519924,-0.15038334580885557,0.4440918128642613,0.22542340999310184,-0.36829411333387696,0.5613222747676515,0.314943055920629,0.3135954682432861,-0.2964562159877863,-0.148175145799866,-0.2204981140525503,0.5204539329801567,0.07830145383716744,0.3983714089627269,-0.15792347359391673,-0.32230203056984225,-0.024655726299640402,-0.34979263446603587,0.39328531485766394,0.11229103451206139,0.2872272453835275,-0.21995949625592956,0.5809587647580968,0.40332271630054095,0.32719692828796043,-0.3377847723916364,-0.1384583716637331,-0.39415603903394353,-0.3562331163094708,0.20006874676193145,0.2745511024717748,0.5688580948365913,-0.23920508826068673,-0.21556320946189134,-0.12816008364330467,-0.3058132110527171,-0.32997635406891207,-0.10955602688380273,-0.29107188973841575,0.18385717666904208,-0.1464379186495895,0.406059878563459,0.19552325923626265,-0.26592466872590714,0.41033709407367513,0.37684617243861485,-0.1994289475662981,-0.27695689607158336,0.1246818701129695,-0.347554730323394,-0.3123551631987672,-0.3291296693305865,0.31225025232102815,0.1596918272523749,0.17962678695491754,0.33057272713907476,-0.13256381233129627,-0.010254419294040995,-0.3515590405800728,-0.2979812293715142,0.18733530972804552,-0.12682835434648038,0.020552872789577792,0.27498210481004987,0.10086029669037895,-0.020194570816322328,0.024622430964058417,-0.2741615147177477,-0.36358224686646295,-0.16590868033080292,-0.3098204744719673,-0.1898832892225822,0.43847095976335393,-0.2688829706634689,-0.3841197855919841,-0.2892563129350649
321.5,0.3016856246297812,-0.1435285911042328,0.45414772396830844,0.23652753855919872,-0.37136464139503034,0.5735050244532112,0.3284417375726108,0.30818378691143133,-0.31271118185901825,-0.15649491391201106,-0.21349966259989622,0.5311785749920952,0.07097422842602756,0.40490527504157453,-0.16507416922129342,-0.3199235865074291,-0.023273545347771835,-0.3597665009515485,0.3937764744767022,0.11922861687907,0.28734156290412505,-0.22980778670771085,0.5848387182535879,0.4241973069584474,0.3434709281477449,-0.33668073346670857,-0.14213572928337406,-0.39458875066552934,-0.3549342009193159,0.20943350521435927,0.2769973569288885,0.5770566468343342,-0.24868439472488818,-0.20515542427541197,-0.1259629609011242,-0.31555788587697775,-0.33945877507364197,-0.10415043530938772,-0.30080268265968596,0.19656576069429196,-0.1374101780959434,0.4190864263111654,0.19659241198739477,-0.26197893671634115,0.4194602778618227,0.3867957326964702,-0.20881354249212025,-0.27842741459018233,0.1132189430562548,-0.35284133075338053,-0.3188145912743286,-0.3459853725609765,0.30453425861367933,0.1650287916678302,0.172489714091897,0.3471115493357718,-0.12792307161871147,-0.011009353588940523,-0.3546540011622151,-0.31562138755380675,0.20222883815312861,-0.12457407407710823,0.03058826120133885,0.26610543743126397,0.1032672310144594,-0.017332666845190824,0.03817210583262419,-0.271928980476266,-0.3730276731278729,-0.16971893449962194,-0.31621702586307615,-0.18703454750939189,0.4441761446333844,-0.2827005667911935,-0.386352275439816,-0.28109857410927386
322.5,0.29994642547629624,-0.13555966915467052,0.4636131032815912,0.2476000730514309,-0.3718379822231236,0.5848541921579784,0.3417144055458691,0.30237659146281504,-0.3258590518874997,-0.16305930371360536,-0.2051607506657188,0.541132667176044,0.06424921287836625,0.41090592698132256,-0.1704727588120644,-0.3155501561405167,-0.02104161099743674,-0.3667309562883857,0.393656389960667,0.12645945720830032,0.2871950169801066,-0.2374277702662262,0.5876079071578127,0.4447764627947934,0.35952450550761167,-0.33342877699054185,-0.14431009674184464,-0.39249882342865744,-0.35141829862342533,0.2188315856330688,0.27923798535878575,0.5842956461839826,-0.25584465330571093,-0.19359219719700618,-0.1225434145326266,-0.32257692902082064,-0.34608840429593685,-0.09771132160481075,-0.30789758794738586,0.20934625482886723,-0.12736828507695874,0.43166769053030174,0.19771732211424148,-0.25636210555936617,0.4280592867907297,0.39632080595302,-0.21611204414359184,-0.27785773673434433,0.10219473236109355,-0.35547892513124435,-0.32273303973405654,-0.3594621834820199,0.29640964905524086,0.1705238394631652,0.1655011249878275,0.3634254975223413,-0.12214273453459008,-0.010913005986767805,-0.3552373580087623,-0.3300512013806679,0.21718459674940616,-0.12110793538002566,0.04113044854034688,0.25697084236081363,0.10605007721426148,-0.013674825388606832,0.05215587747794773,-0.26789321020001144,-0.37942032317360647,-0.17189152557680995,-0.3200930349910197,-0.1827549686010769,0.4492185947955899,-0.29375716975837723,-0.38597260050957255,-0.27143424683457706
323.5,0.29788486932574837,-0.1265435840888734,0.47245030823349776,0.25861320466868987,-0.36989397454330136,0.5953169111136078,0.3547276227824653,0.2961920143192802,-0.3360046638472034,-0.1679039524299348,-0.19557104221145233,0.5502698003408295,0.05814988786487728,0.4163462343626258,-0.17416342030249568,-0.30932334181228355,-0.017987316107387664,-0.3708518726291932,0.39291441335667265,0.13396041256623797,0.28678558627109585,-0.24288805979508427,0.5892247135319709,0.46501675491774064,0.3753211467450425,-0.3281817503165071,-0.14502809246215767,-0.388081460623774,-0.34584981799938097,0.22823808888911037,0.28126384146151284,0.5905269885087547,-0.26076755195247003,-0.18095818049259563,-0.11795731263022986,-0.3269991398211546,-0.35001426330316965,-0.09029348465528463,-0.3124739383835345,0.2221689435524427,-0.11637827504193474,0.4437650206791005,0.19889417292539582,-0.2491847643386937,0.43610097245755525,0.4053892204873736,-0.22138229530025696,-0.2753652492511595,0.09166023547389728,-0.35563238969491984,-0.3242484580542263,-0.3696938882932034,0.28790520397389296,0.17615972746066627,0.15869089005600442,0.37947759395709824,-0.11528321527974701,-0.009983684238921578,-0.3534761381338657,-0.34137187095012544,0.23217068303979063,-0.1164854144634204,0.0521434011000228,0.24761533965672128,0.10919608327994745,-0.009251237055685079,0.06653558639614902,-0.26216967939569236,-0.3829387101130431,-0.17248396077457848,-0.3215843602664476,-0.1771225590079482,0.4535694502379045,-0.3021423764368287,-0.3831717747013845,-0.2603785318178512
324.5,0.2955050165075016,-0.11654566599664173,0.48062172624877775,0.2695390809780416,-0.36571081274702605,0.6048399288400608,0.3674475547643801,0.28965034465416667,-0.3432759808918867,-0.17107441540109158,-0.18481673172152774,0.5585435198941902,0.052695847457321886,0.4211997142766686,-0.17619905389683244,-0.3013802004188958,-0.014139914406762618,-0.37230480572799696,0.39154181821091827,0.14170816092160346,0.28611216525344807,-0.24626951000301048,0.5896494164710961,0.4848730490525865,0.39082359226758584,-0.3210882115082797,-0.1443416455745693,-0.38152538635408095,-0.33838762973485836,0.23762810530565312,0.2830663406192182,0.5957031847151667,-0.2635464602588245,-0.16733334076172302,-0.11226162707327539,-0.32896427046765625,-0.3513950772366746,-0.0819513584011873,-0.3146603695090773,0.2350041118144559,-0.10450373436713674,0.4553393014085307,0.20011899502437308,-0.24055428751141225,0.44355239408033054,0.41396883689420927,-0.22469373132066922,-0.2710683290043198,0.08166292188097082,-0.35346907982131065,-0.3235045314176049,-0.3768383217761103,0.27905231721172996,0.1819190195296402,0.15208796800546592,0.39523007038565633,-0.107404591510782,-0.008242475139403842,-0.34953675882641455,-0.3497106270199032,0.2471551493389097,-0.11076304541202145,0.06359168232497948,0.23807777641022732,0.11269161037487765,-0.00409334759619157,0.08127410368171799,-0.2548715960998681,-0.3837694202465469,-0.17155912571180762,-0.3208325894554125,-0.17021504862989542,0.45720081613749314,-0.30796430313343376,-0.378137068171008,-0.24804008471230748
325.5,0.2928122436012723,-0.10562923999571298,0.4880899025784558,0.2803497931906549,-0.3594618938687251,0.6133698117977805,0.37983996752800087,0.28277399647924273,-0.3478177175626034,-0.17262436412934948,-0.17298014870974715,0.5659075151688246,0.047902812266391086,0.42544065759143024,-0.1766394885528808,-0.2918518796680289,-0.009530156932070362,-0.37126955299230996,0.3895319524682592,0.149679237158099,0.2851745954614553,-0.2476621759548257,0.5888445615919419,0.5042984541717412,0.40599380526833057,-0.3122907041767651,-0.14230673642850017,-0.37301044589767657,-0.329183330872262,0.24697671274079172,0.2846375005447389,0.5997776347055671,-0.26428313877303566,-0.15279293796611002,-0.10551375524323832,-0.32861849690246214,-0.35039438609056056,-0.07273863648624487,-0.3145925672391745,0.24782199898309018,-0.09180565319466663,0.4663510151606012,0.20138768026085535,-0.23057392531487414,0.4503809285783039,0.4220276261943054,-0.22612474546865285,-0.2650843319944489,0.07224638000728688,-0.34915512881861355,-0.3206470403088363,-0.38106974707426156,0.2698848939424957,0.1877841176403911,0.14572022218099562,0.4106443358042651,-0.09856612002607103,-0.0057128638657965546,-0.34358200668060374,-0.3552138648161855,0.26210592830206003,-0.10399775553023602,0.07544046442516086,0.22839860993893796,0.11652221891189782,0.0017664429540789367,0.09633524214330715,-0.24610866063757314,-0.38210162712854345,-0.16918378826544775,-0.3179814591335054,-0.16210905549754925,0.46008593620094074,-0.31134468388455894,-0.3710490359992856,-0.23452077233008534
326.5,0.2898132645157644,-0.09385539626607559,0.49481768425899403,0.291017366679299,-0.3513135004656312,0.6208531736010832,0.39187023561873235,0.2755874571829615,-0.349785555535681,-0.17261386726484895,-0.1601395211807887,0.5723158297754418,0.043782687634725884,0.42904426585836275,-0.17554980795229774,-0.28086269759823507,-0.0041899623081656364,-0.367925694067215,0.3868803924548185,0.15785006237699453,0.28397369390644756,-0.24716253351887868,0.5867753597374874,0.5232442903480539,0.4207929526828078,-0.30192456620369246,-0.138982252579483,-0.36270602228705057,-0.31838009279730956,0.2562589757095856,0.2859699821702208,0.6027049257350476,-0.2630847889922231,-0.1374076029387105,-0.09777095113499286,-0.3261105676086543,-0.34717648505085075,-0.06270797857954569,-0.3124096066447711,0.26059275510563035,-0.0783423566989377,0.4767603196285858,0.20269599568967167,-0.21934217366386372,0.45655439370064493,0.42953375945464856,-0.22576025102950714,-0.2575280045538492,0.06345002630500315,-0.34285256405099684,-0.3158208847159231,-0.3825721072841395,0.26043921727901653,0.19373729038657364,0.1396142483074292,0.4256809569330697,-0.08882585536326337,-0.0024203722667596366,-0.3357687716228679,-0.35804084905471506,0.27699076266878675,-0.09624630838991469,0.08765552208794075,0.2186196648535041,0.12067275018400092,0.00829504647740989,0.1116836585689783,-0.23598615975004916,-0.37812267659545695,-0.16542726399055793,-0.3131739233690136,-0.15287942857610312,0.46219937906631436,-0.3124144068865951,-0.36207941833887586,-0.21991563328420743
327.5,0.286516145037723,-0.08128284664004384,0.5007683806357507,0.30151375531158875,-0.3414232064446687,0.6272369273040882,0.40350336059823827,0.2681172154244543,-0.3493411027760091,-0.17110779524365016,-0.14636886986849326,0.5777230935224613,0.040343662589841386,0.43198679883534685,-0.17299882790127794,-0.2685295900465262,0.0018478779031891046,-0.3624490860827389,0.3835850964981812,0.1661969672636677,0.2825112782501069,-0.24487101563468744,0.5834101166425951,0.5416600772315195,0.4351813991342917,-0.2901171849265255,-0.13442897219507857,-0.3507701213099351,-0.30611198954511065,0.26544994617891043,0.28705713052049925,0.6044411566489255,-0.260061489412746,-0.12124349022636634,-0.08908985966913366,-0.32158864482596444,-0.34190318210838677,-0.0519107899182352,-0.30825090702651897,0.2732864003751791,-0.06416950097846547,0.486527140597104,0.20403959743320735,-0.20695237934982452,0.462041184595651,0.4364557092300071,-0.22368949101298735,-0.24851027757294936,0.055308880538321156,-0.3347171642417921,-0.30916774202828806,-0.381533297864511,0.25075378306921686,0.19976069930800563,0.13379521581842982,0.44029965218247186,-0.0782403608354735,0.0016077795751449884,-0.326246442764958,-0.3583581817905085,0.29177713993371196,-0.08756484833144619,0.10020321103498278,0.2087838661006342,0.12512740321838525,0.015458918695060562,0.12728474953076443,-0.22460434818188593,-0.37201468833974227,-0.16036025308146457,-0.3065498423341039,-0.14259875038253844,0.46351723776456455,-0.31130959621835885,-0.35138977683757017,-0.20431299550855705
328.5,0.28293031014393377,-0.06796785414315305,0.5059059408725795,0.31181084023446476,-0.32993888563264145,0.6324685624448511,0.41470400070699964,0.26039166759135285,-0.34664766548965453,-0.16817437645206137,-0.13173800779755057,0.5820847766118168,0.03759034458426121,0.434245732569842,-0.16905774459224743,-0.25496185483040024,0.0085499585551445,-0.3550092356757788,0.37964655650405293,0.1746962102953577,0.28079018829040187,-0.24088989108331868,0.5787206952736811,0.5594935444697191,0.44911871464942665,-0.27698761443694686,-0.1287086798871157,-0.33734898475804564,-0.2925037089033904,0.2745246666404943,0.28789301528079936,0.6049442895255577,-0.25532403334793674,-0.10436248679487095,-0.07952614615767596,-0.31519781015382975,-0.3347313169135334,-0.04039706544379526,-0.3022537883901145,0.2858727886157867,-0.04934012125604177,0.49561128067538346,0.20541404437797808,-0.19349253854492307,0.4668104241732617,0.4427623631134402,-0.22000412400856187,-0.23813739727761235,0.047853409235041396,-0.324896962013386,-0.3008243020815324,-0.3781405025467667,0.2408691028852204,0.2058364233436743,0.1282867246879562,0.454459299959872,-0.06686450118185647,0.006342985382468187,-0.3151558638060098,-0.35633512871370043,0.30643223275529446,-0.07800853840102456,0.11305043394070705,0.19893495074339568,0.12986980655925065,0.02322425784492707,0.14310454278608806,-0.2120580710382752,-0.3639520727054807,-0.1540538502293079,-0.298244236371895,-0.13133697988727588,0.46401734214699,-0.3081682894900347,-0.3391307309913078,-0.18779471024380975
329.5,0.27906654340185505,-0.05396422302602246,0.5101951488732751,0.32188043365906743,-0.3169982061056485,0.636496447789179,0.42543651227682294,0.252441002298717,-0.34186683538129564,-0.16388392120941508,-0.11631262276690943,0.585357466890453,0.03552392459953062,0.43579992788219074,-0.16379896245054287,-0.24026112834361216,0.015882485569069845,-0.34576744075976745,0.3750679455516503,0.18332399156280124,0.27881430332952517,-0.23532149017382026,0.57268301234932,0.5766906653357677,0.4625636969360506,-0.262646477852742,-0.12188341438977195,-0.32257710637425874,-0.2776705588825593,0.2834581760383884,0.28847247076596716,0.6041745304776196,-0.2489821610649431,-0.08682246056428378,-0.06913421179947829,-0.307078177931078,-0.3258109575206932,-0.028215290076053785,-0.2945515864725766,0.29832157559328165,-0.033904721612633595,0.5039725444448535,0.2068148116397443,-0.17904525028983187,0.47083212757953036,0.4484231496450379,-0.21479659605282242,-0.22651034346812313,0.04110943728197864,-0.31353128855788726,-0.29092100836809476,-0.3725765559397165,0.2308274759171706,0.21194648180215575,0.12311067935458708,0.4681179620574527,-0.05475130604587218,0.011755536307331426,-0.3026287461543533,-0.3521398216395558,0.32092284583336894,-0.06763128266771029,0.12616459599715263,0.18911716190664368,0.13488308482515973,0.03155717169980996,0.15910958604309192,-0.1984365828445409,-0.3540998366354099,-0.14657872206340367,-0.2883860367610941,-0.11916121609559789,0.46367948404048054,-0.30312771661456783,-0.3254416666732753,-0.1704364690259526
330.5,0.2749369778173641,-0.03932333812006591,0.513601836029651,0.33169428826622593,-0.302728503189607,0.6392701610395375,0.4356650034631334,0.2442970628089299,-0.3351558464990278,-0.15830772000041896,-0.10015442348738852,0.5874991711618193,0.034142366946396524,0.43662980898299886,-0.15729510154852133,-0.2245215385640112,0.023811467185931745,-0.3348755826499422,0.3698552593040244,0.19205646296404,0.27658855496423457,-0.22826676495019446,0.5652775701193061,0.5931957145845649,0.47547440896021226,-0.24719608683340577,-0.11401484315097037,-0.30657754286271655,-0.26171869417378313,0.29222551909470595,0.28879113496460607,0.6020947416378049,-0.24114316221990933,-0.06867753581332071,-0.05796698558553661,-0.2973635433255052,-0.3152841784972105,-0.015412387087349391,-0.2852722662938824,0.31060219288323376,-0.017911397002465364,0.5115708805111261,0.20823730376986563,-0.1636877911272147,0.474077381045519,0.453408176804987,-0.20815879365796097,-0.21372448697394847,0.03509812571941386,-0.3007502591939909,-0.2795812288125254,-0.3650172430176434,0.2206727312213656,0.21807285620128442,0.11828718096764734,0.48123292284933106,-0.04195189405825261,0.01781487508715031,-0.28878744475744333,-0.34593629766673506,0.3352153700297064,-0.05648552343669858,0.1395135522031375,0.1793749289144912,0.14014991997961498,0.040423814888927816,0.1752668346143305,-0.1838235233420067,-0.3426125448459427,-0.13800444202330878,-0.2770972587078774,-0.10613556346881928,0.4624856547283307,-0.2963221513993826,-0.31045080327748925,-0.15230817662458818
331.5,0.270555077530413,-0.024094243684091264,0.516093112219722,0.341224112796064,-0.2872469374095056,0.6407408471758415,0.4453534008787165,0.2359931876433552,-0.32666562507283065,-0.15151711446026636,-0.08332133320932474,0.5884696417168891,0.033440618047549234,0.4367175518316584,-0.14961817788019055,-0.20782998722368098,0.032302873569525783,-0.3224754489232018,0.3640174487252496,0.20086973551219364,0.2741189348825476,-0.21982415968180846,0.556490023726935,0.6089513514136445,0.48780823254498024,-0.2307307208161084,-0.1051637558083945,-0.2894624309795408,-0.24474549972180917,0.30080175954554345,0.2888454873311138,0.5986708864995167,-0.23191081376268294,-0.049978385205958945,-0.04607578300823699,-0.28618048525687123,-0.3032843210892163,-0.0020337071211942947,-0.274537465838828,0.32268382798910233,-0.0014059797230390196,0.5183665409643137,0.20967686767612742,-0.1474922817969045,0.47651853531842886,0.4576883832904778,-0.2001809623938698,-0.19986944123696274,0.029836012059082217,-0.2866746062580564,-0.2669207803345107,-0.3556294157186498,0.21044994254815919,0.22419751134732238,0.11383443879095334,0.49376074503666845,-0.028515447972438962,0.024489820508551738,-0.2737450121132942,-0.3378822978539547,0.34927574448008947,-0.04462210387283574,0.15306554824852314,0.1697525381668888,0.14565260735822266,0.04979049874157601,0.19154353927714327,-0.1682970149193535,-0.3296338063900774,-0.12839896931015662,-0.26449252267660517,-0.09232108172327255,0.4604202941146641,-0.28788128540736907,-0.29427552263345114,-0.13347435856466644
332.5,0.26593560984973885,-0.008323753261824083,0.5176376154595528,0.3504415944000167,-0.2706608583802039,0.6408616075498702,0.45446552965503145,0.22756403013527873,-0.31653943945550844,-0.14358273361596513,-0.06586771742372112,0.5882307294799285,0.03341082863328447,0.43604728169976725,-0.1408389450446686,-0.19026652229691557,0.04132276689295995,-0.3086984752422401,0.357566541362877,0.2097398844762078,0.27141249724310135,-0.210088760159414,0.5463117833746466,0.623898728140554,0.49952193868246175,-0.2133370185429643,-0.09538966647750846,-0.2713336394387381,-0.22684008046748066,0.3091619977663779,0.2886328849718901,0.5938725108679421,-0.22138461271018284,-0.030772530455863468,-0.033510222275897415,-0.2736478445169549,-0.28993564070181044,0.011876948922719555,-0.2624618997745733,0.33453541136225123,0.015567796173006274,0.5243202587705731,0.2111288052679007,-0.13052592158376825,0.4781294137916203,0.4612357027376663,-0.1909508682719974,-0.18502906747576806,0.025335107975589626,-0.2714157767086974,-0.25304773643839945,-0.3445697950775757,0.20020511879719338,0.2303024160315275,0.10976870123646335,0.5056573425628583,-0.014489232200057956,0.03174876263721915,-0.25760545805105084,-0.3281277274384268,0.36306942747152504,-0.0320901869227737,0.16678915667920963,0.16029379973291955,0.15137310653788466,0.059623776022597365,0.2079071354993418,-0.15192985167109527,-0.3152961682092267,-0.11782825675153477,-0.25067885494250985,-0.07777580424029418,0.45747055066349374,-0.2779290609175324,-0.2770228799339098,-0.11399458675662275
333.5,0.2610946071957846,0.007943416672034655,0.518205780589893,0.35931842831234834,-0.2530683100798064,0.6395879223328904,0.4629652074917451,0.21904535813812237,-0.3049120522124765,-0.1345738836841653,-0.04784463479617444,0.5867467652885632,0.03404258407373205,0.43460527917728403,-0.13102638281879359,-0.17190476966620863,0.05083740426043959,-0.2936658067217183,0.35051774817949755,0.21864295305067022,0.2684773552436617,-0.19915168664739577,0.5347406489498472,0.6379776249694624,0.5105717751861127,-0.1950944437462634,-0.08475051361250308,-0.25228350022536794,-0.2080838170845713,0.3172813932416565,0.28815159688596165,0.5876732615420162,-0.20965926121135556,-0.011104645605735304,-0.020318189329961392,-0.25987650241882687,-0.2753532558687172,0.0262772791956562,-0.24915305607476107,0.34612561094058114,0.03296811787369908,0.5293934436253978,0.2125883858514626,-0.11285127028784266,0.4788855353515228,0.46402324101403114,-0.1805531750802866,-0.16928159808366966,0.02160304803457665,-0.2550762240906365,-0.23806245464851625,-0.33198432852991255,0.18998487384843343,0.23636956366557665,0.10610420658592927,0.5168780713322009,8.135496114625709e-05,0.03955982981715552,-0.2404641551717568,-0.3168136719477861,0.3765613768554657,-0.018937221992524643,0.1806532098624642,0.1510417149116598,0.1572930872519122,0.06989050299244828,0.2243251350550663,-0.13478975503212806,-0.2997213125888815,-0.1063559717166365,-0.235755705479673,-0.06255481118585471,0.4536265508464011,-0.2665828948281747,-0.25879023293906533,-0.09392391086164206
334.5,0.25604931861517166,0.024664495327917285,0.5177701273143082,0.36782635538116043,-0.2345586262579557,0.6368781093929696,0.47081635318833726,0.21047383562137031,-0.2919092792211297,-0.12455807708061964,-0.02930010268498065,0.5839849710130871,0.03532313797482182,0.43238019368521813,-0.12024731646068924,-0.15281239963832896,0.06081331593630379,-0.2774885939722326,0.3428895526838428,0.2275549552224688,0.26532267153289046,-0.1870996946109114,0.5217814727314565,0.6511266109940277,0.5209135722888554,-0.17607579511659902,-0.07330244580262946,-0.2323955775124702,-0.18855095687460982,0.32513519229530546,0.28740083591311655,0.5800514444998676,-0.1968243621712162,0.008983141558890856,-0.006545843675763875,-0.24496939306936735,-0.25964332409047,0.04112640773599648,-0.23471112429066454,0.357422834796062,0.05075490853867422,0.533548396844792,0.21405085831157752,-0.09452656170872495,0.47876435183841276,0.46602546665924455,-0.1690690091706732,-0.1526998482526383,0.01864328228468222,-0.23774983678181769,-0.2220577692593478,-0.31800798167377453,0.17983608027363865,0.2423809932125566,0.10285315311518677,0.5273778383173184,0.015152701188980067,0.047891028857769434,-0.22240834148174002,-0.30407186532046077,0.38971604074856614,-0.005208951585411923,0.1946267311246493,0.1420381501774945,0.16339397056507898,0.08055788121920258,0.24076502095457292,-0.11693967553716596,-0.2830204720742874,-0.0940433143407912,-0.21981512970513511,-0.04671034533945564,0.4488816764225258,-0.2539532259188668,-0.23966594001536778,-0.07331328638327617
335.5,0.2508181506778462,0.0417984934930946,0.5163055678141664,0.3759372079465085,-0.21521307642135223,0.6326938230829108,0.47798311015123957,0.20188678834851403,-0.27764786849647577,-0.11360068494358093,-0.01027937049654206,0.5799159021899214,0.037237644687350566,0.42936326324165625,-0.10856615006890011,-0.1330516097308165,0.07121736137094431,-0.26026845367630697,0.33470377897872733,0.23645187847851018,0.2619586421446717,-0.17401494853294014,0.5074468431732096,0.6632832313357899,0.5305028667390582,-0.15634773778401923,-0.061099681979506236,-0.21174544364155312,-0.16830921682330682,0.3326987614808843,0.286380788010001,0.5709906236927219,-0.1829642864754064,0.02945095314037007,0.007762342141096205,-0.22902169143596182,-0.24290338181810892,0.05638479347668992,-0.21922910164306114,0.3683952424364739,0.06888963722393313,0.5367485458968624,0.215511463133737,-0.07560603596991683,0.47774549984934084,0.4672184144756243,-0.15657568337415725,-0.13535149094338775,0.01645530501741446,-0.21952245590103817,-0.20511930372939996,-0.3027648581055247,0.16980551200891558,0.24831881071689804,0.10002568799410934,0.5371112295864442,0.030682877930114576,0.05671036012789017,-0.20351768215178181,-0.2900245139699086,0.40249735928805724,0.009050549092987283,0.20867886529895358,0.13332352288653856,0.1696569656292686,0.09159348151685952,0.2571941465391253,-0.09843812436909666,-0.26529499164894216,-0.0809489180718089,-0.20294208919596643,-0.030291960439165815,0.44323284737116,-0.24014332218918036,-0.21973008975224154,-0.05220999318139672
336.5,0.2454205976836354,0.05930603079384318,0.5137897339932389,0.38362296454725675,-0.1951055327361946,0.6270005967113075,0.48442998532484527,0.19332195632633176,-0.2622356220541981,-0.10176469713436831,0.009174804301012657,0.5745139237873531,0.03976938693039961,0.42554853895970207,-0.09604469761650639,-0.11267960999348006,0.08201676552161892,-0.24209803740973754,0.32598563516848555,0.2453096869695627,0.2583964736960887,-0.1599749366705999,0.49175777964462225,0.6743842201852692,0.5392950449313776,-0.13597133937470002,-0.04819443504584053,-0.19040144069837778,-0.14742038223275675,0.3399476269969359,0.2850926385224638,0.5604802604389506,-0.16815817668294777,0.05026087199498609,0.02256351577140293,-0.2121211287190797,-0.22522279737149065,0.07201412541818887,-0.20279303110015134,0.37901076529876465,0.0873351267260493,0.5389586992101078,0.21696544432052364,-0.05614028093000164,0.4758110664115646,0.4675799021884684,-0.14314655317753863,-0.11729937502461829,0.015034911806923424,-0.2004724464441811,-0.1873258654718048,-0.28636855719307774,0.1599394815849943,0.2541652117471981,0.09762991401229554,0.546032657782039,0.04663152112990421,0.06598590947678776,-0.1838648613210689,-0.27478439196192866,0.41486877816380624,0.02379880574654426,0.22277880980734835,0.12493650395040193,0.1760631023303127,0.10296525229303699,0.2735796395430616,-0.07933952191715885,-0.24663698282110919,-0.06712881867030666,-0.18521483471351233,-0.013346693542045273,0.43668080772435636,-0.2252492915068655,-0.19905523498033056,-0.030658040237070944
337.5,0.2398771612629224,0.07714915763528116,0.5102033241660736,0.39085581386982765,-0.17430313630916044,0.6197684325375767,0.4901220039834878,0.18481723610625778,-0.24577169572148544,-0.08911057408445441,0.029021881354056,0.5677577203612888,0.04289999533155186,0.4209331123667308,-0.08274209619380868,-0.09174910102808605,0.09317913785681278,-0.22306166481688403,0.3167637285705067,0.2541043257194398,0.2546483536574407,-0.14505249804875295,0.4747444242191959,0.684365739409443,0.5472455055672844,-0.1150025985693125,-0.034636888726340936,-0.16842541333510846,-0.1259408894544249,0.3468575204611763,0.28353859506816337,0.5485163918472385,-0.15248005651918697,0.07137666121883343,0.03781635653598911,-0.19434839544887333,-0.20668329607029273,0.08797720737161692,-0.1854823334532143,0.38923713695381856,0.10605536147206167,0.5401453219332801,0.21840806126449303,-0.03617657536932077,0.47294586780333764,0.46708975996339824,-0.12885098056618743,-0.09860187056830753,0.014374477055371985,-0.18067129394841536,-0.16874989340207666,-0.2689226959069195,0.15028347783707258,0.2599025050329106,0.09567191294770828,0.554096529565155,0.06295969914118985,0.07568591901764254,-0.16351618237383508,-0.2584551351052643,0.42679327465181804,0.038994857211827785,0.2368957473068058,0.11691374231578788,0.1825932602190347,0.11464151446709232,0.28988831188632264,-0.059694553606318514,-0.22713002720731676,-0.052636479168567965,-0.16670534230082912,0.004080745576322058,0.42923041087931574,-0.20936024636239944,-0.17770711212277948,-0.008698554145324321
338.5,0.23420925962716138,0.095291174452419,0.5055304686484741,0.3976082282995227,-0.1528669478326943,0.6109724428938313,0.49502488078551093,0.17641041639563698,-0.2283470233116503,-0.0756961757892184,0.04922326657260696,0.5596308413105677,0.04660965728443761,0.4155173432418242,-0.06871478726261511,-0.07030873798256791,0.10467247632999621,-0.2032359878408474,0.30707004922065156,0.2628117264414588,0.250727413550624,-0.12931593653400583,0.45644671250135505,0.6931636424029243,0.5543098423759085,-0.09349295786361973,-0.020475218404678225,-0.14587340395480225,-0.10392238524103962,0.3534044313459079,0.28172190666972075,0.5351023445375095,-0.1359990200016393,0.09276349306399548,0.05348096990950826,-0.1757776008122935,-0.1873595260968655,0.10423783515245574,-0.16737020267140051,0.39904193350741873,0.125015297090404,0.5402768333125895,0.21983460062914856,-0.01575922863307875,0.4691377404671682,0.4657300724056815,-0.11375438364968035,-0.07931322887417921,0.01446324460476429,-0.16018420624971808,-0.14945793522656872,-0.25052153595372595,0.14088181019301332,0.2655131375812253,0.09415578415550178,0.561257433527685,0.07962977136916455,0.08577883885676377,-0.14253216122463858,-0.24113167441458289,0.43823339678826095,0.05459915091803926,0.2509987808387269,0.10928961558527953,0.1892281941258615,0.1265909449964853,0.3060865759509467,-0.03955052575336576,-0.20684989808665,-0.03752285975351758,-0.147479779726103,0.021947773630239954,0.42089090023605086,-0.19255858129167022,-0.1557453331679058,0.013629849940730493
339.5,0.22843912687999762,0.11369645037683018,0.49975911322781713,0.40385304740500744,-0.13085257267326525,0.6005935453779231,0.49910520744326803,0.168138910702068,-0.21004482221215434,-0.061576754504878484,0.06974204721153585,0.5501222809970583,0.05087731310290851,0.4093050852010065,-0.05401655320845948,-0.04840357624446307,0.1164651584602883,-0.18269066151880342,0.29693991834356936,0.2714078154986789,0.2466476850148934,-0.11282920066700888,0.43691500093158864,0.7007137630090905,0.5604440474189281,-0.0714897952503056,-0.0057556477286408395,-0.12279630546190257,-0.08141225828640779,0.3595646663445249,0.27964687875745936,0.5202494771174577,-0.11877947841599068,0.1143876876436853,0.06951876906337541,-0.1564767637587653,-0.16731964135810568,0.12076066864758872,-0.14852404030310734,0.4083926246854618,0.14418067292156747,0.5393239263434604,0.22124038829359818,0.005070086985759505,0.46437784255828596,0.4634854324506904,-0.09791835306611862,-0.05948394781348728,0.01528762454110813,-0.13907070579602632,-0.129511137078943,-0.2312506707937429,0.13177726562455302,0.2709797215335211,0.09308369679153136,0.5674703491093833,0.09660524061555037,0.09623336184430616,-0.12096810202118122,-0.22290076119473565,0.4491513163249456,0.07057342553551187,0.2650568723553208,0.10209601046695879,0.1959485568856371,0.13878255090238534,0.3221403680859961,-0.0189517162640907,-0.18586527725370994,-0.021836523010130532,-0.12759898604373673,0.04021372614059811,0.4116761802145974,-0.17492032896929235,-0.13322404242631608,0.036290715272592484
340.5,0.22258970299633374,0.13233024296464496,0.4928814188493189,0.40956357160516044,-0.10831075439015196,0.5886192138421922,0.502330657356561,0.1600394909258846,-0.19094114688638258,-0.046804999137745065,0.09054273414280858,0.539227092177191,0.055680837998693875,0.402303905776502,-0.03869859803051989,-0.026075496420127343,0.12852592152223077,-0.16148900397528107,0.286411898767623,0.27986852451713,0.24242404874568496,-0.09565211143135882,0.4162106234285717,0.7069522296195443,0.5656047355890593,-0.04903689179692676,0.00947746618096337,-0.09924046976751488,-0.05845414079425809,0.3653149158916811,0.2773188836463982,0.5039779414095297,-0.10088144736823876,0.1362164614816082,0.08589234687866704,-0.13650831740629454,-0.14662588406046692,0.13751110078709794,-0.1290059102576344,0.4172566360640773,0.16351782843094528,0.5372599102576538,0.22262080139477364,0.02627201357658787,0.45866096417870833,0.4603432062682472,-0.08140081900644051,-0.03916113556882023,0.016831490003655823,-0.11738520265558965,-0.10896573273905474,-0.21118773845457825,0.123010784121354,0.27628506300836553,0.09245595396621946,0.5726908771468301,0.11385060159052059,0.1070184433739277,-0.0988746484603657,-0.2038415464994175,0.45950889602495265,0.0868805841637459,0.279038785442996,0.09536213597907853,0.2027349196240093,0.15118563555534925,0.338015080086436,0.0020602833976478226,-0.1642384515639827,-0.00562376637464325,-0.1071189515958239,0.05883964638359144,0.40160507184336663,-0.1565155677387879,-0.1101925338831741,0.0592494080802468
341.5,0.21668451523825297,0.15115852027336285,0.4848941750397838,0.4147136662166811,-0.08528793358880345,0.5750442849991444,0.5046702075294776,0.15214802589265503,-0.17110546483521705,-0.03143112080403913,0.11159101210826487,0.5269470293975795,0.060997208903377974,0.39452529718339735,-0.02280966257601679,-0.0033636075606458663,0.14082383368756513,-0.13968863387521213,0.27552766472175955,0.2881698041366588,0.23807217640604886,-0.07784062341182918,0.39440634587971346,0.7118158050717454,0.5697493909770116,-0.02617487382940713,0.025181525117220344,-0.07524827236038854,-0.03508837957106721,0.37063232802229784,0.2747443661188166,0.4863174482237058,-0.08236085970031781,0.1582176857671991,0.10256534130964852,-0.1159296131948161,-0.12533515482850727,0.15445512512366558,-0.10887299998443223,0.42560142288570296,0.1829935242698833,0.5340610762674994,0.22397128050605136,0.04780919613343636,0.4519858437400198,0.456293807951979,-0.06425625537820648,-0.018388867856143503,0.0190764686131184,-0.0951775419848779,-0.08787352340249223,-0.19040313537973588,0.11462115815507126,0.28141219315856814,0.09227106704271457,0.5768754926766968,0.1313311876163238,0.11810330817717037,-0.07629830680544375,-0.18402618667987397,0.46926777181875734,0.10348456085158209,0.2929130330113007,0.08911437150535542,0.20956779006657777,0.16376975883604766,0.35367549940665366,0.023446237250407165,-0.14202597904963454,0.011071225058247805,-0.08609128945929644,0.07778807370325606,0.39070154626148423,-0.13740885928658048,-0.08669582762795677,0.08247279901852986
342.5,0.210747551962079,0.17014778632377475,0.4757992235678909,0.41927787603616684,-0.061826771137965565,0.5598718177335328,0.5060943780307,0.14449922878408114,-0.1506012362676165,-0.015502970508159917,0.13285349836572705,0.5132912166617818,0.06680265559880297,0.38598487341788046,-0.006396166149018038,0.019695371363581817,0.15332825780761247,-0.11734207792742421,0.26433182907159114,0.2962876413571254,0.23360846567875723,-0.059447107667418085,0.37158668330503014,0.7152422535160612,0.5728366358884575,-0.002941629639937286,0.041315564993880255,-0.05085863469533993,-0.01135247730866384,0.3754945896979243,0.27193084369819087,0.4673080187400104,-0.06326989318397105,0.18035965406622703,0.11950229644276726,-0.0947934152085645,-0.10349956228900029,0.1715592034523258,-0.08817807789360069,0.4333945558844149,0.20257476858629425,0.5297070867151327,0.2252873419614882,0.06964598301480661,0.44435548719409307,0.45133098233562824,-0.04653591007288536,0.0027914646894473543,0.02200222397257757,-0.07249352247690863,-0.06628234194109771,-0.1689607140252557,0.10664476101339508,0.2863444016383799,0.09252583827834848,0.579981820829764,0.14901301720181137,0.12945744596541497,-0.05328193882369905,-0.1635204542072206,0.478389450298894,0.12035018280381952,0.3066478306871303,0.08337615092847397,0.21642762933695553,0.17650469266010047,0.36908575887454154,0.0451689461531047,-0.11927931863264658,0.028206211039049973,-0.06456369225309465,0.09702283325108392,0.3789949286331544,-0.11765970023132692,-0.06277520572602854,0.10592896047083378
343.5,0.20480312992553076,0.18926491077071847,0.4656038876183076,0.4232315505241363,-0.03796663630495678,0.5431139985424559,0.5065754892224006,0.1371264172858298,-0.12948648415347364,0.0009338187317643881,0.1542975098869807,0.49827683081956675,0.07307279600515601,0.37670254877548526,0.01049763228348673,0.043066751042685716,0.166008809405689,-0.0944973443298113,0.2528717268396682,0.3041980809112212,0.2290499687145949,-0.04052064719533568,0.34784804198123587,0.7171707363543094,0.5748265234441763,0.02062729846985383,0.05784011829299679,-0.026107507078913773,0.012718494492868538,0.3798800156849619,0.2688869012490607,0.44700069730181624,-0.0436573044814393,0.2026108591946067,0.13666852123795836,-0.07314837823678941,-0.08116694711544326,0.18879013468642555,-0.06696993994261295,0.4406038195132666,0.2222286490865665,0.5241813873861731,0.22656459033530268,0.09174813855321286,0.43577748604790634,0.4454520937459721,-0.028288052450578784,0.024340821041361146,0.02558672354418723,-0.04937538435759067,-0.0442364978750314,-0.14691845276757404,0.09911530815174202,0.2910652726541429,0.09321544999569979,0.5819689367352268,0.16686264187732008,0.1410505976560789,-0.029865224442490797,-0.14238433897013358,0.486835421972396,0.13744303022678556,0.3202110566229,0.07816788319127121,0.22329486773838175,0.18936037323248361,0.38420929668396164,0.06719294205820917,-0.09604542056162672,0.04574071861963062,-0.04258037048411868,0.1165088287008527,0.36652006420536465,-0.09732297558788536,-0.03846870919602251,0.12958687854927178
344.5,0.19887575637141047,0.20847696346662348,0.4543214003199688,0.4265509796167247,-0.01374406136195282,0.5247930818294488,0.5060879369092185,0.1300612900142349,-0.10781434563138884,0.017835671712053965,0.17589083909269837,0.4819297886696249,0.0797827557911481,0.3667026923372844,0.027829458920863016,0.0667175312897728,0.17883531029669913,-0.07119846046874248,0.2411971547743028,0.31187725106959446,0.22441431433848197,-0.021107337952047868,0.3232986480712723,0.7175422402604796,0.5756808548250187,0.044498345442640176,0.07471706741675825,-0.0010283152973700727,0.03709150901433815,0.3837676450012883,0.2656221795284489,0.4254581959635465,-0.023568763066803517,0.22493977899264675,0.1540299475760854,-0.05103950557643143,-0.05838137792641672,0.20611492603637935,-0.0452938407328264,0.44719732294091896,0.241922171309555,0.5174716421691141,0.2277987310674444,0.11408256765268379,0.4262643291516749,0.43865841789583104,-0.009558231030230522,0.0462221873558873,0.029806490027666423,-0.02586226695069794,-0.021777201018695704,-0.12432909116541077,0.09206365485367557,0.2955587237276608,0.09433355854824428,0.5827976905156935,0.18484699644377933,0.15285273380400366,-0.0060850949836632594,-0.12067263002768125,0.49456729067908006,0.15472929542729724,0.33357021841157464,0.07350690879136157,0.23014991998576764,0.20230685128312415,0.3990088274525297,0.08948419521465546,-0.07236727693848186,0.06363585829917855,-0.020182470328520212,0.13621183908008,0.35331743761002204,-0.0764494055076391,-0.013811598585230322,0.15341617858687392
345.5,0.19298998728762834,0.22775105451126518,0.44197132482954943,0.42921354009723656,0.010806835099541768,0.5049423480332662,0.5046084854124175,0.12333372241971788,-0.08563359908387354,0.035160898096889874,0.19760153804026181,0.4642854218596238,0.08690727274514329,0.356014252502746,0.045558840521618606,0.09061607893177695,0.19177773915182952,-0.04748597489882201,0.2293600677902517,0.3193013942559946,0.2197196244747884,-0.0012505901650425011,0.29805822583070773,0.7163000414991771,0.5753635223326545,0.06863957627397524,0.09190949195618138,0.0243476255087717,0.06173522178534816,0.3871373448964107,0.2621473573485423,0.4027554358505328,-0.003047180553504094,0.24731467079310415,0.17155298895998006,-0.02850858442863115,-0.03518361810992345,0.2235006674104461,-0.023191906325099664,0.45314362415878956,0.26162210355743826,0.5095701884762092,0.22898558321421106,0.1366170519747009,0.41583370224204685,0.4309554334102338,0.009610464049190668,0.06840026802728733,0.03463683413389625,-0.001990636877664908,0.0010570369380817383,-0.1012407269583839,0.08551763254200309,0.2998090472697486,0.09587239139860446,0.5824310586452742,0.202933252605456,0.16483402674620878,0.01802386141542999,-0.09843547147598714,0.5015469195538904,0.1721756425621435,0.3466924277855372,0.06940749093425486,0.23697320038099456,0.21531424143448197,0.41344632513050766,0.11200983400606142,-0.04828443325576158,0.08185413684259371,0.0025915299660840027,0.1560983205482319,0.33943323608951365,-0.05508597940198941,0.011163218863834073,0.17738686295353254
346.5,0.18717028335410996,0.24705418033907636,0.4285799563943581,0.43119785240127123,0.03565395354067049,0.4836070558436683,0.5021165784233264,0.11697158492995738,-0.06298916371588217,0.052869510977770304,0.21939771096826566,0.4453891193115527,0.09442078654883801,0.34467084525999525,0.06364691403161096,0.11473182253119665,0.20480618022141436,-0.023397424886838252,0.21741423430017776,0.32644690282052646,0.2149844252969979,0.019008573864599546,0.2722573928512099,0.7133902119653488,0.5738408795691518,0.09302035848298464,0.10938151235122606,0.04999072615341172,0.08661963018339011,0.3899699222503851,0.25847412704945,0.3789799457109885,0.017866967702955074,0.26970337448979,0.1892044010155783,-0.005594598110978621,-0.011611563913678829,0.24091440986571339,-0.0007035273970584768,0.4584118674798008,0.2812948289558038,0.5004745108215611,0.23012109229477112,0.15931999717321482,0.40450876813958825,0.4223531086865073,0.029177137907583427,0.09084119015722286,0.04005206736569624,0.02220531138707166,0.02423002273953459,-0.07769737363210116,0.0795019250968952,0.3038009550264487,0.09782284576402436,0.5808345230546273,0.22108867682289998,0.17696481785225457,0.042429020150725666,-0.07571888887776512,0.5077365938986349,0.1897490691563159,0.35954438375940206,0.06588083938800243,0.24374513840437873,0.22835267175838464,0.4274830185439096,0.13473787689548483,-0.023833462937807505,0.10035926911547102,0.025705444955460295,0.17613521372082602,0.32491934718549687,-0.03327637369472946,0.03642479222625335,0.20146906012575588
347.5,0.18144086517955704,0.2663530763586687,0.41418069492260895,0.4324839476103052,0.0607668447478771,0.46084535723302456,0.49859466721800094,0.11100058556602063,-0.0399225703601685,0.07092304037505191,0.2412473151114225,0.42529691239584766,0.10229751476580178,0.3327107996461871,0.08205623335686357,0.13903496233284557,0.2178907713434864,0.001032228459627307,0.20541485366942416,0.33329036029145825,0.2102275537837131,0.03963122815041061,0.24603674739106257,0.7087621736550711,0.5710821400648665,0.11761105229695792,0.1270981319569844,0.07587276438788022,0.11171575241888584,0.3922472422091511,0.2546151630490686,0.35423207459916684,0.039135330770934715,0.2920731242489737,0.20695114475580567,0.01766588470669087,0.012299345026587891,0.2583230488773231,0.022134267608131114,0.4629719347054742,0.300906205155376,0.49018772865887117,0.23120134319031815,0.1821601906010567,0.39231841942101686,0.41286617893375377,0.04910283017906753,0.11351222103448913,0.04602569401962693,0.04669328046053764,0.04770752294261441,-0.0537394790991569,0.07403798552607457,0.3075196254135135,0.10017458740059271,0.5779764794524243,0.23928049313029592,0.1892155811634138,0.06709936399011776,-0.052565284762217265,0.5130992013503565,0.20741677041415807,0.37209236487139224,0.06293516447046625,0.25044619516386646,0.24139223449736352,0.4410794003430116,0.15763697581628014,0.0009515924722716315,0.11911599076753573,0.04912502740169937,0.19628975699801027,0.30983328166911706,-0.011061351071525652,0.061943756790810364,0.22563278408725554
348.5,0.17582556946205702,0.2856140766965238,0.3988143746958045,0.4330534442946078,0.08611636418127981,0.4367291360560511,0.4940285554544596,0.10544413869439044,-0.01647240357861565,0.08928434440512287,0.26311796978500207,0.4040759736560677,0.11051151596894089,0.3201771538098833,0.10075057554167559,0.1634961938747776,0.2310016522704177,0.025770194922061097,0.19341814029711218,0.3398085883934542,0.2054680603908355,0.06058025933626489,0.2195456337908893,0.702369309520449,0.5670598056190824,0.14238271665015945,0.14502507913940135,0.10196654824533406,0.13699532374756404,0.3939523537868239,0.250584083260108,0.32862497413285113,0.06072138124207873,0.31439036904986134,0.2247602534748367,0.041238342859572216,0.036515740971496326,0.2756932131595529,0.04528645894878066,0.466794610168032,0.32042143225404185,0.4787190930273041,0.23222257305012736,0.20510656891436102,0.37929749433982174,0.40251440731708615,0.06935025881486523,0.13638149801262656,0.052530582185968844,0.07144251815894813,0.07145692512808263,-0.029404407219963992,0.06914399238450021,0.3109507537294733,0.10291614825472122,0.5738286763547944,0.25747575158886554,0.20155688461339077,0.092005148031131,-0.029013903192179676,0.517598429735478,0.2251460071801951,0.38430223116634593,0.060575758148763,0.2570568811543153,0.25440293885931203,0.45419525010124556,0.18067617031468558,0.026038814443161407,0.13808987317339835,0.07281763302427427,0.21652930625920158,0.2942380131631549,0.01152085968246699,0.08769198761890233,0.24984770332244413
349.5,0.17034770774699715,0.3048029816036334,0.3825295360815218,0.4328897347299412,0.1116743466750005,0.41134472307104597,0.48840775931437186,0.10032326097099856,0.007325283933951989,0.10791742024512754,0.28497677383064585,0.381804995870893,0.11903674101852153,0.30711759526482363,0.11969474815682055,0.18808644383960807,0.24410891429779893,0.050785476975092135,0.18148088003905982,0.3459787000842049,0.20072510867135357,0.08182009203281156,0.19294058608030157,0.6941696396524428,0.5617501254270806,0.16730682922137888,0.1631286507395639,0.12824559866074603,0.16243050782013285,0.39506962207011653,0.2463954032879463,0.30228430683776925,0.08259012583229298,0.3366206024229343,0.24259870403277675,0.06508995630566783,0.061005967129130825,0.29299115975878487,0.06871970077880099,0.4698517598115563,0.3398049295904409,0.4660844846789011,0.23318118415037742,0.2281279950844278,0.36548694583146824,0.3913228232181306,0.08988356991160078,0.1594177700686013,0.059539113949981196,0.09642348634469472,0.09544691746755829,-0.004726884645536692,0.06483484442987883,0.31408060519717707,0.10603502187878353,0.5683666860962839,0.27564120302118017,0.21395934992492704,0.11711758344253327,-0.005101264398776778,0.5211989830284673,0.2429039783398149,0.39613943654511247,0.05880509885920747,0.2635577757244452,0.2673546667333186,0.4667896722862285,0.2038246517862193,0.051398026726152214,0.15724714172677054,0.09675190317617174,0.2368211612403405,0.27820172710713337,0.034434203286785335,0.11364227371548474,0.27408291887974434
350.5,0.16502992941830383,0.3238849331450277,0.36538262258243226,0.43197817983237685,0.13741329889732917,0.3847934331428646,0.48172588110064385,0.09565649492964853,0.03143658301103939,0.12678721655839637,0.3067901316516723,0.35857441521742295,0.12784707355349043,0.2935843394077605,0.13885439923749338,0.2127766169070287,0.25718255210287677,0.07604851580252882,0.16965996581303003,0.3517781588320155,0.19601787273026847,0.10331642371374947,0.16638346654351738,0.6841265724908088,0.5551335866874627,0.19235501893944415,0.18137555800749952,0.15468384858581025,0.18799362127765665,0.395584866552734,0.2420644833812,0.27534764151756574,0.10470782756474846,0.3587282019282837,0.26043329326845444,0.08918927891598963,0.08573973822785931,0.3101826761410197,0.09240200387404732,0.4721165244224811,0.359020222144507,0.45230690423823755,0.23407375664180252,0.25119304444151674,0.3509339527117157,0.37932192970806944,0.11066809453208593,0.18259015030351305,0.06702331539031559,0.12160754817286548,0.11964718505302092,0.02026058410605605,0.061122191211849516,0.31689607074531645,0.10951775566507829,0.5615704087929764,0.2937431806563743,0.22639361220178883,0.1424085377758076,0.01913842878751128,0.523866815858929,0.26065769839942987,0.40756905208922173,0.05762297643477907,0.2699295486192093,0.2802171321182311,0.47882114978749646,0.227051537230409,0.07700043956683066,0.17655449832909642,0.1208974639035399,0.2571323989174359,0.26179747345583,0.05764445642546877,0.13976800999072364,0.2983067512194174
351.5,0.15989409052058057,0.34282429986146445,0.3474380854889146,0.4303063119977061,0.16330610722585492,0.3571918650205118,0.4739809936633482,0.091459860060669,0.055829363737710413,0.14585944865968226,0.32852358820448496,0.33448644069327643,0.13691636077822553,0.27963394117424734,0.1581958308644785,0.23753735258995076,0.27019241864687144,0.10153085869521958,0.15801192017076962,0.35718484431139946,0.19136543349273802,0.1250359693887994,0.14003933429134524,0.6722097408670594,0.5471954367431755,0.21749880956790174,0.19973277590137725,0.18125535613116614,0.2136568699560077,0.3954855050055617,0.23760746820601764,0.24796350477021617,0.12704173933059598,0.38067627909889745,0.27823052025421574,0.11350592872973726,0.11068782035488542,0.327232990011087,0.11630243451699514,0.47356352703434246,0.37802983735847107,0.43741694259128866,0.23489706112792805,0.27426979951690045,0.3356919617743396,0.36654787153642976,0.13167011309644586,0.2058678786886154,0.07495496725701839,0.14696667149468198,0.14402812139538446,0.045527330212980235,0.05801449661821786,0.3193847254187302,0.11335003914560553,0.5534246095838267,0.3117474893346058,0.23883028016698807,0.16785024981123703,0.0436729106235914,0.5255693870357974,0.2783738809309342,0.41855580096186096,0.05702663341014732,0.276152983928165,0.29295984502310873,0.49024761364158004,0.25032565207106494,0.10281831578104335,0.19597894874448366,0.14522463982163844,0.2774297142498442,0.24510271982326293,0.08111890406236524,0.1660429044724619,0.3224865358155434
352.5,0.15496112988639274,0.3615845711300115,0.328768377969074,0.42786404476540313,0.18932575894052792,0.32867190150420345,0.46517603205685276,0.08774683065939383,0.08047293304839989,0.16510041741517859,0.3501416735006642,0.30965485239321466,0.14621843563859344,0.26532703582661954,0.17768581720368098,0.26233879126199716,0.2831081839588479,0.1272048451408785,0.1465924133572689,0.36217712465732055,0.18678667478428207,0.14694621595760823,0.11407409734813945,0.6583959320972028,0.537926235858783,0.24270937325378172,0.2181673965306584,0.20793402962261326,0.2393920953400226,0.3947607021529683,0.23304121961568153,0.22029006993716987,0.14955984840765263,0.40242654075553086,0.29595647505845507,0.13801029395888126,0.13582172786560862,0.34410668762296415,0.14039082812558923,0.4741690944595461,0.3967952132792505,0.4214532172090545,0.2356480710087423,0.2973256536337031,0.3198206494526382,0.35304255425786013,0.15285662763082625,0.2292200944572736,0.08330569741991024,0.1724731463892667,0.16856055356085592,0.07104415959470897,0.05551713186911602,0.32153488924933027,0.11751678775258903,0.5439194885199957,0.3296193029445361,0.2512398979345626,0.19341505713005072,0.06847149586848757,0.5262759325597788,0.2960188285977893,0.4290641054465644,0.05701091897315349,0.2822090067431754,0.30555208055402233,0.5010265295593787,0.2736153217572315,0.12882465579289132,0.2154876353754344,0.1697041813254489,0.2976792687003108,0.2281988046403221,0.10482603237642367,0.19244069854238802,0.3465884277483811
353.5,0.15025095395953175,0.3801282620552916,0.30945382085143713,0.42464388797760544,0.21544507492464474,0.29938034915739253,0.45531918768145463,0.08452833921797441,0.10533771195186323,0.18447683265618522,0.37160775726001416,0.2842045342300982,0.15572713146668954,0.2507280064250447,0.1972914276681319,0.2871503488847445,0.29589929856148367,0.15304330915214767,0.13545578587944992,0.3667339353718234,0.18230018027687162,0.16901518608603455,0.08865201880579057,0.642670119700463,0.52732243847762,0.26795729319675904,0.23664648745876332,0.23469336281183573,0.2651705302068376,0.3934015222623271,0.2283832426904965,0.19249348091206325,0.17223063147059076,0.4239391627732948,0.313576734783255,0.1626732530941326,0.16111343531589933,0.3607676413668172,0.16463751622824674,0.47391149275521754,0.415276618986227,0.40446275760320677,0.23632397452083748,0.3203271233810005,0.30338579223202766,0.3388537047064271,0.17419514200280845,0.2526156176784285,0.09204705635955067,0.1980993150222667,0.1932154795490419,0.09678301436369617,0.05363249406283127,0.32333569038968024,0.12200222160559102,0.5330512811557371,0.34732307078560565,0.26359290915050465,0.21907513485254163,0.09350474452890065,0.525957758583463,0.3135583304426205,0.43905814668112575,0.057568451936946284,0.2880787127736177,0.31796285387891493,0.5111150018143138,0.296888172040312,0.1549928990065932,0.2350476759435253,0.19430700375959467,0.3178465470217314,0.2111702932089335,0.12873523696197614,0.218934898304868,0.37057721579612224
354.5,0.1457823315096051,0.3984168297615466,0.28958232380528653,0.42064116679828,0.24163645239033774,0.2694781630267103,0.44442429894538826,0.08181280367553205,0.13039493019997947,0.2039556417382029,0.3928839145985,0.2582707127039851,0.16541629014267062,0.23590457732008682,0.2169798557661633,0.3119405001952217,0.30853496227279054,0.17901929557919644,0.12465458471997257,0.3708348649261958,0.17792413234540608,0.19121121129343127,0.06393316145333927,0.6250266012988754,0.5153869990395206,0.29321233486749965,0.2551369554774689,0.26150617886370287,0.2909625627220175,0.39140108458297884,0.2236516054444042,0.16474582748053918,0.19502281952996722,0.44517267751748274,0.3310562675845884,0.18746590760925624,0.18653510255133973,0.3771789474450004,0.18901306549803537,0.47277117628838533,0.43343308833481764,0.3865013207535138,0.23692218641077015,0.343239670325186,0.2864590360981901,0.32403486289909017,0.1956534501510337,0.2760227397161378,0.10115057705848485,0.22381731229467441,0.21796381669099513,0.12271665378044123,0.05236014614272222,0.32477713026075106,0.1267899390324719,0.5208228860563674,0.3648224336166469,0.2758596242959575,0.2448022442830476,0.11874414553474695,0.5245885547074494,0.3309575671698981,0.4485019375936794,0.05868978927037803,0.293743401139466,0.3301609017372816,0.5204698950165115,0.3201109380308489,0.181296639134578,0.2546260085381083,0.21900393736219476,0.3378962229041705,0.1941042432095177,0.15281654492732646,0.24549851555736546,0.394416146808206
355.5,0.1415727992836541,0.4164106020318855,0.26924894827515494,0.41585424257565107,0.26787161648914865,0.23913921391223605,0.43251123092077065,0.07960617648593221,0.15561633634249014,0.2235038637778009,0.41393080374208846,0.23199788262445448,0.17525976480533867,0.22092733520410124,0.23671825410919617,0.3366765704256872,0.32098409909928705,0.20510578849462607,0.1142391222223194,0.3744602470520139,0.17367621387761037,0.21350271399946089,0.0400708644554036,0.6054702426346971,0.5021299963110346,0.31844322553137905,0.2736054164914333,0.28834438211953894,0.31673750859742184,0.3887547203697272,0.21886485267066252,0.13722281026014568,0.21790517234982057,0.4660838763267573,0.3483593454518052,0.2123593259358824,0.212058811341524,0.39330287447304196,0.21348802771017655,0.47073104987140857,0.45122236808351673,0.3676336153592067,0.23744035917313697,0.36602753251446585,0.26911755709145824,0.308645295747267,0.21719943229045416,0.2994090224742125,0.11058782071401614,0.24959881603975753,0.24277616005528127,0.14881835204449495,0.05169697405790792,0.32585015040951143,0.13186298468360935,0.5072445132169763,0.38208015018391617,0.28801019190479804,0.27056749049476037,0.14416181706463477,0.5221447278802753,0.3481810251586407,0.45735940954226717,0.06036359700533671,0.2991846105271758,0.3421146711407307,0.5290479742724499,0.34324928235434093,0.20770935146592323,0.2741892434991605,0.24376548700800646,0.35779203417717853,0.1770893900459932,0.1770403495829118,0.2721038171834335,0.41806676140941956
356.5,0.1376385794176312,0.4340687192833693,0.248555302463188,0.4102847331198231,0.2941213800085441,0.2085485739206562,0.4196062349955817,0.07791201315542794,0.18097392129414006,0.2430884300556691,0.43470755693039537,0.20553841315078508,0.18523141809034904,0.20586918161062567,0.2564735760441488,0.36132453592758174,0.3332153388618569,0.23127545004037034,0.10425706612468492,0.37759125964864937,0.16957351403212068,0.23585799826797968,0.017209348666797335,0.5840178210099767,0.48756926752184065,0.3436174421345642,0.29201807211900527,0.3151787170455153,0.34246339125281067,0.385460130008604,0.21404191454352817,0.11010115514898558,0.24084626194556477,0.48662772850151537,0.3654494665645639,0.23732429760118504,0.2376563122319336,0.4091008238597996,0.23803269966336824,0.4677767431544536,0.46860088150107,0.3479334123725271,0.23787639378953873,0.38865356655133587,0.2514436075447137,0.2927498237186848,0.23880085908099905,0.3227411065352396,0.12033040973459523,0.2754148058652885,0.26762255010244357,0.17506161052359584,0.05163735692781517,0.32654670072380304,0.1372039121905338,0.4923343445070299,0.3990580350504953,0.3000145744182543,0.29634108820677113,0.16973022141732913,0.5186057569500907,0.36519241999521534,0.46559451312394423,0.06257682062918381,0.30438415886510234,0.3537923158897341,0.5368060642124863,0.36626762294930937,0.23420413036019316,0.2937035226336181,0.26856160100994214,0.37749666834595785,0.16021526620599186,0.2013771565326484,0.29872208218197166,0.4414887423377169
357.5,0.1339945092249347,0.4513490908902932,0.2276087638723102,0.40393772956320095,0.32035541073005325,0.17790032002695894,0.4057422778990466,0.07673155771481015,0.20643965378112497,0.2626760310577363,0.45517168574106603,0.17905084288341888,0.19530511684000565,0.19080472330114112,0.2762124243904923,0.3858488343480267,0.3451970062474918,0.2575003684538484,0.09475306846437906,0.3802100301741026,0.16563243889466542,0.25824504911949886,-0.004518456341705727,0.5606994526593365,0.47173104048942893,0.3687010079175975,0.31034059365675537,0.34197853417170176,0.3681067303015027,0.38151753852539694,0.2092020106544073,0.08355585743859008,0.26381426490269255,0.5067573183190869,0.3822892880462486,0.2623310966844634,0.2632987805677519,0.42453330283105056,0.2626168923454816,0.463896896153555,0.4855237085452055,0.3274835188021356,0.23822844990512163,0.4110791012192639,0.23352394578353824,0.27641855290939343,0.2604252038124052,0.3459845285291058,0.13035004943514156,0.3012353300084674,0.29247224908328956,0.20141988234398717,0.05217334616649507,0.3268598085741393,0.14279484143989,0.476119193986485,0.41571690862980937,0.31184252936561724,0.3220921356562513,0.19542189256636416,0.5139545675860334,0.38195463032422605,0.47317133358008523,0.06531485242503568,0.3093241866319195,0.3651617015137834,0.5437012273787215,0.38912897128309776,0.26075343564276326,0.3131343863221939,0.2933614485173391,0.3969716593677835,0.1435712723331288,0.22579734014945396,0.3253233659272547,0.46463977695095143
358.5,0.13065398375505263,0.46820836692201995,0.20652153132654583,0.3968220064214041,0.3465420063965106,0.1473948840482983,0.390959327785248,0.07606384245979234,0.23198522628246435,0.28223297064663466,0.47527900221737907,0.1526978901443758,0.2054547241849037,0.1758096095014341,0.29590090776570865,0.41021218533572,0.3568971178848344,0.28375181435734464,0.08576843996671848,0.38229974730690347,0.16186862789312195,0.2806313403786731,-0.02499278074976336,0.5355600774795125,0.4546505484347298,0.39365829848617717,0.328538014100078,0.36871156324574794,0.39363233902826045,0.37692984749694747,0.20436455029129585,0.057757352392711105,0.2867767634055086,0.5264238016505445,0.3988405699973622,0.28734925400360684,0.2889565809936706,0.43955991096096386,0.28720970886724706,0.4590834543705136,0.5019445836869185,0.3063755924588706,0.23849495536999524,0.43326380384386126,0.21544915090227829,0.2597265068906858,0.2820394627349424,0.3691035482947744,0.1406185398636021,0.3270292799885325,0.3172935259706354,0.2278663075819804,0.05329484977019695,0.3267836484025914,0.14861751061398273,0.45863515215324246,0.4320165602702595,0.3234635965424095,0.34778839649820253,0.2212091747779467,0.5081779268208171,0.39842964286092925,0.480054221221015,0.06856169359507377,0.31398720389062695,0.3761904192295327,0.5496909624870046,0.41179478196774666,0.2873288469240836,0.33244664913850236,0.3181332053244949,0.41617729665431646,0.12724572068610598,0.25027090961812154,0.3518762716481295,0.487475435639646
359.5,0.12762891128718418,0.4846019262938116,0.18540951571621508,0.38895022099619664,0.3726478776344836,0.11723600883679619,0.37530458376948606,0.07590579925336105,0.25758181038619926,0.3017250278970825,0.4949835572410562,0.126644222812983,0.21565408986143425,0.16095982737749354,0.3155045050593189,0.4343754230065023,0.3682833880695126,0.31000000475461387,0.07734087521050859,0.3838447785874137,0.158296876748497,0.3029836511533779,-0.04410851174980658,0.5086609610898523,0.4363726083705157,0.418451858355181,0.34657462893155727,0.39534369424832266,0.4190031318910351,0.37170278112474003,0.19954902982725592,0.03286872004745766,0.30970055506168476,0.5455763836965731,0.4150641316825098,0.3123473377512994,0.31459904003610745,0.4541393410649285,0.3117793309476412,0.4533319714633405,0.5178159124026462,0.28470977742446857,0.23867461508905916,0.4551655607461208,0.19731282857290144,0.24275315520250712,0.3036099837877237,0.39206098663194205,0.15110777911097967,0.3527641731571045,0.3420534500017646,0.2543734576571256,0.054989818285481995,0.326313611205988,0.15465332323500347,0.4399281940830996,0.4479157253630883,0.3348470918255538,0.37339609011593433,0.2470639709669412,0.5012668558230056,0.4145785094578837,0.4862079372639328,0.07230010934823652,0.31835614111027055,0.3868458094901063,0.5547334231186085,0.4342248149875436,0.3139008252705591,0.35160428467958676,0.3428438481962628,0.4350725473600388,0.11132487388005366,0.27476728395892946,0.3783477295221688,0.5099490680450032
360.5,0.12492968171341198,0.5004838823624265,0.16439108662074722,0.38033909772179736,0.3986379395527821,0.08762740188331004,0.3588326339583324,0.07625237972646495,0.2831998207748163,0.3211173271881405,0.5142375975483524,0.10105404970219004,0.22587703957405178,0.14633096929209213,0.3349879386826201,0.45829734170445147,0.37932324372297893,0.3362138745607058,0.06950423237528548,0.38483079365174244,0.15493106761193495,0.32526789127367156,-0.06177627346603466,0.4800811589269901,0.41695214005430115,0.4430422293080025,0.364413906463155,0.42183876732604714,0.4441799434318946,0.36584502394639346,0.19477492815970124,0.009043035786306542,0.33255147178939737,0.5641623193142354,0.43091982076666796,0.337292742591292,0.34019422675396815,0.4682293952846305,0.3362928140168639,0.4466419168294296,0.533088807287205,0.26259414380438156,0.238766419118912,0.4767403732964315,0.17921071852013296,0.225581838419514,0.3251023041179252,0.4148180746607316,0.16178975940953466,0.37840594359221896,0.36671769322433767,0.28091308788858604,0.05724442935266803,0.3254463732843797,0.16088339047717912,0.4200547271892293,0.4633720773420511,0.3459621082493688,0.3988796911113909,0.27295749982336814,0.4932170586771332,0.430361317049333,0.4915978154496855,0.07651177554833519,0.3224144038071638,0.3970949956694774,0.5587876574752947,0.45637701191308977,0.3404384820368906,0.3705703203873381,0.3674589581252462,0.45361499309249337,0.09589200307908642,0.29925507570073595,0.4047027841830733,0.5320117190938531
361.5,0.12256514753929196,0.515807106914575,0.14358569991756204,0.3710095925345798,0.42447511311767566,0.058769205667487626,0.341605526366582,0.07709668179787629,0.3088086873851985,0.34037421721557376,0.5329915428814292,0.07608861079526275,0.236097364181648,0.1319974871337975,0.3543150572742117,0.4819345567893284,0.3899838491753391,0.36236085586153977,0.06228836982769433,0.3852448925654352,0.15178410693050495,0.347448936071754,-0.07792306657237118,0.44991887052598994,0.39645459873858285,0.46738779221370236,0.3820184085670357,0.4481583731343516,0.4691213603064647,0.35936834739133294,0.19006160120370766,-0.013579026001198573,0.3552942082501559,0.582126937262223,0.44636649651840016,0.3621514875484273,0.36570874176480717,0.48178701716243755,0.3607158913051539,0.43901698475352824,0.5477131446438586,0.24014392084597963,0.238769649937245,0.49794227118803064,0.16123971895337988,0.20829909326563692,0.3464809969039183,0.4373343160220659,0.17263655727731447,0.4039187421820765,0.3912503427421409,0.30745589755465474,0.0600432681180903,0.32417996356697193,0.16728856909790318,0.39908205023422394,0.478342235484837,0.35677752493963916,0.42420173906295566,0.29886006098111645,0.4840293638909089,0.4457371714275856,0.4961899398041781,0.08117741581188742,0.326145930988607,0.4069049284127278,0.5618138699071966,0.47820738765858317,0.3669093550785131,0.38930674322402414,0.3919425332438446,0.47176078219719225,0.08102648995304945,0.3237018831385086,0.4309043918356011,0.5536120669156056
362.5,0.12054261706423124,0.5305232734460488,0.1231124389563121,0.36098703187614367,0.45012013780010696,0.030854425638507887,0.32369273685460154,0.07843008008002854,0.33437663562390707,0.35945915966624165,0.5511939846180128,0.05190365495627073,0.24628880945188697,0.11803195016417437,0.37344872866728906,0.5052413824429908,0.40023214127878876,0.38840666549931596,0.05571904016495912,0.385075738648543,0.14886787147391115,0.3694904712031278,-0.09249246817970942,0.4182925956345593,0.3749562916828527,0.4914446242039007,0.3993497226622805,0.4742616654574608,0.493783568446692,0.3522877221250739,0.18542817648375745,-0.03487124006977146,0.377892160502309,0.5994136895317597,0.4613620278561278,0.38688802333344247,0.3911075153217568,0.49476834045836854,0.3850127875595611,0.430465400981368,0.5616376423091548,0.2174805197026486,0.23868388884339803,0.5187232446377853,0.14349684776513277,0.19099388511630733,0.36770952818172814,0.4595673633391454,0.18362031886974117,0.429264747082013,0.4156137236566063,0.333971297182616,0.06336950122613566,0.3225138287522203,0.17384949534635846,0.3770886916406208,0.49278178938577605,0.3672620244827323,0.4493226599996355,0.32474080796090354,0.4737101740771914,0.4606641956793142,0.49995133889410787,0.0862769283232358,0.32953525736952216,0.41624244116182696,0.5637737050285078,0.49966993946036187,0.3932791929701933,0.40777441712227347,0.4162568124091268,0.48946459881045473,0.06680299572861086,0.34807409139455986,0.4569132285794629,0.5746963846918628
363.5,0.11886785911082154,0.5445829205218381,0.10308850820736419,0.35030122051986623,0.47553139733367944,0.0040654687361588015,0.30517101884256903,0.08024235793619336,0.35987047486290463,0.3783346283749395,0.5687917071689346,0.028646999639150537,0.2564250670784921,0.10450432341882039,0.3923507439570354,0.5281697286083028,0.4100348754272579,0.41431510193772486,0.049817840804522666,0.38431369504791457,0.1461931627731355,0.39135484829843403,-0.10544441467389935,0.385341988948132,0.35254454602341334,0.5151663733426795,0.4163684058846047,0.5001051883572127,0.5181202176344428,0.344621412888663,0.18089344886721337,-0.05472345440558346,0.4003072757879142,0.6159642267163986,0.47586330710868613,0.41146505006782474,0.4163536154453727,0.5071287554115156,0.4091460433282547,0.42100022167640827,0.5748099593433201,0.19473035089658147,0.23850902141040997,0.5390331972260103,0.12607816416242193,0.17375675927496523,0.3887501244895213,0.4814729105241823,0.1947132416360598,0.45440398604905985,0.4397682340020289,0.3604271831964517,0.06720504253395959,0.32044889542743166,0.1805466152530631,0.3541645924929805,0.5066453409057105,0.37738411928286003,0.47420060136562264,0.3505675289106879,0.4622719177337683,0.4750995441471382,0.5028501968959784,0.09178950188121528,0.3325675792714581,0.4250743173256173,0.5646305553354469,0.5207165748278961,0.4195117482585631,0.425933013217901,0.4403621107592038,0.5066796498375118,0.053290718503795874,0.37233668278468407,0.482687511899884,0.5952085284001891
364.5,0.11754511852786624,0.557935535939331,0.08362772293265573,0.3389865121032144,0.5006647607388066,-0.021429054191749418,0.2861241210077853,0.08252183917408554,0.38525539579087975,0.3969620198595152,0.5857297332644248,0.0064562667976618675,0.26647976763961523,0.09148128349257158,0.4109817336220596,0.5506690192871821,0.4193586829462454,0.4400478527837233,0.04460221876736538,0.38295096416758767,0.14376967014103142,0.4130029524611829,-0.11675460890346463,0.35122829932026267,0.32931769454586035,0.5385041530849661,0.43303394238543014,0.5256427204411181,0.542082305962617,0.33639105234824906,0.17647577850898466,-0.07304273883187977,0.4224999145286625,0.6317185000984111,0.489826280319323,0.43584334666269475,0.44140806746769395,0.5188229930920649,0.43307635103732495,0.41063961875606425,0.5871768180971955,0.17202345136173527,0.23824524194131577,0.5588199210767341,0.10907767744556048,0.156678926334079,0.409563652316872,0.5030046026392739,0.20588755335704761,0.4792941725280018,0.4636721932487406,0.38678972044897736,0.07153070908097339,0.3179876282818427,0.18736021170621914,0.33041109845099753,0.5198865643645462,0.38711218743356246,0.49879128253313193,0.3763064355435605,0.44973349530206025,0.4889994327723975,0.504856081783968,0.09769372100066584,0.33522882408108134,0.4333673695379761,0.5643498933220152,0.5412970602698377,0.44556858118312226,0.4437409538958657,0.46421666883667595,0.523357670989834,0.040552756851148744,0.39645305728244995,0.508182837648076,0.6150899522451858
365.5,0.11657714158426954,0.5705296622832146,0.06483904086400155,0.3270818361163273,0.5254734410762963,-0.045477120564842446,0.2666423617283059,0.08525551758760441,0.41049477753850894,0.4153015761984462,0.6019513940449048,-0.01454311788837607,0.27642647613195265,0.0790255876248451,0.4293010966906491,0.5726861344779067,0.4281701403437165,0.4655643146422066,0.04008552606031416,0.38098172890337184,0.1416059422971217,0.4343940827648298,-0.12641360742357116,0.3161342748915671,0.3053848467606576,0.5614064589736285,0.44930471471355354,0.5508251391015806,0.5656180868091049,0.32762169033792715,0.17219299203103658,-0.08975403412161094,0.4444287258147086,0.6466148908775219,0.5032059948759678,0.45998161341251703,0.46622968664661313,0.5298052284343386,0.456762404342428,0.39940714459758203,0.5986841490647651,0.1494919464060218,0.2378930568696604,0.5780290959774962,0.09258627154187216,0.1398513005680762,0.4301095104570902,0.5241139651001699,0.21711548951958473,0.5038905576234574,0.4872817061757474,0.4130231335754614,0.07632636623915391,0.3151340834468598,0.19427042877136919,0.3059407255755392,0.5324582856595914,0.3964145186034592,0.5230478631880093,0.40192196107422895,0.43612070976056555,0.5023191865590559,0.5059401909234217,0.10396766008154609,0.3375057230886701,0.4410885314397904,0.562899629159327,0.5613589925513666,0.4714088756770408,0.4611553717260467,0.48777651708602193,0.5394489529147848,0.02864559369079055,0.42038486415198395,0.5333520351126533,0.6342797533216193
366.5,0.1159652102669189,0.5823130243831083,0.04682518178802407,0.3146306751231521,0.5499078745883403,-0.06794556469386957,0.24682205254465828,0.08842918283271356,0.4355500058474143,0.4333123212693538,0.6173984247296053,-0.034239588567577944,0.2862386906945036,0.06719551041815666,0.44726694401153333,0.5941653779611056,0.43643585086736847,0.4908214273677708,0.036277120993389964,0.37840229444655255,0.13970936749706356,0.45548584705606904,-0.13442565262293177,0.2802634204041285,0.2808654157365012,0.5838191099688028,0.4651379902600968,0.5756003077947441,0.5886730010019601,0.31834181482095364,0.16806228794279232,-0.10480030527985609,0.46605053781445954,0.6605903666676407,0.5159566651818857,0.48383632960238776,0.4907749258069646,0.5400292024907417,0.48016076247529915,0.3873319680852853,0.6092772588365901,0.12726838211289337,0.23745328705098512,0.5966043138999207,0.07669067443634484,0.12336351331594006,0.4503455365070808,0.5447503540399639,0.22836926995621645,0.5281458003212532,0.5105505441422656,0.4390895084964092,0.08157106132207259,0.3118939559763693,0.2012572936720265,0.28087666831914415,0.5443125809330986,0.40525937040986876,0.546920832099474,0.42737656828062454,0.4214666699414232,0.5150133048928527,0.5060756142475344,0.11058896686357814,0.33938588748634546,0.44820496234995444,0.560250494974809,0.58084779417677,0.49698926982898256,0.4781320843657172,0.5109953577596926,0.5549023883942976,0.017618709859926536,0.4440918460875195,0.558145043030182,0.6527147467295249
367.5,0.11570918442369256,0.5932326790774065,0.02968137820666325,0.3016809863182571,0.5739156230726998,-0.08872173734065154,0.22676476767891057,0.09202754135443095,0.4603803038536469,0.45095201140710006,0.6320110862943904,-0.05253670997201069,0.29588984509980615,0.056044360244314695,0.4648360567118156,0.6150484730248433,0.44412253877420593,0.5157735250588544,0.03318250996357201,0.37521122922782013,0.1380861619450785,0.47623407250304695,-0.14080731864063348,0.24383850937147003,0.255888376848567,0.6056852168796232,0.4804899236909564,0.5999129895411102,0.6111896368081693,0.3085833409429914,0.16410014721871216,-0.11814222826035345,0.48732026466505685,0.6735806651371564,0.5280317570460143,0.5073616281638045,0.5149977402101633,0.5494483644069911,0.5032257315019105,0.3744490730355398,0.6189010214143041,0.10548397296236449,0.23692706889915746,0.6144871301685493,0.06147250073047898,0.10730292548625756,0.47022792881300157,0.5648609296192528,0.23962107561076906,0.5520098585526779,0.533430045935467,0.4649486057836395,0.08724314523324656,0.3082746204011058,0.20830073689923073,0.25535202407855234,0.5554008953395217,0.41361503571845226,0.5703579188897775,0.45263056919207206,0.40581215267037213,0.5270355453943405,0.5052376151322389,0.11753493555902053,0.3408578872252966,0.4546841652042266,0.5563764566814857,0.5997067346178172,0.5222637032895054,0.49462558650355887,0.5338244663947845,0.5696655414176999,0.0075143318753073205,0.4675316974465332,0.5825088095519322,0.6703295719690544
368.5,0.1158075506688551,0.6032351876384222,0.013494294994724949,0.2882850620162267,0.5974413023632681,-0.10771450924797069,0.20657646222712683,0.09603433135034387,0.48494257740110347,0.4681771015594137,0.6457283134234054,-0.06935402163843327,0.3053533155719625,0.045620084696557685,0.4819638609420571,0.6352745880125354,0.4511971567089918,0.5403722063875254,0.030803523723255326,0.3714095033622814,0.1367413661594027,0.49659273340405213,-0.14558603921974442,0.2070992836909448,0.23059124312528345,0.6269451800870733,0.4953155762946514,0.6237047898122672,0.6331077202469946,0.2983815647238172,0.16032224990545782,-0.1297574608044304,0.5081908314797094,0.6855205044145469,0.5393840913651885,0.530509189589671,0.5388494720677477,0.5580160335967674,0.5259092645731186,0.3607994092072354,0.6275000931557033,0.08426681674692912,0.2363158543043215,0.6316171422701415,0.04700739322379729,0.09175366446249807,0.4897111852375423,0.5843906539739222,0.25084302627592603,0.5754299037597159,0.5558690404521769,0.4905576879790786,0.09332038203335126,0.30428516328851474,0.21538061088175495,0.229508717776202,0.5656741823859287,0.42144992128107484,0.5933040315033951,0.477641958231864,0.3892059077943316,0.5383390268747953,0.5034039289699429,0.1247825701511663,0.3419113324007209,0.46049411807792195,0.5512551540770987,0.6178769786165073,0.5471832843802281,0.5105890598636001,0.556212615137629,0.5836847388354146,-0.0016326864877096395,0.49065993837357064,0.6063872192349377,0.6870568309985815
369.5,0.11625747696197233,0.6122668111786078,-0.0016588514539864901,0.2744993246308267,0.6204265397799731,-0.124854612102446,0.1863664480152441,0.1004324309636561,0.5091912770031934,0.48494272801608984,0.6584878887392566,-0.08462744501377965,0.31460243245562963,0.03596497131734785,0.49860441996657023,0.6547803932255557,0.4576270065341843,0.5645662270413462,0.029138521772725516,0.36700062273534073,0.1356788489143675,0.5165138978128795,-0.14879858113964045,0.1702993164937988,0.20511875309389566,0.647536718577409,0.5095689531099763,0.6469141318789028,0.6543641379588205,0.2877750782239638,0.15674339849094557,-0.13963956395650573,0.5286131191956647,0.6963438197593798,0.5499659676672389,0.5532281574063915,0.562278757242573,0.5656855825951574,0.5481608833314096,0.346429985489814,0.6350191516608255,0.06374013364475371,0.2356214093110795,0.6479320969834288,0.033364285694284936,0.07679571065894493,0.5087480601761841,0.6032823153325086,0.26200716003462554,0.5983502616739056,0.5778137935134493,0.5158713632548974,0.09978004651092114,0.2999364067099185,0.22247670766868072,0.20349612218912264,0.5750830643078884,0.4287326380864099,0.6157012219737032,0.5023662609735388,0.3717048884165349,0.5488763519641356,0.5005550791347101,0.13230863848558894,0.3425369567263455,0.4656034195878,0.5448683695087968,0.6352976626046052,0.5716961798576209,0.5259744022475419,0.578106020177515,0.5969051851279744,-0.009794853760226725,0.5134298067927949,0.6297210500937774,0.7028272578651695
370.5,0.11705487174753997,0.6202737293849433,-0.015710953166934934,0.2603840528600223,0.6428099632516636,-0.14009434872283413,0.1662462429680809,0.1052039591721757,0.5330782788361905,0.5012027087622469,0.6702266431307737,-0.09830926559488846,0.32361049724352514,0.027115446619581755,0.5147104446698627,0.6735001503569625,0.46337987394775093,0.5883014171679559,0.028182618531241054,0.3619907566420602,0.13490131824280205,0.5359476945480888,-0.15048951936396288,0.13370206935611706,0.17962128062375154,0.6673949319240631,0.5232030586090717,0.6694762674124121,0.6748929944908759,0.2768056434925706,0.15337744870572342,-0.14779665052158997,0.548535930909758,0.7059840259163541,0.559729307952154,0.5754650775887039,0.5852314567393335,0.5724106411006009,0.5699276226810371,0.33139389456028684,0.6414031590580237,0.044020587797961905,0.23484581149138659,0.6633680261840131,0.020604804339488823,0.06250405769906206,0.527289541188701,0.6214765796093344,0.27308541518474316,0.620712381938725,0.5992079810392188,0.5408414481188747,0.10659901008178163,0.2952409215246665,0.22956877606738146,0.1774693843354888,0.5835780139124997,0.4354321037644985,0.6374886829428399,0.5267564008595471,0.3533743873077735,0.5585997498837858,0.4966747098256312,0.14008971780944485,0.3427267026174553,0.46998144844287904,0.5372025247765743,0.6519059999728197,0.5957475303958473,0.5407322764921434,0.5994483155364877,0.6092711006968208,-0.016951910550445936,0.5357921703616773,0.6524479635728133,0.7175699193406706
371.5,0.11819444661408393,0.627202282997316,-0.028605438195338905,0.24600303734224854,0.6645272245038489,-0.1534067370195919,0.1463283165891028,0.11033036897293864,0.556552787273431,0.5169095624574868,0.6808806818598507,-0.11036772237722618,0.33235080542960704,0.01910197314848034,0.5302333234212411,0.6913658351294567,0.46842417716587,0.6115206266978598,0.02792792499335961,0.35638885666442255,0.13441033893045154,0.5548423020908796,-0.15070976084408885,0.09757623800072725,0.1542529915130091,0.6864523964084587,0.5361699716732875,0.691323324730786,0.6946257053830283,0.2655180232158697,0.1502372482669576,-0.15424984026631713,0.5679059813524163,0.7143743046593276,0.5686258213505271,0.5971638642006413,0.6076506155646391,0.5781453217789403,0.5911540010638408,0.3157502584021114,0.6465976503734654,0.025216747744958336,0.23399144600436222,0.6778594113314473,0.00878281968097461,0.04894796775510322,0.5452848466093384,0.6389120704986295,0.28404961532403883,0.6424548390094839,0.6199926906647283,0.5654168520364309,0.11375381546726146,0.29021302939856775,0.23663653864107093,0.1515874847249073,0.5911095583176198,0.4415176573530674,0.6586027771213165,0.5507625864959993,0.3342880598013494,0.5674612398405172,0.4917499348623416,0.14810223252146584,0.3424738073009578,0.473598537360368,0.5282492050358631,0.6676374155583795,0.619279394824098,0.5548121801394014,0.6201805552594541,0.6207258839492995,-0.023090591885122098,0.5576954605463115,0.6745025299753634,0.731212445554659
372.5,0.11966978146746003,0.6329992406233039,-0.04029646467446167,0.23142316589456952,0.6855110583481501,-0.16478417699824305,0.1267247605185087,0.11579253271779191,0.5795612615547958,0.5320145469697584,0.6903856360727845,-0.12078625320170863,0.34079667565279703,0.011949041296907924,0.5451231722159917,0.7083072932735583,0.4727291299461117,0.6341637013635177,0.02836379996945505,0.350206764251218,0.13420635592262525,0.5731439608091595,-0.14951515377939276,0.062190545750415716,0.12916978740747145,0.7046392959024114,0.5484209405065086,0.7123843965262795,0.7134911268214503,0.2539597667668239,0.1473345839828091,-0.15903159977152798,0.5866679109858449,0.7214479172476891,0.5766071900141021,0.6182657934727104,0.6294764513926283,0.5828444685031006,0.611782018271082,0.2995640846507343,0.6505490479596957,0.007427736564675831,0.2330610003074048,0.6913393763120352,-0.0020558451380436127,0.03619034007286981,0.5626814453691842,0.6555254787580819,0.29487145828352174,0.6635133664842637,0.6401064536273364,0.5895434869838441,0.12122074075268274,0.2848687925589225,0.2436597090172933,0.1260110734480327,0.5976285051319501,0.4469591866915934,0.6789771014051798,0.574332222224652,0.31452781367916927,0.5754128154976242,0.48577170092245814,0.15632248487563127,0.34177288930291827,0.47642616153357176,0.518005707209747,0.6824257093609921,0.6422307260701341,0.5681625364898435,0.6402412458392613,0.6312122973511975,-0.028204296988092133,0.5790856309674209,0.6958162914817846,0.7436812892480008
373.5,0.12147339127129846,0.6376120906881637,-0.05074888982384969,0.2167139405508068,0.7056913795217823,-0.17423674548527532,0.10754591847802435,0.12157081954931177,0.6020473691765671,0.5464677183034501,0.6986769394590733,-0.1295624561061227,0.3489214855314458,0.005675249843721418,0.5593289058359632,0.7242524294531643,0.47626491915769964,0.6561674919052768,0.029477105432128448,0.34345930425774734,0.13428872298808175,0.5907970097425574,-0.14696520922736805,0.027808203191850418,0.10452709287048181,0.7218835876085616,0.5599064980454871,0.7325856682291506,0.7314157219970078,0.24218095129743938,0.14468013746060798,-0.16218403852868063,0.6047643260569748,0.7271385419454388,0.583625276732633,0.6387095282546923,0.6506463752497371,0.5864639278375441,0.6317511825879677,0.2829060249321594,0.6532050033906971,-0.009257886058986852,0.2320574574806792,0.7037399080333213,-0.011873549815979632,0.02428720637538193,0.5794251001459362,0.67125170100694,0.30552250948688625,0.6838209265519369,0.6594853084354444,0.6131642050010269,0.12897585350876592,0.2792259903101148,0.2506180098877679,0.10090014336331037,0.6030861916475471,0.45172726867387836,0.6985425870222406,0.5974098447392585,0.2941835479008741,0.582406651034659,0.47873516310121095,0.16472667943173436,0.34062003455482215,0.478437141777963,0.5064756088430983,0.6962032491225237,0.6645373815117784,0.5807308075977047,0.6595664103535164,0.6406726775889667,-0.03229268300033843,0.5999061420742571,0.7163178642488874,0.7549020120233044
374.5,0.12359679349503816,0.6409893596485939,-0.059938030931830054,0.20194693090802832,0.7249954179101208,-0.1817902293427333,0.08889901381216639,0.1276451650744829,0.6239519684605432,0.560218010652888,0.7056901299148924,-0.1367068331698163,0.356698714598761,0.0002934669297807047,0.5727983307372231,0.739127428176763,0.4790028970635043,0.6774658987238575,0.03125246103132189,0.336164361529828,0.13465573596271033,0.6077439490473415,-0.14312195250738746,-0.005318702055375797,0.08047755453086314,0.7381112020090776,0.5705765983314589,0.7518505873327086,0.7483237635624358,0.23023387859090852,0.14228344957285938,-0.16375722341751806,0.6221358656750978,0.7313806373648369,0.5896323548464761,0.6584311744730401,0.6710950460475056,0.5889608447438306,0.650998568774129,0.2658520281378415,0.6545147686866984,-0.024762978797797923,0.23098408817696128,0.7149921039547793,-0.020640821876003898,0.013287361947667687,0.5954599347959675,0.6860240079831691,0.315974200462788,0.7033078158051735,0.6780628973802278,0.636218766663183,0.13699505576070012,0.27330408148288066,0.25749119208825977,0.07641161468786067,0.6074347578875767,0.4557933225431402,0.7172276362340297,0.6199370884174716,0.273352724595045,0.5883953293206157,0.4706400698348888,0.1732909420453715,0.3390128812954757,0.4796058624135906,0.49366935130314216,0.7089011911164108,0.6861321700208701,0.5924636296680841,0.6780896853867802,0.6490491699861706,-0.03536119982249456,0.620097974040531,0.7359330804137552,0.7647995958883678
375.5,0.12603057548873015,0.6430809579700486,-0.06784924227276676,0.1871951706841812,0.7433478922183985,-0.18748400556136918,0.0708868148287042,0.13399513350303616,0.6452131225617775,0.5732133382003186,0.7113611765110928,-0.14224138489673258,0.36410199468498095,-0.004188938584487593,0.5854782601684874,0.7528570051940415,0.48091578846879895,0.6979899536430286,0.03367249350930589,0.3283429374818677,0.13530466991926432,0.6239255288809697,-0.1380489136500325,-0.03695459731824004,0.05716873092022179,0.753246275880853,0.5803807743312863,0.7701000731237524,0.7641375708470123,0.21817272958364287,0.1401528936656836,-0.16380756242924605,0.6387212967385422,0.7341098332478693,0.5945813611248653,0.6773643708090168,0.6907544603520617,0.5902939836734719,0.6694589079775997,0.2484828840801217,0.6544295993182475,-0.03902239237100093,0.22984444118439057,0.725026445633955,-0.028336201991527844,0.003232136020539739,0.6107285267821367,0.6997742418358414,0.32619783300026783,0.7219018079177657,0.6957705965018628,0.6586438432380463,0.1452541205998491,0.2671241520981124,0.26425905513570686,0.05269691550996934,0.610627444448151,0.4591297763664862,0.7349582957117128,0.6418526818899565,0.25213976279744754,0.5933320929014702,0.4614911532063287,0.18199133419269292,0.3369507028389161,0.47990850383750167,0.4796048288325666,0.720449728206516,0.706944937458521,0.6033069712037665,0.6957424513104588,0.6562839874388857,-0.0374205832241105,0.6395996695071509,0.7545851699934208,0.7732987785236298
376.5,0.12876446109839176,0.6438385558299228,-0.07447733690875721,0.17253250672005827,0.7606712213813454,-0.19136886752431498,0.05360637809975498,0.14059997259232299,0.6657661468331911,0.5854007191606874,0.7156268325801494,-0.1461981204134953,0.37110516807675015,-0.007769806631723286,0.5973146519648969,0.7653646875225644,0.4819779127420256,0.7176679398945381,0.03671807739637427,0.32001918354198905,0.1362318195726613,0.6392808653252744,-0.1318102593157553,-0.06688531210874801,0.034740856617530784,0.7672114165211064,0.5892683175717233,0.787252765299276,0.7787777798398481,0.20605317973083098,0.13829565741591315,-0.16239629655446453,0.6544576371929501,0.7352633513163354,0.598426172420411,0.6954404123112192,0.7095540782141395,0.5904240764120696,0.6870647102544464,0.23088365605744735,0.6529031920068838,-0.051983256964305134,0.2286423326069876,0.7337730974357457,-0.03494596447315876,-0.005844699964915901,0.6251720251439823,0.7124330417096649,0.336164589535366,0.7395283330997842,0.7125376790245189,0.6803730548924254,0.15372872128645734,0.260708847695526,0.270901469580827,0.02989964773375367,0.6126189163996,0.4617102467661545,0.7516584657187894,0.6630924780763628,0.23065524785922248,0.5971711186105105,0.45129851950293026,0.19080386339224178,0.33443448714182034,0.4793232896334053,0.46430797216314856,0.7307783641560133,0.726902691779408,0.6132063142154978,0.7124539959527777,0.6623196943132936,-0.03848632259368619,0.6583474074647606,0.772194981797062,0.7803244110993657
377.5,0.13178737592535225,0.6432159909983727,-0.07982588529637877,0.15803291194137523,0.7768857721407181,-0.19350488288792012,0.03714790747271905,0.1474386617994087,0.6855436910159589,0.5967264224749214,0.7184250164541282,-0.14861754277643618,0.3776823537413843,-0.010451848187171998,0.6082527693464226,0.7765731199339623,0.48216542069454416,0.7364255507192935,0.04036856401476509,0.3112204083358054,0.13743254229057753,0.6537475835723864,-0.12447006309238902,-0.09492220320372238,0.013324763962581029,0.7799279949394932,0.5971884800258994,0.8032253090405238,0.7921636433148593,0.1939319796730446,0.1367177330525812,-0.15958812712430778,0.6692803077679401,0.7347804600881804,0.601121907160257,0.7125884080947518,0.7274209852265658,0.5893141982228706,0.7037464198257962,0.21314300459032082,0.6498921609392097,-0.06360499131639304,0.22738183366387354,0.7411622297749141,-0.04046373088283151,-0.01391689236883158,0.6387302942863899,0.7239300966345927,0.34584555032437747,0.7561106934272218,0.7282915117441683,0.7013370468446645,0.16239445370011676,0.25408228999362775,0.27739840150563877,0.008153427173034631,0.6133656148155588,0.4635097319175907,0.7672501437354011,0.6835895194951667,0.20901495726674213,0.5998678168159473,0.4400780335380478,0.19970449048641425,0.33146701210038476,0.4778307478757345,0.44781331225761994,0.7398162131424784,0.7459297680448599,0.6221068587487443,0.7281517111065123,0.6670995160739284,-0.03857811838722956,0.6762751091501931,0.788681241558356,0.7858018381617076
378.5,0.1350875107313339,0.6411697118548785,-0.08390642362230886,0.14376977558225043,0.7919101404831258,-0.1939593519748284,0.021593762171501153,0.1544899541228812,0.7044758572132936,0.607136137471924,0.7196952223209834,-0.14954716027871784,0.3838080218765848,-0.012242272253591807,0.6182373649732683,0.7864043956967832,0.4814565461432597,0.7541860861634984,0.04460199651671955,0.3019770555626949,0.1389013030555059,0.6672619883560864,-0.11609170710262909,-0.12090531401586253,-0.00695996048789715,0.7913164654648666,0.6040906987415514,0.8179326732230429,0.8042133580733143,0.18186650692286793,0.13542391564011602,-0.15544999528195844,0.683123312017694,0.7326029689566528,0.602625252923641,0.7287354726966038,0.7442800902868278,0.5869301739790835,0.7194326026883451,0.1953524086990597,0.6453565565388698,-0.0738590529370716,0.2260672571505283,0.747124366714009,-0.04488999652371657,-0.020965543920714484,0.6513420836920226,0.7341944246110196,0.35521171792007555,0.7715703124375762,0.7429577832754334,0.721463604741688,0.17122685299687032,0.24726997774746146,0.2837299394692992,-0.012420020591704781,0.6128261377441306,0.4645048177324841,0.781653700324049,0.7032741401513377,0.18733871147168962,0.6013791565529226,0.4278516888335444,0.20866913451378438,0.32805291532802205,0.475413986096534,0.4301645064067963,0.7474923236692803,0.7639480328652143,0.6299537510570563,0.7427613208158478,0.6705676758239474,-0.037719342623288854,0.6933145763653029,0.803960844654154,0.7896573001279965
379.5,0.13865238257832918,0.6376592589801093,-0.08673760405411765,0.12981518559839178,0.8056614639197841,-0.19280491821533405,0.007017640966231987,0.16173241216920475,0.7224903539376039,0.6165751667758589,0.7193789647022228,-0.14904006510820203,0.3894570769903225,-0.013152389221319487,0.6272128885071038,0.7947804095538322,0.479831871758494,0.7708706868523244,0.049395309223627185,0.29232264971285365,0.1406317208097469,0.6797592613877614,-0.1067374050174839,-0.1447054368963311,-0.026006518930385136,0.8012967090526238,0.6099248437582381,0.8312884977808437,0.8148444160730748,0.16991429544464412,0.13441780894903527,-0.15005002110154042,0.6959194442110308,0.7286757683297707,0.6028948216285,0.7438069500538707,0.7600543578641888,0.5832410160347383,0.7340501656813178,0.1776052954478429,0.6392604313332105,-0.08272845832943923,0.22470314259941082,0.7515907584372411,-0.04823159048313739,-0.02697884439610738,0.6629452234491607,0.7431546768142931,0.36423404940464954,0.7858270167687493,0.7564607625764961,0.7406778097487298,0.18020140531526013,0.2402986719373267,0.28987632419886894,-0.03171243968515627,0.6109616527698073,0.46467389703663387,0.7947881845683773,0.7220741046044494,0.16574906699234032,0.6016640180171164,0.414647954090933,0.21767367589926936,0.32419875713134216,0.47205897904522287,0.41141480547690756,0.7537360264860821,0.7808771268526028,0.6366923358444366,0.7562071398518024,0.6726697594547856,-0.03593651382524399,0.7093956621008497,0.8179491800078388,0.791818360297814
380.5,0.14246889338723928,0.6326477891333522,-0.08834431691047258,0.11623921900873124,0.8180557610745407,-0.19011786542090298,-0.0065160382130206975,0.16914443896385795,0.7395126858845912,0.6249886427406535,0.717420261317188,-0.1471536107062831,0.39460494967669923,-0.013197201511363088,0.6351237179482097,0.8016232314032736,0.4772746087041253,0.7863986027107105,0.05472451018272695,0.2822937070778052,0.14261661561601885,0.6911736852559546,-0.0964678349267841,-0.1662250288385148,-0.04372209468073059,0.8097883978675297,0.6146414900940528,0.8432054657596559,0.8239739763137995,0.15813255101024343,0.13370183840917185,-0.14345660240605873,0.7076005243350082,0.7229474241658205,0.6018915340943435,0.7577266685410801,0.7746650728578405,0.5782193955169042,0.747524605628518,0.15999609292058586,0.6315724575930098,-0.09020710911275742,0.22329424016084123,0.7544937800552305,-0.05050108964152585,-0.031951709362547355,0.6734768453831194,0.7507394660718866,0.37288349685730643,0.7987993469177616,0.7687235857693081,0.7589022331196212,0.189293555369804,0.2331962657214835,0.2958179813095342,-0.04963024730897518,0.6077363435455867,0.4639974014088339,0.8065716559507253,0.7399147842021916,0.1443698777624763,0.6006835741395415,0.40050208488874217,0.22669395862528793,0.3199130753162217,0.46775486807187505,0.39162743789049037,0.7584773068134774,0.7966347428257969,0.6422684331637089,0.7684123603992434,0.6733531117817672,-0.033258795723716324,0.7244464728568685,0.8305604811971119,0.7922143599957687
381.5,0.14652338567778458,0.6261026456314138,-0.08875681151213059,0.10310925631238951,0.829008294834167,-0.1859766216655677,-0.018952552468505423,0.17670430412792626,0.7554663783756359,0.6323217677618805,0.7137661603605807,-0.14394820962081104,0.39922769720763757,-0.012394991409625885,0.6419144151522944,0.8068555000297202,0.47377088916873983,0.8006874938418133,0.06056484626103955,0.27192960994255994,0.14484805614969073,0.7014388932468731,-0.08534186967720428,-0.18539801250411483,-0.06002866271519138,0.8167113791983438,0.618192214747759,0.8535956954440913,0.8315192548095833,0.1465776609973756,0.13327727055396693,-0.1357376676005288,0.718097659383278,0.7153708366489943,0.5995790359854744,0.7704172250481583,0.7880321356031781,0.5718421484722762,0.7597802867942223,0.14261922588821907,0.6222666012686784,-0.09629896406382851,0.22184549328395028,0.755767359409138,-0.05171620604139846,-0.035885344451449766,0.6828736295526211,0.756877719228577,0.38113105653177326,0.8104048940329417,0.7796685690425241,0.776057168993211,0.19847871072800005,0.22599163983395987,0.30153555727301007,-0.06609533008484857,0.6031178928202522,0.462458045163831,0.8169215394729878,0.7567193697098757,0.12332475900714901,0.5984017031923567,0.3854563879570391,0.23570579207159606,0.31520643039297447,0.462494270446239,0.3708758831514108,0.7616472021194314,0.8111369366645995,0.6466286408579057,0.7792993647856881,0.6725672667092982,-0.029717527002167333,0.7383936015449544,0.841708200507051,0.7907769074940174
382.5,0.1508016953205912,0.6179959790932416,-0.08800983852242086,0.09048933574491333,0.8384339552990057,-0.18046047684468844,-0.030247079908445395,0.18439016597571783,0.7702732347142999,0.6385200789593382,0.7083673195467904,-0.1394862649119056,0.40330211301335533,-0.010766914749600797,0.6475300061039307,0.8104008374128113,0.4693100705161052,0.8136537602101604,0.06689095060777035,0.26127244241820546,0.1473174070615974,0.7104881444615858,-0.0734163921722211,-0.20218856645011818,-0.07486340729159222,0.8219860776668367,0.6205299199842168,0.8623711482443541,0.8373979308454693,0.13530470780850695,0.1331442383151515,-0.12696007270085807,0.727341530069445,0.705903973955403,0.5959241472491942,0.7818002957810115,0.8000743841430216,0.56409081780518,0.770740744678885,0.12556807696037636,0.6113228560534103,-0.1010170986921679,0.2203620202681155,0.7553474379771651,-0.05189916534746678,-0.038786753106632654,0.6910720759136598,0.7614990537323076,0.38894782708128633,0.8205606593468151,0.7892175454027134,0.7920609033999462,0.20773224357479098,0.21871450444868543,0.3070099588461596,-0.08104542427749561,0.5970780044510501,0.46004108073205063,0.8257550009135481,0.7724091186986859,0.10273549510969855,0.5947854344558843,0.3695604240204825,0.24468495312061708,0.31009143971086506,0.4562735964104447,0.3492440057979235,0.7631782279092598,0.8242984671095629,0.6497206637725264,0.788790062034224,0.6702644152433372,-0.025345787340651578,0.7511623894556203,0.8513054016664151,0.7874404086689885
383.5,0.15528920124539888,0.6083054220857701,-0.08614183229936748,0.07843956204376397,0.846247659278936,-0.17364851090590147,-0.04036470381232453,0.1921800901621676,0.7838536241726939,0.6435297379488246,0.7011786453969373,-0.13383124078563255,0.4068058450420954,-0.00833660777434272,0.6519162868425534,0.8121842858061605,0.46388504942727693,0.8252128963807094,0.07367697264422705,0.25036678706939947,0.15001537584233146,0.7182546237974688,-0.06074618355335386,-0.21658906391351268,-0.08817875539837665,0.8255339161263565,0.6216091844743722,0.8694440487247291,0.8415285690800699,0.1243669952997837,0.13330177150433192,-0.1171891300578665,0.7352627022510827,0.6945106927868956,0.5908973472299286,0.7917969713736667,0.8107099406524535,0.5549522311324722,0.7803290141480514,0.10893393877751975,0.5987280401324497,-0.10438269304786932,0.21884909472807337,0.7531724706623522,-0.05107609194614844,-0.040668205536169545,0.6980088011646014,0.7645341797690397,0.3963050772554102,0.8291834332251256,0.7972922232932402,0.8068300166086534,0.21702949067822952,0.21139522884801282,0.31222239617877073,-0.09443409193765226,0.589592966630559,0.4567345643997035,0.8329893396903643,0.7869036354764793,0.08272043824289993,0.5898054290847234,0.3528711341774065,0.25360718917209496,0.30458279903238145,0.44909337109817243,0.3268260199732215,0.7630048355020851,0.8360331603282889,0.6514936714270891,0.7968062463095705,0.6663999159348352,-0.02017800328326997,0.7626772154737116,0.8592651675159602,0.782142649848811
384.5,0.15997087205647934,0.5970148202505922,-0.08319414744545398,0.06701558280768725,0.8523647639526066,-0.16561872224451188,-0.04928022885461373,0.2000520654557198,0.7961267978089243,0.6472978467357395,0.6921600022938164,-0.12704687201480333,0.40971752295665764,-0.00512981314312393,0.6550201562883167,0.8121327717996539,0.45749258369940404,0.8352798674819452,0.08089669103876888,0.2392594823174762,0.15293205882538435,0.7246717666334499,-0.047383872887889346,-0.22861735471060246,-0.0999420525891406,0.8272777573054595,0.6213866442142626,0.8747273144659504,0.8438310588370823,0.11381559746922376,0.13374783179447466,-0.10648825476876103,0.7417919627362837,0.6811616573520521,0.5844732974242981,0.8003281140873302,0.8198565790582132,0.5444191134813803,0.788467980084971,0.09280498434707711,0.5844766561108476,-0.10642398582353874,0.21731212512896975,0.7491839720265874,-0.04927641374331106,-0.04154668562351534,0.7036208611316033,0.7659153305531814,0.4031743233698516,0.8361901912660853,0.8038145656848537,0.8202797152336381,0.22634575233248094,0.20406466047742328,0.3171544297215642,-0.10623032388702507,0.5806442580092435,0.4525296310143788,0.8385423977368449,0.8001211807071391,0.06339294743641098,0.5834364980299693,0.3354528742618058,0.2624482226024754,0.2986972901001152,0.4409585576141886,0.3037262557208792,0.7610639074637884,0.8462542950155786,0.6518986863303035,0.8032699758944284,0.6609328529777909,-0.01424959581855147,0.772861810615021,0.8655010197500301,0.7748254458885199
385.5,0.1648313096222103,0.5841150209530446,-0.07921035961764046,0.05626814320988949,0.8567014937524808,-0.15644734064237112,-0.05697782943682186,0.2079840172336173,0.8070112291178706,0.6497727911632815,0.6812770013023176,-0.11919650701539938,0.4120168940210626,-0.001174029684926571,0.6567899776977488,0.8101756039205767,0.4501336187240644,0.8437695028583224,0.08852361040955906,0.2279993415295712,0.15605698608170115,0.7296736086353313,-0.033379938010027574,-0.23831359890730006,-0.11013492241242691,0.8271423705984867,0.6198214054925305,0.8781349953259395,0.8442270743094422,0.1036989381965725,0.1344793515021397,-0.09491871426043128,0.7468606796951824,0.6658353676141655,0.5766314034794386,0.807314735350993,0.8274321112774612,0.5324907320986894,0.7950807493229444,0.07726528305823017,0.5685718115926357,-0.10717522832184026,0.21575663342227908,0.7433271184340551,-0.04653229725773158,-0.04144333102981714,0.7078460995664196,0.765576724926604,0.4095274168882474,0.8414985060842743,0.8087071891386082,0.832324190103489,0.2356562909411135,0.19675393530252722,0.3217880210777805,-0.1164178156500422,0.5702191973827277,0.4474207758276595,0.8423329842331633,0.8119790074406733,0.04485991802843323,0.5756581585325012,0.3173773415882247,0.27118375726885413,0.29245377274624235,0.4318788767720406,0.2800587010731026,0.7572952983094917,0.854875004036416,0.6508890056875025,0.808103972264664,0.6538266476966836,-0.007596670192498342,0.7816395960476257,0.86992734937361,0.765435369006126
386.5,0.16985478970413684,0.5696047181181212,-0.07423563690931331,0.046242727232199854,0.8591753814067683,-0.1462083060233142,-0.06345055477550288,0.21595381929234211,0.8164249765437142,0.6509046138261374,0.6685018786233861,-0.11034257618072876,0.41368496746646477,0.0035018107643036327,0.6571759710392882,0.8062450130974884,0.4418136149442423,0.8505969045687658,0.09653104262215731,0.2166368357164387,0.15937916495863386,0.7331951617805375,-0.018782748176000494,-0.24573685611528512,-0.11875236125583599,0.8250549309244283,0.6168754925428196,0.879582724130388,0.8426405621311706,0.09406241001036197,0.13549227548370094,-0.08253946670525322,0.7504011887443653,0.6485193053442903,0.567356417238166,0.8126783927572261,0.8333547903545446,0.5191735684625927,0.8000910434223758,0.062393888849626725,0.5510261938067015,-0.1066756669250648,0.2141882329258687,0.735551417352629,-0.042878121006978326,-0.040382879903355554,0.7106235249139099,0.7634550682039344,0.41533664235889656,0.8450269747642987,0.8118937836794566,0.8428769956585501,0.24493632989691724,0.1894942816195831,0.32610558788182376,-0.12499397310142188,0.5583116361057019,0.44140614112889265,0.8442813179643991,0.8223937201590547,0.027220448597113745,0.5664552299894814,0.29872337952164807,0.279789487530428,0.2858731602043928,0.4218691179224658,0.25594629920791423,0.7516424300374753,0.8618086893792501,0.6484206598257797,0.8112320401639931,0.6450497293666808,-0.0002557474246215407,0.7889340431371635,0.8724598586124369,0.753924576105881
387.5,0.17502529979528864,0.5534913486750968,-0.06831618485135196,0.03697929056538833,0.859705726639497,-0.1349728929082417,-0.0686997182277023,0.2239393045283488,0.8242860652308096,0.650645418897913,0.6538144726364732,-0.10054617475757048,0.4147041670035027,0.008867637273927982,0.6561306391661564,0.8002767481678488,0.4325428715489045,0.8556778690904272,0.10489217374527908,0.20522374282502903,0.16288712214012716,0.7351728186505313,-0.003638640391815434,-0.25096161448941845,-0.12580162672364606,0.8209455596694382,0.6125143326611272,0.8789881839053741,0.8389982660548043,0.08494803878060375,0.13678160550882773,-0.06940707465043941,0.7523472068448431,0.6292112026447387,0.5566390785086726,0.8163416068878331,0.8375437300629534,0.5044820098489995,0.8034236131091518,0.048264024703932686,0.5318630864004004,-0.1049685769504279,0.21261260557247735,0.7258114566664505,-0.03834999286894022,-0.038393135463659606,0.7118937174551262,0.7594900991661545,0.4205748259351655,0.8466956641084801,0.8132995560640082,0.8518514468637151,0.2541610534265163,0.18231681964917631,0.3300900627494333,-0.13196871072973573,0.5449226903835511,0.43448780471827064,0.8443094914595971,0.8312816534967643,0.01056468697301809,0.5558184687463318,0.27957664696333995,0.2882411103339516,0.2789783764364525,0.41094943428710434,0.23151998762770995,0.7440529540628811,0.8669694484206539,0.6444529111838289,0.8125795113036567,0.6345762710386098,0.0077364639371872435,0.7946690547394457,0.8730160176116465,0.7402517539217491
388.5,0.18032657432507765,0.5357920317752394,-0.06149876536662267,0.028512087337486076,0.8582140789898179,-0.12280946027265997,-0.07273419955566195,0.23191827503479462,0.830512886162013,0.6489498118872488,0.6372033062304205,-0.08986674842624484,0.4150584910630217,0.0148925033012478,0.6536092312925066,0.7922107416996095,0.42233684071000904,0.8589293223257173,0.11358011778452218,0.193812767682103,0.16656894406754272,0.7355447882231584,0.012007977683849192,-0.2540744137123369,-0.13130097964170578,0.8147479209359012,0.6067072817399457,0.8762716004539776,0.8332303020053671,0.07639419988731921,0.13834144645484564,-0.05557568127852384,0.7526342774676037,0.6079204316549088,0.544476794527937,0.8182282999985716,0.8399193422991494,0.48843904948937533,0.805004676781957,0.03494238406396596,0.5111174100349676,-0.10210036512137972,0.21103547862944666,0.7140677479824923,-0.03298531493750165,-0.03550445755169609,0.7115992702479291,0.7536251931566557,0.425215454660303,0.8464265782258511,0.8128517010928459,0.8591610302511569,0.26330560798051356,0.1752523594621261,0.3337249563346826,-0.13736310669215868,0.5300615076973711,0.4266720665769158,0.8423419639739974,0.8385592680066349,-0.005027111174520741,0.5437452398166834,0.2600291428341464,0.29651434082720757,0.2717942944019794,0.3991456150764029,0.20691747631167373,0.7344794929071743,0.8702725113387692,0.6389487981278722,0.8120737164232998,0.6223869952758687,0.01634325795504421,0.7987693679937085,0.8715155425045398,0.7243832019749047
389.5,0.18574212744559188,0.5165345365574764,-0.053830287849090594,0.020869589752008283,0.85462475473655,-0.10978330730252199,-0.07556968852614092,0.23986851218847552,0.8350246120117539,0.6457753778901654,0.6186667775342767,-0.07836186920776654,0.41473368017700485,0.02154481949331611,0.6495702478132596,0.7819918642414792,0.41121642557033705,0.8602697702647222,0.12256795838860104,0.1824571376780587,0.17041231569240303,0.7342515676980299,0.02811450432794249,-0.25517068140721283,-0.13527833817579424,0.806399889669034,0.599428192974732,0.8713562732123832,0.8252708005908372,0.06843538990317324,0.14016505374739316,-0.04109703796208121,0.751200252034127,0.5846695058288185,0.5308743528630451,0.8182642606774788,0.8404037958501014,0.47107698049871266,0.8047623874801619,0.022488565237902443,0.488836760760917,-0.09811975263425124,0.2094626010493789,0.7002876783645479,-0.026822397555430377,-0.03174928814219681,0.7096852684280694,0.7458080332531839,0.4292328066418934,0.844144156090926,0.81047990813993,0.8647198268099864,0.27234510576841303,0.16833119984256528,0.3369944244119425,-0.1412079764457633,0.5137460582591095,0.4179697293197238,0.8383060936572712,0.8441435611890805,-0.01948528743381573,0.5302402213036632,0.24017857948891513,0.30458493192367,0.26434765448283215,0.38648932562703087,0.1822817738257549,0.7228804763403399,0.871634691918789,0.6318757280929181,0.8096444929293407,0.6084700531017193,0.025528085866297102,0.8011609802605392,0.8678809051717413,0.7062940726112752
390.5,0.1912552836466918,0.4957582579022143,-0.04535746890392992,0.014074496962514251,0.848865401825393,-0.09595661692289884,-0.07722789665157112,0.24776778720174808,0.8377416307130634,0.6410832023856738,0.5982144566168099,-0.066087089537788,0.4137173907776705,0.02879255621865523,0.6439759910504177,0.7695707877972336,0.39920825406794636,0.859619770453379,0.13182877975609228,0.17121018022449214,0.17440455752243156,0.7312364563907291,0.04464000489525931,-0.2543518667494173,-0.13776989774247717,0.7958443116317565,0.5906560310577771,0.8641691619545208,0.8150586379696623,0.06110205621054941,0.14224488150083306,-0.026020573102750945,0.7479858143552537,0.5594956721828295,0.5158446606011542,0.8163776410842412,0.8389215028038013,0.4524380644413933,0.802627335013066,0.010954649587562485,0.4650824115647908,-0.09307704589340414,0.20789971955749378,0.6844465843280684,-0.019900122618782802,-0.02716171572163128,0.7060998125984425,0.7359913632987227,0.43260209217772533,0.8397758099851746,0.8061169128265859,0.8684429461542971,0.2812546309657667,0.16158293076510927,0.33988333895878275,-0.1435424210596709,0.4960039380345167,0.4083963671805576,0.8321327228877651,0.8479524934675855,-0.032751236752785594,0.515316134409349,0.22012760400176523,0.3124286982771052,0.25666696249785503,0.3730183057345281,0.1577594838105595,0.709221087423481,0.870974856943912,0.6232061244506883,0.8052247381125012,0.5928219768222454,0.03525467797955739,0.801771601626525,0.8620378892571127,0.6859697847406933
391.5,0.1968492064544356,0.4735151722056303,-0.03612655612299696,0.008143826996556332,0.8408676308216446,-0.08138847073176908,-0.07773576123368528,0.25559387267486705,0.8385859998592646,0.6348384389517602,0.5758684782194102,-0.053095862878734135,0.411999374505392,0.036603416864058894,0.6367931667047734,0.7549049811581323,0.386344919509198,0.8569024327760207,0.1413356879570363,0.16012488882830436,0.17853266097963405,0.7264461192558749,0.06154506177649636,-0.2517229220156218,-0.1388187635753923,0.7830298780763443,0.580375533329683,0.854641551672618,0.8025382795611977,0.05442048531941098,0.14457263089310374,-0.010393493567550722,0.7429350565884731,0.5324525601510292,0.4994094991183496,0.8124994961708664,0.8353996420272882,0.43257515080645276,0.7985330925589921,0.0003849287029110622,0.43993023331864567,-0.08702349796582542,0.20635255464687807,0.6665289599167407,-0.01225765504198902,-0.021777081706566868,0.7007945932621344,0.724133837961914,0.43529960586523336,0.8332525195559553,0.7996991067654937,0.8702469736083767,0.29000924916013954,0.15503624214075584,0.34237736306058447,-0.14441239861954633,0.4768731649260845,0.3979725773994543,0.8237568345246151,0.8499054309007862,-0.044777613009563275,0.4989944885807329,0.1999828720675021,0.3200215450491545,0.24878236708622045,0.3587765155133005,0.13349890821234284,0.693474333576453,0.8682144229355491,0.6129181310411879,0.798751020884546,0.5754487038122671,0.04548713593696676,0.8005311395083463,0.8539162114252354,0.663407622734044
392.5,0.20250692549435317,0.4498707372279265,-0.02618311053910874,0.0030890835386480626,0.8305677342549094,-0.06613492089300024,-0.07712466272302883,0.26332455560789836,0.8374819276675328,0.6270109283660945,0.5516650106748562,-0.03943952006310222,0.40957166190329036,0.04494498332498564,0.6279935407952548,0.7379598606481534,0.37266517780392194,0.852043961787951,0.1510618238702932,0.1492534852440957,0.18278332213388315,0.7198312091039492,0.07879161667451043,-0.2473901542127313,-0.1384736346833651,0.7679121403762675,0.5685779179738912,0.8427098228568817,0.7876607641789002,0.04841274905485961,0.14713929830552006,0.005739088710230102,0.7359961170545983,0.5036118362860933,0.4816002795141484,0.8065643773405983,0.8297687325639227,0.4115522190384639,0.7924168198629831,-0.009184219855797225,0.41347148226775465,-0.0800107603630894,0.20482677659028087,0.6465298068345713,-0.003934200258861073,-0.015631630360264326,0.6937255243077992,0.7102009856767683,0.43730288959067554,0.8245095000595807,0.7911672213411963,0.8700504347477731,0.29858402048125987,0.1487187413849403,0.344463029462151,-0.1438693580689466,0.4564029442412926,0.38672420699683313,0.8131183006698197,0.8499236087207562,-0.05552829315081721,0.48130632705452625,0.17985398581480702,0.327339501828915,0.24072551657814217,0.3438142175260239,0.10964800700790844,0.6756222561465773,0.8632778929487979,0.6009963772126365,0.7901642680547852,0.5563666631176247,0.056189998406592244,0.7973722233186697,0.8434502315915996,0.6386185235967724
393.5,0.2082113622141129,0.4249046918303506,-0.015571841992978877,-0.0010835121986316084,0.8179075207985637,-0.05024910650871093,-0.07542967272564195,0.2709376523505272,0.8343562892626096,0.6175758732857577,0.5256557688880343,-0.02516729167203984,0.40642874912073773,0.05378483549590707,0.6175546564028144,0.7187101190079239,0.35821409044511576,0.8449742569075553,0.1609803689701294,0.13864698556706023,0.18714297389192197,0.7113470579064902,0.09634280805627723,-0.24145944615863138,-0.1367875692290137,0.7504546909677244,0.555261637328922,0.8283163589122955,0.7703848581733411,0.04309670629246687,0.14993522288632083,0.02233401120492588,0.7271218918689826,0.47306479561857906,0.46245877900633425,0.7985109962003811,0.8219632735361859,0.3894448104698425,0.7842199379706336,-0.017724313976185402,0.3858133929868553,-0.07209042211615906,0.203327981651337,0.6244561284442688,0.005031195042188169,-0.00876220243894213,0.684853444414201,0.6941662999447712,0.43859090621379915,0.8134869672105012,0.7804671043958135,0.8677742852386878,0.3069540169535111,0.14265678220753797,0.34612782252568247,-0.14196896558084532,0.43465437358608305,0.3746825470709451,0.8001627490857546,0.8479306229205654,-0.06497811844878891,0.4622929534632768,0.15985231351302082,0.33435876207917603,0.23252939589733712,0.3281879836874329,0.08635227578082062,0.6556572883799052,0.8560934505892615,0.5874328045079239,0.7794105439858912,0.5356039103721827,0.06732828325270417,0.792230779800893,0.8305797803263039,0.6116290433817657
394.5,0.21394535455655156,0.3987117035759677,-0.004336491539344673,-0.0043727352535185265,0.8028352942900279,-0.03378140386650668,-0.07268884628454474,0.27841102591888783,0.8291391904039657,0.6065145719448143,0.4979095248245359,-0.010326367717337281,0.4025677859907112,0.0630906466949893,0.6054606134775625,0.6971412523202967,0.3430431016208295,0.835627591109341,0.1710645450253257,0.12835477826551228,0.19159781672236914,0.7009544485970649,0.11416280609257272,-0.23403482951308513,-0.13381685298313045,0.7306305365936131,0.5404331716955167,0.8114106263043972,0.7506784097259503,0.03848605661542139,0.15295013320517864,0.03934990153483886,0.7162708336646953,0.44092380090380984,0.44203783338883057,0.7882829771426211,0.8119224707817099,0.36634031397548017,0.7738888932407575,-0.025214615884758557,0.3570795095145396,-0.06331363122748236,0.20186166861903723,0.6003285605273223,0.014599802234555162,-0.0012059716155859864,0.6741448956346493,0.6760124726610103,0.43914422373330203,0.8001310246146277,0.767550611206402,0.8633424377686909,0.31509434449839085,0.13687530680405352,0.3473602632687592,-0.13876994449168706,0.4117010515661951,0.36188448600308376,0.7848425752056698,0.843852960390063,-0.07311243891344595,0.4420066151265529,0.14008971583074303,0.341055728374751,0.22422814440870015,0.311960615605061,0.06375261112648326,0.6335837658694736,0.8465936329654756,0.5722275534412077,0.7664419449855243,0.5132012884630829,0.078867509139823,0.785046672442169,0.8152511357270347,0.5824834772883969
395.5,0.21969168089553026,0.3714018056413313,0.00748024488983724,-0.006782027635235557,0.785307010333893,-0.016779601707538363,-0.0689425684224268,0.285722606103639,0.8217645943914851,0.5938152129215994,0.4685135527447472,0.005038012894121405,0.39798876352653456,0.0728302571750965,0.5917029131912527,0.6732512988827704,0.32721003770854995,0.8239433929003855,0.18128760884751602,0.11842422202095224,0.19613384810543083,0.6886204791970647,0.1322166469588161,-0.22521738073731892,-0.12961998463447294,0.7084236868741097,0.5241078555378399,0.791950465582288,0.7285199316043711,0.03459044116728453,0.1561731927642518,0.05674700872819165,0.7034078513809375,0.40732346211555787,0.4204019553344378,0.7758297202910438,0.7995910740483347,0.3423380669538502,0.7613760306517733,-0.03164186265797744,0.32740968440351886,-0.05373079219580577,0.20043321578551324,0.5741831196427484,0.02473333365810938,0.006999778028160977,0.6615729882380172,0.6557327793873642,0.4389452094728745,0.7843947026153728,0.7523766328884653,0.8566823420999172,0.32298016996758505,0.13139770339417758,0.3481499970584392,-0.1343330416714003,0.3876295492351155,0.34837261236757244,0.7671181296647521,0.8376205820007998,-0.07992649240593379,0.4205111133518497,0.12067720921601002,0.3474070637624841,0.21585685615572622,0.29520096788261524,0.04198323851115195,0.609419584857651,0.8347161088420396,0.5553899052380721,0.7512176315114574,0.4892135820294965,0.0907736993195318,0.7757644210847192,0.7974181851462606,0.5512460867141823
396.5,0.22543308353703534,0.3431005602196988,0.01983675710475582,-0.008319137284231592,0.7652876442024699,0.0007109057522840992,-0.06423296162279313,0.29285041275083223,0.8121710315773765,0.5794737308590309,0.4375749293741512,0.020882449668680393,0.3926946985500368,0.08297172784988818,0.5762813656358038,0.6470527944137726,0.3107790176344143,0.8098671602884447,0.19162284313492148,0.10890027083111568,0.20073689081399948,0.6743195307107426,0.15047006800442275,-0.21510440429573233,-0.12425678494904233,0.6838309753470841,0.5063107235545269,0.7699036319657593,0.7039004358223805,0.0314155851451942,0.15959304412942954,0.07448702845652025,0.6885053249077291,0.37242143239178344,0.3976278431944692,0.7611073984918986,0.784920351419407,0.31754923291211223,0.7466405981078126,-0.036999895330991565,0.2969596769985274,-0.04339133254818244,0.19904785854444484,0.5460730345375575,0.03539403280490471,0.01581783587109466,0.6471183598432042,0.6333326203289095,0.43797823372179945,0.7662391790935987,0.7349122859510278,0.8477256388094624,0.33058675367923274,0.12624568067132666,0.34848788354993243,-0.12872012606251973,0.36253969907650796,0.33419525799891336,0.7469591112439729,0.8291675767936162,-0.08542465314545598,0.397882306095024,0.10172360185888873,0.3533897494384549,0.20745136424369193,0.277983665293879,0.021169777178027278,0.5831979918151357,0.8204045926185323,0.536939268647741,0.7337050217567681,0.46371062344953495,0.1030133702204346,0.7643340203397341,0.7770438087050568,0.5180033608068522
397.5,0.23115229208718852,0.31394888479581434,0.03269253073134517,-0.008995736119813668,0.7427528026277594,0.01864691392912805,-0.05860335795300704,0.29977258261918366,0.8003024144063732,0.563494719921165,0.40522159289946574,0.037165250091721266,0.3866918128022315,0.09348337638217848,0.559205055953903,0.6185749339380624,0.2938202633969943,0.7933515385336248,0.20204354437265307,0.09982513315549392,0.20539262020344623,0.6580343487510296,0.16888934500336608,-0.20378886449221656,-0.11778763110113458,0.6568641200698899,0.4870773590382715,0.7452496217918718,0.6768255346254242,0.028963475781376223,0.16319785157109984,0.09253292501228591,0.6715442469702227,0.33639868634381037,0.37380474060614055,0.7440801130889778,0.7678692297709391,0.29209641907464523,0.7296499039876203,-0.041289205278643104,0.2659002896716548,-0.032343531003499765,0.19771066769842588,0.5160706073357997,0.046544735414198665,0.02521121274437856,0.6307702346450744,0.6088312116787615,0.4362298820690599,0.7456352125726944,0.7151342856092219,0.8364089118783389,0.3378894877558944,0.121439160400967,0.34836608828625737,-0.12199341946552902,0.3365446538531272,0.3194064716473305,0.7243461929870015,0.8184329096143352,-0.08961958534122441,0.3742084640962381,0.08333414085809684,0.3589811489999958,0.19904801170275804,0.26038870690753974,0.0014275118032499715,0.5549694722193846,0.8036099281226015,0.5169061960133899,0.7138811689983052,0.4367782969126295,0.11555350727772222,0.7507118773467669,0.7541015207627846,0.4828662105930828
398.5,0.23683204699011232,0.284102481477881,0.04600813150783649,-0.008827027458116785,0.7176906075745748,0.03698719580783626,-0.05209783702488169,0.3064674001132698,0.7861089839621282,0.5458923976078577,0.3716030508556916,0.05384628612667854,0.37998970349776107,0.1043337977397504,0.5404933590372278,0.5878659114454736,0.27640980165003787,0.7743575952870804,0.21252300874340885,0.09123797096718714,0.2100865906962436,0.6397572458025083,0.18744113248221997,-0.19135902720938439,-0.11027281300626837,0.6275520158404875,0.4664547209997412,0.7179818146283676,0.6473178080475572,0.027232569338057705,0.16697534208627524,0.11084875221173848,0.6525155015948376,0.29945914519834027,0.3490346041693987,0.7247212327103782,0.7484056304185547,0.2661130025461317,0.710380649066263,-0.04451641737666415,0.2344159948760612,-0.020634399795277123,0.1964265286509343,0.48426902979203235,0.058148905073237764,0.03514325614181791,0.6125275849704795,0.5822634095270064,0.4336891754222936,0.7225648154842783,0.693030521906302,0.8226745695876575,0.3448639406701063,0.11699618907528213,0.34777817531029837,-0.11421485503367368,0.3097706680177046,0.3040659140398999,0.699272903558209,0.805361288040473,-0.09253133676263285,0.3495904385738482,0.06560921059142513,0.3641590794045901,0.19068341141973416,0.24250095309235625,-0.01714006904673785,0.5248036873646178,0.7842913786132655,0.4953334057299349,0.6917343415191851,0.40851937648397546,0.1283615301598764,0.7348618904358067,0.7285774013397204,0.4459719622280918
399.5,0.24245512350765863,0.253730818917799,0.0597451681090583,-0.007831351853648864,0.6901038713239447,0.055692286374086054,-0.04476082893388271,0.31291333224161494,0.7695484161494319,0.5266916062389237,0.33689061814323373,0.0708868414428702,0.3726015018807227,0.11549187124211753,0.5201769868207067,0.5549953837023545,0.25862904953739535,0.7528563266006281,0.22303451694679347,0.08317464346298024,0.2148042616168552,0.619491426290918,0.20609230796777983,-0.17789827477741513,-0.10177200519233678,0.5959432295281182,0.44450192024450025,0.6881099489454175,0.6154194179057066,0.026218020574222827,0.1709128447726515,0.12939947496730625,0.6314212833429496,0.2618285241387869,0.3234320354399013,0.7030149365219762,0.7265080274692595,0.23974214197659718,0.6888204506604305,-0.046693729197394854,0.20270302716194463,-0.00830961393896538,0.19520012154451444,0.4507840566686004,0.07017064667747498,0.04557773583969606,0.5924003920390704,0.5536816324039272,0.43034779640584536,0.6970231891800949,0.6686018511736364,0.8064718868638675,0.3514859082364679,0.11293286904086537,0.34671920004380397,-0.10544555578749101,0.28235655795408454,0.28823866603178655,0.6717477761191402,0.7899041777457753,-0.09418640457445566,0.32414159751981925,0.04864312139015492,0.3689018887711932,0.1823941982310624,0.22440949493883983,-0.03444242107266758,0.4927913857948264,0.7624181594195016,0.47227678012269025,0.6672658171845237,0.37905412464931254,0.14140524944557892,0.7167566899251664,0.7004723408314245,0.4074859851319023
400.5,0.24800435644751345,0.22301563193619106,0.07386623735471416,-0.006029799475924286,0.6600125678807574,0.0747242663822821,-0.036636779737581324,0.3190890680772295,0.7505871164021641,0.5059288329372844,0.30127706550886885,0.08824945257728732,0.3645440159978685,0.12692675599002848,0.4982990448214529,0.5200569744955514,0.2405642808406731,0.7288304242766095,0.2335513187164842,0.07566749892465516,0.21953102264802796,0.5972524295027332,0.22480982085473072,-0.16348506031710647,-0.09234384549947425,0.562108642960733,0.42129090801554786,0.6556629304804837,0.5811949208252611,0.025911928254844972,0.17499732852360003,0.14815079288328176,0.608276653887439,0.22375230283236952,0.2971239351744138,0.6789579776756708,0.7021672515827335,0.2131354634694536,0.6649695705965347,-0.047838324606414594,0.17096694224833014,0.004586519322810483,0.19403590251549266,0.41575541525189663,0.08257470092557517,0.056478903104670984,0.5704109954932971,0.5231578287443983,0.42620032057403867,0.6690209316957809,0.641864104759511,0.7877582447600696,0.35773147138106076,0.10926330924996124,0.3451858016345172,-0.09574542324196637,0.2544528050723637,0.2719949429395526,0.641796761745015,0.7720209971919296,-0.09461680218559926,0.297987489318837,0.0325230245843259,0.37318854112833055,0.17421677640200944,0.20620690973404102,-0.050402748735689805,0.4590461915372915,0.7379712470746067,0.4478062990965472,0.6404918941651194,0.34852057126642405,0.15465281658193414,0.6963790600277802,0.6698046068260315,0.36760276479412346
401.5,0.2534626658771778,0.19214892577059,0.08833485521354487,-0.0034458357435071148,0.6274565847811894,0.09404654761180264,-0.02776987585917536,0.32497356297675656,0.7292017305094614,0.4836532213762849,0.26497556823126894,0.10589774656011997,0.3558378535055745,0.13860787651089435,0.4749160660644449,0.48317070107571425,0.22230597240704203,0.7022763281718987,0.24404661788004126,0.0687452168763756,0.22425221900339537,0.5730696759074115,0.24356054657717907,-0.14819297180510335,-0.08204561044144817,0.5261441547813027,0.396907034677347,0.6206919454283633,0.54473419823532,0.026303590610383138,0.17921543808301188,0.16706896695040305,0.5831112219041457,0.18549276206019125,0.2702488427354091,0.6525616731093447,0.6753885531291056,0.18645142436875387,0.6388428487673021,-0.047971778441950164,0.13941967853213677,0.018011057163923,0.1929380861074305,0.37934780967712756,0.09532642282963037,0.06781152663660642,0.5465955117921315,0.4907854125701608,0.4212444503759335,0.6385865130235868,0.6128503018462058,0.7665006034812403,0.3635770608799314,0.10599959532473273,0.3431762937730107,-0.08517282502823978,0.2262202777591928,0.25540971012803315,0.6094658828330084,0.7516805231145505,-0.0938591513969462,0.27126519716907427,0.01732798494749351,0.3769987080833645,0.1661870660845223,0.1879884107576281,-0.0649584535022936,0.4237061464802446,0.7109454919652534,0.4220068609243115,0.6114461040007872,0.31707439061987397,0.1680726687439597,0.6737235560789484,0.6366127201907558,0.32654621400171846
402.5,0.2588130840937134,0.16133049917664588,0.10311537658817183,-0.0001049456714827065,0.5924987105860942,0.11362366122163396,-0.018203823020837517,0.33054608776602257,0.7053808949626176,0.4599275401329727,0.22821786705258904,0.12379627709441314,0.34650752003049795,0.1505049002588833,0.45009898144193283,0.4444851676027999,0.20394803505233455,0.6732065752783903,0.25449355867487305,0.062432701311351924,0.22895317659568165,0.5469880899953796,0.2623111466737473,-0.13209088014295617,-0.0709329764895523,0.48817331439036565,0.37144943075626574,0.5832738142525188,0.5061553801167011,0.02737976512690765,0.18355352851058843,0.1861206501862391,0.5559709184715567,0.14732508678740455,0.24295593236739563,0.6238541116970475,0.6461939249526865,0.15985337587568474,0.6104718297521952,-0.047119467049950084,0.10827619254815009,0.03192238959811844,0.19191062898265596,0.3417513645794563,0.10839174685200861,0.07954090825874811,0.5210052898665367,0.45668106557746846,0.4154812494834954,0.6057689898519134,0.5816130326600595,0.7426772433203614,0.36899952932595487,0.10315177830004507,0.34069075298494333,-0.07378436991152873,0.19782856457656361,0.23856219747251486,0.574824073334222,0.7288625359124157,-0.09195381945800112,0.2441223562907663,0.003128234810092894,0.3803128674258624,0.15834025237816446,0.1698509044040422,-0.07806123076444679,0.3869348616720013,0.6813520495736644,0.39497893326431965,0.5801815926246314,0.284888298102338,0.18163347012583997,0.6487983232296941,0.6009585974362507,0.28456901603595236
403.5,0.26403878406676967,0.1307650317840381,0.11817290649285336,0.003965698812768501,0.5552277764798557,0.13342105038017654,-0.00798167481564679,0.3357862831123394,0.6791272423372914,0.4348290636227933,0.1912515894544062,0.1419103609828997,0.336581488362998,0.16258770856365912,0.42393397602318517,0.40417933476207624,0.18558693789366262,0.6416524392775962,0.26486521408601155,0.056751024419966746,0.23361922734317084,0.5190697578321954,0.2810279353644351,-0.11524314958901387,-0.05905985641945084,0.4483497197804365,0.3450311591761292,0.5435144761109572,0.4656075932384794,0.029124927603719875,0.18799769816025275,0.20527272293700788,0.5269198231515375,0.1095326056118395,0.21540365074924148,0.5928825531696623,0.614624665238827,0.13350736407677113,0.579907050821333,-0.04530999708679418,0.07775077563185956,0.046280184767029185,0.19095721497735907,0.3031813485552373,0.12173714111706398,0.09163288116744758,0.4937083587062855,0.4209862784683304,0.4089153745326285,0.5706409016605117,0.5482269523214534,0.7162798021554999,0.3739762303953064,0.1007278811581013,0.3377311031519573,-0.06163475863939696,0.16945393123226016,0.2215353133952242,0.5379661167869259,0.703559728632501,-0.0889441159030132,0.216715818341319,-0.010015373788098058,0.3831124085524877,0.1507105406778957,0.15189197238481858,-0.08967683651003996,0.3489221155218328,0.6492211267516486,0.36683897070036176,0.5467736088242099,0.25215089933507867,0.19530405097864342,0.6216271107775141,0.5629308772710668,0.24195081474556096
404.5,0.2691231095709462,0.10065881384561974,0.1334732048825246,0.008737545620810307,0.5157618256353758,0.15340486803643233,0.002854294179279372,0.34067421920412555,0.6504596644796726,0.40845031290260464,0.15433672885992866,0.16020591612741325,0.32609223363280665,0.17482636245365177,0.3965231721118297,0.3624636449343012,0.16732073994468316,0.6076668288124634,0.27513457679318015,0.05171741900322206,0.23823573486065192,0.4893955599773726,0.29967675328146764,-0.09770989269496597,-0.046478300218263165,0.4068589706818921,0.31777908679179934,0.501552439312093,0.42327331756163655,0.03152152608537005,0.192533820253681,0.22449213344759497,0.49604197592843047,0.07240131247539319,0.1877579966091225,0.559715964861847,0.5807441345014832,0.10757972745445303,0.5472204352284314,-0.04257466264906336,0.04805319043040686,0.061045315536168335,0.19008124161243994,0.2638770281071997,0.13532955292404192,0.10405379335928924,0.4647908063004835,0.38386848156804027,0.401555300816521,0.53330125253345,0.512791294180203,0.687315627523829,0.37848510561040943,0.09873392190738477,0.33430119512116596,-0.04877669959673485,0.14127693654270476,0.20441496268288112,0.4990155508575992,0.6757798933499303,-0.08487555948230216,0.18920996334492107,-0.0220517111840906,0.38537974454044405,0.14333092194696148,0.13420880099154325,-0.09978455825714684,0.3098837300010457,0.6146050128748685,0.3377195310001378,0.5113220082301526,0.2190649442559777,0.2090533456876374,0.5922514596916757,0.5226483013209673,0.1989951137694554
405.5,0.2740496071998635,0.07121622737708597,0.1489825870888288,0.014180941307370538,0.47425113328985474,0.17354178044563084,0.014262675853960979,0.34519046086737254,0.6194158177985369,0.380899595973307,0.11774133952783387,0.1786493022080787,0.31507622962666315,0.18719106469492638,0.3679850725074213,0.3195802651351152,0.1492480477036815,0.5713273793329746,0.2852745534946877,0.04734531664254298,0.24278812065963287,0.4580667013514378,0.3182228490152592,-0.07954725530180992,-0.03323845066086882,0.3639199344176214,0.28983342601725126,0.45756197316584524,0.3793700920050284,0.034550225943364925,0.19714757320573692,0.24374574423362755,0.4634430880628483,0.036213890143675355,0.16019046261242204,0.5244476122257429,0.5446406272124712,0.08223456559464445,0.5125077052652213,-0.03894693842620196,0.019384789113379007,0.07617977131556371,0.18928580806379677,0.22409953063224064,0.14913634748960375,0.11677047868444504,0.4343580133862243,0.345521598212456,0.3934135379429091,0.4938784394036239,0.47543227593169934,0.6558104442073136,0.3825047786039867,0.09717395179759705,0.3304068799141539,-0.035260878951858254,0.11347976637834485,0.18728927609080642,0.4581273606405679,0.6455483831135954,-0.07979522159158654,0.16177467840345594,-0.03293950722791139,0.3870984306343027,0.13623295134145944,0.1168970830176298,-0.10837643486648427,0.2700605634772385,0.5775813304913429,0.3077690222302606,0.4739536454178075,0.1858449671150868,0.22285033095537946,0.5607330193053303,0.4802629638744185,0.15602482222071748
406.5,0.27880206042383643,0.042636113565744836,0.1646678215590355,0.020265380951363703,0.43088084751989514,0.19379877693332442,0.02620298156488533,0.3493161381590109,0.5860548300215249,0.35230128165784963,0.08173657082814376,0.19720716498721602,0.30357390153565283,0.1996521192638721,0.33845469301794917,0.2758022122240371,0.13146692171183794,0.5327396315406168,0.29525796316415287,0.04364442775781984,0.24726189111394997,0.42520604006448276,0.3366307691843594,-0.060807720119935384,-0.019388544521831898,0.31978506159851205,0.26134690428606316,0.4117557562413376,0.33415128055861565,0.03819014309395268,0.20182446984475133,0.26300018480830584,0.42925204215476664,0.0012435167066631322,0.1328756808418184,0.48719758309550104,0.5064302386779872,0.057631166858663783,0.4758906962956163,-0.03446201432171412,-0.008065213274654157,0.09164655848801626,0.1885737046928604,0.1841286425339308,0.16312524167085993,0.12975021772036738,0.4025356502609749,0.30616584842664685,0.3845068307357855,0.45253293960035695,0.43630523454027426,0.6218113138127703,0.38601465691393233,0.0960501070908935,0.3260560741679349,-0.02113597596214941,0.08624336703596795,0.1702477636351028,0.4154902362401919,0.6129108258901199,-0.07375114891502364,0.1345830431104155,-0.042647292331951005,0.38825328880785787,0.1294465433740652,0.10004992050983796,-0.11545627618801524,0.22971648470868974,0.5382563956426799,0.277151017965824,0.434824489626901,0.15271432922853723,0.2366639651453811,0.5271559225114435,0.43596318748946405,0.11337648433730878
407.5,0.28336452582161364,0.015108178607479556,0.18049602636867537,0.026959728902645686,0.38587297155423006,0.21414298624949354,0.03863566537076518,0.35303302248811613,0.5504601357583128,0.3227957389006716,0.04659122925296771,0.2158462849650514,0.29162953080998294,0.21217988941491112,0.3080833130199906,0.2314311536546289,0.11407375863613303,0.49204014100331595,0.3050575398269773,0.04062085894608625,0.2516426652856772,0.39095909947525004,0.35486425781262143,-0.04154042009395416,-0.004974951288439309,0.2747394901534943,0.23248353081664969,0.36438664403248827,0.28790560124840825,0.04241906296890559,0.20654988567764695,0.2822217112902089,0.39362205052035004,-0.03225222328849862,0.10598883445556766,0.4481150869747889,0.46625956317478956,0.03392149068636464,0.43751941796303556,-0.029156375024257712,-0.034123139007149424,0.10740959229360639,0.18794740412479788,0.14425853527633,0.1772642342957916,0.14296069048288834,0.369470332176846,0.2660466396062989,0.37485634026211334,0.4094595233868949,0.39559629072557334,0.5853898295937127,0.38899504123865003,0.09536267264313976,0.3212588161910859,-0.0064487151201800055,0.05974447852780633,0.15338040724387653,0.37132812927752845,0.5779360372590338,-0.06679186528546464,0.10780878240677774,-0.0511531582996817,0.38883053792889183,0.12299978645336826,0.08375675772627646,-0.12103853616818194,0.18913523922452766,0.496768525926257,0.24604308924072232,0.3941212646394828,0.11990172289242255,0.25046312980224944,0.4916291178291985,0.3899757263379834,0.07139334831542998
408.5,0.28772137160776506,-0.011190403593786993,0.1964345657935986,0.034232410877249916,0.3394873717394841,0.2345414998567364,0.05152212189386085,0.35632360820019027,0.5127423298307441,0.2925388757011544,0.012566111884019135,0.23453343112141903,0.2792911083734514,0.22474475538127026,0.2770377781191725,0.18679373714009004,0.09716217797188532,0.4493993107379482,0.3146459404625166,0.03827726246408822,0.2559162038076468,0.35549463389441666,0.37288616581619977,-0.02179145474090696,0.009957757826165266,0.22909870749351663,0.2034169467920081,0.3157481864387558,0.24095514314204497,0.04721364354995801,0.21130908637855375,0.30137607347383816,0.356731324447878,-0.06403699002412055,0.07970291746387988,0.40738033268430157,0.4243080136540026,0.011247801802185906,0.3975736754284265,-0.02306742619538445,-0.05863376652331605,0.12343358267896357,0.18740905393385077,0.10479249436551885,0.19152153446134615,0.156369922777776,0.33532982099578074,0.22543240923907396,0.36448779914827584,0.36488871677197926,0.3535233158338486,0.5466454477481522,0.3914272420489338,0.09511015555264432,0.31602731111267823,0.008756052214328205,0.034152681572287666,0.13677671183224813,0.3259008160767236,0.5407190418400433,-0.05896595037403959,0.08162356671238168,-0.058444360421003726,0.3888179290375516,0.11691877915825044,0.0681023735831309,-0.12514709228027907,0.1486161869606,0.4532910772610682,0.2146351200967672,0.35206238598589973,0.08763723818090273,0.26421657415082783,0.45428852300043776,0.34256695688003014,0.0304175520246747
409.5,0.29185731852386265,-0.03609803971079124,0.2124509480777868,0.042051578375653535,0.292021481275735,0.25496120246583126,0.0648246628551864,0.3591711995423088,0.4730418838635376,0.26170122001659724,-0.020091607175945308,0.2532352203474141,0.26661013323057786,0.23731707270681573,0.24549930077441479,0.14223639558528975,0.08082194353306679,0.40502368689958407,0.32399575857827634,0.036613012399985836,0.26006843897434173,0.31900461189880414,0.39065837151499094,-0.0016042045636248815,0.025366716798759882,0.18320460752702208,0.17432836596664028,0.2661735255007126,0.1936516585918773,0.05254960129291797,0.21608725468205625,0.32042838999987394,0.3187830986081547,-0.09390058969770124,0.05418594000956088,0.36520575567419583,0.38078951192371996,-0.010259451617465951,0.3562640368818372,-0.016233167502945643,-0.08146264244529491,0.139683916174165,0.18696047090023596,0.06603681667813655,0.20586548910854963,0.16994622784962998,0.3003026602435789,0.18461133456936868,0.35343163494761726,0.3190872150267561,0.3103359600987901,0.5057088060987978,0.39329370329548496,0.09528936705875543,0.3103759634163882,0.02443524296803465,0.00962757774721312,0.12052473663458356,0.27950317166349586,0.5013840695588547,-0.05032169119359624,0.05619425438608975,-0.06451678623061588,0.3882048849545335,0.11122749012471989,0.05316596121519266,-0.12781398060089738,0.10846897515978468,0.4080349336386659,0.18312709847946798,0.30889795532746395,0.05614813518072813,0.2778928635299963,0.41529883113599675,0.29404269731935706,-0.009218185972586581
410.5,0.2957574831430171,-0.059471282783044296,0.22851272542018836,0.0503852468627381,0.24380838992799014,0.27536861016637315,0.07850647588538504,0.36156000284575773,0.4315315263994733,0.2304664996713758,-0.051153642124904385,0.2719179831946342,0.25364135456244313,0.24986713212215056,0.21366172388473217,0.09811869531969489,0.06513794956735611,0.3591574145579581,0.3330795439619041,0.035624401964067805,0.264085506111709,0.28170348532294964,0.4081417130844008,0.018980360006720584,0.04121065299206164,0.13741988321422138,0.1454041371309594,0.21603234921290518,0.14637102303500343,0.05840187932426888,0.2208695168460185,0.3393430323002232,0.2800048589625543,-0.12166286591522538,0.029598186146451655,0.32183634689886664,0.3359532685202799,-0.030483435579646445,0.31383191962210377,-0.008691911501059106,-0.10249770066291519,0.15612653564293807,0.18660313684571495,0.02829412992704357,0.22026451102507724,0.1836581447945877,0.26459714006941015,0.14388689526104703,0.3417230548739056,0.2723569476920057,0.26631450861568046,0.46274482512970244,0.3945781329851264,0.09589551088670162,0.30432139524121943,0.04054741967788763,-0.013683780715297359,0.10471013054410291,0.2324628881298625,0.4600873444751733,-0.04090680115322755,0.03168018137764221,-0.06937431866459429,0.3869826434727504,0.1059476429454234,0.03902031918807469,-0.12907813031532206,0.06900730606455222,0.3612501260932964,0.15172640490898093,0.26490858012445345,0.025654497779169068,0.2914603325145709,0.37485477094137365,0.24474631578529715,-0.0471989003869027
411.5,0.2994074236081517,-0.08118681158468137,0.24458739710050387,0.05920140940082389,0.1952130734676902,0.2957297165862417,0.09253156887798657,0.36347522371361346,0.3884180447168126,0.19902969984872687,-0.08041523098634719,0.29054763656766375,0.24044245668572922,0.2623651218334732,0.1817292385323041,0.054805435572167695,0.0501892994485031,0.31208252567362815,0.34186982911912067,0.03530485639458379,0.2679537764046833,0.24382662963517476,0.42529593392408077,0.03992337751106213,0.05744976120284534,0.09212083228198319,0.11683298574179386,0.16572567751893102,0.09950590005984189,0.06474479773211705,0.22564096889853724,0.35808351809088584,0.24064664243733408,-0.14717639863120818,0.006089633485734127,0.27754883579934686,0.29008336250660566,-0.04932234096233971,0.2705485725067368,-0.0004820464662158014,-0.12165014754966645,0.1727278193375127,0.18633819603544738,-0.008143537740949308,0.23468700836206063,0.19747437508980237,0.2284395099113195,0.10357236372889773,0.3294020850882855,0.22503253107752128,0.2217673667427375,0.4179553294830879,0.3952656402108361,0.09692227633811182,0.2978824488170477,0.05705265453859466,-0.035649106707777954,0.08941519609300705,0.18513644048484285,0.41701943505521133,-0.030768200762583454,0.008230605413881579,-0.07302812201370967,0.3851444031093535,0.101098626833971,0.0257311746294649,-0.12898413449873508,0.030542054141262313,0.31322622830153557,0.12064465566247126,0.22040282266510172,-0.0036350337397057396,0.30488704352843427,0.33318160275239395,0.19505485333210992,-0.08323523185653123
412.5,0.30279318777275666,-0.10114275692097444,0.26064231661039367,0.06846812760308109,0.14662662907113225,0.3160098475449753,0.10686470277397411,0.36490316888866536,0.3439432346175096,0.16759460458241346,-0.1076989009057564,0.3090895639908724,0.22707368771110886,0.2747810930283384,0.14991357934285993,0.01265784881154389,0.03604850157715858,0.26411773593386534,0.35033916286380345,0.035645156200191805,0.2716598911898954,0.20562787464879478,0.4420796419408135,0.06118780373398318,0.07404556735274173,0.0476888108364573,0.08880301734442857,0.11567841403144048,0.05345682360758243,0.07155218613373818,0.23038670281928794,0.3766124152242033,0.2009783152205451,-0.1703279208963299,-0.016202361404269266,0.23264950813844582,0.243496852306586,-0.06669036607785798,0.22671276377509528,0.008358159431334921,-0.13885461847255914,0.18945446065622745,0.18616645405867482,-0.04300156178301666,0.24910131659557821,0.21136371847066573,0.1920713908557615,0.06398439612147994,0.31651355760224364,0.17747692131385204,0.177027044262669,0.37158087758783265,0.3953428780889327,0.09836193449963097,0.291080171490104,0.07391238390626878,-0.05615265455971065,0.07471800644079743,0.13790321596793656,0.3724068916180744,-0.019951853624185948,-0.014017592855938104,-0.07549587833273552,0.382685470211584,0.09669743327926869,0.013356653197940108,-0.12758108650180627,-0.006625930422492652,0.26429117886234804,0.09009419244928421,0.17571315103287563,-0.03152724812584283,0.31814075170835737,0.2905346282451292,0.14537300813752266,-0.1170703093700222
413.5,0.3059013636987628,-0.11925934939007424,0.27664460360367216,0.07815360199311766,0.09845854178971007,0.33617352478528784,0.12147131530073985,0.3658313524036696,0.2983837114228872,0.136370861330308,-0.13285718666590618,0.32750850416844235,0.21359743441356427,0.2870849293929315,0.11843075713024007,-0.027975625597096272,0.02278080248619145,0.21561547165118394,0.3584601515089204,0.0366336658145289,0.27519079782340766,0.16737609415519158,0.4584502837609136,0.08273813018276785,0.09096078498278945,0.0045007282349575186,0.061498587339194534,0.06632980325000795,0.008622091840713855,0.07879749902828284,0.23509183288070976,0.39489125681273485,0.16128579421376704,-0.19103846026661747,-0.03715502114012581,0.18747050062031076,0.19654020743818626,-0.08251825361157163,0.1826470445111505,0.01779071566691519,-0.1540686532054164,0.20627334971430517,0.18608837818469487,-0.07602900964189392,0.26347563394490436,0.22529500924279516,0.1557463862875672,0.02543599366169978,0.3031070382104252,0.13007520229346678,0.13244460823260726,0.32390145337484066,0.39479819198601296,0.1002054360471512,0.2839377818337559,0.09108925641855894,-0.07509649751370562,0.06069159829186645,0.09115787442382028,0.32651286794673917,-0.008502651355024237,-0.034941861910200746,-0.0768010000538201,0.3796034060344881,0.09275861840944215,0.0019469049726681211,-0.12492150370931814,-0.042212939339555985,0.2148082263261275,0.06028434294399697,0.1311903654335445,-0.05784787519387448,0.33118887676574904,0.2471975101776239,0.09612499945117488,-0.14848524550976247
414.5,0.3087191324168753,-0.1354789040323178,0.29256106144626476,0.08822622378590803,0.05112720040781068,0.35618433947882444,0.13631743790817924,0.366248605535884,0.25204931018707794,0.1055706427501473,-0.15577420488342325,0.34576844854244654,0.20007774754280483,0.2992463213639306,0.08749742558424252,-0.0667684392833283,0.010443671654912307,0.16695693985279916,0.36620550804555224,0.038256563191577754,0.27853378714158694,0.1293508867111919,0.4743641349090635,0.10454011314221219,0.10815916717453836,-0.03708088755978161,0.03509715799613493,0.018122166853287637,-0.034612968655610504,0.08645391471135119,0.2397415222966945,0.41288046856194943,0.12186625075994666,-0.20926230030776014,-0.05666167833579293,0.14236451020329338,0.149583951334312,-0.09675338807757053,0.13869254990490543,0.027778031933289666,-0.16727157282217053,0.22315145770324354,0.18610409907904435,-0.10700405070450225,0.2777779610356047,0.23923705409543922,0.1197259459460727,-0.011770814201290346,0.289236689353698,0.08322660227389192,0.0883827020642096,0.2752356686709893,0.3936217722361638,0.1024425092845965,0.2764806156245061,0.10854697722823523,-0.09240127645380068,0.047403261092391305,0.045301184673136416,0.27963641924499916,0.0035356588227699963,-0.05443551391864245,-0.07697184175498649,0.37589817224800715,0.08929429019621013,-0.00845611083977629,-0.12106035337867307,-0.07595903315704053,0.16517079095915208,0.031417602383330565,0.08719660109752696,-0.08244446130451519,0.34399848253310206,0.20347924466970654,0.04774454102151312,-0.17730294544276606
415.5,0.31123432282614144,-0.14976519386120285,0.3083581011377863,0.09865461018280033,0.005049085947590033,0.37600483624634384,0.1513696078265489,0.36614518995364587,0.20527985409088903,0.07540501394257912,-0.1763660706522253,0.3638325486752401,0.1865798236215499,0.31123474580739036,0.0573270128227502,-0.10342432323971455,-0.000913553611218736,0.1185451952928331,0.3735481097149309,0.04049806639103291,0.2816765325180219,0.09183745339379015,0.4897763068635794,0.1265605132897901,0.12560535601670247,-0.07671763555774147,0.009766271674493999,-0.028511478219399124,-0.07588669264998824,0.09449441866320997,0.2443210103803674,0.43053930932375517,0.08302242163113008,-0.22498492884671978,-0.07463283281218171,0.09769798274130995,0.10301554501340515,-0.10935948154233702,0.095202418575348,0.03828300922083813,-0.17846286564602534,0.24005572501538572,0.18621341383056875,-0.1357381894505501,0.2919760457095625,0.2531585723497161,0.08427460035806991,-0.04735215982098439,0.2749610627569056,0.03733501595405677,0.04520737162422524,0.2259381601315691,0.3918058103849981,0.10506175715137386,0.2687360505536902,0.12625015047336058,-0.10800641997692947,0.03491393930419907,0.0007297631420120239,0.23211019829787527,0.016120509704888195,-0.07240879496898474,-0.07604093072815087,0.371572272979645,0.08631411923926668,-0.01781868539158076,-0.11605418890560712,-0.1076337886656328,0.11579518862213503,0.003685902230067927,0.0440971516221753,-0.10518848754416817,0.3565362649303899,0.15970970463438203,0.0006633787782885012,-0.20339007783154953
416.5,0.31343546857770166,-0.16210229362368989,0.32400167235953703,0.10940762512224778,-0.039372757897855146,0.3955964085989478,0.1665947769519977,0.36551291335600056,0.15844016177686226,0.046080142930893145,-0.19458022308215317,0.38166303427447235,0.17316945099558237,0.323019451823002,0.02812577565392118,-0.13768442531660768,-0.011249861199984215,0.07079633938848671,0.380461064295336,0.04334065376363605,0.2846071304998286,0.05512085424604757,0.5046407719926933,0.14876684570427495,0.14326473137584123,-0.11410415636535198,-0.014339231906280855,-0.07316013222737197,-0.11487099916674963,0.10289187250061098,0.2488156403781827,0.44782582589743064,0.045056240511067644,-0.23822018762703845,-0.09099671590503446,0.053842992373206465,0.05723070946161228,-0.12031589331950895,0.0525340439240616,0.049269102864680774,-0.18766020384082452,0.2569529539510378,0.18641579017565663,-0.162079117865863,0.306037333734059,0.26702813957753907,0.04965474326875675,-0.08104898053584308,0.2603428179498691,-0.007201507861004408,0.0032790797202523663,0.1763949498399028,0.3893446577993332,0.10805075220298148,0.2607334089001297,0.1441641216455831,-0.12186986406023555,0.023277760239257365,-0.04217470139876362,0.18429634325918157,0.029210518486976467,-0.08878947053945838,-0.07404423232833371,0.366630891338955,0.08382537146698685,-0.02611527242100417,-0.1099603995129416,-0.13704084206298223,0.06711135868345759,-0.022732865000339712,0.002251496176425332,-0.12597666152453463,0.3687685489896567,0.11623377727515752,-0.04470094741929677,-0.22665721151411405
417.5,0.31531186673183376,-0.17249299525594697,0.3394572024155716,0.12045438751082975,-0.0817602290191371,0.41491920674255367,0.18196021905017626,0.3643452467435835,0.11191329564479902,0.01779351329285152,-0.21039379269084138,0.39922114279668747,0.1599124294853317,0.33456945331125987,8.895066599276126e-05,-0.16933275794120373,-0.020532599121481067,0.024129189727740433,0.38691778536649213,0.046765274921040344,0.28731414300253527,0.019479894217497983,0.5189104072295423,0.1711271399028667,0.1611032603980608,-0.14897562508313392,-0.03707963762388024,-0.11544696435396332,-0.1512798665478477,0.11161906967992485,0.25321088814017145,0.46469682313013394,0.008262082669877801,-0.24900686084949825,-0.10569936961752817,0.011168172452199329,0.012623561978207281,-0.12961664254539257,0.011040504832495083,0.06070036093494974,-0.19489721558934678,0.2738097067806887,0.1867103718702966,-0.1859120952243715,0.3199289262022971,0.2808141353978776,0.016121191752672077,-0.11263272349303613,0.24544836442997026,-0.05000169844234777,-0.03705659280833798,0.127016677421014,0.3862349852488576,0.11139612858548098,0.2525038376861729,0.16225482124022755,-0.13396732336247122,0.012541695134358637,-0.08305604762463872,0.1365804676044166,0.042765464940334216,-0.10352293226506393,-0.07102046244681408,0.36108201810569013,0.08183296072149995,-0.033328266280547275,-0.10283657204254174,-0.16402100079234427,0.01955195930176807,-0.04767790633284566,-0.037995970716956526,-0.14473136880860013,0.3806612956183508,0.07340424337753115,-0.08795731061690606,-0.24705726488042382
418.5,0.3168536379696863,-0.18095690691316993,0.3546895438218398,0.1317642687369504,-0.1217708489704453,0.43393205877864516,0.19743343658682758,0.36263744236284645,0.06609221521374231,-0.009269692448893101,-0.2238111911455976,0.4164670615425929,0.14687397434824986,0.34585352891379,-0.02660282100848286,-0.19819966863716318,-0.028737361869681476,-0.021046043010839535,0.3928920768300334,0.05075155024123377,0.28978664095292966,-0.014819057829994256,0.5325370572559638,0.19360970954310808,0.17908734891904635,-0.18111335336345907,-0.058332319487812756,-0.15504001658990238,-0.1848758023373983,0.12064877915739676,0.25749239181088523,0.48110785035884157,-0.027080025588814373,-0.2574049394548177,-0.1187042728400282,-0.02997081102969141,-0.030423897299575398,-0.1372691805207912,-0.02893836373043136,0.07254144117095827,-0.20022113199478647,0.29059220995377,0.18709598508414368,-0.20715987815959816,0.3336175443958586,0.2944846962984936,-0.016084210511865493,-0.14190979082042784,0.2303474272135889,-0.09071170344130033,-0.0754779889191299,0.07822979779064244,0.3824759418474481,0.11508367035424036,0.2440801661881228,0.1804886108040728,-0.14429118413905545,0.0027453561562821643,-0.12159334622551772,0.0893638205454659,0.05674624786168068,-0.11657185627459916,-0.06701045597855664,0.3549365700180082,0.08033951899228281,-0.03944766259197417,-0.09473996017450004,-0.18845381500908845,-0.02645959084689606,-0.07100803987598273,-0.07632493764710009,-0.16140032279522817,0.3921801187237636,0.03157367836202142,-0.1287523066039968,-0.26458252829075185
419.5,0.31805178807291234,-0.18752834862156878,0.3696629313162113,0.1433068811729276,-0.15910686902576832,0.4525924064100183,0.21298206832037375,0.36038665117760976,0.02137017483620236,-0.034939873743122116,-0.23486112996838288,0.43335988321619956,0.13411811628018586,0.3568402299318752,-0.051786630215892825,-0.22416322419704965,-0.03584774232938288,-0.06433937410362939,0.39835822685994177,0.05527795720177876,0.2920142493299053,-0.04752798643964616,0.5454716179371503,0.21618293140657086,0.19718369574681915,-0.21034820639481602,-0.07799317831822068,-0.19166069159032414,-0.2154739406251048,0.12995377825018986,0.26164598265089756,0.49701320521300174,-0.060710853151594565,-0.26349177832548254,-0.1299915671208141,-0.06924066416540392,-0.07155229566199578,-0.14329299253946987,-0.0670847257631534,0.08475760951361862,-0.20369041501264987,0.30726626524394246,0.18757114578004758,-0.2257813273541709,0.34706950278880544,0.3080076742538696,-0.046737667723594854,-0.16872450710024173,0.2151125378934413,-0.12901470785893845,-0.11169557768806329,0.030466055139652688,0.3780693115042048,0.11909839546537171,0.23549674115677188,0.19883213234000624,-0.15284909983132913,-0.00607907284589046,-0.1575090451654622,0.04305387122751429,0.07111482386839466,-0.12791546345850915,-0.062056596931206895,0.34820849482605254,0.07934548189025897,-0.04447062074536384,-0.08572705411094074,-0.21025762222558866,-0.07052137202634798,-0.09260355765123227,-0.11244732368904449,-0.1759554969854783,0.4032903132768575,-0.008914223065709454,-0.16677985028259174,-0.2792605932703263
420.5,0.31889827035731727,-0.19225415100194934,0.38434094905460353,0.15505205927094268,-0.19352218448365216,0.4708562562704053,0.22857379873808412,0.35759203861145705,-0.021869630956418168,-0.05906580964346858,-0.24359328012561066,0.44985757595773046,0.1217071097803352,0.36749789680822015,-0.07531985842357886,-0.24714857824221198,-0.04185496693040049,-0.10539217320065712,0.40329111139536755,0.06032200233591597,0.29398719342128693,-0.07842255608910421,0.5576641406053252,0.23881503338994986,0.21535915069317482,-0.2365617422597303,-0.09597751499936974,-0.2250894743738725,-0.2429436262340567,0.1395068759535002,0.2656577171452972,0.5123659557467776,-0.0923976957372332,-0.26735833072721077,-0.13955694911969335,-0.10633914019089848,-0.11043469325879025,-0.14771809717931206,-0.10311077158372169,0.0973147229909233,-0.20537245532682835,0.32379716851508866,0.18813406797501364,-0.24176889797078444,0.3602506909045172,0.3213506018855038,-0.07563791716491595,-0.19296051342754236,0.19981845576922247,-0.16463887290319884,-0.14545878919315988,-0.015849237884474947,0.37301966468791714,0.12342463506645136,0.2267892405060504,0.21725216186050006,-0.15966237483574425,-0.013906778503133599,-0.1905750287170449,-0.0019462406039166425,0.08583413204511792,-0.13754844685696246,-0.05620231308048986,0.34091486015685024,0.07884918685148218,-0.048400948892176825,-0.07585324214331109,-0.22938819032770352,-0.11226467549928835,-0.11236738217787479,-0.1461140512791955,-0.18839145745879654,0.4139568949049714,-0.04773340469066385,-0.2017883964161892,-0.29114955279090576
421.5,0.3193860487055114,-0.1951914510845804,0.39868650876564876,0.16696983475511024,-0.22482665489272113,0.4886781480352476,0.24417627024254393,0.3542548971029396,-0.06326454581268247,-0.08151685515148473,-0.2500747720431156,0.4659169687980591,0.1097008623702469,0.3777946846730441,-0.09708205653445609,-0.26712554747428097,-0.04675743410006104,-0.1438870174530434,0.4076663072669232,0.06586037806114704,0.29569634618335094,-0.10730655629685515,0.5690639577196959,0.26147389132535614,0.2335805770698644,-0.2596851794511953,-0.11222033470314581,-0.25516861986303163,-0.2672075737565175,0.14928092791339465,0.269513910510126,0.5271179818004674,-0.12193907025688185,-0.2691056042136591,-0.14741030548668618,-0.14100241786665607,-0.14678501543365347,-0.15058350559690603,-0.13676550694218814,0.11017919952588703,-0.20534140948051433,0.34014963694190276,0.1887826728527627,-0.2551452726271018,0.37312656469328465,0.334480664903034,-0.10260989563219058,-0.21454061730206564,0.18454152637879576,-0.19736308775261702,-0.17656106985003808,-0.06030940212488689,0.3673345030762855,0.1280461077863926,0.21799446675967485,0.23571546781354166,-0.16476422037181782,-0.02072014352172836,-0.22061626235083445,-0.045248780422624514,0.10086800752507588,-0.14547964006711916,-0.04949163571631032,0.33307592293346405,0.07884698153834414,-0.051248532353062516,-0.06517255476434806,-0.2458361724151202,-0.15136432479595083,-0.13022550421723394,-0.17712003786790342,-0.1987232339969987,0.4241446515165995,-0.08458374988744351,-0.23358535945566036,-0.30033282865562017
422.5,0.3195091607764043,-0.19640556322392116,0.41266183962303005,0.17903040731597125,-0.2528876824373289,0.5060111404438608,0.2597569990009819,0.35037875390070045,-0.10248236293242137,-0.10218445706552312,-0.254386710207442,0.4814937534935976,0.0981563968260786,0.3876985985278008,-0.11697608659222594,-0.28410473615904036,-0.05056017728579566,-0.17955558485139902,0.4114602149244352,0.0718691040310991,0.29713327649984916,-0.13401523965357665,0.5796198303515151,0.28412683453362186,0.25181471936206995,-0.27969646655929276,-0.12667610891860825,-0.28180183751886434,-0.28823888704466133,0.15924884423498556,0.27320117168727087,0.5412200364017552,-0.14916812983001515,-0.26884144043234526,-0.15357416856634595,-0.17301072357878072,-0.18036455855345596,-0.1519356952936561,-0.16783989479154499,0.12331797697328588,-0.2036762257869175,0.356287745416165,0.18951459867270193,-0.2659594168061037,0.38566214805702637,0.3473646825223659,-0.12750741661026138,-0.23342523946124216,0.16935898734460159,-0.22702023759684598,-0.20484290707276792,-0.10253824584969791,0.3610243943381281,0.13294598885267614,0.20915012201329253,0.25418867503683823,-0.1681979597012732,-0.026508469296524388,-0.2475119251020971,-0.08649230453897586,0.11618108669875445,-0.1517305036711973,-0.041968823159675046,0.3247151761111467,0.07933333996944725,-0.053028725703483784,-0.053737481632080544,-0.2596236442540469,-0.18754687571768383,-0.14612673206984705,-0.20530716061592041,-0.2069838758252669,0.43381820747626787,-0.11919839977218001,-0.262038587858921,-0.30691394345669
423.5,0.31926278094482863,-0.19596798534247475,0.42622849059137236,0.19120411195490175,-0.27762915621694156,0.5228068163357971,0.27528329524399126,0.345969472316666,-0.1392299960455789,-0.12098295401759455,-0.2566208432036258,0.4965425036683464,0.08712735776064556,0.39717753851380416,-0.1349285164507856,-0.29813261271041214,-0.05327427396854225,-0.2121840889707834,0.41465019070853704,0.07832365300658292,0.2982902981006466,-0.1584174133851695,0.5892801178530176,0.3067404602618954,0.2700280767176709,-0.2966158469399843,-0.13931804886666224,-0.30495127410433936,-0.3060563677699824,0.16938359123620222,0.2767064399233431,0.5546218279279496,-0.1739546608020601,-0.26667768190861774,-0.15808206877013753,-0.20219189692282852,-0.21098619651496325,-0.15182714318457682,-0.1961700868108178,0.1366984634585217,-0.20045889012107881,0.37217487291049467,0.19032721144391535,-0.27428233004189195,0.39782204510265257,0.35996909652865644,-0.15021476127366268,-0.24960968528647615,0.15434823398885514,-0.2534979272511974,-0.23019275431784694,-0.14220072242044296,0.35410309402090795,0.1381069739794003,0.20029456667541073,0.2726381348790813,-0.17001525001033635,-0.031267611311633345,-0.2711941561798915,-0.125351608086328,0.13173870629251314,-0.1563335044651797,-0.03367804530744937,0.3158593693670064,0.08030098399354887,-0.05376172740149922,-0.04159885187633488,-0.27080001963072686,-0.22059617057385905,-0.1600418200590587,-0.23056512988165268,-0.21322183357853114,0.442942100739592,-0.15134963468796978,-0.2870750274536857,-0.31101149657614563
424.5,0.31864328243971,-0.19395458315004438,0.43934734597852065,0.2034613842544844,-0.2990280890837439,0.5390153077437749,0.2907221888263526,0.341035344549684,-0.17326033540373575,-0.13784966973425375,-0.25687649374679117,0.5110167120881242,0.07666357260239895,0.4061993557531787,-0.1508893024905186,-0.30928595675194553,-0.05491622121623215,-0.24161599886787774,0.41721468847155946,0.0851990615317607,0.29916051888112094,-0.18041624100059744,0.5979929701197789,0.32928045724754246,0.2881867829340271,-0.3105003725901398,-0.15013696439319238,-0.32463229916141867,-0.3207186185292939,0.17965818822819477,0.28001702294998965,0.5672721236245538,-0.19620563554940176,-0.26272775477771115,-0.16097685278647716,-0.22842278714835654,-0.2385161336760116,-0.15031495257691704,-0.22163865149725787,0.150288480880524,-0.19577290665332436,0.38777365960225935,0.19121761630965534,-0.2802027380287524,0.40957046369448546,0.37225996965731883,-0.17064716542730535,-0.2631205226363872,0.13958605929930207,-0.27673682507197184,-0.25254596474128227,-0.1790116315026291,0.34658765121706026,0.14351133810142241,0.1914665647409735,0.29102980213419205,-0.17027437606431364,-0.034999544377131035,-0.2916447316024643,-0.16154604774351597,0.1475067983489373,-0.1593304560519283,-0.02466312538393186,0.3065385004632317,0.08174100789608184,-0.0534719537909351,-0.02880576865600349,-0.27943763344658523,-0.25035598836157863,-0.17196207220095147,-0.25283038316151235,-0.2174982955688332,0.45148087341507903,-0.1808529888632036,-0.30867694470404483,-0.31275453696093697
425.5,0.31764829811926854,-0.19044397870829743,0.451978654903107,0.21577272452414328,-0.31710942948119014,0.5545853419827169,0.3060403608272181,0.33558717403174837,-0.20437688189048497,-0.15274434900130748,-0.25525781783373713,0.5248688468682381,0.06681067534286299,0.4147319191841271,-0.16483083402590618,-0.31766606752918264,-0.05550729681853291,-0.2677520482140415,0.41913341032421425,0.0924700259375844,0.29973789031820486,-0.19994880470340282,0.6057065427521596,0.35171143887738565,0.30625649359043866,-0.32143782742696925,-0.15913979545726203,-0.3409067152907802,-0.33231745815315994,0.19004570030759402,0.283120636823858,0.5791188749883085,-0.21586440203877716,-0.25710466894385997,-0.16230902721910423,-0.2516285559834358,-0.26287327284736445,-0.14745959866077835,-0.24417387450818895,0.16405620324483827,-0.18970201546645687,0.4030459755131154,0.1921826696426143,-0.28382292841709017,0.42087125082436394,0.3842029939069448,-0.18875025982449353,-0.27401136858102665,0.1251478845732134,-0.2967269760014887,-0.27188199047356615,-0.21274178899526275,0.3384984944559988,0.1491409890557575,0.18270501876264866,0.30932911943482494,-0.1690386577930964,-0.037711875164025875,-0.30889011807444433,-0.19484569649562625,0.16345178273471467,-0.16077088012488794,-0.014967334448876712,0.29678577411589335,0.08364300411361597,-0.05218742699299807,-0.015405589537061653,-0.2856272533408149,-0.2767298155394861,-0.18189753502985573,-0.2720832583149685,-0.2198845866435141,0.45939917607991776,-0.20756942514390547,-0.3268762451580404,-0.31227845893409023
426.5,0.31627677924154923,-0.185516155584666,0.46408207536007895,0.22810866184471337,-0.331939611099725,0.5694643095872889,0.3212040818778293,0.32963834511780876,-0.23243596340837888,-0.16564801880887625,-0.2518714303248565,0.538050427272343,0.05760979945081814,0.42274319380548386,-0.17674644203603587,-0.32339306694359304,-0.055072922841650974,-0.2905477761106287,0.4203874661192778,0.100110984381202,0.30001725665201795,-0.216984560433658,0.6123692356046501,0.373996786607974,0.32420228104287546,-0.32954048072096576,-0.1663479088630901,-0.35387504511651524,-0.3409711253991893,0.20051922810966558,0.2860054473984571,0.5901093654070404,-0.232908680626056,-0.2499194167794719,-0.16213517606277444,-0.27178012540661467,-0.28402646219423194,-0.1433238079268047,-0.2637473525890897,0.177970091298516,-0.18232913893921335,0.41795290144803066,0.19321899177721036,-0.28525488394993814,0.4316879402845729,0.3957635093824604,-0.20449858487425038,-0.2823583781087803,0.11110699814044722,-0.3135025552210587,-0.28822020886656485,-0.24322134483923605,0.32985949411163434,0.15497751643525742,0.17404869806004042,0.3275009098078531,-0.16637500137965708,-0.03941731913825442,-0.3229954161141046,-0.22507499671833014,0.1795404587388008,-0.16071043692109427,-0.004633233774388683,0.2866375255294208,0.08599518819305216,-0.049939188577581686,-0.0014439450034908503,-0.2894737359767915,-0.29967801799482013,-0.18987490096953064,-0.28834380762637607,-0.22045971482012,0.46666188626968735,-0.23140556449908561,-0.34174750275335175,-0.30972148757084483
427.5,0.3145290515397997,-0.17925128142117247,0.47561673353347117,0.2404397188769977,-0.3436194107108788,0.5835983548034755,0.33617915803265863,0.3232048778621184,-0.257346559515342,-0.17656138042989947,-0.2468244079812703,0.5505121197281498,0.04909734413719137,0.4302013306973014,-0.1866484927832784,-0.3266005561343801,-0.05364204599778314,-0.31000902662235463,0.42095954127242796,0.10809618577202211,0.299994403394682,-0.23152287802011648,0.6179299552559989,0.39609850443742156,0.3419885380228842,-0.33493902134965786,-0.1717952516069052,-0.3636685021336726,-0.3468176688438684,0.21105189540435448,0.28866011339468767,0.6001903804094342,-0.2473476020455551,-0.24127973764047014,-0.16051648869873997,-0.28889012805065084,-0.3019900287818612,-0.13797157894549716,-0.280370208619147,0.1919988248174335,-0.17373554163305444,0.4324547229846002,0.1943229803411342,-0.28461681706655295,0.4419838131064438,0.4069065342617006,-0.2178933470323205,-0.28825569533324225,0.09753381994787315,-0.327135588054803,-0.301614790202957,-0.270340208709639,0.3206979974469207,0.16100223585565537,0.16553596398871329,0.34550927811672005,-0.16235261192975806,-0.04013315798959223,-0.3340577058210391,-0.25211381808186417,0.19573989692864885,-0.15920946187728252,0.00629743993250996,0.2761331061330822,0.08878452147043059,-0.04676074836527114,0.013035211746819462,-0.2910919919619039,-0.3192128891801133,-0.1959352415158625,-0.301666666015442,-0.21930812720754372,0.4732342414155545,-0.25231212034973793,-0.35340031623549145,-0.30522177096017067
428.5,0.31240686784038063,-0.17172873991688262,0.4865412989647223,0.25273637823745004,-0.3522766328318932,0.5969324892088894,0.35093088486615237,0.3163054655657057,-0.27906796059657685,-0.1855028508695763,-0.24022266044087245,0.5622038545642477,0.041304815880712116,0.43707476914675086,-0.1945661936149489,-0.32743080561792437,-0.05124654653768751,-0.3261859463671255,0.42083407226485214,0.1163997465375862,0.2996661047683763,-0.24358989498976755,0.6223384021950122,0.41797708544673895,0.35957889059857756,-0.33777693761493416,-0.1755264454031896,-0.37044115555627727,-0.35000882345933565,0.22161683537813567,0.29107383099211565,0.6093084008000466,-0.25921805434179185,-0.23128920735604824,-0.15751742382518946,-0.303007783983159,-0.3168180868495676,-0.1314673453679444,-0.2940883142267649,0.20611123374448778,-0.16400018384823103,0.44651093826172694,0.19549082413047797,-0.2820301648708207,0.4517219712108365,0.4175968063988532,-0.22895961054394637,-0.29181108039273396,0.08449520942613614,-0.33772915296799993,-0.31214902547110207,-0.29404580726452045,0.3110448324806995,0.1671962289400343,0.15720449633140318,0.36331752219248786,-0.15704187579878595,-0.039880692147443046,-0.3421992593022494,-0.2758960607524804,0.21201733246252985,-0.15633163438993403,0.017783851447343603,0.2653147296441617,0.09199683005889565,-0.04268757517999252,0.0279895297570393,-0.2906033705794327,-0.33539216344543116,-0.20013167962573916,-0.3121353898441711,-0.21651771436486128,0.4790819865913483,-0.27028081167099777,-0.3619715457950595,-0.29891505943576285
429.5,0.309913456424483,-0.16302635808921084,0.49681407615869266,0.2649690512057926,-0.3580590484505241,0.609410728908885,0.36542401054897833,0.30896149275850426,-0.29760564123183403,-0.19250637465708664,-0.23216964520932354,0.5730749638956595,0.03425874485158682,0.4433323512242534,-0.20054323507073984,-0.3260305847903268,-0.04792068476662391,-0.3391660562108464,0.41999742914855165,0.12499569625022455,0.2990301695741468,-0.2532349236757393,0.6255453837199569,0.43959139159072097,0.376936121336595,-0.3382055193304458,-0.1775948960290528,-0.37436267465373185,-0.35070457389757176,0.23218717638022843,0.293236379828424,0.6174098190135653,-0.2685806117196375,-0.22004660828135908,-0.15320452448264507,-0.3142131411873255,-0.32859812618581563,-0.12387527688322217,-0.3049769186991476,0.2202762292932919,-0.1531992465854959,0.4600802802577695,0.19671851744079144,-0.27761706531237756,0.460865424695008,0.4277988370947333,-0.23774312505720357,-0.29314187130191965,0.07205383288594741,-0.34541052659258914,-0.31992949695759587,-0.3143386061363752,0.3009342769341491,0.17354037934235014,0.14909102491378917,0.380888054475119,-0.15051341262063841,-0.03868470112876052,-0.347561000769674,-0.29640613962587575,0.22834006081236838,-0.1521427944465235,0.02978611091887322,0.2542272772018734,0.09561691906494746,-0.037756634124920994,0.0433781652442772,-0.28813252722815474,-0.3483116149589177,-0.20252709542263841,-0.3198566463817952,-0.21217808270895916,0.4841715373605048,-0.2853401095068707,-0.36761787880633967,-0.29093292629342443
430.5,0.307053564256735,-0.15321981063943463,0.5063931131671009,0.27710804948179624,-0.36112790457233934,0.6209762556201095,0.37962270864163267,0.30119703131290754,-0.3130058196167509,-0.19761912079675595,-0.2227653934020571,0.5830743410848691,0.027980673751919,0.44894344904139755,-0.2046353822609531,-0.3225476733155742,-0.043700591683823745,-0.34906694370985286,0.4184381041702004,0.13385801317556148,0.29808548499841864,-0.2605266410912977,0.627503153920857,0.46089854802822056,0.3940221035175751,-0.33637957841645844,-0.17806097794433304,-0.37561190784142795,-0.34906851264683186,0.24273602790234805,0.29513817024912586,0.6244411790555617,-0.27551529957235915,-0.20764553540910025,-0.14764539057513013,-0.32261108649922604,-0.3374443500682857,-0.1152587101232907,-0.3131350558492899,0.23446273603388962,-0.14140580489862886,0.47312075425795036,0.198001874781431,-0.27149830581333695,0.46937719316841875,0.4374769775229795,-0.2443069796402099,-0.29237138635961496,0.0602676048241393,-0.3503246407840722,-0.3250804112326467,-0.33126596244734013,0.2904039887787899,0.18001540515206305,0.14123107056407536,0.39818233504928285,-0.1428372908685543,-0.03657292242028505,-0.35029649640833227,-0.3136738192636094,0.24467533682182835,-0.1467099141624892,0.04226528928136822,0.24291806124765328,0.09962868114037238,-0.03200597288127569,0.05916167101080967,-0.28380479584902363,-0.3580973233612972,-0.2031919410012993,-0.3249545707279041,-0.2063790985026866,0.48847015803729954,-0.29755020569174767,-0.37050905075196194,-0.2814014691984478
431.5,0.30383349418418987,-0.14238218121949825,0.5152363276717368,0.28912356061162414,-0.3616522093503035,0.6315716018610487,0.3934905613270653,0.29303881251062947,-0.3253492039386222,-0.2008991669551948,-0.21210580811602125,0.5921506220833899,0.022487214668103356,0.4538781049650528,-0.20690811190001185,-0.31712804740144096,-0.03862380801318077,-0.35602904548653974,0.4161469053888577,0.14296065081977916,0.2968320577802006,-0.2655492641980198,0.6281657824895082,0.48185385346439585,0.4107977472675735,-0.3324539173383703,-0.17699034045132528,-0.3743714325449399,-0.3452640250430742,0.2532364674971398,0.29677029160633445,0.6303494405758022,-0.28011741408513335,-0.19417419626517324,-0.14090780817702384,-0.32832547198534,-0.34349115889904064,-0.10567969899638532,-0.31868004546402684,0.24863962593791716,-0.12868962711667567,0.4855896911441812,0.19933654586563251,-0.26379171445900246,0.47722042157482275,0.44659549825828593,-0.24872825111668823,-0.28962582430667794,0.0491892150138168,-0.35262811964752105,-0.3277383370672625,-0.34491492349947367,0.2794948953242587,0.18660188805965278,0.13365869934874913,0.4151608169686411,-0.13408239631972071,-0.033575557491148565,-0.35056665654600055,-0.32776793305879226,0.2609902779187357,-0.14010022413395623,0.05518340943061069,0.23143654867650293,0.10401519867982076,-0.025474357854716197,0.07530187414009051,-0.2777440570537516,-0.36489809767419973,-0.20220222076535932,-0.32756553016500484,-0.19920969463160723,0.491946155654972,-0.3069975843219965,-0.3708219255927025,-0.27044042446233185
432.5,0.3002611351563867,-0.1305836597647582,0.5233016510680616,0.30098562775021637,-0.3598038969643029,0.6411388604190982,0.40699055379507004,0.284516173037472,-0.3347444006310777,-0.20241325597820503,-0.20028219582499357,0.6002523890627701,0.01779016795113462,0.45810718496490993,-0.20743437176834903,-0.30991369868337315,-0.03272887380103258,-0.3602088835067937,0.41311715398981386,0.1522775565510201,0.29527105217359473,-0.2683988762582258,0.627489554469569,0.5024107080160378,0.42722295853089054,-0.3265805239725023,-0.17445236774248266,-0.3708231134725766,-0.33945127559764676,0.26366152935098086,0.2981245613566835,0.6350822678183884,-0.2824935691659536,-0.17971536605744648,-0.1330590294963043,-0.3314936229312206,-0.34688708246317135,-0.09519867246780918,-0.32174233537304187,0.26277565528262137,-0.11511707876546887,0.49744381710671365,0.20071803079061173,-0.2546109503815576,0.48435851092213716,0.45511868233529273,-0.25109478407741564,-0.2850316792182538,0.038865750253146265,-0.35248406415960876,-0.32804751156794576,-0.3554045633044877,0.2682510384407391,0.1932802996648227,0.12640629381223065,0.43178290485318965,-0.12431593993870416,-0.029724811467697666,-0.34853524328306495,-0.3387895181650801,0.27725177228835685,-0.1323804890240475,0.06850341703435334,0.21983404492915276,0.10875883919614855,-0.018200959541241523,0.09176174518672697,-0.2700710702059674,-0.36887843318727415,-0.19963767516523773,-0.3278334571105833,-0.1907569226076477,0.4945690899240738,-0.3137895352329119,-0.3687355321598873,-0.2581626255437792
433.5,0.2963459845119017,-0.11789135550085725,0.5305471910415989,0.31266413435430496,-0.3557538944733817,0.6496199182730866,0.4200850804834224,0.2756609731344766,-0.3413213932638146,-0.2022346908528771,-0.18738099220642437,0.6073283967492938,0.013896695869740173,0.46160254526480393,-0.20629251905171841,-0.30104102115966624,-0.026054969067975237,-0.36177300596192713,0.4093448837364549,0.16178268335221652,0.2934048241167388,-0.2691800284674222,0.6254334035349631,0.5225205602022679,0.44325661178551956,-0.3189064366336702,-0.1705188125597348,-0.36514463344524145,-0.3317849309810156,0.27398419517385464,0.29919357467973184,0.6385883445042561,-0.2827580947254017,-0.16434646409566395,-0.12416519348454366,-0.33226141056766517,-0.3477893658720176,-0.0838741871915476,-0.32246085540546027,0.27683940531464857,-0.10075111189941736,0.5086393403614957,0.20214169530300263,-0.24406464288308957,0.4907552643621161,0.463010932242636,-0.2515022060312587,-0.27871365629770806,0.02933841635600602,-0.3500576636468492,-0.3261558051294651,-0.36287836955505803,0.2567193741865843,0.2000310252977612,0.11950434450412048,0.4480069276476143,-0.11360309011038425,-0.025054471070329994,-0.3443652038666304,-0.34686484331662276,0.293426392735063,-0.12361642286919819,0.08218913447320357,0.2081633417313436,0.11384134357570039,-0.010225085406378643,0.10850526155755207,-0.2609022234357901,-0.37021225281451464,-0.1955801890148995,-0.3259058396743039,-0.1811052266627867,0.49630999943707377,-0.318048886247935,-0.36442706706879585,-0.24467374056838276
434.5,0.2920991613623129,-0.10436920648135677,0.536931413147871,0.32412879436853553,-0.34966905230017276,0.6569567152419846,0.4327359638825703,0.2665074854942887,-0.34522541141707996,-0.20044141517137035,-0.17348364645213005,0.6133278219896043,0.010809542915006277,0.46433721239708736,-0.2035644745991887,-0.29063969013955165,-0.018641604626886278,-0.3608927767754291,0.40482904059674496,0.17144999573712072,0.29123695097335,-0.26800269997229054,0.6219593816764009,0.5421328746618761,0.458856537398811,-0.3095722022414594,-0.1652626122277835,-0.3575069119062917,-0.3224125320714468,0.2841773880647027,0.2999707542828759,0.6408177160752524,-0.2810298638720183,-0.1481397223071726,-0.11429087459865808,-0.3307789951739586,-0.346359323891638,-0.07176276243128919,-0.32097898425112786,0.29079922752288984,-0.0856513227165243,0.5191320553957526,0.20360278606565174,-0.2322558266786316,0.4963750490688,0.4702368912188864,-0.2500512476491168,-0.2707930531649847,0.020642362534430633,-0.34551264266383674,-0.3222113750424403,-0.36749708214840016,0.24494952611869766,0.20683438578374008,0.11298126469152385,0.4637901265183104,-0.10200671362948677,-0.01959952366949943,-0.33821579598584284,-0.3521387182780649,0.3094803170013714,-0.11387223198965704,0.0962052010365796,0.19647833236580933,0.11924390707941088,-0.0015859577266054633,0.12549726730741362,-0.2503486481245643,-0.36907757059070895,-0.19011243158717966,-0.32193039857490874,-0.1703359138450504,0.4971416443338124,-0.3199091590235078,-0.3580688124145096,-0.23007222973105654
435.5,0.2875334101260298,-0.09007796817667901,0.5424133419238368,0.3353491485159103,-0.3417098600044146,0.6630915278176445,0.44490448655480935,0.25709225390748014,-0.34661141222683794,-0.19711430846628872,-0.15866663177540757,0.6182005372644859,0.008527294127053699,0.4662855767076537,-0.1993341129658886,-0.2788319539491318,-0.010528361047777081,-0.3577400673844788,0.3995716803208513,0.18125347082508375,0.2887722562362271,-0.26497966237797305,0.6170331684744479,0.5611951221521607,0.47397952452705294,-0.29871084119360986,-0.15875688697933532,-0.3480722984669312,-0.3114734174724022,0.29421396999205945,0.3004503999916693,0.6417221611873699,-0.2774295859928091,-0.13116242138598777,-0.10349874588495471,-0.3271972795337278,-0.3427585024755905,-0.05891878521713969,-0.31744117021764795,0.3046231943418423,-0.06987406258321306,0.5288774652535041,0.20509644583414408,-0.2192816220427214,0.5011829743943951,0.47676157919904566,-0.24684540766601387,-0.2613865578789252,0.012806606963549766,-0.3390085003129593,-0.31635999103915147,-0.36943226203463997,0.2329934926489406,0.21367065754278863,0.1068632305372692,0.4790886587923781,-0.08958721007798118,-0.013395818800107437,-0.3302404351819675,-0.3547683698259142,0.3253792552589606,-0.10321027197190336,0.11051700214836088,0.18483359946691044,0.12494725306237897,0.007677466714446394,0.14270333121826892,-0.2385156422133178,-0.3656521202087041,-0.1833167245948778,-0.31605243310567394,-0.15852679310543788,0.4970387655548077,-0.319510281760457,-0.34982587667101234,-0.2144494708667632
436.5,0.28266309329594463,-0.0750752655796243,0.5469527821056547,0.34629456724382346,-0.3320288467393202,0.6679672789330532,0.4565514370118581,0.2474539211955186,-0.3456393057689312,-0.19233571042097436,-0.1430015538609525,0.6218974090905072,0.007044662662639511,0.467423599265376,-0.19368589374078032,-0.2657322617449956,-0.001754673022047995,-0.35248383490328045,0.3935781613156799,0.19116709553274266,0.2860168285666895,-0.2602242637161326,0.6106246232017665,0.5796527933082462,0.4885813404096129,-0.2864472315041823,-0.15107411369548052,-0.33699341783440107,-0.29909810045313495,0.304066743491486,0.3006277377411135,0.6412555947853795,-0.2720775698988813,-0.11347717452763503,-0.09184934211334446,-0.32166506176408116,-0.3371456283754339,-0.04539447451117664,-0.31199019982584203,0.31827905610649776,-0.05347258979849038,0.5378309223550634,0.20661772847864107,-0.2052331123702395,0.5051450867572974,0.4825505437534737,-0.2419889764524822,-0.250605408326625,0.005854059199462621,-0.33069846571838407,-0.3087429837604017,-0.3688607528886159,0.22090531001563124,0.2205200914733907,0.10117404844860281,0.4938576188113287,-0.07640242505982,-0.006479772199342197,-0.3205851741904592,-0.35491806565820183,0.34108838553904275,-0.09169080466277144,0.1250905900664056,0.17328398135978018,0.1309316995524979,0.017526638547032118,0.16008960470816258,-0.22550234827672783,-0.36010991996594754,-0.17527412600923697,-0.30841278686415546,-0.14575195700413246,0.4959783607054117,-0.3169949279454553,-0.3398546462055086,-0.19789000931583975
437.5,0.2775041725915725,-0.05941569528755902,0.5505105605826206,0.35693426090173935,-0.32076955733936857,0.6715278748343023,0.46763717010413614,0.23763302656708837,-0.3424699771535878,-0.18618817541680932,-0.12655533326612747,0.6243706225285349,0.006352798001464844,0.4677290320448648,-0.18670372852833025,-0.2514471571292916,0.0076403442399916935,-0.34528752245670974,0.3868573297227728,0.20116486079606224,0.28297803453563697,-0.2538486228160086,0.6027083827951917,0.5974494374283968,0.5026167668895701,-0.2728978295345239,-0.14228546335916775,-0.3244125435222078,-0.28540800717300424,0.3137084581719759,0.30049896749641897,0.6393745056439246,-0.26509193674609344,-0.0951422426468326,-0.07940090894101064,-0.3143268406492344,-0.3296742877045728,-0.031239894174966292,-0.30476507455597407,0.3317342050276351,-0.036497251500975186,0.5459477883436412,0.20816161379430173,-0.19019537675211345,0.5082285817369476,0.48757002632130025,-0.235585412216411,-0.23855485614920183,-0.00019836761594241143,-0.32072807537116815,-0.29949574742908086,-0.3659600989642175,0.2087406737489824,0.22736293102839006,0.09593505066478515,0.5080510765149309,-0.06250762886597701,0.0011118885946209724,-0.30938771601292125,-0.3527545755907127,0.35657229783687294,-0.07937184131604555,0.13989259819279037,0.16188412389522439,0.13717721887368556,0.027923523008871853,0.17762268086090865,-0.2114016363493063,-0.35261869710468485,-0.16606371216663054,-0.29914636456913596,-0.13208168131963394,0.4939399763557609,-0.3125054977034663,-0.3283018283417578,-0.1804718958388299
438.5,0.27207417773097997,-0.04315096600492947,0.5530487897890338,0.367237297733522,-0.3080659965214031,0.6737185707464765,0.4781216824751757,0.2276717732222187,-0.33726209716512884,-0.17875344927466136,-0.10939044174213339,0.6255740333869613,0.006439606612019919,0.46718165109085935,-0.17847006977661328,-0.23607537560937977,0.017618030183334767,-0.3363071882568754,0.3794216931865173,0.2112207536969664,0.2796645244803221,-0.2459622079012144,0.5932645081981176,0.6145267274425898,0.5160396549051388,-0.25817065278694373,-0.13246028741761784,-0.3104613866215581,-0.2705154937208585,0.32311182259020865,0.30006130962949196,0.6360384316903315,-0.2565872458833138,-0.07621186841284866,-0.06620932483535288,-0.30532120427617865,-0.3204912503091106,-0.01650300564607013,-0.29589943467348184,0.3449556469569075,-0.018995687002449392,0.5531836134651315,0.2097230220579104,-0.17424764084596117,0.5104020338234287,0.4917871440390903,-0.2277360492918578,-0.22533388053680609,-0.005339564069181213,-0.30923427196254344,-0.2887467186655878,-0.36090490582666446,0.1965565228457949,0.23417942993470783,0.09116501948307623,0.5216221345145047,-0.047955548548338556,0.009342338844544744,-0.2967768633577806,-0.3484434849691781,0.3717949476881319,-0.06630905869766097,0.1548901508692469,0.15068802543975432,0.1436634906278649,0.038830676097599395,0.19526945568184434,-0.19630014694830272,-0.3433380664259608,-0.15576203735491503,-0.2883811220869979,-0.11758242011542422,0.4909060163758885,-0.3061817187918169,-0.3153039705007305,-0.1622670833633201
439.5,0.26639216216545825,-0.02633006776652803,0.5545311533021156,0.37717263024661507,-0.2940424416549767,0.6744863676580406,0.48796470369898237,0.21761376776795777,-0.33016967013662074,-0.1701116532388521,-0.09156517610192694,0.6254635500630348,0.007290077561166874,0.4657635022224492,-0.16906520228096864,-0.21970809307778444,0.02814027949637756,-0.3256902563092063,0.37128757936084095,0.2213087483236101,0.27608623088546164,-0.23667076214831234,0.5822791805688126,0.6308245518729514,0.5288029976977932,-0.24236546014641175,-0.12166573659887911,-0.29526119921107863,-0.2545240709438791,0.33224952201953306,0.29931304923976565,0.6312104768078184,-0.24667348704111922,-0.056736619387335284,-0.05232808351590982,-0.2947797216584059,-0.3097353456598124,-0.0012297523637817803,-0.28552045791384717,0.3579099816530013,-0.0010130454976824063,0.559494336038165,0.21129682831803648,-0.1574635150649833,0.511635644229839,0.4951700874509819,-0.21853910845917873,-0.21103510171226358,-0.009563962283692239,-0.29634492666327417,-0.27661675176911704,-0.35386407723665736,0.18441059218357578,0.2409498699664318,0.08688013992575967,0.5345230043270115,-0.03279644279403867,0.01817483376555047,-0.2828723138645715,-0.3421463205997207,0.3867196200044851,-0.052555775974892936,0.17005077031206706,0.13974858319535582,0.15036994838373624,0.05021129329396614,0.21299699252594412,-0.1802784557977918,-0.33241834617845123,-0.14444274866268675,-0.27623745027472124,-0.10231687644487049,0.48686206555549294,-0.29815881734981764,-0.3009873499710566,-0.14334185956575413
440.5,0.2604786452704665,-0.008999461847677151,0.5549232144805968,0.3867091305644158,-0.27881353615987375,0.6737804432671177,0.49712580362973435,0.20750373377522494,-0.321340240809127,-0.16034065590325794,-0.07313395659900691,0.6239975473755383,0.008886606340688103,0.46345915859380254,-0.15856671516628565,-0.20242928153080783,0.03916961188808386,-0.31357477951620905,0.3624752747403404,0.2314027961526522,0.2722543587648771,-0.22607553327923774,0.569745447218385,0.6462811343084635,0.5408590233397226,-0.2255740752408119,-0.10996649517610795,-0.2789231070529093,-0.23752877781925755,0.3410942426145273,0.29825357789186546,0.6248578730489659,-0.23545538799417726,-0.03676373295055227,-0.03780832591016713,-0.2828262544044523,-0.2975367945252938,0.014535830916565181,-0.27374815751035997,0.3705633922557455,0.01740778745288174,0.5648365026328942,0.21287787640709097,-0.13991129456920676,0.5119015071174511,0.4976883343697868,-0.20808897398023,-0.1957448496905968,-0.012871216287492332,-0.2821786945785033,-0.2632188144985662,-0.3449988290122405,0.17236093993609708,0.2476545791977375,0.0830939800254966,0.54670510240392,-0.01707821046105691,0.027572850969231177,-0.2677847205949577,-0.33401841370369706,0.4013089039854365,-0.0381629814328397,0.1853422821249864,0.12911714926370332,0.157275820500424,0.06202923432882181,0.2307723905344723,-0.16341132786367132,-0.31999989414269514,-0.1321763338478342,-0.2628278770156682,-0.08634413157846108,0.48179722732207136,-0.28856619263796396,-0.2854681421816735,-0.12375729762787713
441.5,0.25435554064746546,0.008796715150549176,0.5541927490155432,0.39581563528868435,-0.26248458864253055,0.671552620894505,0.5055645165160834,0.19738720258300718,-0.31091366848441626,-0.1495156114776113,-0.054147639532673555,0.6211373150930916,0.011209311107194564,0.46025598913299814,-0.14704913091076888,-0.1843161366821674,0.05066921478953144,-0.300089111615953,0.3530091390829194,0.24147681670313523,0.2681813675448931,-0.2142727623807613,0.5556640148430205,0.6608331806832041,0.5521593071991916,-0.20788080853364627,-0.09742461402750635,-0.2615486014362858,-0.21961665534766608,0.3496187024413274,0.29688343224564206,0.6169525921332125,-0.22303198668031735,-0.01633745771305652,-0.0226989119223217,-0.2695766087876622,-0.28401690575081384,0.0307514897522926,-0.2606950063304194,0.3828816446293838,0.03622595904574977,0.5691675096677866,0.21446099269060986,-0.1216543004950463,0.5111738944732587,0.4993128801242884,-0.19647570009735138,-0.1795433501710056,-0.015265837486663441,-0.2668451238320656,-0.24865793542447218,-0.33446136536779664,0.1604654578246747,0.25427395112663753,0.07981749739591042,0.5581191664631561,-0.0008465249728044834,0.03750020119076147,-0.25161594884152405,-0.32420740468069076,0.4155246799190264,-0.023179399308465763,0.20073272068285591,0.118843104831476,0.16436016551777485,0.07424902725591392,0.24856265784717704,-0.1457680340884931,-0.3062128545035591,-0.1190299809458657,-0.24825701885926624,-0.06971981827015974,0.4757044738051202,-0.277526522983899,-0.26885278992761935,-0.10356971196926767
442.5,0.24804607038352727,0.027016438268884252,0.5523101022614085,0.4044610004574142,-0.24515201605522696,0.6677578809315642,0.5132404824045598,0.18731018520944873,-0.299021373481981,-0.13770864210097844,-0.03465383621375374,0.6168475441337948,0.014236336470042821,0.45614443655645365,-0.13458366824349294,-0.1654395496082429,0.06260296251985989,-0.2853518948650608,0.3429176903443082,0.2515046891755206,0.263880944057717,-0.20135338830534674,0.5400440845136896,0.6744160542516809,0.5626549048471675,-0.18936294278510166,-0.08409942672799207,-0.24323013415764713,-0.20086728307179666,0.35779568981144527,0.2952043290079476,0.6074720097080963,-0.20949641938695254,0.004500612301554021,-0.007046523584555676,-0.2551384555813575,-0.26928805645768583,0.047376607479582195,-0.24646581974606216,0.3948300972036022,0.055402417318426024,0.5724458672505992,0.2160409995802443,-0.1027512462271837,0.509429559735836,0.5000164843983728,-0.18378471025864548,-0.16250499564700158,-0.016756797764784576,-0.2504449506635334,-0.23303134264427997,-0.32239410063370466,0.14878137291712928,0.26078846505166053,0.07705907028778859,0.5687153926622408,0.015855011930940917,0.04792111039380506,-0.2344594720406333,-0.3128522872717382,0.4293281186979643,-0.007651588360033381,0.21619023553483324,0.1089734605018519,0.17160190264281774,0.08683585486309195,0.2663345903042383,-0.1274127094531802,-0.2911772182893614,-0.10506752995479222,-0.23262172238258425,-0.052496326042897765,0.46858100579650425,-0.26515522970609207,-0.25123851022708943,-0.08283110940516572
443.5,0.24157466533232638,0.04561957632187998,0.5492485721292669,0.4126141671198161,-0.22690388138003845,0.6623549200765948,0.5201136063580416,0.17731882989546807,-0.28578596470196416,-0.12498864240235989,-0.014697232397314033,0.6110968535747748,0.017944140927744042,0.45111830318975465,-0.12123811687852229,-0.14586460105970728,0.07493541524000039,-0.2694722829870416,0.3322336548556651,0.2614602457504114,0.2593679662894771,-0.18740292702048442,0.5229042189270859,0.6869639779274055,0.572296505898958,-0.17009125442258538,-0.0700475342207116,-0.2240517721902772,-0.18135334909493456,0.3655981093207986,0.2932191956821999,0.5963996249586153,-0.19493588102803147,0.025711213172750547,0.009104207567436101,-0.23961145399749909,-0.2534538849198643,0.06437205257804303,-0.23115783770516826,0.40637372192488835,0.07489968071019201,0.5746314862170924,0.21761272884759103,-0.0832566162295664,0.5066480600447603,0.49977393478089277,-0.17009665455768935,-0.14469867565732428,-0.017357112215501885,-0.23307052477107848,-0.21642874291249994,-0.30892931531325385,0.1373647502814982,0.26717870805530797,0.0748245509551857,0.5784435940145181,0.03298470249000208,0.05880027635555359,-0.21640086061312283,-0.3000828915407042,0.4426796948664561,0.008375934999385262,0.2316829998736268,0.09955249018339855,0.17897983780515248,0.09975552620493025,0.2840546563408169,-0.10840473557890333,-0.27500311430571533,-0.09034949893524866,-0.21601134463891825,-0.0347230286915714,0.46042861930614415,-0.2515602298121157,-0.23271388861627793,-0.061589629100758304
444.5,0.23496685171680057,0.06456767238579761,0.544984818145831,0.4202442380159829,-0.20782048726124075,0.6553067641259185,0.5261442360090437,0.16745907041317984,-0.27132116528895667,-0.11142118582076041,0.0056800960748955845,0.6038583615146902,0.022307764984702494,0.4451750423275693,-0.1070768039218295,-0.12565106242536134,0.08763180075126668,-0.2525503322567883,0.3209939774131875,0.27131726719291666,0.2546584576590959,-0.17250148955226802,0.5042732274890634,0.6984102634108379,0.5810346092434522,-0.15013055008798162,-0.05532284512475645,-0.20408987927188965,-0.16114123185096463,0.37299903597765816,0.290932196548101,0.5837258366823117,-0.1794317188476319,0.047257097787002066,0.025710554975496864,-0.22308752573138482,-0.23660963679830851,0.0817000192678809,-0.21486095509619002,0.4174771368880248,0.09468161094760666,0.5756859894611088,0.21917103478542752,-0.06322104807888207,0.502812096692056,0.498562327045327,-0.15548739409745047,-0.12618814534809636,-0.017083412627947776,-0.21480632017987572,-0.19893269926192056,-0.2941891466380645,0.12627000609594274,0.27342539891675244,0.07311733887512124,0.5872533805291809,0.05050257565407975,0.07010290276516175,-0.19751832745020897,-0.2860197126911251,0.45553921399375596,0.024860555037593803,0.24717912202289774,0.09062140503426859,0.1864726858404274,0.1129744357935178,0.301688888765245,-0.08879913500021672,-0.25779126187570045,-0.0749331690232027,-0.19850813104206436,-0.01644652615718671,0.4512540744215169,-0.23684191501067325,-0.21335952214830747,-0.03988996698806268
445.5,0.22824912459616362,0.08382372506337682,0.5394992969516138,0.4273205658179279,-0.1879749962953226,0.6465814403223124,0.531293357985738,0.15777627070306735,-0.2557319638686756,-0.09706851402268911,0.026438374451318032,0.5951103024520521,0.02730107783564918,0.43831605225147185,-0.09216063389403693,-0.1048538918308193,0.10065798195816449,-0.23467750623298517,0.30923978607085434,0.28104948137557073,0.24976953169260208,-0.15672390670923042,0.48419104908489696,0.7086875664414898,0.5888197201382377,-0.12954020312618258,-0.03997666032349054,-0.18341380047561126,-0.140291577908841,0.3799717777538599,0.2883487533291964,0.5694487746417698,-0.16305962650648628,0.06910273450557507,0.042731538374280544,-0.20565123458677853,-0.2188426164362812,0.09932386405251008,-0.19765805809967202,0.4281046511910029,0.11471319056887416,0.5755730487759295,0.22071080726131118,-0.04269171088896271,0.4979078729534991,0.49636136199519754,-0.1400280847560046,-0.1070324160839613,-0.01595552168516833,-0.1957294966984436,-0.1806190734789303,-0.2782858275247049,0.1155494407705302,0.2795094142676975,0.07193847117354572,0.595094361520059,0.06837020379725538,0.08179471373478152,-0.17788330229278052,-0.2707740036052336,0.46786585510498824,0.041761401505019516,0.26264656083311133,0.08221807287325017,0.19405908934034918,0.1264595127366232,0.3192027841329771,-0.06864696751050567,-0.23963353027678086,-0.05887271502339601,-0.1801876572940496,0.002289105388579433,0.44106946102425304,-0.2210933026621412,-0.19324868208380405,-0.017773782078113136
446.5,0.22144880900508673,0.10335197234165545,0.5327767240010852,0.43381285334736647,-0.16743405645653,0.6361527150644328,0.5355228137557347,0.1483148717044422,-0.23911493010232085,-0.08198959284223074,0.047539829013346815,0.58483669300636,0.03289700129837862,0.43054696932712844,-0.07654718666359106,-0.08352371733483527,0.11398041252092425,-0.2159372512121603,0.2970163067100627,0.29063056530288023,0.24471932710589828,-0.140139933719291,0.4627096059212009,0.7177281674548445,0.5956025696858893,-0.1083746792800272,-0.024057792054166922,-0.16208653295663242,-0.11885986491175664,0.38648994686976446,0.28547556001887,0.5535751819232204,-0.14588991096911674,0.0912140180292495,0.060127756084209706,-0.18738023591328853,-0.20023270488702272,0.11720794039784913,-0.17962543224944733,0.43822032255145915,0.13496030600578082,0.5742587485239686,0.2222269847162548,-0.021712675367943156,0.4919254679461956,0.4931536584852091,-0.12378533674257446,-0.08728615571867367,-0.013996036473953519,-0.17591048540977855,-0.16155750711340897,-0.2613221021703227,0.10525280123911365,0.285411817274165,0.07128672748000404,0.6019163705983325,0.08655051625896613,0.09384195145651514,-0.15756101439781972,-0.25444806117509644,0.4796182288934053,0.059039185025157426,0.2780530458274983,0.07437678713321336,0.20171763470535914,0.14017816189180263,0.33656121044676107,-0.04799572164130556,-0.22061356182641562,-0.042219370335626026,-0.16111930925255313,0.021442060002243173,0.4298925546587077,-0.20440031275465556,-0.1724479752335906,0.004719916568864574
447.5,0.21459390982150292,0.12311767936299804,0.5248065604904283,0.439691266111918,-0.14625841635509762,0.6240009019990259,0.5387955354702207,0.1391180463754888,-0.22155864430301103,-0.0662402203450873,0.06894839699338727,0.5730280465037485,0.039067710367659325,0.421877955830041,-0.06029085985616173,-0.061707302031183395,0.12756608297145725,-0.1964056094036509,0.2843727230416559,0.30003415119451876,0.2395269333986345,-0.12281451240000696,0.4398935948608499,0.7254642771692874,0.6013343573046556,-0.0866840443898064,-0.0076127092217194384,-0.14016537164140033,-0.09689694252275147,0.39252754008066343,0.28232059131010856,0.5361213398844005,-0.12798780973333906,0.1135579923125459,0.07786121160407458,-0.16834576783516203,-0.18085291505794404,0.135317433310138,-0.16083321511071108,0.44778802817322516,0.15538953683934828,0.5717119774909818,0.2237145671513204,-0.00032527236695708927,0.4848592244827544,0.48892508187918365,-0.10682143012329459,-0.06700008934514484,-0.011229928458148011,-0.15541357861620717,-0.14181192094848644,-0.24339176025351006,0.09542688084796133,0.29111388909946634,0.07115874643244216,0.6076697139734344,0.1050076119683803,0.10621135954629224,-0.1366110686853968,-0.23713564870416412,0.49075445236517024,0.07665602639429965,0.2933660028892989,0.06712808804939871,0.2094268659654277,0.1540981988912619,0.35372832394371784,-0.026889696485754188,-0.20080742595107925,-0.025021616879570146,-0.14136678084560794,0.04097254855163883,0.41774715446192656,-0.1868421331508851,-0.15101798929957944,0.0275544024774891
448.5,0.20771295169431636,0.1430869310816643,0.5155835235268957,0.44492655746212817,-0.12450351999563058,0.6101137439632917,0.5410758024237989,0.1302273688033509,-0.20314420097077615,-0.04987317474690251,0.09062944706341733,0.5596821349704111,0.04578481034956615,0.4123239772835328,-0.043443044452970675,-0.03944798794419728,0.14138245931019938,-0.1761518452517298,0.271361978471381,0.30923383715378605,0.2342123072234245,-0.1048080727191234,0.41582117572028976,0.7318283668782268,0.6059670169624773,-0.06451444963281369,0.00931429796699978,-0.11770252292705412,-0.07444954712755868,0.3980590281884737,0.27889310412344914,0.5171140221089411,-0.10941384045101472,0.13610258516454227,0.09589513718374602,-0.14861316287973095,-0.1607699617123199,0.15361819522816272,-0.14134587269388096,0.45677154934398645,0.17596795164336174,0.5679048502424505,0.22516862914206462,0.02143156197030188,0.4767081480580938,0.48366508676828096,-0.08919457003102936,-0.046221393953249,-0.007684165610029374,-0.13429751031869494,-0.12144101805694667,-0.22458024410483599,0.08611516421703465,0.29659716338889064,0.07154915107170515,0.6123054428471253,0.12370657291099083,0.11887015441670531,-0.11508800522311938,-0.21892250804444005,0.5012322405047885,0.09457528248148492,0.3085524862653375,0.060498637292949256,0.21716529690843092,0.1681877807012328,0.3706674957670627,-0.005370370748855735,-0.18028428017485193,-0.007325392395488943,-0.1209885753092956,0.060842548042722454,0.4046633936515672,-0.16849164282249357,-0.12901391254290173,0.050694883567057605
449.5,0.2008348105777768,0.163226430480564,0.5051081162349649,0.4494902066010201,-0.10222007452243136,0.5944873697073745,0.5423295187432279,0.1216825030613368,-0.18394575502215207,-0.03293839191426949,0.11254951057877974,0.5448047943228745,0.05301949102823407,0.4019050631954939,-0.026052324294389594,-0.016786117266916954,0.1553974158912612,-0.15523906716759855,0.25804051736038613,0.31820320292507487,0.22879617992415172,-0.0861768592807026,0.39058450955581886,0.7367535238753499,0.6094535081254941,-0.04190859192171433,0.026680939721015467,-0.09474568270394833,-0.051560788205502604,0.40305945495483,0.2752036317325007,0.4965914575657126,-0.09022416895650084,0.15881635399474106,0.11419381649557907,-0.1282423641367224,-0.1400448301265052,0.17207658437410492,-0.12122268393316718,0.46513467024330407,0.1966629106962923,0.562813159099205,0.2265843329170608,0.04352095540180406,0.4674763130602308,0.47736707219431346,-0.07095916842589303,-0.024994082501394378,-0.0033873609777080407,-0.11261601777738414,-0.10049877979247165,-0.20496529394841878,0.07735752314297886,0.30184346399064094,0.07245068048567391,0.6157756508622699,0.14261327984883243,0.13178598681160278,-0.09304183549733494,-0.19988692528066437,0.5110090154876811,0.11276137086657853,0.32357911763627784,0.05451114583746634,0.22491142206245693,0.18241533321888906,0.38734124934727426,0.0165232427889207,-0.15910702093620796,0.010825690989082325,-0.1000384992186639,0.08101555557318893,0.39067801167002897,-0.14941586938084786,-0.10648612195477777,0.07410817224367772
450.5,0.1939885386614261,0.18350330285299982,0.4933871728252832,0.4533545696205131,-0.07945458731001206,0.5771273226426983,0.542524512983465,0.11352091700376224,-0.1640310870674407,-0.01548316399167374,0.134676023466015,0.528410765042462,0.060742658708963095,0.3906465441711425,-0.008164691937234894,0.0062405693508198155,0.16957916419266075,-0.13372483240871233,0.24446796451453018,0.3269158312135306,0.22329995678886955,-0.06697327150132891,0.3642900948166966,0.7401738331467325,0.6117481326135433,-0.018906148617571568,0.044446739324453796,-0.07133857736514572,-0.028270605848649856,0.40750454554097015,0.2712639699957036,0.4746042760542326,-0.07047098504050311,0.18166824214062918,0.13272240808876087,-0.10728843457356618,-0.11873333203166647,0.19065930650077106,-0.10051822183647038,0.4728412913787664,0.21744187577507385,0.5564168575056836,0.22795694151509133,0.06590778337713635,0.4571732711067761,0.4700287469012026,-0.052166142030571405,-0.003359374532739145,0.0016305493452879222,-0.09041837819984008,-0.07903494743043106,-0.18461760530099466,0.0691899681012341,0.30683494609175244,0.07385432520901611,0.6180337978536189,0.1616942313896355,0.1449268954455796,-0.07051855169490553,-0.18010032243155738,0.5200420339432954,0.13117959492907003,0.33841203299364225,0.04918435346102845,0.23264372706521258,0.19674947725584324,0.40371120934477817,0.03875425824359775,-0.13733291263838773,0.029390121768016676,-0.07856614211464108,0.10145634818661482,0.3758345757795173,-0.12967646281383755,-0.08348073694386225,0.09776237259322167
451.5,0.18720318466616104,0.20388490652315477,0.4804344116335093,0.45649304367516647,-0.05624987091800302,0.5580496538161139,0.54163086025739,0.10577762558370891,-0.14346217037102654,0.0024476476936017024,0.15697707847210618,0.5105245561568782,0.06892504727701808,0.3785792574702703,0.01017622512904964,0.029596556916097423,0.18389617889057397,-0.11166172709144973,0.23070674333884506,0.33534533501532166,0.2177456087010592,-0.04724620892554403,0.33705884625412125,0.7420247875273663,0.6128068788769088,0.004455813169095914,0.06257284041011725,-0.047521468153433326,-0.00461620001853366,0.41137082453660795,0.2670871552625304,0.45121640115609807,-0.0502028780689167,0.2046273452008262,0.1514467709375844,-0.08580205170759653,-0.09688664130730754,0.20933326082298195,-0.07928282336113007,0.47985555809178937,0.23827222722584557,0.5487005749608075,0.22928183203960253,0.08855836718762758,0.4458144549863111,0.46165250126435015,-0.0328632184129735,0.018643948289540083,0.007338597055940475,-0.06774991722744739,-0.057095484795704234,-0.163601479947145,0.06164445827236208,0.3115541409185415,0.07574946407964742,0.6190350614406788,0.18091636729694022,0.15826125449999387,-0.047560607260628086,-0.15962785487344355,0.5282885327057294,0.1497959707277014,0.3530168380544655,0.04453305706383441,0.24034069895686438,0.21115895412963875,0.41973806303055017,0.06128759316180331,-0.11501418760469373,0.048328261376415854,-0.05661733712896346,0.12213074946680283,0.36018363883741744,-0.10933017202058856,-0.06004013766057895,0.12162658334376217
452.5,0.18050761164347492,0.22433865031896408,0.4662709867580717,0.45888024432427893,-0.032645515957439815,0.5372820647987666,0.5396212274828426,0.09848496750622829,-0.12229572721036104,0.020811390905027847,0.17942118735673449,0.49118131507912244,0.07753730963642638,0.3657397122860506,0.02892893262098344,0.05324820148888924,0.19831712252561487,-0.08909791661527802,0.21682163487612213,0.3434653913780267,0.21215555699591007,-0.027041415361784615,0.30902586164339063,0.7422437297275539,0.6125877954690836,0.028142451658310953,0.08102181173969034,-0.02333162035615128,0.019367567113119828,0.41463574357213434,0.2626874335647555,0.4265058478821834,-0.029465206783008978,0.22766268688528374,0.17033329313601836,-0.06382998262767713,-0.07455180480130734,0.2280653908192561,-0.05756304275931671,0.48614200454411344,0.259121088529842,0.5396541627909468,0.23055450900206215,0.11144018591240883,0.43342157013073823,0.45224578150159517,-0.013095244140584331,0.040979202424261466,0.013705040496602991,-0.04465248786630825,-0.03472301921176123,-0.1419754577307895,0.05474877132116259,0.3159840041120462,0.078124000475125,0.6187367183261439,0.20024689674280355,0.17175771656149355,-0.024207368505318058,-0.13852900001400964,0.5357058934746931,0.16857705676445772,0.3673585729380683,0.04056818395082838,0.24798083691537767,0.22561255198277624,0.43538153498649795,0.08408966026173029,-0.09219861282138557,0.06760211668820858,-0.03423459998553644,0.14300540337818674,0.34378281924943405,-0.0884293145369846,-0.03620344853980744,0.1456706152234707
453.5,0.1739303144994021,0.24483181810102933,0.45092602623163935,0.4604921960059845,-0.008678332970457538,0.5148650781646665,0.536471242217471,0.09167241816530655,-0.10058376635874318,0.03956739622300222,0.20197705265968313,0.47042767981417716,0.08655009102958958,0.35217020535642485,0.048053835591271174,0.07716339538426321,0.21281076990915265,-0.06607766420387226,0.2028792818703354,0.35124978198215906,0.20655255248767596,-0.006401817338337619,0.2803398255722077,0.740770331091501,0.6110513958018791,0.052120788345984506,0.09975745174124315,0.0011962604033874608,0.04364779392163678,0.4172778184393885,0.2580802207637659,0.4005653744515662,-0.008300459428520045,0.25074300398409183,0.18934872456602503,-0.04141553649350375,-0.051772225883629876,0.24682254052903502,-0.03540208524032734,0.4916657135692354,0.27995515864043286,0.5292732688086734,0.231770617745593,0.13452160139818298,0.4200229638778354,0.4418214605769214,0.0070955094461075795,0.06361147849356068,0.020697591614633745,-0.021164919904580203,-0.011957259605972945,-0.11979292093262647,0.048526432514443045,0.320107967845367,0.08096449610011289,0.6170985574882633,0.21965313212974533,0.1853851524298245,-0.00049553806098363,-0.11685812740610715,0.542251826828703,0.1874897875041899,0.3814016868324045,0.037296905379946926,0.25554266395225567,0.24007903384731705,0.4506003760092351,0.10712807368330482,-0.06893002174274718,0.08717511481782657,-0.011457545243082807,0.16404755563079454,0.3266967888526864,-0.06702223287672146,-0.012006988662248556,0.16986472138028477
454.5,0.1674992395544267,0.2653314006566871,0.4344371417308378,0.46130653548209455,0.015617234865789665,0.49085320378990904,0.5321598852852458,0.08536644086409342,-0.07837409653234242,0.05867674951222226,0.22461334863086185,0.4483225833949064,0.09593408583791649,0.33791887711233043,0.06751300526865502,0.10131125052885726,0.22734593333696246,-0.04264181702594824,0.18894764399443545,0.358672440902832,0.20095954973627067,0.014632146177331263,0.25116200858422466,0.7375471135035221,0.6081610965476519,0.07635936698552247,0.1187445945390552,0.02602962208275919,0.06819318509087724,0.4192767755549573,0.25328205341533994,0.37350293109106986,0.013251398269490944,0.27383654022404025,0.2084600142309748,-0.018598993231538644,-0.028588119940949258,0.2655713169436186,-0.012840219360323937,0.4963924927805852,0.3007405524499726,0.5175599372575146,0.2329259579244256,0.1577715954308056,0.4056539610281127,0.4303981988724215,0.027669046014122334,0.08650733267927146,0.02828361178526396,0.002676559143292476,0.011164608314624562,-0.09710266645594781,0.042996701202248196,0.3239099967061378,0.0842563007452756,0.6140833277822575,0.2391023290178474,0.1991125890934522,0.023540448305649553,-0.0946650440372903,0.5478845760409836,0.20650131139045605,0.3951100233628103,0.034722785077473374,0.2630047400592278,0.2545270684026787,0.46535236708592426,0.13037136886464468,-0.04524881113845193,0.10701188177758444,0.011676720289933011,0.18522484270507164,0.30899715487519636,-0.04515373327842499,0.012515308821036917,0.19417933963429948
455.5,0.16124160844716345,0.2858039353339749,0.4168508917827071,0.46130272799980965,0.040208725964361605,0.4653160586431708,0.5266699070407905,0.07959037733780625,-0.05571081299322428,0.07810206560973107,0.24729851104732545,0.42493797362322755,0.10566007948032023,0.32303969845270436,0.08726994864740809,0.12566179824036153,0.24189138959349915,-0.018828260651179988,0.1750954123457903,0.36570750987946354,0.19539957776836986,0.03602220476463809,0.22166483422702976,0.7325200224757007,0.6038836922015444,0.10082793166652108,0.13794891880650903,0.051137687445139836,0.09297371817512304,0.4206137075055628,0.2483105302054986,0.3454418443856706,0.0351525886723648,0.2969108489402459,0.2276341528613489,0.004581991691904618,-0.005036942196360632,0.28427795908929687,0.010084832289327902,0.5002890672914952,0.3214426498459114,0.504523228350515,0.23401649700436336,0.18115951824160065,0.3903571525166091,0.4180007862666941,0.048587351707992325,0.10963449272556561,0.03643027780360401,0.026837929895851032,0.03460754913771498,-0.07394944359831451,0.038174611299906416,0.3273746473191061,0.08798367669721387,0.6096572226129962,0.25856153266538173,0.21290914704783231,0.04786804957924777,-0.07199551128260154,0.5525631412065207,0.22557883398497408,0.40844681736949495,0.03284595703329961,0.270345677309632,0.2689251643168465,0.47959433928115436,0.15378873507943708,-0.021192404163300798,0.12707802609715615,0.03513322627598829,0.20650508858841216,0.29076222327321716,-0.02286550446249607,0.03733150558992021,0.2185848454884712
456.5,0.15518374863318757,0.30621535384898807,0.3982231774455988,0.4604622957480006,0.06506529902457892,0.43833938656519933,0.5199882665996074,0.07436437763143772,-0.03263475624625036,0.09780726506825313,0.27000053578291516,0.4003594046514225,0.11569897704452725,0.30759237854763993,0.10728938228894684,0.1501857037443364,0.25641580967837424,0.005327656595355039,0.1613913931327517,0.37232940138886267,0.18989560849846282,0.05773194929145838,0.19203000604602982,0.72563906113152,0.5981898683255747,0.12549712204317154,0.15733676045038172,0.07649109963898473,0.11796032875529239,0.4212712372993269,0.24318424394837423,0.3165206745860025,0.0573672019363784,0.3199326046779682,0.24683802133104535,0.028092005725540554,0.01884621098099743,0.30290821442299076,0.03333752369210067,0.5033232894048507,0.3420259539268533,0.49017984914783996,0.23503838374144678,0.204654847547249,0.37418262249124873,0.4046604557670845,0.06981411165405177,0.13296157762722452,0.04510471973921905,0.051287011686801345,0.0583383258918105,-0.050374457044372246,0.03407106122885172,0.33048713163878196,0.09212991673212118,0.6037904044921796,0.2779974317020071,0.22674397802967144,0.07245626991388471,-0.04889173199797435,0.5562475242782156,0.2446894668094799,0.42137470379600384,0.03166332674028481,0.2775441573575858,0.2832416089960361,0.49328221033845515,0.1773497596634928,0.0032043183852055153,0.14733992817450153,0.05887878851669923,0.22785610926685346,0.2720766327760053,-0.00019651535473633845,0.0624112925878587,0.2430513150168597
457.5,0.1493509326448941,0.3265308387973388,0.37861954676048176,0.4587690579984616,0.09015739366768438,0.41002591358043733,0.512106592565495,0.06970536844975962,-0.009183943015542161,0.1177573552772729,0.29268678604774073,0.37468645133879624,0.1260218202354447,0.29164218486992344,0.1275370113605745,0.17485399385226313,0.2708876921243253,0.029792727240773288,0.14790387205231764,0.3785128697755856,0.1844704242601372,0.07972653689473679,0.16244621046961233,0.716858996164118,0.5910547558283509,0.15033818382501546,0.17687492991343295,0.10206158925624924,0.14312461207524893,0.42123369082023326,0.2379227042311644,0.2868926866024481,0.07986088988163784,0.34286742407209914,0.26603824540643906,0.051897519678449265,0.04302822556666672,0.3214272231985371,0.05688413636398817,0.5054643655903857,0.36245395907585376,0.474554784496544,0.2359879615777952,0.22822695743995075,0.35718809785988004,0.39041515738124766,0.09131443624194761,0.15645783001336344,0.05427413262906257,0.07599311560102988,0.08232516777343783,-0.026415836016012734,0.030692947851989356,0.3332333837889936,0.09667745487839483,0.5964575720361041,0.29737621945774956,0.24058620416484758,0.09727532934215691,-0.025392807689954427,0.5588989956714627,0.2638000824591483,0.4338557393675167,0.031168790071391873,0.28457895178068465,0.2974444125484031,0.5063710387423666,0.20102418303054378,0.02790861616551102,0.1677645358781526,0.0828816780648399,0.2492455250330055,0.2530308519505793,0.02281660827914075,0.08772564718317676,0.2675482969737599
458.5,0.14376722810911924,0.34671468949373796,0.3581153821877467,0.45620938208127537,0.11545641052403713,0.3804959646655117,0.503021662812546,0.06562705825877954,0.01460602944246787,0.13791821689592593,0.31532380851026953,0.34803289351411315,0.13659979418045687,0.27525966798602963,0.14797931462980574,0.19963779639454116,0.2852753007560497,0.054535513825608825,0.13469997208322437,0.3842330906577428,0.17914648584233167,0.10197240818442048,0.1331064385259826,0.7061401479511272,0.5824585281175761,0.17532269280458773,0.1965305346875325,0.12782166015129678,0.16843853919587504,0.4204872768227979,0.23254625098610152,0.2567248841160924,0.10260057362604483,0.36567969653246124,0.28520105740457125,0.07596654858351401,0.06747761619564431,0.339799411510472,0.0806924493374401,0.506683101035396,0.3826890297016188,0.45768191332748487,0.2368617819096967,0.2518448965830985,0.33943900363057283,0.3753097795607523,0.1130545974886977,0.18009286024613144,0.06390586416125736,0.10092671764542564,0.10653745580872709,-0.0021090713804864255,0.028043338269738993,0.3356001302873116,0.10160796935689136,0.5876385715608443,0.316663463532013,0.25440485944945135,0.12229635254253561,-0.0015351667022134353,0.5604803832374292,0.28287717653831984,0.4458514377135233,0.03135346419762382,0.29142894566561484,0.3115012577228782,0.5188150959365057,0.22478166368788122,0.05288951403007155,0.18831916675797528,0.10711130812487912,0.270640580729584,0.23372053551622973,0.04613922765838148,0.11324651033497843,0.2920445937148862
459.5,0.1384553603098016,0.3667301978727267,0.3367959440805825,0.4527724440505437,0.14093440840987417,0.3498877610364471,0.4927358995853135,0.062139976679348355,0.0387016040714475,0.15825639624781604,0.3378771586031224,0.32052661609404975,0.14740422555947755,0.25852028558846885,0.16858333590592608,0.2245080902029825,0.2995466077117916,0.07952600105475414,0.12184501819207971,0.38946574878233575,0.1739458024802099,0.12443701635711595,0.1042049972577069,0.6934492774942639,0.5723870420734126,0.20042229089455482,0.21627080757373549,0.15374429152614222,0.1938741859108862,0.41902027362668937,0.22707595935977531,0.22619657094280754,0.12555416436523198,0.3883324254985919,0.30429216532253134,0.10026833123213486,0.09216419315000615,0.35798839377693287,0.10473142666500279,0.5069521619950644,0.40269229058307693,0.4396045918336295,0.23765661714625388,0.275477175358458,0.3210084072904249,0.3593963044435874,0.13500177547446057,0.20383640133048994,0.07396748056816489,0.12605914976107052,0.13094542475821444,0.022512576933803975,0.026121672938331536,0.33757496342384014,0.10690247733206895,0.5773190544933245,0.33582398423205473,0.2681688344300569,0.14749107357347196,0.022647034951666995,0.5609563844751608,0.3018867370085848,0.4573228185714302,0.03220592528242369,0.2980731648009954,0.32537945656598793,0.5305679573211306,0.24859155262612048,0.07811745061149669,0.208971317128319,0.13153793703820316,0.29200797415481083,0.21424574093977888,0.06973835417878062,0.13894648121199657,0.31650805078751676
460.5,0.13343658884687765,0.3865395352811209,0.31475624337463043,0.4484504975199961,0.16656381643591092,0.31835731453339605,0.48125787459038294,0.059251545088565546,0.06307090783313396,0.17873890412257826,0.36031123557495004,0.29230917344071894,0.15840657344859915,0.24150392278844487,0.18931648225938197,0.24943546469942524,0.31366924250018424,0.10473526839677197,0.10940192273213119,0.3941871344559403,0.16888980524903374,0.14708856775730986,0.07593430791403677,0.6787605824840941,0.560832522431953,0.2256084328629515,0.23606294110052625,0.17980265404633297,0.21940347290532175,0.41682322146274353,0.22153353646687016,0.19549742465194656,0.1486902965256349,0.41078708124361507,0.32327663007481705,0.12477302658319758,0.11705874784118268,0.3759568854795814,0.1289709208642305,0.5062463560797383,0.42242352985316745,0.4203761811951746,0.23836947350378251,0.29909156180946395,0.30197683623734395,0.3427338823981928,0.15712381465300643,0.22765807385441922,0.08442681299784795,0.15136230655374167,0.15551987963045258,0.04741769956848562,0.02492399342911187,0.33914641753759456,0.11254142129963185,0.5654911804409763,0.3548217425795962,0.28184682490659696,0.1728315546505816,0.04712153810377503,0.5602939029363048,0.3207941215938282,0.468230471674712,0.0337124481721431,0.304490806804012,0.33904591452315663,0.5415826126017931,0.2724226766415194,0.10356394799642268,0.2296884782325332,0.15613238570469495,0.3133136929569207,0.19471001185955533,0.0935823306056156,0.16479852693884145,0.3409053553249445
461.5,0.12873059965380057,0.40610365109392665,0.29210071842199864,0.4432391487470051,0.1923171591020282,0.2860778392548746,0.4686028169274875,0.05696617488590653,0.08768341648734881,0.1993330213057376,0.38258912798603956,0.26353497314974617,0.169578414186437,0.2242943088007343,0.21014632927224003,0.274389888384436,0.32761044787930244,0.13013518067665422,0.09743060500018755,0.39837424862664805,0.1639992252738883,0.16989577328539784,0.04848160965747968,0.6620568131515163,0.5477942872196477,0.25085214272942025,0.2558739285543747,0.20596983805125196,0.24499791591398368,0.41388911917080157,0.2159412107329291,0.16482509376287952,0.17197807245377544,0.4330034663882537,0.3421187515528161,0.1494514252958819,0.14213275472160858,0.39366662703197824,0.1533813907338319,0.5045429304764057,0.4418411157527484,0.40006049372556474,0.23899760345518267,0.3226548864539595,0.2824319540532353,0.32538881113874896,0.1793889897403066,0.25152716034485423,0.0952519865697146,0.17680836577092474,0.18023192526056614,0.0725763816536851,0.02444318822430972,0.3403040478452155,0.11850474711607835,0.5521543637274555,0.3736197386572283,0.29540728544382816,0.19828991724687964,0.07185762799222833,0.5584624098196121,0.3395639439102657,0.478534635895422,0.03585724378904348,0.31066127645673086,0.3524671026864646,0.5518115960014696,0.29624313037376854,0.12920129986485565,0.2504379597114126,0.18086576789648884,0.334522860483621,0.17521934084715718,0.1176405287669208,0.190775705409745,0.36520184366649106
462.5,0.12435541332755959,0.4253821841923678,0.26894269457329856,0.4371376354625693,0.2181667927277716,0.2532386117208921,0.45479311444086734,0.055285389552648986,0.11250963817718554,0.22000611108838433,0.4046724706141078,0.23437004621982654,0.18089142149022563,0.20697833370418245,0.23104043353964537,0.2993404858405243,0.3413370433031977,0.1556980944032921,0.08598745754896672,0.4020049166334469,0.15929397810357795,0.19282761008848423,0.022025701977730745,0.6433305154961062,0.5332795092382318,0.27612377904347846,0.27567041204123494,0.23221859224384325,0.2706283849336823,0.41021362367469105,0.21032161469064897,0.13438236016944155,0.19538681787314507,0.45493959546722695,0.36078196427632653,0.17427467474447683,0.16735808764944865,0.41107831969465636,0.17793363208715504,0.5018218878860088,0.46090192835298627,0.37873212793669286,0.2395385177585565,0.3461328562713904,0.2624680843128071,0.30743440516746523,0.20176578081937846,0.27541238861876893,0.10641143425808333,0.2023695208035198,0.2050527076002457,0.09795986826582324,0.02466925023216679,0.341038511435981,0.12477197381636088,0.5373160584802291,0.392179921132772,0.3088183884484877,0.22383808407799072,0.0968258025959481,0.555434331700329,0.35815996908404724,0.488195294186211,0.03862269054759645,0.3165642255044979,0.3656090388937992,0.5612071368075149,0.32002007706043156,0.1550022756645165,0.27118672062918725,0.20570923209284428,0.35559959118419493,0.1558810301131313,0.14188306221346572,0.2168508994111261,0.38936131891215375
463.5,0.12032731039320574,0.44433338838720154,0.2454036108936961,0.43014910641331383,0.24408465185645306,0.2200432305445111,0.4398587967725781,0.05420796643690756,0.13752081372969055,0.24072543899161256,0.42652131386082964,0.20499038748926388,0.1923173429658998,0.189645272903224,0.25196615264962974,0.3242553231275772,0.3548153966660394,0.1813965777660586,0.07512487056943432,0.40505791057647855,0.1547930554931401,0.21585309293863544,-0.0032661360520537903,0.622585404334027,0.517304005312328,0.30139280859483497,0.2954185380702733,0.25852107157122406,0.2962648718548285,0.4057952503447148,0.20469766223739913,0.10437394045714281,0.21888584738154035,0.47655159006786746,0.37922874345992885,0.19921401604340253,0.19270674896612064,0.4281515744916895,0.2025985200763892,0.4980663197003697,0.47956130749823817,0.3564766605368853,0.23998999700269946,0.36948987841072733,0.24218557470127028,0.2889507425629681,0.22422265736837663,0.2992817239279592,0.11787389765357367,0.22801772377239504,0.22995316554577583,0.12354024880448726,0.025589540132278356,0.34134164996560284,0.13132225551465465,0.5209925738244077,0.41046310886929555,0.3220479895501895,0.24944753079619622,0.12199745937674908,0.5511854652116115,0.3765450196591521,0.4971722848250965,0.041989556688011624,0.3221795970908346,0.37843727835796875,0.569721330715341,0.3437195582689784,0.18093983864111746,0.29190120838328226,0.23063371367825375,0.37650685632052977,0.13680247456655273,0.16628051237007774,0.24299656061059735,0.4133458794044408
464.5,0.11666077381756582,0.4629140729616893,0.22161200631945605,0.4222808978806968,0.2700420045822007,0.18670725505103378,0.4238379857631516,0.05373009416405129,0.1626886317094533,0.2614579999610263,0.44809400693237256,0.175579871756481,0.20382797409060416,0.17238593093612248,0.27289047288710616,0.3491012017787986,0.368011405065406,0.20720314252877797,0.06489082372986245,0.40751308018528276,0.15051442572881402,0.23894105491202428,-0.02724091698879963,0.5998378610932472,0.4998930408592888,0.3266275883892268,0.31508382118850203,0.2848485933748797,0.3218762662145428,0.40063557199504984,0.19909242150849513,0.07500303040117609,0.242444239432905,0.497793591148339,0.39742052241863135,0.22424053183100154,0.2181506097832416,0.44484487510672394,0.2273467619865201,0.4932627555280346,0.49777301822622944,0.3333906620880341,0.24035010257895362,0.392688894410895,0.22168999941573259,0.27002427833131804,0.24672787095889706,0.32310216993353,0.12960841653400715,0.2537244380076695,0.2549037923869751,0.14929015783193572,0.02718905023797196,0.3412065735093023,0.13813443576204884,0.5032099064293114,0.4284289255830154,0.3350636000013687,0.27508904651511285,0.1473445982797575,0.5456954191705014,0.39468089265967776,0.5054254294540571,0.045937211017497474,0.3274876750082255,0.39091691449708615,0.5773063324282631,0.3673063131107989,0.20698687583787506,0.31254720591131974,0.25560969658121147,0.39720636085933825,0.11808989672299582,0.19080366682159744,0.26918446230818693,0.4371157594020311
465.5,0.11336844873130787,0.4810795595139526,0.19770226746564837,0.413544802656953,0.2960092160977182,0.15345523859927993,0.40677729626859466,0.05384554162770751,0.18798495646545427,0.28217035334314716,0.4693470962288159,0.14632777620444679,0.21539513066494612,0.15529172025521837,0.2937798450266661,0.37384346190118417,0.3808904852763285,0.23308998633636852,0.05532855268744041,0.409351491981483,0.14647494347461948,0.26205993698013724,-0.04976228997986942,0.575118541162555,0.4810821325639372,0.35179515604679695,0.334631016286716,0.3111714012418136,0.34743013911460585,0.3947394138861534,0.19352898460260595,0.04646772293052777,0.26603062036865865,0.5186176902433292,0.4153176222416464,0.24932490378377808,0.24366116022464318,0.46111555574378454,0.2521486596061287,0.48740152769000467,0.5154892349176776,0.3095815035327085,0.24061718701129636,0.41569122595374824,0.20109120410822734,0.25074731673685047,0.26924925650165715,0.34683957879330196,0.14158430902038371,0.27946039909784887,0.279874406205954,0.17518249017701995,0.02945066419865631,0.3406277449468595,0.14518709484072062,0.4840045725237041,0.4460357485589701,0.34783236679860785,0.3007325026246628,0.17283953895101298,0.5389480841910606,0.41252828874234426,0.5129146783906495,0.05044382014619244,0.33246913787105875,0.40301259061961503,0.5839145700317723,0.39074360769352723,0.23311593846880677,0.33308968771631864,0.28060698368967585,0.4176584325777858,0.09984706689122504,0.2154232685416572,0.2953854602026506,0.46062918346251125
466.5,0.11046111904857366,0.49878365629891713,0.17381315174938403,0.40395732623416886,0.3219555201309049,0.12051721429547516,0.3887321679640413,0.05454583470582377,0.21338156763073335,0.30282846603374297,0.4902352404699606,0.1174259667783435,0.22699062067377848,0.13845369418757095,0.31460002862437697,0.3984457951886749,0.3934175746339306,0.2590287442518479,0.046476295104259616,0.41055557643157686,0.14269026994086093,0.2851775864113277,-0.07071236785696361,0.5484740624361556,0.46091782647620294,0.37686102910855085,0.3540240002676772,0.3374584363740772,0.37289253569651903,0.3881150416797006,0.18803033550603937,0.018957447764839666,0.28961295730190423,0.5389738812799922,0.4328791947733174,0.2744371791224027,0.2692092686979802,0.47691979492796077,0.2769738805252873,0.48047714863209057,0.5326605453747288,0.2851669235395927,0.24078990357153324,0.43845643339889373,0.18050220452570293,0.2312173391792419,0.29175404204642214,0.370458470900872,0.15377114401760655,0.30519538395217594,0.3048339288482619,0.20119012836354505,0.0323554085638847,0.33960106417360725,0.15245859051069824,0.46342441572562165,0.46324067246732314,0.36032106121219587,0.3263466296555472,0.1984546503949752,0.5309321290839775,0.4300467544180392,0.5196002736494627,0.05548653080371182,0.3371051182779875,0.4146885230957021,0.5894989817357759,0.41399307582609934,0.2592989914199576,0.353492685345454,0.30559447568302617,0.4378219245072527,0.08217404448928446,0.2401097750787641,0.3215692607723116,0.48384223627561285
467.5,0.10794770034716698,0.5159786512474469,0.15008611187350546,0.39353992405846616,0.34784879824676607,0.08812473483882487,0.3697671066436275,0.05582043709368147,0.23884990980671833,0.32339756428439426,0.5107111441729656,0.08906583265030107,0.23858621644456585,0.12196155629188701,0.33531594533580517,0.42287006896004986,0.40555714296869133,0.2849902487115358,0.038367118377535814,0.41110928267491637,0.13917480399771845,0.3082610639465068,-0.08999297641766738,0.5199687306566152,0.43945842302187677,0.4017890140762347,0.37322566385622025,0.3636771166764228,0.3982277769245393,0.3807743388684071,0.1826192176283354,-0.007350411676355117,0.3131583598340584,0.5588100347171028,0.4500631798909196,0.2995465456443137,0.29476494957701627,0.4922126261925815,0.30179123798901425,0.4724886983994665,0.5492359759395153,0.26027433185209115,0.24086721510032866,0.4609421885454955,0.16003795735842288,0.21153618925176634,0.3142086673167534,0.39392186506961835,0.1661387074477382,0.3308979877256163,0.3297501733765431,0.22728568073360914,0.03588269293191245,0.33812395132101625,0.15992709281438405,0.44152936080702404,0.4799994893094436,0.37249607639292187,0.3518988023147226,0.2241620915071437,0.5216415223319562,0.4471946383114468,0.525442930171611,0.06104163635712808,0.34137726702037957,0.42590853664279615,0.5940132757100597,0.43701457221476003,0.28550717097170897,0.37371916307696534,0.3305399582078952,0.45765413195964594,0.06516597694434476,0.264833126953642,0.347704197269244,0.5067087498743005
468.5,0.10583524815085668,0.5326153247742493,0.12666346014052052,0.3823192129135583,0.37365536740855704,0.05650660988070018,0.34995581190715375,0.05765693197133389,0.2643608514477593,0.34384199476468474,0.5307255110901742,0.061435076162140036,0.250153627927146,0.10590267046478445,0.3558915419112917,0.4470761626381551,0.41727321625561586,0.31094429736750023,0.03102882881557109,0.41099824028153753,0.13594162466088963,0.3312764600303233,-0.10752630117497539,0.4896862385646402,0.41677461448215214,0.4265410263130044,0.3921978144366622,0.3897931241474725,0.423398271764771,0.3727329697555909,0.17731800240190224,-0.032293573309293735,0.33663289084012454,0.5780718956144769,0.4668262781506951,0.32462111513077696,0.32029713900896,0.5069479665530549,0.32656847922709203,0.46344021833900734,0.565163038662208,0.2350398318539554,0.24084840197044183,0.4831041632388785,0.13981402903069468,0.19180912240669343,0.33657861132663924,0.41719112020318283,0.17865696375379153,0.3565354087552547,0.3545896402360599,0.2534412289533727,0.04001053610096582,0.3361954281024718,0.16757061350938635,0.4183920771572608,0.49626668552345843,0.3843234347096301,0.3773548331597129,0.2499335612547629,0.511076075590311,0.4639290625140304,0.5304040357202534,0.06708472705496213,0.34526782230881686,0.4366361123051363,0.5974122139062734,0.45976603960456713,0.31171055020636895,0.39373090468731015,0.3554098976409891,0.47711072544016525,0.04891199132735149,0.28956252477458505,0.3737570136646181,0.5291802102884752
469.5,0.10412898052907527,0.5486429834127515,0.10368642254131558,0.3703271487176102,0.39933977654772235,0.02588451847747058,0.329381167618424,0.060041201614785565,0.289884452263968,0.36412509559316314,0.5502270192463983,0.03471448297478566,0.26166447788782177,0.09036109720254967,0.3762896636359381,0.47102181830236545,0.42852941257037286,0.3368594287562371,0.02448395955654139,0.4102099273424269,0.1330024451668817,0.3541887204860499,-0.12325494191248425,0.45773125545937543,0.3929499949505287,0.4510769222428787,0.41090109084400217,0.41577020155342276,0.4483643412007612,0.3640105236492456,0.17214856038965137,-0.05572744963935392,0.3600013867769474,0.5967031071134704,0.4831239398095427,0.3496277152852648,0.3457734788916067,0.5210786636048523,0.35127208247296443,0.4533411059985375,0.5803878013675419,0.20960695637130505,0.2407330691013271,0.5048959355716311,0.11994519468282787,0.17214373384148035,0.3588282296251764,0.4402257897293381,0.19129601389685102,0.38207324202190784,0.37931732266379203,0.27962808393792005,0.044715776298951994,0.33381619628182324,0.1753670307715936,0.3940985098210508,0.5119954572588485,0.39576880545121373,0.40267877571659216,0.2757400575348132,0.49924200446510036,0.48020591002648566,0.5344458699742682,0.07359082391960779,0.3487596839757227,0.4468344486940228,0.5996519209699945,0.4822033915247066,0.3378779119234566,0.41348841228164374,0.3801692459855079,0.49614570079208936,0.03349421059856462,0.31426621485957773,0.39969265730353104,0.5512056857846643
470.5,0.1028323137312662,0.5640095151971318,0.08129314199213189,0.3576011623484414,0.4248646132546887,-0.003531303748286231,0.3081350719400329,0.06295760241252765,0.31538973879378596,0.3842090781638034,0.5691623191042811,0.009074806133694652,0.2730902797662544,0.07541668134399213,0.39647193908996636,0.4946625072486971,0.43928899097020835,0.3627027059679938,0.018749832460824893,0.4087338440196186,0.13036757869376797,0.3769614823109596,-0.1371414172434154,0.42423080307104016,0.3680813982125799,0.4753543455882741,0.429294891135946,0.44156995975068025,0.4730840558263626,0.3546306355402849,0.16713213635143448,-0.07752717336342371,0.3832272882185569,0.6146452605767697,0.4989103712462383,0.3745316906805745,0.3711601094277318,0.5345565620072378,0.37586706319138863,0.44220650489958946,0.5948549813261176,0.18412512391125577,0.2405211519738632,0.5262689155282794,0.10054400501963583,0.15264878453654543,0.3809206019004612,0.46298349028736885,0.20402605113347677,0.40747528205525246,0.40389652219277306,0.3058165495781302,0.049974264169252394,0.33098871216431436,0.18329410980207533,0.3687482310424088,0.527137744727726,0.40679753350582193,0.42783273820335654,0.3015516441492337,0.48615249970406216,0.4959798292664665,0.5375318433502742,0.08053449652815585,0.3518364925641417,0.4564665370298696,0.6006902195728583,0.5042804124176768,0.36397652928143065,0.4329508182614016,0.40478125578926705,0.5147113479385045,0.01898692140063946,0.3389112834397135,0.4254740813755268,0.572731778845146
471.5,0.1019469094719361,0.5786614675815478,0.05961669651379029,0.3441842446105777,0.4501903220599826,-0.031546096884713236,0.2863180858947331,0.06638913320715666,0.3408444881143866,0.40405492070895416,0.587476056240001,-0.01532610300410386,0.28440241889747964,0.06114421524196114,0.4163986772326336,0.5179513146254864,0.44951491384955383,0.38843950894659174,0.013838687354722962,0.40656169048230206,0.12804591554435502,0.3995569204643507,-0.14916718728050568,0.38933529471698985,0.34227901609378386,0.4993285896468597,0.4473373144267644,0.467151697384615,0.49751308905274705,0.3446210782232721,0.1622892296465837,-0.09758898534083418,0.40627248154079254,0.6318379734127311,0.5141385597089365,0.3992967135206527,0.3964214709952899,0.5473325900298882,0.4003167903441809,0.43005768135570194,0.6085080630423324,0.15874783754961266,0.24021292157247293,0.5471722919399851,0.08171936231445756,0.13343295127423258,0.40281739085491675,0.48541978634403227,0.2168173156201,0.4327033364577697,0.4282886754115488,0.33197569402818905,0.05576103774428133,0.32771725595454626,0.19132951995629197,0.3424545621919135,0.5416442864884697,0.41737467960109864,0.45277670933274433,0.32733722557548484,0.47182829948764216,0.5112042566281747,0.5396267561505663,0.08788996518366644,0.3544827131207193,0.4654952504901428,0.6004869937509624,0.5259486770600114,0.3899719547623576,0.45207581159490473,0.4292073062479568,0.5327582395386254,0.005455913916925561,0.3634634598197681,0.4510620586888975,0.5937026039732499
472.5,0.10147273236620433,0.5925441485272243,0.03878320075378427,0.33012497124403034,0.47527503611990063,-0.05798413396422882,0.26403888299558415,0.07031759523706574,0.36621502001808415,0.4236222746383299,0.6051109197611935,-0.03834579521679786,0.2955721377997541,0.04761269881087206,0.43602877789531125,0.5408388443879041,0.45916992331551965,0.41403333639967804,0.009757870635700782,0.40368754792444606,0.12604491148213884,0.4219356067053823,-0.15933128087231996,0.3532191003569616,0.3156662494231507,0.5229524777864776,0.46498511786471114,0.4924722350350906,0.5216045882084461,0.33401382058430124,0.15763948126758892,-0.11583095510340294,0.42909715294966533,0.6482189952756509,0.5287603172929086,0.4238846053241912,0.4215201164170065,0.5593568667526844,0.4245828138078675,0.4169223789275437,0.621289440516901,0.13363066441355126,0.2398089881750602,0.5675530026041257,0.06357514843502712,0.11460353164930323,0.42447871345451516,0.5074880925559881,0.22964004890970763,0.457717051661464,0.4524531934248917,0.3580731286804779,0.06205047908932879,0.3240079946958827,0.19945084902221058,0.31534441548934083,0.5554646944070581,0.4274650726704266,0.47746839801722485,0.353064329648325,0.45629825065535573,0.5258314579265106,0.54069707865345,0.09563118818957343,0.3566837235223749,0.47388344834712404,0.5990045820424355,0.5471574912238096,0.41582781845383304,0.4708195795963066,0.45340674197472985,0.5502352408205,-0.0070419930069465135,0.3878869291666974,0.4764150085875615,0.6140597932620412
473.5,0.10140811596515986,0.6056017512417986,0.01891005759640047,0.31547745892351864,0.5000744244070195,-0.08269163714918953,0.2414134880761749,0.07472374236714066,0.3914659983128278,0.4428693847810427,0.6220077174513857,-0.05985925410178714,0.3065705261642587,0.034884714286887,0.45531965686042397,0.5632731468802048,0.46821663206568387,0.43944561864465015,0.0065100742665280655,0.4001080611012884,0.12437058673381222,0.4440563817724225,-0.16764862404293793,0.31608049374942554,0.28837924656717756,0.5461762645313091,0.48219368988427724,0.5174857661913702,0.5453090659779862,0.3228450467011811,0.15320156871950036,-0.13219304436325963,0.45165965617923814,0.6637243429840736,0.5427263449391188,0.4482551709564312,0.44641653503765777,0.5705788304272533,0.44862470435983415,0.4028351394942618,0.6331405841720692,0.10892904910760595,0.23931030394160682,0.5873557293224823,0.0462089469591586,0.09626513890006858,0.4458630258103306,0.529139595796144,0.24246444927517233,0.4824737527650271,0.47634731573540756,0.38407479535568223,0.06881645273168269,0.3198690374671375,0.20763561526012211,0.2875578079834462,0.5685475499692092,0.43703337487195004,0.5018630890389663,0.3786988986197886,0.4395998436274663,0.5398125895783827,0.5407112527846991,0.10373193509841969,0.3584259070278293,0.4815940953468316,0.596208202425305,0.567853855505225,0.44150563698727163,0.48913676646369486,0.4773367261642044,0.5670895417324056,-0.01845923606812592,0.41214415590050546,0.5014888391723312,0.6337425314286709
474.5,0.10174983585331276,0.6177775029019352,0.00010442062015328119,0.3003012436869238,0.5245415567864469,-0.10553892962342973,0.21856430070367555,0.07958742066452168,0.4165602422460152,0.46175302471880036,0.6381054783362818,-0.07976038409297126,0.31736851618939654,0.023015929139821003,0.47422718676030584,0.5851996713425535,0.4766176292928493,0.46463554304973365,0.004093615661338462,0.3958226205308866,0.12302753503314293,0.46587624233593206,-0.17414816850408293,0.2781408429368503,0.26056609120836705,0.5689475596933374,0.4989170408407812,0.5421437276804114,0.5685743147745939,0.3111551304632891,0.14899310977329264,-0.14663656055977098,0.4739163954389037,0.6782884641990717,0.5559863171401258,0.47236604670218874,0.47106899031656824,0.5809473884412061,0.47239990789537395,0.3878375783236227,0.6440022325235689,0.0847960278483219,0.2387181642361897,0.6065229194559413,0.02971089831226832,0.0785184236981689,0.4669270230751196,0.5503231988011065,0.25526062877383615,0.5069282996130063,0.4999259804886382,0.4099447625846371,0.07603242630733915,0.3153104814382566,0.21586127781038472,0.25924700744234075,0.5808405224346787,0.4460441597624839,0.5259135169932426,0.4042050893731239,0.42177970250797836,0.5530977802058981,0.5396400159752996,0.11216584694451041,0.3596967487280603,0.4885903967623392,0.5920664111224581,0.5879824541767417,0.4669646348786257,0.5069804498137979,0.5009521101423967,0.5832667124186428,-0.028757603303844703,0.4361957189438592,0.5262368072501526,0.6526876216980703
475.5,0.10249318826182016,0.6290138375857598,-0.017538081770483986,0.2846610742067609,0.5486267895734418,-0.12642175226125013,0.19561890742143126,0.08488769666365914,0.44145854939987184,0.4802284484420293,0.6533415830655644,-0.09796291605654248,0.32793688385145997,0.012054735629732891,0.4927056550443599,0.6065612455726779,0.4843356020186736,0.48955989408136374,0.002502748769534953,0.39083354219277366,0.12201894196966441,0.4873502443062304,-0.178870914683082,0.23964292510494442,0.2323856121147637,0.5912112779824734,0.5151078120643657,0.5663946923697478,0.5913453466447919,0.29898856070161434,0.14503057601732977,-0.15914307722391047,0.4958217252903035,0.6918444295031927,0.568488987970459,0.4961725643257152,0.4954333729372339,0.5904110892822233,0.4958636157671556,0.371978599126982,0.6538146085871708,0.06137992041974919,0.23803420761678407,0.6249948353602299,0.014162721389656624,0.06145886034032481,0.4876255558706049,0.5709854873731602,0.2679985728706118,0.5310329615247641,0.5231417132345666,0.43564503227205414,0.08367157411091743,0.31034444734600924,0.22410524604054688,0.2305752817542745,0.5922905093066851,0.45446200409411464,0.5495697610136759,0.42954508401688274,0.4028940086473837,0.5656362332580873,0.5374567477659113,0.12090648449445288,0.3604849354547452,0.4948359495455287,0.5865515973015537,0.6074856707578682,0.49216158031684054,0.5243021364260384,0.5242053214343924,0.5987107828386921,-0.03790815085917906,0.46000016035155067,0.5506093986784067,0.6708295835245983
476.5,0.1036320727256832,0.6392525935118544,-0.03393432280484765,0.2686266137396471,0.5722776742514744,-0.1452617301289842,0.1727086972590617,0.09060297401074172,0.4661195316935706,0.49824935956856276,0.6676519222104874,-0.11440072512162061,0.3382462566992081,0.002042030306482607,0.5107077402971483,0.6272980847943515,0.49133347232284963,0.5141729102332631,0.0017279969210926174,0.38514624220921034,0.12134661182762652,0.5084314241828507,-0.1818679139087331,0.200848283487366,0.20400580305155888,0.6129096164842572,0.5307173043577385,0.5901842870458396,0.6135643612487415,0.28639381232357086,0.14132921692673894,-0.16971291890312928,0.5173278692637036,0.7043241523003522,0.5801823189356747,0.5196276332711999,0.5194630716507339,0.5989183168894584,0.5189686533426139,0.3553145339631193,0.662517661055617,0.03882208281225234,0.2372604144579395,0.6427096327827548,-0.0003630720850456281,0.045175633163863756,0.5079115648043944,0.5910707229771222,0.28064810344816477,0.5547373131972432,0.5459445364570198,0.46113535836901975,0.09170686447279347,0.304985102924236,0.23234488841201278,0.20171523992856816,0.6028437994494453,0.46225159367496904,0.5727791628501817,0.4546789123316234,0.38300883303608424,0.5773763512025523,0.5341378395182943,0.12992736567247215,0.36078045864261477,0.5002949099727851,0.5796405154253366,0.6263036317756951,0.5170506377677554,0.5410517783406402,0.5470462726716917,0.6133643471718673,-0.04589095619124561,0.4835138490942758,0.5745542319125061,0.6881007826822401
477.5,0.10515907740154495,0.6484352346983104,-0.04901433182461282,0.25227204665271363,0.5954388921467466,-0.1620060274950483,0.14996730557718804,0.09671109840149777,0.49049946644512793,0.5157678993455351,0.6809710822611148,-0.1290275882419511,0.3482671287263819,-0.006988868343507497,0.5281845081214674,0.6473478314900183,0.4975745508711332,0.538426160320389,0.0017564984880030575,0.37876940364195744,0.12101100199133823,0.5290707402013617,-0.18319832125336502,0.16203359798624908,0.1756018604469934,0.633982062187445,0.5456955268303549,0.6134551384019259,0.6351707442938004,0.2734231597120175,0.13790299499313913,-0.178363319758662,0.5383848590573677,0.7156586356688773,0.5910136290450988,0.5426816432957237,0.5431088642786635,0.606417507814198,0.5416653889761074,0.3379091922035081,0.6700513303439446,0.017254803918130186,0.2363991041453272,0.6596034689356903,-0.013803752828117554,0.029750655336092512,0.5277360346841622,0.6105208624059405,0.29317884593384586,0.5779881544547603,0.5682819022173451,0.486373079538558,0.10011113201734603,0.2992486728600187,0.2405575413869192,0.17284677364210713,0.6124462591529705,0.4693778437012287,0.5954862709322242,0.4795642879485194,0.36220035050433813,0.5882658817174804,0.529663087385382,0.13920199325668892,0.3605747195295725,0.504932178184141,0.5713148564712457,0.6443742798813102,0.5415832399866226,0.557177810351341,0.5694222936752695,0.6271686934049467,-0.05269472799636767,0.5066908619595567,0.5980159876153843,0.7044315937534182
478.5,0.10706556574980138,0.6565030971775083,-0.06272162019940168,0.235675587895159,0.6180522177341928,-0.17662627597250005,0.12752892198574023,0.10318945095744328,0.5145521646617836,0.5327346546010079,0.6932325588726282,-0.1418164369619148,0.3579698828594159,-0.015012170584816334,0.5450854277131792,0.6666456276183484,0.5030227071326386,0.5622684418364441,0.002572357163531983,0.371715132166043,0.12101126402161014,0.5492170349903569,-0.1829275555649767,0.1234861100542887,0.1473538687114342,0.6543654314378089,0.5599912669007764,0.6361468499183978,0.6561010985320407,0.2601324296810562,0.13476453226326462,-0.18512636727019757,0.5589404961914086,0.7257782452545419,0.6009297674563603,0.56528238992755,0.566318831381165,0.6128573916993529,0.5639016656776569,0.31983380274217116,0.6763558398287765,-0.0032005754536915663,0.23545293080121804,0.6756106405997062,-0.026106730524734594,0.01525774679568948,0.5470479699997213,0.62927560594854,0.3055602013167486,0.6007294564931158,0.5900986502287041,0.5113129680923552,0.10885713595821031,0.293153433853666,0.24872051894387087,0.14415463212922947,0.6210435414387623,0.4758060339455673,0.6176328129138796,0.5041564603978326,0.3405549073271829,0.5982520862203167,0.5240161082504259,0.1487038740223922,0.3598606359866992,0.5087136000154396,0.5615618583501875,0.6616334771407271,0.5657079822229915,0.5726272098157976,0.5912780890672138,0.6400639583325199,-0.0583162964651047,0.5294828836978829,0.6209363671726259,0.7197505945311711
479.5,0.1093417634074959,0.6633976600530923,-0.07501318758440076,0.21891889684601956,0.6400565131402114,-0.189116894902895,0.1055265076671305,0.11001503037898126,0.5382288589479913,0.5490986867260019,0.7043689966754376,-0.1527581822729896,0.3673248215488542,-0.02200944504469739,0.5613584102299399,0.6851242201795685,0.5076425567076482,0.5856457041126241,0.00415698956487532,0.3639990970184133,0.12134529038265995,0.5688170214627253,-0.18112560800784844,0.08549822122700318,0.11944418690552923,0.6739939428664407,0.5735521820948681,0.6581960122185386,0.6762893090195786,0.24658069257399623,0.1319250684568268,-0.19004683685804274,0.5789403378655934,0.7346130072862163,0.6098773090459833,0.5873750251269957,0.5890382951814652,0.6181872557352172,0.5856227577564297,0.3011668343998347,0.6813720129404832,-0.022435253511818132,0.2344248775198395,0.6906637521886235,-0.037229692625483826,0.001761991307077317,0.5657943931750828,0.6472724751848857,0.3177613237160304,0.6229023372002678,0.611336993565328,0.5359070977397395,0.11791760565989429,0.28671969343724457,0.25681112316940247,0.1158256885104253,0.6285813189431241,0.4815019591592543,0.6391576991204916,0.5284080853907049,0.31816891374933526,0.6072819311079056,0.5171847777812184,0.1584065304122197,0.3586327501387619,0.5116061865033086,0.5503749544922609,0.6780151389072326,0.5893705414982443,0.5873455795412744,0.6125557236261161,0.6519893079988747,-0.06276000936633733,0.5518391286311504,0.6432540827619788,0.733984791354155
480.5,0.11197684421406492,0.6690608418973809,-0.08585923130230173,0.20208640030277544,0.6613877560907426,-0.19949294420743952,0.0840899752221422,0.11716452432404516,0.5614781135364776,0.5648075826520931,0.714312454944759,-0.1618602020384483,0.37630220597266495,-0.027969341078610477,0.5769498698214287,0.702714100556956,0.5113996661323473,0.6085009990302406,0.006489463936213101,0.35564065328309036,0.12200976589977505,0.5878152934773752,-0.17786552607326966,0.048361465097899244,0.09205461347441729,0.6927993247828795,0.5863249142708178,0.6795362490855602,0.6956666438519432,0.23282989164555928,0.1293944306339012,-0.19318001177623947,0.5983277087055973,0.7420929310592339,0.6178027732107456,0.6089020354582944,0.6112097862516834,0.6223572339608052,0.6067713545967951,0.281993681176128,0.6850416172412166,-0.04035421574357678,0.2333182490671887,0.7046939133228999,-0.04714053503028994,-0.01068071506978653,0.5839203669746149,0.6644469211642733,0.3297511042082009,0.644445067898703,0.6319365340321156,0.5601047328847298,0.12726527472699145,0.27996975137235786,0.2648066564376487,0.08804598006087376,0.6350055408573263,0.48643209502671325,0.659997058859217,0.5522691159262035,0.29514853453481604,0.6153023020301919,0.5091616889406312,0.16828350584470106,0.35688733583783316,0.5135783514433307,0.5377544577422213,0.6934513982667604,0.6125136238204735,0.6012772543590674,0.6331946374319359,0.6628831435015072,-0.0660370598414712,0.5737062859738944,0.6649048813812096,0.7470598739599472
481.5,0.1149590144909474,0.6734353234015108,-0.09524259296009698,0.18526453305884832,0.6819791031414331,-0.20778765756325018,0.06334438922375854,0.12461437064397016,0.5842457590029717,0.5798075286470478,0.7229946984009618,-0.16914458718901346,0.38487230427301244,-0.032887220079347336,0.5918048080852837,0.7193436775125146,0.5142607755642499,0.6307744619342709,0.009546824729927192,0.3466629412711498,0.12300022296966177,0.6061543626839493,-0.17322208743655867,0.01236012478525515,0.06536342593836592,0.7107109575157466,0.5982552266368877,0.7000983008512558,0.7141618909970952,0.21894441263006176,0.12718101418324124,-0.19458956722714182,0.6170437398071644,0.7481483556375235,0.624652866364558,0.6298032498864499,0.632773040287756,0.6253186225554551,0.6272875735660839,0.26240620176667784,0.6873077372144832,-0.05687710619644509,0.23213666305872835,0.7176309651034726,-0.05581710194310915,-0.022023919889343872,0.6013690422599653,0.6807324633135872,0.3414981615712196,0.6652931135501468,0.6518343089104877,0.5838522423015984,0.13687290488354711,0.2729278425407093,0.27268443562149924,0.06099762603515685,0.6402627145533644,0.4905637799872798,0.6800843113039502,0.5756867168800588,0.27160915431930216,0.6222602416778209,0.4999446282812253,0.17830836470620437,0.3546225049144249,0.5146001673636726,0.5237082742242716,0.7078728006011893,0.635076942100423,0.6143654317993734,0.6531316925430581,0.6726833319539745,-0.06816477103370075,0.5950284910557843,0.6858216048004838,0.7589004981158862
482.5,0.11827559479781502,0.676464897629684,-0.10315798463681436,0.16854090814771064,0.7017609895542762,-0.21404979944889685,0.04340824750352293,0.13234080912769305,0.606474854192758,0.5940434075921203,0.7303475126997437,-0.1746462415001659,0.39300544925822933,-0.03676471331383531,0.6058669225563402,0.7349394831166551,0.5161940397229434,0.6524033251159687,0.01330439896620642,0.3370929585200523,0.12431109960282583,0.6237747226925257,-0.16727066738117585,-0.02223517886642438,0.039542407213551935,0.7276560505300449,0.6092881639400856,0.7198101462288835,0.7317015311970754,0.20499059730088215,0.12529177479303538,-0.19434558041242753,0.6350274362830997,0.752710321244538,0.6303747487050136,0.6500158790506025,0.6536650271015852,0.6270242225976919,0.6471090037525558,0.24250210662139118,0.6881151782340834,-0.07193870750349224,0.23088403956083942,0.7294037340000387,-0.06324675812199644,-0.03223067826085027,0.618081732069237,0.6960608589857926,0.352970840578682,0.6853792080629506,0.6709648704231379,0.6070930400792302,0.14671330088021944,0.2656200605077779,0.2804218087920791,0.03485574185792069,0.6443002128405949,0.49386541321572563,0.6993502720432383,0.598605205833127,0.24767460041902106,0.6281032115869093,0.48953706602964014,0.18845468803971835,0.35183831096173007,0.5146436402033833,0.508252638788215,0.7212085274371477,0.6569972272952039,0.626552327170571,0.6723012525292859,0.6813274624843035,-0.06916586082153825,0.6157473245006597,0.7059342869012979,0.7694305941181043
483.5,0.12191309854530716,0.6780948498429258,-0.10961104184255169,0.15200343233554986,0.7206612664917094,-0.21834097586021578,0.02439190132515644,0.14031992451688974,0.6281056777371335,0.607458920236323,0.7363030445328689,-0.17841092250576804,0.4006721059694079,-0.039609224356450444,0.6190787395867463,0.7494264103621138,0.5171692874270949,0.6733219659363181,0.017736081238638946,0.32696159979960954,0.1259357994411071,0.6406149414290014,-0.1600862953454181,-0.0551735777936984,0.014753977849808194,0.7435598535365779,0.6193682360717906,0.7385971629549914,0.7482099462002617,0.1910362068353835,0.1237322308510788,-0.192522710851654,0.652215774153376,0.7557109666991013,0.634916326041793,0.6694745874741787,0.6738200135077178,0.6274287121437719,0.6661707818826996,0.22238419072513516,0.6874109050049471,-0.08548903520472792,0.22956458916666236,0.7399403121143474,-0.06942582099279014,-0.04127343566478643,0.6339980127358612,0.7103623031340661,0.36413721849308234,0.7046334657573244,0.6892603987749271,0.6297675565846144,0.15675931765961623,0.25807426114796483,0.2879961748229548,0.009785475888968822,0.6470666081802847,0.4963066690288865,0.7177232958453523,0.6209660227097039,0.22347611392075867,0.632779378780674,0.4779486543693512,0.19869606588019323,0.34853684936085877,0.5136830029343733,0.4914128598954252,0.7333866484311861,0.6782082749093342,0.6377793531427716,0.6906352957548119,0.6887531272512059,-0.06906770738367189,0.6358018411908679,0.7251702891647674,0.778573699289393
484.5,0.1258573069477471,0.6782723695604449,-0.11461725208891034,0.13573938557678772,0.7386053755364177,-0.22073300840386184,0.006396167191682055,0.1485276815837614,0.6490757512990004,0.6199967307597977,0.7407941669038882,-0.18049329973999778,0.40784294943936433,-0.04143339388768142,0.6313817718757636,0.7627279806707793,0.5171583000809787,0.693461991149471,0.022814595248757504,0.31630366048661784,0.12786675292284272,0.65661178219377,-0.1517428900033905,-0.08622938387024867,-0.00885144746801784,0.7583459001576095,0.6284396252930058,0.7563823267965842,0.7636096608931771,0.17714984276358284,0.12250647561934103,-0.18919857909403587,0.6685438270509827,0.7570839555127191,0.638226567830741,0.6881115997125008,0.693169661370459,0.6264890498739581,0.6844057013092014,0.20215941613059898,0.6851445186838381,-0.09749307013757728,0.2281827995329845,0.7491683625850698,-0.07435888251372338,-0.049133746543034575,0.6490558524762433,0.7235656572069763,0.3749651202916525,0.7229835294061013,0.706650849102435,0.6518132420301421,0.16698386093823278,0.2503199460712962,0.2953850062854766,-0.014060706881623863,0.6485120355581417,0.49785872793994407,0.7351294554527202,0.6427077306986131,0.1991510702534885,0.6362379282927298,0.4651957264512526,0.20900608717014327,0.34472235200178425,0.5116950282061667,0.4732240574716493,0.7443344001142146,0.6986410285472334,0.647987323923908,0.7080635627185072,0.6948982277185511,-0.06790163327463387,0.655128630514402,0.743454474407479,0.7862533129042563
485.5,0.13009333995761227,0.676946998304941,-0.11820080665469927,0.11983448557241454,0.7555165597939589,-0.22130545803972929,-0.010488825805922518,0.15693995309419323,0.6693198963340755,0.6315986368348373,0.7437548710162809,-0.18095509262481,0.4144889529811997,-0.0422545435708024,0.6427167007492125,0.7747666391773473,0.5161351092922002,0.7127523584022674,0.028511730531174766,0.30515779880340754,0.1300954788553443,0.6717003535967289,-0.14231265826618505,-0.11520655373234226,-0.03113777060482751,0.7719362821903586,0.6364464173936362,0.7730864476450662,0.7778216172764305,0.16340033513665295,0.12161719843716204,-0.18445235778432048,0.6839449228307874,0.7567649346489406,0.6402558528909793,0.705856840898594,0.7116431614326248,0.6241649129370616,0.7017443544396915,0.18193785479319569,0.6812687778013409,-0.10793016783864637,0.2267434204055835,0.7570154490976401,-0.07805805129705198,-0.05580185034012356,0.6631917675614829,0.7355987060506448,0.38542214328934776,0.740354754665662,0.7230641320822901,0.6731646048658442,0.17735988233846123,0.2423881258810366,0.30256587600689333,-0.0365453812448315,0.6485885863048968,0.49849452452866316,0.7514927555936769,0.6637660506548093,0.17484146249276084,0.6384294030020897,0.45130178651392283,0.2193583281053578,0.34040127512395274,0.5086593598821394,0.45373187241306345,0.7539784899875113,0.7182237015497333,0.657116684029878,0.7245137372153475,0.699701306881112,-0.06570222239105275,0.673661909000481,0.7607094179996949,0.7923932725691804
486.5,0.13460572292036468,0.6740711172864714,-0.12039341953870666,0.10437196028503448,0.7713161100196024,-0.22014336068412937,-0.026184520510811965,0.16553254147291538,0.6887703256794728,0.6422057642673605,0.7451206873084683,-0.1798633354451952,0.42058148727679373,-0.042094114219994413,0.653023583144519,0.7854640754372428,0.5140763137512117,0.7311195352215882,0.03479855378951631,0.29356645271885684,0.13261264572675635,0.68581428820077,-0.13186564120426608,-0.14194196535082668,-0.051985097405847766,0.7842519520575384,0.643332857100166,0.7886284406108481,0.7907654776813804,0.14985610917746306,0.12106571409551004,-0.17836357740996903,0.6983508297923506,0.7546920316531622,0.6409563447370192,0.7226381115513818,0.7291674029663816,0.6204191719477257,0.7181153084375542,0.16183150917145808,0.6757401689506054,-0.11679319515753443,0.22525144719407905,0.7634093889046787,-0.08054214456262786,-0.061276129728045414,0.6763410059439723,0.7463884414141557,0.3954756916746512,0.756670429871318,0.7384263273634328,0.693753286779908,0.18786037013522652,0.234311163703307,0.30951648765479417,-0.057548065360262704,0.6472507356084478,0.49818901220447553,0.7667353806364252,0.6840739305973818,0.15069217378475316,0.6393060725986577,0.43629797908975687,0.22972633975922183,0.3355823785080151,0.5045588630624835,0.4329931212807125,0.7622454247109186,0.7368819370558998,0.665107761746501,0.7399116604544662,0.7031019086533964,-0.06250668095993127,0.6913336459731909,0.7768556550321861,0.7969181520235737
487.5,0.13937844878406952,0.6696004800820333,-0.12123315229778837,0.0894316518177878,0.7859236435695245,-0.21733521423380964,-0.04062452868091116,0.1742811949909555,0.7073567707372059,0.6517587862503772,0.7448291394659992,-0.17728880249009382,0.4260924304918787,-0.04097711155355267,0.6622420833337104,0.7947415672862583,0.5109614152515605,0.7484876950395718,0.04164559492375729,0.2815757078192858,0.13540813214168568,0.6988859493301977,-0.12046938885117446,-0.16630737443029878,-0.07129113603087957,0.7952130507718771,0.6490436283227774,0.8029256292753667,0.8023599542789478,0.13658454297115835,0.12085199945233309,-0.17101114004943732,0.7116919718017563,0.7508063976413879,0.6402823989646186,0.7383812959040295,0.7456671785900346,0.6152184062977895,0.7334453134459044,0.1419530347482469,0.6685195339174544,-0.12408745124208961,0.2237121031078944,0.7682786294858415,-0.08183585739732444,-0.06556247747977786,0.6884377579232039,0.7558613706308784,0.40509302145585996,0.7718520295253027,0.7526619284368323,0.7135081754844497,0.19845833664054163,0.22612259985283178,0.31621471063110657,-0.07696660546315745,0.6444558070822778,0.4969194448130055,0.7807779737258669,0.7035616516003699,0.1268490785323211,0.6388223339920425,0.4202235228118873,0.24008363575820427,0.33027679413833766,0.49937999173481185,0.41107636459050506,0.7690618614967455,0.7545390060407187,0.6719010475222306,0.7541815767132501,0.7050409664384951,-0.058354250488247286,0.7080737223299932,0.7918119610998269,0.7997536816256707
488.5,0.14439503581496785,0.6634947960091253,-0.12076327713413537,0.07508917470262987,0.799257413320758,-0.2129712367062285,-0.053754934697592294,0.18316161932560737,0.7250066443866141,0.6601981672862799,0.7428202367628334,-0.1733046132376999,0.43099428962541947,-0.038931570675532025,0.670311729370187,0.8025203458450774,0.5067731734407313,0.7647789490500351,0.049023008281954404,0.2692351131782845,0.13847108592202154,0.7108466652830017,-0.10818874593499703,-0.18821002136417136,-0.08897206928979831,0.8047392588025435,0.6535241600678038,0.8158940776803016,0.8125231618424589,0.12365132959776462,0.12097473636609099,-0.16247252798439726,0.7238976713596736,0.7450528055519519,0.6381910055630773,0.7530106024187042,0.7610654228620479,0.6085334629602834,0.7476595420597011,0.12241439487643264,0.6595727603176024,-0.12982943274507544,0.2221308199498647,0.7715526499575747,-0.08196893362762002,-0.06867359858652984,0.6994153933047876,0.7639438492284691,0.41424129639131335,0.7858194991787558,0.7656941170571212,0.7323555557918594,0.20912680319262772,0.217856958858856,0.3226386195958234,-0.09471800670930122,0.6401644781490767,0.49466567485068147,0.7935399447205238,0.7221569705605843,0.10345702432111625,0.6369351459371797,0.40312609178625064,0.2504036807389499,0.32449808243371386,0.49311317267425603,0.38806235235767195,0.7743549825243479,0.7711160420895873,0.67743749780933,0.7672464086522082,0.7054612237266522,-0.053285677794263686,0.7238101219793321,0.8054956637268409,0.8008271944556913
489.5,0.14963858085602977,0.6557183703850037,-0.11903120380029657,0.06141515004120166,0.8112346433074036,-0.20714189894685023,-0.06553431368694387,0.1921494852713783,0.7416452390941697,0.6674644319527652,0.7390370117273386,-0.1679850261214108,0.43526033322561275,-0.03598804829313591,0.677172194460465,0.8087219803646711,0.5014979784735404,0.7799136119474298,0.05690071013005982,0.25659744320038713,0.14178998138950133,0.7216269899678948,-0.09508573131876316,-0.20759195788231652,-0.10496289432299541,0.8127501674186357,0.6567209592353717,0.8274489472372926,0.821172990866749,0.11111985748010225,0.12143135996328384,-0.15282318983188484,0.7348964193981848,0.7373803148778458,0.6346422695348559,0.7664488346296943,0.7752834827226266,0.6003400617056861,0.7606818582942021,0.10332548338784793,0.6488715427766165,-0.1340455020166714,0.22051321763443815,0.7731623896642656,-0.08097535901248201,-0.07062827313908068,0.7092067244033632,0.770562436655886,0.42288765535817474,0.7984915688352185,0.7774450650240935,0.7502192987191111,0.2198387836425851,0.2095495405995078,0.3287665388582599,-0.11073870732874964,0.6343413303879651,0.491410467797734,0.8049398038808873,0.7397852997558095,0.08065775679065057,0.6336045010523688,0.38506212517528454,0.2606598803380336,0.31826227396400236,0.4857532034566125,0.36404430676577176,0.7780528931242743,0.7865323108188369,0.6816588652875999,0.7790280600129302,0.7043076906016154,-0.04734274473163989,0.7384691549731406,0.8178229809460473,0.8000681029932617
490.5,0.1550918082134939,0.6462408079851532,-0.11608748917002705,0.048474534414016654,0.821771887594403,-0.19993672286269254,-0.07593348364600856,0.2012204333803354,0.7571959590029924,0.6734984589154739,0.733426111820949,-0.16140442035802874,0.43886473556538885,-0.03217914946521529,0.6827636037861206,0.8132687826268621,0.4951262401856777,0.7938104989220374,0.06524849358570757,0.24371840458242774,0.14535267454656425,0.7311569889964802,-0.08121949523075274,-0.2244282457455123,-0.11921725187777614,0.8191656688629317,0.6585819720217791,0.8375048746790904,0.8282274987628007,0.09905062252412118,0.12221811126316537,-0.14213608454401386,0.7446161705994525,0.7277430157646887,0.6295999335224125,0.7786176900530679,0.7882414172400318,0.5906194490155179,0.7724351139977126,0.08479275393399598,0.636394221017188,-0.13677051275712,0.21886508252745945,0.7730407079536488,-0.07889259342717399,-0.07145060348375212,0.7177442943163647,0.7756442750269594,0.43099929157601463,0.8097860917966437,0.7878362609694822,0.7670210875438094,0.23056726721442625,0.20123619763040218,0.3345770918883731,-0.12498432363725254,0.6269554491425848,0.4871398317341799,0.8148955182779508,0.7563699223147917,0.05858785664985254,0.6287939388078404,0.36609704364603635,0.2708255733234098,0.31158789465452524,0.4772996616160222,0.3391279995909877,0.7800850457894837,0.8007055111920884,0.6845080569196514,0.789447743332681,0.7015281411510402,-0.04056785806126917,0.7519757108435922,0.8287093832830299,0.7974084136703423
491.5,0.16073711434998578,0.6350377856167307,-0.11198494203230783,0.03632605890352233,0.8307854091115441,-0.1914433272884884,-0.08493502109182596,0.21035007629803953,0.7715805841450185,0.6782418009414732,0.7259384554030635,-0.15363645828489764,0.4417827323031286,-0.02753909371055721,0.6870268676421227,0.8160842320255863,0.48765279165656955,0.8063872507754699,0.07403612254595233,0.23065628889855533,0.1491464558615615,0.7393665503184662,-0.06664633994362609,-0.23872423966561923,-0.13170679249900674,0.8239063646778992,0.6590569761569883,0.8459763674680966,0.8336053177834201,0.08750068487506299,0.123330093243925,-0.13048136278529804,0.7529846630773072,0.7161008664919561,0.6230319463150489,0.7894380846915341,0.7998583238405981,0.5793591018584314,0.7828414704423932,0.06691789657006036,0.6221266997268752,-0.13804644107561415,0.2171923446965894,0.7711228810081636,-0.0757608548525319,-0.07116926634326085,0.7249606901144566,0.7791174918018624,0.43854354412461055,0.8196204057089609,0.796788859843626,0.7826806789438447,0.2412852015618558,0.19295310121414302,0.3400492561238655,-0.13742891922785103,0.6179810764699086,0.4818433609508773,0.8233248880366336,0.7718322419350114,0.037376761126434815,0.622471103232703,0.3463053500296534,0.28087402657187166,0.3044959723784927,0.467757320812868,0.31343158198370263,0.7803826936540708,0.8135521053762123,0.6859295219565263,0.7984263303105088,0.6970736578596363,-0.03300369832536706,0.764253540293143,0.8380699754910141,0.7927832891975023
492.5,0.1665566086074542,0.6220918986950399,-0.10677783009209249,0.02502178955737731,0.8381915756246021,-0.18174669799090543,-0.09253257691079073,0.21951399952377085,0.7847195643918967,0.6816370321475669,0.7165299637044639,-0.14475341576623957,0.44399078757483,-0.02210332345119182,0.6899040423899686,0.8170934243292483,0.4790773041803922,0.8175606837225595,0.08323340622860499,0.21747157284746588,0.15315810047950956,0.7461857188738801,-0.05141979120046737,-0.2505121999178324,-0.14242014630338182,0.8268939930406871,0.6580980068655082,0.8527782137736264,0.8372260797869384,0.07652318182875575,0.12476132942252258,-0.11792616553519657,0.75992976166665,0.7024206389342245,0.6149110810280987,0.7988305006688193,0.8100526880164356,0.56655348077363,0.7918227429876539,0.049796601495124986,0.6060634525312503,-0.13792106189111894,0.21550105419131574,0.7673471436461103,-0.07162246412580715,-0.06981678739462815,0.7307888809855498,0.7809116286665565,0.4454880021631711,0.8279117129019762,0.8042240532547819,0.7971161966173042,0.25196547675451325,0.184736498961345,0.345162423239248,-0.14806387138639457,0.6073983208759632,0.4755145916910344,0.8301459402112268,0.7860920646350638,0.01714494045008366,0.6146083490386912,0.32577059113319556,0.29077843347192056,0.29701002303532476,0.4571365686219888,0.28708512706429734,0.778879378983041,0.8249876734337713,0.6858696728004695,0.805884722945285,0.6908992301208927,-0.024692925162554696,0.7752255631328632,0.8458198948340204,0.7861316713065831
493.5,0.17253215022166424,0.6073935847756624,-0.10052119145971047,0.014606815903912228,0.8439072710034559,-0.1709286553305669,-0.09873003354166507,0.22868776129058282,0.7965323403755517,0.6836281243260487,0.705162381489504,-0.13482566513610056,0.4454667724112282,-0.015908156202403472,0.6913387213926029,0.8162235493665863,0.4694047094370907,0.8272471604548348,0.09281025604402805,0.2042264698442043,0.1573739157514719,0.7515450552523207,-0.03559070947111596,-0.25984748726309237,-0.15136157577937412,0.8280518778632476,0.6556598200251014,0.8578259054001682,0.8390108598311812,0.06616690670341453,0.12650482411336278,-0.10453452081567427,0.7653798246588058,0.686676986060668,0.6052156062796816,0.8067153548451447,0.8187427537236985,0.5522048292732096,0.7993007670096165,0.03351744702590078,0.5882086085481102,-0.13644670219033453,0.21379735648325685,0.7616552861922709,-0.0665212560448382,-0.06742885240257084,0.7351625820318073,0.7809581005210047,0.4518006221667118,0.8345774778316919,0.810063459513254,0.8102444541752115,0.2625809109934104,0.17662246723755687,0.34989646498630533,-0.1568964200566648,0.5951939260873842,0.4681513674397054,0.8352773391044799,0.7990679096720565,-0.0019977061510940302,0.6051833993404803,0.3045851584330665,0.30051191632770824,0.28915601418943315,0.4454538190859788,0.26022985205282034,0.7755114643171009,0.834927289097366,0.6842773424694928,0.8117442442131588,0.6829644148828354,-0.01567793564531753,0.7848142003590161,0.8518747235983903,0.7773969792986636
494.5,0.17864538194237303,0.5909421240142192,-0.0932702491117779,0.00511906950107139,0.847850321399714,-0.15906749224703867,-0.10354054625908844,0.23784689223014074,0.8069376884483208,0.6841608549159408,0.6918041993796111,-0.12392129350185828,0.4461901542274175,-0.00899048057680609,0.6912764589134499,0.8134044054614564,0.4586456234526425,0.8353629793374695,0.10273672658033701,0.19098443833218498,0.16177978604022045,0.7553760192087722,-0.019207431710668067,-0.26680457776775934,-0.15854939697090759,0.8273054048216997,0.6517003966416639,0.8610360737555501,0.8388826430075206,0.05647596129672063,0.12855262356728553,-0.09036732105374302,0.7692640946829689,0.6688536436510965,0.5939300127210263,0.8130133869159568,0.8258469122025673,0.5363240133304772,0.8051977840250373,0.0181609439205396,0.5685771146789336,-0.1336790939507495,0.21208746722628985,0.7539933186953782,-0.06050205951418093,-0.06404366557329519,0.7380166452113197,0.779190690424149,0.45744985854981596,0.8395358404566569,0.81422953334881,0.8219813036708116,0.27310423868015304,0.16864666171456127,0.3542318047006919,-0.16394798990291873,0.5813620991914293,0.459756210308218,0.83863881333561,0.8106773463950578,-0.019953180956646138,0.5941800574529003,0.28284990758568573,0.3100475333694116,0.2809623046646036,0.43273191150920426,0.233016996670728,0.7702187162100975,0.8432859131674808,0.6811042833117165,0.8159270482672014,0.6732340679629252,-0.00600067153869799,0.7929417284674468,0.8561509149818217,0.7665279023311652
495.5,0.18487776058859703,0.5727467122265211,-0.08507992391276517,-0.0034107300712534054,0.8499399378582952,-0.1462377558876205,-0.10698551048128369,0.24696689549407602,0.8158540868802986,0.6831832500060904,0.676431690179808,-0.11210583872407114,0.4461421970306265,-0.0013874951159409431,0.6896652308844404,0.8085689613820295,0.44681676533621795,0.8418247794091179,0.11298304242156772,0.17780965385359232,0.1663612148065794,0.7576113799226999,-0.0023159358163422116,-0.27147310388681734,-0.1640142540170974,0.8245825322026542,0.6461814932280021,0.8623269412794284,0.8367668217157721,0.04748948719174987,0.1308958772920238,-0.07548236546275999,0.7715131156408594,0.6489447746680975,0.5810457956505254,0.8176460665623067,0.8312841078983448,0.5189313905971378,0.8094368480204116,0.0037987615055317136,0.5471959597693801,-0.12967634183433926,0.21037764642670886,0.7443122167488085,-0.05361024689007916,-0.059701362684511414,0.7392874800251605,0.7755460885106635,0.46240480791748784,0.8427060460128329,0.816645996831426,0.8322420060649375,0.28350810155522216,0.16084406963844722,0.3581494944770719,-0.16925237448274427,0.56590539561868,0.450336694036945,0.8401516019956393,0.8208373537575145,-0.03663640469280862,0.5815889736153551,0.260673580695994,0.3193582908320024,0.2724595586518402,0.4190004851929611,0.205606348375701,0.7629449538432382,0.8499788018546128,0.6763057124546641,0.8183565516193114,0.6616791545791171,0.004297528981568989,0.799530654668122,0.8585662333721433,0.753479305455664
496.5,0.1912105849039646,0.5528275965311108,-0.07600443973576414,-0.010959008571858626,0.850097179364832,-0.13251014789169951,-0.1090934941838863,0.25602324790952774,0.8232001009564047,0.6806460666282657,0.6590300695366593,-0.09944212588451755,0.44530617183654425,0.006863511875577437,0.6864559373679316,0.801653979632485,0.43394136215150764,0.8465499600922962,0.12351961253529767,0.16476645346213473,0.17110336405069337,0.7581856562440396,0.01503997862551793,-0.2739540872518599,-0.1677973264483227,0.8198143475897857,0.6390692429862892,0.8616187936118507,0.8325917338402844,0.03924147859937728,0.13352489890136915,-0.05993445378053287,0.7720591790646019,0.6269564587760318,0.5665622921022935,0.8205360206534221,0.83497426155234,0.5000576939705617,0.8119422534684178,-0.009506846922633632,0.5241054380434492,-0.12449801361390693,0.20867417222177895,0.7325687648148592,-0.04589135072405589,-0.054443483558249385,0.7389135077934433,0.7699644852130237,0.466635367203606,0.8440088937428655,0.8172382949473537,0.8409416200872805,0.29376504351719074,0.15324876740301904,0.3616312980384408,-0.17285386482930026,0.5488356546881275,0.4399058129617123,0.839738924624333,0.8294646993631213,-0.05197589589808138,0.5674084652267792,0.23817202084901862,0.32841716066347665,0.2636806332924955,0.4042963180529366,0.17816442212804123,0.7536387769982273,0.8549219285461638,0.6698409102782005,0.8189578887533242,0.6482776469650392,0.01517603974603668,0.80450411252141,0.8590402125756181,0.7382132706862092
497.5,0.1976250210929284,0.5312172562490179,-0.06609701286908515,-0.017509160126464487,0.8482454432933426,-0.11795152070067168,-0.10989917013078229,0.26499140278970346,0.828894785540283,0.676503319465904,0.6395947876112004,-0.08599018797943196,0.4436675765996195,0.015725343937557194,0.6816029525277629,0.7926007180287366,0.4200495293963346,0.8494571162006253,0.13431703386708288,0.15191876240417773,0.17599109122022588,0.7570355917300088,0.03281849854014578,-0.2743564842624257,-0.16994853920291475,0.8129356847281631,0.6303348126967987,0.8588344811084291,0.8262892558030879,0.03176067690412869,0.13642922597120505,-0.04377551966196337,0.7708368050115313,0.6029083206524273,0.5504875675484274,0.8216074834152941,0.8368387123719658,0.4797449082705265,0.8126399883290485,-0.021703410663789252,0.4993604187841396,-0.1182043555463945,0.20698331441073137,0.7187265138603187,-0.03739074470645186,-0.048312506065483804,0.7368356548175186,0.762390231465132,0.47011240595897386,0.8433672096844406,0.8159340816109599,0.8479954066225266,0.3038475097419118,0.1458936869913185,0.3646597791720631,-0.17480539402597625,0.5301749744655061,0.4284823399802707,0.837326482693072,0.8364763355365564,-0.06591410577430908,0.5516453863271541,0.2154671758844242,0.33719710431610295,0.25466043907946556,0.3886636152668743,0.15086232209840267,0.7422543897709134,0.8580324192824966,0.6616738786483805,0.817658397976958,0.6330155152792598,0.026595019742755754,0.8077862788149609,0.8574946385320514,0.7207002944075429
498.5,0.20410212641497333,0.507961602925046,-0.05540961717671748,-0.023051273095967367,0.8443109935942191,-0.10262494990123523,-0.10944227726674043,0.27384679494534303,0.8328581049228679,0.6707128578883332,0.6181329525853724,-0.07180725599025471,0.4412143646964678,0.025161042337653268,0.6750647286511687,0.7813557294827237,0.40517861474456074,0.8504664911218047,0.14534608573059754,0.13932951404262142,0.18100898371247873,0.7541006710669144,0.0509795986997687,-0.2727941224938607,-0.17052483346285677,0.8038858182808821,0.6199551198046234,0.8538999621671877,0.8177954681417823,0.025070544640915,0.13959767842072074,-0.02705479386652959,0.7677832645881338,0.5768352789430151,0.532839343064043,0.8207867747781148,0.8368006835415972,0.4580471122430117,0.8114582176907357,-0.032748400100598145,0.47303157742217605,-0.11085563022718659,0.2053113078961198,0.702756870054962,-0.028153384497021566,-0.04135144167366732,0.7329978913162317,0.7527725807642558,0.4728079528883596,0.8407063516285878,0.812663744624872,0.853319246885917,0.31372785066605824,0.13881039467501774,0.3672183956211912,-0.175166756460229,0.5099567087641033,0.4160911651448026,0.832843003556133,0.8417898109514758,-0.07840741806655287,0.5343160377033356,0.19268589716819415,0.3456711030835751,0.2454357729120061,0.3721542325629888,0.12387333352181851,0.7287525376751824,0.8592290045196199,0.6517740658252349,0.8143881460308018,0.6158878150555097,0.03851545542952998,0.809302814133505,0.8538540665483529,0.7009206607012594
499.5,0.21062287125466916,0.48312116309455905,-0.04399281622836069,-0.027581773918672677,0.8382235408100005,-0.08658986535762903,-0.10776663482237363,0.2825648484527276,0.8350113716110128,0.6632369998195128,0.5946648785275793,-0.056947805102495384,0.4379371807744799,0.03513399931542785,0.6668044613878717,0.7678717823327893,0.3893734909207323,0.8495004537676498,0.15657771648325047,0.12706007468366926,0.18614139119551382,0.7493236863253709,0.06948483950422132,-0.2693830679554495,-0.1695885435257532,0.7926092574895979,0.607913613175054,0.8467449049669252,0.807051414931523,0.019189314441923528,0.14301841502969054,-0.009818989069674464,0.7628391533133186,0.5487893823820106,0.5136459485336302,0.8180028148036627,0.8347857781100718,0.4350312511774657,0.8083278062125322,-0.042609185394942864,0.44520653053585324,-0.10251157096294616,0.20366432619861338,0.684640329758811,-0.018223603463596045,-0.03360349095800184,0.7273478245871929,0.74106652980896,0.47469539677552663,0.8359547578008663,0.8073609810189033,0.8568300742165695,0.32337833139689415,0.13202888518111405,0.36929159822482704,-0.17400294663687954,0.4882264618729309,0.4027636050509337,0.8262208414201586,0.8453236978490489,-0.08942583819433143,0.5154471042175752,0.16995854918655184,0.35381219539218645,0.23604512416946685,0.3548278175680774,0.09737031314328869,0.7131015761825791,0.8584324925479365,0.6401171645649397,0.8090805029798025,0.5968998701095256,0.05089917642615973,0.8089813316242715,0.8480463869528096,0.6788660060626188
