time_ms,voltage_mv
0.0,-65.0
0.1,-64.87531197981706
0.2,-64.75124584372918
0.30000000000000004,-64.62779849007654
0.4,-64.50496683266887
0.5,-64.38274780070829
0.6000000000000001,-64.2611383387127
0.7,-64.14013540643914
0.8,-64.01973597880806
0.9,-63.89993704582747
1.0,-63.780735612517816
1.1,-63.66212869883705
1.2000000000000002,-63.54411333960616
1.3,-63.42668658443504
1.4,-63.309845497648645
1.5,-63.19358715821377
1.6,-63.07790865966584
1.7000000000000002,-62.96280711003638
1.8,-62.848279631780635
1.9,-62.7343233617057
2.0,-62.620935450898905
2.1,-62.50811306465656
2.2,-62.39585338241312
2.3,-62.284153597670695
2.4000000000000004,-62.17301091792885
2.5,-62.0624225646148
2.6,-61.952385773013944
2.7,-61.84289779220077
2.8,-61.73395588497005
2.9000000000000004,-61.62555732776844
3.0,-61.517699410626356
3.1,-61.41037943709025
3.2,-61.30359472415519
3.3,-61.1973426021978
3.4000000000000004,-61.09162041490949
3.5,-60.98642551923008
3.6,-60.881755285281706
3.7,-60.77760709630304
3.8,-60.673978348583965
3.9000000000000004,-60.57086645140036
4.0,-60.46826882694944
4.1000000000000005,-60.36618291028526
4.2,-60.26460614925457
4.3,-60.16353600443307
4.4,-60.06296994906186
4.5,-59.96290546898432
4.6,-59.86334006258324
4.7,-59.76427124071828
4.800000000000001,-59.66569652666372
4.8999999999999995,-59.567613456046594
5.0,-59.470019576785006
5.1000000000000005,-59.372912449026906
5.2,-59.27628964508904
5.3,-59.180148749396274
5.4,-59.084487358421214
5.5,-58.9893030806241
5.6,-58.89459353639302
5.7,-58.80035635798445
5.800000000000001,-58.70658918946402
5.8999999999999995,-58.61328968664762
6.0,-58.520455517042826
6.1000000000000005,-58.428084359790574
6.2,-58.33617390560711
6.3,-58.2447218567263
6.4,-58.15372592684216
6.5,-58.06318384105168
6.6,-57.97309333579803
6.7,-57.883452158813874
6.800000000000001,-57.794258069065116
6.9,-57.70550883669487
7.0,-57.6172022429677
7.1000000000000005,-57.52933608021417
7.2,-57.44190815177564
7.3,-57.354916271949335
7.4,-57.26835826593373
7.5,-57.18223196977417
7.6,-57.09653523030876
7.7,-57.011265905114556
7.800000000000001,-56.92642186245398
7.9,-56.84200098122155
8.0,-56.75800115089084
8.1,-56.67442027146171
8.200000000000001,-56.59125625340784
8.3,-56.50850701762443
8.4,-56.42617049537627
8.5,-56.34424462824603
8.6,-56.262727368082764
8.700000000000001,-56.18161667695071
8.8,-56.10091052707838
8.9,-56.02060690080781
9.0,-55.94070379054418
9.1,-55.86119919870555
9.2,-55.78209113767299
9.3,-55.70337762974087
9.4,-55.625056707067365
9.5,-55.54712641162535
9.600000000000001,-55.46958479515336
9.7,-55.39242991910697
9.799999999999999,-55.315659854610246
9.9,-55.239272682407574
10.0,-55.16326649281568
10.100000000000001,-55.08763938567585
10.200000000000001,-55.01238947030649
10.3,-54.937514865455775
10.4,-54.863013699254694
10.5,-54.78888410917022
10.6,-54.71512424195872
10.700000000000001,-54.641732253619686
10.8,-54.56870630934958
10.9,-54.496044583496
11.0,-54.42374525951201
11.1,-54.35180652991074
11.2,-54.28022659622021
11.3,-54.20900366893835
11.4,-54.13813596748827
11.5,-54.067621720173726
11.600000000000001,-53.99745916413488
11.7,-53.92764654530418
11.799999999999999,-53.85818211836251
11.9,-53.789064146695566
12.0,-53.720290902350484
12.100000000000001,-53.65186066599255
12.200000000000001,-53.58377172686232
12.3,-53.516022382732736
12.4,-53.44861093986668
12.5,-53.381535712974575
12.6,-53.31479502517225
12.700000000000001,-53.24838720793903
12.8,-53.18231060107603
12.9,-53.116563552664644
13.0,-53.05114441902522
13.1,-52.98605156467602
13.2,-52.9212833622923
13.3,-52.85683819266561
13.4,-52.79271444466338
13.5,-52.728910515188545
13.600000000000001,-52.66542480913956
13.7,-52.602255739370456
13.8,-52.5394017266512
13.9,-52.47686119962822
14.0,-52.414632594785054
14.100000000000001,-52.35271435640336
14.200000000000001,-52.29110493652394
14.3,-52.2298027949081
14.4,-52.1688063989991
14.5,-52.108114223883874
14.6,-52.04772475225487
14.700000000000001,-51.98763647437216
14.8,-51.927847888025674
14.9,-51.86835749849762
15.0,-51.80916381852518
15.1,-51.75026536826326
15.2,-51.69166067524754
15.3,-51.633348274357644
15.4,-51.57532670778051
15.5,-51.51759452497395
15.600000000000001,-51.460150282630394
15.700000000000001,-51.40299254464078
15.8,-51.3461198820587
15.9,-51.28953087306461
16.0,-51.233224102930336
16.099999999999998,-51.17719816398371
16.2,-51.121451655573324
16.3,-51.06598318403357
16.400000000000002,-51.01079136264977
16.5,-50.95587481162352
16.6,-50.90123215803818
16.7,-50.84686203582456
16.8,-50.792763085726776
16.900000000000002,-50.73893395526826
17.0,-50.68537329871794
17.1,-50.63207977705663
17.2,-50.57905205794349
17.3,-50.526288815682804
17.400000000000002,-50.473788731190744
17.5,-50.42155049196248
17.6,-50.3695727920393
17.7,-50.31785433197601
17.8,-50.26639381880841
17.9,-50.215189966020986
18.0,-50.164241493514744
18.1,-50.11354712757524
18.2,-50.063105600840665
18.3,-50.01291565227024
18.4,-65.0
18.500000000000004,-65.0
18.6,-65.0
18.7,-65.0
18.8,-65.0
18.9,-65.0
19.0,-65.0
19.1,-65.0
19.200000000000003,-65.0
19.3,-65.0
19.4,-65.0
19.5,-65.0
19.599999999999998,-65.0
19.700000000000003,-65.0
19.8,-65.0
19.900000000000002,-65.0
20.0,-65.0
20.099999999999998,-65.0
20.200000000000003,-65.0
20.3,-65.0
20.400000000000002,-64.87531197981706
20.5,-64.75124584372918
20.6,-64.62779849007654
20.7,-64.50496683266887
20.8,-64.38274780070829
20.900000000000002,-64.2611383387127
21.0,-64.14013540643914
21.1,-64.01973597880806
21.2,-63.89993704582747
21.3,-63.780735612517816
21.400000000000002,-63.66212869883705
21.5,-63.54411333960616
21.6,-63.42668658443504
21.7,-63.309845497648645
21.8,-63.19358715821377
21.9,-63.07790865966584
22.0,-62.96280711003638
22.1,-62.848279631780635
22.2,-62.7343233617057
22.3,-62.620935450898905
22.4,-62.50811306465656
22.500000000000004,-62.39585338241312
22.6,-62.284153597670695
22.7,-62.17301091792885
22.8,-62.0624225646148
22.9,-61.952385773013944
23.0,-61.84289779220077
23.1,-61.73395588497005
23.200000000000003,-61.62555732776844
23.3,-61.517699410626356
23.4,-61.41037943709025
23.5,-61.30359472415519
23.599999999999998,-61.1973426021978
23.700000000000003,-61.09162041490949
23.8,-60.98642551923008
23.900000000000002,-60.881755285281706
24.0,-60.77760709630304
24.099999999999998,-60.673978348583965
24.200000000000003,-60.57086645140036
24.3,-60.46826882694944
24.400000000000002,-60.36618291028526
24.5,-60.26460614925457
24.6,-60.16353600443307
24.7,-60.06296994906186
24.8,-59.96290546898432
24.900000000000002,-59.86334006258324
25.0,-59.76427124071828
25.1,-59.66569652666372
25.2,-59.567613456046594
25.3,-59.470019576785006
25.400000000000002,-59.372912449026906
25.5,-59.27628964508904
25.6,-59.180148749396274
25.7,-59.084487358421214
25.8,-58.9893030806241
25.900000000000002,-58.89459353639302
26.0,-58.80035635798445
26.1,-58.70658918946402
26.2,-58.61328968664762
26.3,-58.520455517042826
26.4,-58.428084359790574
26.500000000000004,-58.33617390560711
26.6,-58.2447218567263
26.7,-58.15372592684216
26.8,-58.06318384105168
26.9,-57.97309333579803
27.0,-57.883452158813874
27.1,-57.794258069065116
27.200000000000003,-57.70550883669487
27.3,-57.6172022429677
27.4,-57.52933608021417
27.5,-57.44190815177564
27.6,-57.354916271949335
27.700000000000003,-57.26835826593373
27.8,-57.18223196977417
27.900000000000002,-57.09653523030876
28.0,-57.011265905114556
28.099999999999998,-56.92642186245398
28.200000000000003,-56.84200098122155
28.3,-56.75800115089084
28.400000000000002,-56.67442027146171
28.5,-56.59125625340784
28.6,-56.50850701762443
28.7,-56.42617049537627
28.8,-56.34424462824603
28.900000000000002,-56.262727368082764
29.0,-56.18161667695071
29.1,-56.10091052707838
29.2,-56.02060690080781
29.300000000000004,-55.94070379054418
29.400000000000002,-55.86119919870555
29.5,-55.78209113767299
29.6,-55.70337762974087
29.7,-55.625056707067365
29.8,-55.54712641162535
29.900000000000002,-55.46958479515336
30.0,-55.39242991910697
30.1,-55.315659854610246
30.2,-55.239272682407574
30.3,-55.16326649281568
30.4,-55.08763938567585
30.500000000000004,-55.01238947030649
30.6,-54.937514865455775
30.7,-54.863013699254694
30.8,-54.78888410917022
30.9,-54.71512424195872
31.0,-54.641732253619686
31.1,-54.56870630934958
31.200000000000003,-54.496044583496
31.3,-54.42374525951201
31.400000000000002,-54.35180652991074
31.5,-54.28022659622021
31.6,-54.20900366893835
31.7,-54.13813596748827
31.8,-54.067621720173726
31.900000000000006,-53.99745916413488
32.0,-53.92764654530418
32.1,-53.85818211836251
32.199999999999996,-53.789064146695566
32.300000000000004,-53.720290902350484
32.4,-53.65186066599255
32.5,-53.58377172686232
32.6,-53.516022382732736
32.699999999999996,-53.44861093986668
32.800000000000004,-53.381535712974575
32.9,-53.31479502517225
33.0,-53.24838720793903
33.1,-53.18231060107603
33.2,-53.116563552664644
33.300000000000004,-53.05114441902522
33.4,-52.98605156467602
33.5,-52.9212833622923
33.6,-52.85683819266561
33.7,-52.79271444466338
33.800000000000004,-52.728910515188545
33.9,-52.66542480913956
34.0,-52.602255739370456
34.099999999999994,-52.5394017266512
34.2,-52.47686119962822
34.300000000000004,-52.414632594785054
34.4,-52.35271435640336
34.5,-52.29110493652394
34.6,-52.2298027949081
34.7,-52.1688063989991
34.800000000000004,-52.108114223883874
34.9,-52.04772475225487
35.0,-51.98763647437216
35.1,-51.927847888025674
35.2,-51.86835749849762
35.300000000000004,-51.80916381852518
35.4,-51.75026536826326
35.5,-51.69166067524754
35.6,-51.633348274357644
35.7,-51.57532670778051
35.8,-51.51759452497395
35.9,-51.460150282630394
36.0,-51.40299254464078
36.1,-51.3461198820587
36.2,-51.28953087306461
36.3,-51.233224102930336
36.4,-51.17719816398371
36.50000000000001,-51.121451655573324
36.6,-51.06598318403357
36.7,-51.01079136264977
36.8,-50.95587481162352
36.9,-50.90123215803818
37.00000000000001,-50.84686203582456
37.1,-50.792763085726776
37.2,-50.73893395526826
37.3,-50.68537329871794
37.4,-50.63207977705663
37.5,-50.57905205794349
37.6,-50.526288815682804
37.7,-50.473788731190744
37.8,-50.42155049196248
37.900000000000006,-50.3695727920393
38.0,-50.31785433197601
38.1,-50.26639381880841
38.2,-50.215189966020986
38.3,-50.164241493514744
38.400000000000006,-50.11354712757524
38.5,-50.063105600840665
38.6,-50.01291565227024
38.7,-65.0
38.8,-65.0
38.900000000000006,-65.0
39.0,-65.0
39.1,-65.0
39.199999999999996,-65.0
39.300000000000004,-65.0
39.400000000000006,-65.0
39.5,-65.0
39.6,-65.0
39.699999999999996,-65.0
39.800000000000004,-65.0
39.900000000000006,-65.0
40.0,-65.0
40.1,-65.0
40.199999999999996,-65.0
40.300000000000004,-65.0
40.400000000000006,-65.0
40.5,-65.0
40.6,-65.0
40.699999999999996,-64.87531197981706
40.800000000000004,-64.75124584372918
40.9,-64.62779849007654
41.0,-64.50496683266887
41.1,-64.38274780070829
41.2,-64.2611383387127
41.300000000000004,-64.14013540643914
41.4,-64.01973597880806
41.5,-63.89993704582747
41.6,-63.780735612517816
41.7,-63.66212869883705
41.800000000000004,-63.54411333960616
41.9,-63.42668658443504
42.0,-63.309845497648645
42.1,-63.19358715821377
42.2,-63.07790865966584
42.300000000000004,-62.96280711003638
42.4,-62.848279631780635
42.5,-62.7343233617057
42.6,-62.620935450898905
42.7,-62.50811306465656
42.800000000000004,-62.39585338241312
42.9,-62.284153597670695
43.0,-62.17301091792885
43.1,-62.0624225646148
43.2,-61.952385773013944
43.300000000000004,-61.84289779220077
43.4,-61.73395588497005
43.5,-61.62555732776844
43.6,-61.517699410626356
43.7,-61.41037943709025
43.8,-61.30359472415519
43.9,-61.1973426021978
44.0,-61.09162041490949
44.1,-60.98642551923008
44.2,-60.881755285281706
44.3,-60.77760709630304
44.4,-60.673978348583965
44.50000000000001,-60.57086645140036
44.6,-60.46826882694944
44.7,-60.36618291028526
44.8,-60.26460614925457
44.9,-60.16353600443307
45.00000000000001,-60.06296994906186
45.1,-59.96290546898432
45.2,-59.86334006258324
45.3,-59.76427124071828
45.4,-59.66569652666372
45.5,-59.567613456046594
45.6,-59.470019576785006
45.7,-59.372912449026906
45.8,-59.27628964508904
45.900000000000006,-59.180148749396274
46.0,-59.084487358421214
46.1,-58.9893030806241
46.2,-58.89459353639302
46.3,-58.80035635798445
46.400000000000006,-58.70658918946402
46.5,-58.61328968664762
46.6,-58.520455517042826
46.7,-58.428084359790574
46.8,-58.33617390560711
46.900000000000006,-58.2447218567263
47.0,-58.15372592684216
47.1,-58.06318384105168
47.199999999999996,-57.97309333579803
47.300000000000004,-57.883452158813874
47.400000000000006,-57.794258069065116
47.5,-57.70550883669487
47.6,-57.6172022429677
47.699999999999996,-57.52933608021417
47.800000000000004,-57.44190815177564
47.900000000000006,-57.354916271949335
48.0,-57.26835826593373
48.1,-57.18223196977417
48.199999999999996,-57.09653523030876
48.300000000000004,-57.011265905114556
48.400000000000006,-56.92642186245398
48.5,-56.84200098122155
48.6,-56.75800115089084
48.699999999999996,-56.67442027146171
48.800000000000004,-56.59125625340784
48.9,-56.50850701762443
49.0,-56.42617049537627
49.1,-56.34424462824603
49.2,-56.262727368082764
49.300000000000004,-56.18161667695071
49.4,-56.10091052707838
49.5,-56.02060690080781
49.6,-55.94070379054418
49.7,-55.86119919870555
49.800000000000004,-55.78209113767299
49.9,-55.70337762974087
50.0,-55.625056707067365
50.1,-55.54712641162535
50.2,-55.46958479515336
50.300000000000004,-55.39242991910697
50.4,-55.315659854610246
50.5,-55.239272682407574
50.6,-55.16326649281568
50.7,-55.08763938567585
50.800000000000004,-55.01238947030649
50.9,-54.937514865455775
51.0,-54.863013699254694
51.1,-54.78888410917022
51.2,-54.71512424195872
51.300000000000004,-54.641732253619686
51.4,-54.56870630934958
51.5,-54.496044583496
51.6,-54.42374525951201
51.7,-54.35180652991074
51.800000000000004,-54.28022659622021
51.9,-54.20900366893835
52.0,-54.13813596748827
52.1,-54.067621720173726
52.2,-53.99745916413488
52.3,-53.92764654530418
52.4,-53.85818211836251
52.50000000000001,-53.789064146695566
52.6,-53.720290902350484
52.7,-53.65186066599255
52.8,-53.58377172686232
52.9,-53.516022382732736
53.00000000000001,-53.44861093986668
53.1,-53.381535712974575
53.2,-53.31479502517225
53.3,-53.24838720793903
53.4,-53.18231060107603
53.50000000000001,-53.116563552664644
53.6,-53.05114441902522
53.7,-52.98605156467602
53.8,-52.9212833622923
53.900000000000006,-52.85683819266561
54.0,-52.79271444466338
54.1,-52.728910515188545
54.2,-52.66542480913956
54.3,-52.602255739370456
54.400000000000006,-52.5394017266512
54.5,-52.47686119962822
54.6,-52.414632594785054
54.7,-52.35271435640336
54.8,-52.29110493652394
54.900000000000006,-52.2298027949081
55.0,-52.1688063989991
55.1,-52.108114223883874
55.2,-52.04772475225487
55.300000000000004,-51.98763647437216
55.400000000000006,-51.927847888025674
55.5,-51.86835749849762
55.6,-51.80916381852518
55.699999999999996,-51.75026536826326
55.800000000000004,-51.69166067524754
55.900000000000006,-51.633348274357644
56.0,-51.57532670778051
56.1,-51.51759452497395
56.199999999999996,-51.460150282630394
56.300000000000004,-51.40299254464078
56.400000000000006,-51.3461198820587
56.5,-51.28953087306461
56.6,-51.233224102930336
56.699999999999996,-51.17719816398371
56.800000000000004,-51.121451655573324
56.900000000000006,-51.06598318403357
57.0,-51.01079136264977
57.1,-50.95587481162352
57.2,-50.90123215803818
57.300000000000004,-50.84686203582456
57.4,-50.792763085726776
57.5,-50.73893395526826
57.6,-50.68537329871794
57.7,-50.63207977705663
57.800000000000004,-50.57905205794349
57.9,-50.526288815682804
58.0,-50.473788731190744
58.1,-50.42155049196248
58.2,-50.3695727920393
58.300000000000004,-50.31785433197601
58.4,-50.26639381880841
58.5,-50.215189966020986
58.60000000000001,-50.164241493514744
58.7,-50.11354712757524
58.800000000000004,-50.063105600840665
58.9,-50.01291565227024
59.0,-65.0
59.1,-65.0
59.2,-65.0
59.300000000000004,-65.0
59.4,-65.0
59.5,-65.0
59.6,-65.0
59.7,-65.0
59.800000000000004,-65.0
59.9,-65.0
60.0,-65.0
60.1,-65.0
60.2,-65.0
60.3,-65.0
60.4,-65.0
60.50000000000001,-65.0
60.6,-65.0
60.7,-65.0
60.8,-65.0
60.9,-65.0
61.00000000000001,-64.87531197981706
61.1,-64.75124584372918
61.2,-64.62779849007654
61.3,-64.50496683266887
61.4,-64.38274780070829
61.50000000000001,-64.2611383387127
61.6,-64.14013540643914
61.7,-64.01973597880806
61.8,-63.89993704582747
61.900000000000006,-63.780735612517816
62.0,-63.66212869883705
62.1,-63.54411333960616
62.2,-63.42668658443504
62.3,-63.309845497648645
62.400000000000006,-63.19358715821377
62.5,-63.07790865966584
62.6,-62.96280711003638
62.7,-62.848279631780635
62.800000000000004,-62.7343233617057
62.9,-62.620935450898905
63.0,-62.50811306465656
63.1,-62.39585338241312
63.2,-62.284153597670695
63.300000000000004,-62.17301091792885
63.4,-62.0624225646148
63.5,-61.952385773013944
63.6,-61.84289779220077
63.7,-61.73395588497005
63.80000000000001,-61.62555732776844
63.9,-61.517699410626356
64.0,-61.41037943709025
64.10000000000001,-61.30359472415519
64.2,-61.1973426021978
64.30000000000001,-61.09162041490949
64.39999999999999,-60.98642551923008
64.5,-60.881755285281706
64.60000000000001,-60.77760709630304
64.7,-60.673978348583965
64.8,-60.57086645140036
64.89999999999999,-60.46826882694944
65.0,-60.36618291028526
65.10000000000001,-60.26460614925457
65.2,-60.16353600443307
65.3,-60.06296994906186
65.39999999999999,-59.96290546898432
65.5,-59.86334006258324
65.60000000000001,-59.76427124071828
65.7,-59.66569652666372
65.8,-59.567613456046594
65.9,-59.470019576785006
66.0,-59.372912449026906
66.10000000000001,-59.27628964508904
66.2,-59.180148749396274
66.3,-59.084487358421214
66.4,-58.9893030806241
66.5,-58.89459353639302
66.60000000000001,-58.80035635798445
66.7,-58.70658918946402
66.8,-58.61328968664762
66.9,-58.520455517042826
67.0,-58.428084359790574
67.10000000000001,-58.33617390560711
67.2,-58.2447218567263
67.3,-58.15372592684216
67.4,-58.06318384105168
67.5,-57.97309333579803
67.60000000000001,-57.883452158813874
67.7,-57.794258069065116
67.8,-57.70550883669487
67.9,-57.6172022429677
68.0,-57.52933608021417
68.10000000000001,-57.44190815177564
68.19999999999999,-57.354916271949335
68.3,-57.26835826593373
68.4,-57.18223196977417
68.5,-57.09653523030876
68.60000000000001,-57.011265905114556
68.7,-56.92642186245398
68.8,-56.84200098122155
68.9,-56.75800115089084
69.0,-56.67442027146171
69.10000000000001,-56.59125625340784
69.2,-56.50850701762443
69.3,-56.42617049537627
69.4,-56.34424462824603
69.5,-56.262727368082764
69.60000000000001,-56.18161667695071
69.7,-56.10091052707838
69.8,-56.02060690080781
69.9,-55.94070379054418
70.0,-55.86119919870555
70.10000000000001,-55.78209113767299
70.2,-55.70337762974087
70.3,-55.625056707067365
70.4,-55.54712641162535
70.5,-55.46958479515336
70.60000000000001,-55.39242991910697
70.7,-55.315659854610246
70.8,-55.239272682407574
70.9,-55.16326649281568
71.0,-55.08763938567585
71.1,-55.01238947030649
71.2,-54.937514865455775
71.3,-54.863013699254694
71.4,-54.78888410917022
71.5,-54.71512424195872
71.6,-54.641732253619686
71.7,-54.56870630934958
71.8,-54.496044583496
71.9,-54.42374525951201
72.0,-54.35180652991074
72.1,-54.28022659622021
72.2,-54.20900366893835
72.3,-54.13813596748827
72.4,-54.067621720173726
72.50000000000001,-53.99745916413488
72.6,-53.92764654530418
72.7,-53.85818211836251
72.8,-53.789064146695566
72.9,-53.720290902350484
73.00000000000001,-53.65186066599255
73.1,-53.58377172686232
73.2,-53.516022382732736
73.3,-53.44861093986668
73.4,-53.381535712974575
73.50000000000001,-53.31479502517225
73.6,-53.24838720793903
73.7,-53.18231060107603
73.8,-53.116563552664644
73.9,-53.05114441902522
74.00000000000001,-52.98605156467602
74.1,-52.9212833622923
74.2,-52.85683819266561
74.3,-52.79271444466338
74.4,-52.728910515188545
74.5,-52.66542480913956
74.6,-52.602255739370456
74.7,-52.5394017266512
74.8,-52.47686119962822
74.9,-52.414632594785054
75.0,-52.35271435640336
75.1,-52.29110493652394
75.2,-52.2298027949081
75.3,-52.1688063989991
75.4,-52.108114223883874
75.5,-52.04772475225487
75.6,-51.98763647437216
75.7,-51.927847888025674
75.80000000000001,-51.86835749849762
75.9,-51.80916381852518
76.0,-51.75026536826326
76.1,-51.69166067524754
76.2,-51.633348274357644
76.30000000000001,-51.57532670778051
76.4,-51.51759452497395
76.5,-51.460150282630394
76.6,-51.40299254464078
76.7,-51.3461198820587
76.80000000000001,-51.28953087306461
76.9,-51.233224102930336
77.0,-51.17719816398371
77.1,-51.121451655573324
77.2,-51.06598318403357
77.30000000000001,-51.01079136264977
77.4,-50.95587481162352
77.5,-50.90123215803818
77.6,-50.84686203582456
77.7,-50.792763085726776
77.80000000000001,-50.73893395526826
77.89999999999999,-50.68537329871794
78.0,-50.63207977705663
78.1,-50.57905205794349
78.2,-50.526288815682804
78.30000000000001,-50.473788731190744
78.39999999999999,-50.42155049196248
78.5,-50.3695727920393
78.60000000000001,-50.31785433197601
78.7,-50.26639381880841
78.80000000000001,-50.215189966020986
78.89999999999999,-50.164241493514744
79.0,-50.11354712757524
79.10000000000001,-50.063105600840665
79.2,-50.01291565227024
79.30000000000001,-65.0
79.39999999999999,-65.0
79.5,-65.0
79.60000000000001,-65.0
79.7,-65.0
79.80000000000001,-65.0
79.89999999999999,-65.0
80.0,-65.0
80.10000000000001,-65.0
80.2,-65.0
80.30000000000001,-65.0
80.39999999999999,-65.0
80.5,-65.0
80.60000000000001,-65.0
80.7,-65.0
80.80000000000001,-65.0
80.89999999999999,-65.0
81.0,-65.0
81.10000000000001,-65.0
81.2,-65.0
81.3,-64.87531197981706
81.39999999999999,-64.75124584372918
81.5,-64.62779849007654
81.60000000000001,-64.50496683266887
81.7,-64.38274780070829
81.8,-64.2611383387127
81.9,-64.14013540643914
82.0,-64.01973597880806
82.10000000000001,-63.89993704582747
82.2,-63.780735612517816
82.3,-63.66212869883705
82.4,-63.54411333960616
82.5,-63.42668658443504
82.60000000000001,-63.309845497648645
82.7,-63.19358715821377
82.8,-63.07790865966584
82.9,-62.96280711003638
83.0,-62.848279631780635
83.10000000000001,-62.7343233617057
83.2,-62.620935450898905
83.3,-62.50811306465656
83.4,-62.39585338241312
83.5,-62.284153597670695
83.60000000000001,-62.17301091792885
83.7,-62.0624225646148
83.8,-61.952385773013944
83.9,-61.84289779220077
84.0,-61.73395588497005
84.10000000000001,-61.62555732776844
84.2,-61.517699410626356
84.3,-61.41037943709025
84.4,-61.30359472415519
84.5,-61.1973426021978
84.60000000000001,-61.09162041490949
84.7,-60.98642551923008
84.8,-60.881755285281706
84.9,-60.77760709630304
85.0,-60.673978348583965
85.10000000000001,-60.57086645140036
85.2,-60.46826882694944
85.3,-60.36618291028526
85.4,-60.26460614925457
85.5,-60.16353600443307
85.60000000000001,-60.06296994906186
85.7,-59.96290546898432
85.8,-59.86334006258324
85.9,-59.76427124071828
86.0,-59.66569652666372
86.10000000000001,-59.567613456046594
86.2,-59.470019576785006
86.3,-59.372912449026906
86.4,-59.27628964508904
86.5,-59.180148749396274
86.60000000000001,-59.084487358421214
86.7,-58.9893030806241
86.8,-58.89459353639302
86.9,-58.80035635798445
87.0,-58.70658918946402
87.10000000000001,-58.61328968664762
87.2,-58.520455517042826
87.3,-58.428084359790574
87.4,-58.33617390560711
87.5,-58.2447218567263
87.6,-58.15372592684216
87.7,-58.06318384105168
87.8,-57.97309333579803
87.9,-57.883452158813874
88.0,-57.794258069065116
88.1,-57.70550883669487
88.2,-57.6172022429677
88.3,-57.52933608021417
88.4,-57.44190815177564
88.50000000000001,-57.354916271949335
88.6,-57.26835826593373
88.7,-57.18223196977417
88.8,-57.09653523030876
88.9,-57.011265905114556
89.00000000000001,-56.92642186245398
89.1,-56.84200098122155
89.2,-56.75800115089084
89.3,-56.67442027146171
89.4,-56.59125625340784
89.50000000000001,-56.50850701762443
89.6,-56.42617049537627
89.7,-56.34424462824603
89.8,-56.262727368082764
89.9,-56.18161667695071
90.00000000000001,-56.10091052707838
90.1,-56.02060690080781
90.2,-55.94070379054418
90.3,-55.86119919870555
90.4,-55.78209113767299
90.50000000000001,-55.70337762974087
90.6,-55.625056707067365
90.7,-55.54712641162535
90.8,-55.46958479515336
90.9,-55.39242991910697
91.0,-55.315659854610246
91.1,-55.239272682407574
91.2,-55.16326649281568
91.3,-55.08763938567585
91.4,-55.01238947030649
91.5,-54.937514865455775
91.6,-54.863013699254694
91.7,-54.78888410917022
91.80000000000001,-54.71512424195872
91.9,-54.641732253619686
92.0,-54.56870630934958
92.1,-54.496044583496
92.2,-54.42374525951201
92.30000000000001,-54.35180652991074
92.4,-54.28022659622021
92.5,-54.20900366893835
92.6,-54.13813596748827
92.7,-54.067621720173726
92.80000000000001,-53.99745916413488
92.9,-53.92764654530418
93.0,-53.85818211836251
93.1,-53.789064146695566
93.2,-53.720290902350484
93.30000000000001,-53.65186066599255
93.4,-53.58377172686232
93.5,-53.516022382732736
93.6,-53.44861093986668
93.7,-53.381535712974575
93.80000000000001,-53.31479502517225
93.9,-53.24838720793903
94.0,-53.18231060107603
94.1,-53.116563552664644
94.2,-53.05114441902522
94.30000000000001,-52.98605156467602
94.39999999999999,-52.9212833622923
94.5,-52.85683819266561
94.60000000000001,-52.79271444466338
94.7,-52.728910515188545
94.80000000000001,-52.66542480913956
94.89999999999999,-52.602255739370456
95.0,-52.5394017266512
95.10000000000001,-52.47686119962822
95.2,-52.414632594785054
95.30000000000001,-52.35271435640336
95.39999999999999,-52.29110493652394
95.5,-52.2298027949081
95.60000000000001,-52.1688063989991
95.7,-52.108114223883874
95.80000000000001,-52.04772475225487
95.89999999999999,-51.98763647437216
96.0,-51.927847888025674
96.10000000000001,-51.86835749849762
96.2,-51.80916381852518
96.30000000000001,-51.75026536826326
96.39999999999999,-51.69166067524754
96.5,-51.633348274357644
96.60000000000001,-51.57532670778051
96.7,-51.51759452497395
96.80000000000001,-51.460150282630394
96.89999999999999,-51.40299254464078
97.0,-51.3461198820587
97.10000000000001,-51.28953087306461
97.2,-51.233224102930336
97.30000000000001,-51.17719816398371
97.39999999999999,-51.121451655573324
97.5,-51.06598318403357
97.60000000000001,-51.01079136264977
97.7,-50.95587481162352
97.8,-50.90123215803818
97.9,-50.84686203582456
98.0,-50.792763085726776
98.10000000000001,-50.73893395526826
98.2,-50.68537329871794
98.3,-50.63207977705663
98.4,-50.57905205794349
98.5,-50.526288815682804
98.60000000000001,-50.473788731190744
98.7,-50.42155049196248
98.8,-50.3695727920393
98.9,-50.31785433197601
99.0,-50.26639381880841
99.10000000000001,-50.215189966020986
99.2,-50.164241493514744
99.3,-50.11354712757524
99.4,-50.063105600840665
99.5,-50.01291565227024
99.60000000000001,-65.0
99.7,-65.0
99.8,-65.0
99.9,-65.0
100.0,-65.0
100.10000000000001,-65.0
100.2,-65.0
100.3,-65.0
100.4,-65.0
100.5,-65.0
100.60000000000001,-65.0
100.7,-65.0
100.8,-65.0
100.9,-65.0
101.0,-65.0
101.10000000000001,-65.0
101.2,-65.0
101.3,-65.0
101.4,-65.0
101.5,-65.0
101.60000000000001,-64.87531197981706
101.7,-64.75124584372918
101.8,-64.62779849007654
101.9,-64.50496683266887
102.0,-64.38274780070829
102.10000000000001,-64.2611383387127
102.2,-64.14013540643914
102.3,-64.01973597880806
102.4,-63.89993704582747
102.5,-63.780735612517816
102.60000000000001,-63.66212869883705
102.7,-63.54411333960616
102.8,-63.42668658443504
102.9,-63.309845497648645
103.0,-63.19358715821377
103.10000000000001,-63.07790865966584
103.2,-62.96280711003638
103.3,-62.848279631780635
103.4,-62.7343233617057
103.5,-62.620935450898905
103.60000000000001,-62.50811306465656
103.7,-62.39585338241312
103.8,-62.284153597670695
103.9,-62.17301091792885
104.0,-62.0624225646148
104.1,-61.952385773013944
104.2,-61.84289779220077
104.3,-61.73395588497005
104.4,-61.62555732776844
104.50000000000001,-61.517699410626356
104.6,-61.41037943709025
104.7,-61.30359472415519
104.8,-61.1973426021978
104.9,-61.09162041490949
105.00000000000001,-60.98642551923008
105.1,-60.881755285281706
105.2,-60.77760709630304
105.3,-60.673978348583965
105.4,-60.57086645140036
105.50000000000001,-60.46826882694944
105.6,-60.36618291028526
105.7,-60.26460614925457
105.8,-60.16353600443307
105.9,-60.06296994906186
106.00000000000001,-59.96290546898432
106.1,-59.86334006258324
106.2,-59.76427124071828
106.3,-59.66569652666372
106.4,-59.567613456046594
106.50000000000001,-59.470019576785006
106.6,-59.372912449026906
106.7,-59.27628964508904
106.8,-59.180148749396274
106.9,-59.084487358421214
107.00000000000001,-58.9893030806241
107.1,-58.89459353639302
107.2,-58.80035635798445
107.3,-58.70658918946402
107.4,-58.61328968664762
107.5,-58.520455517042826
107.6,-58.428084359790574
107.7,-58.33617390560711
107.80000000000001,-58.2447218567263
107.9,-58.15372592684216
108.0,-58.06318384105168
108.1,-57.97309333579803
108.2,-57.883452158813874
108.30000000000001,-57.794258069065116
108.4,-57.70550883669487
108.5,-57.6172022429677
108.6,-57.52933608021417
108.7,-57.44190815177564
108.80000000000001,-57.354916271949335
108.9,-57.26835826593373
109.0,-57.18223196977417
109.1,-57.09653523030876
109.2,-57.011265905114556
109.30000000000001,-56.92642186245398
109.4,-56.84200098122155
109.5,-56.75800115089084
109.6,-56.67442027146171
109.7,-56.59125625340784
109.80000000000001,-56.50850701762443
109.9,-56.42617049537627
110.0,-56.34424462824603
110.1,-56.262727368082764
110.2,-56.18161667695071
110.30000000000001,-56.10091052707838
110.4,-56.02060690080781
110.5,-55.94070379054418
110.60000000000001,-55.86119919870555
110.7,-55.78209113767299
110.80000000000001,-55.70337762974087
110.89999999999999,-55.625056707067365
111.0,-55.54712641162535
111.10000000000001,-55.46958479515336
111.2,-55.39242991910697
111.30000000000001,-55.315659854610246
111.39999999999999,-55.239272682407574
111.5,-55.16326649281568
111.60000000000001,-55.08763938567585
111.7,-55.01238947030649
111.80000000000001,-54.937514865455775
111.89999999999999,-54.863013699254694
112.0,-54.78888410917022
112.10000000000001,-54.71512424195872
112.2,-54.641732253619686
112.30000000000001,-54.56870630934958
112.39999999999999,-54.496044583496
112.5,-54.42374525951201
112.60000000000001,-54.35180652991074
112.7,-54.28022659622021
112.80000000000001,-54.20900366893835
112.89999999999999,-54.13813596748827
113.0,-54.067621720173726
113.10000000000001,-53.99745916413488
113.2,-53.92764654530418
113.30000000000001,-53.85818211836251
113.39999999999999,-53.789064146695566
113.5,-53.720290902350484
113.60000000000001,-53.65186066599255
113.7,-53.58377172686232
113.80000000000001,-53.516022382732736
113.9,-53.44861093986668
114.0,-53.381535712974575
114.10000000000001,-53.31479502517225
114.2,-53.24838720793903
114.3,-53.18231060107603
114.4,-53.116563552664644
114.5,-53.05114441902522
114.60000000000001,-52.98605156467602
114.7,-52.9212833622923
114.8,-52.85683819266561
114.9,-52.79271444466338
115.0,-52.728910515188545
115.10000000000001,-52.66542480913956
115.2,-52.602255739370456
115.3,-52.5394017266512
115.4,-52.47686119962822
115.5,-52.414632594785054
115.60000000000001,-52.35271435640336
115.7,-52.29110493652394
115.8,-52.2298027949081
115.9,-52.1688063989991
116.0,-52.108114223883874
116.10000000000001,-52.04772475225487
116.2,-51.98763647437216
116.3,-51.927847888025674
116.4,-51.86835749849762
116.5,-51.80916381852518
116.60000000000001,-51.75026536826326
116.7,-51.69166067524754
116.8,-51.633348274357644
116.9,-51.57532670778051
117.0,-51.51759452497395
117.10000000000001,-51.460150282630394
117.20000000000002,-51.40299254464078
117.3,-51.3461198820587
117.4,-51.28953087306461
117.5,-51.233224102930336
117.60000000000001,-51.17719816398371
117.7,-51.121451655573324
117.8,-51.06598318403357
117.9,-51.01079136264977
118.0,-50.95587481162352
118.10000000000001,-50.90123215803818
118.2,-50.84686203582456
118.3,-50.792763085726776
118.4,-50.73893395526826
118.5,-50.68537329871794
118.60000000000001,-50.63207977705663
118.7,-50.57905205794349
118.8,-50.526288815682804
118.9,-50.473788731190744
119.0,-50.42155049196248
119.10000000000001,-50.3695727920393
119.2,-50.31785433197601
119.3,-50.26639381880841
119.4,-50.215189966020986
119.5,-50.164241493514744
119.60000000000001,-50.11354712757524
119.7,-50.063105600840665
119.8,-50.01291565227024
119.9,-65.0
120.0,-65.0
120.10000000000001,-65.0
120.2,-65.0
120.3,-65.0
120.4,-65.0
120.50000000000001,-65.0
120.6,-65.0
120.7,-65.0
120.8,-65.0
120.9,-65.0
121.00000000000001,-65.0
121.1,-65.0
121.2,-65.0
121.3,-65.0
121.4,-65.0
121.50000000000001,-65.0
121.6,-65.0
121.7,-65.0
121.8,-65.0
121.9,-64.87531197981706
122.00000000000001,-64.75124584372918
122.1,-64.62779849007654
122.2,-64.50496683266887
122.3,-64.38274780070829
122.4,-64.2611383387127
122.50000000000001,-64.14013540643914
122.6,-64.01973597880806
122.7,-63.89993704582747
122.8,-63.780735612517816
122.9,-63.66212869883705
123.00000000000001,-63.54411333960616
123.1,-63.42668658443504
123.2,-63.309845497648645
123.3,-63.19358715821377
123.4,-63.07790865966584
123.50000000000001,-62.96280711003638
123.6,-62.848279631780635
123.7,-62.7343233617057
123.80000000000001,-62.620935450898905
123.9,-62.50811306465656
124.0,-62.39585338241312
124.1,-62.284153597670695
124.2,-62.17301091792885
124.30000000000001,-62.0624225646148
124.4,-61.952385773013944
124.5,-61.84289779220077
124.6,-61.73395588497005
124.7,-61.62555732776844
124.80000000000001,-61.517699410626356
124.9,-61.41037943709025
125.0,-61.30359472415519
125.10000000000001,-61.1973426021978
125.2,-61.09162041490949
125.3,-60.98642551923008
125.4,-60.881755285281706
125.5,-60.77760709630304
125.60000000000001,-60.673978348583965
125.7,-60.57086645140036
125.8,-60.46826882694944
125.9,-60.36618291028526
126.0,-60.26460614925457
126.10000000000001,-60.16353600443307
126.2,-60.06296994906186
126.3,-59.96290546898432
126.4,-59.86334006258324
126.5,-59.76427124071828
126.60000000000001,-59.66569652666372
126.7,-59.567613456046594
126.8,-59.470019576785006
126.9,-59.372912449026906
127.0,-59.27628964508904
127.10000000000002,-59.180148749396274
127.2,-59.084487358421214
127.3,-58.9893030806241
127.4,-58.89459353639302
127.5,-58.80035635798445
127.60000000000002,-58.70658918946402
127.7,-58.61328968664762
127.8,-58.520455517042826
127.9,-58.428084359790574
128.0,-58.33617390560711
128.10000000000002,-58.2447218567263
128.20000000000002,-58.15372592684216
128.29999999999998,-58.06318384105168
128.4,-57.97309333579803
128.5,-57.883452158813874
128.60000000000002,-57.794258069065116
128.70000000000002,-57.70550883669487
128.79999999999998,-57.6172022429677
128.9,-57.52933608021417
129.0,-57.44190815177564
129.1,-57.354916271949335
129.20000000000002,-57.26835826593373
129.29999999999998,-57.18223196977417
129.4,-57.09653523030876
129.5,-57.011265905114556
129.6,-56.92642186245398
129.70000000000002,-56.84200098122155
129.79999999999998,-56.75800115089084
129.9,-56.67442027146171
130.0,-56.59125625340784
130.1,-56.50850701762443
130.20000000000002,-56.42617049537627
130.29999999999998,-56.34424462824603
130.4,-56.262727368082764
130.5,-56.18161667695071
130.6,-56.10091052707838
130.70000000000002,-56.02060690080781
130.79999999999998,-55.94070379054418
130.9,-55.86119919870555
131.0,-55.78209113767299
131.1,-55.70337762974087
131.20000000000002,-55.625056707067365
131.3,-55.54712641162535
131.4,-55.46958479515336
131.5,-55.39242991910697
131.6,-55.315659854610246
131.70000000000002,-55.239272682407574
131.8,-55.16326649281568
131.9,-55.08763938567585
132.0,-55.01238947030649
132.1,-54.937514865455775
132.20000000000002,-54.863013699254694
132.3,-54.78888410917022
132.4,-54.71512424195872
132.5,-54.641732253619686
132.6,-54.56870630934958
132.70000000000002,-54.496044583496
132.8,-54.42374525951201
132.9,-54.35180652991074
133.0,-54.28022659622021
133.1,-54.20900366893835
133.20000000000002,-54.13813596748827
133.3,-54.067621720173726
133.4,-53.99745916413488
133.5,-53.92764654530418
133.6,-53.85818211836251
133.70000000000002,-53.789064146695566
133.8,-53.720290902350484
133.9,-53.65186066599255
134.0,-53.58377172686232
134.1,-53.516022382732736
134.20000000000002,-53.44861093986668
134.3,-53.381535712974575
134.4,-53.31479502517225
134.5,-53.24838720793903
134.6,-53.18231060107603
134.70000000000002,-53.116563552664644
134.8,-53.05114441902522
134.9,-52.98605156467602
135.0,-52.9212833622923
135.1,-52.85683819266561
135.20000000000002,-52.79271444466338
135.3,-52.728910515188545
135.4,-52.66542480913956
135.5,-52.602255739370456
135.6,-52.5394017266512
135.70000000000002,-52.47686119962822
135.8,-52.414632594785054
135.89999999999998,-52.35271435640336
136.0,-52.29110493652394
136.1,-52.2298027949081
136.20000000000002,-52.1688063989991
136.3,-52.108114223883874
136.39999999999998,-52.04772475225487
136.5,-51.98763647437216
136.6,-51.927847888025674
136.70000000000002,-51.86835749849762
136.8,-51.80916381852518
136.89999999999998,-51.75026536826326
137.0,-51.69166067524754
137.1,-51.633348274357644
137.20000000000002,-51.57532670778051
137.3,-51.51759452497395
137.4,-51.460150282630394
137.5,-51.40299254464078
137.6,-51.3461198820587
137.70000000000002,-51.28953087306461
137.8,-51.233224102930336
137.9,-51.17719816398371
138.0,-51.121451655573324
138.1,-51.06598318403357
138.20000000000002,-51.01079136264977
138.3,-50.95587481162352
138.4,-50.90123215803818
138.5,-50.84686203582456
138.6,-50.792763085726776
138.70000000000002,-50.73893395526826
138.8,-50.68537329871794
138.9,-50.63207977705663
139.0,-50.57905205794349
139.1,-50.526288815682804
139.20000000000002,-50.473788731190744
139.3,-50.42155049196248
139.4,-50.3695727920393
139.5,-50.31785433197601
139.6,-50.26639381880841
139.70000000000002,-50.215189966020986
139.8,-50.164241493514744
139.9,-50.11354712757524
140.0,-50.063105600840665
140.1,-50.01291565227024
140.20000000000002,-65.0
140.3,-65.0
140.4,-65.0
140.5,-65.0
140.6,-65.0
140.70000000000002,-65.0
140.8,-65.0
140.9,-65.0
141.0,-65.0
141.1,-65.0
141.20000000000002,-65.0
141.3,-65.0
141.4,-65.0
141.5,-65.0
141.6,-65.0
141.70000000000002,-65.0
141.8,-65.0
141.9,-65.0
142.0,-65.0
142.1,-65.0
142.2,-64.87531197981706
142.3,-64.75124584372918
142.4,-64.62779849007654
142.5,-64.50496683266887
142.6,-64.38274780070829
142.7,-64.2611383387127
142.8,-64.14013540643914
142.9,-64.01973597880806
143.0,-63.89993704582747
143.1,-63.780735612517816
143.2,-63.66212869883705
143.3,-63.54411333960616
143.4,-63.42668658443504
143.5,-63.309845497648645
143.6,-63.19358715821377
143.7,-63.07790865966584
143.8,-62.96280711003638
143.9,-62.848279631780635
144.0,-62.7343233617057
144.1,-62.620935450898905
144.2,-62.50811306465656
144.3,-62.39585338241312
144.4,-62.284153597670695
144.50000000000003,-62.17301091792885
144.6,-62.0624225646148
144.7,-61.952385773013944
144.8,-61.84289779220077
144.9,-61.73395588497005
145.00000000000003,-61.62555732776844
145.1,-61.517699410626356
145.2,-61.41037943709025
145.3,-61.30359472415519
145.4,-61.1973426021978
145.50000000000003,-61.09162041490949
145.6,-60.98642551923008
145.7,-60.881755285281706
145.8,-60.77760709630304
145.9,-60.673978348583965
146.00000000000003,-60.57086645140036
146.1,-60.46826882694944
146.2,-60.36618291028526
146.3,-60.26460614925457
146.4,-60.16353600443307
146.50000000000003,-60.06296994906186
146.6,-59.96290546898432
146.7,-59.86334006258324
146.8,-59.76427124071828
146.9,-59.66569652666372
147.00000000000003,-59.567613456046594
147.1,-59.470019576785006
147.2,-59.372912449026906
147.3,-59.27628964508904
147.4,-59.180148749396274
147.50000000000003,-59.084487358421214
147.6,-58.9893030806241
147.7,-58.89459353639302
147.8,-58.80035635798445
147.9,-58.70658918946402
148.00000000000003,-58.61328968664762
148.1,-58.520455517042826
148.2,-58.428084359790574
148.3,-58.33617390560711
148.4,-58.2447218567263
148.50000000000003,-58.15372592684216
148.6,-58.06318384105168
148.7,-57.97309333579803
148.8,-57.883452158813874
148.9,-57.794258069065116
149.0,-57.70550883669487
149.1,-57.6172022429677
149.2,-57.52933608021417
149.3,-57.44190815177564
149.4,-57.354916271949335
149.5,-57.26835826593373
149.6,-57.18223196977417
149.7,-57.09653523030876
149.8,-57.011265905114556
149.9,-56.92642186245398
150.0,-56.84200098122155
150.1,-56.75800115089084
150.2,-56.67442027146171
150.3,-56.59125625340784
150.4,-56.50850701762443
150.5,-56.42617049537627
150.6,-56.34424462824603
150.7,-56.262727368082764
150.8,-56.18161667695071
150.9,-56.10091052707838
151.0,-56.02060690080781
151.10000000000002,-55.94070379054418
151.2,-55.86119919870555
151.3,-55.78209113767299
151.4,-55.70337762974087
151.5,-55.625056707067365
151.60000000000002,-55.54712641162535
151.7,-55.46958479515336
151.8,-55.39242991910697
151.9,-55.315659854610246
152.0,-55.239272682407574
152.10000000000002,-55.16326649281568
152.2,-55.08763938567585
152.3,-55.01238947030649
152.4,-54.937514865455775
152.5,-54.863013699254694
152.60000000000002,-54.78888410917022
152.7,-54.71512424195872
152.8,-54.641732253619686
152.9,-54.56870630934958
153.0,-54.496044583496
153.10000000000002,-54.42374525951201
153.2,-54.35180652991074
153.3,-54.28022659622021
153.4,-54.20900366893835
153.5,-54.13813596748827
153.60000000000002,-54.067621720173726
153.7,-53.99745916413488
153.8,-53.92764654530418
153.9,-53.85818211836251
154.0,-53.789064146695566
154.10000000000002,-53.720290902350484
154.2,-53.65186066599255
154.3,-53.58377172686232
154.4,-53.516022382732736
154.5,-53.44861093986668
154.60000000000002,-53.381535712974575
154.7,-53.31479502517225
154.8,-53.24838720793903
154.9,-53.18231060107603
155.0,-53.116563552664644
155.10000000000002,-53.05114441902522
155.2,-52.98605156467602
155.29999999999998,-52.9212833622923
155.4,-52.85683819266561
155.5,-52.79271444466338
155.60000000000002,-52.728910515188545
155.7,-52.66542480913956
155.79999999999998,-52.602255739370456
155.9,-52.5394017266512
156.0,-52.47686119962822
156.10000000000002,-52.414632594785054
156.2,-52.35271435640336
156.29999999999998,-52.29110493652394
156.4,-52.2298027949081
156.5,-52.1688063989991
156.60000000000002,-52.108114223883874
156.7,-52.04772475225487
156.79999999999998,-51.98763647437216
156.9,-51.927847888025674
157.0,-51.86835749849762
157.10000000000002,-51.80916381852518
157.20000000000002,-51.75026536826326
157.29999999999998,-51.69166067524754
157.4,-51.633348274357644
157.5,-51.57532670778051
157.60000000000002,-51.51759452497395
157.70000000000002,-51.460150282630394
157.79999999999998,-51.40299254464078
157.9,-51.3461198820587
158.0,-51.28953087306461
158.10000000000002,-51.233224102930336
158.20000000000002,-51.17719816398371
158.29999999999998,-51.121451655573324
158.4,-51.06598318403357
158.5,-51.01079136264977
158.60000000000002,-50.95587481162352
158.70000000000002,-50.90123215803818
158.79999999999998,-50.84686203582456
158.9,-50.792763085726776
159.0,-50.73893395526826
159.10000000000002,-50.68537329871794
159.20000000000002,-50.63207977705663
159.29999999999998,-50.57905205794349
159.4,-50.526288815682804
159.5,-50.473788731190744
159.60000000000002,-50.42155049196248
159.70000000000002,-50.3695727920393
159.79999999999998,-50.31785433197601
159.9,-50.26639381880841
160.0,-50.215189966020986
160.10000000000002,-50.164241493514744
160.20000000000002,-50.11354712757524
160.29999999999998,-50.063105600840665
160.4,-50.01291565227024
160.5,-65.0
160.60000000000002,-65.0
160.70000000000002,-65.0
160.79999999999998,-65.0
160.9,-65.0
161.0,-65.0
161.10000000000002,-65.0
161.20000000000002,-65.0
161.29999999999998,-65.0
161.4,-65.0
161.5,-65.0
161.60000000000002,-65.0
161.70000000000002,-65.0
161.79999999999998,-65.0
161.9,-65.0
162.0,-65.0
162.1,-65.0
162.20000000000002,-65.0
162.29999999999998,-65.0
162.4,-65.0
162.5,-64.87531197981706
162.6,-64.75124584372918
162.70000000000002,-64.62779849007654
162.79999999999998,-64.50496683266887
162.9,-64.38274780070829
163.0,-64.2611383387127
163.1,-64.14013540643914
163.20000000000002,-64.01973597880806
163.3,-63.89993704582747
163.4,-63.780735612517816
163.5,-63.66212869883705
163.6,-63.54411333960616
163.70000000000002,-63.42668658443504
163.8,-63.309845497648645
163.9,-63.19358715821377
164.0,-63.07790865966584
164.1,-62.96280711003638
164.20000000000002,-62.848279631780635
164.3,-62.7343233617057
164.4,-62.620935450898905
164.5,-62.50811306465656
164.6,-62.39585338241312
164.70000000000002,-62.284153597670695
164.8,-62.17301091792885
164.9,-62.0624225646148
165.0,-61.952385773013944
165.1,-61.84289779220077
165.20000000000002,-61.73395588497005
165.3,-61.62555732776844
165.4,-61.517699410626356
165.5,-61.41037943709025
165.6,-61.30359472415519
165.70000000000002,-61.1973426021978
165.8,-61.09162041490949
165.9,-60.98642551923008
166.0,-60.881755285281706
166.1,-60.77760709630304
166.20000000000002,-60.673978348583965
166.3,-60.57086645140036
166.4,-60.46826882694944
166.5,-60.36618291028526
166.6,-60.26460614925457
166.70000000000002,-60.16353600443307
166.8,-60.06296994906186
166.9,-59.96290546898432
167.0,-59.86334006258324
167.1,-59.76427124071828
167.20000000000002,-59.66569652666372
167.3,-59.567613456046594
167.4,-59.470019576785006
167.5,-59.372912449026906
167.6,-59.27628964508904
167.70000000000002,-59.180148749396274
167.8,-59.084487358421214
167.9,-58.9893030806241
168.0,-58.89459353639302
168.1,-58.80035635798445
168.20000000000002,-58.70658918946402
168.3,-58.61328968664762
168.4,-58.520455517042826
168.5,-58.428084359790574
168.6,-58.33617390560711
168.70000000000002,-58.2447218567263
168.8,-58.15372592684216
168.89999999999998,-58.06318384105168
169.0,-57.97309333579803
169.1,-57.883452158813874
169.20000000000002,-57.794258069065116
169.3,-57.70550883669487
169.4,-57.6172022429677
169.5,-57.52933608021417
169.6,-57.44190815177564
169.70000000000002,-57.354916271949335
169.8,-57.26835826593373
169.9,-57.18223196977417
170.0,-57.09653523030876
170.1,-57.011265905114556
170.20000000000002,-56.92642186245398
170.3,-56.84200098122155
170.4,-56.75800115089084
170.5,-56.67442027146171
170.6,-56.59125625340784
170.70000000000002,-56.50850701762443
170.8,-56.42617049537627
170.9,-56.34424462824603
171.0,-56.262727368082764
171.1,-56.18161667695071
171.20000000000002,-56.10091052707838
171.3,-56.02060690080781
171.4,-55.94070379054418
171.5,-55.86119919870555
171.6,-55.78209113767299
171.70000000000002,-55.70337762974087
171.8,-55.625056707067365
171.9,-55.54712641162535
172.0,-55.46958479515336
172.1,-55.39242991910697
172.20000000000002,-55.315659854610246
172.3,-55.239272682407574
172.4,-55.16326649281568
172.5,-55.08763938567585
172.6,-55.01238947030649
172.70000000000002,-54.937514865455775
172.8,-54.863013699254694
172.9,-54.78888410917022
173.0,-54.71512424195872
173.1,-54.641732253619686
173.20000000000002,-54.56870630934958
173.3,-54.496044583496
173.4,-54.42374525951201
173.5,-54.35180652991074
173.6,-54.28022659622021
173.70000000000002,-54.20900366893835
173.8,-54.13813596748827
173.9,-54.067621720173726
174.0,-53.99745916413488
174.1,-53.92764654530418
174.20000000000002,-53.85818211836251
174.3,-53.789064146695566
174.4,-53.720290902350484
174.5,-53.65186066599255
174.6,-53.58377172686232
174.70000000000002,-53.516022382732736
174.8,-53.44861093986668
174.9,-53.381535712974575
175.0,-53.31479502517225
175.1,-53.24838720793903
175.2,-53.18231060107603
175.3,-53.116563552664644
175.4,-53.05114441902522
175.5,-52.98605156467602
175.6,-52.9212833622923
175.7,-52.85683819266561
175.8,-52.79271444466338
175.9,-52.728910515188545
176.0,-52.66542480913956
176.1,-52.602255739370456
176.2,-52.5394017266512
176.3,-52.47686119962822
176.4,-52.414632594785054
176.50000000000003,-52.35271435640336
176.6,-52.29110493652394
176.7,-52.2298027949081
176.8,-52.1688063989991
176.9,-52.108114223883874
177.00000000000003,-52.04772475225487
177.1,-51.98763647437216
177.2,-51.927847888025674
177.3,-51.86835749849762
177.4,-51.80916381852518
177.50000000000003,-51.75026536826326
177.6,-51.69166067524754
177.7,-51.633348274357644
177.8,-51.57532670778051
177.9,-51.51759452497395
178.00000000000003,-51.460150282630394
178.1,-51.40299254464078
178.2,-51.3461198820587
178.3,-51.28953087306461
178.4,-51.233224102930336
178.50000000000003,-51.17719816398371
178.6,-51.121451655573324
178.7,-51.06598318403357
178.8,-51.01079136264977
178.9,-50.95587481162352
179.00000000000003,-50.90123215803818
179.1,-50.84686203582456
179.2,-50.792763085726776
179.3,-50.73893395526826
179.4,-50.68537329871794
179.50000000000003,-50.63207977705663
179.6,-50.57905205794349
179.7,-50.526288815682804
179.8,-50.473788731190744
179.9,-50.42155049196248
180.00000000000003,-50.3695727920393
180.1,-50.31785433197601
180.2,-50.26639381880841
180.3,-50.215189966020986
180.4,-50.164241493514744
180.50000000000003,-50.11354712757524
180.6,-50.063105600840665
180.7,-50.01291565227024
180.8,-65.0
180.9,-65.0
181.00000000000003,-65.0
181.1,-65.0
181.2,-65.0
181.3,-65.0
181.4,-65.0
181.50000000000003,-65.0
181.6,-65.0
181.7,-65.0
181.8,-65.0
181.9,-65.0
182.0,-65.0
182.1,-65.0
182.2,-65.0
182.3,-65.0
182.4,-65.0
182.5,-65.0
182.6,-65.0
182.7,-65.0
182.8,-64.87531197981706
182.9,-64.75124584372918
183.0,-64.62779849007654
183.10000000000002,-64.50496683266887
183.2,-64.38274780070829
183.3,-64.2611383387127
183.4,-64.14013540643914
183.5,-64.01973597880806
183.60000000000002,-63.89993704582747
183.7,-63.780735612517816
183.8,-63.66212869883705
183.9,-63.54411333960616
184.0,-63.42668658443504
184.10000000000002,-63.309845497648645
184.2,-63.19358715821377
184.3,-63.07790865966584
184.4,-62.96280711003638
184.5,-62.848279631780635
184.60000000000002,-62.7343233617057
184.7,-62.620935450898905
184.8,-62.50811306465656
184.9,-62.39585338241312
185.0,-62.284153597670695
185.10000000000002,-62.17301091792885
185.2,-62.0624225646148
185.3,-61.952385773013944
185.4,-61.84289779220077
185.5,-61.73395588497005
185.60000000000002,-61.62555732776844
185.7,-61.517699410626356
185.8,-61.41037943709025
185.9,-61.30359472415519
186.0,-61.1973426021978
186.10000000000002,-61.09162041490949
186.2,-60.98642551923008
186.3,-60.881755285281706
186.4,-60.77760709630304
186.5,-60.673978348583965
186.60000000000002,-60.57086645140036
186.7,-60.46826882694944
186.8,-60.36618291028526
186.9,-60.26460614925457
187.0,-60.16353600443307
187.10000000000002,-60.06296994906186
187.2,-59.96290546898432
187.3,-59.86334006258324
187.4,-59.76427124071828
187.5,-59.66569652666372
187.60000000000002,-59.567613456046594
187.7,-59.470019576785006
187.8,-59.372912449026906
187.9,-59.27628964508904
188.0,-59.180148749396274
188.10000000000002,-59.084487358421214
188.2,-58.9893030806241
188.29999999999998,-58.89459353639302
188.4,-58.80035635798445
188.5,-58.70658918946402
188.60000000000002,-58.61328968664762
188.7,-58.520455517042826
188.79999999999998,-58.428084359790574
188.9,-58.33617390560711
189.0,-58.2447218567263
189.10000000000002,-58.15372592684216
189.20000000000002,-58.06318384105168
189.29999999999998,-57.97309333579803
189.4,-57.883452158813874
189.5,-57.794258069065116
189.60000000000002,-57.70550883669487
189.70000000000002,-57.6172022429677
189.79999999999998,-57.52933608021417
189.9,-57.44190815177564
190.0,-57.354916271949335
190.10000000000002,-57.26835826593373
190.20000000000002,-57.18223196977417
190.29999999999998,-57.09653523030876
190.4,-57.011265905114556
190.5,-56.92642186245398
190.60000000000002,-56.84200098122155
190.70000000000002,-56.75800115089084
190.79999999999998,-56.67442027146171
190.9,-56.59125625340784
191.0,-56.50850701762443
191.10000000000002,-56.42617049537627
191.20000000000002,-56.34424462824603
191.29999999999998,-56.262727368082764
191.4,-56.18161667695071
191.5,-56.10091052707838
191.60000000000002,-56.02060690080781
191.70000000000002,-55.94070379054418
191.79999999999998,-55.86119919870555
191.9,-55.78209113767299
192.0,-55.70337762974087
192.10000000000002,-55.625056707067365
192.20000000000002,-55.54712641162535
192.29999999999998,-55.46958479515336
192.4,-55.39242991910697
192.5,-55.315659854610246
192.60000000000002,-55.239272682407574
192.70000000000002,-55.16326649281568
192.79999999999998,-55.08763938567585
192.9,-55.01238947030649
193.0,-54.937514865455775
193.10000000000002,-54.863013699254694
193.20000000000002,-54.78888410917022
193.29999999999998,-54.71512424195872
193.4,-54.641732253619686
193.5,-54.56870630934958
193.60000000000002,-54.496044583496
193.70000000000002,-54.42374525951201
193.79999999999998,-54.35180652991074
193.9,-54.28022659622021
194.0,-54.20900366893835
194.10000000000002,-54.13813596748827
194.20000000000002,-54.067621720173726
194.29999999999998,-53.99745916413488
194.4,-53.92764654530418
194.5,-53.85818211836251
194.60000000000002,-53.789064146695566
194.70000000000002,-53.720290902350484
194.79999999999998,-53.65186066599255
194.9,-53.58377172686232
195.0,-53.516022382732736
195.1,-53.44861093986668
195.20000000000002,-53.381535712974575
195.3,-53.31479502517225
195.4,-53.24838720793903
195.5,-53.18231060107603
195.6,-53.116563552664644
195.70000000000002,-53.05114441902522
195.8,-52.98605156467602
195.9,-52.9212833622923
196.0,-52.85683819266561
196.1,-52.79271444466338
196.20000000000002,-52.728910515188545
196.3,-52.66542480913956
196.4,-52.602255739370456
196.5,-52.5394017266512
196.6,-52.47686119962822
196.70000000000002,-52.414632594785054
196.8,-52.35271435640336
196.9,-52.29110493652394
197.0,-52.2298027949081
197.1,-52.1688063989991
197.20000000000002,-52.108114223883874
197.3,-52.04772475225487
197.4,-51.98763647437216
197.5,-51.927847888025674
197.6,-51.86835749849762
197.70000000000002,-51.80916381852518
197.8,-51.75026536826326
197.9,-51.69166067524754
198.0,-51.633348274357644
198.1,-51.57532670778051
198.20000000000002,-51.51759452497395
198.3,-51.460150282630394
198.4,-51.40299254464078
198.5,-51.3461198820587
198.6,-51.28953087306461
198.70000000000002,-51.233224102930336
198.8,-51.17719816398371
198.9,-51.121451655573324
199.0,-51.06598318403357
199.1,-51.01079136264977
199.20000000000002,-50.95587481162352
199.3,-50.90123215803818
199.4,-50.84686203582456
199.5,-50.792763085726776
199.6,-50.73893395526826
199.70000000000002,-50.68537329871794
199.8,-50.63207977705663
199.9,-50.57905205794349
200.0,-50.526288815682804
200.1,-50.473788731190744
200.20000000000002,-50.42155049196248
200.3,-50.3695727920393
200.4,-50.31785433197601
200.5,-50.26639381880841
200.6,-50.215189966020986
200.70000000000002,-50.164241493514744
200.8,-50.11354712757524
200.9,-50.063105600840665
201.0,-50.01291565227024
201.1,-65.0
201.20000000000002,-65.0
201.3,-65.0
201.4,-65.0
201.5,-65.0
201.6,-65.0
201.70000000000002,-65.0
201.8,-65.0
201.9,-65.0
202.0,-65.0
202.1,-65.0
202.20000000000002,-65.0
202.3,-65.0
202.4,-65.0
202.5,-65.0
202.6,-65.0
202.70000000000002,-65.0
202.8,-65.0
202.9,-65.0
203.0,-65.0
203.1,-64.87531197981706
203.20000000000002,-64.75124584372918
203.3,-64.62779849007654
203.4,-64.50496683266887
203.5,-64.38274780070829
203.6,-64.2611383387127
203.70000000000002,-64.14013540643914
203.8,-64.01973597880806
203.9,-63.89993704582747
204.0,-63.780735612517816
204.1,-63.66212869883705
204.20000000000002,-63.54411333960616
204.3,-63.42668658443504
204.4,-63.309845497648645
204.5,-63.19358715821377
204.6,-63.07790865966584
204.70000000000002,-62.96280711003638
204.8,-62.848279631780635
204.9,-62.7343233617057
205.0,-62.620935450898905
205.1,-62.50811306465656
205.20000000000002,-62.39585338241312
205.3,-62.284153597670695
205.4,-62.17301091792885
205.5,-62.0624225646148
205.6,-61.952385773013944
205.70000000000002,-61.84289779220077
205.8,-61.73395588497005
205.9,-61.62555732776844
206.0,-61.517699410626356
206.1,-61.41037943709025
206.20000000000002,-61.30359472415519
206.3,-61.1973426021978
206.4,-61.09162041490949
206.5,-60.98642551923008
206.6,-60.881755285281706
206.70000000000002,-60.77760709630304
206.8,-60.673978348583965
206.9,-60.57086645140036
207.0,-60.46826882694944
207.1,-60.36618291028526
207.20000000000002,-60.26460614925457
207.3,-60.16353600443307
207.4,-60.06296994906186
207.5,-59.96290546898432
207.6,-59.86334006258324
207.70000000000002,-59.76427124071828
207.8,-59.66569652666372
207.9,-59.567613456046594
208.0,-59.470019576785006
208.1,-59.372912449026906
208.2,-59.27628964508904
208.3,-59.180148749396274
208.4,-59.084487358421214
208.50000000000003,-58.9893030806241
208.6,-58.89459353639302
208.7,-58.80035635798445
208.8,-58.70658918946402
208.9,-58.61328968664762
209.00000000000003,-58.520455517042826
209.1,-58.428084359790574
209.2,-58.33617390560711
209.3,-58.2447218567263
209.4,-58.15372592684216
209.50000000000003,-58.06318384105168
209.6,-57.97309333579803
209.7,-57.883452158813874
209.8,-57.794258069065116
209.9,-57.70550883669487
210.00000000000003,-57.6172022429677
210.1,-57.52933608021417
210.2,-57.44190815177564
210.3,-57.354916271949335
210.4,-57.26835826593373
210.50000000000003,-57.18223196977417
210.6,-57.09653523030876
210.7,-57.011265905114556
210.8,-56.92642186245398
210.9,-56.84200098122155
211.00000000000003,-56.75800115089084
211.1,-56.67442027146171
211.2,-56.59125625340784
211.3,-56.50850701762443
211.4,-56.42617049537627
211.50000000000003,-56.34424462824603
211.6,-56.262727368082764
211.7,-56.18161667695071
211.8,-56.10091052707838
211.9,-56.02060690080781
212.00000000000003,-55.94070379054418
212.1,-55.86119919870555
212.2,-55.78209113767299
212.3,-55.70337762974087
212.4,-55.625056707067365
212.50000000000003,-55.54712641162535
212.6,-55.46958479515336
212.7,-55.39242991910697
212.8,-55.315659854610246
212.9,-55.239272682407574
213.00000000000003,-55.16326649281568
213.1,-55.08763938567585
213.2,-55.01238947030649
213.3,-54.937514865455775
213.4,-54.863013699254694
213.50000000000003,-54.78888410917022
213.6,-54.71512424195872
213.7,-54.641732253619686
213.8,-54.56870630934958
213.9,-54.496044583496
214.00000000000003,-54.42374525951201
214.1,-54.35180652991074
214.2,-54.28022659622021
214.3,-54.20900366893835
214.4,-54.13813596748827
214.50000000000003,-54.067621720173726
214.6,-53.99745916413488
214.7,-53.92764654530418
214.8,-53.85818211836251
214.9,-53.789064146695566
215.0,-53.720290902350484
215.10000000000002,-53.65186066599255
215.2,-53.58377172686232
215.3,-53.516022382732736
215.4,-53.44861093986668
215.5,-53.381535712974575
215.60000000000002,-53.31479502517225
215.7,-53.24838720793903
215.8,-53.18231060107603
215.9,-53.116563552664644
216.0,-53.05114441902522
216.10000000000002,-52.98605156467602
216.2,-52.9212833622923
216.3,-52.85683819266561
216.4,-52.79271444466338
216.5,-52.728910515188545
216.60000000000002,-52.66542480913956
216.7,-52.602255739370456
216.8,-52.5394017266512
216.9,-52.47686119962822
217.0,-52.414632594785054
217.10000000000002,-52.35271435640336
217.2,-52.29110493652394
217.3,-52.2298027949081
217.4,-52.1688063989991
217.5,-52.108114223883874
217.60000000000002,-52.04772475225487
217.7,-51.98763647437216
217.8,-51.927847888025674
217.9,-51.86835749849762
218.0,-51.80916381852518
218.10000000000002,-51.75026536826326
218.2,-51.69166067524754
218.3,-51.633348274357644
218.4,-51.57532670778051
218.5,-51.51759452497395
218.60000000000002,-51.460150282630394
218.7,-51.40299254464078
218.8,-51.3461198820587
218.9,-51.28953087306461
219.0,-51.233224102930336
219.10000000000002,-51.17719816398371
219.2,-51.121451655573324
219.3,-51.06598318403357
219.4,-51.01079136264977
219.5,-50.95587481162352
219.60000000000002,-50.90123215803818
219.7,-50.84686203582456
219.8,-50.792763085726776
219.9,-50.73893395526826
220.0,-50.68537329871794
220.10000000000002,-50.63207977705663
220.2,-50.57905205794349
220.3,-50.526288815682804
220.4,-50.473788731190744
220.5,-50.42155049196248
220.60000000000002,-50.3695727920393
220.7,-50.31785433197601
220.8,-50.26639381880841
220.9,-50.215189966020986
221.0,-50.164241493514744
221.10000000000002,-50.11354712757524
221.20000000000002,-50.063105600840665
221.3,-50.01291565227024
221.4,-65.0
221.5,-65.0
221.60000000000002,-65.0
221.70000000000002,-65.0
221.79999999999998,-65.0
221.9,-65.0
222.0,-65.0
222.10000000000002,-65.0
222.20000000000002,-65.0
222.29999999999998,-65.0
222.4,-65.0
222.5,-65.0
222.60000000000002,-65.0
222.70000000000002,-65.0
222.79999999999998,-65.0
222.9,-65.0
223.0,-65.0
223.10000000000002,-65.0
223.20000000000002,-65.0
223.29999999999998,-65.0
223.4,-64.87531197981706
223.5,-64.75124584372918
223.60000000000002,-64.62779849007654
223.70000000000002,-64.50496683266887
223.79999999999998,-64.38274780070829
223.9,-64.2611383387127
224.0,-64.14013540643914
224.10000000000002,-64.01973597880806
224.20000000000002,-63.89993704582747
224.29999999999998,-63.780735612517816
224.4,-63.66212869883705
224.5,-63.54411333960616
224.60000000000002,-63.42668658443504
224.70000000000002,-63.309845497648645
224.79999999999998,-63.19358715821377
224.9,-63.07790865966584
225.0,-62.96280711003638
225.10000000000002,-62.848279631780635
225.20000000000002,-62.7343233617057
225.29999999999998,-62.620935450898905
225.4,-62.50811306465656
225.5,-62.39585338241312
225.60000000000002,-62.284153597670695
225.70000000000002,-62.17301091792885
225.79999999999998,-62.0624225646148
225.9,-61.952385773013944
226.0,-61.84289779220077
226.10000000000002,-61.73395588497005
226.20000000000002,-61.62555732776844
226.29999999999998,-61.517699410626356
226.4,-61.41037943709025
226.5,-61.30359472415519
226.60000000000002,-61.1973426021978
226.70000000000002,-61.09162041490949
226.79999999999998,-60.98642551923008
226.9,-60.881755285281706
227.0,-60.77760709630304
227.10000000000002,-60.673978348583965
227.20000000000002,-60.57086645140036
227.3,-60.46826882694944
227.4,-60.36618291028526
227.5,-60.26460614925457
227.60000000000002,-60.16353600443307
227.70000000000002,-60.06296994906186
227.8,-59.96290546898432
227.9,-59.86334006258324
228.0,-59.76427124071828
228.1,-59.66569652666372
228.20000000000002,-59.567613456046594
228.3,-59.470019576785006
228.4,-59.372912449026906
228.5,-59.27628964508904
228.6,-59.180148749396274
228.70000000000002,-59.084487358421214
228.8,-58.9893030806241
228.9,-58.89459353639302
229.0,-58.80035635798445
229.1,-58.70658918946402
229.20000000000002,-58.61328968664762
229.3,-58.520455517042826
229.4,-58.428084359790574
229.5,-58.33617390560711
229.6,-58.2447218567263
229.70000000000002,-58.15372592684216
229.8,-58.06318384105168
229.9,-57.97309333579803
230.0,-57.883452158813874
230.1,-57.794258069065116
230.20000000000002,-57.70550883669487
230.3,-57.6172022429677
230.4,-57.52933608021417
230.5,-57.44190815177564
230.6,-57.354916271949335
230.70000000000002,-57.26835826593373
230.8,-57.18223196977417
230.9,-57.09653523030876
231.0,-57.011265905114556
231.1,-56.92642186245398
231.20000000000002,-56.84200098122155
231.3,-56.75800115089084
231.4,-56.67442027146171
231.5,-56.59125625340784
231.6,-56.50850701762443
231.70000000000002,-56.42617049537627
231.8,-56.34424462824603
231.9,-56.262727368082764
232.0,-56.18161667695071
232.1,-56.10091052707838
232.20000000000002,-56.02060690080781
232.3,-55.94070379054418
232.4,-55.86119919870555
232.5,-55.78209113767299
232.6,-55.70337762974087
232.70000000000002,-55.625056707067365
232.8,-55.54712641162535
232.9,-55.46958479515336
233.0,-55.39242991910697
233.1,-55.315659854610246
233.20000000000002,-55.239272682407574
233.3,-55.16326649281568
233.4,-55.08763938567585
233.5,-55.01238947030649
233.6,-54.937514865455775
233.70000000000002,-54.863013699254694
233.8,-54.78888410917022
233.9,-54.71512424195872
234.0,-54.641732253619686
234.1,-54.56870630934958
234.20000000000002,-54.496044583496
234.3,-54.42374525951201
234.40000000000003,-54.35180652991074
234.5,-54.28022659622021
234.6,-54.20900366893835
234.70000000000002,-54.13813596748827
234.8,-54.067621720173726
234.9,-53.99745916413488
235.0,-53.92764654530418
235.1,-53.85818211836251
235.20000000000002,-53.789064146695566
235.3,-53.720290902350484
235.4,-53.65186066599255
235.5,-53.58377172686232
235.6,-53.516022382732736
235.70000000000002,-53.44861093986668
235.8,-53.381535712974575
235.9,-53.31479502517225
236.0,-53.24838720793903
236.1,-53.18231060107603
236.20000000000002,-53.116563552664644
236.3,-53.05114441902522
236.4,-52.98605156467602
236.5,-52.9212833622923
236.6,-52.85683819266561
236.70000000000002,-52.79271444466338
236.8,-52.728910515188545
236.9,-52.66542480913956
237.0,-52.602255739370456
237.1,-52.5394017266512
237.20000000000002,-52.47686119962822
237.3,-52.414632594785054
237.4,-52.35271435640336
237.5,-52.29110493652394
237.6,-52.2298027949081
237.70000000000002,-52.1688063989991
237.8,-52.108114223883874
237.9,-52.04772475225487
238.0,-51.98763647437216
238.1,-51.927847888025674
238.20000000000002,-51.86835749849762
238.3,-51.80916381852518
238.4,-51.75026536826326
238.5,-51.69166067524754
238.6,-51.633348274357644
238.70000000000002,-51.57532670778051
238.8,-51.51759452497395
238.9,-51.460150282630394
239.0,-51.40299254464078
239.1,-51.3461198820587
239.20000000000002,-51.28953087306461
239.3,-51.233224102930336
239.4,-51.17719816398371
239.5,-51.121451655573324
239.6,-51.06598318403357
239.70000000000002,-51.01079136264977
239.8,-50.95587481162352
239.9,-50.90123215803818
240.0,-50.84686203582456
240.1,-50.792763085726776
240.20000000000002,-50.73893395526826
240.3,-50.68537329871794
240.4,-50.63207977705663
240.50000000000003,-50.57905205794349
240.6,-50.526288815682804
240.70000000000002,-50.473788731190744
240.8,-50.42155049196248
240.9,-50.3695727920393
241.00000000000003,-50.31785433197601
241.1,-50.26639381880841
241.2,-50.215189966020986
241.3,-50.164241493514744
241.4,-50.11354712757524
241.50000000000003,-50.063105600840665
241.6,-50.01291565227024
241.7,-65.0
241.8,-65.0
241.9,-65.0
242.00000000000003,-65.0
242.1,-65.0
242.2,-65.0
242.3,-65.0
242.4,-65.0
242.50000000000003,-65.0
242.6,-65.0
242.7,-65.0
242.8,-65.0
242.9,-65.0
243.00000000000003,-65.0
243.1,-65.0
243.2,-65.0
243.3,-65.0
243.4,-65.0
243.50000000000003,-65.0
243.6,-65.0
243.7,-64.87531197981706
243.8,-64.75124584372918
243.9,-64.62779849007654
244.00000000000003,-64.50496683266887
244.1,-64.38274780070829
244.2,-64.2611383387127
244.3,-64.14013540643914
244.4,-64.01973597880806
244.50000000000003,-63.89993704582747
244.6,-63.780735612517816
244.7,-63.66212869883705
244.8,-63.54411333960616
244.9,-63.42668658443504
245.00000000000003,-63.309845497648645
245.1,-63.19358715821377
245.2,-63.07790865966584
245.3,-62.96280711003638
245.4,-62.848279631780635
245.50000000000003,-62.7343233617057
245.6,-62.620935450898905
245.7,-62.50811306465656
245.8,-62.39585338241312
245.9,-62.284153597670695
246.00000000000003,-62.17301091792885
246.1,-62.0624225646148
246.2,-61.952385773013944
246.3,-61.84289779220077
246.4,-61.73395588497005
246.50000000000003,-61.62555732776844
246.6,-61.517699410626356
246.7,-61.41037943709025
246.8,-61.30359472415519
246.9,-61.1973426021978
247.00000000000003,-61.09162041490949
247.10000000000002,-60.98642551923008
247.2,-60.881755285281706
247.3,-60.77760709630304
247.4,-60.673978348583965
247.50000000000003,-60.57086645140036
247.60000000000002,-60.46826882694944
247.7,-60.36618291028526
247.8,-60.26460614925457
247.9,-60.16353600443307
248.0,-60.06296994906186
248.10000000000002,-59.96290546898432
248.2,-59.86334006258324
248.3,-59.76427124071828
248.4,-59.66569652666372
248.5,-59.567613456046594
248.60000000000002,-59.470019576785006
248.7,-59.372912449026906
248.8,-59.27628964508904
248.9,-59.180148749396274
249.0,-59.084487358421214
249.10000000000002,-58.9893030806241
249.2,-58.89459353639302
249.3,-58.80035635798445
249.4,-58.70658918946402
249.5,-58.61328968664762
249.60000000000002,-58.520455517042826
249.7,-58.428084359790574
249.8,-58.33617390560711
249.9,-58.2447218567263
250.0,-58.15372592684216
250.1,-58.06318384105168
250.20000000000002,-57.97309333579803
250.3,-57.883452158813874
250.4,-57.794258069065116
250.5,-57.70550883669487
250.6,-57.6172022429677
250.70000000000002,-57.52933608021417
250.8,-57.44190815177564
250.9,-57.354916271949335
251.0,-57.26835826593373
251.1,-57.18223196977417
251.20000000000002,-57.09653523030876
251.3,-57.011265905114556
251.4,-56.92642186245398
251.5,-56.84200098122155
251.6,-56.75800115089084
251.70000000000002,-56.67442027146171
251.8,-56.59125625340784
251.9,-56.50850701762443
252.0,-56.42617049537627
252.1,-56.34424462824603
252.20000000000002,-56.262727368082764
252.3,-56.18161667695071
252.4,-56.10091052707838
252.5,-56.02060690080781
252.6,-55.94070379054418
252.70000000000002,-55.86119919870555
252.8,-55.78209113767299
252.9,-55.70337762974087
253.0,-55.625056707067365
253.1,-55.54712641162535
253.20000000000002,-55.46958479515336
253.3,-55.39242991910697
253.4,-55.315659854610246
253.5,-55.239272682407574
253.6,-55.16326649281568
253.70000000000005,-55.08763938567585
253.8,-55.01238947030649
253.9,-54.937514865455775
254.0,-54.863013699254694
254.1,-54.78888410917022
254.20000000000005,-54.71512424195872
254.3,-54.641732253619686
254.4,-54.56870630934958
254.5,-54.496044583496
254.6,-54.42374525951201
254.70000000000005,-54.35180652991074
254.8,-54.28022659622021
254.9,-54.20900366893835
255.0,-54.13813596748827
255.1,-54.067621720173726
255.20000000000005,-53.99745916413488
255.3,-53.92764654530418
255.4,-53.85818211836251
255.5,-53.789064146695566
255.6,-53.720290902350484
255.70000000000005,-53.65186066599255
255.8,-53.58377172686232
255.9,-53.516022382732736
256.0,-53.44861093986668
256.09999999999997,-53.381535712974575
256.20000000000005,-53.31479502517225
256.3,-53.24838720793903
256.40000000000003,-53.18231060107603
256.5,-53.116563552664644
256.59999999999997,-53.05114441902522
256.70000000000005,-52.98605156467602
256.8,-52.9212833622923
256.90000000000003,-52.85683819266561
257.0,-52.79271444466338
257.09999999999997,-52.728910515188545
257.20000000000005,-52.66542480913956
257.3,-52.602255739370456
257.40000000000003,-52.5394017266512
257.5,-52.47686119962822
257.59999999999997,-52.414632594785054
257.7,-52.35271435640336
257.8,-52.29110493652394
257.90000000000003,-52.2298027949081
258.0,-52.1688063989991
258.09999999999997,-52.108114223883874
258.2,-52.04772475225487
258.3,-51.98763647437216
258.40000000000003,-51.927847888025674
258.5,-51.86835749849762
258.59999999999997,-51.80916381852518
258.7,-51.75026536826326
258.8,-51.69166067524754
258.90000000000003,-51.633348274357644
259.0,-51.57532670778051
259.09999999999997,-51.51759452497395
259.2,-51.460150282630394
259.3,-51.40299254464078
259.40000000000003,-51.3461198820587
259.5,-51.28953087306461
259.59999999999997,-51.233224102930336
259.7,-51.17719816398371
259.8,-51.121451655573324
259.90000000000003,-51.06598318403357
260.0,-51.01079136264977
260.09999999999997,-50.95587481162352
260.2,-50.90123215803818
260.3,-50.84686203582456
260.40000000000003,-50.792763085726776
260.5,-50.73893395526826
260.59999999999997,-50.68537329871794
260.7,-50.63207977705663
260.8,-50.57905205794349
260.90000000000003,-50.526288815682804
261.0,-50.473788731190744
261.09999999999997,-50.42155049196248
261.2,-50.3695727920393
261.3,-50.31785433197601
261.40000000000003,-50.26639381880841
261.5,-50.215189966020986
261.59999999999997,-50.164241493514744
261.7,-50.11354712757524
261.8,-50.063105600840665
261.90000000000003,-50.01291565227024
262.0,-65.0
262.09999999999997,-65.0
262.2,-65.0
262.3,-65.0
262.40000000000003,-65.0
262.5,-65.0
262.6,-65.0
262.7,-65.0
262.8,-65.0
262.90000000000003,-65.0
263.0,-65.0
263.1,-65.0
263.2,-65.0
263.3,-65.0
263.40000000000003,-65.0
263.5,-65.0
263.6,-65.0
263.7,-65.0
263.8,-65.0
263.90000000000003,-65.0
264.0,-64.87531197981706
264.1,-64.75124584372918
264.2,-64.62779849007654
264.3,-64.50496683266887
264.40000000000003,-64.38274780070829
264.5,-64.2611383387127
264.6,-64.14013540643914
264.7,-64.01973597880806
264.8,-63.89993704582747
264.90000000000003,-63.780735612517816
265.0,-63.66212869883705
265.1,-63.54411333960616
265.2,-63.42668658443504
265.3,-63.309845497648645
265.40000000000003,-63.19358715821377
265.5,-63.07790865966584
265.6,-62.96280711003638
265.7,-62.848279631780635
265.8,-62.7343233617057
265.90000000000003,-62.620935450898905
266.0,-62.50811306465656
266.1,-62.39585338241312
266.2,-62.284153597670695
266.3,-62.17301091792885
266.40000000000003,-62.0624225646148
266.5,-61.952385773013944
266.6,-61.84289779220077
266.7,-61.73395588497005
266.8,-61.62555732776844
266.90000000000003,-61.517699410626356
267.0,-61.41037943709025
267.1,-61.30359472415519
267.2,-61.1973426021978
267.3,-61.09162041490949
267.40000000000003,-60.98642551923008
267.5,-60.881755285281706
267.6,-60.77760709630304
267.7,-60.673978348583965
267.8,-60.57086645140036
267.90000000000003,-60.46826882694944
268.0,-60.36618291028526
268.1,-60.26460614925457
268.2,-60.16353600443307
268.3,-60.06296994906186
268.40000000000003,-59.96290546898432
268.5,-59.86334006258324
268.6,-59.76427124071828
268.7,-59.66569652666372
268.8,-59.567613456046594
268.90000000000003,-59.470019576785006
269.0,-59.372912449026906
269.1,-59.27628964508904
269.2,-59.180148749396274
269.3,-59.084487358421214
269.40000000000003,-58.9893030806241
269.5,-58.89459353639302
269.6,-58.80035635798445
269.7,-58.70658918946402
269.8,-58.61328968664762
269.90000000000003,-58.520455517042826
270.0,-58.428084359790574
270.1,-58.33617390560711
270.2,-58.2447218567263
270.3,-58.15372592684216
270.40000000000003,-58.06318384105168
270.5,-57.97309333579803
270.6,-57.883452158813874
270.7,-57.794258069065116
270.8,-57.70550883669487
270.90000000000003,-57.6172022429677
271.0,-57.52933608021417
271.1,-57.44190815177564
271.2,-57.354916271949335
271.29999999999995,-57.26835826593373
271.40000000000003,-57.18223196977417
271.5,-57.09653523030876
271.6,-57.011265905114556
271.7,-56.92642186245398
271.79999999999995,-56.84200098122155
271.90000000000003,-56.75800115089084
272.0,-56.67442027146171
272.1,-56.59125625340784
272.2,-56.50850701762443
272.29999999999995,-56.42617049537627
272.40000000000003,-56.34424462824603
272.5,-56.262727368082764
272.6,-56.18161667695071
272.7,-56.10091052707838
272.79999999999995,-56.02060690080781
272.90000000000003,-55.94070379054418
273.0,-55.86119919870555
273.1,-55.78209113767299
273.2,-55.70337762974087
273.29999999999995,-55.625056707067365
273.40000000000003,-55.54712641162535
273.5,-55.46958479515336
273.6,-55.39242991910697
273.7,-55.315659854610246
273.79999999999995,-55.239272682407574
273.90000000000003,-55.16326649281568
274.0,-55.08763938567585
274.1,-55.01238947030649
274.2,-54.937514865455775
274.29999999999995,-54.863013699254694
274.40000000000003,-54.78888410917022
274.5,-54.71512424195872
274.6,-54.641732253619686
274.7,-54.56870630934958
274.8,-54.496044583496
274.90000000000003,-54.42374525951201
275.0,-54.35180652991074
275.1,-54.28022659622021
275.2,-54.20900366893835
275.3,-54.13813596748827
275.40000000000003,-54.067621720173726
275.5,-53.99745916413488
275.6,-53.92764654530418
275.7,-53.85818211836251
275.8,-53.789064146695566
275.90000000000003,-53.720290902350484
276.0,-53.65186066599255
276.1,-53.58377172686232
276.2,-53.516022382732736
276.3,-53.44861093986668
276.40000000000003,-53.381535712974575
276.5,-53.31479502517225
276.6,-53.24838720793903
276.7,-53.18231060107603
276.8,-53.116563552664644
276.90000000000003,-53.05114441902522
277.0,-52.98605156467602
277.1,-52.9212833622923
277.2,-52.85683819266561
277.3,-52.79271444466338
277.40000000000003,-52.728910515188545
277.5,-52.66542480913956
277.6,-52.602255739370456
277.7,-52.5394017266512
277.8,-52.47686119962822
277.90000000000003,-52.414632594785054
278.0,-52.35271435640336
278.1,-52.29110493652394
278.2,-52.2298027949081
278.3,-52.1688063989991
278.40000000000003,-52.108114223883874
278.5,-52.04772475225487
278.6,-51.98763647437216
278.7,-51.927847888025674
278.8,-51.86835749849762
278.90000000000003,-51.80916381852518
279.0,-51.75026536826326
279.1,-51.69166067524754
279.2,-51.633348274357644
279.3,-51.57532670778051
279.40000000000003,-51.51759452497395
279.5,-51.460150282630394
279.6,-51.40299254464078
279.7,-51.3461198820587
279.8,-51.28953087306461
279.90000000000003,-51.233224102930336
280.0,-51.17719816398371
280.1,-51.121451655573324
280.2,-51.06598318403357
280.3,-51.01079136264977
280.40000000000003,-50.95587481162352
280.5,-50.90123215803818
280.6,-50.84686203582456
280.7,-50.792763085726776
280.8,-50.73893395526826
280.90000000000003,-50.68537329871794
281.0,-50.63207977705663
281.1,-50.57905205794349
281.2,-50.526288815682804
281.3,-50.473788731190744
281.40000000000003,-50.42155049196248
281.5,-50.3695727920393
281.6,-50.31785433197601
281.7,-50.26639381880841
281.8,-50.215189966020986
281.90000000000003,-50.164241493514744
282.0,-50.11354712757524
282.1,-50.063105600840665
282.2,-50.01291565227024
282.3,-65.0
282.40000000000003,-65.0
282.5,-65.0
282.6,-65.0
282.7,-65.0
282.8,-65.0
282.90000000000003,-65.0
283.0,-65.0
283.1,-65.0
283.2,-65.0
283.3,-65.0
283.40000000000003,-65.0
283.5,-65.0
283.6,-65.0
283.7,-65.0
283.8,-65.0
283.90000000000003,-65.0
284.0,-65.0
284.1,-65.0
284.2,-65.0
284.3,-64.87531197981706
284.4,-64.75124584372918
284.5,-64.62779849007654
284.6,-64.50496683266887
284.7,-64.38274780070829
284.8,-64.2611383387127
284.9,-64.14013540643914
285.0,-64.01973597880806
285.1,-63.89993704582747
285.2,-63.780735612517816
285.3,-63.66212869883705
285.4,-63.54411333960616
285.5,-63.42668658443504
285.6,-63.309845497648645
285.7,-63.19358715821377
285.8,-63.07790865966584
285.9,-62.96280711003638
286.0,-62.848279631780635
286.1,-62.7343233617057
286.2,-62.620935450898905
286.3,-62.50811306465656
286.4,-62.39585338241312
286.5,-62.284153597670695
286.6,-62.17301091792885
286.7,-62.0624225646148
286.8,-61.952385773013944
286.9,-61.84289779220077
287.0,-61.73395588497005
287.1,-61.62555732776844
287.2,-61.517699410626356
287.3,-61.41037943709025
287.4,-61.30359472415519
287.5,-61.1973426021978
287.6,-61.09162041490949
287.7,-60.98642551923008
287.8,-60.881755285281706
287.9,-60.77760709630304
288.0,-60.673978348583965
288.1,-60.57086645140036
288.2,-60.46826882694944
288.3,-60.36618291028526
288.4,-60.26460614925457
288.5,-60.16353600443307
288.6,-60.06296994906186
288.7,-59.96290546898432
288.8,-59.86334006258324
288.9,-59.76427124071828
289.00000000000006,-59.66569652666372
289.1,-59.567613456046594
289.2,-59.470019576785006
289.3,-59.372912449026906
289.4,-59.27628964508904
289.50000000000006,-59.180148749396274
289.6,-59.084487358421214
289.7,-58.9893030806241
289.8,-58.89459353639302
289.9,-58.80035635798445
290.00000000000006,-58.70658918946402
290.1,-58.61328968664762
290.2,-58.520455517042826
290.3,-58.428084359790574
290.4,-58.33617390560711
290.50000000000006,-58.2447218567263
290.6,-58.15372592684216
290.7,-58.06318384105168
290.8,-57.97309333579803
290.9,-57.883452158813874
291.00000000000006,-57.794258069065116
291.1,-57.70550883669487
291.2,-57.6172022429677
291.3,-57.52933608021417
291.4,-57.44190815177564
291.50000000000006,-57.354916271949335
291.6,-57.26835826593373
291.7,-57.18223196977417
291.8,-57.09653523030876
291.9,-57.011265905114556
292.00000000000006,-56.92642186245398
292.1,-56.84200098122155
292.2,-56.75800115089084
292.3,-56.67442027146171
292.4,-56.59125625340784
292.50000000000006,-56.50850701762443
292.6,-56.42617049537627
292.7,-56.34424462824603
292.8,-56.262727368082764
292.9,-56.18161667695071
293.00000000000006,-56.10091052707838
293.1,-56.02060690080781
293.2,-55.94070379054418
293.3,-55.86119919870555
293.4,-55.78209113767299
293.50000000000006,-55.70337762974087
293.6,-55.625056707067365
293.7,-55.54712641162535
293.8,-55.46958479515336
293.9,-55.39242991910697
294.00000000000006,-55.315659854610246
294.1,-55.239272682407574
294.2,-55.16326649281568
294.3,-55.08763938567585
294.4,-55.01238947030649
294.50000000000006,-54.937514865455775
294.6,-54.863013699254694
294.7,-54.78888410917022
294.8,-54.71512424195872
294.9,-54.641732253619686
295.00000000000006,-54.56870630934958
295.1,-54.496044583496
295.2,-54.42374525951201
295.3,-54.35180652991074
295.4,-54.28022659622021
295.50000000000006,-54.20900366893835
295.6,-54.13813596748827
295.7,-54.067621720173726
295.8,-53.99745916413488
295.9,-53.92764654530418
296.00000000000006,-53.85818211836251
296.1,-53.789064146695566
296.2,-53.720290902350484
296.3,-53.65186066599255
296.4,-53.58377172686232
296.50000000000006,-53.516022382732736
296.6,-53.44861093986668
296.7,-53.381535712974575
296.8,-53.31479502517225
296.9,-53.24838720793903
297.00000000000006,-53.18231060107603
297.1,-53.116563552664644
297.2,-53.05114441902522
297.3,-52.98605156467602
297.4,-52.9212833622923
297.5,-52.85683819266561
297.6,-52.79271444466338
297.7,-52.728910515188545
297.8,-52.66542480913956
297.9,-52.602255739370456
298.0,-52.5394017266512
298.1,-52.47686119962822
298.2,-52.414632594785054
298.3,-52.35271435640336
298.4,-52.29110493652394
298.5,-52.2298027949081
298.6,-52.1688063989991
298.7,-52.108114223883874
298.8,-52.04772475225487
298.9,-51.98763647437216
299.0,-51.927847888025674
299.1,-51.86835749849762
299.2,-51.80916381852518
299.3,-51.75026536826326
299.4,-51.69166067524754
299.5,-51.633348274357644
299.6,-51.57532670778051
299.7,-51.51759452497395
299.8,-51.460150282630394
299.9,-51.40299254464078
300.0,-51.3461198820587
300.1,-51.28953087306461
300.2,-51.233224102930336
300.3,-51.17719816398371
300.4,-51.121451655573324
300.5,-51.06598318403357
300.6,-51.01079136264977
300.7,-50.95587481162352
300.8,-50.90123215803818
300.9,-50.84686203582456
301.0,-50.792763085726776
301.1,-50.73893395526826
301.2,-50.68537329871794
301.3,-50.63207977705663
301.4,-50.57905205794349
301.5,-50.526288815682804
301.6,-50.473788731190744
301.70000000000005,-50.42155049196248
301.8,-50.3695727920393
301.9,-50.31785433197601
302.0,-50.26639381880841
302.1,-50.215189966020986
302.20000000000005,-50.164241493514744
302.3,-50.11354712757524
302.4,-50.063105600840665
302.5,-50.01291565227024
302.6,-65.0
302.70000000000005,-65.0
302.8,-65.0
302.9,-65.0
303.0,-65.0
303.1,-65.0
303.20000000000005,-65.0
303.3,-65.0
303.4,-65.0
303.5,-65.0
303.6,-65.0
303.70000000000005,-65.0
303.8,-65.0
303.9,-65.0
304.0,-65.0
304.1,-65.0
304.20000000000005,-65.0
304.3,-65.0
304.4,-65.0
304.5,-65.0
304.6,-64.87531197981706
304.70000000000005,-64.75124584372918
304.8,-64.62779849007654
304.9,-64.50496683266887
305.0,-64.38274780070829
305.1,-64.2611383387127
305.20000000000005,-64.14013540643914
305.3,-64.01973597880806
305.4,-63.89993704582747
305.5,-63.780735612517816
305.6,-63.66212869883705
305.70000000000005,-63.54411333960616
305.8,-63.42668658443504
305.9,-63.309845497648645
306.0,-63.19358715821377
306.1,-63.07790865966584
306.20000000000005,-62.96280711003638
306.3,-62.848279631780635
306.4,-62.7343233617057
306.5,-62.620935450898905
306.6,-62.50811306465656
306.70000000000005,-62.39585338241312
306.8,-62.284153597670695
306.9,-62.17301091792885
307.0,-62.0624225646148
307.1,-61.952385773013944
307.20000000000005,-61.84289779220077
307.3,-61.73395588497005
307.4,-61.62555732776844
307.5,-61.517699410626356
307.6,-61.41037943709025
307.70000000000005,-61.30359472415519
307.8,-61.1973426021978
307.9,-61.09162041490949
308.0,-60.98642551923008
308.1,-60.881755285281706
308.20000000000005,-60.77760709630304
308.3,-60.673978348583965
308.4,-60.57086645140036
308.5,-60.46826882694944
308.6,-60.36618291028526
308.70000000000005,-60.26460614925457
308.8,-60.16353600443307
308.9,-60.06296994906186
309.0,-59.96290546898432
309.1,-59.86334006258324
309.20000000000005,-59.76427124071828
309.3,-59.66569652666372
309.4,-59.567613456046594
309.5,-59.470019576785006
309.6,-59.372912449026906
309.70000000000005,-59.27628964508904
309.8,-59.180148749396274
309.9,-59.084487358421214
310.0,-58.9893030806241
310.1,-58.89459353639302
310.20000000000005,-58.80035635798445
310.3,-58.70658918946402
310.4,-58.61328968664762
310.5,-58.520455517042826
310.59999999999997,-58.428084359790574
310.70000000000005,-58.33617390560711
310.8,-58.2447218567263
310.9,-58.15372592684216
311.0,-58.06318384105168
311.09999999999997,-57.97309333579803
311.20000000000005,-57.883452158813874
311.3,-57.794258069065116
311.4,-57.70550883669487
311.5,-57.6172022429677
311.59999999999997,-57.52933608021417
311.70000000000005,-57.44190815177564
311.8,-57.354916271949335
311.9,-57.26835826593373
312.0,-57.18223196977417
312.09999999999997,-57.09653523030876
312.20000000000005,-57.011265905114556
312.3,-56.92642186245398
312.4,-56.84200098122155
312.5,-56.75800115089084
312.59999999999997,-56.67442027146171
312.70000000000005,-56.59125625340784
312.8,-56.50850701762443
312.9,-56.42617049537627
313.0,-56.34424462824603
313.09999999999997,-56.262727368082764
313.20000000000005,-56.18161667695071
313.3,-56.10091052707838
313.4,-56.02060690080781
313.5,-55.94070379054418
313.59999999999997,-55.86119919870555
313.70000000000005,-55.78209113767299
313.8,-55.70337762974087
313.90000000000003,-55.625056707067365
314.0,-55.54712641162535
314.09999999999997,-55.46958479515336
314.20000000000005,-55.39242991910697
314.3,-55.315659854610246
314.40000000000003,-55.239272682407574
314.5,-55.16326649281568
314.59999999999997,-55.08763938567585
314.70000000000005,-55.01238947030649
314.8,-54.937514865455775
314.90000000000003,-54.863013699254694
315.0,-54.78888410917022
315.09999999999997,-54.71512424195872
315.20000000000005,-54.641732253619686
315.3,-54.56870630934958
315.40000000000003,-54.496044583496
315.5,-54.42374525951201
315.59999999999997,-54.35180652991074
315.70000000000005,-54.28022659622021
315.8,-54.20900366893835
315.90000000000003,-54.13813596748827
316.0,-54.067621720173726
316.09999999999997,-53.99745916413488
316.20000000000005,-53.92764654530418
316.3,-53.85818211836251
316.40000000000003,-53.789064146695566
316.5,-53.720290902350484
316.59999999999997,-53.65186066599255
316.70000000000005,-53.58377172686232
316.8,-53.516022382732736
316.90000000000003,-53.44861093986668
317.0,-53.381535712974575
317.09999999999997,-53.31479502517225
317.20000000000005,-53.24838720793903
317.3,-53.18231060107603
317.40000000000003,-53.116563552664644
317.5,-53.05114441902522
317.59999999999997,-52.98605156467602
317.70000000000005,-52.9212833622923
317.8,-52.85683819266561
317.90000000000003,-52.79271444466338
318.0,-52.728910515188545
318.09999999999997,-52.66542480913956
318.20000000000005,-52.602255739370456
318.3,-52.5394017266512
318.40000000000003,-52.47686119962822
318.5,-52.414632594785054
318.59999999999997,-52.35271435640336
318.70000000000005,-52.29110493652394
318.8,-52.2298027949081
318.90000000000003,-52.1688063989991
319.0,-52.108114223883874
319.09999999999997,-52.04772475225487
319.20000000000005,-51.98763647437216
319.3,-51.927847888025674
319.40000000000003,-51.86835749849762
319.5,-51.80916381852518
319.59999999999997,-51.75026536826326
319.70000000000005,-51.69166067524754
319.8,-51.633348274357644
319.90000000000003,-51.57532670778051
320.0,-51.51759452497395
320.09999999999997,-51.460150282630394
320.20000000000005,-51.40299254464078
320.3,-51.3461198820587
320.40000000000003,-51.28953087306461
320.5,-51.233224102930336
320.59999999999997,-51.17719816398371
320.70000000000005,-51.121451655573324
320.8,-51.06598318403357
320.90000000000003,-51.01079136264977
321.0,-50.95587481162352
321.09999999999997,-50.90123215803818
321.20000000000005,-50.84686203582456
321.3,-50.792763085726776
321.40000000000003,-50.73893395526826
321.5,-50.68537329871794
321.59999999999997,-50.63207977705663
321.70000000000005,-50.57905205794349
321.8,-50.526288815682804
321.90000000000003,-50.473788731190744
322.0,-50.42155049196248
322.09999999999997,-50.3695727920393
322.20000000000005,-50.31785433197601
322.3,-50.26639381880841
322.40000000000003,-50.215189966020986
322.5,-50.164241493514744
322.59999999999997,-50.11354712757524
322.70000000000005,-50.063105600840665
322.8,-50.01291565227024
322.90000000000003,-65.0
323.0,-65.0
323.09999999999997,-65.0
323.20000000000005,-65.0
323.3,-65.0
323.40000000000003,-65.0
323.5,-65.0
323.59999999999997,-65.0
323.70000000000005,-65.0
323.8,-65.0
323.90000000000003,-65.0
324.0,-65.0
324.09999999999997,-65.0
324.2,-65.0
324.3,-65.0
324.40000000000003,-65.0
324.5,-65.0
324.59999999999997,-65.0
324.7,-65.0
324.8,-65.0
324.90000000000003,-64.87531197981706
325.0,-64.75124584372918
325.09999999999997,-64.62779849007654
325.2,-64.50496683266887
325.3,-64.38274780070829
325.40000000000003,-64.2611383387127
325.5,-64.14013540643914
325.59999999999997,-64.01973597880806
325.7,-63.89993704582747
325.8,-63.780735612517816
325.90000000000003,-63.66212869883705
326.0,-63.54411333960616
326.09999999999997,-63.42668658443504
326.2,-63.309845497648645
326.3,-63.19358715821377
326.40000000000003,-63.07790865966584
326.5,-62.96280711003638
326.6,-62.848279631780635
326.7,-62.7343233617057
326.8,-62.620935450898905
326.90000000000003,-62.50811306465656
327.0,-62.39585338241312
327.1,-62.284153597670695
327.2,-62.17301091792885
327.3,-62.0624225646148
327.40000000000003,-61.952385773013944
327.5,-61.84289779220077
327.6,-61.73395588497005
327.7,-61.62555732776844
327.8,-61.517699410626356
327.90000000000003,-61.41037943709025
328.0,-61.30359472415519
328.1,-61.1973426021978
328.2,-61.09162041490949
328.3,-60.98642551923008
328.40000000000003,-60.881755285281706
328.5,-60.77760709630304
328.6,-60.673978348583965
328.7,-60.57086645140036
328.8,-60.46826882694944
328.90000000000003,-60.36618291028526
329.0,-60.26460614925457
329.1,-60.16353600443307
329.2,-60.06296994906186
329.3,-59.96290546898432
329.40000000000003,-59.86334006258324
329.5,-59.76427124071828
329.6,-59.66569652666372
329.7,-59.567613456046594
329.8,-59.470019576785006
329.90000000000003,-59.372912449026906
330.0,-59.27628964508904
330.1,-59.180148749396274
330.2,-59.084487358421214
330.3,-58.9893030806241
330.40000000000003,-58.89459353639302
330.5,-58.80035635798445
330.6,-58.70658918946402
330.7,-58.61328968664762
330.8,-58.520455517042826
330.90000000000003,-58.428084359790574
331.0,-58.33617390560711
331.1,-58.2447218567263
331.2,-58.15372592684216
331.3,-58.06318384105168
331.40000000000003,-57.97309333579803
331.5,-57.883452158813874
331.6,-57.794258069065116
331.7,-57.70550883669487
331.8,-57.6172022429677
331.90000000000003,-57.52933608021417
332.0,-57.44190815177564
332.1,-57.354916271949335
332.2,-57.26835826593373
332.3,-57.18223196977417
332.40000000000003,-57.09653523030876
332.5,-57.011265905114556
332.6,-56.92642186245398
332.7,-56.84200098122155
332.8,-56.75800115089084
332.90000000000003,-56.67442027146171
333.0,-56.59125625340784
333.1,-56.50850701762443
333.2,-56.42617049537627
333.3,-56.34424462824603
333.40000000000003,-56.262727368082764
333.5,-56.18161667695071
333.6,-56.10091052707838
333.7,-56.02060690080781
333.8,-55.94070379054418
333.90000000000003,-55.86119919870555
334.0,-55.78209113767299
334.1,-55.70337762974087
334.2,-55.625056707067365
334.3,-55.54712641162535
334.40000000000003,-55.46958479515336
334.5,-55.39242991910697
334.6,-55.315659854610246
334.7,-55.239272682407574
334.8,-55.16326649281568
334.90000000000003,-55.08763938567585
335.0,-55.01238947030649
335.1,-54.937514865455775
335.2,-54.863013699254694
335.3,-54.78888410917022
335.40000000000003,-54.71512424195872
335.5,-54.641732253619686
335.6,-54.56870630934958
335.7,-54.496044583496
335.8,-54.42374525951201
335.90000000000003,-54.35180652991074
336.0,-54.28022659622021
336.1,-54.20900366893835
336.2,-54.13813596748827
336.3,-54.067621720173726
336.40000000000003,-53.99745916413488
336.5,-53.92764654530418
336.6,-53.85818211836251
336.7,-53.789064146695566
336.8,-53.720290902350484
336.90000000000003,-53.65186066599255
337.0,-53.58377172686232
337.1,-53.516022382732736
337.2,-53.44861093986668
337.29999999999995,-53.381535712974575
337.40000000000003,-53.31479502517225
337.5,-53.24838720793903
337.6,-53.18231060107603
337.7,-53.116563552664644
337.79999999999995,-53.05114441902522
337.90000000000003,-52.98605156467602
338.0,-52.9212833622923
338.1,-52.85683819266561
338.2,-52.79271444466338
338.29999999999995,-52.728910515188545
338.40000000000003,-52.66542480913956
338.5,-52.602255739370456
338.6,-52.5394017266512
338.7,-52.47686119962822
338.8,-52.414632594785054
338.90000000000003,-52.35271435640336
339.0,-52.29110493652394
339.1,-52.2298027949081
339.2,-52.1688063989991
339.3,-52.108114223883874
339.40000000000003,-52.04772475225487
339.5,-51.98763647437216
339.6,-51.927847888025674
339.7,-51.86835749849762
339.8,-51.80916381852518
339.90000000000003,-51.75026536826326
340.0,-51.69166067524754
340.1,-51.633348274357644
340.2,-51.57532670778051
340.3,-51.51759452497395
340.40000000000003,-51.460150282630394
340.5,-51.40299254464078
340.6,-51.3461198820587
340.7,-51.28953087306461
340.8,-51.233224102930336
340.90000000000003,-51.17719816398371
341.0,-51.121451655573324
341.1,-51.06598318403357
341.2,-51.01079136264977
341.3,-50.95587481162352
341.40000000000003,-50.90123215803818
341.5,-50.84686203582456
341.6,-50.792763085726776
341.7,-50.73893395526826
341.8,-50.68537329871794
341.90000000000003,-50.63207977705663
342.0,-50.57905205794349
342.1,-50.526288815682804
342.2,-50.473788731190744
342.3,-50.42155049196248
342.40000000000003,-50.3695727920393
342.5,-50.31785433197601
342.6,-50.26639381880841
342.7,-50.215189966020986
342.8,-50.164241493514744
342.90000000000003,-50.11354712757524
343.0,-50.063105600840665
343.1,-50.01291565227024
343.2,-65.0
343.3,-65.0
343.40000000000003,-65.0
343.5,-65.0
343.6,-65.0
343.7,-65.0
343.8,-65.0
343.90000000000003,-65.0
344.0,-65.0
344.1,-65.0
344.2,-65.0
344.3,-65.0
344.40000000000003,-65.0
344.5,-65.0
344.6,-65.0
344.7,-65.0
344.8,-65.0
344.90000000000003,-65.0
345.0,-65.0
345.1,-65.0
345.2,-64.87531197981706
345.3,-64.75124584372918
345.40000000000003,-64.62779849007654
345.5,-64.50496683266887
345.6,-64.38274780070829
345.7,-64.2611383387127
345.8,-64.14013540643914
345.90000000000003,-64.01973597880806
346.0,-63.89993704582747
346.1,-63.780735612517816
346.2,-63.66212869883705
346.3,-63.54411333960616
346.40000000000003,-63.42668658443504
346.5,-63.309845497648645
346.6,-63.19358715821377
346.7,-63.07790865966584
346.8,-62.96280711003638
346.90000000000003,-62.848279631780635
347.0,-62.7343233617057
347.1,-62.620935450898905
347.2,-62.50811306465656
347.3,-62.39585338241312
347.40000000000003,-62.284153597670695
347.5,-62.17301091792885
347.6,-62.0624225646148
347.7,-61.952385773013944
347.8,-61.84289779220077
347.90000000000003,-61.73395588497005
348.0,-61.62555732776844
348.1,-61.517699410626356
348.2,-61.41037943709025
348.3,-61.30359472415519
348.40000000000003,-61.1973426021978
348.5,-61.09162041490949
348.6,-60.98642551923008
348.7,-60.881755285281706
348.8,-60.77760709630304
348.90000000000003,-60.673978348583965
349.0,-60.57086645140036
349.1,-60.46826882694944
349.2,-60.36618291028526
349.3,-60.26460614925457
349.40000000000003,-60.16353600443307
349.5,-60.06296994906186
349.6,-59.96290546898432
349.7,-59.86334006258324
349.8,-59.76427124071828
349.90000000000003,-59.66569652666372
350.0,-59.567613456046594
350.1,-59.470019576785006
350.2,-59.372912449026906
350.3,-59.27628964508904
350.4,-59.180148749396274
350.5,-59.084487358421214
350.6,-58.9893030806241
350.7,-58.89459353639302
350.8,-58.80035635798445
350.9,-58.70658918946402
351.0,-58.61328968664762
351.1,-58.520455517042826
351.2,-58.428084359790574
351.3,-58.33617390560711
351.4,-58.2447218567263
351.5,-58.15372592684216
351.6,-58.06318384105168
351.7,-57.97309333579803
351.8,-57.883452158813874
351.9,-57.794258069065116
352.0,-57.70550883669487
352.1,-57.6172022429677
352.2,-57.52933608021417
352.3,-57.44190815177564
352.4,-57.354916271949335
352.5,-57.26835826593373
352.6,-57.18223196977417
352.7,-57.09653523030876
352.8,-57.011265905114556
352.9,-56.92642186245398
353.00000000000006,-56.84200098122155
353.1,-56.75800115089084
353.2,-56.67442027146171
353.3,-56.59125625340784
353.4,-56.50850701762443
353.50000000000006,-56.42617049537627
353.6,-56.34424462824603
353.7,-56.262727368082764
353.8,-56.18161667695071
353.9,-56.10091052707838
354.00000000000006,-56.02060690080781
354.1,-55.94070379054418
354.2,-55.86119919870555
354.3,-55.78209113767299
354.4,-55.70337762974087
354.50000000000006,-55.625056707067365
354.6,-55.54712641162535
354.7,-55.46958479515336
354.8,-55.39242991910697
354.9,-55.315659854610246
355.00000000000006,-55.239272682407574
355.1,-55.16326649281568
355.2,-55.08763938567585
355.3,-55.01238947030649
355.4,-54.937514865455775
355.50000000000006,-54.863013699254694
355.6,-54.78888410917022
355.7,-54.71512424195872
355.8,-54.641732253619686
355.9,-54.56870630934958
356.00000000000006,-54.496044583496
356.1,-54.42374525951201
356.2,-54.35180652991074
356.3,-54.28022659622021
356.4,-54.20900366893835
356.50000000000006,-54.13813596748827
356.6,-54.067621720173726
356.7,-53.99745916413488
356.8,-53.92764654530418
356.9,-53.85818211836251
357.00000000000006,-53.789064146695566
357.1,-53.720290902350484
357.2,-53.65186066599255
357.3,-53.58377172686232
357.4,-53.516022382732736
357.50000000000006,-53.44861093986668
357.6,-53.381535712974575
357.7,-53.31479502517225
357.8,-53.24838720793903
357.9,-53.18231060107603
358.00000000000006,-53.116563552664644
358.1,-53.05114441902522
358.2,-52.98605156467602
358.3,-52.9212833622923
358.4,-52.85683819266561
358.50000000000006,-52.79271444466338
358.6,-52.728910515188545
358.7,-52.66542480913956
358.8,-52.602255739370456
358.9,-52.5394017266512
359.00000000000006,-52.47686119962822
359.1,-52.414632594785054
359.2,-52.35271435640336
359.3,-52.29110493652394
359.4,-52.2298027949081
359.50000000000006,-52.1688063989991
359.6,-52.108114223883874
359.7,-52.04772475225487
359.8,-51.98763647437216
359.9,-51.927847888025674
360.00000000000006,-51.86835749849762
360.1,-51.80916381852518
360.2,-51.75026536826326
360.3,-51.69166067524754
360.4,-51.633348274357644
360.50000000000006,-51.57532670778051
360.6,-51.51759452497395
360.7,-51.460150282630394
360.8,-51.40299254464078
360.9,-51.3461198820587
361.00000000000006,-51.28953087306461
361.1,-51.233224102930336
361.2,-51.17719816398371
361.3,-51.121451655573324
361.4,-51.06598318403357
361.50000000000006,-51.01079136264977
361.6,-50.95587481162352
361.7,-50.90123215803818
361.8,-50.84686203582456
361.9,-50.792763085726776
362.00000000000006,-50.73893395526826
362.1,-50.68537329871794
362.2,-50.63207977705663
362.3,-50.57905205794349
362.4,-50.526288815682804
362.50000000000006,-50.473788731190744
362.6,-50.42155049196248
362.7,-50.3695727920393
362.8,-50.31785433197601
362.9,-50.26639381880841
363.00000000000006,-50.215189966020986
363.1,-50.164241493514744
363.2,-50.11354712757524
363.3,-50.063105600840665
363.4,-50.01291565227024
363.5,-65.0
363.6,-65.0
363.7,-65.0
363.8,-65.0
363.9,-65.0
364.0,-65.0
364.1,-65.0
364.2,-65.0
364.3,-65.0
364.4,-65.0
364.5,-65.0
364.6,-65.0
364.7,-65.0
364.8,-65.0
364.9,-65.0
365.0,-65.0
365.1,-65.0
365.2,-65.0
365.3,-65.0
365.4,-65.0
365.5,-64.87531197981706
365.6,-64.75124584372918
365.70000000000005,-64.62779849007654
365.8,-64.50496683266887
365.9,-64.38274780070829
366.0,-64.2611383387127
366.1,-64.14013540643914
366.20000000000005,-64.01973597880806
366.3,-63.89993704582747
366.4,-63.780735612517816
366.5,-63.66212869883705
366.6,-63.54411333960616
366.70000000000005,-63.42668658443504
366.8,-63.309845497648645
366.9,-63.19358715821377
367.0,-63.07790865966584
367.1,-62.96280711003638
367.20000000000005,-62.848279631780635
367.3,-62.7343233617057
367.4,-62.620935450898905
367.5,-62.50811306465656
367.6,-62.39585338241312
367.70000000000005,-62.284153597670695
367.8,-62.17301091792885
367.9,-62.0624225646148
368.0,-61.952385773013944
368.1,-61.84289779220077
368.20000000000005,-61.73395588497005
368.3,-61.62555732776844
368.4,-61.517699410626356
368.5,-61.41037943709025
368.6,-61.30359472415519
368.70000000000005,-61.1973426021978
368.8,-61.09162041490949
368.9,-60.98642551923008
369.0,-60.881755285281706
369.1,-60.77760709630304
369.20000000000005,-60.673978348583965
369.3,-60.57086645140036
369.4,-60.46826882694944
369.5,-60.36618291028526
369.6,-60.26460614925457
369.70000000000005,-60.16353600443307
369.8,-60.06296994906186
369.9,-59.96290546898432
370.0,-59.86334006258324
370.1,-59.76427124071828
370.20000000000005,-59.66569652666372
370.3,-59.567613456046594
370.4,-59.470019576785006
370.5,-59.372912449026906
370.6,-59.27628964508904
370.70000000000005,-59.180148749396274
370.8,-59.084487358421214
370.9,-58.9893030806241
371.0,-58.89459353639302
371.1,-58.80035635798445
371.20000000000005,-58.70658918946402
371.3,-58.61328968664762
371.4,-58.520455517042826
371.5,-58.428084359790574
371.6,-58.33617390560711
371.70000000000005,-58.2447218567263
371.8,-58.15372592684216
371.9,-58.06318384105168
372.0,-57.97309333579803
372.1,-57.883452158813874
372.20000000000005,-57.794258069065116
372.3,-57.70550883669487
372.4,-57.6172022429677
372.5,-57.52933608021417
372.6,-57.44190815177564
372.70000000000005,-57.354916271949335
372.8,-57.26835826593373
372.9,-57.18223196977417
373.0,-57.09653523030876
373.1,-57.011265905114556
373.20000000000005,-56.92642186245398
373.3,-56.84200098122155
373.4,-56.75800115089084
373.5,-56.67442027146171
373.6,-56.59125625340784
373.70000000000005,-56.50850701762443
373.8,-56.42617049537627
373.9,-56.34424462824603
374.0,-56.262727368082764
374.1,-56.18161667695071
374.20000000000005,-56.10091052707838
374.3,-56.02060690080781
374.4,-55.94070379054418
374.5,-55.86119919870555
374.6,-55.78209113767299
374.70000000000005,-55.70337762974087
374.8,-55.625056707067365
374.9,-55.54712641162535
375.0,-55.46958479515336
375.1,-55.39242991910697
375.20000000000005,-55.315659854610246
375.3,-55.239272682407574
375.4,-55.16326649281568
375.5,-55.08763938567585
375.6,-55.01238947030649
375.70000000000005,-54.937514865455775
375.8,-54.863013699254694
375.9,-54.78888410917022
376.0,-54.71512424195872
376.1,-54.641732253619686
376.20000000000005,-54.56870630934958
376.3,-54.496044583496
376.4,-54.42374525951201
376.5,-54.35180652991074
376.59999999999997,-54.28022659622021
376.70000000000005,-54.20900366893835
376.8,-54.13813596748827
376.9,-54.067621720173726
377.0,-53.99745916413488
377.09999999999997,-53.92764654530418
377.20000000000005,-53.85818211836251
377.3,-53.789064146695566
377.4,-53.720290902350484
377.5,-53.65186066599255
377.59999999999997,-53.58377172686232
377.70000000000005,-53.516022382732736
377.8,-53.44861093986668
377.90000000000003,-53.381535712974575
378.0,-53.31479502517225
378.09999999999997,-53.24838720793903
378.20000000000005,-53.18231060107603
378.3,-53.116563552664644
378.40000000000003,-53.05114441902522
378.5,-52.98605156467602
378.59999999999997,-52.9212833622923
378.70000000000005,-52.85683819266561
378.8,-52.79271444466338
378.90000000000003,-52.728910515188545
379.0,-52.66542480913956
379.09999999999997,-52.602255739370456
379.20000000000005,-52.5394017266512
379.3,-52.47686119962822
379.40000000000003,-52.414632594785054
379.5,-52.35271435640336
379.59999999999997,-52.29110493652394
379.70000000000005,-52.2298027949081
379.8,-52.1688063989991
379.90000000000003,-52.108114223883874
380.0,-52.04772475225487
380.09999999999997,-51.98763647437216
380.20000000000005,-51.927847888025674
380.3,-51.86835749849762
380.40000000000003,-51.80916381852518
380.5,-51.75026536826326
380.59999999999997,-51.69166067524754
380.70000000000005,-51.633348274357644
380.8,-51.57532670778051
380.90000000000003,-51.51759452497395
381.0,-51.460150282630394
381.09999999999997,-51.40299254464078
381.20000000000005,-51.3461198820587
381.3,-51.28953087306461
381.40000000000003,-51.233224102930336
381.5,-51.17719816398371
381.59999999999997,-51.121451655573324
381.70000000000005,-51.06598318403357
381.8,-51.01079136264977
381.90000000000003,-50.95587481162352
382.0,-50.90123215803818
382.09999999999997,-50.84686203582456
382.20000000000005,-50.792763085726776
382.3,-50.73893395526826
382.40000000000003,-50.68537329871794
382.5,-50.63207977705663
382.59999999999997,-50.57905205794349
382.70000000000005,-50.526288815682804
382.8,-50.473788731190744
382.90000000000003,-50.42155049196248
383.0,-50.3695727920393
383.09999999999997,-50.31785433197601
383.20000000000005,-50.26639381880841
383.3,-50.215189966020986
383.40000000000003,-50.164241493514744
383.5,-50.11354712757524
383.59999999999997,-50.063105600840665
383.70000000000005,-50.01291565227024
383.8,-65.0
383.90000000000003,-65.0
384.0,-65.0
384.09999999999997,-65.0
384.20000000000005,-65.0
384.3,-65.0
384.40000000000003,-65.0
384.5,-65.0
384.59999999999997,-65.0
384.70000000000005,-65.0
384.8,-65.0
384.90000000000003,-65.0
385.0,-65.0
385.09999999999997,-65.0
385.20000000000005,-65.0
385.3,-65.0
385.40000000000003,-65.0
385.5,-65.0
385.59999999999997,-65.0
385.70000000000005,-65.0
385.8,-64.87531197981706
385.90000000000003,-64.75124584372918
386.0,-64.62779849007654
386.09999999999997,-64.50496683266887
386.20000000000005,-64.38274780070829
386.3,-64.2611383387127
386.40000000000003,-64.14013540643914
386.5,-64.01973597880806
386.59999999999997,-63.89993704582747
386.70000000000005,-63.780735612517816
386.8,-63.66212869883705
386.90000000000003,-63.54411333960616
387.0,-63.42668658443504
387.09999999999997,-63.309845497648645
387.20000000000005,-63.19358715821377
387.3,-63.07790865966584
387.40000000000003,-62.96280711003638
387.5,-62.848279631780635
387.59999999999997,-62.7343233617057
387.70000000000005,-62.620935450898905
387.8,-62.50811306465656
387.90000000000003,-62.39585338241312
388.0,-62.284153597670695
388.09999999999997,-62.17301091792885
388.20000000000005,-62.0624225646148
388.3,-61.952385773013944
388.40000000000003,-61.84289779220077
388.5,-61.73395588497005
388.59999999999997,-61.62555732776844
388.70000000000005,-61.517699410626356
388.8,-61.41037943709025
388.90000000000003,-61.30359472415519
389.0,-61.1973426021978
389.09999999999997,-61.09162041490949
389.20000000000005,-60.98642551923008
389.3,-60.881755285281706
389.40000000000003,-60.77760709630304
389.5,-60.673978348583965
389.59999999999997,-60.57086645140036
389.70000000000005,-60.46826882694944
389.8,-60.36618291028526
389.90000000000003,-60.26460614925457
390.0,-60.16353600443307
390.09999999999997,-60.06296994906186
390.2,-59.96290546898432
390.3,-59.86334006258324
390.40000000000003,-59.76427124071828
390.5,-59.66569652666372
390.6,-59.567613456046594
390.7,-59.470019576785006
390.8,-59.372912449026906
390.90000000000003,-59.27628964508904
391.0,-59.180148749396274
391.1,-59.084487358421214
391.2,-58.9893030806241
391.3,-58.89459353639302
391.40000000000003,-58.80035635798445
391.5,-58.70658918946402
391.6,-58.61328968664762
391.7,-58.520455517042826
391.8,-58.428084359790574
391.90000000000003,-58.33617390560711
392.0,-58.2447218567263
392.1,-58.15372592684216
392.2,-58.06318384105168
392.3,-57.97309333579803
392.40000000000003,-57.883452158813874
392.5,-57.794258069065116
392.6,-57.70550883669487
392.7,-57.6172022429677
392.8,-57.52933608021417
392.90000000000003,-57.44190815177564
393.0,-57.354916271949335
393.1,-57.26835826593373
393.2,-57.18223196977417
393.3,-57.09653523030876
393.40000000000003,-57.011265905114556
393.5,-56.92642186245398
393.6,-56.84200098122155
393.7,-56.75800115089084
393.8,-56.67442027146171
393.90000000000003,-56.59125625340784
394.0,-56.50850701762443
394.1,-56.42617049537627
394.2,-56.34424462824603
394.3,-56.262727368082764
394.40000000000003,-56.18161667695071
394.5,-56.10091052707838
394.6,-56.02060690080781
394.7,-55.94070379054418
394.8,-55.86119919870555
394.90000000000003,-55.78209113767299
395.0,-55.70337762974087
395.1,-55.625056707067365
395.2,-55.54712641162535
395.3,-55.46958479515336
395.40000000000003,-55.39242991910697
395.5,-55.315659854610246
395.6,-55.239272682407574
395.7,-55.16326649281568
395.8,-55.08763938567585
395.90000000000003,-55.01238947030649
396.0,-54.937514865455775
396.1,-54.863013699254694
396.2,-54.78888410917022
396.3,-54.71512424195872
396.40000000000003,-54.641732253619686
396.5,-54.56870630934958
396.6,-54.496044583496
396.7,-54.42374525951201
396.8,-54.35180652991074
396.90000000000003,-54.28022659622021
397.0,-54.20900366893835
397.1,-54.13813596748827
397.2,-54.067621720173726
397.3,-53.99745916413488
397.40000000000003,-53.92764654530418
397.5,-53.85818211836251
397.6,-53.789064146695566
397.7,-53.720290902350484
397.8,-53.65186066599255
397.90000000000003,-53.58377172686232
398.0,-53.516022382732736
398.1,-53.44861093986668
398.2,-53.381535712974575
398.3,-53.31479502517225
398.40000000000003,-53.24838720793903
398.5,-53.18231060107603
398.6,-53.116563552664644
398.7,-53.05114441902522
398.8,-52.98605156467602
398.90000000000003,-52.9212833622923
399.0,-52.85683819266561
399.1,-52.79271444466338
399.2,-52.728910515188545
399.3,-52.66542480913956
399.40000000000003,-52.602255739370456
399.5,-52.5394017266512
399.6,-52.47686119962822
399.7,-52.414632594785054
399.8,-52.35271435640336
399.90000000000003,-52.29110493652394
400.0,-52.2298027949081
400.1,-52.1688063989991
400.2,-52.108114223883874
400.3,-52.04772475225487
400.40000000000003,-51.98763647437216
400.5,-51.927847888025674
400.6,-51.86835749849762
400.7,-51.80916381852518
400.8,-51.75026536826326
400.90000000000003,-51.69166067524754
401.0,-51.633348274357644
401.1,-51.57532670778051
401.2,-51.51759452497395
401.3,-51.460150282630394
401.40000000000003,-51.40299254464078
401.5,-51.3461198820587
401.6,-51.28953087306461
401.7,-51.233224102930336
401.8,-51.17719816398371
401.90000000000003,-51.121451655573324
402.0,-51.06598318403357
402.1,-51.01079136264977
402.2,-50.95587481162352
402.3,-50.90123215803818
402.40000000000003,-50.84686203582456
402.5,-50.792763085726776
402.6,-50.73893395526826
402.7,-50.68537329871794
402.8,-50.63207977705663
402.90000000000003,-50.57905205794349
403.0,-50.526288815682804
403.1,-50.473788731190744
403.2,-50.42155049196248
403.3,-50.3695727920393
403.40000000000003,-50.31785433197601
403.5,-50.26639381880841
403.6,-50.215189966020986
403.7,-50.164241493514744
403.8,-50.11354712757524
403.90000000000003,-50.063105600840665
404.0,-50.01291565227024
404.1,-65.0
404.2,-65.0
404.3,-65.0
404.40000000000003,-65.0
404.5,-65.0
404.6,-65.0
404.7,-65.0
404.8,-65.0
404.90000000000003,-65.0
405.0,-65.0
405.1,-65.0
405.2,-65.0
405.3,-65.0
405.40000000000003,-65.0
405.5,-65.0
405.6,-65.0
405.7,-65.0
405.8,-65.0
405.90000000000003,-65.0
406.0,-65.0
406.1,-64.87531197981706
406.2,-64.75124584372918
406.3,-64.62779849007654
406.40000000000003,-64.50496683266887
406.5,-64.38274780070829
406.6,-64.2611383387127
406.7,-64.14013540643914
406.8,-64.01973597880806
406.90000000000003,-63.89993704582747
407.0,-63.780735612517816
407.1,-63.66212869883705
407.2,-63.54411333960616
407.3,-63.42668658443504
407.40000000000003,-63.309845497648645
407.5,-63.19358715821377
407.6,-63.07790865966584
407.7,-62.96280711003638
407.8,-62.848279631780635
407.90000000000003,-62.7343233617057
408.0,-62.620935450898905
408.1,-62.50811306465656
408.2,-62.39585338241312
408.3,-62.284153597670695
408.40000000000003,-62.17301091792885
408.5,-62.0624225646148
408.6,-61.952385773013944
408.7,-61.84289779220077
408.8,-61.73395588497005
408.90000000000003,-61.62555732776844
409.0,-61.517699410626356
409.1,-61.41037943709025
409.2,-61.30359472415519
409.3,-61.1973426021978
409.40000000000003,-61.09162041490949
409.5,-60.98642551923008
409.6,-60.881755285281706
409.7,-60.77760709630304
409.8,-60.673978348583965
409.90000000000003,-60.57086645140036
410.0,-60.46826882694944
410.1,-60.36618291028526
410.2,-60.26460614925457
410.3,-60.16353600443307
410.40000000000003,-60.06296994906186
410.5,-59.96290546898432
410.6,-59.86334006258324
410.7,-59.76427124071828
410.8,-59.66569652666372
410.90000000000003,-59.567613456046594
411.0,-59.470019576785006
411.1,-59.372912449026906
411.2,-59.27628964508904
411.3,-59.180148749396274
411.40000000000003,-59.084487358421214
411.5,-58.9893030806241
411.6,-58.89459353639302
411.7,-58.80035635798445
411.8,-58.70658918946402
411.90000000000003,-58.61328968664762
412.0,-58.520455517042826
412.1,-58.428084359790574
412.2,-58.33617390560711
412.3,-58.2447218567263
412.40000000000003,-58.15372592684216
412.5,-58.06318384105168
412.6,-57.97309333579803
412.7,-57.883452158813874
412.8,-57.794258069065116
412.90000000000003,-57.70550883669487
413.0,-57.6172022429677
413.1,-57.52933608021417
413.2,-57.44190815177564
413.3,-57.354916271949335
413.40000000000003,-57.26835826593373
413.5,-57.18223196977417
413.6,-57.09653523030876
413.7,-57.011265905114556
413.8,-56.92642186245398
413.90000000000003,-56.84200098122155
414.0,-56.75800115089084
414.1,-56.67442027146171
414.2,-56.59125625340784
414.3,-56.50850701762443
414.40000000000003,-56.42617049537627
414.5,-56.34424462824603
414.6,-56.262727368082764
414.7,-56.18161667695071
414.8,-56.10091052707838
414.90000000000003,-56.02060690080781
415.0,-55.94070379054418
415.1,-55.86119919870555
415.2,-55.78209113767299
415.3,-55.70337762974087
415.40000000000003,-55.625056707067365
415.5,-55.54712641162535
415.6,-55.46958479515336
415.7,-55.39242991910697
415.8,-55.315659854610246
415.90000000000003,-55.239272682407574
416.0,-55.16326649281568
416.1,-55.08763938567585
416.2,-55.01238947030649
416.3,-54.937514865455775
416.4,-54.863013699254694
416.5,-54.78888410917022
416.6,-54.71512424195872
416.7,-54.641732253619686
416.8,-54.56870630934958
416.9,-54.496044583496
417.00000000000006,-54.42374525951201
417.1,-54.35180652991074
417.2,-54.28022659622021
417.3,-54.20900366893835
417.4,-54.13813596748827
417.50000000000006,-54.067621720173726
417.6,-53.99745916413488
417.7,-53.92764654530418
417.8,-53.85818211836251
417.9,-53.789064146695566
418.00000000000006,-53.720290902350484
418.1,-53.65186066599255
418.2,-53.58377172686232
418.3,-53.516022382732736
418.4,-53.44861093986668
418.50000000000006,-53.381535712974575
418.6,-53.31479502517225
418.7,-53.24838720793903
418.8,-53.18231060107603
418.9,-53.116563552664644
419.00000000000006,-53.05114441902522
419.1,-52.98605156467602
419.2,-52.9212833622923
419.3,-52.85683819266561
419.4,-52.79271444466338
419.50000000000006,-52.728910515188545
419.6,-52.66542480913956
419.7,-52.602255739370456
419.8,-52.5394017266512
419.9,-52.47686119962822
420.00000000000006,-52.414632594785054
420.1,-52.35271435640336
420.2,-52.29110493652394
420.3,-52.2298027949081
420.4,-52.1688063989991
420.50000000000006,-52.108114223883874
420.6,-52.04772475225487
420.7,-51.98763647437216
420.8,-51.927847888025674
420.9,-51.86835749849762
421.00000000000006,-51.80916381852518
421.1,-51.75026536826326
421.2,-51.69166067524754
421.3,-51.633348274357644
421.4,-51.57532670778051
421.50000000000006,-51.51759452497395
421.6,-51.460150282630394
421.7,-51.40299254464078
421.8,-51.3461198820587
421.9,-51.28953087306461
422.00000000000006,-51.233224102930336
422.1,-51.17719816398371
422.2,-51.121451655573324
422.3,-51.06598318403357
422.4,-51.01079136264977
422.50000000000006,-50.95587481162352
422.6,-50.90123215803818
422.7,-50.84686203582456
422.8,-50.792763085726776
422.9,-50.73893395526826
423.00000000000006,-50.68537329871794
423.1,-50.63207977705663
423.2,-50.57905205794349
423.3,-50.526288815682804
423.4,-50.473788731190744
423.50000000000006,-50.42155049196248
423.6,-50.3695727920393
423.7,-50.31785433197601
423.8,-50.26639381880841
423.9,-50.215189966020986
424.00000000000006,-50.164241493514744
424.1,-50.11354712757524
424.2,-50.063105600840665
424.3,-50.01291565227024
424.4,-65.0
424.50000000000006,-65.0
424.6,-65.0
424.7,-65.0
424.8,-65.0
424.9,-65.0
425.00000000000006,-65.0
425.1,-65.0
425.2,-65.0
425.3,-65.0
425.4,-65.0
425.50000000000006,-65.0
425.6,-65.0
425.7,-65.0
425.8,-65.0
425.9,-65.0
426.00000000000006,-65.0
426.1,-65.0
426.2,-65.0
426.3,-65.0
426.4,-64.87531197981706
426.50000000000006,-64.75124584372918
426.6,-64.62779849007654
426.7,-64.50496683266887
426.8,-64.38274780070829
426.9,-64.2611383387127
427.00000000000006,-64.14013540643914
427.1,-64.01973597880806
427.2,-63.89993704582747
427.3,-63.780735612517816
427.4,-63.66212869883705
427.50000000000006,-63.54411333960616
427.6,-63.42668658443504
427.7,-63.309845497648645
427.8,-63.19358715821377
427.9,-63.07790865966584
428.00000000000006,-62.96280711003638
428.1,-62.848279631780635
428.2,-62.7343233617057
428.3,-62.620935450898905
428.4,-62.50811306465656
428.50000000000006,-62.39585338241312
428.6,-62.284153597670695
428.7,-62.17301091792885
428.8,-62.0624225646148
428.9,-61.952385773013944
429.00000000000006,-61.84289779220077
429.1,-61.73395588497005
429.2,-61.62555732776844
429.3,-61.517699410626356
429.4,-61.41037943709025
429.5,-61.30359472415519
429.6,-61.1973426021978
429.70000000000005,-61.09162041490949
429.8,-60.98642551923008
429.9,-60.881755285281706
430.0,-60.77760709630304
430.1,-60.673978348583965
430.20000000000005,-60.57086645140036
430.3,-60.46826882694944
430.4,-60.36618291028526
430.5,-60.26460614925457
430.6,-60.16353600443307
430.70000000000005,-60.06296994906186
430.8,-59.96290546898432
430.9,-59.86334006258324
431.0,-59.76427124071828
431.1,-59.66569652666372
431.20000000000005,-59.567613456046594
431.3,-59.470019576785006
431.4,-59.372912449026906
431.5,-59.27628964508904
431.6,-59.180148749396274
431.70000000000005,-59.084487358421214
431.8,-58.9893030806241
431.9,-58.89459353639302
432.0,-58.80035635798445
432.1,-58.70658918946402
432.20000000000005,-58.61328968664762
432.3,-58.520455517042826
432.4,-58.428084359790574
432.5,-58.33617390560711
432.6,-58.2447218567263
432.70000000000005,-58.15372592684216
432.8,-58.06318384105168
432.9,-57.97309333579803
433.0,-57.883452158813874
433.1,-57.794258069065116
433.20000000000005,-57.70550883669487
433.3,-57.6172022429677
433.4,-57.52933608021417
433.5,-57.44190815177564
433.6,-57.354916271949335
433.70000000000005,-57.26835826593373
433.8,-57.18223196977417
433.9,-57.09653523030876
434.0,-57.011265905114556
434.1,-56.92642186245398
434.20000000000005,-56.84200098122155
434.3,-56.75800115089084
434.4,-56.67442027146171
434.5,-56.59125625340784
434.6,-56.50850701762443
434.70000000000005,-56.42617049537627
434.8,-56.34424462824603
434.9,-56.262727368082764
435.0,-56.18161667695071
435.1,-56.10091052707838
435.20000000000005,-56.02060690080781
435.3,-55.94070379054418
435.4,-55.86119919870555
435.5,-55.78209113767299
435.6,-55.70337762974087
435.70000000000005,-55.625056707067365
435.8,-55.54712641162535
435.9,-55.46958479515336
436.0,-55.39242991910697
436.1,-55.315659854610246
436.20000000000005,-55.239272682407574
436.3,-55.16326649281568
436.4,-55.08763938567585
436.5,-55.01238947030649
436.6,-54.937514865455775
436.70000000000005,-54.863013699254694
436.8,-54.78888410917022
436.9,-54.71512424195872
437.0,-54.641732253619686
437.1,-54.56870630934958
437.20000000000005,-54.496044583496
437.3,-54.42374525951201
437.4,-54.35180652991074
437.5,-54.28022659622021
437.6,-54.20900366893835
437.70000000000005,-54.13813596748827
437.8,-54.067621720173726
437.9,-53.99745916413488
438.0,-53.92764654530418
438.1,-53.85818211836251
438.20000000000005,-53.789064146695566
438.3,-53.720290902350484
438.4,-53.65186066599255
438.5,-53.58377172686232
438.6,-53.516022382732736
438.70000000000005,-53.44861093986668
438.8,-53.381535712974575
438.9,-53.31479502517225
439.0,-53.24838720793903
439.1,-53.18231060107603
439.20000000000005,-53.116563552664644
439.3,-53.05114441902522
439.4,-52.98605156467602
439.5,-52.9212833622923
439.6,-52.85683819266561
439.70000000000005,-52.79271444466338
439.8,-52.728910515188545
439.9,-52.66542480913956
440.0,-52.602255739370456
440.1,-52.5394017266512
440.20000000000005,-52.47686119962822
440.3,-52.414632594785054
440.4,-52.35271435640336
440.5,-52.29110493652394
440.6,-52.2298027949081
440.70000000000005,-52.1688063989991
440.8,-52.108114223883874
440.9,-52.04772475225487
441.0,-51.98763647437216
441.1,-51.927847888025674
441.20000000000005,-51.86835749849762
441.3,-51.80916381852518
441.4,-51.75026536826326
441.5,-51.69166067524754
441.6,-51.633348274357644
441.70000000000005,-51.57532670778051
441.8,-51.51759452497395
441.90000000000003,-51.460150282630394
442.0,-51.40299254464078
442.1,-51.3461198820587
442.20000000000005,-51.28953087306461
442.3,-51.233224102930336
442.40000000000003,-51.17719816398371
442.5,-51.121451655573324
442.6,-51.06598318403357
442.70000000000005,-51.01079136264977
442.8,-50.95587481162352
442.90000000000003,-50.90123215803818
443.0,-50.84686203582456
443.09999999999997,-50.792763085726776
443.20000000000005,-50.73893395526826
443.3,-50.68537329871794
443.40000000000003,-50.63207977705663
443.5,-50.57905205794349
443.59999999999997,-50.526288815682804
443.70000000000005,-50.473788731190744
443.8,-50.42155049196248
443.90000000000003,-50.3695727920393
444.0,-50.31785433197601
444.09999999999997,-50.26639381880841
444.20000000000005,-50.215189966020986
444.3,-50.164241493514744
444.40000000000003,-50.11354712757524
444.5,-50.063105600840665
444.59999999999997,-50.01291565227024
444.70000000000005,-65.0
444.8,-65.0
444.90000000000003,-65.0
445.0,-65.0
445.09999999999997,-65.0
445.20000000000005,-65.0
445.3,-65.0
445.40000000000003,-65.0
445.5,-65.0
445.59999999999997,-65.0
445.70000000000005,-65.0
445.8,-65.0
445.90000000000003,-65.0
446.0,-65.0
446.09999999999997,-65.0
446.20000000000005,-65.0
446.3,-65.0
446.40000000000003,-65.0
446.5,-65.0
446.59999999999997,-65.0
446.70000000000005,-64.87531197981706
446.8,-64.75124584372918
446.90000000000003,-64.62779849007654
447.0,-64.50496683266887
447.09999999999997,-64.38274780070829
447.20000000000005,-64.2611383387127
447.3,-64.14013540643914
447.40000000000003,-64.01973597880806
447.5,-63.89993704582747
447.59999999999997,-63.780735612517816
447.70000000000005,-63.66212869883705
447.8,-63.54411333960616
447.90000000000003,-63.42668658443504
448.0,-63.309845497648645
448.09999999999997,-63.19358715821377
448.20000000000005,-63.07790865966584
448.3,-62.96280711003638
448.40000000000003,-62.848279631780635
448.5,-62.7343233617057
448.59999999999997,-62.620935450898905
448.70000000000005,-62.50811306465656
448.8,-62.39585338241312
448.90000000000003,-62.284153597670695
449.0,-62.17301091792885
449.09999999999997,-62.0624225646148
449.20000000000005,-61.952385773013944
449.3,-61.84289779220077
449.40000000000003,-61.73395588497005
449.5,-61.62555732776844
449.59999999999997,-61.517699410626356
449.70000000000005,-61.41037943709025
449.8,-61.30359472415519
449.90000000000003,-61.1973426021978
450.0,-61.09162041490949
450.09999999999997,-60.98642551923008
450.20000000000005,-60.881755285281706
450.3,-60.77760709630304
450.40000000000003,-60.673978348583965
450.5,-60.57086645140036
450.59999999999997,-60.46826882694944
450.70000000000005,-60.36618291028526
450.8,-60.26460614925457
450.90000000000003,-60.16353600443307
451.0,-60.06296994906186
451.09999999999997,-59.96290546898432
451.20000000000005,-59.86334006258324
451.3,-59.76427124071828
451.40000000000003,-59.66569652666372
451.5,-59.567613456046594
451.59999999999997,-59.470019576785006
451.70000000000005,-59.372912449026906
451.8,-59.27628964508904
451.90000000000003,-59.180148749396274
452.0,-59.084487358421214
452.09999999999997,-58.9893030806241
452.20000000000005,-58.89459353639302
452.3,-58.80035635798445
452.40000000000003,-58.70658918946402
452.5,-58.61328968664762
452.59999999999997,-58.520455517042826
452.70000000000005,-58.428084359790574
452.8,-58.33617390560711
452.90000000000003,-58.2447218567263
453.0,-58.15372592684216
453.09999999999997,-58.06318384105168
453.20000000000005,-57.97309333579803
453.3,-57.883452158813874
453.40000000000003,-57.794258069065116
453.5,-57.70550883669487
453.59999999999997,-57.6172022429677
453.70000000000005,-57.52933608021417
453.8,-57.44190815177564
453.90000000000003,-57.354916271949335
454.0,-57.26835826593373
454.09999999999997,-57.18223196977417
454.20000000000005,-57.09653523030876
454.3,-57.011265905114556
454.40000000000003,-56.92642186245398
454.5,-56.84200098122155
454.6,-56.75800115089084
454.70000000000005,-56.67442027146171
454.8,-56.59125625340784
454.90000000000003,-56.50850701762443
455.0,-56.42617049537627
455.1,-56.34424462824603
455.20000000000005,-56.262727368082764
455.3,-56.18161667695071
455.40000000000003,-56.10091052707838
455.5,-56.02060690080781
455.6,-55.94070379054418
455.70000000000005,-55.86119919870555
455.8,-55.78209113767299
455.90000000000003,-55.70337762974087
456.0,-55.625056707067365
456.1,-55.54712641162535
456.2,-55.46958479515336
456.3,-55.39242991910697
456.40000000000003,-55.315659854610246
456.5,-55.239272682407574
456.6,-55.16326649281568
456.7,-55.08763938567585
456.8,-55.01238947030649
456.90000000000003,-54.937514865455775
457.0,-54.863013699254694
457.1,-54.78888410917022
457.2,-54.71512424195872
457.3,-54.641732253619686
457.40000000000003,-54.56870630934958
457.5,-54.496044583496
457.6,-54.42374525951201
457.7,-54.35180652991074
457.8,-54.28022659622021
457.90000000000003,-54.20900366893835
458.0,-54.13813596748827
458.1,-54.067621720173726
458.2,-53.99745916413488
458.3,-53.92764654530418
458.40000000000003,-53.85818211836251
458.5,-53.789064146695566
458.6,-53.720290902350484
458.7,-53.65186066599255
458.8,-53.58377172686232
458.90000000000003,-53.516022382732736
459.0,-53.44861093986668
459.1,-53.381535712974575
459.2,-53.31479502517225
459.3,-53.24838720793903
459.40000000000003,-53.18231060107603
459.5,-53.116563552664644
459.6,-53.05114441902522
459.7,-52.98605156467602
459.8,-52.9212833622923
459.90000000000003,-52.85683819266561
460.0,-52.79271444466338
460.1,-52.728910515188545
460.2,-52.66542480913956
460.3,-52.602255739370456
460.40000000000003,-52.5394017266512
460.5,-52.47686119962822
460.6,-52.414632594785054
460.7,-52.35271435640336
460.8,-52.29110493652394
460.90000000000003,-52.2298027949081
461.0,-52.1688063989991
461.1,-52.108114223883874
461.2,-52.04772475225487
461.3,-51.98763647437216
461.40000000000003,-51.927847888025674
461.5,-51.86835749849762
461.6,-51.80916381852518
461.7,-51.75026536826326
461.8,-51.69166067524754
461.90000000000003,-51.633348274357644
462.0,-51.57532670778051
462.1,-51.51759452497395
462.2,-51.460150282630394
462.3,-51.40299254464078
462.40000000000003,-51.3461198820587
462.5,-51.28953087306461
462.6,-51.233224102930336
462.7,-51.17719816398371
462.8,-51.121451655573324
462.90000000000003,-51.06598318403357
463.0,-51.01079136264977
463.1,-50.95587481162352
463.2,-50.90123215803818
463.3,-50.84686203582456
463.40000000000003,-50.792763085726776
463.5,-50.73893395526826
463.6,-50.68537329871794
463.7,-50.63207977705663
463.8,-50.57905205794349
463.90000000000003,-50.526288815682804
464.0,-50.473788731190744
464.1,-50.42155049196248
464.2,-50.3695727920393
464.3,-50.31785433197601
464.40000000000003,-50.26639381880841
464.5,-50.215189966020986
464.6,-50.164241493514744
464.7,-50.11354712757524
464.8,-50.063105600840665
464.90000000000003,-50.01291565227024
465.0,-65.0
465.1,-65.0
465.2,-65.0
465.3,-65.0
465.40000000000003,-65.0
465.5,-65.0
465.6,-65.0
465.7,-65.0
465.8,-65.0
465.90000000000003,-65.0
466.0,-65.0
466.1,-65.0
466.2,-65.0
466.3,-65.0
466.40000000000003,-65.0
466.5,-65.0
466.6,-65.0
466.7,-65.0
466.8,-65.0
466.90000000000003,-65.0
467.0,-64.87531197981706
467.1,-64.75124584372918
467.2,-64.62779849007654
467.3,-64.50496683266887
467.40000000000003,-64.38274780070829
467.5,-64.2611383387127
467.6,-64.14013540643914
467.7,-64.01973597880806
467.8,-63.89993704582747
467.90000000000003,-63.780735612517816
468.0,-63.66212869883705
468.1,-63.54411333960616
468.2,-63.42668658443504
468.30000000000007,-63.309845497648645
468.40000000000003,-63.19358715821377
468.5,-63.07790865966584
468.6,-62.96280711003638
468.7,-62.848279631780635
468.80000000000007,-62.7343233617057
468.90000000000003,-62.620935450898905
469.0,-62.50811306465656
469.1,-62.39585338241312
469.2,-62.284153597670695
469.3,-62.17301091792885
469.40000000000003,-62.0624225646148
469.5,-61.952385773013944
469.6,-61.84289779220077
469.7,-61.73395588497005
469.8,-61.62555732776844
469.90000000000003,-61.517699410626356
470.0,-61.41037943709025
470.1,-61.30359472415519
470.2,-61.1973426021978
470.3,-61.09162041490949
470.40000000000003,-60.98642551923008
470.5,-60.881755285281706
470.6,-60.77760709630304
470.7,-60.673978348583965
470.8,-60.57086645140036
470.90000000000003,-60.46826882694944
471.0,-60.36618291028526
471.1,-60.26460614925457
471.2,-60.16353600443307
471.3,-60.06296994906186
471.40000000000003,-59.96290546898432
471.5,-59.86334006258324
471.6,-59.76427124071828
471.7,-59.66569652666372
471.8,-59.567613456046594
471.90000000000003,-59.470019576785006
472.0,-59.372912449026906
472.1,-59.27628964508904
472.2,-59.180148749396274
472.3,-59.084487358421214
472.40000000000003,-58.9893030806241
472.5,-58.89459353639302
472.6,-58.80035635798445
472.7,-58.70658918946402
472.8,-58.61328968664762
472.90000000000003,-58.520455517042826
473.0,-58.428084359790574
473.1,-58.33617390560711
473.2,-58.2447218567263
473.3,-58.15372592684216
473.40000000000003,-58.06318384105168
473.5,-57.97309333579803
473.6,-57.883452158813874
473.7,-57.794258069065116
473.8,-57.70550883669487
473.90000000000003,-57.6172022429677
474.0,-57.52933608021417
474.1,-57.44190815177564
474.2,-57.354916271949335
474.3,-57.26835826593373
474.40000000000003,-57.18223196977417
474.5,-57.09653523030876
474.6,-57.011265905114556
474.7,-56.92642186245398
474.8,-56.84200098122155
474.90000000000003,-56.75800115089084
475.0,-56.67442027146171
475.1,-56.59125625340784
475.2,-56.50850701762443
475.3,-56.42617049537627
475.40000000000003,-56.34424462824603
475.5,-56.262727368082764
475.6,-56.18161667695071
475.7,-56.10091052707838
475.8,-56.02060690080781
475.90000000000003,-55.94070379054418
476.0,-55.86119919870555
476.1,-55.78209113767299
476.2,-55.70337762974087
476.3,-55.625056707067365
476.40000000000003,-55.54712641162535
476.5,-55.46958479515336
476.6,-55.39242991910697
476.7,-55.315659854610246
476.8,-55.239272682407574
476.90000000000003,-55.16326649281568
477.0,-55.08763938567585
477.1,-55.01238947030649
477.2,-54.937514865455775
477.3,-54.863013699254694
477.40000000000003,-54.78888410917022
477.5,-54.71512424195872
477.6,-54.641732253619686
477.7,-54.56870630934958
477.8,-54.496044583496
477.90000000000003,-54.42374525951201
478.0,-54.35180652991074
478.1,-54.28022659622021
478.2,-54.20900366893835
478.3,-54.13813596748827
478.40000000000003,-54.067621720173726
478.5,-53.99745916413488
478.6,-53.92764654530418
478.7,-53.85818211836251
478.8,-53.789064146695566
478.90000000000003,-53.720290902350484
479.0,-53.65186066599255
479.1,-53.58377172686232
479.2,-53.516022382732736
479.3,-53.44861093986668
479.40000000000003,-53.381535712974575
479.5,-53.31479502517225
479.6,-53.24838720793903
479.7,-53.18231060107603
479.8,-53.116563552664644
479.90000000000003,-53.05114441902522
480.0,-52.98605156467602
480.1,-52.9212833622923
480.2,-52.85683819266561
480.3,-52.79271444466338
480.40000000000003,-52.728910515188545
480.5,-52.66542480913956
480.6,-52.602255739370456
480.7,-52.5394017266512
480.8,-52.47686119962822
480.90000000000003,-52.414632594785054
481.00000000000006,-52.35271435640336
481.1,-52.29110493652394
481.2,-52.2298027949081
481.3,-52.1688063989991
481.40000000000003,-52.108114223883874
481.50000000000006,-52.04772475225487
481.6,-51.98763647437216
481.7,-51.927847888025674
481.8,-51.86835749849762
481.90000000000003,-51.80916381852518
482.00000000000006,-51.75026536826326
482.1,-51.69166067524754
482.2,-51.633348274357644
482.3,-51.57532670778051
482.4,-51.51759452497395
482.50000000000006,-51.460150282630394
482.6,-51.40299254464078
482.7,-51.3461198820587
482.8,-51.28953087306461
482.9,-51.233224102930336
483.00000000000006,-51.17719816398371
483.1,-51.121451655573324
483.2,-51.06598318403357
483.3,-51.01079136264977
483.4,-50.95587481162352
483.50000000000006,-50.90123215803818
483.6,-50.84686203582456
483.7,-50.792763085726776
483.8,-50.73893395526826
483.9,-50.68537329871794
484.00000000000006,-50.63207977705663
484.1,-50.57905205794349
484.2,-50.526288815682804
484.3,-50.473788731190744
484.4,-50.42155049196248
484.50000000000006,-50.3695727920393
484.6,-50.31785433197601
484.7,-50.26639381880841
484.8,-50.215189966020986
484.9,-50.164241493514744
485.00000000000006,-50.11354712757524
485.1,-50.063105600840665
485.2,-50.01291565227024
485.3,-65.0
485.4,-65.0
485.50000000000006,-65.0
485.6,-65.0
485.7,-65.0
485.8,-65.0
485.9,-65.0
486.00000000000006,-65.0
486.1,-65.0
486.2,-65.0
486.3,-65.0
486.4,-65.0
486.50000000000006,-65.0
486.6,-65.0
486.7,-65.0
486.8,-65.0
486.9,-65.0
487.00000000000006,-65.0
487.1,-65.0
487.2,-65.0
487.3,-64.87531197981706
487.4,-64.75124584372918
487.50000000000006,-64.62779849007654
487.6,-64.50496683266887
487.7,-64.38274780070829
487.8,-64.2611383387127
487.9,-64.14013540643914
488.00000000000006,-64.01973597880806
488.1,-63.89993704582747
488.2,-63.780735612517816
488.3,-63.66212869883705
488.4,-63.54411333960616
488.50000000000006,-63.42668658443504
488.6,-63.309845497648645
488.7,-63.19358715821377
488.8,-63.07790865966584
488.9,-62.96280711003638
489.00000000000006,-62.848279631780635
489.1,-62.7343233617057
489.2,-62.620935450898905
489.3,-62.50811306465656
489.4,-62.39585338241312
489.50000000000006,-62.284153597670695
489.6,-62.17301091792885
489.7,-62.0624225646148
489.8,-61.952385773013944
489.9,-61.84289779220077
490.00000000000006,-61.73395588497005
490.1,-61.62555732776844
490.2,-61.517699410626356
490.3,-61.41037943709025
490.4,-61.30359472415519
490.50000000000006,-61.1973426021978
490.6,-61.09162041490949
490.7,-60.98642551923008
490.8,-60.881755285281706
490.9,-60.77760709630304
491.00000000000006,-60.673978348583965
491.1,-60.57086645140036
491.2,-60.46826882694944
491.3,-60.36618291028526
491.4,-60.26460614925457
491.50000000000006,-60.16353600443307
491.6,-60.06296994906186
491.7,-59.96290546898432
491.8,-59.86334006258324
491.9,-59.76427124071828
492.00000000000006,-59.66569652666372
492.1,-59.567613456046594
492.2,-59.470019576785006
492.3,-59.372912449026906
492.4,-59.27628964508904
492.50000000000006,-59.180148749396274
492.6,-59.084487358421214
492.7,-58.9893030806241
492.8,-58.89459353639302
492.9,-58.80035635798445
493.00000000000006,-58.70658918946402
493.1,-58.61328968664762
493.2,-58.520455517042826
493.3,-58.428084359790574
493.4,-58.33617390560711
493.50000000000006,-58.2447218567263
493.6,-58.15372592684216
493.70000000000005,-58.06318384105168
493.8,-57.97309333579803
493.9,-57.883452158813874
494.00000000000006,-57.794258069065116
494.1,-57.70550883669487
494.20000000000005,-57.6172022429677
494.3,-57.52933608021417
494.4,-57.44190815177564
494.50000000000006,-57.354916271949335
494.6,-57.26835826593373
494.70000000000005,-57.18223196977417
494.8,-57.09653523030876
494.9,-57.011265905114556
495.00000000000006,-56.92642186245398
495.1,-56.84200098122155
495.20000000000005,-56.75800115089084
495.3,-56.67442027146171
495.4,-56.59125625340784
495.5,-56.50850701762443
495.6,-56.42617049537627
495.70000000000005,-56.34424462824603
495.8,-56.262727368082764
495.9,-56.18161667695071
496.0,-56.10091052707838
496.1,-56.02060690080781
496.20000000000005,-55.94070379054418
496.3,-55.86119919870555
496.4,-55.78209113767299
496.5,-55.70337762974087
496.6,-55.625056707067365
496.70000000000005,-55.54712641162535
496.8,-55.46958479515336
496.9,-55.39242991910697
497.0,-55.315659854610246
497.1,-55.239272682407574
497.20000000000005,-55.16326649281568
497.3,-55.08763938567585
497.4,-55.01238947030649
497.5,-54.937514865455775
497.6,-54.863013699254694
497.70000000000005,-54.78888410917022
497.8,-54.71512424195872
497.9,-54.641732253619686
498.0,-54.56870630934958
498.1,-54.496044583496
498.20000000000005,-54.42374525951201
498.3,-54.35180652991074
498.4,-54.28022659622021
498.5,-54.20900366893835
498.6,-54.13813596748827
498.70000000000005,-54.067621720173726
498.8,-53.99745916413488
498.9,-53.92764654530418
499.0,-53.85818211836251
499.1,-53.789064146695566
499.20000000000005,-53.720290902350484
499.3,-53.65186066599255
499.4,-53.58377172686232
499.5,-53.516022382732736
499.6,-53.44861093986668
499.70000000000005,-53.381535712974575
499.8,-53.31479502517225
499.9,-53.24838720793903
500.0,-53.18231060107603
500.09999999999997,-53.116563552664644
500.2,-53.05114441902522
500.30000000000007,-52.98605156467602
500.40000000000003,-52.9212833622923
500.50000000000006,-52.85683819266561
500.6,-52.79271444466338
500.70000000000005,-52.728910515188545
500.8,-52.66542480913956
500.9,-52.602255739370456
501.0,-52.5394017266512
501.09999999999997,-52.47686119962822
501.2,-52.414632594785054
501.30000000000007,-52.35271435640336
501.40000000000003,-52.29110493652394
501.50000000000006,-52.2298027949081
501.6,-52.1688063989991
501.70000000000005,-52.108114223883874
501.8,-52.04772475225487
501.9,-51.98763647437216
502.0,-51.927847888025674
502.09999999999997,-51.86835749849762
502.2,-51.80916381852518
502.29999999999995,-51.75026536826326
502.40000000000003,-51.69166067524754
502.50000000000006,-51.633348274357644
502.6,-51.57532670778051
502.70000000000005,-51.51759452497395
502.8,-51.460150282630394
502.9,-51.40299254464078
503.0,-51.3461198820587
503.09999999999997,-51.28953087306461
503.2,-51.233224102930336
503.29999999999995,-51.17719816398371
503.40000000000003,-51.121451655573324
503.50000000000006,-51.06598318403357
503.6,-51.01079136264977
503.70000000000005,-50.95587481162352
503.8,-50.90123215803818
503.9,-50.84686203582456
504.0,-50.792763085726776
504.09999999999997,-50.73893395526826
504.2,-50.68537329871794
504.29999999999995,-50.63207977705663
504.40000000000003,-50.57905205794349
504.50000000000006,-50.526288815682804
504.6,-50.473788731190744
504.70000000000005,-50.42155049196248
504.8,-50.3695727920393
504.9,-50.31785433197601
505.0,-50.26639381880841
505.09999999999997,-50.215189966020986
505.2,-50.164241493514744
505.29999999999995,-50.11354712757524
505.40000000000003,-50.063105600840665
505.50000000000006,-50.01291565227024
505.6,-65.0
505.70000000000005,-65.0
505.8,-65.0
505.90000000000003,-65.0
506.0,-65.0
506.09999999999997,-65.0
506.2,-65.0
506.29999999999995,-65.0
506.40000000000003,-65.0
506.50000000000006,-65.0
506.6,-65.0
506.70000000000005,-65.0
506.8,-65.0
506.90000000000003,-65.0
507.0,-65.0
507.09999999999997,-65.0
507.2,-65.0
507.29999999999995,-65.0
507.4000000000001,-65.0
507.50000000000006,-65.0
507.6,-64.87531197981706
507.70000000000005,-64.75124584372918
507.8,-64.62779849007654
507.90000000000003,-64.50496683266887
508.0,-64.38274780070829
508.09999999999997,-64.2611383387127
508.2,-64.14013540643914
508.29999999999995,-64.01973597880806
508.4000000000001,-63.89993704582747
508.50000000000006,-63.780735612517816
508.6,-63.66212869883705
508.70000000000005,-63.54411333960616
508.8,-63.42668658443504
508.90000000000003,-63.309845497648645
509.0,-63.19358715821377
509.09999999999997,-63.07790865966584
509.2,-62.96280711003638
509.29999999999995,-62.848279631780635
509.4000000000001,-62.7343233617057
509.50000000000006,-62.620935450898905
509.6,-62.50811306465656
509.70000000000005,-62.39585338241312
509.8,-62.284153597670695
509.90000000000003,-62.17301091792885
510.0,-62.0624225646148
510.09999999999997,-61.952385773013944
510.2,-61.84289779220077
510.29999999999995,-61.73395588497005
510.4000000000001,-61.62555732776844
510.50000000000006,-61.517699410626356
510.6,-61.41037943709025
510.70000000000005,-61.30359472415519
510.8,-61.1973426021978
510.90000000000003,-61.09162041490949
511.0,-60.98642551923008
511.09999999999997,-60.881755285281706
511.2,-60.77760709630304
511.29999999999995,-60.673978348583965
511.4000000000001,-60.57086645140036
511.50000000000006,-60.46826882694944
511.6,-60.36618291028526
511.70000000000005,-60.26460614925457
511.8,-60.16353600443307
511.90000000000003,-60.06296994906186
512.0,-59.96290546898432
512.1,-59.86334006258324
512.1999999999999,-59.76427124071828
512.3,-59.66569652666372
512.4000000000001,-59.567613456046594
512.5,-59.470019576785006
512.6,-59.372912449026906
512.7,-59.27628964508904
512.8000000000001,-59.180148749396274
512.9,-59.084487358421214
513.0,-58.9893030806241
513.1,-58.89459353639302
513.1999999999999,-58.80035635798445
513.3,-58.70658918946402
513.4000000000001,-58.61328968664762
513.5,-58.520455517042826
513.6,-58.428084359790574
513.7,-58.33617390560711
513.8000000000001,-58.2447218567263
513.9,-58.15372592684216
514.0,-58.06318384105168
514.1,-57.97309333579803
514.1999999999999,-57.883452158813874
514.3,-57.794258069065116
514.4000000000001,-57.70550883669487
514.5000000000001,-57.6172022429677
514.6,-57.52933608021417
514.7,-57.44190815177564
514.8000000000001,-57.354916271949335
514.9,-57.26835826593373
515.0,-57.18223196977417
515.1,-57.09653523030876
515.1999999999999,-57.011265905114556
515.3,-56.92642186245398
515.4,-56.84200098122155
515.5000000000001,-56.75800115089084
515.6,-56.67442027146171
515.7,-56.59125625340784
515.8000000000001,-56.50850701762443
515.9,-56.42617049537627
516.0,-56.34424462824603
516.1,-56.262727368082764
516.1999999999999,-56.18161667695071
516.3,-56.10091052707838
516.4,-56.02060690080781
516.5000000000001,-55.94070379054418
516.6,-55.86119919870555
516.7,-55.78209113767299
516.8000000000001,-55.70337762974087
516.9,-55.625056707067365
517.0,-55.54712641162535
517.1,-55.46958479515336
517.1999999999999,-55.39242991910697
517.3,-55.315659854610246
517.4,-55.239272682407574
517.5000000000001,-55.16326649281568
517.6,-55.08763938567585
517.7,-55.01238947030649
517.8000000000001,-54.937514865455775
517.9,-54.863013699254694
518.0,-54.78888410917022
518.1,-54.71512424195872
518.1999999999999,-54.641732253619686
518.3,-54.56870630934958
518.4,-54.496044583496
518.5000000000001,-54.42374525951201
518.6,-54.35180652991074
518.7,-54.28022659622021
518.8000000000001,-54.20900366893835
518.9,-54.13813596748827
519.0,-54.067621720173726
519.1,-53.99745916413488
519.1999999999999,-53.92764654530418
519.3,-53.85818211836251
519.4,-53.789064146695566
519.5000000000001,-53.720290902350484
519.6,-53.65186066599255
519.7,-53.58377172686232
519.8000000000001,-53.516022382732736
519.9,-53.44861093986668
520.0,-53.381535712974575
520.1,-53.31479502517225
520.1999999999999,-53.24838720793903
520.3,-53.18231060107603
520.4,-53.116563552664644
520.5000000000001,-53.05114441902522
520.6,-52.98605156467602
520.7,-52.9212833622923
520.8000000000001,-52.85683819266561
520.9,-52.79271444466338
521.0,-52.728910515188545
521.1,-52.66542480913956
521.1999999999999,-52.602255739370456
521.3,-52.5394017266512
521.4,-52.47686119962822
521.5000000000001,-52.414632594785054
521.6,-52.35271435640336
521.7,-52.29110493652394
521.8000000000001,-52.2298027949081
521.9,-52.1688063989991
522.0,-52.108114223883874
522.1,-52.04772475225487
522.1999999999999,-51.98763647437216
522.3,-51.927847888025674
522.4,-51.86835749849762
522.5000000000001,-51.80916381852518
522.6,-51.75026536826326
522.7,-51.69166067524754
522.8000000000001,-51.633348274357644
522.9,-51.57532670778051
523.0,-51.51759452497395
523.1,-51.460150282630394
523.1999999999999,-51.40299254464078
523.3,-51.3461198820587
523.4,-51.28953087306461
523.5000000000001,-51.233224102930336
523.6,-51.17719816398371
523.7,-51.121451655573324
523.8000000000001,-51.06598318403357
523.9,-51.01079136264977
524.0,-50.95587481162352
524.1,-50.90123215803818
524.1999999999999,-50.84686203582456
524.3,-50.792763085726776
524.4,-50.73893395526826
524.5000000000001,-50.68537329871794
524.6,-50.63207977705663
524.7,-50.57905205794349
524.8000000000001,-50.526288815682804
524.9,-50.473788731190744
525.0,-50.42155049196248
525.1,-50.3695727920393
525.2,-50.31785433197601
525.3,-50.26639381880841
525.4,-50.215189966020986
525.5000000000001,-50.164241493514744
525.6,-50.11354712757524
525.7,-50.063105600840665
525.8000000000001,-50.01291565227024
525.9,-65.0
526.0,-65.0
526.1,-65.0
526.2,-65.0
526.3,-65.0
526.4,-65.0
526.5000000000001,-65.0
526.6,-65.0
526.7,-65.0
526.8000000000001,-65.0
526.9,-65.0
527.0,-65.0
527.1,-65.0
527.2,-65.0
527.3,-65.0
527.4,-65.0
527.5000000000001,-65.0
527.6,-65.0
527.7,-65.0
527.8000000000001,-65.0
527.9,-64.87531197981706
528.0,-64.75124584372918
528.1,-64.62779849007654
528.2,-64.50496683266887
528.3,-64.38274780070829
528.4,-64.2611383387127
528.5000000000001,-64.14013540643914
528.6,-64.01973597880806
528.7,-63.89993704582747
528.8000000000001,-63.780735612517816
528.9,-63.66212869883705
529.0,-63.54411333960616
529.1,-63.42668658443504
529.2,-63.309845497648645
529.3,-63.19358715821377
529.4,-63.07790865966584
529.5,-62.96280711003638
529.6,-62.848279631780635
529.7,-62.7343233617057
529.8000000000001,-62.620935450898905
529.9,-62.50811306465656
530.0,-62.39585338241312
530.1,-62.284153597670695
530.2,-62.17301091792885
530.3,-62.0624225646148
530.4,-61.952385773013944
530.5,-61.84289779220077
530.6,-61.73395588497005
530.7,-61.62555732776844
530.8000000000001,-61.517699410626356
530.9,-61.41037943709025
531.0,-61.30359472415519
531.1,-61.1973426021978
531.2,-61.09162041490949
531.3,-60.98642551923008
531.4,-60.881755285281706
531.5,-60.77760709630304
531.6,-60.673978348583965
531.7,-60.57086645140036
531.8000000000001,-60.46826882694944
531.9,-60.36618291028526
532.0,-60.26460614925457
532.1,-60.16353600443307
532.2,-60.06296994906186
532.3,-59.96290546898432
532.4,-59.86334006258324
532.5,-59.76427124071828
532.6,-59.66569652666372
532.7,-59.567613456046594
532.8000000000001,-59.470019576785006
532.9,-59.372912449026906
533.0,-59.27628964508904
533.1,-59.180148749396274
533.2,-59.084487358421214
533.3,-58.9893030806241
533.4,-58.89459353639302
533.5,-58.80035635798445
533.6,-58.70658918946402
533.7,-58.61328968664762
533.8000000000001,-58.520455517042826
533.9,-58.428084359790574
534.0,-58.33617390560711
534.1,-58.2447218567263
534.2,-58.15372592684216
534.3,-58.06318384105168
534.4,-57.97309333579803
534.5,-57.883452158813874
534.6,-57.794258069065116
534.7,-57.70550883669487
534.8000000000001,-57.6172022429677
534.9,-57.52933608021417
535.0,-57.44190815177564
535.1,-57.354916271949335
535.2,-57.26835826593373
535.3,-57.18223196977417
535.4,-57.09653523030876
535.5,-57.011265905114556
535.6,-56.92642186245398
535.7,-56.84200098122155
535.8000000000001,-56.75800115089084
535.9,-56.67442027146171
536.0,-56.59125625340784
536.1,-56.50850701762443
536.2,-56.42617049537627
536.3,-56.34424462824603
536.4,-56.262727368082764
536.5,-56.18161667695071
536.6,-56.10091052707838
536.7,-56.02060690080781
536.8000000000001,-55.94070379054418
536.9,-55.86119919870555
537.0,-55.78209113767299
537.1,-55.70337762974087
537.2,-55.625056707067365
537.3,-55.54712641162535
537.4,-55.46958479515336
537.5,-55.39242991910697
537.6,-55.315659854610246
537.7,-55.239272682407574
537.8000000000001,-55.16326649281568
537.9,-55.08763938567585
538.0,-55.01238947030649
538.1,-54.937514865455775
538.2,-54.863013699254694
538.3,-54.78888410917022
538.4,-54.71512424195872
538.5,-54.641732253619686
538.6,-54.56870630934958
538.7,-54.496044583496
538.8000000000001,-54.42374525951201
538.9000000000001,-54.35180652991074
539.0,-54.28022659622021
539.1,-54.20900366893835
539.2,-54.13813596748827
539.3,-54.067621720173726
539.4,-53.99745916413488
539.5,-53.92764654530418
539.6,-53.85818211836251
539.7,-53.789064146695566
539.8000000000001,-53.720290902350484
539.9000000000001,-53.65186066599255
540.0,-53.58377172686232
540.1,-53.516022382732736
540.2,-53.44861093986668
540.3,-53.381535712974575
540.4,-53.31479502517225
540.5,-53.24838720793903
540.6,-53.18231060107603
540.7,-53.116563552664644
540.8000000000001,-53.05114441902522
540.9000000000001,-52.98605156467602
541.0,-52.9212833622923
541.1,-52.85683819266561
541.2,-52.79271444466338
541.3,-52.728910515188545
541.4,-52.66542480913956
541.5,-52.602255739370456
541.6,-52.5394017266512
541.7,-52.47686119962822
541.8000000000001,-52.414632594785054
541.9000000000001,-52.35271435640336
542.0,-52.29110493652394
542.1,-52.2298027949081
542.2,-52.1688063989991
542.3,-52.108114223883874
542.4,-52.04772475225487
542.5,-51.98763647437216
542.5999999999999,-51.927847888025674
542.7,-51.86835749849762
542.8000000000001,-51.80916381852518
542.9000000000001,-51.75026536826326
543.0,-51.69166067524754
543.1,-51.633348274357644
543.2,-51.57532670778051
543.3,-51.51759452497395
543.4,-51.460150282630394
543.5,-51.40299254464078
543.5999999999999,-51.3461198820587
543.7,-51.28953087306461
543.8000000000001,-51.233224102930336
543.9000000000001,-51.17719816398371
544.0,-51.121451655573324
544.1,-51.06598318403357
544.2,-51.01079136264977
544.3,-50.95587481162352
544.4,-50.90123215803818
544.5,-50.84686203582456
544.5999999999999,-50.792763085726776
544.7,-50.73893395526826
544.8000000000001,-50.68537329871794
544.9000000000001,-50.63207977705663
545.0,-50.57905205794349
545.1,-50.526288815682804
545.2,-50.473788731190744
545.3,-50.42155049196248
545.4,-50.3695727920393
545.5,-50.31785433197601
545.5999999999999,-50.26639381880841
545.7,-50.215189966020986
545.8000000000001,-50.164241493514744
545.9000000000001,-50.11354712757524
546.0,-50.063105600840665
546.1,-50.01291565227024
546.2,-65.0
546.3,-65.0
546.4,-65.0
546.5,-65.0
546.5999999999999,-65.0
546.7,-65.0
546.8000000000001,-65.0
546.9000000000001,-65.0
547.0,-65.0
547.1,-65.0
547.2,-65.0
547.3,-65.0
547.4,-65.0
547.5,-65.0
547.5999999999999,-65.0
547.7,-65.0
547.8000000000001,-65.0
547.9000000000001,-65.0
548.0,-65.0
548.1,-65.0
548.2,-64.87531197981706
548.3,-64.75124584372918
548.4,-64.62779849007654
548.5,-64.50496683266887
548.5999999999999,-64.38274780070829
548.7,-64.2611383387127
548.8000000000001,-64.14013540643914
548.9000000000001,-64.01973597880806
549.0,-63.89993704582747
549.1,-63.780735612517816
549.2,-63.66212869883705
549.3,-63.54411333960616
549.4,-63.42668658443504
549.5,-63.309845497648645
549.6,-63.19358715821377
549.7,-63.07790865966584
549.8000000000001,-62.96280711003638
549.9000000000001,-62.848279631780635
550.0,-62.7343233617057
550.1,-62.620935450898905
550.2,-62.50811306465656
550.3,-62.39585338241312
550.4,-62.284153597670695
550.5,-62.17301091792885
550.6,-62.0624225646148
550.7,-61.952385773013944
550.8000000000001,-61.84289779220077
550.9000000000001,-61.73395588497005
551.0,-61.62555732776844
551.1,-61.517699410626356
551.2,-61.41037943709025
551.3,-61.30359472415519
551.4,-61.1973426021978
551.5,-61.09162041490949
551.6,-60.98642551923008
551.7,-60.881755285281706
551.8000000000001,-60.77760709630304
551.9000000000001,-60.673978348583965
552.0,-60.57086645140036
552.1,-60.46826882694944
552.2,-60.36618291028526
552.3,-60.26460614925457
552.4,-60.16353600443307
552.5,-60.06296994906186
552.6,-59.96290546898432
552.7,-59.86334006258324
552.8000000000001,-59.76427124071828
552.9000000000001,-59.66569652666372
553.0,-59.567613456046594
553.1,-59.470019576785006
553.2,-59.372912449026906
553.3,-59.27628964508904
553.4,-59.180148749396274
553.5,-59.084487358421214
553.6,-58.9893030806241
553.7,-58.89459353639302
553.8000000000001,-58.80035635798445
553.9000000000001,-58.70658918946402
554.0,-58.61328968664762
554.1,-58.520455517042826
554.2,-58.428084359790574
554.3,-58.33617390560711
554.4,-58.2447218567263
554.5,-58.15372592684216
554.6,-58.06318384105168
554.7,-57.97309333579803
554.8000000000001,-57.883452158813874
554.9000000000001,-57.794258069065116
555.0,-57.70550883669487
555.1,-57.6172022429677
555.2,-57.52933608021417
555.3,-57.44190815177564
555.4,-57.354916271949335
555.5,-57.26835826593373
555.6,-57.18223196977417
555.6999999999999,-57.09653523030876
555.8000000000001,-57.011265905114556
555.9000000000001,-56.92642186245398
556.0,-56.84200098122155
556.1,-56.75800115089084
556.2,-56.67442027146171
556.3,-56.59125625340784
556.4,-56.50850701762443
556.5,-56.42617049537627
556.6,-56.34424462824603
556.6999999999999,-56.262727368082764
556.8000000000001,-56.18161667695071
556.9000000000001,-56.10091052707838
557.0,-56.02060690080781
557.1,-55.94070379054418
557.2,-55.86119919870555
557.3,-55.78209113767299
557.4,-55.70337762974087
557.5,-55.625056707067365
557.6,-55.54712641162535
557.6999999999999,-55.46958479515336
557.8000000000001,-55.39242991910697
557.9000000000001,-55.315659854610246
558.0,-55.239272682407574
558.1,-55.16326649281568
558.2,-55.08763938567585
558.3,-55.01238947030649
558.4,-54.937514865455775
558.5,-54.863013699254694
558.6,-54.78888410917022
558.6999999999999,-54.71512424195872
558.8000000000001,-54.641732253619686
558.9000000000001,-54.56870630934958
559.0,-54.496044583496
559.1,-54.42374525951201
559.2,-54.35180652991074
559.3,-54.28022659622021
559.4,-54.20900366893835
559.5,-54.13813596748827
559.6,-54.067621720173726
559.6999999999999,-53.99745916413488
559.8000000000001,-53.92764654530418
559.9000000000001,-53.85818211836251
560.0,-53.789064146695566
560.1,-53.720290902350484
560.2,-53.65186066599255
560.3,-53.58377172686232
560.4,-53.516022382732736
560.5,-53.44861093986668
560.6,-53.381535712974575
560.6999999999999,-53.31479502517225
560.8000000000001,-53.24838720793903
560.9000000000001,-53.18231060107603
561.0,-53.116563552664644
561.1,-53.05114441902522
561.2,-52.98605156467602
561.3,-52.9212833622923
561.4,-52.85683819266561
561.5,-52.79271444466338
561.6,-52.728910515188545
561.6999999999999,-52.66542480913956
561.8000000000001,-52.602255739370456
561.9000000000001,-52.5394017266512
562.0,-52.47686119962822
562.1,-52.414632594785054
562.2,-52.35271435640336
562.3,-52.29110493652394
562.4,-52.2298027949081
562.5,-52.1688063989991
562.6,-52.108114223883874
562.6999999999999,-52.04772475225487
562.8000000000001,-51.98763647437216
562.9000000000001,-51.927847888025674
563.0,-51.86835749849762
563.1,-51.80916381852518
563.2,-51.75026536826326
563.3,-51.69166067524754
563.4,-51.633348274357644
563.5,-51.57532670778051
563.6,-51.51759452497395
563.6999999999999,-51.460150282630394
563.8000000000001,-51.40299254464078
563.9000000000001,-51.3461198820587
564.0,-51.28953087306461
564.1,-51.233224102930336
564.2,-51.17719816398371
564.3000000000001,-51.121451655573324
564.4,-51.06598318403357
564.5,-51.01079136264977
564.6,-50.95587481162352
564.6999999999999,-50.90123215803818
564.8000000000001,-50.84686203582456
564.9000000000001,-50.792763085726776
565.0,-50.73893395526826
565.1,-50.68537329871794
565.2,-50.63207977705663
565.3000000000001,-50.57905205794349
565.4,-50.526288815682804
565.5,-50.473788731190744
565.6,-50.42155049196248
565.6999999999999,-50.3695727920393
565.8000000000001,-50.31785433197601
565.9000000000001,-50.26639381880841
566.0,-50.215189966020986
566.1,-50.164241493514744
566.2,-50.11354712757524
566.3000000000001,-50.063105600840665
566.4,-50.01291565227024
566.5,-65.0
566.6,-65.0
566.6999999999999,-65.0
566.8000000000001,-65.0
566.9000000000001,-65.0
567.0,-65.0
567.1,-65.0
567.2,-65.0
567.3000000000001,-65.0
567.4,-65.0
567.5,-65.0
567.6,-65.0
567.6999999999999,-65.0
567.8000000000001,-65.0
567.9000000000001,-65.0
568.0,-65.0
568.1,-65.0
568.2,-65.0
568.3000000000001,-65.0
568.4,-65.0
568.5,-64.87531197981706
568.6,-64.75124584372918
568.6999999999999,-64.62779849007654
568.8,-64.50496683266887
568.9000000000001,-64.38274780070829
569.0,-64.2611383387127
569.1,-64.14013540643914
569.2,-64.01973597880806
569.3000000000001,-63.89993704582747
569.4,-63.780735612517816
569.5,-63.66212869883705
569.6,-63.54411333960616
569.6999999999999,-63.42668658443504
569.8,-63.309845497648645
569.9000000000001,-63.19358715821377
570.0,-63.07790865966584
570.1,-62.96280711003638
570.2,-62.848279631780635
570.3000000000001,-62.7343233617057
570.4,-62.620935450898905
570.5,-62.50811306465656
570.6,-62.39585338241312
570.6999999999999,-62.284153597670695
570.8,-62.17301091792885
570.9000000000001,-62.0624225646148
571.0,-61.952385773013944
571.1,-61.84289779220077
571.2,-61.73395588497005
571.3000000000001,-61.62555732776844
571.4,-61.517699410626356
571.5,-61.41037943709025
571.6,-61.30359472415519
571.6999999999999,-61.1973426021978
571.8,-61.09162041490949
571.9000000000001,-60.98642551923008
572.0,-60.881755285281706
572.1,-60.77760709630304
572.2,-60.673978348583965
572.3000000000001,-60.57086645140036
572.4,-60.46826882694944
572.5,-60.36618291028526
572.6,-60.26460614925457
572.6999999999999,-60.16353600443307
572.8,-60.06296994906186
572.9000000000001,-59.96290546898432
573.0,-59.86334006258324
573.1,-59.76427124071828
573.2,-59.66569652666372
573.3000000000001,-59.567613456046594
573.4,-59.470019576785006
573.5,-59.372912449026906
573.6,-59.27628964508904
573.6999999999999,-59.180148749396274
573.8,-59.084487358421214
573.9000000000001,-58.9893030806241
574.0,-58.89459353639302
574.1,-58.80035635798445
574.2,-58.70658918946402
574.3000000000001,-58.61328968664762
574.4,-58.520455517042826
574.5,-58.428084359790574
574.6,-58.33617390560711
574.6999999999999,-58.2447218567263
574.8,-58.15372592684216
574.9000000000001,-58.06318384105168
575.0,-57.97309333579803
575.1,-57.883452158813874
575.2,-57.794258069065116
575.3000000000001,-57.70550883669487
575.4,-57.6172022429677
575.5,-57.52933608021417
575.6,-57.44190815177564
575.6999999999999,-57.354916271949335
575.8,-57.26835826593373
575.9000000000001,-57.18223196977417
576.0,-57.09653523030876
576.1,-57.011265905114556
576.2,-56.92642186245398
576.3000000000001,-56.84200098122155
576.4,-56.75800115089084
576.5,-56.67442027146171
576.6,-56.59125625340784
576.6999999999999,-56.50850701762443
576.8,-56.42617049537627
576.9000000000001,-56.34424462824603
577.0,-56.262727368082764
577.1,-56.18161667695071
577.2,-56.10091052707838
577.3000000000001,-56.02060690080781
577.4,-55.94070379054418
577.5,-55.86119919870555
577.6,-55.78209113767299
577.6999999999999,-55.70337762974087
577.8,-55.625056707067365
577.9000000000001,-55.54712641162535
578.0000000000001,-55.46958479515336
578.1,-55.39242991910697
578.2,-55.315659854610246
578.3000000000001,-55.239272682407574
578.4,-55.16326649281568
578.5,-55.08763938567585
578.6,-55.01238947030649
578.6999999999999,-54.937514865455775
578.8,-54.863013699254694
578.9000000000001,-54.78888410917022
579.0000000000001,-54.71512424195872
579.1,-54.641732253619686
579.2,-54.56870630934958
579.3000000000001,-54.496044583496
579.4,-54.42374525951201
579.5,-54.35180652991074
579.6,-54.28022659622021
579.6999999999999,-54.20900366893835
579.8,-54.13813596748827
579.9000000000001,-54.067621720173726
580.0000000000001,-53.99745916413488
580.1,-53.92764654530418
580.2,-53.85818211836251
580.3000000000001,-53.789064146695566
580.4,-53.720290902350484
580.5,-53.65186066599255
580.6,-53.58377172686232
580.6999999999999,-53.516022382732736
580.8,-53.44861093986668
580.9000000000001,-53.381535712974575
581.0000000000001,-53.31479502517225
581.1,-53.24838720793903
581.2,-53.18231060107603
581.3000000000001,-53.116563552664644
581.4,-53.05114441902522
581.5,-52.98605156467602
581.6,-52.9212833622923
581.6999999999999,-52.85683819266561
581.8,-52.79271444466338
581.9,-52.728910515188545
582.0000000000001,-52.66542480913956
582.1,-52.602255739370456
582.2,-52.5394017266512
582.3000000000001,-52.47686119962822
582.4,-52.414632594785054
582.5,-52.35271435640336
582.6,-52.29110493652394
582.6999999999999,-52.2298027949081
582.8,-52.1688063989991
582.9,-52.108114223883874
583.0000000000001,-52.04772475225487
583.1,-51.98763647437216
583.2,-51.927847888025674
583.3000000000001,-51.86835749849762
583.4,-51.80916381852518
583.5,-51.75026536826326
583.6,-51.69166067524754
583.6999999999999,-51.633348274357644
583.8,-51.57532670778051
583.9,-51.51759452497395
584.0000000000001,-51.460150282630394
584.1,-51.40299254464078
584.2,-51.3461198820587
584.3000000000001,-51.28953087306461
584.4,-51.233224102930336
584.5,-51.17719816398371
584.6,-51.121451655573324
584.6999999999999,-51.06598318403357
584.8,-51.01079136264977
584.9,-50.95587481162352
585.0000000000001,-50.90123215803818
585.1,-50.84686203582456
585.2,-50.792763085726776
585.3000000000001,-50.73893395526826
585.4,-50.68537329871794
585.5,-50.63207977705663
585.6,-50.57905205794349
585.6999999999999,-50.526288815682804
585.8,-50.473788731190744
585.9,-50.42155049196248
586.0000000000001,-50.3695727920393
586.1,-50.31785433197601
586.2,-50.26639381880841
586.3000000000001,-50.215189966020986
586.4,-50.164241493514744
586.5,-50.11354712757524
586.6,-50.063105600840665
586.6999999999999,-50.01291565227024
586.8,-65.0
586.9,-65.0
587.0000000000001,-65.0
587.1,-65.0
587.2,-65.0
587.3000000000001,-65.0
587.4,-65.0
587.5,-65.0
587.6,-65.0
587.6999999999999,-65.0
587.8,-65.0
587.9,-65.0
588.0000000000001,-65.0
588.1,-65.0
588.2,-65.0
588.3000000000001,-65.0
588.4,-65.0
588.5,-65.0
588.6,-65.0
588.7,-65.0
588.8,-64.87531197981706
588.9,-64.75124584372918
589.0000000000001,-64.62779849007654
589.1,-64.50496683266887
589.2,-64.38274780070829
589.3000000000001,-64.2611383387127
589.4,-64.14013540643914
589.5,-64.01973597880806
589.6,-63.89993704582747
589.7,-63.780735612517816
589.8,-63.66212869883705
589.9,-63.54411333960616
590.0000000000001,-63.42668658443504
590.1,-63.309845497648645
590.2,-63.19358715821377
590.3000000000001,-63.07790865966584
590.4,-62.96280711003638
590.5,-62.848279631780635
590.6,-62.7343233617057
590.7,-62.620935450898905
590.8,-62.50811306465656
590.9,-62.39585338241312
591.0000000000001,-62.284153597670695
591.1,-62.17301091792885
591.2,-62.0624225646148
591.3000000000001,-61.952385773013944
591.4,-61.84289779220077
591.5,-61.73395588497005
591.6,-61.62555732776844
591.7,-61.517699410626356
591.8,-61.41037943709025
591.9,-61.30359472415519
592.0000000000001,-61.1973426021978
592.1,-61.09162041490949
592.2,-60.98642551923008
592.3000000000001,-60.881755285281706
592.4,-60.77760709630304
592.5,-60.673978348583965
592.6,-60.57086645140036
592.7,-60.46826882694944
592.8,-60.36618291028526
592.9,-60.26460614925457
593.0000000000001,-60.16353600443307
593.1,-60.06296994906186
593.2,-59.96290546898432
593.3000000000001,-59.86334006258324
593.4,-59.76427124071828
593.5,-59.66569652666372
593.6,-59.567613456046594
593.7,-59.470019576785006
593.8,-59.372912449026906
593.9,-59.27628964508904
594.0000000000001,-59.180148749396274
594.1,-59.084487358421214
594.2,-58.9893030806241
594.3000000000001,-58.89459353639302
594.4,-58.80035635798445
594.5,-58.70658918946402
594.6,-58.61328968664762
594.7,-58.520455517042826
594.8,-58.428084359790574
594.9,-58.33617390560711
595.0,-58.2447218567263
595.1,-58.15372592684216
595.2,-58.06318384105168
595.3000000000001,-57.97309333579803
595.4,-57.883452158813874
595.5,-57.794258069065116
595.6,-57.70550883669487
595.7,-57.6172022429677
595.8,-57.52933608021417
595.9,-57.44190815177564
596.0,-57.354916271949335
596.1,-57.26835826593373
596.2,-57.18223196977417
596.3000000000001,-57.09653523030876
596.4,-57.011265905114556
596.5,-56.92642186245398
596.6,-56.84200098122155
596.7,-56.75800115089084
596.8,-56.67442027146171
596.9,-56.59125625340784
597.0,-56.50850701762443
597.1,-56.42617049537627
597.2,-56.34424462824603
597.3000000000001,-56.262727368082764
597.4,-56.18161667695071
597.5,-56.10091052707838
597.6,-56.02060690080781
597.7,-55.94070379054418
597.8,-55.86119919870555
597.9,-55.78209113767299
598.0,-55.70337762974087
598.1,-55.625056707067365
598.2,-55.54712641162535
598.3000000000001,-55.46958479515336
598.4,-55.39242991910697
598.5,-55.315659854610246
598.6,-55.239272682407574
598.7,-55.16326649281568
598.8,-55.08763938567585
598.9,-55.01238947030649
599.0,-54.937514865455775
599.1,-54.863013699254694
599.2,-54.78888410917022
599.3000000000001,-54.71512424195872
599.4,-54.641732253619686
599.5,-54.56870630934958
599.6,-54.496044583496
599.7,-54.42374525951201
599.8,-54.35180652991074
599.9,-54.28022659622021
600.0,-54.20900366893835
600.1,-54.13813596748827
600.2,-54.067621720173726
600.3000000000001,-53.99745916413488
600.4,-53.92764654530418
600.5,-53.85818211836251
600.6,-53.789064146695566
600.7,-53.720290902350484
600.8,-53.65186066599255
600.9,-53.58377172686232
601.0,-53.516022382732736
601.1,-53.44861093986668
601.2,-53.381535712974575
601.3000000000001,-53.31479502517225
601.4,-53.24838720793903
601.5,-53.18231060107603
601.6,-53.116563552664644
601.7,-53.05114441902522
601.8,-52.98605156467602
601.9,-52.9212833622923
602.0,-52.85683819266561
602.1,-52.79271444466338
602.2,-52.728910515188545
602.3000000000001,-52.66542480913956
602.4,-52.602255739370456
602.5,-52.5394017266512
602.6,-52.47686119962822
602.7,-52.414632594785054
602.8,-52.35271435640336
602.9,-52.29110493652394
603.0,-52.2298027949081
603.1,-52.1688063989991
603.2,-52.108114223883874
603.3000000000001,-52.04772475225487
603.4000000000001,-51.98763647437216
603.5,-51.927847888025674
603.6,-51.86835749849762
603.7,-51.80916381852518
603.8,-51.75026536826326
603.9,-51.69166067524754
604.0,-51.633348274357644
604.1,-51.57532670778051
604.2,-51.51759452497395
604.3000000000001,-51.460150282630394
604.4000000000001,-51.40299254464078
604.5,-51.3461198820587
604.6,-51.28953087306461
604.7,-51.233224102930336
604.8,-51.17719816398371
604.9,-51.121451655573324
605.0,-51.06598318403357
605.1,-51.01079136264977
605.2,-50.95587481162352
605.3000000000001,-50.90123215803818
605.4000000000001,-50.84686203582456
605.5,-50.792763085726776
605.6,-50.73893395526826
605.7,-50.68537329871794
605.8,-50.63207977705663
605.9,-50.57905205794349
606.0,-50.526288815682804
606.1,-50.473788731190744
606.2,-50.42155049196248
606.3000000000001,-50.3695727920393
606.4000000000001,-50.31785433197601
606.5,-50.26639381880841
606.6,-50.215189966020986
606.7,-50.164241493514744
606.8,-50.11354712757524
606.9,-50.063105600840665
607.0,-50.01291565227024
607.1,-65.0
607.2,-65.0
607.3000000000001,-65.0
607.4000000000001,-65.0
607.5,-65.0
607.6,-65.0
607.7,-65.0
607.8,-65.0
607.9,-65.0
608.0,-65.0
608.0999999999999,-65.0
608.2,-65.0
608.3000000000001,-65.0
608.4000000000001,-65.0
608.5,-65.0
608.6,-65.0
608.7,-65.0
608.8,-65.0
608.9,-65.0
609.0,-65.0
609.0999999999999,-64.87531197981706
609.2,-64.75124584372918
609.3000000000001,-64.62779849007654
609.4000000000001,-64.50496683266887
609.5,-64.38274780070829
609.6,-64.2611383387127
609.7,-64.14013540643914
609.8,-64.01973597880806
609.9,-63.89993704582747
610.0,-63.780735612517816
610.0999999999999,-63.66212869883705
610.2,-63.54411333960616
610.3000000000001,-63.42668658443504
610.4000000000001,-63.309845497648645
610.5,-63.19358715821377
610.6,-63.07790865966584
610.7,-62.96280711003638
610.8,-62.848279631780635
610.9,-62.7343233617057
611.0,-62.620935450898905
611.0999999999999,-62.50811306465656
611.2,-62.39585338241312
611.3000000000001,-62.284153597670695
611.4000000000001,-62.17301091792885
611.5,-62.0624225646148
611.6,-61.952385773013944
611.7,-61.84289779220077
611.8,-61.73395588497005
611.9,-61.62555732776844
612.0,-61.517699410626356
612.0999999999999,-61.41037943709025
612.2,-61.30359472415519
612.3000000000001,-61.1973426021978
612.4000000000001,-61.09162041490949
612.5,-60.98642551923008
612.6,-60.881755285281706
612.7,-60.77760709630304
612.8,-60.673978348583965
612.9,-60.57086645140036
613.0,-60.46826882694944
613.0999999999999,-60.36618291028526
613.2,-60.26460614925457
613.3000000000001,-60.16353600443307
613.4000000000001,-60.06296994906186
613.5,-59.96290546898432
613.6,-59.86334006258324
613.7,-59.76427124071828
613.8,-59.66569652666372
613.9,-59.567613456046594
614.0,-59.470019576785006
614.1,-59.372912449026906
614.2,-59.27628964508904
614.3000000000001,-59.180148749396274
614.4000000000001,-59.084487358421214
614.5,-58.9893030806241
614.6,-58.89459353639302
614.7,-58.80035635798445
614.8,-58.70658918946402
614.9,-58.61328968664762
615.0,-58.520455517042826
615.1,-58.428084359790574
615.2,-58.33617390560711
615.3000000000001,-58.2447218567263
615.4000000000001,-58.15372592684216
615.5,-58.06318384105168
615.6,-57.97309333579803
615.7,-57.883452158813874
615.8,-57.794258069065116
615.9,-57.70550883669487
616.0,-57.6172022429677
616.1,-57.52933608021417
616.2,-57.44190815177564
616.3000000000001,-57.354916271949335
616.4000000000001,-57.26835826593373
616.5,-57.18223196977417
616.6,-57.09653523030876
616.7,-57.011265905114556
616.8,-56.92642186245398
616.9,-56.84200098122155
617.0,-56.75800115089084
617.1,-56.67442027146171
617.2,-56.59125625340784
617.3000000000001,-56.50850701762443
617.4000000000001,-56.42617049537627
617.5,-56.34424462824603
617.6,-56.262727368082764
617.7,-56.18161667695071
617.8,-56.10091052707838
617.9,-56.02060690080781
618.0,-55.94070379054418
618.1,-55.86119919870555
618.2,-55.78209113767299
618.3000000000001,-55.70337762974087
618.4000000000001,-55.625056707067365
618.5,-55.54712641162535
618.6,-55.46958479515336
618.7,-55.39242991910697
618.8,-55.315659854610246
618.9,-55.239272682407574
619.0,-55.16326649281568
619.1,-55.08763938567585
619.2,-55.01238947030649
619.3000000000001,-54.937514865455775
619.4000000000001,-54.863013699254694
619.5,-54.78888410917022
619.6,-54.71512424195872
619.7,-54.641732253619686
619.8,-54.56870630934958
619.9,-54.496044583496
620.0,-54.42374525951201
620.1,-54.35180652991074
620.2,-54.28022659622021
620.3000000000001,-54.20900366893835
620.4000000000001,-54.13813596748827
620.5,-54.067621720173726
620.6,-53.99745916413488
620.7,-53.92764654530418
620.8,-53.85818211836251
620.9,-53.789064146695566
621.0,-53.720290902350484
621.1,-53.65186066599255
621.1999999999999,-53.58377172686232
621.3000000000001,-53.516022382732736
621.4000000000001,-53.44861093986668
621.5,-53.381535712974575
621.6,-53.31479502517225
621.7,-53.24838720793903
621.8,-53.18231060107603
621.9,-53.116563552664644
622.0,-53.05114441902522
622.1,-52.98605156467602
622.1999999999999,-52.9212833622923
622.3000000000001,-52.85683819266561
622.4000000000001,-52.79271444466338
622.5,-52.728910515188545
622.6,-52.66542480913956
622.7,-52.602255739370456
622.8,-52.5394017266512
622.9,-52.47686119962822
623.0,-52.414632594785054
623.1,-52.35271435640336
623.1999999999999,-52.29110493652394
623.3000000000001,-52.2298027949081
623.4000000000001,-52.1688063989991
623.5,-52.108114223883874
623.6,-52.04772475225487
623.7,-51.98763647437216
623.8,-51.927847888025674
623.9,-51.86835749849762
624.0,-51.80916381852518
624.1,-51.75026536826326
624.1999999999999,-51.69166067524754
624.3000000000001,-51.633348274357644
624.4000000000001,-51.57532670778051
624.5,-51.51759452497395
624.6,-51.460150282630394
624.7,-51.40299254464078
624.8,-51.3461198820587
624.9,-51.28953087306461
625.0,-51.233224102930336
625.1,-51.17719816398371
625.1999999999999,-51.121451655573324
625.3000000000001,-51.06598318403357
625.4000000000001,-51.01079136264977
625.5,-50.95587481162352
625.6,-50.90123215803818
625.7,-50.84686203582456
625.8,-50.792763085726776
625.9,-50.73893395526826
626.0,-50.68537329871794
626.1,-50.63207977705663
626.1999999999999,-50.57905205794349
626.3000000000001,-50.526288815682804
626.4000000000001,-50.473788731190744
626.5,-50.42155049196248
626.6,-50.3695727920393
626.7,-50.31785433197601
626.8,-50.26639381880841
626.9,-50.215189966020986
627.0,-50.164241493514744
627.1,-50.11354712757524
627.1999999999999,-50.063105600840665
627.3000000000001,-50.01291565227024
627.4000000000001,-65.0
627.5,-65.0
627.6,-65.0
627.7,-65.0
627.8000000000001,-65.0
627.9,-65.0
628.0,-65.0
628.1,-65.0
628.1999999999999,-65.0
628.3000000000001,-65.0
628.4000000000001,-65.0
628.5,-65.0
628.6,-65.0
628.7,-65.0
628.8000000000001,-65.0
628.9,-65.0
629.0,-65.0
629.1,-65.0
629.1999999999999,-65.0
629.3000000000001,-65.0
629.4000000000001,-64.87531197981706
629.5,-64.75124584372918
629.6,-64.62779849007654
629.7,-64.50496683266887
629.8000000000001,-64.38274780070829
629.9,-64.2611383387127
630.0,-64.14013540643914
630.1,-64.01973597880806
630.1999999999999,-63.89993704582747
630.3000000000001,-63.780735612517816
630.4000000000001,-63.66212869883705
630.5,-63.54411333960616
630.6,-63.42668658443504
630.7,-63.309845497648645
630.8000000000001,-63.19358715821377
630.9,-63.07790865966584
631.0,-62.96280711003638
631.1,-62.848279631780635
631.1999999999999,-62.7343233617057
631.3000000000001,-62.620935450898905
631.4000000000001,-62.50811306465656
631.5,-62.39585338241312
631.6,-62.284153597670695
631.7,-62.17301091792885
631.8000000000001,-62.0624225646148
631.9,-61.952385773013944
632.0,-61.84289779220077
632.1,-61.73395588497005
632.1999999999999,-61.62555732776844
632.3000000000001,-61.517699410626356
632.4000000000001,-61.41037943709025
632.5,-61.30359472415519
632.6,-61.1973426021978
632.7,-61.09162041490949
632.8000000000001,-60.98642551923008
632.9,-60.881755285281706
633.0,-60.77760709630304
633.1,-60.673978348583965
633.1999999999999,-60.57086645140036
633.3000000000001,-60.46826882694944
633.4000000000001,-60.36618291028526
633.5,-60.26460614925457
633.6,-60.16353600443307
633.7,-60.06296994906186
633.8000000000001,-59.96290546898432
633.9,-59.86334006258324
634.0,-59.76427124071828
634.1,-59.66569652666372
634.1999999999999,-59.567613456046594
634.3,-59.470019576785006
634.4000000000001,-59.372912449026906
634.5,-59.27628964508904
634.6,-59.180148749396274
634.7,-59.084487358421214
634.8000000000001,-58.9893030806241
634.9,-58.89459353639302
635.0,-58.80035635798445
635.1,-58.70658918946402
635.1999999999999,-58.61328968664762
635.3,-58.520455517042826
635.4000000000001,-58.428084359790574
635.5,-58.33617390560711
635.6,-58.2447218567263
635.7,-58.15372592684216
635.8000000000001,-58.06318384105168
635.9,-57.97309333579803
636.0,-57.883452158813874
636.1,-57.794258069065116
636.1999999999999,-57.70550883669487
636.3,-57.6172022429677
636.4000000000001,-57.52933608021417
636.5,-57.44190815177564
636.6,-57.354916271949335
636.7,-57.26835826593373
636.8000000000001,-57.18223196977417
636.9,-57.09653523030876
637.0,-57.011265905114556
637.1,-56.92642186245398
637.1999999999999,-56.84200098122155
637.3,-56.75800115089084
637.4000000000001,-56.67442027146171
637.5,-56.59125625340784
637.6,-56.50850701762443
637.7,-56.42617049537627
637.8000000000001,-56.34424462824603
637.9,-56.262727368082764
638.0,-56.18161667695071
638.1,-56.10091052707838
638.1999999999999,-56.02060690080781
638.3,-55.94070379054418
638.4000000000001,-55.86119919870555
638.5,-55.78209113767299
638.6,-55.70337762974087
638.7,-55.625056707067365
638.8000000000001,-55.54712641162535
638.9,-55.46958479515336
639.0,-55.39242991910697
639.1,-55.315659854610246
639.1999999999999,-55.239272682407574
639.3,-55.16326649281568
639.4000000000001,-55.08763938567585
639.5,-55.01238947030649
639.6,-54.937514865455775
639.7,-54.863013699254694
639.8000000000001,-54.78888410917022
639.9,-54.71512424195872
640.0,-54.641732253619686
640.1,-54.56870630934958
640.1999999999999,-54.496044583496
640.3,-54.42374525951201
640.4000000000001,-54.35180652991074
640.5,-54.28022659622021
640.6,-54.20900366893835
640.7,-54.13813596748827
640.8000000000001,-54.067621720173726
640.9,-53.99745916413488
641.0,-53.92764654530418
641.1,-53.85818211836251
641.1999999999999,-53.789064146695566
641.3,-53.720290902350484
641.4000000000001,-53.65186066599255
641.5,-53.58377172686232
641.6,-53.516022382732736
641.7,-53.44861093986668
641.8000000000001,-53.381535712974575
641.9,-53.31479502517225
642.0,-53.24838720793903
642.1,-53.18231060107603
642.1999999999999,-53.116563552664644
642.3,-53.05114441902522
642.4000000000001,-52.98605156467602
642.5000000000001,-52.9212833622923
642.6,-52.85683819266561
642.7,-52.79271444466338
642.8000000000001,-52.728910515188545
642.9,-52.66542480913956
643.0,-52.602255739370456
643.1,-52.5394017266512
643.1999999999999,-52.47686119962822
643.3,-52.414632594785054
643.4000000000001,-52.35271435640336
643.5000000000001,-52.29110493652394
643.6,-52.2298027949081
643.7,-52.1688063989991
643.8000000000001,-52.108114223883874
643.9,-52.04772475225487
644.0,-51.98763647437216
644.1,-51.927847888025674
644.1999999999999,-51.86835749849762
644.3,-51.80916381852518
644.4000000000001,-51.75026536826326
644.5000000000001,-51.69166067524754
644.6,-51.633348274357644
644.7,-51.57532670778051
644.8000000000001,-51.51759452497395
644.9,-51.460150282630394
645.0,-51.40299254464078
645.1,-51.3461198820587
645.1999999999999,-51.28953087306461
645.3,-51.233224102930336
645.4000000000001,-51.17719816398371
645.5000000000001,-51.121451655573324
645.6,-51.06598318403357
645.7,-51.01079136264977
645.8000000000001,-50.95587481162352
645.9,-50.90123215803818
646.0,-50.84686203582456
646.1,-50.792763085726776
646.1999999999999,-50.73893395526826
646.3,-50.68537329871794
646.4000000000001,-50.63207977705663
646.5000000000001,-50.57905205794349
646.6,-50.526288815682804
646.7,-50.473788731190744
646.8000000000001,-50.42155049196248
646.9,-50.3695727920393
647.0,-50.31785433197601
647.1,-50.26639381880841
647.1999999999999,-50.215189966020986
647.3,-50.164241493514744
647.4000000000001,-50.11354712757524
647.5000000000001,-50.063105600840665
647.6,-50.01291565227024
647.7,-65.0
647.8000000000001,-65.0
647.9,-65.0
648.0,-65.0
648.1,-65.0
648.1999999999999,-65.0
648.3,-65.0
648.4,-65.0
648.5000000000001,-65.0
648.6,-65.0
648.7,-65.0
648.8000000000001,-65.0
648.9,-65.0
649.0,-65.0
649.1,-65.0
649.1999999999999,-65.0
649.3,-65.0
649.4,-65.0
649.5000000000001,-65.0
649.6,-65.0
649.7,-64.87531197981706
649.8000000000001,-64.75124584372918
649.9,-64.62779849007654
650.0,-64.50496683266887
650.1,-64.38274780070829
650.1999999999999,-64.2611383387127
650.3,-64.14013540643914
650.4,-64.01973597880806
650.5000000000001,-63.89993704582747
650.6,-63.780735612517816
650.7,-63.66212869883705
650.8000000000001,-63.54411333960616
650.9,-63.42668658443504
651.0,-63.309845497648645
651.1,-63.19358715821377
651.1999999999999,-63.07790865966584
651.3,-62.96280711003638
651.4,-62.848279631780635
651.5000000000001,-62.7343233617057
651.6,-62.620935450898905
651.7,-62.50811306465656
651.8000000000001,-62.39585338241312
651.9,-62.284153597670695
652.0,-62.17301091792885
652.1,-62.0624225646148
652.1999999999999,-61.952385773013944
652.3,-61.84289779220077
652.4,-61.73395588497005
652.5000000000001,-61.62555732776844
652.6,-61.517699410626356
652.7,-61.41037943709025
652.8000000000001,-61.30359472415519
652.9,-61.1973426021978
653.0,-61.09162041490949
653.1,-60.98642551923008
653.2,-60.881755285281706
653.3,-60.77760709630304
653.4,-60.673978348583965
653.5000000000001,-60.57086645140036
653.6,-60.46826882694944
653.7,-60.36618291028526
653.8000000000001,-60.26460614925457
653.9,-60.16353600443307
654.0,-60.06296994906186
654.1,-59.96290546898432
654.2,-59.86334006258324
654.3,-59.76427124071828
654.4,-59.66569652666372
654.5000000000001,-59.567613456046594
654.6,-59.470019576785006
654.7,-59.372912449026906
654.8000000000001,-59.27628964508904
654.9,-59.180148749396274
655.0,-59.084487358421214
655.1,-58.9893030806241
655.2,-58.89459353639302
655.3,-58.80035635798445
655.4,-58.70658918946402
655.5000000000001,-58.61328968664762
655.6,-58.520455517042826
655.7,-58.428084359790574
655.8000000000001,-58.33617390560711
655.9,-58.2447218567263
656.0,-58.15372592684216
656.1,-58.06318384105168
656.2,-57.97309333579803
656.3,-57.883452158813874
656.4,-57.794258069065116
656.5000000000001,-57.70550883669487
656.6,-57.6172022429677
656.7,-57.52933608021417
656.8000000000001,-57.44190815177564
656.9,-57.354916271949335
657.0,-57.26835826593373
657.1,-57.18223196977417
657.2,-57.09653523030876
657.3,-57.011265905114556
657.4,-56.92642186245398
657.5000000000001,-56.84200098122155
657.6,-56.75800115089084
657.7,-56.67442027146171
657.8000000000001,-56.59125625340784
657.9,-56.50850701762443
658.0,-56.42617049537627
658.1,-56.34424462824603
658.2,-56.262727368082764
658.3,-56.18161667695071
658.4,-56.10091052707838
658.5000000000001,-56.02060690080781
658.6,-55.94070379054418
658.7,-55.86119919870555
658.8000000000001,-55.78209113767299
658.9,-55.70337762974087
659.0,-55.625056707067365
659.1,-55.54712641162535
659.2,-55.46958479515336
659.3,-55.39242991910697
659.4,-55.315659854610246
659.5000000000001,-55.239272682407574
659.6,-55.16326649281568
659.7,-55.08763938567585
659.8000000000001,-55.01238947030649
659.9,-54.937514865455775
660.0,-54.863013699254694
660.1,-54.78888410917022
660.2,-54.71512424195872
660.3,-54.641732253619686
660.4,-54.56870630934958
660.5000000000001,-54.496044583496
660.6,-54.42374525951201
660.7,-54.35180652991074
660.8000000000001,-54.28022659622021
660.9,-54.20900366893835
661.0,-54.13813596748827
661.1,-54.067621720173726
661.2,-53.99745916413488
661.3,-53.92764654530418
661.4,-53.85818211836251
661.5,-53.789064146695566
661.6,-53.720290902350484
661.7,-53.65186066599255
661.8000000000001,-53.58377172686232
661.9,-53.516022382732736
662.0,-53.44861093986668
662.1,-53.381535712974575
662.2,-53.31479502517225
662.3,-53.24838720793903
662.4,-53.18231060107603
662.5,-53.116563552664644
662.6,-53.05114441902522
662.7,-52.98605156467602
662.8000000000001,-52.9212833622923
662.9,-52.85683819266561
663.0,-52.79271444466338
663.1,-52.728910515188545
663.2,-52.66542480913956
663.3,-52.602255739370456
663.4,-52.5394017266512
663.5,-52.47686119962822
663.6,-52.414632594785054
663.7,-52.35271435640336
663.8000000000001,-52.29110493652394
663.9,-52.2298027949081
664.0,-52.1688063989991
664.1,-52.108114223883874
664.2,-52.04772475225487
664.3,-51.98763647437216
664.4,-51.927847888025674
664.5,-51.86835749849762
664.6,-51.80916381852518
664.7,-51.75026536826326
664.8000000000001,-51.69166067524754
664.9,-51.633348274357644
665.0,-51.57532670778051
665.1,-51.51759452497395
665.2,-51.460150282630394
665.3,-51.40299254464078
665.4,-51.3461198820587
665.5,-51.28953087306461
665.6,-51.233224102930336
665.7,-51.17719816398371
665.8000000000001,-51.121451655573324
665.9,-51.06598318403357
666.0,-51.01079136264977
666.1,-50.95587481162352
666.2,-50.90123215803818
666.3,-50.84686203582456
666.4,-50.792763085726776
666.5,-50.73893395526826
666.6,-50.68537329871794
666.7,-50.63207977705663
666.8000000000001,-50.57905205794349
666.9000000000001,-50.526288815682804
667.0,-50.473788731190744
667.1,-50.42155049196248
667.2,-50.3695727920393
667.3,-50.31785433197601
667.4,-50.26639381880841
667.5,-50.215189966020986
667.6,-50.164241493514744
667.7,-50.11354712757524
667.8000000000001,-50.063105600840665
667.9000000000001,-50.01291565227024
668.0,-65.0
668.1,-65.0
668.2,-65.0
668.3,-65.0
668.4,-65.0
668.5,-65.0
668.6,-65.0
668.7,-65.0
668.8000000000001,-65.0
668.9000000000001,-65.0
669.0,-65.0
669.1,-65.0
669.2,-65.0
669.3,-65.0
669.4,-65.0
669.5,-65.0
669.6,-65.0
669.7,-65.0
669.8000000000001,-65.0
669.9000000000001,-65.0
670.0,-64.87531197981706
670.1,-64.75124584372918
670.2,-64.62779849007654
670.3,-64.50496683266887
670.4,-64.38274780070829
670.5,-64.2611383387127
670.6,-64.14013540643914
670.7,-64.01973597880806
670.8000000000001,-63.89993704582747
670.9000000000001,-63.780735612517816
671.0,-63.66212869883705
671.1,-63.54411333960616
671.2,-63.42668658443504
671.3,-63.309845497648645
671.4,-63.19358715821377
671.5,-63.07790865966584
671.6,-62.96280711003638
671.7,-62.848279631780635
671.8000000000001,-62.7343233617057
671.9000000000001,-62.620935450898905
672.0,-62.50811306465656
672.1,-62.39585338241312
672.2,-62.284153597670695
672.3,-62.17301091792885
672.4,-62.0624225646148
672.5,-61.952385773013944
672.6,-61.84289779220077
672.7,-61.73395588497005
672.8000000000001,-61.62555732776844
672.9000000000001,-61.517699410626356
673.0,-61.41037943709025
673.1,-61.30359472415519
673.2,-61.1973426021978
673.3,-61.09162041490949
673.4,-60.98642551923008
673.5,-60.881755285281706
673.6,-60.77760709630304
673.7,-60.673978348583965
673.8000000000001,-60.57086645140036
673.9000000000001,-60.46826882694944
674.0,-60.36618291028526
674.1,-60.26460614925457
674.2,-60.16353600443307
674.3,-60.06296994906186
674.4,-59.96290546898432
674.5,-59.86334006258324
674.5999999999999,-59.76427124071828
674.7,-59.66569652666372
674.8000000000001,-59.567613456046594
674.9000000000001,-59.470019576785006
675.0,-59.372912449026906
675.1,-59.27628964508904
675.2,-59.180148749396274
675.3,-59.084487358421214
675.4,-58.9893030806241
675.5,-58.89459353639302
675.5999999999999,-58.80035635798445
675.7,-58.70658918946402
675.8000000000001,-58.61328968664762
675.9000000000001,-58.520455517042826
676.0,-58.428084359790574
676.1,-58.33617390560711
676.2,-58.2447218567263
676.3,-58.15372592684216
676.4,-58.06318384105168
676.5,-57.97309333579803
676.5999999999999,-57.883452158813874
676.7,-57.794258069065116
676.8000000000001,-57.70550883669487
676.9000000000001,-57.6172022429677
677.0,-57.52933608021417
677.1,-57.44190815177564
677.2,-57.354916271949335
677.3,-57.26835826593373
677.4,-57.18223196977417
677.5,-57.09653523030876
677.6,-57.011265905114556
677.7,-56.92642186245398
677.8000000000001,-56.84200098122155
677.9000000000001,-56.75800115089084
678.0,-56.67442027146171
678.1,-56.59125625340784
678.2,-56.50850701762443
678.3,-56.42617049537627
678.4,-56.34424462824603
678.5,-56.262727368082764
678.6,-56.18161667695071
678.7,-56.10091052707838
678.8000000000001,-56.02060690080781
678.9000000000001,-55.94070379054418
679.0,-55.86119919870555
679.1,-55.78209113767299
679.2,-55.70337762974087
679.3,-55.625056707067365
679.4,-55.54712641162535
679.5,-55.46958479515336
679.6,-55.39242991910697
679.7,-55.315659854610246
679.8000000000001,-55.239272682407574
679.9000000000001,-55.16326649281568
680.0,-55.08763938567585
680.1,-55.01238947030649
680.2,-54.937514865455775
680.3,-54.863013699254694
680.4,-54.78888410917022
680.5,-54.71512424195872
680.6,-54.641732253619686
680.7,-54.56870630934958
680.8000000000001,-54.496044583496
680.9000000000001,-54.42374525951201
681.0,-54.35180652991074
681.1,-54.28022659622021
681.2,-54.20900366893835
681.3,-54.13813596748827
681.4,-54.067621720173726
681.5,-53.99745916413488
681.6,-53.92764654530418
681.7,-53.85818211836251
681.8000000000001,-53.789064146695566
681.9000000000001,-53.720290902350484
682.0,-53.65186066599255
682.1,-53.58377172686232
682.2,-53.516022382732736
682.3,-53.44861093986668
682.4,-53.381535712974575
682.5,-53.31479502517225
682.6,-53.24838720793903
682.7,-53.18231060107603
682.8000000000001,-53.116563552664644
682.9000000000001,-53.05114441902522
683.0,-52.98605156467602
683.1,-52.9212833622923
683.2,-52.85683819266561
683.3,-52.79271444466338
683.4,-52.728910515188545
683.5,-52.66542480913956
683.6,-52.602255739370456
683.7,-52.5394017266512
683.8000000000001,-52.47686119962822
683.9000000000001,-52.414632594785054
684.0,-52.35271435640336
684.1,-52.29110493652394
684.2,-52.2298027949081
684.3,-52.1688063989991
684.4,-52.108114223883874
684.5,-52.04772475225487
684.6,-51.98763647437216
684.7,-51.927847888025674
684.8000000000001,-51.86835749849762
684.9000000000001,-51.80916381852518
685.0,-51.75026536826326
685.1,-51.69166067524754
685.2,-51.633348274357644
685.3,-51.57532670778051
685.4,-51.51759452497395
685.5,-51.460150282630394
685.6,-51.40299254464078
685.7,-51.3461198820587
685.8000000000001,-51.28953087306461
685.9000000000001,-51.233224102930336
686.0,-51.17719816398371
686.1,-51.121451655573324
686.2,-51.06598318403357
686.3,-51.01079136264977
686.4,-50.95587481162352
686.5,-50.90123215803818
686.6,-50.84686203582456
686.7,-50.792763085726776
686.8000000000001,-50.73893395526826
686.9000000000001,-50.68537329871794
687.0,-50.63207977705663
687.1,-50.57905205794349
687.2,-50.526288815682804
687.3,-50.473788731190744
687.4,-50.42155049196248
687.5,-50.3695727920393
687.6,-50.31785433197601
687.6999999999999,-50.26639381880841
687.8000000000001,-50.215189966020986
687.9000000000001,-50.164241493514744
688.0,-50.11354712757524
688.1,-50.063105600840665
688.2,-50.01291565227024
688.3,-65.0
688.4,-65.0
688.5,-65.0
688.6,-65.0
688.6999999999999,-65.0
688.8000000000001,-65.0
688.9000000000001,-65.0
689.0,-65.0
689.1,-65.0
689.2,-65.0
689.3,-65.0
689.4,-65.0
689.5,-65.0
689.6,-65.0
689.6999999999999,-65.0
689.8000000000001,-65.0
689.9000000000001,-65.0
690.0,-65.0
690.1,-65.0
690.2,-65.0
690.3,-64.87531197981706
690.4,-64.75124584372918
690.5,-64.62779849007654
690.6,-64.50496683266887
690.6999999999999,-64.38274780070829
690.8000000000001,-64.2611383387127
690.9000000000001,-64.14013540643914
691.0,-64.01973597880806
691.1,-63.89993704582747
691.2,-63.780735612517816
691.3,-63.66212869883705
691.4,-63.54411333960616
691.5,-63.42668658443504
691.6,-63.309845497648645
691.6999999999999,-63.19358715821377
691.8000000000001,-63.07790865966584
691.9000000000001,-62.96280711003638
692.0,-62.848279631780635
692.1,-62.7343233617057
692.2,-62.620935450898905
692.3000000000001,-62.50811306465656
692.4,-62.39585338241312
692.5,-62.284153597670695
692.6,-62.17301091792885
692.6999999999999,-62.0624225646148
692.8000000000001,-61.952385773013944
692.9000000000001,-61.84289779220077
693.0,-61.73395588497005
693.1,-61.62555732776844
693.2,-61.517699410626356
693.3000000000001,-61.41037943709025
693.4,-61.30359472415519
693.5,-61.1973426021978
693.6,-61.09162041490949
693.6999999999999,-60.98642551923008
693.8000000000001,-60.881755285281706
693.9000000000001,-60.77760709630304
694.0,-60.673978348583965
694.1,-60.57086645140036
694.2,-60.46826882694944
694.3000000000001,-60.36618291028526
694.4,-60.26460614925457
694.5,-60.16353600443307
694.6,-60.06296994906186
694.6999999999999,-59.96290546898432
694.8000000000001,-59.86334006258324
694.9000000000001,-59.76427124071828
695.0,-59.66569652666372
695.1,-59.567613456046594
695.2,-59.470019576785006
695.3000000000001,-59.372912449026906
695.4,-59.27628964508904
695.5,-59.180148749396274
695.6,-59.084487358421214
695.6999999999999,-58.9893030806241
695.8000000000001,-58.89459353639302
695.9000000000001,-58.80035635798445
696.0,-58.70658918946402
696.1,-58.61328968664762
696.2,-58.520455517042826
696.3000000000001,-58.428084359790574
696.4,-58.33617390560711
696.5,-58.2447218567263
696.6,-58.15372592684216
696.6999999999999,-58.06318384105168
696.8000000000001,-57.97309333579803
696.9000000000001,-57.883452158813874
697.0,-57.794258069065116
697.1,-57.70550883669487
697.2,-57.6172022429677
697.3000000000001,-57.52933608021417
697.4,-57.44190815177564
697.5,-57.354916271949335
697.6,-57.26835826593373
697.6999999999999,-57.18223196977417
697.8000000000001,-57.09653523030876
697.9000000000001,-57.011265905114556
698.0,-56.92642186245398
698.1,-56.84200098122155
698.2,-56.75800115089084
698.3000000000001,-56.67442027146171
698.4,-56.59125625340784
698.5,-56.50850701762443
698.6,-56.42617049537627
698.6999999999999,-56.34424462824603
698.8000000000001,-56.262727368082764
698.9000000000001,-56.18161667695071
699.0,-56.10091052707838
699.1,-56.02060690080781
699.2,-55.94070379054418
699.3000000000001,-55.86119919870555
699.4,-55.78209113767299
699.5,-55.70337762974087
699.6,-55.625056707067365
699.6999999999999,-55.54712641162535
699.8000000000001,-55.46958479515336
699.9000000000001,-55.39242991910697
700.0,-55.315659854610246
700.1,-55.239272682407574
700.2,-55.16326649281568
700.3000000000001,-55.08763938567585
700.4,-55.01238947030649
700.5,-54.937514865455775
700.6,-54.863013699254694
700.6999999999999,-54.78888410917022
700.8,-54.71512424195872
700.9000000000001,-54.641732253619686
701.0,-54.56870630934958
701.1,-54.496044583496
701.2,-54.42374525951201
701.3000000000001,-54.35180652991074
701.4,-54.28022659622021
701.5,-54.20900366893835
701.6,-54.13813596748827
701.6999999999999,-54.067621720173726
701.8,-53.99745916413488
701.9000000000001,-53.92764654530418
702.0,-53.85818211836251
702.1,-53.789064146695566
702.2,-53.720290902350484
702.3000000000001,-53.65186066599255
702.4,-53.58377172686232
702.5,-53.516022382732736
702.6,-53.44861093986668
702.6999999999999,-53.381535712974575
702.8,-53.31479502517225
702.9000000000001,-53.24838720793903
703.0,-53.18231060107603
703.1,-53.116563552664644
703.2,-53.05114441902522
703.3000000000001,-52.98605156467602
703.4,-52.9212833622923
703.5,-52.85683819266561
703.6,-52.79271444466338
703.6999999999999,-52.728910515188545
703.8,-52.66542480913956
703.9000000000001,-52.602255739370456
704.0,-52.5394017266512
704.1,-52.47686119962822
704.2,-52.414632594785054
704.3000000000001,-52.35271435640336
704.4,-52.29110493652394
704.5,-52.2298027949081
704.6,-52.1688063989991
704.6999999999999,-52.108114223883874
704.8,-52.04772475225487
704.9000000000001,-51.98763647437216
705.0,-51.927847888025674
705.1,-51.86835749849762
705.2,-51.80916381852518
705.3000000000001,-51.75026536826326
705.4,-51.69166067524754
705.5,-51.633348274357644
705.6,-51.57532670778051
705.6999999999999,-51.51759452497395
705.8,-51.460150282630394
705.9000000000001,-51.40299254464078
706.0000000000001,-51.3461198820587
706.1,-51.28953087306461
706.2,-51.233224102930336
706.3000000000001,-51.17719816398371
706.4,-51.121451655573324
706.5,-51.06598318403357
706.6,-51.01079136264977
706.6999999999999,-50.95587481162352
706.8,-50.90123215803818
706.9000000000001,-50.84686203582456
707.0000000000001,-50.792763085726776
707.1,-50.73893395526826
707.2,-50.68537329871794
707.3000000000001,-50.63207977705663
707.4,-50.57905205794349
707.5,-50.526288815682804
707.6,-50.473788731190744
707.6999999999999,-50.42155049196248
707.8,-50.3695727920393
707.9000000000001,-50.31785433197601
708.0000000000001,-50.26639381880841
708.1,-50.215189966020986
708.2,-50.164241493514744
708.3000000000001,-50.11354712757524
708.4,-50.063105600840665
708.5,-50.01291565227024
708.6,-65.0
708.6999999999999,-65.0
708.8,-65.0
708.9000000000001,-65.0
709.0000000000001,-65.0
709.1,-65.0
709.2,-65.0
709.3000000000001,-65.0
709.4,-65.0
709.5,-65.0
709.6,-65.0
709.6999999999999,-65.0
709.8,-65.0
709.9000000000001,-65.0
710.0000000000001,-65.0
710.1,-65.0
710.2,-65.0
710.3000000000001,-65.0
710.4,-65.0
710.5,-65.0
710.6,-64.87531197981706
710.6999999999999,-64.75124584372918
710.8,-64.62779849007654
710.9000000000001,-64.50496683266887
711.0000000000001,-64.38274780070829
711.1,-64.2611383387127
711.2,-64.14013540643914
711.3000000000001,-64.01973597880806
711.4,-63.89993704582747
711.5,-63.780735612517816
711.6,-63.66212869883705
711.6999999999999,-63.54411333960616
711.8,-63.42668658443504
711.9000000000001,-63.309845497648645
712.0000000000001,-63.19358715821377
712.1,-63.07790865966584
712.2,-62.96280711003638
712.3000000000001,-62.848279631780635
712.4,-62.7343233617057
712.5,-62.620935450898905
712.6,-62.50811306465656
712.6999999999999,-62.39585338241312
712.8,-62.284153597670695
712.9000000000001,-62.17301091792885
713.0000000000001,-62.0624225646148
713.1,-61.952385773013944
713.2,-61.84289779220077
713.3000000000001,-61.73395588497005
713.4,-61.62555732776844
713.5,-61.517699410626356
713.6,-61.41037943709025
713.6999999999999,-61.30359472415519
713.8,-61.1973426021978
713.9,-61.09162041490949
714.0000000000001,-60.98642551923008
714.1,-60.881755285281706
714.2,-60.77760709630304
714.3000000000001,-60.673978348583965
714.4,-60.57086645140036
714.5,-60.46826882694944
714.6,-60.36618291028526
714.6999999999999,-60.26460614925457
714.8,-60.16353600443307
714.9,-60.06296994906186
715.0000000000001,-59.96290546898432
715.1,-59.86334006258324
715.2,-59.76427124071828
715.3000000000001,-59.66569652666372
715.4,-59.567613456046594
715.5,-59.470019576785006
715.6,-59.372912449026906
715.6999999999999,-59.27628964508904
715.8,-59.180148749396274
715.9,-59.084487358421214
716.0000000000001,-58.9893030806241
716.1,-58.89459353639302
716.2,-58.80035635798445
716.3000000000001,-58.70658918946402
716.4,-58.61328968664762
716.5,-58.520455517042826
716.6,-58.428084359790574
716.7,-58.33617390560711
716.8,-58.2447218567263
716.9,-58.15372592684216
717.0000000000001,-58.06318384105168
717.1,-57.97309333579803
717.2,-57.883452158813874
717.3000000000001,-57.794258069065116
717.4,-57.70550883669487
717.5,-57.6172022429677
717.6,-57.52933608021417
717.7,-57.44190815177564
717.8,-57.354916271949335
717.9,-57.26835826593373
718.0000000000001,-57.18223196977417
718.1,-57.09653523030876
718.2,-57.011265905114556
718.3000000000001,-56.92642186245398
718.4,-56.84200098122155
718.5,-56.75800115089084
718.6,-56.67442027146171
718.7,-56.59125625340784
718.8,-56.50850701762443
718.9,-56.42617049537627
719.0000000000001,-56.34424462824603
719.1,-56.262727368082764
719.2,-56.18161667695071
719.3000000000001,-56.10091052707838
719.4,-56.02060690080781
719.5,-55.94070379054418
719.6,-55.86119919870555
719.7,-55.78209113767299
719.8,-55.70337762974087
719.9,-55.625056707067365
720.0000000000001,-55.54712641162535
720.1,-55.46958479515336
720.2,-55.39242991910697
720.3000000000001,-55.315659854610246
720.4,-55.239272682407574
720.5,-55.16326649281568
720.6,-55.08763938567585
720.7,-55.01238947030649
720.8,-54.937514865455775
720.9,-54.863013699254694
721.0000000000001,-54.78888410917022
721.1,-54.71512424195872
721.2,-54.641732253619686
721.3000000000001,-54.56870630934958
721.4,-54.496044583496
721.5,-54.42374525951201
721.6,-54.35180652991074
721.7,-54.28022659622021
721.8,-54.20900366893835
721.9,-54.13813596748827
722.0000000000001,-54.067621720173726
722.1,-53.99745916413488
722.2,-53.92764654530418
722.3000000000001,-53.85818211836251
722.4,-53.789064146695566
722.5,-53.720290902350484
722.6,-53.65186066599255
722.7,-53.58377172686232
722.8,-53.516022382732736
722.9,-53.44861093986668
723.0000000000001,-53.381535712974575
723.1,-53.31479502517225
723.2,-53.24838720793903
723.3000000000001,-53.18231060107603
723.4,-53.116563552664644
723.5,-53.05114441902522
723.6,-52.98605156467602
723.7,-52.9212833622923
723.8,-52.85683819266561
723.9,-52.79271444466338
724.0000000000001,-52.728910515188545
724.1,-52.66542480913956
724.2,-52.602255739370456
724.3000000000001,-52.5394017266512
724.4,-52.47686119962822
724.5,-52.414632594785054
724.6,-52.35271435640336
724.7,-52.29110493652394
724.8,-52.2298027949081
724.9,-52.1688063989991
725.0000000000001,-52.108114223883874
725.1,-52.04772475225487
725.2,-51.98763647437216
725.3000000000001,-51.927847888025674
725.4,-51.86835749849762
725.5,-51.80916381852518
725.6,-51.75026536826326
725.7,-51.69166067524754
725.8,-51.633348274357644
725.9,-51.57532670778051
726.0000000000001,-51.51759452497395
726.1,-51.460150282630394
726.2,-51.40299254464078
726.3000000000001,-51.3461198820587
726.4,-51.28953087306461
726.5,-51.233224102930336
726.6,-51.17719816398371
726.7,-51.121451655573324
726.8,-51.06598318403357
726.9,-51.01079136264977
727.0,-50.95587481162352
727.1,-50.90123215803818
727.2,-50.84686203582456
727.3000000000001,-50.792763085726776
727.4,-50.73893395526826
727.5,-50.68537329871794
727.6,-50.63207977705663
727.7,-50.57905205794349
727.8,-50.526288815682804
727.9,-50.473788731190744
728.0,-50.42155049196248
728.1,-50.3695727920393
728.2,-50.31785433197601
728.3000000000001,-50.26639381880841
728.4,-50.215189966020986
728.5,-50.164241493514744
728.6,-50.11354712757524
728.7,-50.063105600840665
728.8,-50.01291565227024
728.9,-65.0
729.0,-65.0
729.1,-65.0
729.2,-65.0
729.3000000000001,-65.0
729.4,-65.0
729.5,-65.0
729.6,-65.0
729.7,-65.0
729.8,-65.0
729.9,-65.0
730.0,-65.0
730.1,-65.0
730.2,-65.0
730.3000000000001,-65.0
730.4,-65.0
730.5,-65.0
730.6,-65.0
730.7,-65.0
730.8,-65.0
730.9,-64.87531197981706
731.0,-64.75124584372918
731.1,-64.62779849007654
731.2,-64.50496683266887
731.3000000000001,-64.38274780070829
731.4000000000001,-64.2611383387127
731.5,-64.14013540643914
731.6,-64.01973597880806
731.7,-63.89993704582747
731.8,-63.780735612517816
731.9,-63.66212869883705
732.0,-63.54411333960616
732.1,-63.42668658443504
732.2,-63.309845497648645
732.3000000000001,-63.19358715821377
732.4000000000001,-63.07790865966584
732.5,-62.96280711003638
732.6,-62.848279631780635
732.7,-62.7343233617057
732.8,-62.620935450898905
732.9,-62.50811306465656
733.0,-62.39585338241312
733.1,-62.284153597670695
733.2,-62.17301091792885
733.3000000000001,-62.0624225646148
733.4000000000001,-61.952385773013944
733.5,-61.84289779220077
733.6,-61.73395588497005
733.7,-61.62555732776844
733.8,-61.517699410626356
733.9,-61.41037943709025
734.0,-61.30359472415519
734.1,-61.1973426021978
734.2,-61.09162041490949
734.3000000000001,-60.98642551923008
734.4000000000001,-60.881755285281706
734.5,-60.77760709630304
734.6,-60.673978348583965
734.7,-60.57086645140036
734.8,-60.46826882694944
734.9,-60.36618291028526
735.0,-60.26460614925457
735.1,-60.16353600443307
735.2,-60.06296994906186
735.3000000000001,-59.96290546898432
735.4000000000001,-59.86334006258324
735.5,-59.76427124071828
735.6,-59.66569652666372
735.7,-59.567613456046594
735.8,-59.470019576785006
735.9,-59.372912449026906
736.0,-59.27628964508904
736.1,-59.180148749396274
736.2,-59.084487358421214
736.3000000000001,-58.9893030806241
736.4000000000001,-58.89459353639302
736.5,-58.80035635798445
736.6,-58.70658918946402
736.7,-58.61328968664762
736.8,-58.520455517042826
736.9,-58.428084359790574
737.0,-58.33617390560711
737.1,-58.2447218567263
737.2,-58.15372592684216
737.3000000000001,-58.06318384105168
737.4000000000001,-57.97309333579803
737.5,-57.883452158813874
737.6,-57.794258069065116
737.7,-57.70550883669487
737.8,-57.6172022429677
737.9,-57.52933608021417
738.0,-57.44190815177564
738.1,-57.354916271949335
738.2,-57.26835826593373
738.3000000000001,-57.18223196977417
738.4000000000001,-57.09653523030876
738.5,-57.011265905114556
738.6,-56.92642186245398
738.7,-56.84200098122155
738.8,-56.75800115089084
738.9,-56.67442027146171
739.0,-56.59125625340784
739.1,-56.50850701762443
739.2,-56.42617049537627
739.3000000000001,-56.34424462824603
739.4000000000001,-56.262727368082764
739.5,-56.18161667695071
739.6,-56.10091052707838
739.7,-56.02060690080781
739.8,-55.94070379054418
739.9,-55.86119919870555
740.0,-55.78209113767299
740.0999999999999,-55.70337762974087
740.2,-55.625056707067365
740.3000000000001,-55.54712641162535
740.4000000000001,-55.46958479515336
740.5,-55.39242991910697
740.6,-55.315659854610246
740.7,-55.239272682407574
740.8,-55.16326649281568
740.9,-55.08763938567585
741.0,-55.01238947030649
741.0999999999999,-54.937514865455775
741.2,-54.863013699254694
741.3000000000001,-54.78888410917022
741.4000000000001,-54.71512424195872
741.5,-54.641732253619686
741.6,-54.56870630934958
741.7,-54.496044583496
741.8,-54.42374525951201
741.9,-54.35180652991074
742.0,-54.28022659622021
742.1,-54.20900366893835
742.2,-54.13813596748827
742.3000000000001,-54.067621720173726
742.4000000000001,-53.99745916413488
742.5,-53.92764654530418
742.6,-53.85818211836251
742.7,-53.789064146695566
742.8,-53.720290902350484
742.9,-53.65186066599255
743.0,-53.58377172686232
743.1,-53.516022382732736
743.2,-53.44861093986668
743.3000000000001,-53.381535712974575
743.4000000000001,-53.31479502517225
743.5,-53.24838720793903
743.6,-53.18231060107603
743.7,-53.116563552664644
743.8,-53.05114441902522
743.9,-52.98605156467602
744.0,-52.9212833622923
744.1,-52.85683819266561
744.2,-52.79271444466338
744.3000000000001,-52.728910515188545
744.4000000000001,-52.66542480913956
744.5,-52.602255739370456
744.6,-52.5394017266512
744.7,-52.47686119962822
744.8,-52.414632594785054
744.9,-52.35271435640336
745.0,-52.29110493652394
745.1,-52.2298027949081
745.2,-52.1688063989991
745.3000000000001,-52.108114223883874
745.4000000000001,-52.04772475225487
745.5,-51.98763647437216
745.6,-51.927847888025674
745.7,-51.86835749849762
745.8,-51.80916381852518
745.9,-51.75026536826326
746.0,-51.69166067524754
746.1,-51.633348274357644
746.2,-51.57532670778051
746.3000000000001,-51.51759452497395
746.4000000000001,-51.460150282630394
746.5,-51.40299254464078
746.6,-51.3461198820587
746.7,-51.28953087306461
746.8,-51.233224102930336
746.9,-51.17719816398371
747.0,-51.121451655573324
747.1,-51.06598318403357
747.2,-51.01079136264977
747.3000000000001,-50.95587481162352
747.4000000000001,-50.90123215803818
747.5,-50.84686203582456
747.6,-50.792763085726776
747.7,-50.73893395526826
747.8,-50.68537329871794
747.9,-50.63207977705663
748.0,-50.57905205794349
748.1,-50.526288815682804
748.2,-50.473788731190744
748.3000000000001,-50.42155049196248
748.4000000000001,-50.3695727920393
748.5,-50.31785433197601
748.6,-50.26639381880841
748.7,-50.215189966020986
748.8,-50.164241493514744
748.9,-50.11354712757524
749.0,-50.063105600840665
749.1,-50.01291565227024
749.2,-65.0
749.3000000000001,-65.0
749.4000000000001,-65.0
749.5,-65.0
749.6,-65.0
749.7,-65.0
749.8,-65.0
749.9,-65.0
750.0,-65.0
750.1,-65.0
750.2,-65.0
750.3000000000001,-65.0
750.4000000000001,-65.0
750.5,-65.0
750.6,-65.0
750.7,-65.0
750.8,-65.0
750.9,-65.0
751.0,-65.0
751.1,-65.0
751.2,-64.87531197981706
751.3000000000001,-64.75124584372918
751.4000000000001,-64.62779849007654
751.5,-64.50496683266887
751.6,-64.38274780070829
751.7,-64.2611383387127
751.8,-64.14013540643914
751.9,-64.01973597880806
752.0,-63.89993704582747
752.1,-63.780735612517816
752.2,-63.66212869883705
752.3000000000001,-63.54411333960616
752.4000000000001,-63.42668658443504
752.5,-63.309845497648645
752.6,-63.19358715821377
752.7,-63.07790865966584
752.8,-62.96280711003638
752.9,-62.848279631780635
753.0,-62.7343233617057
753.1,-62.620935450898905
753.1999999999999,-62.50811306465656
753.3000000000001,-62.39585338241312
753.4000000000001,-62.284153597670695
753.5,-62.17301091792885
753.6,-62.0624225646148
753.7,-61.952385773013944
753.8,-61.84289779220077
753.9,-61.73395588497005
754.0,-61.62555732776844
754.1,-61.517699410626356
754.1999999999999,-61.41037943709025
754.3000000000001,-61.30359472415519
754.4000000000001,-61.1973426021978
754.5,-61.09162041490949
754.6,-60.98642551923008
754.7,-60.881755285281706
754.8,-60.77760709630304
754.9,-60.673978348583965
755.0,-60.57086645140036
755.1,-60.46826882694944
755.1999999999999,-60.36618291028526
755.3000000000001,-60.26460614925457
755.4000000000001,-60.16353600443307
755.5,-60.06296994906186
755.6,-59.96290546898432
755.7,-59.86334006258324
755.8000000000001,-59.76427124071828
755.9,-59.66569652666372
756.0,-59.567613456046594
756.1,-59.470019576785006
756.1999999999999,-59.372912449026906
756.3000000000001,-59.27628964508904
756.4000000000001,-59.180148749396274
756.5,-59.084487358421214
756.6,-58.9893030806241
756.7,-58.89459353639302
756.8000000000001,-58.80035635798445
756.9,-58.70658918946402
757.0,-58.61328968664762
757.1,-58.520455517042826
757.1999999999999,-58.428084359790574
757.3000000000001,-58.33617390560711
757.4000000000001,-58.2447218567263
757.5,-58.15372592684216
757.6,-58.06318384105168
757.7,-57.97309333579803
757.8000000000001,-57.883452158813874
757.9,-57.794258069065116
758.0,-57.70550883669487
758.1,-57.6172022429677
758.1999999999999,-57.52933608021417
758.3000000000001,-57.44190815177564
758.4000000000001,-57.354916271949335
758.5,-57.26835826593373
758.6,-57.18223196977417
758.7,-57.09653523030876
758.8000000000001,-57.011265905114556
758.9,-56.92642186245398
759.0,-56.84200098122155
759.1,-56.75800115089084
759.1999999999999,-56.67442027146171
759.3000000000001,-56.59125625340784
759.4000000000001,-56.50850701762443
759.5,-56.42617049537627
759.6,-56.34424462824603
759.7,-56.262727368082764
759.8000000000001,-56.18161667695071
759.9,-56.10091052707838
760.0,-56.02060690080781
760.1,-55.94070379054418
760.1999999999999,-55.86119919870555
760.3000000000001,-55.78209113767299
760.4000000000001,-55.70337762974087
760.5,-55.625056707067365
760.6,-55.54712641162535
760.7,-55.46958479515336
760.8000000000001,-55.39242991910697
760.9,-55.315659854610246
761.0,-55.239272682407574
761.1,-55.16326649281568
761.1999999999999,-55.08763938567585
761.3000000000001,-55.01238947030649
761.4000000000001,-54.937514865455775
761.5,-54.863013699254694
761.6,-54.78888410917022
761.7,-54.71512424195872
761.8000000000001,-54.641732253619686
761.9,-54.56870630934958
762.0,-54.496044583496
762.1,-54.42374525951201
762.1999999999999,-54.35180652991074
762.3000000000001,-54.28022659622021
762.4000000000001,-54.20900366893835
762.5,-54.13813596748827
762.6,-54.067621720173726
762.7,-53.99745916413488
762.8000000000001,-53.92764654530418
762.9,-53.85818211836251
763.0,-53.789064146695566
763.1,-53.720290902350484
763.1999999999999,-53.65186066599255
763.3000000000001,-53.58377172686232
763.4000000000001,-53.516022382732736
763.5,-53.44861093986668
763.6,-53.381535712974575
763.7,-53.31479502517225
763.8000000000001,-53.24838720793903
763.9,-53.18231060107603
764.0,-53.116563552664644
764.1,-53.05114441902522
764.1999999999999,-52.98605156467602
764.3000000000001,-52.9212833622923
764.4000000000001,-52.85683819266561
764.5,-52.79271444466338
764.6,-52.728910515188545
764.7,-52.66542480913956
764.8000000000001,-52.602255739370456
764.9,-52.5394017266512
765.0,-52.47686119962822
765.1,-52.414632594785054
765.1999999999999,-52.35271435640336
765.3000000000001,-52.29110493652394
765.4000000000001,-52.2298027949081
765.5,-52.1688063989991
765.6,-52.108114223883874
765.7,-52.04772475225487
765.8000000000001,-51.98763647437216
765.9,-51.927847888025674
766.0,-51.86835749849762
766.1,-51.80916381852518
766.1999999999999,-51.75026536826326
766.3000000000001,-51.69166067524754
766.4000000000001,-51.633348274357644
766.5,-51.57532670778051
766.6,-51.51759452497395
766.7,-51.460150282630394
766.8000000000001,-51.40299254464078
766.9,-51.3461198820587
767.0,-51.28953087306461
767.1,-51.233224102930336
767.1999999999999,-51.17719816398371
767.3,-51.121451655573324
767.4000000000001,-51.06598318403357
767.5,-51.01079136264977
767.6,-50.95587481162352
767.7,-50.90123215803818
767.8000000000001,-50.84686203582456
767.9,-50.792763085726776
768.0,-50.73893395526826
768.1,-50.68537329871794
768.1999999999999,-50.63207977705663
768.3,-50.57905205794349
768.4000000000001,-50.526288815682804
768.5,-50.473788731190744
768.6,-50.42155049196248
768.7,-50.3695727920393
768.8000000000001,-50.31785433197601
768.9,-50.26639381880841
769.0,-50.215189966020986
769.1,-50.164241493514744
769.1999999999999,-50.11354712757524
769.3,-50.063105600840665
769.4000000000001,-50.01291565227024
769.5,-65.0
769.6,-65.0
769.7,-65.0
769.8000000000001,-65.0
769.9,-65.0
770.0,-65.0
770.1,-65.0
770.1999999999999,-65.0
770.3,-65.0
770.4000000000001,-65.0
770.5000000000001,-65.0
770.6,-65.0
770.7,-65.0
770.8000000000001,-65.0
770.9,-65.0
771.0,-65.0
771.1,-65.0
771.1999999999999,-65.0
771.3,-65.0
771.4000000000001,-65.0
771.5000000000001,-64.87531197981706
771.6,-64.75124584372918
771.7,-64.62779849007654
771.8000000000001,-64.50496683266887
771.9,-64.38274780070829
772.0,-64.2611383387127
772.1,-64.14013540643914
772.1999999999999,-64.01973597880806
772.3,-63.89993704582747
772.4000000000001,-63.780735612517816
772.5000000000001,-63.66212869883705
772.6,-63.54411333960616
772.7,-63.42668658443504
772.8000000000001,-63.309845497648645
772.9,-63.19358715821377
773.0,-63.07790865966584
773.1,-62.96280711003638
773.1999999999999,-62.848279631780635
773.3,-62.7343233617057
773.4000000000001,-62.620935450898905
773.5000000000001,-62.50811306465656
773.6,-62.39585338241312
773.7,-62.284153597670695
773.8000000000001,-62.17301091792885
773.9,-62.0624225646148
774.0,-61.952385773013944
774.1,-61.84289779220077
774.1999999999999,-61.73395588497005
774.3,-61.62555732776844
774.4000000000001,-61.517699410626356
774.5000000000001,-61.41037943709025
774.6,-61.30359472415519
774.7,-61.1973426021978
774.8000000000001,-61.09162041490949
774.9,-60.98642551923008
775.0,-60.881755285281706
775.1,-60.77760709630304
775.1999999999999,-60.673978348583965
775.3,-60.57086645140036
775.4000000000001,-60.46826882694944
775.5000000000001,-60.36618291028526
775.6,-60.26460614925457
775.7,-60.16353600443307
775.8000000000001,-60.06296994906186
775.9,-59.96290546898432
776.0,-59.86334006258324
776.1,-59.76427124071828
776.1999999999999,-59.66569652666372
776.3,-59.567613456046594
776.4000000000001,-59.470019576785006
776.5000000000001,-59.372912449026906
776.6,-59.27628964508904
776.7,-59.180148749396274
776.8000000000001,-59.084487358421214
776.9,-58.9893030806241
777.0,-58.89459353639302
777.1,-58.80035635798445
777.1999999999999,-58.70658918946402
777.3,-58.61328968664762
777.4000000000001,-58.520455517042826
777.5000000000001,-58.428084359790574
777.6,-58.33617390560711
777.7,-58.2447218567263
777.8000000000001,-58.15372592684216
777.9,-58.06318384105168
778.0,-57.97309333579803
778.1,-57.883452158813874
778.1999999999999,-57.794258069065116
778.3,-57.70550883669487
778.4000000000001,-57.6172022429677
778.5000000000001,-57.52933608021417
778.6,-57.44190815177564
778.7,-57.354916271949335
778.8000000000001,-57.26835826593373
778.9,-57.18223196977417
779.0,-57.09653523030876
779.1,-57.011265905114556
779.1999999999999,-56.92642186245398
779.3,-56.84200098122155
779.4000000000001,-56.75800115089084
779.5000000000001,-56.67442027146171
779.6,-56.59125625340784
779.7,-56.50850701762443
779.8000000000001,-56.42617049537627
779.9,-56.34424462824603
780.0,-56.262727368082764
780.1,-56.18161667695071
780.1999999999999,-56.10091052707838
780.3,-56.02060690080781
780.4,-55.94070379054418
780.5000000000001,-55.86119919870555
780.6,-55.78209113767299
780.7,-55.70337762974087
780.8000000000001,-55.625056707067365
780.9,-55.54712641162535
781.0,-55.46958479515336
781.1,-55.39242991910697
781.2,-55.315659854610246
781.3,-55.239272682407574
781.4,-55.16326649281568
781.5000000000001,-55.08763938567585
781.6,-55.01238947030649
781.7,-54.937514865455775
781.8000000000001,-54.863013699254694
781.9,-54.78888410917022
782.0,-54.71512424195872
782.1,-54.641732253619686
782.2,-54.56870630934958
782.3,-54.496044583496
782.4,-54.42374525951201
782.5000000000001,-54.35180652991074
782.6,-54.28022659622021
782.7,-54.20900366893835
782.8000000000001,-54.13813596748827
782.9,-54.067621720173726
783.0,-53.99745916413488
783.1,-53.92764654530418
783.2,-53.85818211836251
783.3,-53.789064146695566
783.4,-53.720290902350484
783.5000000000001,-53.65186066599255
783.6,-53.58377172686232
783.7,-53.516022382732736
783.8000000000001,-53.44861093986668
783.9,-53.381535712974575
784.0,-53.31479502517225
784.1,-53.24838720793903
784.2,-53.18231060107603
784.3,-53.116563552664644
784.4,-53.05114441902522
784.5000000000001,-52.98605156467602
784.6,-52.9212833622923
784.7,-52.85683819266561
784.8000000000001,-52.79271444466338
784.9,-52.728910515188545
785.0,-52.66542480913956
785.1,-52.602255739370456
785.2,-52.5394017266512
785.3,-52.47686119962822
785.4,-52.414632594785054
785.5000000000001,-52.35271435640336
785.6,-52.29110493652394
785.7,-52.2298027949081
785.8000000000001,-52.1688063989991
785.9,-52.108114223883874
786.0,-52.04772475225487
786.1,-51.98763647437216
786.2,-51.927847888025674
786.3,-51.86835749849762
786.4,-51.80916381852518
786.5000000000001,-51.75026536826326
786.6,-51.69166067524754
786.7,-51.633348274357644
786.8000000000001,-51.57532670778051
786.9,-51.51759452497395
787.0,-51.460150282630394
787.1,-51.40299254464078
787.2,-51.3461198820587
787.3,-51.28953087306461
787.4,-51.233224102930336
787.5000000000001,-51.17719816398371
787.6,-51.121451655573324
787.7,-51.06598318403357
787.8000000000001,-51.01079136264977
787.9,-50.95587481162352
788.0,-50.90123215803818
788.1,-50.84686203582456
788.2,-50.792763085726776
788.3,-50.73893395526826
788.4,-50.68537329871794
788.5000000000001,-50.63207977705663
788.6,-50.57905205794349
788.7,-50.526288815682804
788.8000000000001,-50.473788731190744
788.9,-50.42155049196248
789.0,-50.3695727920393
789.1,-50.31785433197601
789.2,-50.26639381880841
789.3,-50.215189966020986
789.4,-50.164241493514744
789.5000000000001,-50.11354712757524
789.6,-50.063105600840665
789.7,-50.01291565227024
789.8000000000001,-65.0
789.9,-65.0
790.0,-65.0
790.1,-65.0
790.2,-65.0
790.3,-65.0
790.4,-65.0
790.5000000000001,-65.0
790.6,-65.0
790.7,-65.0
790.8000000000001,-65.0
790.9,-65.0
791.0,-65.0
791.1,-65.0
791.2,-65.0
791.3,-65.0
791.4,-65.0
791.5000000000001,-65.0
791.6,-65.0
791.7,-65.0
791.8000000000001,-64.87531197981706
791.9,-64.75124584372918
792.0,-64.62779849007654
792.1,-64.50496683266887
792.2,-64.38274780070829
792.3,-64.2611383387127
792.4,-64.14013540643914
792.5000000000001,-64.01973597880806
792.6,-63.89993704582747
792.7,-63.780735612517816
792.8000000000001,-63.66212869883705
792.9,-63.54411333960616
793.0,-63.42668658443504
793.1,-63.309845497648645
793.2,-63.19358715821377
793.3,-63.07790865966584
793.4,-62.96280711003638
793.5,-62.848279631780635
793.6,-62.7343233617057
793.7,-62.620935450898905
793.8000000000001,-62.50811306465656
793.9,-62.39585338241312
794.0,-62.284153597670695
794.1,-62.17301091792885
794.2,-62.0624225646148
794.3,-61.952385773013944
794.4,-61.84289779220077
794.5,-61.73395588497005
794.6,-61.62555732776844
794.7,-61.517699410626356
794.8000000000001,-61.41037943709025
794.9000000000001,-61.30359472415519
795.0,-61.1973426021978
795.1,-61.09162041490949
795.2,-60.98642551923008
795.3,-60.881755285281706
795.4,-60.77760709630304
795.5,-60.673978348583965
795.6,-60.57086645140036
795.7,-60.46826882694944
795.8000000000001,-60.36618291028526
795.9000000000001,-60.26460614925457
796.0,-60.16353600443307
796.1,-60.06296994906186
796.2,-59.96290546898432
796.3,-59.86334006258324
796.4,-59.76427124071828
796.5,-59.66569652666372
796.6,-59.567613456046594
796.7,-59.470019576785006
796.8000000000001,-59.372912449026906
796.9000000000001,-59.27628964508904
797.0,-59.180148749396274
797.1,-59.084487358421214
797.2,-58.9893030806241
797.3,-58.89459353639302
797.4,-58.80035635798445
797.5,-58.70658918946402
797.6,-58.61328968664762
797.7,-58.520455517042826
797.8000000000001,-58.428084359790574
797.9000000000001,-58.33617390560711
798.0,-58.2447218567263
798.1,-58.15372592684216
798.2,-58.06318384105168
798.3,-57.97309333579803
798.4,-57.883452158813874
798.5,-57.794258069065116
798.6,-57.70550883669487
798.7,-57.6172022429677
798.8000000000001,-57.52933608021417
798.9000000000001,-57.44190815177564
799.0,-57.354916271949335
799.1,-57.26835826593373
799.2,-57.18223196977417
799.3,-57.09653523030876
799.4,-57.011265905114556
799.5,-56.92642186245398
799.6,-56.84200098122155
799.7,-56.75800115089084
799.8000000000001,-56.67442027146171
799.9000000000001,-56.59125625340784
800.0,-56.50850701762443
800.1,-56.42617049537627
800.2,-56.34424462824603
800.3,-56.262727368082764
800.4,-56.18161667695071
800.5,-56.10091052707838
800.6,-56.02060690080781
800.7,-55.94070379054418
800.8000000000001,-55.86119919870555
800.9000000000001,-55.78209113767299
801.0,-55.70337762974087
801.1,-55.625056707067365
801.2,-55.54712641162535
801.3,-55.46958479515336
801.4,-55.39242991910697
801.5,-55.315659854610246
801.6,-55.239272682407574
801.7,-55.16326649281568
801.8000000000001,-55.08763938567585
801.9000000000001,-55.01238947030649
802.0,-54.937514865455775
802.1,-54.863013699254694
802.2,-54.78888410917022
802.3,-54.71512424195872
802.4,-54.641732253619686
802.5,-54.56870630934958
802.6,-54.496044583496
802.7,-54.42374525951201
802.8000000000001,-54.35180652991074
802.9000000000001,-54.28022659622021
803.0,-54.20900366893835
803.1,-54.13813596748827
803.2,-54.067621720173726
803.3,-53.99745916413488
803.4,-53.92764654530418
803.5,-53.85818211836251
803.6,-53.789064146695566
803.7,-53.720290902350484
803.8000000000001,-53.65186066599255
803.9000000000001,-53.58377172686232
804.0,-53.516022382732736
804.1,-53.44861093986668
804.2,-53.381535712974575
804.3,-53.31479502517225
804.4,-53.24838720793903
804.5,-53.18231060107603
804.6,-53.116563552664644
804.7,-53.05114441902522
804.8000000000001,-52.98605156467602
804.9000000000001,-52.9212833622923
805.0,-52.85683819266561
805.1,-52.79271444466338
805.2,-52.728910515188545
805.3,-52.66542480913956
805.4,-52.602255739370456
805.5,-52.5394017266512
805.6,-52.47686119962822
805.7,-52.414632594785054
805.8000000000001,-52.35271435640336
805.9000000000001,-52.29110493652394
806.0,-52.2298027949081
806.1,-52.1688063989991
806.2,-52.108114223883874
806.3,-52.04772475225487
806.4,-51.98763647437216
806.5,-51.927847888025674
806.6,-51.86835749849762
806.7,-51.80916381852518
806.8000000000001,-51.75026536826326
806.9000000000001,-51.69166067524754
807.0,-51.633348274357644
807.1,-51.57532670778051
807.2,-51.51759452497395
807.3,-51.460150282630394
807.4,-51.40299254464078
807.5,-51.3461198820587
807.6,-51.28953087306461
807.7,-51.233224102930336
807.8000000000001,-51.17719816398371
807.9000000000001,-51.121451655573324
808.0,-51.06598318403357
808.1,-51.01079136264977
808.2,-50.95587481162352
808.3,-50.90123215803818
808.4,-50.84686203582456
808.5,-50.792763085726776
808.6,-50.73893395526826
808.7,-50.68537329871794
808.8000000000001,-50.63207977705663
808.9000000000001,-50.57905205794349
809.0,-50.526288815682804
809.1,-50.473788731190744
809.2,-50.42155049196248
809.3,-50.3695727920393
809.4,-50.31785433197601
809.5,-50.26639381880841
809.6,-50.215189966020986
809.7,-50.164241493514744
809.8000000000001,-50.11354712757524
809.9000000000001,-50.063105600840665
810.0,-50.01291565227024
810.1,-65.0
810.2,-65.0
810.3,-65.0
810.4,-65.0
810.5,-65.0
810.6,-65.0
810.7,-65.0
810.8000000000001,-65.0
810.9000000000001,-65.0
811.0,-65.0
811.1,-65.0
811.2,-65.0
811.3,-65.0
811.4,-65.0
811.5,-65.0
811.6,-65.0
811.7,-65.0
811.8000000000001,-65.0
811.9000000000001,-65.0
812.0,-65.0
812.1,-64.87531197981706
812.2,-64.75124584372918
812.3,-64.62779849007654
812.4,-64.50496683266887
812.5,-64.38274780070829
812.6,-64.2611383387127
812.7,-64.14013540643914
812.8000000000001,-64.01973597880806
812.9000000000001,-63.89993704582747
813.0,-63.780735612517816
813.1,-63.66212869883705
813.2,-63.54411333960616
813.3,-63.42668658443504
813.4,-63.309845497648645
813.5,-63.19358715821377
813.6,-63.07790865966584
813.7,-62.96280711003638
813.8000000000001,-62.848279631780635
813.9000000000001,-62.7343233617057
814.0,-62.620935450898905
814.1,-62.50811306465656
814.2,-62.39585338241312
814.3,-62.284153597670695
814.4,-62.17301091792885
814.5,-62.0624225646148
814.6,-61.952385773013944
814.7,-61.84289779220077
814.8000000000001,-61.73395588497005
814.9000000000001,-61.62555732776844
815.0,-61.517699410626356
815.1,-61.41037943709025
815.2,-61.30359472415519
815.3,-61.1973426021978
815.4,-61.09162041490949
815.5,-60.98642551923008
815.6,-60.881755285281706
815.7,-60.77760709630304
815.8000000000001,-60.673978348583965
815.9000000000001,-60.57086645140036
816.0,-60.46826882694944
816.1,-60.36618291028526
816.2,-60.26460614925457
816.3,-60.16353600443307
816.4,-60.06296994906186
816.5,-59.96290546898432
816.6,-59.86334006258324
816.7,-59.76427124071828
816.8000000000001,-59.66569652666372
816.9000000000001,-59.567613456046594
817.0,-59.470019576785006
817.1,-59.372912449026906
817.2,-59.27628964508904
817.3,-59.180148749396274
817.4,-59.084487358421214
817.5,-58.9893030806241
817.6,-58.89459353639302
817.7,-58.80035635798445
817.8000000000001,-58.70658918946402
817.9000000000001,-58.61328968664762
818.0,-58.520455517042826
818.1,-58.428084359790574
818.2,-58.33617390560711
818.3,-58.2447218567263
818.4,-58.15372592684216
818.5,-58.06318384105168
818.6,-57.97309333579803
818.7,-57.883452158813874
818.8000000000001,-57.794258069065116
818.9000000000001,-57.70550883669487
819.0,-57.6172022429677
819.1,-57.52933608021417
819.2,-57.44190815177564
819.3,-57.354916271949335
819.4,-57.26835826593373
819.5,-57.18223196977417
819.6,-57.09653523030876
819.6999999999999,-57.011265905114556
819.8000000000001,-56.92642186245398
819.9000000000001,-56.84200098122155
820.0,-56.75800115089084
820.1,-56.67442027146171
820.2,-56.59125625340784
820.3000000000001,-56.50850701762443
820.4,-56.42617049537627
820.5,-56.34424462824603
820.6,-56.262727368082764
820.6999999999999,-56.18161667695071
820.8000000000001,-56.10091052707838
820.9000000000001,-56.02060690080781
821.0,-55.94070379054418
821.1,-55.86119919870555
821.2,-55.78209113767299
821.3000000000001,-55.70337762974087
821.4,-55.625056707067365
821.5,-55.54712641162535
821.6,-55.46958479515336
821.6999999999999,-55.39242991910697
821.8000000000001,-55.315659854610246
821.9000000000001,-55.239272682407574
822.0,-55.16326649281568
822.1,-55.08763938567585
822.2,-55.01238947030649
822.3000000000001,-54.937514865455775
822.4,-54.863013699254694
822.5,-54.78888410917022
822.6,-54.71512424195872
822.6999999999999,-54.641732253619686
822.8000000000001,-54.56870630934958
822.9000000000001,-54.496044583496
823.0,-54.42374525951201
823.1,-54.35180652991074
823.2,-54.28022659622021
823.3000000000001,-54.20900366893835
823.4,-54.13813596748827
823.5,-54.067621720173726
823.6,-53.99745916413488
823.6999999999999,-53.92764654530418
823.8000000000001,-53.85818211836251
823.9000000000001,-53.789064146695566
824.0,-53.720290902350484
824.1,-53.65186066599255
824.2,-53.58377172686232
824.3000000000001,-53.516022382732736
824.4,-53.44861093986668
824.5,-53.381535712974575
824.6,-53.31479502517225
824.6999999999999,-53.24838720793903
824.8000000000001,-53.18231060107603
824.9000000000001,-53.116563552664644
825.0,-53.05114441902522
825.1,-52.98605156467602
825.2,-52.9212833622923
825.3000000000001,-52.85683819266561
825.4,-52.79271444466338
825.5,-52.728910515188545
825.6,-52.66542480913956
825.6999999999999,-52.602255739370456
825.8000000000001,-52.5394017266512
825.9000000000001,-52.47686119962822
826.0,-52.414632594785054
826.1,-52.35271435640336
826.2,-52.29110493652394
826.3000000000001,-52.2298027949081
826.4,-52.1688063989991
826.5,-52.108114223883874
826.6,-52.04772475225487
826.6999999999999,-51.98763647437216
826.8000000000001,-51.927847888025674
826.9000000000001,-51.86835749849762
827.0,-51.80916381852518
827.1,-51.75026536826326
827.2,-51.69166067524754
827.3000000000001,-51.633348274357644
827.4,-51.57532670778051
827.5,-51.51759452497395
827.6,-51.460150282630394
827.6999999999999,-51.40299254464078
827.8000000000001,-51.3461198820587
827.9000000000001,-51.28953087306461
828.0,-51.233224102930336
828.1,-51.17719816398371
828.2,-51.121451655573324
828.3000000000001,-51.06598318403357
828.4,-51.01079136264977
828.5,-50.95587481162352
828.6,-50.90123215803818
828.6999999999999,-50.84686203582456
828.8000000000001,-50.792763085726776
828.9000000000001,-50.73893395526826
829.0,-50.68537329871794
829.1,-50.63207977705663
829.2,-50.57905205794349
829.3000000000001,-50.526288815682804
829.4,-50.473788731190744
829.5,-50.42155049196248
829.6,-50.3695727920393
829.6999999999999,-50.31785433197601
829.8000000000001,-50.26639381880841
829.9000000000001,-50.215189966020986
830.0,-50.164241493514744
830.1,-50.11354712757524
830.2,-50.063105600840665
830.3000000000001,-50.01291565227024
830.4,-65.0
830.5,-65.0
830.6,-65.0
830.6999999999999,-65.0
830.8000000000001,-65.0
830.9000000000001,-65.0
831.0,-65.0
831.1,-65.0
831.2,-65.0
831.3000000000001,-65.0
831.4,-65.0
831.5,-65.0
831.6,-65.0
831.6999999999999,-65.0
831.8000000000001,-65.0
831.9000000000001,-65.0
832.0,-65.0
832.1,-65.0
832.2,-65.0
832.3000000000001,-65.0
832.4,-64.87531197981706
832.5,-64.75124584372918
832.6,-64.62779849007654
832.6999999999999,-64.50496683266887
832.8,-64.38274780070829
832.9000000000001,-64.2611383387127
833.0,-64.14013540643914
833.1,-64.01973597880806
833.2,-63.89993704582747
833.3000000000001,-63.780735612517816
833.4,-63.66212869883705
833.5,-63.54411333960616
833.6,-63.42668658443504
833.6999999999999,-63.309845497648645
833.8,-63.19358715821377
833.9000000000001,-63.07790865966584
834.0000000000001,-62.96280711003638
834.1,-62.848279631780635
834.2,-62.7343233617057
834.3000000000001,-62.620935450898905
834.4,-62.50811306465656
834.5,-62.39585338241312
834.6,-62.284153597670695
834.6999999999999,-62.17301091792885
834.8,-62.0624225646148
834.9000000000001,-61.952385773013944
835.0000000000001,-61.84289779220077
835.1,-61.73395588497005
835.2,-61.62555732776844
835.3000000000001,-61.517699410626356
835.4,-61.41037943709025
835.5,-61.30359472415519
835.6,-61.1973426021978
835.6999999999999,-61.09162041490949
835.8,-60.98642551923008
835.9000000000001,-60.881755285281706
836.0000000000001,-60.77760709630304
836.1,-60.673978348583965
836.2,-60.57086645140036
836.3000000000001,-60.46826882694944
836.4,-60.36618291028526
836.5,-60.26460614925457
836.6,-60.16353600443307
836.6999999999999,-60.06296994906186
836.8,-59.96290546898432
836.9000000000001,-59.86334006258324
837.0000000000001,-59.76427124071828
837.1,-59.66569652666372
837.2,-59.567613456046594
837.3000000000001,-59.470019576785006
837.4,-59.372912449026906
837.5,-59.27628964508904
837.6,-59.180148749396274
837.6999999999999,-59.084487358421214
837.8,-58.9893030806241
837.9000000000001,-58.89459353639302
838.0000000000001,-58.80035635798445
838.1,-58.70658918946402
838.2,-58.61328968664762
838.3000000000001,-58.520455517042826
838.4,-58.428084359790574
838.5,-58.33617390560711
838.6,-58.2447218567263
838.6999999999999,-58.15372592684216
838.8,-58.06318384105168
838.9000000000001,-57.97309333579803
839.0000000000001,-57.883452158813874
839.1,-57.794258069065116
839.2,-57.70550883669487
839.3000000000001,-57.6172022429677
839.4,-57.52933608021417
839.5,-57.44190815177564
839.6,-57.354916271949335
839.6999999999999,-57.26835826593373
839.8,-57.18223196977417
839.9000000000001,-57.09653523030876
840.0000000000001,-57.011265905114556
840.1,-56.92642186245398
840.2,-56.84200098122155
840.3000000000001,-56.75800115089084
840.4,-56.67442027146171
840.5,-56.59125625340784
840.6,-56.50850701762443
840.6999999999999,-56.42617049537627
840.8,-56.34424462824603
840.9000000000001,-56.262727368082764
841.0000000000001,-56.18161667695071
841.1,-56.10091052707838
841.2,-56.02060690080781
841.3000000000001,-55.94070379054418
841.4,-55.86119919870555
841.5,-55.78209113767299
841.6,-55.70337762974087
841.6999999999999,-55.625056707067365
841.8,-55.54712641162535
841.9000000000001,-55.46958479515336
842.0000000000001,-55.39242991910697
842.1,-55.315659854610246
842.2,-55.239272682407574
842.3000000000001,-55.16326649281568
842.4,-55.08763938567585
842.5,-55.01238947030649
842.6,-54.937514865455775
842.6999999999999,-54.863013699254694
842.8,-54.78888410917022
842.9000000000001,-54.71512424195872
843.0000000000001,-54.641732253619686
843.1,-54.56870630934958
843.2,-54.496044583496
843.3000000000001,-54.42374525951201
843.4,-54.35180652991074
843.5,-54.28022659622021
843.6,-54.20900366893835
843.6999999999999,-54.13813596748827
843.8,-54.067621720173726
843.9000000000001,-53.99745916413488
844.0000000000001,-53.92764654530418
844.1,-53.85818211836251
844.2,-53.789064146695566
844.3000000000001,-53.720290902350484
844.4,-53.65186066599255
844.5,-53.58377172686232
844.6,-53.516022382732736
844.7,-53.44861093986668
844.8,-53.381535712974575
844.9000000000001,-53.31479502517225
845.0000000000001,-53.24838720793903
845.1,-53.18231060107603
845.2,-53.116563552664644
845.3000000000001,-53.05114441902522
845.4,-52.98605156467602
845.5,-52.9212833622923
845.6,-52.85683819266561
845.7,-52.79271444466338
845.8,-52.728910515188545
845.9,-52.66542480913956
846.0000000000001,-52.602255739370456
846.1,-52.5394017266512
846.2,-52.47686119962822
846.3000000000001,-52.414632594785054
846.4,-52.35271435640336
846.5,-52.29110493652394
846.6,-52.2298027949081
846.7,-52.1688063989991
846.8,-52.108114223883874
846.9,-52.04772475225487
847.0000000000001,-51.98763647437216
847.1,-51.927847888025674
847.2,-51.86835749849762
847.3000000000001,-51.80916381852518
847.4,-51.75026536826326
847.5,-51.69166067524754
847.6,-51.633348274357644
847.7,-51.57532670778051
847.8,-51.51759452497395
847.9,-51.460150282630394
848.0000000000001,-51.40299254464078
848.1,-51.3461198820587
848.2,-51.28953087306461
848.3000000000001,-51.233224102930336
848.4,-51.17719816398371
848.5,-51.121451655573324
848.6,-51.06598318403357
848.7,-51.01079136264977
848.8,-50.95587481162352
848.9,-50.90123215803818
849.0000000000001,-50.84686203582456
849.1,-50.792763085726776
849.2,-50.73893395526826
849.3000000000001,-50.68537329871794
849.4,-50.63207977705663
849.5,-50.57905205794349
849.6,-50.526288815682804
849.7,-50.473788731190744
849.8,-50.42155049196248
849.9,-50.3695727920393
850.0000000000001,-50.31785433197601
850.1,-50.26639381880841
850.2,-50.215189966020986
850.3000000000001,-50.164241493514744
850.4,-50.11354712757524
850.5,-50.063105600840665
850.6,-50.01291565227024
850.7,-65.0
850.8,-65.0
850.9,-65.0
851.0000000000001,-65.0
851.1,-65.0
851.2,-65.0
851.3000000000001,-65.0
851.4,-65.0
851.5,-65.0
851.6,-65.0
851.7,-65.0
851.8,-65.0
851.9,-65.0
852.0000000000001,-65.0
852.1,-65.0
852.2,-65.0
852.3000000000001,-65.0
852.4,-65.0
852.5,-65.0
852.6,-65.0
852.7,-64.87531197981706
852.8,-64.75124584372918
852.9,-64.62779849007654
853.0000000000001,-64.50496683266887
853.1,-64.38274780070829
853.2,-64.2611383387127
853.3000000000001,-64.14013540643914
853.4,-64.01973597880806
853.5,-63.89993704582747
853.6,-63.780735612517816
853.7,-63.66212869883705
853.8,-63.54411333960616
853.9,-63.42668658443504
854.0000000000001,-63.309845497648645
854.1,-63.19358715821377
854.2,-63.07790865966584
854.3000000000001,-62.96280711003638
854.4,-62.848279631780635
854.5,-62.7343233617057
854.6,-62.620935450898905
854.7,-62.50811306465656
854.8,-62.39585338241312
854.9,-62.284153597670695
855.0000000000001,-62.17301091792885
855.1,-62.0624225646148
855.2,-61.952385773013944
855.3000000000001,-61.84289779220077
855.4,-61.73395588497005
855.5,-61.62555732776844
855.6,-61.517699410626356
855.7,-61.41037943709025
855.8,-61.30359472415519
855.9,-61.1973426021978
856.0000000000001,-61.09162041490949
856.1,-60.98642551923008
856.2,-60.881755285281706
856.3000000000001,-60.77760709630304
856.4,-60.673978348583965
856.5,-60.57086645140036
856.6,-60.46826882694944
856.7,-60.36618291028526
856.8,-60.26460614925457
856.9,-60.16353600443307
857.0000000000001,-60.06296994906186
857.1,-59.96290546898432
857.2,-59.86334006258324
857.3000000000001,-59.76427124071828
857.4,-59.66569652666372
857.5,-59.567613456046594
857.6,-59.470019576785006
857.7,-59.372912449026906
857.8,-59.27628964508904
857.9,-59.180148749396274
858.0000000000001,-59.084487358421214
858.1,-58.9893030806241
858.2,-58.89459353639302
858.3000000000001,-58.80035635798445
858.4,-58.70658918946402
858.5,-58.61328968664762
858.6,-58.520455517042826
858.7,-58.428084359790574
858.8,-58.33617390560711
858.9,-58.2447218567263
859.0,-58.15372592684216
859.1,-58.06318384105168
859.2,-57.97309333579803
859.3000000000001,-57.883452158813874
859.4000000000001,-57.794258069065116
859.5,-57.70550883669487
859.6,-57.6172022429677
859.7,-57.52933608021417
859.8,-57.44190815177564
859.9,-57.354916271949335
860.0,-57.26835826593373
860.1,-57.18223196977417
860.2,-57.09653523030876
860.3000000000001,-57.011265905114556
860.4000000000001,-56.92642186245398
860.5,-56.84200098122155
860.6,-56.75800115089084
860.7,-56.67442027146171
860.8,-56.59125625340784
860.9,-56.50850701762443
861.0,-56.42617049537627
861.1,-56.34424462824603
861.2,-56.262727368082764
861.3000000000001,-56.18161667695071
861.4000000000001,-56.10091052707838
861.5,-56.02060690080781
861.6,-55.94070379054418
861.7,-55.86119919870555
861.8,-55.78209113767299
861.9,-55.70337762974087
862.0,-55.625056707067365
862.1,-55.54712641162535
862.2,-55.46958479515336
862.3000000000001,-55.39242991910697
862.4000000000001,-55.315659854610246
862.5,-55.239272682407574
862.6,-55.16326649281568
862.7,-55.08763938567585
862.8,-55.01238947030649
862.9,-54.937514865455775
863.0,-54.863013699254694
863.1,-54.78888410917022
863.2,-54.71512424195872
863.3000000000001,-54.641732253619686
863.4000000000001,-54.56870630934958
863.5,-54.496044583496
863.6,-54.42374525951201
863.7,-54.35180652991074
863.8,-54.28022659622021
863.9,-54.20900366893835
864.0,-54.13813596748827
864.1,-54.067621720173726
864.2,-53.99745916413488
864.3000000000001,-53.92764654530418
864.4000000000001,-53.85818211836251
864.5,-53.789064146695566
864.6,-53.720290902350484
864.7,-53.65186066599255
864.8,-53.58377172686232
864.9,-53.516022382732736
865.0,-53.44861093986668
865.1,-53.381535712974575
865.2,-53.31479502517225
865.3000000000001,-53.24838720793903
865.4000000000001,-53.18231060107603
865.5,-53.116563552664644
865.6,-53.05114441902522
865.7,-52.98605156467602
865.8,-52.9212833622923
865.9,-52.85683819266561
866.0,-52.79271444466338
866.1,-52.728910515188545
866.2,-52.66542480913956
866.3000000000001,-52.602255739370456
866.4000000000001,-52.5394017266512
866.5,-52.47686119962822
866.6,-52.414632594785054
866.7,-52.35271435640336
866.8,-52.29110493652394
866.9,-52.2298027949081
867.0,-52.1688063989991
867.1,-52.108114223883874
867.2,-52.04772475225487
867.3000000000001,-51.98763647437216
867.4000000000001,-51.927847888025674
867.5,-51.86835749849762
867.6,-51.80916381852518
867.7,-51.75026536826326
867.8,-51.69166067524754
867.9,-51.633348274357644
868.0,-51.57532670778051
868.1,-51.51759452497395
868.2,-51.460150282630394
868.3000000000001,-51.40299254464078
868.4000000000001,-51.3461198820587
868.5,-51.28953087306461
868.6,-51.233224102930336
868.7,-51.17719816398371
868.8,-51.121451655573324
868.9,-51.06598318403357
869.0,-51.01079136264977
869.1,-50.95587481162352
869.2,-50.90123215803818
869.3000000000001,-50.84686203582456
869.4000000000001,-50.792763085726776
869.5,-50.73893395526826
869.6,-50.68537329871794
869.7,-50.63207977705663
869.8,-50.57905205794349
869.9,-50.526288815682804
870.0,-50.473788731190744
870.1,-50.42155049196248
870.2,-50.3695727920393
870.3000000000001,-50.31785433197601
870.4000000000001,-50.26639381880841
870.5,-50.215189966020986
870.6,-50.164241493514744
870.7,-50.11354712757524
870.8,-50.063105600840665
870.9,-50.01291565227024
871.0,-65.0
871.1,-65.0
871.2,-65.0
871.3000000000001,-65.0
871.4000000000001,-65.0
871.5,-65.0
871.6,-65.0
871.7,-65.0
871.8,-65.0
871.9,-65.0
872.0,-65.0
872.1,-65.0
872.2,-65.0
872.3000000000001,-65.0
872.4000000000001,-65.0
872.5,-65.0
872.6,-65.0
872.7,-65.0
872.8,-65.0
872.9,-65.0
873.0,-64.87531197981706
873.1,-64.75124584372918
873.2,-64.62779849007654
873.3000000000001,-64.50496683266887
873.4000000000001,-64.38274780070829
873.5,-64.2611383387127
873.6,-64.14013540643914
873.7,-64.01973597880806
873.8,-63.89993704582747
873.9,-63.780735612517816
874.0,-63.66212869883705
874.1,-63.54411333960616
874.2,-63.42668658443504
874.3000000000001,-63.309845497648645
874.4000000000001,-63.19358715821377
874.5,-63.07790865966584
874.6,-62.96280711003638
874.7,-62.848279631780635
874.8,-62.7343233617057
874.9,-62.620935450898905
875.0,-62.50811306465656
875.1,-62.39585338241312
875.2,-62.284153597670695
875.3000000000001,-62.17301091792885
875.4000000000001,-62.0624225646148
875.5,-61.952385773013944
875.6,-61.84289779220077
875.7,-61.73395588497005
875.8,-61.62555732776844
875.9,-61.517699410626356
876.0,-61.41037943709025
876.1,-61.30359472415519
876.2,-61.1973426021978
876.3000000000001,-61.09162041490949
876.4000000000001,-60.98642551923008
876.5,-60.881755285281706
876.6,-60.77760709630304
876.7,-60.673978348583965
876.8,-60.57086645140036
876.9,-60.46826882694944
877.0,-60.36618291028526
877.1,-60.26460614925457
877.2,-60.16353600443307
877.3000000000001,-60.06296994906186
877.4000000000001,-59.96290546898432
877.5,-59.86334006258324
877.6,-59.76427124071828
877.7,-59.66569652666372
877.8,-59.567613456046594
877.9,-59.470019576785006
878.0,-59.372912449026906
878.1,-59.27628964508904
878.2,-59.180148749396274
878.3000000000001,-59.084487358421214
878.4000000000001,-58.9893030806241
878.5,-58.89459353639302
878.6,-58.80035635798445
878.7,-58.70658918946402
878.8,-58.61328968664762
878.9,-58.520455517042826
879.0,-58.428084359790574
879.1,-58.33617390560711
879.2,-58.2447218567263
879.3000000000001,-58.15372592684216
879.4000000000001,-58.06318384105168
879.5,-57.97309333579803
879.6,-57.883452158813874
879.7,-57.794258069065116
879.8,-57.70550883669487
879.9,-57.6172022429677
880.0,-57.52933608021417
880.1,-57.44190815177564
880.2,-57.354916271949335
880.3000000000001,-57.26835826593373
880.4000000000001,-57.18223196977417
880.5,-57.09653523030876
880.6,-57.011265905114556
880.7,-56.92642186245398
880.8,-56.84200098122155
880.9,-56.75800115089084
881.0,-56.67442027146171
881.1,-56.59125625340784
881.2,-56.50850701762443
881.3000000000001,-56.42617049537627
881.4000000000001,-56.34424462824603
881.5,-56.262727368082764
881.6,-56.18161667695071
881.7,-56.10091052707838
881.8,-56.02060690080781
881.9,-55.94070379054418
882.0,-55.86119919870555
882.1,-55.78209113767299
882.2,-55.70337762974087
882.3000000000001,-55.625056707067365
882.4000000000001,-55.54712641162535
882.5,-55.46958479515336
882.6,-55.39242991910697
882.7,-55.315659854610246
882.8,-55.239272682407574
882.9,-55.16326649281568
883.0,-55.08763938567585
883.1,-55.01238947030649
883.2,-54.937514865455775
883.3000000000001,-54.863013699254694
883.4000000000001,-54.78888410917022
883.5,-54.71512424195872
883.6,-54.641732253619686
883.7,-54.56870630934958
883.8000000000001,-54.496044583496
883.9,-54.42374525951201
884.0,-54.35180652991074
884.1,-54.28022659622021
884.2,-54.20900366893835
884.3000000000001,-54.13813596748827
884.4000000000001,-54.067621720173726
884.5,-53.99745916413488
884.6,-53.92764654530418
884.7,-53.85818211836251
884.8000000000001,-53.789064146695566
884.9,-53.720290902350484
885.0,-53.65186066599255
885.1,-53.58377172686232
885.2,-53.516022382732736
885.3000000000001,-53.44861093986668
885.4000000000001,-53.381535712974575
885.5,-53.31479502517225
885.6,-53.24838720793903
885.7,-53.18231060107603
885.8000000000001,-53.116563552664644
885.9,-53.05114441902522
886.0,-52.98605156467602
886.1,-52.9212833622923
886.1999999999999,-52.85683819266561
886.3000000000001,-52.79271444466338
886.4000000000001,-52.728910515188545
886.5,-52.66542480913956
886.6,-52.602255739370456
886.7,-52.5394017266512
886.8000000000001,-52.47686119962822
886.9,-52.414632594785054
887.0,-52.35271435640336
887.1,-52.29110493652394
887.1999999999999,-52.2298027949081
887.3000000000001,-52.1688063989991
887.4000000000001,-52.108114223883874
887.5,-52.04772475225487
887.6,-51.98763647437216
887.7,-51.927847888025674
887.8000000000001,-51.86835749849762
887.9,-51.80916381852518
888.0,-51.75026536826326
888.1,-51.69166067524754
888.1999999999999,-51.633348274357644
888.3000000000001,-51.57532670778051
888.4000000000001,-51.51759452497395
888.5,-51.460150282630394
888.6,-51.40299254464078
888.7,-51.3461198820587
888.8000000000001,-51.28953087306461
888.9,-51.233224102930336
889.0,-51.17719816398371
889.1,-51.121451655573324
889.1999999999999,-51.06598318403357
889.3000000000001,-51.01079136264977
889.4000000000001,-50.95587481162352
889.5,-50.90123215803818
889.6,-50.84686203582456
889.7,-50.792763085726776
889.8000000000001,-50.73893395526826
889.9,-50.68537329871794
890.0,-50.63207977705663
890.1,-50.57905205794349
890.1999999999999,-50.526288815682804
890.3000000000001,-50.473788731190744
890.4000000000001,-50.42155049196248
890.5,-50.3695727920393
890.6,-50.31785433197601
890.7,-50.26639381880841
890.8000000000001,-50.215189966020986
890.9,-50.164241493514744
891.0,-50.11354712757524
891.1,-50.063105600840665
891.1999999999999,-50.01291565227024
891.3000000000001,-65.0
891.4000000000001,-65.0
891.5,-65.0
891.6,-65.0
891.7,-65.0
891.8000000000001,-65.0
891.9,-65.0
892.0,-65.0
892.1,-65.0
892.1999999999999,-65.0
892.3000000000001,-65.0
892.4000000000001,-65.0
892.5,-65.0
892.6,-65.0
892.7,-65.0
892.8000000000001,-65.0
892.9,-65.0
893.0,-65.0
893.1,-65.0
893.1999999999999,-65.0
893.3000000000001,-64.87531197981706
893.4000000000001,-64.75124584372918
893.5,-64.62779849007654
893.6,-64.50496683266887
893.7,-64.38274780070829
893.8000000000001,-64.2611383387127
893.9,-64.14013540643914
894.0,-64.01973597880806
894.1,-63.89993704582747
894.1999999999999,-63.780735612517816
894.3000000000001,-63.66212869883705
894.4000000000001,-63.54411333960616
894.5,-63.42668658443504
894.6,-63.309845497648645
894.7,-63.19358715821377
894.8000000000001,-63.07790865966584
894.9,-62.96280711003638
895.0,-62.848279631780635
895.1,-62.7343233617057
895.1999999999999,-62.620935450898905
895.3000000000001,-62.50811306465656
895.4000000000001,-62.39585338241312
895.5,-62.284153597670695
895.6,-62.17301091792885
895.7,-62.0624225646148
895.8000000000001,-61.952385773013944
895.9,-61.84289779220077
896.0,-61.73395588497005
896.1,-61.62555732776844
896.1999999999999,-61.517699410626356
896.3000000000001,-61.41037943709025
896.4000000000001,-61.30359472415519
896.5,-61.1973426021978
896.6,-61.09162041490949
896.7,-60.98642551923008
896.8000000000001,-60.881755285281706
896.9,-60.77760709630304
897.0,-60.673978348583965
897.1,-60.57086645140036
897.1999999999999,-60.46826882694944
897.3000000000001,-60.36618291028526
897.4000000000001,-60.26460614925457
897.5,-60.16353600443307
897.6,-60.06296994906186
897.7,-59.96290546898432
897.8000000000001,-59.86334006258324
897.9,-59.76427124071828
898.0,-59.66569652666372
898.1,-59.567613456046594
898.1999999999999,-59.470019576785006
898.3000000000001,-59.372912449026906
898.4000000000001,-59.27628964508904
898.5000000000001,-59.180148749396274
898.6,-59.084487358421214
898.7,-58.9893030806241
898.8000000000001,-58.89459353639302
898.9,-58.80035635798445
899.0,-58.70658918946402
899.1,-58.61328968664762
899.1999999999999,-58.520455517042826
899.3,-58.428084359790574
899.4000000000001,-58.33617390560711
899.5000000000001,-58.2447218567263
899.6,-58.15372592684216
899.7,-58.06318384105168
899.8000000000001,-57.97309333579803
899.9,-57.883452158813874
900.0,-57.794258069065116
900.1,-57.70550883669487
900.1999999999999,-57.6172022429677
900.3,-57.52933608021417
900.4000000000001,-57.44190815177564
900.5000000000001,-57.354916271949335
900.6,-57.26835826593373
900.7,-57.18223196977417
900.8000000000001,-57.09653523030876
900.9,-57.011265905114556
901.0,-56.92642186245398
901.1,-56.84200098122155
901.1999999999999,-56.75800115089084
901.3,-56.67442027146171
901.4000000000001,-56.59125625340784
901.5000000000001,-56.50850701762443
901.6,-56.42617049537627
901.7,-56.34424462824603
901.8000000000001,-56.262727368082764
901.9,-56.18161667695071
902.0,-56.10091052707838
902.1,-56.02060690080781
902.1999999999999,-55.94070379054418
902.3,-55.86119919870555
902.4000000000001,-55.78209113767299
902.5000000000001,-55.70337762974087
902.6,-55.625056707067365
902.7,-55.54712641162535
902.8000000000001,-55.46958479515336
902.9,-55.39242991910697
903.0,-55.315659854610246
903.1,-55.239272682407574
903.1999999999999,-55.16326649281568
903.3,-55.08763938567585
903.4000000000001,-55.01238947030649
903.5000000000001,-54.937514865455775
903.6,-54.863013699254694
903.7,-54.78888410917022
903.8000000000001,-54.71512424195872
903.9,-54.641732253619686
904.0,-54.56870630934958
904.1,-54.496044583496
904.1999999999999,-54.42374525951201
904.3,-54.35180652991074
904.4000000000001,-54.28022659622021
904.5000000000001,-54.20900366893835
904.6,-54.13813596748827
904.7,-54.067621720173726
904.8000000000001,-53.99745916413488
904.9,-53.92764654530418
905.0,-53.85818211836251
905.1,-53.789064146695566
905.1999999999999,-53.720290902350484
905.3,-53.65186066599255
905.4000000000001,-53.58377172686232
905.5000000000001,-53.516022382732736
905.6,-53.44861093986668
905.7,-53.381535712974575
905.8000000000001,-53.31479502517225
905.9,-53.24838720793903
906.0,-53.18231060107603
906.1,-53.116563552664644
906.1999999999999,-53.05114441902522
906.3,-52.98605156467602
906.4000000000001,-52.9212833622923
906.5000000000001,-52.85683819266561
906.6,-52.79271444466338
906.7,-52.728910515188545
906.8000000000001,-52.66542480913956
906.9,-52.602255739370456
907.0,-52.5394017266512
907.1,-52.47686119962822
907.1999999999999,-52.414632594785054
907.3,-52.35271435640336
907.4000000000001,-52.29110493652394
907.5000000000001,-52.2298027949081
907.6,-52.1688063989991
907.7,-52.108114223883874
907.8000000000001,-52.04772475225487
907.9,-51.98763647437216
908.0,-51.927847888025674
908.1,-51.86835749849762
908.1999999999999,-51.80916381852518
908.3,-51.75026536826326
908.4000000000001,-51.69166067524754
908.5000000000001,-51.633348274357644
908.6,-51.57532670778051
908.7,-51.51759452497395
908.8000000000001,-51.460150282630394
908.9,-51.40299254464078
909.0,-51.3461198820587
909.1,-51.28953087306461
909.2,-51.233224102930336
909.3,-51.17719816398371
909.4000000000001,-51.121451655573324
909.5000000000001,-51.06598318403357
909.6,-51.01079136264977
909.7,-50.95587481162352
909.8000000000001,-50.90123215803818
909.9,-50.84686203582456
910.0,-50.792763085726776
910.1,-50.73893395526826
910.2,-50.68537329871794
910.3,-50.63207977705663
910.4000000000001,-50.57905205794349
910.5000000000001,-50.526288815682804
910.6,-50.473788731190744
910.7,-50.42155049196248
910.8000000000001,-50.3695727920393
910.9,-50.31785433197601
911.0,-50.26639381880841
911.1,-50.215189966020986
911.2,-50.164241493514744
911.3,-50.11354712757524
911.4000000000001,-50.063105600840665
911.5000000000001,-50.01291565227024
911.6,-65.0
911.7,-65.0
911.8000000000001,-65.0
911.9,-65.0
912.0,-65.0
912.1,-65.0
912.2,-65.0
912.3,-65.0
912.4,-65.0
912.5000000000001,-65.0
912.6,-65.0
912.7,-65.0
912.8000000000001,-65.0
912.9,-65.0
913.0,-65.0
913.1,-65.0
913.2,-65.0
913.3,-65.0
913.4,-65.0
913.5000000000001,-65.0
913.6,-64.87531197981706
913.7,-64.75124584372918
913.8000000000001,-64.62779849007654
913.9,-64.50496683266887
914.0,-64.38274780070829
914.1,-64.2611383387127
914.2,-64.14013540643914
914.3,-64.01973597880806
914.4,-63.89993704582747
914.5000000000001,-63.780735612517816
914.6,-63.66212869883705
914.7,-63.54411333960616
914.8000000000001,-63.42668658443504
914.9,-63.309845497648645
915.0,-63.19358715821377
915.1,-63.07790865966584
915.2,-62.96280711003638
915.3,-62.848279631780635
915.4,-62.7343233617057
915.5000000000001,-62.620935450898905
915.6,-62.50811306465656
915.7,-62.39585338241312
915.8000000000001,-62.284153597670695
915.9,-62.17301091792885
916.0,-62.0624225646148
916.1,-61.952385773013944
916.2,-61.84289779220077
916.3,-61.73395588497005
916.4,-61.62555732776844
916.5000000000001,-61.517699410626356
916.6,-61.41037943709025
916.7,-61.30359472415519
916.8000000000001,-61.1973426021978
916.9,-61.09162041490949
917.0,-60.98642551923008
917.1,-60.881755285281706
917.2,-60.77760709630304
917.3,-60.673978348583965
917.4,-60.57086645140036
917.5000000000001,-60.46826882694944
917.6,-60.36618291028526
917.7,-60.26460614925457
917.8000000000001,-60.16353600443307
917.9,-60.06296994906186
918.0,-59.96290546898432
918.1,-59.86334006258324
918.2,-59.76427124071828
918.3,-59.66569652666372
918.4,-59.567613456046594
918.5000000000001,-59.470019576785006
918.6,-59.372912449026906
918.7,-59.27628964508904
918.8000000000001,-59.180148749396274
918.9,-59.084487358421214
919.0,-58.9893030806241
919.1,-58.89459353639302
919.2,-58.80035635798445
919.3,-58.70658918946402
919.4,-58.61328968664762
919.5000000000001,-58.520455517042826
919.6,-58.428084359790574
919.7,-58.33617390560711
919.8000000000001,-58.2447218567263
919.9,-58.15372592684216
920.0,-58.06318384105168
920.1,-57.97309333579803
920.2,-57.883452158813874
920.3,-57.794258069065116
920.4,-57.70550883669487
920.5000000000001,-57.6172022429677
920.6,-57.52933608021417
920.7,-57.44190815177564
920.8000000000001,-57.354916271949335
920.9,-57.26835826593373
921.0,-57.18223196977417
921.1,-57.09653523030876
921.2,-57.011265905114556
921.3,-56.92642186245398
921.4,-56.84200098122155
921.5000000000001,-56.75800115089084
921.6,-56.67442027146171
921.7,-56.59125625340784
921.8000000000001,-56.50850701762443
921.9,-56.42617049537627
922.0,-56.34424462824603
922.1,-56.262727368082764
922.2,-56.18161667695071
922.3,-56.10091052707838
922.4,-56.02060690080781
922.5000000000001,-55.94070379054418
922.6,-55.86119919870555
922.7,-55.78209113767299
922.8000000000001,-55.70337762974087
922.9000000000001,-55.625056707067365
923.0,-55.54712641162535
923.1,-55.46958479515336
923.2,-55.39242991910697
923.3,-55.315659854610246
923.4,-55.239272682407574
923.5000000000001,-55.16326649281568
923.6,-55.08763938567585
923.7,-55.01238947030649
923.8000000000001,-54.937514865455775
923.9000000000001,-54.863013699254694
924.0,-54.78888410917022
924.1,-54.71512424195872
924.2,-54.641732253619686
924.3,-54.56870630934958
924.4,-54.496044583496
924.5000000000001,-54.42374525951201
924.6,-54.35180652991074
924.7,-54.28022659622021
924.8000000000001,-54.20900366893835
924.9000000000001,-54.13813596748827
925.0,-54.067621720173726
925.1,-53.99745916413488
925.2,-53.92764654530418
925.3,-53.85818211836251
925.4,-53.789064146695566
925.5,-53.720290902350484
925.6,-53.65186066599255
925.7,-53.58377172686232
925.8000000000001,-53.516022382732736
925.9000000000001,-53.44861093986668
926.0,-53.381535712974575
926.1,-53.31479502517225
926.2,-53.24838720793903
926.3,-53.18231060107603
926.4,-53.116563552664644
926.5,-53.05114441902522
926.6,-52.98605156467602
926.7,-52.9212833622923
926.8000000000001,-52.85683819266561
926.9000000000001,-52.79271444466338
927.0,-52.728910515188545
927.1,-52.66542480913956
927.2,-52.602255739370456
927.3,-52.5394017266512
927.4,-52.47686119962822
927.5,-52.414632594785054
927.6,-52.35271435640336
927.7,-52.29110493652394
927.8000000000001,-52.2298027949081
927.9000000000001,-52.1688063989991
928.0,-52.108114223883874
928.1,-52.04772475225487
928.2,-51.98763647437216
928.3,-51.927847888025674
928.4,-51.86835749849762
928.5,-51.80916381852518
928.6,-51.75026536826326
928.7,-51.69166067524754
928.8000000000001,-51.633348274357644
928.9000000000001,-51.57532670778051
929.0,-51.51759452497395
929.1,-51.460150282630394
929.2,-51.40299254464078
929.3,-51.3461198820587
929.4,-51.28953087306461
929.5,-51.233224102930336
929.6,-51.17719816398371
929.7,-51.121451655573324
929.8000000000001,-51.06598318403357
929.9000000000001,-51.01079136264977
930.0,-50.95587481162352
930.1,-50.90123215803818
930.2,-50.84686203582456
930.3,-50.792763085726776
930.4,-50.73893395526826
930.5,-50.68537329871794
930.6,-50.63207977705663
930.7,-50.57905205794349
930.8000000000001,-50.526288815682804
930.9000000000001,-50.473788731190744
931.0,-50.42155049196248
931.1,-50.3695727920393
931.2,-50.31785433197601
931.3,-50.26639381880841
931.4,-50.215189966020986
931.5,-50.164241493514744
931.6,-50.11354712757524
931.7,-50.063105600840665
931.8000000000001,-50.01291565227024
931.9000000000001,-65.0
932.0,-65.0
932.1,-65.0
932.2,-65.0
932.3,-65.0
932.4,-65.0
932.5,-65.0
932.6,-65.0
932.7,-65.0
932.8000000000001,-65.0
932.9000000000001,-65.0
933.0,-65.0
933.1,-65.0
933.2,-65.0
933.3,-65.0
933.4,-65.0
933.5,-65.0
933.6,-65.0
933.7,-65.0
933.8000000000001,-65.0
933.9000000000001,-64.87531197981706
934.0,-64.75124584372918
934.1,-64.62779849007654
934.2,-64.50496683266887
934.3,-64.38274780070829
934.4,-64.2611383387127
934.5,-64.14013540643914
934.6,-64.01973597880806
934.7,-63.89993704582747
934.8000000000001,-63.780735612517816
934.9000000000001,-63.66212869883705
935.0,-63.54411333960616
935.1,-63.42668658443504
935.2,-63.309845497648645
935.3,-63.19358715821377
935.4,-63.07790865966584
935.5,-62.96280711003638
935.6,-62.848279631780635
935.7,-62.7343233617057
935.8000000000001,-62.620935450898905
935.9000000000001,-62.50811306465656
936.0,-62.39585338241312
936.1,-62.284153597670695
936.2,-62.17301091792885
936.3,-62.0624225646148
936.4,-61.952385773013944
936.5,-61.84289779220077
936.6000000000001,-61.73395588497005
936.7,-61.62555732776844
936.8000000000001,-61.517699410626356
936.9000000000001,-61.41037943709025
937.0,-61.30359472415519
937.1,-61.1973426021978
937.2,-61.09162041490949
937.3,-60.98642551923008
937.4,-60.881755285281706
937.5,-60.77760709630304
937.6000000000001,-60.673978348583965
937.7,-60.57086645140036
937.8000000000001,-60.46826882694944
937.9000000000001,-60.36618291028526
938.0,-60.26460614925457
938.1,-60.16353600443307
938.2,-60.06296994906186
938.3,-59.96290546898432
938.4,-59.86334006258324
938.5,-59.76427124071828
938.6,-59.66569652666372
938.7,-59.567613456046594
938.8000000000001,-59.470019576785006
938.9000000000001,-59.372912449026906
939.0,-59.27628964508904
939.1,-59.180148749396274
939.2,-59.084487358421214
939.3,-58.9893030806241
939.4,-58.89459353639302
939.5,-58.80035635798445
939.6,-58.70658918946402
939.7,-58.61328968664762
939.8000000000001,-58.520455517042826
939.9000000000001,-58.428084359790574
940.0,-58.33617390560711
940.1,-58.2447218567263
940.2,-58.15372592684216
940.3,-58.06318384105168
940.4,-57.97309333579803
940.5,-57.883452158813874
940.6,-57.794258069065116
940.7,-57.70550883669487
940.8000000000001,-57.6172022429677
940.9000000000001,-57.52933608021417
941.0,-57.44190815177564
941.1,-57.354916271949335
941.2,-57.26835826593373
941.3,-57.18223196977417
941.4,-57.09653523030876
941.5,-57.011265905114556
941.6,-56.92642186245398
941.7,-56.84200098122155
941.8000000000001,-56.75800115089084
941.9000000000001,-56.67442027146171
942.0,-56.59125625340784
942.1,-56.50850701762443
942.2,-56.42617049537627
942.3,-56.34424462824603
942.4,-56.262727368082764
942.5,-56.18161667695071
942.6,-56.10091052707838
942.7,-56.02060690080781
942.8000000000001,-55.94070379054418
942.9000000000001,-55.86119919870555
943.0,-55.78209113767299
943.1,-55.70337762974087
943.2,-55.625056707067365
943.3,-55.54712641162535
943.4,-55.46958479515336
943.5,-55.39242991910697
943.6,-55.315659854610246
943.7,-55.239272682407574
943.8000000000001,-55.16326649281568
943.9000000000001,-55.08763938567585
944.0,-55.01238947030649
944.1,-54.937514865455775
944.2,-54.863013699254694
944.3,-54.78888410917022
944.4,-54.71512424195872
944.5,-54.641732253619686
944.6,-54.56870630934958
944.7,-54.496044583496
944.8000000000001,-54.42374525951201
944.9000000000001,-54.35180652991074
945.0,-54.28022659622021
945.1,-54.20900366893835
945.2,-54.13813596748827
945.3,-54.067621720173726
945.4,-53.99745916413488
945.5,-53.92764654530418
945.6,-53.85818211836251
945.7,-53.789064146695566
945.8000000000001,-53.720290902350484
945.9000000000001,-53.65186066599255
946.0,-53.58377172686232
946.1,-53.516022382732736
946.2,-53.44861093986668
946.3,-53.381535712974575
946.4,-53.31479502517225
946.5,-53.24838720793903
946.6,-53.18231060107603
946.7,-53.116563552664644
946.8000000000001,-53.05114441902522
946.9000000000001,-52.98605156467602
947.0,-52.9212833622923
947.1,-52.85683819266561
947.2,-52.79271444466338
947.3,-52.728910515188545
947.4,-52.66542480913956
947.5,-52.602255739370456
947.6,-52.5394017266512
947.7,-52.47686119962822
947.8000000000001,-52.414632594785054
947.9000000000001,-52.35271435640336
948.0,-52.29110493652394
948.1,-52.2298027949081
948.2,-52.1688063989991
948.3000000000001,-52.108114223883874
948.4,-52.04772475225487
948.5,-51.98763647437216
948.6,-51.927847888025674
948.7,-51.86835749849762
948.8000000000001,-51.80916381852518
948.9000000000001,-51.75026536826326
949.0,-51.69166067524754
949.1,-51.633348274357644
949.2,-51.57532670778051
949.3000000000001,-51.51759452497395
949.4,-51.460150282630394
949.5,-51.40299254464078
949.6,-51.3461198820587
949.7,-51.28953087306461
949.8000000000001,-51.233224102930336
949.9000000000001,-51.17719816398371
950.0,-51.121451655573324
950.1,-51.06598318403357
950.2,-51.01079136264977
950.3000000000001,-50.95587481162352
950.4,-50.90123215803818
950.5,-50.84686203582456
950.6,-50.792763085726776
950.7,-50.73893395526826
950.8000000000001,-50.68537329871794
950.9000000000001,-50.63207977705663
951.0,-50.57905205794349
951.1,-50.526288815682804
951.2,-50.473788731190744
951.3000000000001,-50.42155049196248
951.4,-50.3695727920393
951.5,-50.31785433197601
951.6,-50.26639381880841
951.6999999999999,-50.215189966020986
951.8000000000001,-50.164241493514744
951.9000000000001,-50.11354712757524
952.0,-50.063105600840665
952.1,-50.01291565227024
952.2,-65.0
952.3000000000001,-65.0
952.4,-65.0
952.5,-65.0
952.6,-65.0
952.6999999999999,-65.0
952.8000000000001,-65.0
952.9000000000001,-65.0
953.0,-65.0
953.1,-65.0
953.2,-65.0
953.3000000000001,-65.0
953.4,-65.0
953.5,-65.0
953.6,-65.0
953.6999999999999,-65.0
953.8000000000001,-65.0
953.9000000000001,-65.0
954.0,-65.0
954.1,-65.0
954.2,-64.87531197981706
954.3000000000001,-64.75124584372918
954.4,-64.62779849007654
954.5,-64.50496683266887
954.6,-64.38274780070829
954.6999999999999,-64.2611383387127
954.8000000000001,-64.14013540643914
954.9000000000001,-64.01973597880806
955.0,-63.89993704582747
955.1,-63.780735612517816
955.2,-63.66212869883705
955.3000000000001,-63.54411333960616
955.4,-63.42668658443504
955.5,-63.309845497648645
955.6,-63.19358715821377
955.6999999999999,-63.07790865966584
955.8000000000001,-62.96280711003638
955.9000000000001,-62.848279631780635
956.0,-62.7343233617057
956.1,-62.620935450898905
956.2,-62.50811306465656
956.3000000000001,-62.39585338241312
956.4,-62.284153597670695
956.5,-62.17301091792885
956.6,-62.0624225646148
956.6999999999999,-61.952385773013944
956.8000000000001,-61.84289779220077
956.9000000000001,-61.73395588497005
957.0,-61.62555732776844
957.1,-61.517699410626356
957.2,-61.41037943709025
957.3000000000001,-61.30359472415519
957.4,-61.1973426021978
957.5,-61.09162041490949
957.6,-60.98642551923008
957.6999999999999,-60.881755285281706
957.8000000000001,-60.77760709630304
957.9000000000001,-60.673978348583965
958.0,-60.57086645140036
958.1,-60.46826882694944
958.2,-60.36618291028526
958.3000000000001,-60.26460614925457
958.4,-60.16353600443307
958.5,-60.06296994906186
958.6,-59.96290546898432
958.6999999999999,-59.86334006258324
958.8000000000001,-59.76427124071828
958.9000000000001,-59.66569652666372
959.0,-59.567613456046594
959.1,-59.470019576785006
959.2,-59.372912449026906
959.3000000000001,-59.27628964508904
959.4,-59.180148749396274
959.5,-59.084487358421214
959.6,-58.9893030806241
959.6999999999999,-58.89459353639302
959.8000000000001,-58.80035635798445
959.9000000000001,-58.70658918946402
960.0,-58.61328968664762
960.1,-58.520455517042826
960.2,-58.428084359790574
960.3000000000001,-58.33617390560711
960.4,-58.2447218567263
960.5,-58.15372592684216
960.6,-58.06318384105168
960.6999999999999,-57.97309333579803
960.8000000000001,-57.883452158813874
960.9000000000001,-57.794258069065116
961.0,-57.70550883669487
961.1,-57.6172022429677
961.2,-57.52933608021417
961.3000000000001,-57.44190815177564
961.4,-57.354916271949335
961.5,-57.26835826593373
961.6,-57.18223196977417
961.6999999999999,-57.09653523030876
961.8000000000001,-57.011265905114556
961.9000000000001,-56.92642186245398
962.0000000000001,-56.84200098122155
962.1,-56.75800115089084
962.2,-56.67442027146171
962.3000000000001,-56.59125625340784
962.4,-56.50850701762443
962.5,-56.42617049537627
962.6,-56.34424462824603
962.6999999999999,-56.262727368082764
962.8000000000001,-56.18161667695071
962.9000000000001,-56.10091052707838
963.0000000000001,-56.02060690080781
963.1,-55.94070379054418
963.2,-55.86119919870555
963.3000000000001,-55.78209113767299
963.4,-55.70337762974087
963.5,-55.625056707067365
963.6,-55.54712641162535
963.6999999999999,-55.46958479515336
963.8000000000001,-55.39242991910697
963.9000000000001,-55.315659854610246
964.0000000000001,-55.239272682407574
964.1,-55.16326649281568
964.2,-55.08763938567585
964.3000000000001,-55.01238947030649
964.4,-54.937514865455775
964.5,-54.863013699254694
964.6,-54.78888410917022
964.6999999999999,-54.71512424195872
964.8,-54.641732253619686
964.9000000000001,-54.56870630934958
965.0000000000001,-54.496044583496
965.1,-54.42374525951201
965.2,-54.35180652991074
965.3000000000001,-54.28022659622021
965.4,-54.20900366893835
965.5,-54.13813596748827
965.6,-54.067621720173726
965.6999999999999,-53.99745916413488
965.8,-53.92764654530418
965.9000000000001,-53.85818211836251
966.0000000000001,-53.789064146695566
966.1,-53.720290902350484
966.2,-53.65186066599255
966.3000000000001,-53.58377172686232
966.4,-53.516022382732736
966.5,-53.44861093986668
966.6,-53.381535712974575
966.6999999999999,-53.31479502517225
966.8,-53.24838720793903
966.9000000000001,-53.18231060107603
967.0000000000001,-53.116563552664644
967.1,-53.05114441902522
967.2,-52.98605156467602
967.3000000000001,-52.9212833622923
967.4,-52.85683819266561
967.5,-52.79271444466338
967.6,-52.728910515188545
967.6999999999999,-52.66542480913956
967.8,-52.602255739370456
967.9000000000001,-52.5394017266512
968.0000000000001,-52.47686119962822
968.1,-52.414632594785054
968.2,-52.35271435640336
968.3000000000001,-52.29110493652394
968.4,-52.2298027949081
968.5,-52.1688063989991
968.6,-52.108114223883874
968.6999999999999,-52.04772475225487
968.8,-51.98763647437216
968.9000000000001,-51.927847888025674
969.0000000000001,-51.86835749849762
969.1,-51.80916381852518
969.2,-51.75026536826326
969.3000000000001,-51.69166067524754
969.4,-51.633348274357644
969.5,-51.57532670778051
969.6,-51.51759452497395
969.6999999999999,-51.460150282630394
969.8,-51.40299254464078
969.9000000000001,-51.3461198820587
970.0000000000001,-51.28953087306461
970.1,-51.233224102930336
970.2,-51.17719816398371
970.3000000000001,-51.121451655573324
970.4,-51.06598318403357
970.5,-51.01079136264977
970.6,-50.95587481162352
970.6999999999999,-50.90123215803818
970.8,-50.84686203582456
970.9000000000001,-50.792763085726776
971.0000000000001,-50.73893395526826
971.1,-50.68537329871794
971.2,-50.63207977705663
971.3000000000001,-50.57905205794349
971.4,-50.526288815682804
971.5,-50.473788731190744
971.6,-50.42155049196248
971.6999999999999,-50.3695727920393
971.8,-50.31785433197601
971.9000000000001,-50.26639381880841
972.0000000000001,-50.215189966020986
972.1,-50.164241493514744
972.2,-50.11354712757524
972.3000000000001,-50.063105600840665
972.4,-50.01291565227024
972.5,-65.0
972.6,-65.0
972.7,-65.0
972.8,-65.0
972.9000000000001,-65.0
973.0000000000001,-65.0
973.1,-65.0
973.2,-65.0
973.3000000000001,-65.0
973.4,-65.0
973.5,-65.0
973.6,-65.0
973.7,-65.0
973.8,-65.0
973.9000000000001,-65.0
974.0000000000001,-65.0
974.1,-65.0
974.2,-65.0
974.3000000000001,-65.0
974.4,-65.0
974.5,-64.87531197981706
974.6,-64.75124584372918
974.7,-64.62779849007654
974.8,-64.50496683266887
974.9000000000001,-64.38274780070829
975.0000000000001,-64.2611383387127
975.1,-64.14013540643914
975.2,-64.01973597880806
975.3000000000001,-63.89993704582747
975.4,-63.780735612517816
975.5,-63.66212869883705
975.6,-63.54411333960616
975.7,-63.42668658443504
975.8,-63.309845497648645
975.9000000000001,-63.19358715821377
976.0000000000001,-63.07790865966584
976.1,-62.96280711003638
976.2,-62.848279631780635
976.3000000000001,-62.7343233617057
976.4,-62.620935450898905
976.5,-62.50811306465656
976.6,-62.39585338241312
976.7,-62.284153597670695
976.8,-62.17301091792885
976.9000000000001,-62.0624225646148
977.0000000000001,-61.952385773013944
977.1,-61.84289779220077
977.2,-61.73395588497005
977.3000000000001,-61.62555732776844
977.4,-61.517699410626356
977.5,-61.41037943709025
977.6,-61.30359472415519
977.7,-61.1973426021978
977.8,-61.09162041490949
977.9,-60.98642551923008
978.0000000000001,-60.881755285281706
978.1,-60.77760709630304
978.2,-60.673978348583965
978.3000000000001,-60.57086645140036
978.4,-60.46826882694944
978.5,-60.36618291028526
978.6,-60.26460614925457
978.7,-60.16353600443307
978.8,-60.06296994906186
978.9,-59.96290546898432
979.0000000000001,-59.86334006258324
979.1,-59.76427124071828
979.2,-59.66569652666372
979.3000000000001,-59.567613456046594
979.4,-59.470019576785006
979.5,-59.372912449026906
979.6,-59.27628964508904
979.7,-59.180148749396274
979.8,-59.084487358421214
979.9,-58.9893030806241
980.0000000000001,-58.89459353639302
980.1,-58.80035635798445
980.2,-58.70658918946402
980.3000000000001,-58.61328968664762
980.4,-58.520455517042826
980.5,-58.428084359790574
980.6,-58.33617390560711
980.7,-58.2447218567263
980.8,-58.15372592684216
980.9,-58.06318384105168
981.0000000000001,-57.97309333579803
981.1,-57.883452158813874
981.2,-57.794258069065116
981.3000000000001,-57.70550883669487
981.4,-57.6172022429677
981.5,-57.52933608021417
981.6,-57.44190815177564
981.7,-57.354916271949335
981.8,-57.26835826593373
981.9,-57.18223196977417
982.0000000000001,-57.09653523030876
982.1,-57.011265905114556
982.2,-56.92642186245398
982.3000000000001,-56.84200098122155
982.4,-56.75800115089084
982.5,-56.67442027146171
982.6,-56.59125625340784
982.7,-56.50850701762443
982.8,-56.42617049537627
982.9,-56.34424462824603
983.0000000000001,-56.262727368082764
983.1,-56.18161667695071
983.2,-56.10091052707838
983.3000000000001,-56.02060690080781
983.4,-55.94070379054418
983.5,-55.86119919870555
983.6,-55.78209113767299
983.7,-55.70337762974087
983.8,-55.625056707067365
983.9,-55.54712641162535
984.0000000000001,-55.46958479515336
984.1,-55.39242991910697
984.2,-55.315659854610246
984.3000000000001,-55.239272682407574
984.4,-55.16326649281568
984.5,-55.08763938567585
984.6,-55.01238947030649
984.7,-54.937514865455775
984.8,-54.863013699254694
984.9,-54.78888410917022
985.0000000000001,-54.71512424195872
985.1,-54.641732253619686
985.2,-54.56870630934958
985.3000000000001,-54.496044583496
985.4,-54.42374525951201
985.5,-54.35180652991074
985.6,-54.28022659622021
985.7,-54.20900366893835
985.8,-54.13813596748827
985.9,-54.067621720173726
986.0000000000001,-53.99745916413488
986.1,-53.92764654530418
986.2,-53.85818211836251
986.3000000000001,-53.789064146695566
986.4,-53.720290902350484
986.5,-53.65186066599255
986.6,-53.58377172686232
986.7,-53.516022382732736
986.8,-53.44861093986668
986.9,-53.381535712974575
987.0000000000001,-53.31479502517225
987.1,-53.24838720793903
987.2,-53.18231060107603
987.3000000000001,-53.116563552664644
987.4000000000001,-53.05114441902522
987.5,-52.98605156467602
987.6,-52.9212833622923
987.7,-52.85683819266561
987.8,-52.79271444466338
987.9,-52.728910515188545
988.0000000000001,-52.66542480913956
988.1,-52.602255739370456
988.2,-52.5394017266512
988.3000000000001,-52.47686119962822
988.4000000000001,-52.414632594785054
988.5,-52.35271435640336
988.6,-52.29110493652394
988.7,-52.2298027949081
988.8,-52.1688063989991
988.9,-52.108114223883874
989.0000000000001,-52.04772475225487
989.1,-51.98763647437216
989.2,-51.927847888025674
989.3000000000001,-51.86835749849762
989.4000000000001,-51.80916381852518
989.5,-51.75026536826326
989.6,-51.69166067524754
989.7,-51.633348274357644
989.8,-51.57532670778051
989.9,-51.51759452497395
990.0000000000001,-51.460150282630394
990.1,-51.40299254464078
990.2,-51.3461198820587
990.3000000000001,-51.28953087306461
990.4000000000001,-51.233224102930336
990.5,-51.17719816398371
990.6,-51.121451655573324
990.7,-51.06598318403357
990.8,-51.01079136264977
990.9,-50.95587481162352
991.0,-50.90123215803818
991.1,-50.84686203582456
991.2,-50.792763085726776
991.3000000000001,-50.73893395526826
991.4000000000001,-50.68537329871794
991.5,-50.63207977705663
991.6,-50.57905205794349
991.7,-50.526288815682804
991.8,-50.473788731190744
991.9,-50.42155049196248
992.0,-50.3695727920393
992.1,-50.31785433197601
992.2,-50.26639381880841
992.3000000000001,-50.215189966020986
992.4000000000001,-50.164241493514744
992.5,-50.11354712757524
992.6,-50.063105600840665
992.7,-50.01291565227024
992.8,-65.0
992.9,-65.0
993.0,-65.0
993.1,-65.0
993.2,-65.0
993.3000000000001,-65.0
993.4000000000001,-65.0
993.5,-65.0
993.6,-65.0
993.7,-65.0
993.8,-65.0
993.9,-65.0
994.0,-65.0
994.1,-65.0
994.2,-65.0
994.3000000000001,-65.0
994.4000000000001,-65.0
994.5,-65.0
994.6,-65.0
994.7,-65.0
994.8,-64.87531197981706
994.9,-64.75124584372918
995.0,-64.62779849007654
995.1,-64.50496683266887
995.2,-64.38274780070829
995.3000000000001,-64.2611383387127
995.4000000000001,-64.14013540643914
995.5,-64.01973597880806
995.6,-63.89993704582747
995.7,-63.780735612517816
995.8,-63.66212869883705
995.9,-63.54411333960616
996.0,-63.42668658443504
996.1,-63.309845497648645
996.2,-63.19358715821377
996.3000000000001,-63.07790865966584
996.4000000000001,-62.96280711003638
996.5,-62.848279631780635
996.6,-62.7343233617057
996.7,-62.620935450898905
996.8,-62.50811306465656
996.9,-62.39585338241312
997.0,-62.284153597670695
997.1,-62.17301091792885
997.2,-62.0624225646148
997.3000000000001,-61.952385773013944
997.4000000000001,-61.84289779220077
997.5,-61.73395588497005
997.6,-61.62555732776844
997.7,-61.517699410626356
997.8,-61.41037943709025
997.9,-61.30359472415519
998.0,-61.1973426021978
998.1,-61.09162041490949
998.2,-60.98642551923008
998.3000000000001,-60.881755285281706
998.4000000000001,-60.77760709630304
998.5,-60.673978348583965
998.6,-60.57086645140036
998.7,-60.46826882694944
998.8,-60.36618291028526
998.9,-60.26460614925457
999.0,-60.16353600443307
999.1,-60.06296994906186
999.2,-59.96290546898432
999.3000000000001,-59.86334006258324
999.4000000000001,-59.76427124071828
999.5,-59.66569652666372
999.6,-59.567613456046594
999.7,-59.470019576785006
999.8,-59.372912449026906
999.9,-59.27628964508904
